<?xml version="1.0" encoding="utf-8"?>
<COLLADA xmlns="http://www.collada.org/2005/11/COLLADASchema" version="1.4.1" xmlns:xsi="http://www.w3.org/2001/XMLSchema-instance">
  <asset>
    <contributor>
      <author>Blender User</author>
      <authoring_tool>Blender 2.79.0 commit date:2018-03-22, commit time:14:10, hash:f4dc9f9d68b</authoring_tool>
    </contributor>
    <created>2022-10-04T15:03:03</created>
    <modified>2022-10-04T15:03:03</modified>
    <unit name="meter" meter="1"/>
    <up_axis>Z_UP</up_axis>
  </asset>
  <library_images/>
  <library_effects>
    <effect id="Destroyer_A-effect">
      <profile_COMMON>
        <technique sid="common">
          <phong>
            <emission>
              <color sid="emission">0 0 0 1</color>
            </emission>
            <ambient>
              <color sid="ambient">0 0 0 1</color>
            </ambient>
            <diffuse>
              <color sid="diffuse">0.64 0.64 0.64 1</color>
            </diffuse>
            <specular>
              <color sid="specular">0.5 0.5 0.5 1</color>
            </specular>
            <shininess>
              <float sid="shininess">50</float>
            </shininess>
            <index_of_refraction>
              <float sid="index_of_refraction">1</float>
            </index_of_refraction>
          </phong>
        </technique>
      </profile_COMMON>
    </effect>
  </library_effects>
  <library_materials>
    <material id="Destroyer_A-material" name="Destroyer_A">
      <instance_effect url="#Destroyer_A-effect"/>
    </material>
  </library_materials>
  <library_geometries>
    <geometry id="Trillarian_Destroyer_A001_0-mesh" name="Trillarian_Destroyer_A001_0">
      <mesh>
        <source id="Trillarian_Destroyer_A001_0-mesh-positions">
          <float_array id="Trillarian_Destroyer_A001_0-mesh-positions-array" count="11181">-0.9634883 9.38418 4.869672 -0.9975638 9.105497 4.880911 -0.5552189 9.38418 5.277925 -0.5748911 9.105497 5.303574 -5.96718e-7 9.105497 5.457641 -6.21081e-7 9.38418 5.426721 -1.152272 9.105497 4.303534 -1.112925 9.38418 4.311972 -0.9975644 9.105497 3.726141 -0.9634886 9.38418 3.754275 -0.5748928 9.105497 3.303479 -0.5552192 9.38418 3.345996 -0.4975381 9.662685 5.185901 -0.863582 9.662685 4.819846 -6.45429e-7 9.662685 5.319221 -0.8635826 9.662685 3.819807 -0.4975384 9.662685 3.453727 -0.9975642 9.662685 4.319828 -0.4057817 9.901842 5.033707 -0.7046566 9.901842 4.734838 -6.66336e-7 9.901842 5.142442 -0.7046566 9.901842 3.918294 -0.405782 9.901842 3.619416 -0.8140514 9.901842 4.326561 -0.3918704 10.08536 4.726095 -6.8238e-7 10.08536 4.908457 -0.3918701 10.08536 3.937377 -0.5748925 10.08536 4.331727 -0.2016471 10.20072 4.539108 -6.92465e-7 10.20072 4.633181 -0.2963867 10.20072 4.334989 -0.2016472 10.20072 4.13088 -6.95867e-7 10.23963 4.336083 -6.92465e-7 10.20072 4.036784 -6.8238e-7 10.08536 3.755037 -6.66336e-7 9.901842 3.510679 -6.45429e-7 9.662685 3.320435 -6.21081e-7 9.38418 3.197212 -5.96718e-7 9.105497 3.149425 -0.5748928 9.105497 3.303479 -5.96718e-7 9.105497 3.149425 -0.623035 9.128265 3.220465 -5.98708e-7 9.128265 3.053508 -0.9975644 9.105497 3.726141 -1.080999 9.128265 3.678331 -1.152272 9.105497 4.303534 -1.24869 9.128265 4.303902 -5.95514e-7 9.091732 3.030114 -0.6364352 9.091593 3.200745 -5.7517e-7 8.859019 3.114884 -0.5871497 8.859019 3.272238 -1.104036 9.091213 3.668552 -1.018793 8.859019 3.703864 -1.27958 8.904462 4.270233 -1.287259 9.088523 4.298049 -4.62758e-7 7.573173 3.72977 -0.3556985 7.573173 3.825075 -3.70685e-7 6.519987 3.963675 -0.2543098 6.519987 4.031831 -0.2356665 5.714072 4.052713 -0.4229873 6.038013 4.224145 -0.4422989 6.519984 4.21981 -2.85167e-7 5.541766 3.995101 -0.6179081 7.573169 4.087283 -0.8019727 7.599409 4.445094 -0.4964191 6.504014 4.490337 -0.711668 7.659396 4.682238 -1.152272 9.105497 4.303534 -1.24869 9.128265 4.303902 -0.9975638 9.105497 4.880911 -1.157169 9.128265 4.655716 -1.057294 9.128265 4.940445 -0.5748911 9.105497 5.303574 -0.623214 9.128265 5.413905 -5.96718e-7 9.105497 5.457641 -5.98708e-7 9.128265 5.586857 -1.287259 9.088523 4.298049 -1.191965 9.091843 4.659913 -1.27958 8.904462 4.270233 -0.4864817 -3.715106 0.9718856 5.24093e-7 -3.715084 0.4304284 -0.2236621 -3.715106 1.123625 5.24095e-7 -3.715106 1.16316 -0.6337283 -3.715106 0.7963311 -0.71214 -3.715106 0.5810343 -0.71214 -3.715106 0.2775563 -0.6345468 -3.715106 0.06409102 -0.4884771 -3.715106 -0.109839 -0.2256574 -3.715106 -0.2615777 5.24095e-7 -3.715106 -0.3013195 -1.219861 -4.30343 1.134735 -1.072847 -4.07589 1.049856 -1.037708 -4.30343 1.389016 -0.8200762 -4.07589 1.353767 -0.8202476 -4.30343 1.584836 -0.5668312 -4.30343 1.731163 -0.377388 -4.07589 1.609379 -0.2885313 -4.30343 1.821582 5.55636e-7 -4.07589 1.676044 5.75528e-7 -4.30343 1.851904 -0.4864817 -3.715106 0.9718856 -0.2236621 -3.715106 1.123625 5.24095e-7 -3.715106 1.16316 -0.6337283 -3.715106 0.7963311 -1.348999 -4.30343 0.8498456 -1.209656 -4.07589 0.6789948 -1.409853 -4.30343 0.5636088 -1.409868 -4.30343 0.2709802 -1.209678 -4.07589 0.1678099 -1.349023 -4.30343 -0.01524382 -1.078717 -4.07589 -0.1923509 -1.231017 -4.30343 -0.280281 -1.060491 -4.30343 -0.5149964 -0.832289 -4.07589 -0.4858465 -0.8430362 -4.30343 -0.7108015 -0.3895792 -4.07589 -0.7414198 -0.5896046 -4.30343 -0.8571028 -0.311289 -4.30343 -0.9475194 5.55636e-7 -4.07589 -0.8083701 5.75528e-7 -4.30343 -0.9781272 -0.2256574 -3.715106 -0.2615777 -0.4884771 -3.715106 -0.109839 -0.6345468 -3.715106 0.06409102 5.24095e-7 -3.715106 -0.3013195 -0.71214 -3.715106 0.2775563 -0.71214 -3.715106 0.5810343 -0.364726 9.0164 5.797969 -0.7291939 9.016613 5.636922 -0.4116489 7.777469 5.64268 -0.8232996 7.70729 5.456737 -0.4513739 7.034036 5.548252 -0.8880324 6.934274 5.365554 -4.84556e-7 7.822514 5.702237 -5.88915e-7 9.016239 5.83287 -0.9965837 9.016587 5.434968 -1.120392 7.662272 5.270056 -1.263781 9.016571 5.106684 -1.417485 7.59212 4.956985 -1.196924 6.847092 5.171775 -1.505816 6.731424 4.870959 -4.21856e-7 7.105315 5.623909 -1.576528 7.432424 4.492117 -1.65941 6.607567 4.3589 -1.636653 7.272724 4.027243 -1.502021 8.644587 4.340904 -1.397652 9.016038 4.749644 -1.714085 6.483707 3.846844 -0.9655385 9.086762 5.409129 -1.210667 9.092678 5.071793 -1.057294 9.128265 4.940445 -0.623214 9.128265 5.413905 -1.331497 9.092687 4.74119 -1.191965 9.091843 4.659913 -1.27958 8.904462 4.270233 -1.450915 8.747551 4.33736 -0.6996297 9.091502 5.588378 -0.3528297 9.086372 5.763206 -5.98708e-7 9.128265 5.586857 -5.95494e-7 9.091499 5.777349 -1.826308 6.469147 4.306661 -1.901812 6.336626 3.712766 -1.727957 4.841486 4.087345 -1.881152 4.584194 3.309259 -2.004307 5.659323 3.185842 -2.106802 4.564544 2.658919 -1.419273 5.115852 4.705301 -1.6559 6.610697 4.877958 -1.157497 5.240347 4.992562 -1.311379 6.744712 5.20527 -0.8598215 5.334465 5.192825 -0.9654269 6.850429 5.426392 -0.4299099 5.444261 5.374012 -0.4827102 6.958871 5.621482 -2.82093e-7 5.506608 5.42881 -4.13509e-7 7.009833 5.697363 -1.773492 6.557098 4.329652 -1.841953 6.391873 3.710857 -1.714085 6.483707 3.846844 -1.65941 6.607567 4.3589 -1.606245 6.694805 4.879876 -1.505816 6.731424 4.870959 -1.260472 6.826199 5.194044 -1.196924 6.847092 5.171775 -0.9225339 6.92535 5.395302 -0.8880324 6.934274 5.365554 -0.461424 7.030305 5.573279 -0.4513739 7.034036 5.548252 -4.21856e-7 7.105315 5.623909 -4.21745e-7 7.104038 5.656829 -0.7541946 5.950719 4.089046 -0.8808255 5.066019 3.4647 -1.201592 5.826892 3.640574 -1.342438 4.789408 2.976958 -0.4229873 6.038013 4.224145 -0.2356665 5.714072 4.052713 -2.85167e-7 5.541766 3.995101 -2.43575e-7 5.066019 3.669953 -1.684932 5.68953 2.994637 -1.848488 4.564544 2.483402 -0.6747471 6.505772 4.480756 -0.4964191 6.504014 4.490337 -0.711668 7.659396 4.682238 -1.169982 7.623526 4.46305 -1.105388 6.535536 4.093851 -1.491516 7.47032 3.894212 -1.495463 6.521971 3.687253 -1.521376 6.39704 3.505872 -1.27958 8.904462 4.270233 -0.4847358 4.541157 2.069112 -0.9337807 4.541158 1.883677 -0.5229116 4.236299 2.202668 -1.007322 4.236299 2.00247 -0.8042541 4.825238 1.66735 -0.4174972 4.825238 1.826476 -0.6332902 5.069189 1.378119 -0.3287478 5.069189 1.502421 -0.4346368 5.256371 1.039307 -1.97691e-7 4.541156 2.133891 -1.71039e-7 4.2363 2.272377 -0.5536118 4.10759 2.313453 -1.59787e-7 4.107591 2.386982 -2.22526e-7 4.825238 1.882811 -2.43853e-7 5.069189 1.547793 -1.066462 4.10759 2.101278 -1.454459 4.10759 1.817892 -1.371785 4.236299 1.736586 -1.635233 4.2363 1.37455 -1.513331 4.541156 1.30417 -1.270325 4.541157 1.63839 -1.294048 4.825238 1.177566 -1.089257 4.825238 1.460367 -1.002291 5.069189 1.00912 -0.8490511 5.069189 1.222786 -0.6615534 5.256371 0.8123953 -1.735359 4.107589 1.432357 -0.2762746 5.374044 0.5899546 -2.70504e-7 5.374043 0.7292888 -2.7285e-7 5.400886 0.4304412 -2.60217e-7 5.256371 1.155783 -0.2588043 5.374043 0.2810268 -2.70504e-7 5.374044 0.1114333 -0.3099693 5.256371 -0.2503885 -2.60217e-7 5.256371 -0.3334484 -0.6281594 5.256371 0.06777948 -0.7639821 5.069189 -0.3902434 -0.5040625 5.069189 -0.5918338 -1.000247 4.825238 -0.6291297 -0.6690615 4.825238 -0.8845083 -1.176757 4.541157 -0.8086788 -0.7916435 4.541158 -1.104845 -1.273332 4.236299 -0.9085185 -0.8577508 4.236299 -1.22793 -1.475226 4.541156 -0.4212749 -1.595158 4.2363 -0.4905176 -1.353924 4.10759 -0.9904977 -1.694409 4.107591 -0.5478205 -1.257784 4.825238 -0.295735 -0.9676496 5.069189 -0.1282253 -0.9137507 4.10759 -1.328551 -0.4743323 4.10759 -1.522873 -0.4452557 4.236299 -1.410623 -1.71039e-7 4.2363 -1.457757 -1.97691e-7 4.541156 -1.316996 -0.4109451 4.541157 -1.273658 -2.22526e-7 4.825238 -1.06379 -0.3473079 4.825238 -1.027836 -2.43853e-7 5.069189 -0.7268986 -0.2616595 5.069189 -0.7010214 -1.59787e-7 4.107589 -1.573372 -1.841859 4.431484 1.9878 -1.37745 4.497879 2.432533 -1.543764 4.275897 1.908985 -1.128331 4.275897 2.213159 -1.845521 4.275897 1.495959 -1.735359 4.107589 1.432357 -1.454459 4.10759 1.817892 -2.086906 4.422605 1.635323 -0.739937 4.523134 2.723731 -0.5857287 4.275897 2.438241 -1.066462 4.10759 2.101278 -0.5536118 4.10759 2.313453 -1.96115e-7 4.523134 2.809747 -1.74501e-7 4.275897 2.515488 -1.59787e-7 4.107591 2.386982 -0.8808255 5.066019 3.4647 -1.96115e-7 4.523134 2.809747 -2.43575e-7 5.066019 3.669953 -1.37745 4.497879 2.432533 -1.342438 4.789408 2.976958 -1.848488 4.564544 2.483402 -2.061131 4.564544 2.172794 -1.841859 4.431484 1.9878 -2.314583 4.564544 1.766773 -1.636653 7.272724 4.027243 -1.502021 8.644587 4.340904 -1.491516 7.47032 3.894212 -1.27958 8.904462 4.270233 -1.450915 8.747551 4.33736 -1.495463 6.521971 3.687253 -1.714085 6.483707 3.846844 -1.881152 4.584194 3.309259 -2.195109 4.414112 2.763577 -1.937725 4.50713 3.377434 -2.279647 4.318543 2.82939 -1.727957 4.841486 4.087345 -1.781788 4.761833 4.181802 -2.672444 4.147298 2.663714 -2.106802 4.564544 2.658919 -2.359251 4.564544 2.414176 -2.657569 4.564447 1.964795 -2.982108 4.144667 2.152168 -2.724533 4.030459 2.703034 -3.042044 4.022404 2.186772 -1.419273 5.115852 4.705301 -1.49497 5.022068 4.799657 -1.157497 5.240347 4.992562 -1.198113 5.165089 5.12597 -0.8598215 5.334465 5.192825 -0.8904457 5.265974 5.337328 -0.4299099 5.444261 5.374012 -0.4452344 5.377568 5.522275 -2.82093e-7 5.506608 5.42881 -2.764e-7 5.441484 5.581382 -0.8991469 5.177375 5.379362 -0.4495863 5.289996 5.564323 -0.4167822 4.038908 5.245777 -0.8335661 3.932565 5.089507 -0.3823626 2.726219 4.809274 0 2.771176 4.834843 -1.58586e-7 4.093849 5.288491 -0.7647269 2.625905 4.682977 -1.11819 3.811967 4.873639 -1.021969 2.489044 4.465504 -1.402815 3.639966 4.544215 -1.520725 4.921246 4.825282 -1.209917 5.073092 5.165213 -1.24491 2.322456 4.189731 -2.68845e-7 5.355065 5.623541 -1.609287 3.510564 3.925733 -1.464776 2.296877 3.52283 -1.810225 3.381163 3.230266 -1.560091 2.296929 2.979022 -1.959311 4.403345 3.403819 -2.313017 4.212758 2.858308 -2.246479 3.004828 2.854512 -1.797245 4.663288 4.211267 -2.161554 1.90476 2.765022 -2.721529 2.93676 2.680563 -2.605096 1.714218 2.453303 -3.010958 2.871622 2.168825 -2.904893 1.649343 2.107588 -3.083651 3.862625 2.210794 -2.764434 3.871043 2.729477 -3.054392 1.714218 1.675098 -3.309422 2.93676 1.662302 -3.373236 3.871043 1.675002 -3.102578 1.90476 1.13512 -3.222541 3.004828 1.163923 -2.987176 2.296929 0.5072386 -3.329825 3.381163 0.598239 -3.410472 2.296877 0.1527892 -3.83165 3.510564 0.07648688 -3.259098 4.212757 1.219648 -3.554672 4.403344 0.6405749 -4.172908 4.663288 0.09649741 -3.878092 2.322456 -0.3710716 -4.264035 3.639966 -0.4115631 -4.005443 2.489044 -0.702029 -4.407011 3.811966 -0.8227674 -4.566402 4.921245 -0.4499855 -4.705387 5.073091 -0.8891182 -4.065161 2.625905 -1.033545 -4.451646 3.932564 -1.177193 -3.983355 2.726219 -1.42783 -4.378587 4.038908 -1.616274 -4.735459 5.177375 -1.265326 -4.67086 5.289995 -1.747138 -3.814318 2.771175 -1.771752 -4.207188 4.093848 -1.998575 -3.961806 4.038908 -2.338163 -3.600993 2.726219 -2.090103 -3.618078 3.932565 -2.620973 -3.836311 5.177375 -2.822695 -4.221275 5.289995 -2.525846 -3.300436 2.625905 -2.358092 -3.288819 3.811967 -2.759531 -2.983474 2.489044 -2.472133 -2.861218 3.639966 -2.84131 -3.045676 4.921245 -3.083957 -3.49547 5.073091 -2.984757 -2.63318 2.322456 -2.527321 -4.497349 5.355065 -2.1661 -2.222362 3.510564 -2.71088 -1.945692 2.296877 -2.384279 -1.5196 3.381163 -2.537163 -1.427083 2.296929 -2.194919 -1.595359 4.403345 -2.753053 -0.946079 4.212758 -2.786615 -0.9760602 3.004829 -2.727093 -2.375661 4.663288 -3.016422 -0.9410223 1.90476 -2.608801 -0.5878917 2.936761 -3.051523 -0.449295 1.714218 -2.83706 0 2.871622 -3.046308 0 1.649343 -2.923834 -1.38371e-7 3.862625 -3.130245 -0.6087997 3.871043 -3.11314 -1.583302 4.50713 -2.721166 -0.9377207 4.318543 -2.743257 -0.9229938 4.414112 -2.637138 -1.552546 4.584194 -2.638084 -2.302987 4.841486 -2.894458 -2.357873 4.761833 -2.988304 -0.5978421 4.147298 -3.000591 -0.8765107 4.564544 -2.508332 -0.5383325 4.564544 -2.604588 -1.99727e-7 4.564447 -2.638248 -1.63028e-7 4.144668 -3.012994 -0.6058496 4.030459 -3.065361 -1.5234e-7 4.022405 -3.082203 -2.992494 5.115851 -2.936108 -3.036359 5.022068 -3.04884 -3.372159 5.240346 -2.853032 -3.467385 5.165088 -2.954911 -3.694429 5.334465 -2.695371 -3.804261 5.265973 -2.794144 -4.066298 5.444261 -2.413649 -4.187035 5.377568 -2.501052 -4.32871 5.506608 -2.068734 -4.460839 5.441483 -2.145022 -4.632268 5.377568 -1.729882 -4.496206 5.444261 -1.669022 -4.694705 5.265973 -1.251845 -4.554252 5.334465 -1.206116 -4.665497 5.165088 -0.8797181 -4.529655 5.240346 -0.8481884 -4.53133 5.022068 -0.4594753 -4.411769 5.115851 -0.4778538 -4.139663 4.761833 0.09784334 -4.030947 4.841486 0.09845262 -3.52103 4.50713 0.6350728 -3.4337 4.584193 0.6201667 -3.118105 4.414112 1.164902 -3.21737 4.318542 1.205208 -3.270287 4.147297 1.628218 -2.983314 4.564543 1.140755 -2.897585 4.564543 1.481754 -3.330384 4.030459 1.653669 -0.2297523 -1.700418 3.149346 -0.4595061 -1.792987 3.067638 -0.2375338 -1.799888 3.23676 -0.4750534 -1.892394 3.153182 3.46564e-7 -1.684387 3.117206 3.55275e-7 -1.784027 3.206591 -0.6047652 -1.915392 2.939134 -0.6257029 -2.015752 3.019951 -0.7800658 -2.114334 2.75534 -0.8063877 -2.215732 2.83152 -0.9911161 -2.392807 2.613101 -0.9569725 -2.296414 2.541068 -1.152167 -2.485172 2.38945 -1.110149 -2.395086 2.32117 -1.492843 -2.559318 2.231356 -1.553787 -2.65398 2.297678 -1.851687 -2.734534 1.944537 -1.922944 -2.830601 2.001285 -2.066792 -2.827465 1.623711 -2.148679 -2.925256 1.670988 -0.8085098 -2.284206 2.840559 -0.6260054 -2.08351 3.029895 -0.7154965 -2.769572 2.780955 -0.9943686 -2.460988 2.623001 -0.9198458 -2.871367 2.57296 -1.927696 -2.894277 2.006554 -1.562076 -2.719478 2.30443 -1.374996 -3.325508 2.060328 -0.9656621 -3.305391 2.106274 -1.159637 -2.55273 2.399239 -0.8956645 -4.228075 1.813132 -1.08222 -4.228164 1.67979 -1.647039 -3.404129 1.807709 -2.152835 -2.987066 1.673388 -1.850514 -3.482745 1.498843 -1.281011 -4.228184 1.511332 -1.460428 -4.228203 1.273626 -0.7278039 -3.676429 2.07484 -0.6388011 -4.227455 1.927075 -0.3098729 -4.236066 2.047405 -0.3631497 -3.896247 2.202896 5.6994e-7 -4.239515 2.098906 5.40875e-7 -3.90705 2.274579 -2.016263 -3.404129 1.168195 -2.328797 -2.894277 1.311828 -2.099016 -3.325508 0.8062892 -1.623072 -4.228164 0.743007 -1.645272 -4.228075 0.5147737 -1.934139 -3.305391 0.4288222 -2.403955 -2.719478 0.8462538 -2.284842 -2.55273 0.4503276 -1.576579 -4.228184 0.9993935 -1.787988 -3.676429 0.238548 -1.615518 -4.227455 0.235352 -1.555263 -4.236066 -0.1096734 -1.71656 -3.896247 -0.1412797 -1.444927 -4.239515 -0.4037825 -1.597064 -3.90705 -0.4916186 -1.35341 -3.896247 -0.770275 -1.245389 -4.236066 -0.6463905 -1.060183 -3.676429 -1.022046 -0.9767156 -4.227455 -0.871085 -0.7496067 -4.228075 -1.036564 -0.9684756 -3.305391 -1.243754 -0.7240182 -3.325508 -1.575275 -0.8418772 -2.719478 -1.859342 -1.125203 -2.55273 -1.558225 -0.5408503 -4.228164 -1.131455 -0.3692226 -3.404128 -1.684562 -0.2955666 -4.228184 -1.219384 -0.4010986 -2.894277 -2.02704 4.60447e-7 -2.987066 -2.055433 5.03781e-7 -3.482745 -1.706343 5.68951e-7 -4.228203 -1.25591 -0.8401739 -2.65398 -1.848788 -0.3989111 -2.830601 -2.02029 -0.3853943 -2.734534 -1.930206 4.46495e-7 -2.827464 -1.956079 4.55044e-7 -2.925256 -2.050633 -0.8132095 -2.559318 -1.762848 -1.120461 -2.485172 -1.54686 -1.082338 -2.395086 -1.476332 -1.349363 -2.296414 -1.453626 -1.394674 -2.392807 -1.519213 -1.623382 -2.114335 -1.407557 -1.676195 -2.215732 -1.468442 -1.929723 -2.015752 -1.40618 -1.870203 -1.915392 -1.347639 -2.120429 -1.892394 -1.342329 -2.054119 -1.792987 -1.286093 -2.31157 -1.799888 -1.17842 -2.239757 -1.700418 -1.127974 -2.3268 -1.684387 -0.9129321 -2.40421 -1.784027 -0.957625 -2.131001 -1.959085 -1.345324 -2.320783 -1.866388 -1.182518 -2.125912 -2.504872 -1.215889 -1.682961 -2.284206 -1.474799 -1.938184 -2.08351 -1.411414 -1.67785 -2.769573 -1.364446 -1.401621 -2.460989 -1.526979 -1.395545 -2.871367 -1.437419 -2.414085 -1.851109 -0.9633261 -1.58209 -3.237338 -1.201756 -1.940728 -3.213325 -0.9824749 -2.083878 -3.19577 -0.7726812 -2.339067 -2.447726 -0.9200148 -1.295219 -3.28756 -1.266221 -0.9684756 -3.305391 -1.243754 -1.125203 -2.55273 -1.558225 -1.060183 -3.676429 -1.022046 -1.324935 -3.488946 -1.143342 -1.35341 -3.896247 -0.770275 -1.535675 -3.618538 -0.980239 -1.597064 -3.90705 -0.4916186 -1.808374 -3.658138 -0.6136186 -1.989528 -3.618538 -0.1941446 -1.71656 -3.896247 -0.1412797 -2.025409 -3.488946 0.06991338 -1.787988 -3.676429 0.238548 -2.116967 -3.28756 0.1570882 -1.934139 -3.305391 0.4288222 -2.315393 -2.871367 0.1558012 -2.284842 -2.55273 0.4503276 -2.204574 -3.237338 -0.1235821 -2.393347 -2.769573 -0.1251682 -2.395991 -2.460989 0.1953191 -2.491472 -2.284206 -0.07441812 -2.56419 -2.08351 -0.3271396 -2.555427 -2.015752 -0.3224296 -2.482584 -2.215732 -0.07173639 -2.403449 -2.114335 -0.05644202 -2.474969 -1.915392 -0.3001539 -2.595484 -1.892394 -0.5195115 -2.513627 -1.792987 -0.4902037 -2.549105 -1.799888 -0.7669988 -2.469511 -1.700418 -0.73003 -2.3268 -1.684387 -0.9129321 -2.40421 -1.784027 -0.957625 -2.385792 -2.392807 0.1974523 -2.306337 -2.296415 0.2039 -2.272628 -2.485172 0.4487522 -2.192488 -2.395086 0.4465031 -2.306054 -2.559318 0.8228337 -2.393963 -2.65398 0.8424516 -2.237083 -2.734534 1.277011 -2.321857 -2.830601 1.310348 -2.603362 -1.959085 -0.5271695 -2.55726 -1.866388 -0.7729291 -2.488724 -2.504872 -0.5874802 -2.19399 -3.213325 -0.5438128 -0.3167323 0.381421 4.077268 -0.6334662 0.2800306 3.968293 -0.3246274 0.3084925 4.159685 -0.6492917 0.2064003 4.049843 1.63416e-7 0.4105736 4.072351 1.6975e-7 0.3381267 4.155885 -0.8395941 0.1576828 3.789284 -0.8605209 0.07659018 3.865171 -1.017865 -0.01060557 3.535968 -1.063431 -0.1198603 3.582168 -1.299869 -0.1706892 3.169528 -1.266842 -0.08204203 3.104668 -1.428933 -0.2157064 2.772459 -1.389044 -0.1271811 2.712951 -1.87369 -0.5193403 2.559412 -1.931436 -0.6280255 2.617654 -2.282843 -0.7242226 2.247547 -2.348067 -0.8386855 2.297791 -2.548252 -0.8034377 1.901681 -2.621264 -0.9240457 1.943835 -1.076184 -0.2325124 3.581188 -0.8643726 -0.02667474 3.882208 -0.7385302 -0.9422138 3.474637 -0.9181287 -1.144433 3.202171 -0.6047652 -1.915392 2.939134 -0.4595061 -1.792987 3.067638 -0.5589315 -0.8143821 3.633234 -0.2297523 -1.700418 3.149346 -0.2794649 -0.7169777 3.729402 -0.6525423 0.1069916 4.069461 -0.3262893 0.2093266 4.179428 3.46564e-7 -1.684387 3.117206 2.59978e-7 -0.693961 3.7117 -0.7800658 -2.114334 2.75534 1.7837e-7 0.2395219 4.175624 -1.15706 -1.169447 2.923337 -0.9569725 -2.296414 2.541068 -1.297073 -1.194465 2.644504 -1.110149 -2.395086 2.32117 -1.44095 -0.3269678 2.794962 -1.94299 -0.739607 2.634549 -1.725623 -1.597359 2.48924 -1.307971 -0.2799978 3.18761 -1.492843 -2.559318 2.231356 -2.13081 -1.700658 2.167421 -1.851687 -2.734534 1.944537 -2.392247 -1.803961 1.811612 -2.066792 -2.827465 1.623711 -2.634002 -1.035925 1.951189 -2.360435 -0.9506472 2.309875 -2.237083 -2.734534 1.277011 -2.569668 -1.700658 1.407297 -2.80785 -0.9506472 1.534931 -2.306054 -2.559318 0.8228337 -2.645778 -1.597359 0.8954847 -2.192488 -2.395086 0.4465031 -2.565966 -1.194465 0.4467173 -2.306337 -2.296415 0.2039 -2.737436 -1.169447 0.186046 -2.880303 -0.739607 1.011075 -2.768205 -0.3269679 0.4960896 -3.041759 -0.279998 0.1846023 -2.403449 -2.114335 -0.05644202 -2.859447 -1.144433 -0.1602917 -2.474969 -1.915392 -0.3001539 -3.00561 -0.942214 -0.4520617 -3.266714 -0.2325125 -0.2129201 -3.421497 -0.02667498 -0.5468644 -2.513627 -1.792987 -0.4902037 -3.05316 -0.8143823 -0.6868969 -2.469511 -1.700418 -0.73003 -2.996711 -0.716978 -0.9770059 -3.47775 0.1069913 -0.8239423 -3.409857 0.2093264 -1.161468 -2.3268 -1.684387 -0.9129321 -2.841648 -0.6939612 -1.210179 -2.717244 -0.716978 -1.461055 -2.239757 -1.700418 -1.127974 -2.494228 -0.8143823 -1.654996 -2.825207 0.1069914 -1.954179 -3.083566 0.2093264 -1.726619 -2.054119 -1.792987 -1.286093 -2.267079 -0.942214 -1.731234 -1.870203 -1.915392 -1.347639 -1.941317 -1.144433 -1.750538 -2.190528 -0.2325125 -2.076927 -2.557125 -0.02667486 -2.044003 -1.623382 -2.114335 -1.407557 -3.243418 0.2395216 -1.442141 -1.580374 -1.169447 -1.818042 -1.349363 -2.296414 -1.453626 -1.268892 -1.194465 -1.79988 -1.082338 -2.395086 -1.476332 -1.327253 -0.3269678 -1.999711 -0.937312 -0.7396069 -2.354283 -0.9201536 -1.597359 -2.093384 -1.733786 -0.2799978 -2.080872 -0.8132095 -2.559318 -1.762848 -0.4388561 -1.700658 -2.283375 -0.3853943 -2.734534 -1.930206 3.57017e-7 -1.80396 -2.331882 4.46495e-7 -2.827464 -1.956079 2.89873e-7 -1.035924 -2.611036 -0.4474124 -0.9506471 -2.553463 -1.313774 -0.2157064 -1.978051 -0.9284568 -0.6280254 -2.335829 -0.9068904 -0.5193402 -2.256699 -1.282183 -0.1271811 -1.913752 -1.68252 -0.08204203 -2.003781 -1.722178 -0.1706892 -2.064814 -0.4322314 -0.7242224 -2.455102 -0.4431319 -0.8386853 -2.53671 2.69549e-7 -0.8034374 -2.512021 2.80093e-7 -0.9240455 -2.596328 -2.180526 -0.01060569 -2.003811 -2.197753 -0.1198604 -2.066372 -2.544295 0.07659 -2.032148 -2.48904 0.1576827 -1.976082 -2.809843 0.2064002 -1.941555 -2.747131 0.2800304 -1.887076 -3.067301 0.3084922 -1.715309 -2.999871 0.3814207 -1.667262 -3.153979 0.4105733 -1.390505 -3.226323 0.3381264 -1.432272 -3.391931 0.3084922 -1.153037 -3.316605 0.3814207 -1.118665 -3.380599 0.2800304 -0.7898783 -3.459134 0.2064001 -0.8169484 -3.328636 0.1576827 -0.5218615 -3.404819 0.07658994 -0.5416812 -3.198392 -0.01060575 -0.2408159 -3.261186 -0.1198605 -0.2244538 -3.022048 -0.1706894 0.1866267 -2.949364 -0.08204215 0.1904551 -2.742708 -0.2157065 0.496934 -2.671227 -0.1271812 0.492143 -2.780582 -0.5193403 0.9886291 -2.859894 -0.6280256 1.009517 -2.715076 -0.7242226 1.498897 -2.7912 -0.8386855 1.530261 -0.7647269 2.625905 4.682977 -0.7923659 2.567141 4.824503 -0.3823626 2.726219 4.809274 -1.058216 2.42243 4.595801 -1.021969 2.489044 4.465504 -1.313435 2.230373 4.279357 -1.24491 2.322456 4.189731 -1.515515 2.222534 3.622883 -1.464776 2.296877 3.52283 -1.616437 2.222746 3.060596 -1.560091 2.296929 2.979022 -2.161554 1.90476 2.765022 -2.245329 1.808825 2.845956 -2.605096 1.714218 2.453303 -2.699168 1.612762 2.524042 -2.904893 1.649343 2.107588 -2.98873 1.54195 2.155992 -1.335334 2.130144 4.29909 -1.067238 2.334414 4.630419 -0.9565492 1.276008 4.271156 -1.194539 1.076632 3.958575 -0.8395941 0.1576828 3.789284 -0.6334662 0.2800306 3.968293 -0.7185596 1.411587 4.476431 -0.3167323 0.381421 4.077268 -0.3592787 1.51333 4.595847 -0.7991631 2.483439 4.860882 -0.3995836 2.585598 4.990221 1.63416e-7 0.4105736 4.072351 0 1.551276 4.607956 -1.017865 -0.01060557 3.535968 0 2.587386 4.985796 -1.403166 1.052683 3.438548 -1.266842 -0.08204203 3.104668 -1.534361 1.028735 2.941334 -1.389044 -0.1271811 2.712951 -1.639351 2.121955 3.093746 -2.269543 1.70607 2.87411 -2.07716 0.62453 2.770872 -1.532056 2.125532 3.657528 -1.87369 -0.5193403 2.559412 -2.510252 0.4863449 2.425836 -2.282843 -0.7242226 2.247547 -2.799603 0.3481599 2.046799 -2.548252 -0.8034377 1.901681 -3.005561 1.438098 2.165709 -2.725377 1.509235 2.546119 -2.715076 -0.7242226 1.498897 -2.983184 0.4863448 1.606695 -3.194914 1.509235 1.732857 -2.780582 -0.5193403 0.9886291 -3.065447 0.6245299 1.059108 -2.671227 -0.1271812 0.492143 -2.941673 1.028735 0.5037997 -2.949364 -0.08204215 0.1904551 -3.306673 1.052683 0.141574 -3.251046 1.70607 1.174098 -3.12616 2.121955 0.518518 -3.560761 2.125532 0.1437062 -3.198392 -0.01060575 -0.2408159 -3.652716 1.076631 -0.2991147 -3.328636 0.1576827 -0.5218615 -3.804425 1.276008 -0.6615118 -4.01801 2.130143 -0.3474411 -4.170901 2.334413 -0.745283 -3.380599 0.2800304 -0.7898783 -3.863207 1.411587 -0.9702544 -3.316605 0.3814207 -1.118665 -3.786981 1.51333 -1.341109 -4.236452 2.483438 -1.092675 -4.148672 2.585597 -1.503391 -3.153979 0.4105733 -1.390505 -3.617829 1.551276 -1.658308 -3.427702 1.51333 -1.963399 -2.999871 0.3814207 -1.667262 -3.144645 1.411587 -2.214837 -3.437289 2.483439 -2.476867 -3.749089 2.585597 -2.195491 -2.747131 0.2800304 -1.887076 -2.847876 1.276008 -2.318305 -2.48904 0.1576827 -1.976082 -2.458176 1.076632 -2.368118 -2.682675 2.130143 -2.660309 -3.103661 2.334413 -2.593794 -2.180526 -0.01060569 -2.003811 -3.973551 2.632535 -1.863686 -1.903507 1.052683 -2.288781 -1.68252 -0.08204203 -2.003781 -1.40731 1.028735 -2.153793 -1.282183 -0.1271811 -1.913752 -1.486808 2.121955 -2.320923 -0.9815008 1.70607 -2.756866 -0.9882854 0.6245301 -2.538639 -2.028704 2.125532 -2.509893 -0.9068904 -0.5193402 -2.256699 -0.4729291 0.4863451 -2.74119 -0.4322314 -0.7242224 -2.455102 1.68873e-7 0.3481601 -2.802256 2.69549e-7 -0.8034374 -2.512021 0 1.438098 -3.040074 -0.4695354 1.509236 -2.987634 -1.469556 2.222746 -2.284503 -0.9692256 1.808825 -2.721819 -0.9410223 1.90476 -2.608801 -1.427083 2.296929 -2.194919 -1.945692 2.296877 -2.384279 -2.006971 2.222534 -2.478246 -0.449295 1.714218 -2.83706 -0.4635203 1.612762 -2.9539 0 1.649343 -2.923834 0 1.54195 -3.02064 -2.63318 2.322456 -2.527321 -2.676534 2.230373 -2.631476 -2.983474 2.489044 -2.472133 -3.078192 2.42243 -2.568673 -3.300436 2.625905 -2.358092 -3.409181 2.56714 -2.452791 -3.600993 2.726219 -2.090103 -3.718842 2.668719 -2.174102 -3.814318 2.771175 -1.771752 -3.941692 2.714753 -1.845291 -4.115025 2.668719 -1.487892 -3.983355 2.726219 -1.42783 -4.201548 2.56714 -1.080372 -4.065161 2.625905 -1.033545 -4.136411 2.42243 -0.7357873 -4.005443 2.489044 -0.702029 -3.98997 2.230373 -0.356539 -3.878092 2.322456 -0.3710716 -3.522488 2.222534 0.1467043 -3.410472 2.296877 0.1527892 -3.085994 2.222746 0.5152487 -2.987176 2.296929 0.5072386 -3.102578 1.90476 1.13512 -3.214556 1.808825 1.167205 -3.054392 1.714218 1.675098 -3.162691 1.612762 1.721198 -0.3961822 2.668719 4.953333 -0.3823626 2.726219 4.809274 0 2.771176 4.834843 0 2.714753 4.981924 0 2.587386 4.985796 -0.3628108 -2.504872 3.09471 -0.2364754 -1.866388 3.246788 -0.4723607 -1.959085 3.163834 3.61139e-7 -1.851108 3.217994 4.13297e-7 -2.447726 3.131371 4.78693e-7 -3.195769 2.836704 -0.2532609 -3.213325 2.817629 -0.622483 -3.237337 2.616679 -0.8217477 -3.28756 2.400475 -0.9656621 -3.305391 2.106274 -1.159637 -2.55273 2.399239 -0.7278039 -3.676429 2.07484 -0.700473 -3.488946 2.364771 -0.3631497 -3.896247 2.202896 -0.4538511 -3.618537 2.465725 5.40875e-7 -3.90705 2.274579 5.19114e-7 -3.658138 2.518578 -1.495463 6.521971 3.687253 -1.521376 6.39704 3.505872 -1.714085 6.483707 3.846844 -1.841953 6.391873 3.710857 5.6994e-7 -4.239515 2.098906 -0.3098729 -4.236066 2.047405 5.75528e-7 -4.30343 1.851904 -0.2885313 -4.30343 1.821582 -0.6388011 -4.227455 1.927075 -0.5668312 -4.30343 1.731163 -0.8956645 -4.228075 1.813132 -0.5668312 -4.30343 1.731163 -0.8202476 -4.30343 1.584836 -1.08222 -4.228164 1.67979 -1.037708 -4.30343 1.389016 -1.281011 -4.228184 1.511332 -1.219861 -4.30343 1.134735 -1.460428 -4.228203 1.273626 -1.576579 -4.228184 0.9993935 -1.348999 -4.30343 0.8498456 -1.623072 -4.228164 0.743007 -1.409853 -4.30343 0.5636088 -1.645272 -4.228075 0.5147737 -1.409868 -4.30343 0.2709802 -1.615518 -4.227455 0.235352 -1.409868 -4.30343 0.2709802 -1.349023 -4.30343 -0.01524382 -1.555263 -4.236066 -0.1096734 -1.231017 -4.30343 -0.280281 -1.444927 -4.239515 -0.4037825 -1.245389 -4.236066 -0.6463905 -1.060491 -4.30343 -0.5149964 -0.9767156 -4.227455 -0.871085 -0.8430362 -4.30343 -0.7108015 -0.7496067 -4.228075 -1.036564 -0.8430362 -4.30343 -0.7108015 -0.5896046 -4.30343 -0.8571028 -0.5408503 -4.228164 -1.131455 -0.311289 -4.30343 -0.9475194 -0.2955666 -4.228184 -1.219384 5.75528e-7 -4.30343 -0.9781272 5.68951e-7 -4.228203 -1.25591 -0.07158291 4.959115 6.107591 -2.40879e-7 5.035171 6.144176 -0.01258236 4.8818 5.48834 -2.31102e-7 4.923342 5.498026 -0.09826761 4.967254 6.777832 -2.41559e-7 5.042947 6.852787 -0.08131027 4.88439 7.496723 -2.33395e-7 4.949569 7.543434 -2.27378e-7 4.880747 7.606558 -2.27378e-7 4.880747 7.606558 -0.08131027 4.88439 7.496723 -2.15443e-7 4.744216 7.481141 -2.22501e-7 4.824961 6.786355 -2.15443e-7 4.744216 7.481141 -0.09826761 4.967254 6.777832 -0.08131027 4.88439 7.496723 -0.07158291 4.959115 6.107591 -2.27555e-7 4.882766 6.135775 -2.23244e-7 4.833457 5.477075 -0.01258236 4.8818 5.48834 -0.07158279 2.651994 5.777208 0 2.728051 5.813767 -0.0100032 2.579708 4.93448 0 2.608968 4.93378 -0.09826749 2.660132 6.447423 0 2.735826 6.522374 -0.08131021 2.577272 7.16631 0 2.642444 7.213048 0 2.573621 7.276175 0 2.573621 7.276175 -0.08131021 2.577272 7.16631 0 2.437097 7.150729 0 2.517838 6.455969 0 2.437097 7.150729 -0.09826749 2.660132 6.447423 -0.08131021 2.577272 7.16631 -0.07158279 2.651994 5.777208 0 2.575642 5.805401 0 2.54775 4.935213 -0.0100032 2.579708 4.93448 -0.07158285 0.2385547 5.012601 1.71805e-7 0.3146172 5.049173 -0.008502721 0.1434278 4.076723 1.84268e-7 0.172058 4.074072 -0.09826755 0.2466919 5.682816 1.71126e-7 0.3223857 5.757781 -0.08131027 0.1638315 6.401716 1.79289e-7 0.2290074 6.448441 1.85306e-7 0.1601844 6.511569 1.85306e-7 0.1601844 6.511569 -0.08131027 0.1638315 6.401716 1.97242e-7 0.02365738 6.386148 1.90183e-7 0.1043982 5.691352 1.97242e-7 0.02365738 6.386148 -0.09826755 0.2466919 5.682816 -0.08131027 0.1638315 6.401716 -0.07158285 0.2385547 5.012601 1.8513e-7 0.1622052 5.040784 1.89562e-7 0.1115072 4.07958 -0.008502721 0.1434278 4.076723 -0.07158255 -1.846107 4.027909 3.54052e-7 -1.770048 4.064459 -0.01941305 -1.930642 3.175234 3.66471e-7 -1.912101 3.173456 -0.09826767 -1.837967 4.698128 3.53373e-7 -1.762277 4.773066 -0.08131033 -1.920831 5.417002 3.61537e-7 -1.855658 5.463727 3.67553e-7 -1.92448 5.526854 3.67553e-7 -1.92448 5.526854 -0.08131033 -1.920831 5.417002 3.79488e-7 -2.061002 5.401434 3.7243e-7 -1.98026 4.706638 3.79488e-7 -2.061002 5.401434 -0.09826767 -1.837967 4.698128 -0.08131033 -1.920831 5.417002 -0.07158255 -1.846107 4.027909 3.67376e-7 -1.922453 4.056093 3.69908e-7 -1.951416 3.177175 -0.01941305 -1.930642 3.175234 5.55655e-7 -4.07611 2.97471 -0.07158267 -3.99976 2.946527 5.58999e-7 -4.114364 2.130334 -0.02607935 -4.086679 2.127956 5.60708e-7 -4.133916 3.625278 -0.09826779 -3.991625 3.616756 5.67767e-7 -4.214655 4.320048 -0.08131051 -4.074485 4.335643 -0.07158267 -3.99976 2.946527 5.42331e-7 -3.923699 2.983099 -0.02607935 -4.086679 2.127956 5.54432e-7 -4.062122 2.125313 -0.09826779 -3.991625 3.616756 5.41651e-7 -3.915928 3.691708 -0.08131051 -4.074485 4.335643 5.49814e-7 -4.009305 4.382368 5.55832e-7 -4.078134 4.445495 5.55832e-7 -4.078134 4.445495 -0.08131051 -4.074485 4.335643 5.67767e-7 -4.214655 4.320048 -4.04081e-7 6.901988 5.678464 -4.14729e-7 7.023792 6.57123 -4.07588e-7 6.942098 5.680895 -0.07158297 7.100142 6.543046 -4.09676e-7 6.965986 7.221798 -0.09826767 7.108278 7.213265 -4.02617e-7 6.885241 7.916571 -0.08131039 7.025418 7.874047 -4.07588e-7 6.942098 5.680895 -0.07158297 7.100142 6.543046 -4.13509e-7 7.009833 5.697363 -4.28054e-7 7.176204 6.579606 -0.09826767 7.108278 7.213265 -4.28733e-7 7.183971 7.288216 -0.08131039 7.025418 7.874047 -4.20569e-7 7.090594 7.978877 -4.14553e-7 7.021772 8.042004 -4.14553e-7 7.021772 8.042004 -0.08131039 7.025418 7.874047 -4.02617e-7 6.885241 7.916571 -2.106802 4.564544 2.658919 -1.848488 4.564544 2.483402 -2.359251 4.564544 2.414176 -2.061131 4.564544 2.172794 -2.314583 4.564544 1.766773 -2.657569 4.564447 1.964795 -2.004307 5.659323 3.185842 -1.684932 5.68953 2.994637 -2.106802 4.564544 2.658919 -1.848488 4.564544 2.483402 -1.521376 6.39704 3.505872 -1.901812 6.336626 3.712766 -1.841953 6.391873 3.710857 -3.362736 9.38418 -2.623571 -3.355434 9.105497 -2.658701 -3.920429 9.38418 -2.474126 -3.932805 9.105497 -2.503987 -4.353678 9.105497 -2.083151 -4.3269 9.38418 -2.067691 -2.778054 9.105497 -2.503993 -2.805037 9.38418 -2.474138 -2.355373 9.105497 -2.081316 -2.396774 9.38418 -2.065872 -2.200672 9.105497 -1.50394 -2.24733 9.38418 -1.508161 -3.869576 9.662685 -2.378161 -3.369541 9.662685 -2.512138 -4.233802 9.662685 -2.013939 -2.50348 9.662685 -2.012117 -2.369468 9.662685 -1.512074 -2.869519 9.662685 -2.378159 -3.783648 9.901842 -2.2226 -3.375385 9.901842 -2.332 -4.080707 9.901842 -1.925551 -2.668237 9.901842 -1.923728 -2.558837 9.901842 -1.515455 -2.967107 9.901842 -2.222599 -3.524203 10.08536 -2.056747 -3.878073 10.08536 -1.808559 -2.841156 10.08536 -1.662388 -3.091163 10.08536 -2.018066 -3.457381 10.20072 -1.798515 -3.639674 10.20072 -1.67092 -3.233238 10.20072 -1.778502 -3.103846 10.20072 -1.594401 -3.38238 10.23963 -1.522371 -3.123178 10.20072 -1.372721 -2.87918 10.08536 -1.231848 -2.66756 9.901842 -1.109669 -2.502803 9.662685 -1.014547 -2.396088 9.38418 -0.9529351 -2.354704 9.105497 -0.9290417 -2.200672 9.105497 -1.50394 -2.354704 9.105497 -0.9290417 -2.104709 9.128265 -1.504126 -2.271637 9.128265 -0.8810835 -2.355373 9.105497 -2.081316 -2.27225 9.128265 -2.129667 -2.778054 9.105497 -2.503993 -2.730164 9.128265 -2.587678 -2.251378 9.091732 -0.8693866 -2.08093 9.091593 -1.505871 -2.32479 8.859019 -0.9117715 -2.167489 8.859019 -1.498935 -2.252262 9.091213 -2.144728 -2.325465 8.859019 -2.088562 -2.685561 8.904462 -2.597595 -2.705812 9.088523 -2.618153 -2.857297 7.573172 -1.219214 -2.761986 7.573173 -1.574912 -3.059866 6.519987 -1.336168 -2.991735 6.519987 -1.590484 -3.019141 5.714071 -1.58478 -3.073944 6.038013 -1.83272 -3.060534 6.519983 -1.847277 -3.08708 5.541766 -1.35188 -2.857957 7.573168 -1.933095 -3.0758 7.599408 -2.271405 -3.267759 6.504014 -2.029411 -3.326324 7.659395 -2.311771 -2.778054 9.105497 -2.503993 -2.730164 9.128265 -2.587678 -3.355434 9.105497 -2.658701 -3.080606 9.128265 -2.684326 -3.377125 9.128265 -2.740196 -3.932805 9.105497 -2.503987 -4.004196 9.128265 -2.601002 -4.353678 9.105497 -2.083151 -4.465579 9.128265 -2.147758 -2.705812 9.088523 -2.618153 -3.066843 9.091843 -2.716559 -2.685561 8.904462 -2.597595 -4.627408 9.128265 -1.521563 -4.507699 9.105497 -1.508247 -4.43442 9.128265 -0.9089093 -4.352998 9.105497 -0.9308701 -4.237776 9.128265 -0.6800502 -3.978856 9.128265 -0.4248828 -3.930328 9.105497 -0.5081992 -3.993071 9.088523 -0.3885551 -4.25881 9.091843 -0.652015 -3.96514 8.904462 -0.3812965 -4.466046 9.0164 -2.569177 -4.144343 9.016613 -2.804292 -4.308103 7.777468 -2.53217 -3.941243 7.707289 -2.795697 -4.206462 7.034035 -2.519358 -3.829912 6.934274 -2.806167 -4.565505 7.822514 -2.205449 -4.678635 9.016239 -2.270764 -3.835752 9.016587 -2.934883 -3.631026 7.662272 -2.959644 -3.417849 9.016571 -3.002138 -3.211354 7.59212 -3.060401 -3.507649 6.847091 -2.976786 -3.092685 6.731423 -3.093883 -4.497671 7.105315 -2.166285 -2.729243 7.432424 -2.965701 -2.572435 6.607567 -2.97087 -2.29659 7.272724 -2.785334 -2.635543 8.644587 -2.82557 -3.041709 9.016038 -2.939553 -2.101643 6.483707 -2.762193 -3.828895 9.086762 -2.895075 -3.41419 9.092678 -2.938696 -3.377125 9.128265 -2.740196 -4.004196 9.128265 -2.601002 -3.067464 9.092687 -2.878035 -3.066843 9.091843 -2.716559 -2.685561 8.904462 -2.597595 -2.658029 8.747551 -2.779539 -4.117086 9.091502 -2.754417 -4.441888 9.086372 -2.541493 -4.465579 9.128265 -2.147758 -4.630554 9.091499 -2.243005 -4.794721 9.086372 -1.930373 -4.627408 9.128265 -1.521563 -4.816713 9.091502 -1.542622 -4.794435 9.086762 -1.222714 -4.43442 9.128265 -0.9089093 -4.624859 9.092678 -0.8417578 -4.398964 9.092687 -0.5718147 -4.25881 9.091843 -0.652015 -3.96514 8.904462 -0.3812965 -4.108947 8.747551 -0.2664813 -4.873538 9.016613 -1.541291 -4.830774 9.0164 -1.937452 -4.719753 7.777468 -1.819172 -4.764543 7.707289 -1.3697 -4.657837 7.034035 -1.737555 -4.717946 6.934274 -1.268049 -4.832334 9.016587 -1.208748 -4.751418 7.662272 -1.019069 -4.681631 9.016571 -0.8132051 -4.628839 7.59212 -0.6052452 -4.704572 6.847091 -0.903651 -4.598504 6.731423 -0.4857338 -4.305771 7.432423 -0.2350738 -4.231848 6.607566 -0.09668833 -3.933245 7.272723 0.0494312 -4.137568 8.644587 -0.223993 -4.439363 9.016038 -0.5187508 -3.81573 6.483706 0.2066894 -2.443744 6.469147 -3.089288 -1.891665 6.336626 -2.857731 -2.302987 4.841486 -2.894458 -1.552546 4.584194 -2.638084 -1.384088 5.659323 -2.683031 -0.8765107 4.564544 -2.508332 -2.992494 5.115851 -2.936108 -3.023705 6.610697 -3.22736 -3.372159 5.240346 -2.853032 -3.479429 6.744712 -3.092651 -3.694429 5.334465 -2.695371 -3.843901 6.850428 -2.903611 -4.066298 5.444261 -2.413649 -4.254211 6.958871 -2.583111 -4.32871 5.506608 -2.068734 -4.571302 7.039015 -2.208797 -2.490063 6.557098 -3.055044 -1.91994 6.391873 -2.804936 -2.101643 6.483707 -2.762193 -2.572435 6.607567 -2.97087 -3.050195 6.694805 -3.185319 -3.092685 6.731423 -3.093883 -3.495158 6.826199 -3.042951 -3.507649 6.847091 -2.976786 -3.838423 6.92535 -2.850919 -3.829912 6.934274 -2.806167 -4.223111 7.030305 -2.540575 -4.206462 7.034035 -2.519358 -4.497671 7.105315 -2.166285 -4.52618 7.104037 -2.182745 -4.684537 7.030305 -1.741364 -4.736924 6.958871 -1.747032 -4.809329 6.850428 -1.231441 -4.496206 5.444261 -1.669022 -4.554252 5.334465 -1.206116 -4.790808 6.744712 -0.821277 -4.529655 5.240346 -0.8481884 -4.679607 6.610697 -0.3592566 -4.411769 5.115851 -0.4778538 -4.270052 6.469146 0.073969 -4.030947 4.841486 0.09845262 -3.793478 6.336625 0.4363049 -3.4337 4.584193 0.6201667 -3.388397 5.659323 0.7885299 -2.983314 4.564543 1.140755 -4.263556 6.557097 0.01673352 -3.761895 6.391872 0.3854205 -3.81573 6.483706 0.2066894 -4.231848 6.607566 -0.09668833 -4.656442 6.694805 -0.4032192 -4.598504 6.731423 -0.4857338 -4.755632 6.826199 -0.8597506 -4.704572 6.847091 -0.903651 -4.76096 6.92535 -1.253043 -4.717946 6.934274 -1.268049 -4.657837 7.034035 -1.737555 -4.497671 7.105315 -2.166285 -2.791341 5.950719 -2.052004 -2.187327 5.066019 -1.849497 -2.179254 5.826892 -2.215226 -1.534124 4.789408 -2.005394 -3.073944 6.038013 -1.83272 -3.019141 5.714071 -1.58478 -3.08708 5.541766 -1.35188 -2.805494 5.066018 -1.189306 -1.378187 5.68953 -2.310842 -0.8536651 4.564544 -2.196868 -3.170295 6.505772 -2.179056 -3.267759 6.504014 -2.029411 -3.326324 7.659395 -2.311771 -2.907345 7.623526 -2.599088 -2.619905 6.535536 -2.35855 -2.253948 7.47032 -2.593126 -2.072744 6.521971 -2.493065 -1.902708 6.39704 -2.424816 -2.685561 8.904462 -2.597595 -0.4277765 4.431484 -1.943326 -1.045131 4.497879 -1.763502 -0.5085684 4.275897 -1.64576 -0.9797075 4.275897 -1.438071 -1.74501e-7 4.275897 -1.700576 -1.59787e-7 4.107589 -1.573372 -0.4743323 4.10759 -1.522873 -1.87327e-7 4.422605 -1.979303 -1.616073 4.523134 -1.356999 -1.445935 4.275897 -1.080706 -0.9137507 4.10759 -1.328551 -1.353924 4.10759 -0.9904977 -2.060533 4.523134 -0.7592024 -1.805698 4.275897 -0.6120735 -1.694409 4.107591 -0.5478205 -2.187327 5.066019 -1.849497 -2.060533 4.523134 -0.7592024 -2.805494 5.066018 -1.189306 -1.045131 4.497879 -1.763502 -1.534124 4.789408 -2.005394 -0.8536651 4.564544 -2.196868 -0.4783495 4.564544 -2.225718 -0.4277765 4.431484 -1.943326 -1.99735e-7 4.564544 -2.242203 -2.29659 7.272724 -2.785334 -2.635543 8.644587 -2.82557 -2.253948 7.47032 -2.593126 -2.685561 8.904462 -2.597595 -2.658029 8.747551 -2.779539 -2.072744 6.521971 -2.493065 -2.101643 6.483707 -2.762193 -2.072744 6.521971 -2.493065 -1.902708 6.39704 -2.424816 -2.101643 6.483707 -2.762193 -1.91994 6.391873 -2.804936 -4.330539 4.844061 -2.069791 -4.94096 4.882766 -2.422218 -4.322443 4.87238 -2.083764 -4.880759 4.959115 -2.470119 -5.504378 4.82496 -2.747509 -5.447863 4.967253 -2.82835 -6.10608 4.744215 -3.094901 -6.078917 4.884389 -3.17311 -4.948235 5.035171 -2.426419 -4.330513 4.899803 -2.069777 -4.880759 4.959115 -2.470119 -4.322443 4.87238 -2.083764 -5.447863 4.967253 -2.82835 -5.561909 5.042947 -2.780723 -6.078917 4.884389 -3.17311 -6.160027 4.949569 -3.126047 -6.214697 4.880746 -3.157611 -5.54613 4.967253 -2.658144 -6.160231 4.884389 -3.032273 -6.160027 4.949569 -3.126047 -6.214697 4.880746 -3.157611 -4.952344 4.959115 -2.346133 -4.330513 4.899803 -2.069777 -4.338589 4.87238 -2.055792 -6.214697 4.880746 -3.157611 -6.078917 4.884389 -3.17311 -6.10608 4.744215 -3.094901 -3.930801 2.536941 -1.839002 -4.654848 2.575642 -2.257031 -3.922721 2.56526 -1.852986 -4.594637 2.651994 -2.304927 -5.218256 2.517838 -2.582316 -5.161717 2.660132 -2.663144 -5.819935 2.437097 -2.929697 -5.792772 2.577271 -3.007903 -4.66209 2.72805 -2.261213 -3.930791 2.592683 -1.838998 -4.594637 2.651994 -2.304927 -3.922721 2.56526 -1.852986 -5.161717 2.660132 -2.663144 -5.275763 2.735825 -2.615518 -5.792772 2.577271 -3.007903 -5.873905 2.642443 -2.960853 -5.928571 2.573621 -2.992416 -5.259988 2.660132 -2.492939 -5.874085 2.577271 -2.867069 -5.873905 2.642443 -2.960853 -5.928571 2.573621 -2.992416 -4.666222 2.651994 -2.18094 -3.930791 2.592683 -1.838998 -3.938871 2.56526 -1.825014 -5.928571 2.573621 -2.992416 -5.792772 2.577271 -3.007903 -5.819935 2.437097 -2.929697 -3.175851 0.1235005 -1.403132 -3.992666 0.1622048 -1.874722 -3.167765 0.1518197 -1.417112 -3.932469 0.2385543 -1.922623 -4.556075 0.1043978 -2.200006 -4.499549 0.2466915 -2.280841 -5.157786 0.0236569 -2.547405 -5.130614 0.1638311 -2.625607 -3.999932 0.3146169 -1.878916 -3.175838 0.1792424 -1.403124 -3.932469 0.2385543 -1.922623 -3.167765 0.1518197 -1.417112 -4.499549 0.2466915 -2.280841 -4.613605 0.3223853 -2.23322 -5.130614 0.1638311 -2.625607 -5.211737 0.229007 -2.578551 -5.266403 0.1601839 -2.610114 -4.59782 0.2466915 -2.110635 -5.211927 0.1638311 -2.484771 -5.211737 0.229007 -2.578551 -5.266403 0.1601839 -2.610114 -4.00405 0.2385543 -1.798637 -3.175838 0.1792424 -1.403124 -3.183915 0.1518197 -1.38914 -5.266403 0.1601839 -2.610114 -5.130614 0.1638311 -2.625607 -5.157786 0.0236569 -2.547405 -2.355265 -1.961161 -0.9293665 -3.139901 -1.922454 -1.382377 -2.347184 -1.932842 -0.9433494 -3.079702 -1.846107 -1.430278 -3.703287 -1.98026 -1.707648 -3.646784 -1.837968 -1.788496 -4.304998 -2.061002 -2.055047 -4.277826 -1.920831 -2.133249 -3.147144 -1.770049 -1.386558 -2.355256 -1.905417 -0.9293617 -3.079702 -1.846107 -1.430278 -2.347184 -1.932842 -0.9433494 -3.646784 -1.837968 -1.788496 -3.760817 -1.762278 -1.740863 -4.277826 -1.920831 -2.133249 -4.358945 -1.855658 -2.086193 -4.413615 -1.92448 -2.117756 -3.745052 -1.837968 -1.61829 -4.359139 -1.920831 -1.992413 -4.358945 -1.855658 -2.086193 -4.413615 -1.92448 -2.117756 -3.151285 -1.846107 -1.306292 -2.355256 -1.905417 -0.9293617 -2.363335 -1.932842 -0.9153768 -4.413615 -1.92448 -2.117756 -4.277826 -1.920831 -2.133249 -4.304998 -2.061002 -2.055047 -1.476621 -4.110094 -0.4220812 -2.203396 -4.076111 -0.8416845 -1.468523 -4.081776 -0.4360539 -2.143196 -3.999761 -0.889586 -2.766804 -4.133916 -1.166968 -2.710289 -3.991625 -1.24781 -3.368492 -4.214656 -1.514355 -3.341343 -4.074485 -1.59257 -2.21066 -3.923699 -0.8458785 -1.476599 -4.054355 -0.422068 -2.143196 -3.999761 -0.889586 -1.468523 -4.081776 -0.4360539 -2.710289 -3.991625 -1.24781 -2.824334 -3.915928 -1.200183 -3.341343 -4.074485 -1.59257 -3.422463 -4.009305 -1.545514 -3.477132 -4.078134 -1.577077 -2.808557 -3.991625 -1.077604 -3.422653 -4.074485 -1.451734 -3.422463 -4.009305 -1.545514 -3.477132 -4.078134 -1.577077 -2.214779 -3.999761 -0.7655996 -1.476599 -4.054355 -0.422068 -1.484673 -4.081776 -0.4080809 -3.477132 -4.078134 -1.577077 -3.341343 -4.074485 -1.59257 -3.368492 -4.214656 -1.514355 -4.544915 6.901988 -2.193561 -5.318075 7.023792 -2.639946 -4.534293 6.942098 -2.216825 -5.257874 7.100142 -2.687847 -5.881483 6.965985 -2.965231 -5.824957 7.108278 -3.046064 -6.483174 6.885241 -3.312614 -6.40569 7.025418 -3.361773 -4.534293 6.942098 -2.216825 -5.257874 7.100142 -2.687847 -4.55126 6.980648 -2.197226 -5.32533 7.176203 -2.644134 -5.824957 7.108278 -3.046064 -5.939003 7.18397 -2.99844 -6.40569 7.025418 -3.361773 -6.537131 7.090594 -3.34377 -6.591801 7.021771 -3.375331 -5.923224 7.108278 -2.875861 -6.487 7.025418 -3.220939 -6.537131 7.090594 -3.34377 -6.591801 7.021771 -3.375331 -5.329458 7.100142 -2.563861 -4.55126 6.980648 -2.197226 -4.559751 6.942098 -2.17273 -0.8765107 4.564544 -2.508332 -0.8536651 4.564544 -2.196868 -0.5383325 4.564544 -2.604588 -0.4783495 4.564544 -2.225718 -1.99735e-7 4.564544 -2.242203 -1.99727e-7 4.564447 -2.638248 -1.384088 5.659323 -2.683031 -1.378187 5.68953 -2.310842 -0.8765107 4.564544 -2.508332 -0.8536651 4.564544 -2.196868 -1.902708 6.39704 -2.424816 -1.891665 6.336626 -2.857731 -1.91994 6.391873 -2.804936 -4.507699 9.105497 -1.508247 -4.352998 9.105497 -0.9308701 -4.475649 9.38418 -1.512458 -4.326227 9.38418 -0.9547603 -4.353678 9.105497 -2.083151 -4.3269 9.38418 -2.067691 -3.930328 9.105497 -0.5081992 -3.917962 9.38418 -0.5464946 -3.352938 9.105497 -0.3534848 -3.360263 9.38418 -0.3970612 -2.775564 9.105497 -0.5081976 -2.802549 9.38418 -0.5464935 -4.367115 9.662685 -1.5164 -4.233122 9.662685 -1.016369 -4.233802 9.662685 -2.013939 -3.367061 9.662685 -0.5163488 -2.867006 9.662685 -0.6503117 -3.867083 9.662685 -0.6503272 -4.189429 9.901842 -1.519766 -4.08004 9.901842 -1.111499 -4.080707 9.901842 -1.925551 -3.372895 9.901842 -0.7032272 -2.964619 9.901842 -0.8126201 -3.781159 9.901842 -0.8126207 -3.916074 10.08536 -1.378007 -3.878073 10.08536 -1.808559 -3.233026 10.08536 -0.983649 -3.666055 10.08536 -1.022323 -3.659026 10.20072 -1.449252 -3.639674 10.20072 -1.67092 -3.529626 10.20072 -1.265145 -3.305491 10.20072 -1.245139 -3.38238 10.23963 -1.522371 -3.123178 10.20072 -1.372721 -2.87918 10.08536 -1.231848 -2.66756 9.901842 -1.109669 -2.502803 9.662685 -1.014547 -2.396088 9.38418 -0.9529351 -2.354704 9.105497 -0.9290417 -2.271637 9.128265 -0.8810835 -2.354704 9.105497 -0.9290417 -2.727743 9.128265 -0.4249981 -2.775564 9.105497 -0.5081976 -3.352938 9.105497 -0.3534848 -3.35325 9.128265 -0.257323 -3.930328 9.105497 -0.5081992 -3.978856 9.128265 -0.4248828 -2.251378 9.091732 -0.8693866 -2.717366 9.091593 -0.4035326 -2.32479 8.859019 -0.9117715 -2.754638 8.859019 -0.481962 -3.356298 9.091213 -0.2324823 -3.344258 8.859019 -0.3239612 -3.96514 8.904462 -0.3812965 -3.993071 9.088523 -0.3885551 -2.857297 7.573172 -1.219214 -3.117684 7.573172 -0.9588238 -3.059866 6.519987 -1.336168 -3.246045 6.519987 -1.150006 -3.254808 5.714071 -1.176593 -3.496932 6.038013 -1.100084 -3.502834 6.519983 -1.081192 -3.08708 5.541766 -1.35188 -3.475865 7.573168 -0.8628462 -3.877774 7.599408 -0.8823483 -3.764178 6.504014 -1.169587 -4.037992 7.659395 -1.079125 -2.876563 4.789407 0.319777 -3.068153 5.066018 -0.3238623 -3.380846 5.826891 -0.1340072 -3.545535 5.950719 -0.7457008 -3.496932 6.038013 -1.100084 -3.254808 5.714071 -1.176593 -3.08708 5.541766 -1.35188 -2.805494 5.066018 -1.189306 -3.06312 5.689529 0.6075462 -2.702154 4.564544 1.004808 -3.845044 6.505772 -1.010359 -3.764178 6.504014 -1.169587 -4.037992 7.659395 -1.079125 -4.077327 7.623526 -0.5726204 -3.725293 6.535535 -0.4439602 -3.745466 7.470319 -0.009743988 -3.568207 6.521971 0.09715265 -3.424083 6.39704 0.2102842 -3.96514 8.904462 -0.3812965 -1.865073 4.236299 0.5168018 -1.725424 4.541158 0.51251 -1.796244 4.236299 -0.002808213 -1.661493 4.541157 0.03090822 -1.473316 4.825238 0.5085005 -1.417744 4.825238 0.09399628 -1.137353 5.069189 0.5050567 -1.09273 5.069189 0.1791645 -0.7446063 5.256371 0.5024242 -1.907536 4.10759 -0.03161352 -1.980213 4.10759 0.5186145 -1.928792 4.10759 0.9963232 -1.817042 4.236299 0.9653791 -1.681272 4.541157 0.9266104 -1.436565 4.825238 0.8588111 -1.110711 5.069189 0.7695779 -2.108039 4.275897 0.5162544 -2.422582 4.497879 0.6223109 -2.052333 4.275897 1.028117 -2.269637 4.431484 1.246868 -1.845521 4.275897 1.495959 -1.735359 4.107589 1.432357 -1.928792 4.10759 0.9963232 -2.086906 4.422605 1.635323 -2.356011 4.523134 -0.07539033 -2.031664 4.275897 -0.06619322 -1.980213 4.10759 0.5186145 -1.907536 4.10759 -0.03161352 -2.060533 4.523134 -0.7592024 -1.805698 4.275897 -0.6120735 -1.694409 4.107591 -0.5478205 -2.060533 4.523134 -0.7592024 -3.068153 5.066018 -0.3238623 -2.805494 5.066018 -1.189306 -2.422582 4.497879 0.6223109 -2.876563 4.789407 0.319777 -2.702154 4.564544 1.004808 -2.539482 4.564544 1.344266 -2.269637 4.431484 1.246868 -2.314583 4.564544 1.766773 -3.933245 7.272723 0.0494312 -3.745466 7.470319 -0.009743988 -4.137568 8.644587 -0.223993 -3.96514 8.904462 -0.3812965 -4.108947 8.747551 -0.2664813 -3.568207 6.521971 0.09715265 -3.81573 6.483706 0.2066894 -3.761895 6.391872 0.3854205 -3.424083 6.39704 0.2102842 -3.81573 6.483706 0.2066894 -3.568207 6.521971 0.09715265 -4.952344 4.959115 -2.346133 -4.94096 4.882766 -2.422218 -4.338589 4.87238 -2.055792 -4.330539 4.844061 -2.069791 -5.504378 4.82496 -2.747509 -5.54613 4.967253 -2.658144 -6.10608 4.744215 -3.094901 -6.160231 4.884389 -3.032273 -6.160231 4.884389 -3.032273 -6.214697 4.880746 -3.157611 -6.10608 4.744215 -3.094901 -4.666222 2.651994 -2.18094 -4.654848 2.575642 -2.257031 -3.938871 2.56526 -1.825014 -3.930801 2.536941 -1.839002 -5.218256 2.517838 -2.582316 -5.259988 2.660132 -2.492939 -5.819935 2.437097 -2.929697 -5.874085 2.577271 -2.867069 -5.874085 2.577271 -2.867069 -5.928571 2.573621 -2.992416 -5.819935 2.437097 -2.929697 -4.00405 0.2385543 -1.798637 -3.992666 0.1622048 -1.874722 -3.183915 0.1518197 -1.38914 -3.175851 0.1235005 -1.403132 -4.556075 0.1043978 -2.200006 -4.59782 0.2466915 -2.110635 -5.157786 0.0236569 -2.547405 -5.211927 0.1638311 -2.484771 -5.211927 0.1638311 -2.484771 -5.266403 0.1601839 -2.610114 -5.157786 0.0236569 -2.547405 -3.151285 -1.846107 -1.306292 -3.139901 -1.922454 -1.382377 -2.363335 -1.932842 -0.9153768 -2.355265 -1.961161 -0.9293665 -3.703287 -1.98026 -1.707648 -3.745052 -1.837968 -1.61829 -4.304998 -2.061002 -2.055047 -4.359139 -1.920831 -1.992413 -4.359139 -1.920831 -1.992413 -4.413615 -1.92448 -2.117756 -4.304998 -2.061002 -2.055047 -2.214779 -3.999761 -0.7655996 -2.203396 -4.076111 -0.8416845 -1.484673 -4.081776 -0.4080809 -1.476621 -4.110094 -0.4220812 -2.766804 -4.133916 -1.166968 -2.808557 -3.991625 -1.077604 -3.368492 -4.214656 -1.514355 -3.422653 -4.074485 -1.451734 -3.422653 -4.074485 -1.451734 -3.477132 -4.078134 -1.577077 -3.368492 -4.214656 -1.514355 -5.329458 7.100142 -2.563861 -5.318075 7.023792 -2.639946 -4.559751 6.942098 -2.17273 -4.544915 6.901988 -2.193561 -5.881483 6.965985 -2.965231 -5.923224 7.108278 -2.875861 -6.483174 6.885241 -3.312614 -6.487 7.025418 -3.220939 -6.487 7.025418 -3.220939 -6.591801 7.021771 -3.375331 -6.483174 6.885241 -3.312614 -2.539482 4.564544 1.344266 -2.702154 4.564544 1.004808 -2.897585 4.564543 1.481754 -2.983314 4.564543 1.140755 -2.314583 4.564544 1.766773 -2.657569 4.564447 1.964795 -2.702154 4.564544 1.004808 -3.06312 5.689529 0.6075462 -2.983314 4.564543 1.140755 -3.388397 5.659323 0.7885299 -3.424083 6.39704 0.2102842 -3.793478 6.336625 0.4363049 -3.761895 6.391872 0.3854205 0.5748899 9.105497 5.303574 0.9975625 9.105497 4.880911 0.5552177 9.38418 5.277925 0.9634871 9.38418 4.869672 -5.96718e-7 9.105497 5.457641 -6.21081e-7 9.38418 5.426721 1.152271 9.105497 4.303534 1.112924 9.38418 4.311972 0.9975632 9.105497 3.726141 0.9634874 9.38418 3.754275 0.5748915 9.105497 3.303479 0.5552181 9.38418 3.345996 0.4975368 9.662685 5.185901 0.8635806 9.662685 4.819846 -6.45429e-7 9.662685 5.319221 0.8635812 9.662685 3.819807 0.4975371 9.662685 3.453727 0.9975628 9.662685 4.319828 0.4057804 9.901842 5.033707 0.7046552 9.901842 4.734838 -6.66336e-7 9.901842 5.142442 0.7046552 9.901842 3.918294 0.4057807 9.901842 3.619416 0.8140501 9.901842 4.326561 0.3918691 10.08536 4.726095 -6.8238e-7 10.08536 4.908457 0.3918687 10.08536 3.937377 0.5748912 10.08536 4.331727 0.2016457 10.20072 4.539108 -6.92465e-7 10.20072 4.633181 0.2963854 10.20072 4.334989 0.2016458 10.20072 4.13088 -6.95867e-7 10.23963 4.336083 -6.92465e-7 10.20072 4.036784 -6.8238e-7 10.08536 3.755037 -6.66336e-7 9.901842 3.510679 -6.45429e-7 9.662685 3.320435 -6.21081e-7 9.38418 3.197212 -5.96718e-7 9.105497 3.149425 -5.98708e-7 9.128265 3.053508 -5.96718e-7 9.105497 3.149425 0.6230337 9.128265 3.220465 0.5748915 9.105497 3.303479 0.9975632 9.105497 3.726141 1.080997 9.128265 3.678331 1.152271 9.105497 4.303534 1.248689 9.128265 4.303902 -5.95514e-7 9.091732 3.030114 0.636434 9.091593 3.200745 -5.7517e-7 8.859019 3.114884 0.5871485 8.859019 3.272238 1.104035 9.091213 3.668552 1.018792 8.859019 3.703864 1.279579 8.904462 4.270233 1.287258 9.088523 4.298049 -4.62758e-7 7.573173 3.72977 0.3556976 7.573173 3.825075 -3.70685e-7 6.519987 3.963675 0.2543091 6.519987 4.031831 0.2356659 5.714072 4.052713 0.4229867 6.038013 4.224145 0.4422982 6.519984 4.21981 -2.85167e-7 5.541766 3.995101 0.6179072 7.573169 4.087283 0.8019717 7.599409 4.445094 0.4964184 6.504014 4.490337 0.7116671 7.659396 4.682238 1.157168 9.128265 4.655716 1.248689 9.128265 4.303902 0.9975625 9.105497 4.880911 1.152271 9.105497 4.303534 1.057293 9.128265 4.940445 0.5748899 9.105497 5.303574 0.6232127 9.128265 5.413905 -5.96718e-7 9.105497 5.457641 -5.98708e-7 9.128265 5.586857 1.287258 9.088523 4.298049 1.191964 9.091843 4.659913 1.279579 8.904462 4.270233 5.24093e-7 -3.715084 0.4304284 0.4864829 -3.715106 0.9718856 0.2236632 -3.715106 1.123625 5.24095e-7 -3.715106 1.16316 0.6337293 -3.715106 0.7963311 0.712141 -3.715106 0.5810343 0.712141 -3.715106 0.2775563 0.6345478 -3.715106 0.06409102 0.4884781 -3.715106 -0.109839 0.2256584 -3.715106 -0.2615777 5.24095e-7 -3.715106 -0.3013195 0.8200773 -4.07589 1.353767 1.072848 -4.07589 1.049856 1.03771 -4.30343 1.389016 1.219862 -4.30343 1.134735 0.8202487 -4.30343 1.584836 0.5668324 -4.30343 1.731163 0.3773892 -4.07589 1.609379 0.2885324 -4.30343 1.821582 5.55636e-7 -4.07589 1.676044 5.75528e-7 -4.30343 1.851904 0.4864829 -3.715106 0.9718856 0.2236632 -3.715106 1.123625 5.24095e-7 -3.715106 1.16316 0.6337293 -3.715106 0.7963311 1.349 -4.30343 0.8498456 1.209658 -4.07589 0.6789948 1.409855 -4.30343 0.5636088 1.40987 -4.30343 0.2709802 1.209679 -4.07589 0.1678099 1.349024 -4.30343 -0.01524382 1.078718 -4.07589 -0.1923509 1.231018 -4.30343 -0.280281 1.060492 -4.30343 -0.5149964 0.8322902 -4.07589 -0.4858465 0.8430373 -4.30343 -0.7108015 0.3895804 -4.07589 -0.7414198 0.5896058 -4.30343 -0.8571028 0.3112902 -4.30343 -0.9475194 5.55636e-7 -4.07589 -0.8083701 5.75528e-7 -4.30343 -0.9781272 0.2256584 -3.715106 -0.2615777 0.4884781 -3.715106 -0.109839 0.6345478 -3.715106 0.06409102 5.24095e-7 -3.715106 -0.3013195 0.712141 -3.715106 0.2775563 0.712141 -3.715106 0.5810343 0.8232986 7.70729 5.456737 0.7291927 9.016613 5.636922 0.4116479 7.777469 5.64268 0.3647248 9.0164 5.797969 0.4513731 7.034036 5.548252 0.8880316 6.934274 5.365554 -4.84556e-7 7.822514 5.702237 -5.88915e-7 9.016239 5.83287 0.9965825 9.016587 5.434968 1.120391 7.662272 5.270056 1.26378 9.016571 5.106684 1.417484 7.59212 4.956985 1.196923 6.847092 5.171775 1.505815 6.731424 4.870959 -4.21856e-7 7.105315 5.623909 1.576528 7.432424 4.492117 1.659409 6.607567 4.3589 1.636652 7.272724 4.027243 1.50202 8.644587 4.340904 1.397651 9.016038 4.749644 1.714084 6.483707 3.846844 0.9655372 9.086762 5.409129 1.210666 9.092678 5.071793 1.057293 9.128265 4.940445 0.6232127 9.128265 5.413905 1.331496 9.092687 4.74119 1.191964 9.091843 4.659913 1.279579 8.904462 4.270233 1.450914 8.747551 4.33736 0.6996284 9.091502 5.588378 0.3528286 9.086372 5.763206 -5.98708e-7 9.128265 5.586857 -5.95494e-7 9.091499 5.777349 1.881151 4.584194 3.309259 1.901811 6.336626 3.712766 1.727957 4.841486 4.087345 1.826307 6.469147 4.306661 2.004306 5.659323 3.185842 2.106801 4.564544 2.658919 1.419273 5.115852 4.705301 1.655899 6.610697 4.877958 1.157496 5.240347 4.992562 1.311378 6.744712 5.20527 0.8598209 5.334465 5.192825 0.965426 6.850429 5.426392 0.4299093 5.444261 5.374012 0.4827094 6.958871 5.621482 -2.82093e-7 5.506608 5.42881 -4.13509e-7 7.009833 5.697363 1.773492 6.557098 4.329652 1.841953 6.391873 3.710857 1.714084 6.483707 3.846844 1.659409 6.607567 4.3589 1.606244 6.694805 4.879876 1.505815 6.731424 4.870959 1.260471 6.826199 5.194044 1.196923 6.847092 5.171775 0.9225331 6.92535 5.395302 0.8880316 6.934274 5.365554 0.4614232 7.030305 5.573279 0.4513731 7.034036 5.548252 -4.21856e-7 7.105315 5.623909 -4.21745e-7 7.104038 5.656829 1.342438 4.789408 2.976958 0.8808251 5.066019 3.4647 1.201591 5.826892 3.640574 0.7541939 5.950719 4.089046 0.4229867 6.038013 4.224145 0.2356659 5.714072 4.052713 -2.85167e-7 5.541766 3.995101 -2.43575e-7 5.066019 3.669953 1.684931 5.68953 2.994637 1.848488 4.564544 2.483402 0.6747463 6.505772 4.480756 0.4964184 6.504014 4.490337 0.7116671 7.659396 4.682238 1.169981 7.623526 4.46305 1.105388 6.535536 4.093851 1.491515 7.47032 3.894212 1.495462 6.521971 3.687253 1.521375 6.39704 3.505872 1.279579 8.904462 4.270233 1.007321 4.236299 2.00247 0.9337803 4.541158 1.883677 0.5229113 4.236299 2.202668 0.4847354 4.541157 2.069112 0.8042536 4.825238 1.66735 0.4174968 4.825238 1.826476 0.6332898 5.069189 1.378119 0.3287473 5.069189 1.502421 0.4346363 5.256371 1.039307 -1.97691e-7 4.541156 2.133891 -1.71039e-7 4.2363 2.272377 0.5536114 4.10759 2.313453 -1.59787e-7 4.107591 2.386982 -2.22526e-7 4.825238 1.882811 -2.43853e-7 5.069189 1.547793 1.066461 4.10759 2.101278 1.454459 4.10759 1.817892 1.371785 4.236299 1.736586 1.635233 4.2363 1.37455 1.513331 4.541156 1.30417 1.270325 4.541157 1.63839 1.294048 4.825238 1.177566 1.089256 4.825238 1.460367 1.002291 5.069189 1.00912 0.8490506 5.069189 1.222786 0.6615527 5.256371 0.8123953 1.735358 4.107589 1.432357 0.2762742 5.374044 0.5899546 -2.70504e-7 5.374043 0.7292888 -2.7285e-7 5.400886 0.4304412 -2.60217e-7 5.256371 1.155783 0.2588039 5.374043 0.2810268 -2.70504e-7 5.374044 0.1114333 0.3099688 5.256371 -0.2503885 -2.60217e-7 5.256371 -0.3334484 0.6281588 5.256371 0.06777948 0.7639816 5.069189 -0.3902434 0.5040621 5.069189 -0.5918338 1.000247 4.825238 -0.6291297 0.669061 4.825238 -0.8845083 1.176757 4.541157 -0.8086788 0.7916431 4.541158 -1.104845 1.273332 4.236299 -0.9085185 0.8577505 4.236299 -1.22793 1.475225 4.541156 -0.4212749 1.595158 4.2363 -0.4905176 1.353924 4.10759 -0.9904977 1.694409 4.107591 -0.5478205 1.257784 4.825238 -0.295735 0.9676491 5.069189 -0.1282253 0.9137504 4.10759 -1.328551 0.474332 4.10759 -1.522873 0.4452554 4.236299 -1.410623 -1.71039e-7 4.2363 -1.457757 -1.97691e-7 4.541156 -1.316996 0.4109447 4.541157 -1.273658 -2.22526e-7 4.825238 -1.06379 0.3473075 4.825238 -1.027836 -2.43853e-7 5.069189 -0.7268986 0.261659 5.069189 -0.7010214 -1.59787e-7 4.107589 -1.573372 1.12833 4.275897 2.213159 1.377449 4.497879 2.432533 1.543763 4.275897 1.908985 1.841859 4.431484 1.9878 1.845521 4.275897 1.495959 1.735358 4.107589 1.432357 1.454459 4.10759 1.817892 2.086905 4.422605 1.635323 0.7399367 4.523134 2.723731 0.5857284 4.275897 2.438241 1.066461 4.10759 2.101278 0.5536114 4.10759 2.313453 -1.96115e-7 4.523134 2.809747 -1.74501e-7 4.275897 2.515488 -1.59787e-7 4.107591 2.386982 -1.96115e-7 4.523134 2.809747 0.8808251 5.066019 3.4647 -2.43575e-7 5.066019 3.669953 1.377449 4.497879 2.432533 1.342438 4.789408 2.976958 1.848488 4.564544 2.483402 2.061131 4.564544 2.172794 1.841859 4.431484 1.9878 2.314583 4.564544 1.766773 1.636652 7.272724 4.027243 1.491515 7.47032 3.894212 1.50202 8.644587 4.340904 1.279579 8.904462 4.270233 1.450914 8.747551 4.33736 1.495462 6.521971 3.687253 1.714084 6.483707 3.846844 2.279646 4.318543 2.82939 2.195108 4.414112 2.763577 1.937724 4.50713 3.377434 1.881151 4.584194 3.309259 1.727957 4.841486 4.087345 1.781788 4.761833 4.181802 2.672444 4.147298 2.663714 2.106801 4.564544 2.658919 2.359251 4.564544 2.414176 2.657568 4.564447 1.964795 2.982108 4.144668 2.152168 2.724533 4.03046 2.703034 3.042044 4.022405 2.186772 1.419273 5.115852 4.705301 1.49497 5.022068 4.799657 1.157496 5.240347 4.992562 1.198113 5.165089 5.12597 0.8598209 5.334465 5.192825 0.8904451 5.265974 5.337328 0.4299093 5.444261 5.374012 0.445234 5.377568 5.522275 -2.82093e-7 5.506608 5.42881 -2.764e-7 5.441484 5.581382 0.8991463 5.177375 5.379362 0.4495859 5.289996 5.564323 0.4167819 4.038908 5.245777 0.8335658 3.932565 5.089507 0.3823626 2.726219 4.809274 0 2.771176 4.834843 -1.58586e-7 4.093849 5.288491 0.7647268 2.625905 4.682977 1.11819 3.811967 4.873639 1.021969 2.489044 4.465504 1.402814 3.639966 4.544215 1.520724 4.921246 4.825282 1.209916 5.073092 5.165213 1.24491 2.322456 4.189731 -2.68845e-7 5.355065 5.623541 1.609287 3.510565 3.925733 1.464776 2.296877 3.52283 1.810225 3.381164 3.230266 1.560091 2.29693 2.979022 1.959311 4.403345 3.403819 2.313017 4.212758 2.858308 2.246479 3.004829 2.854512 1.797245 4.663288 4.211267 2.161554 1.904761 2.765022 2.721529 2.936761 2.680563 2.605096 1.714219 2.453303 3.010958 2.871622 2.168825 2.904893 1.649344 2.107588 3.083651 3.862625 2.210794 2.764434 3.871043 2.729477 3.054392 1.714219 1.675098 3.309422 2.936761 1.662302 3.373236 3.871043 1.675002 3.102578 1.904761 1.13512 3.222541 3.004829 1.163923 2.987176 2.29693 0.5072386 3.329825 3.381164 0.598239 3.410472 2.296877 0.1527892 3.83165 3.510565 0.07648688 3.259097 4.212758 1.219648 3.554672 4.403345 0.6405749 4.172907 4.663289 0.09649741 3.878092 2.322456 -0.3710716 4.264034 3.639966 -0.4115631 4.005443 2.489044 -0.702029 4.40701 3.811967 -0.8227674 4.566401 4.921246 -0.4499855 4.705386 5.073092 -0.8891182 4.065161 2.625905 -1.033545 4.451645 3.932565 -1.177193 3.983355 2.72622 -1.42783 4.378586 4.038909 -1.616274 4.735458 5.177376 -1.265326 4.670859 5.289997 -1.747138 3.814318 2.771176 -1.771752 4.207187 4.093849 -1.998575 3.961806 4.038908 -2.338163 3.600993 2.72622 -2.090103 3.618078 3.932565 -2.620973 3.83631 5.177376 -2.822695 4.221274 5.289997 -2.525846 3.300436 2.625905 -2.358092 3.288819 3.811967 -2.759531 2.983474 2.489044 -2.472133 2.861218 3.639966 -2.84131 3.045676 4.921246 -3.083957 3.49547 5.073092 -2.984757 2.63318 2.322456 -2.527321 4.497348 5.355066 -2.1661 2.222362 3.510565 -2.71088 1.945692 2.296877 -2.384279 1.5196 3.381164 -2.537163 1.427083 2.29693 -2.194919 1.595358 4.403345 -2.753053 0.9460786 4.212758 -2.786615 0.9760601 3.004829 -2.727093 2.375661 4.663288 -3.016422 0.9410223 1.904761 -2.608801 0.5878916 2.936761 -3.051523 0.4492951 1.714218 -2.83706 0 2.871622 -3.046308 0 1.649343 -2.923834 -1.38371e-7 3.862625 -3.130245 0.6087993 3.871043 -3.11314 1.583302 4.50713 -2.721166 0.9377203 4.318543 -2.743257 0.9229935 4.414112 -2.637138 1.552546 4.584194 -2.638084 2.302987 4.841486 -2.894458 2.357872 4.761833 -2.988304 0.5978417 4.147298 -3.000591 0.8765103 4.564544 -2.508332 0.538332 4.564544 -2.604588 -1.99727e-7 4.564447 -2.638248 -1.63028e-7 4.144668 -3.012994 0.6058492 4.030459 -3.065361 -1.5234e-7 4.022405 -3.082203 2.992494 5.115852 -2.936108 3.036358 5.022069 -3.04884 3.372158 5.240347 -2.853032 3.467384 5.165089 -2.954911 3.694428 5.334466 -2.695371 3.80426 5.265974 -2.794144 4.066298 5.444262 -2.413649 4.187034 5.377569 -2.501052 4.328709 5.506608 -2.068734 4.460838 5.441484 -2.145022 4.632267 5.377569 -1.729882 4.496205 5.444262 -1.669022 4.694705 5.265974 -1.251845 4.554251 5.334466 -1.206116 4.665496 5.165089 -0.8797181 4.529654 5.240347 -0.8481884 4.531329 5.022069 -0.4594753 4.411768 5.115852 -0.4778538 4.139662 4.761834 0.09784334 4.030947 4.841487 0.09845262 3.521029 4.507131 0.6350728 3.433699 4.584194 0.6201667 3.118104 4.414113 1.164902 3.217369 4.318543 1.205208 3.270287 4.147298 1.628218 2.983314 4.564544 1.140755 2.897584 4.564544 1.481754 3.330384 4.03046 1.653669 0.4750541 -1.892394 3.153182 0.4595068 -1.792987 3.067638 0.2375345 -1.799888 3.23676 0.229753 -1.700418 3.149346 3.46564e-7 -1.684387 3.117206 3.55275e-7 -1.784027 3.206591 0.604766 -1.915392 2.939134 0.6257036 -2.015752 3.019951 0.7800666 -2.114334 2.75534 0.8063884 -2.215732 2.83152 0.9911168 -2.392807 2.613101 0.9569733 -2.296414 2.541068 1.152168 -2.485172 2.38945 1.11015 -2.395086 2.32117 1.492844 -2.559318 2.231356 1.553788 -2.653979 2.297678 1.851688 -2.734534 1.944537 1.922945 -2.830601 2.001285 2.066793 -2.827464 1.623711 2.14868 -2.925255 1.670988 0.8085106 -2.284206 2.840559 0.6260061 -2.08351 3.029895 0.7154973 -2.769572 2.780955 0.9943695 -2.460988 2.623001 0.9198466 -2.871367 2.57296 1.927697 -2.894276 2.006554 1.562077 -2.719478 2.30443 1.374997 -3.325508 2.060328 0.9656631 -3.305391 2.106274 1.159638 -2.55273 2.399239 0.8956657 -4.228075 1.813132 1.082221 -4.228164 1.67979 1.64704 -3.404128 1.807709 2.152836 -2.987065 1.673388 1.850515 -3.482745 1.498843 1.281012 -4.228184 1.511332 1.460429 -4.228203 1.273626 0.7278048 -3.676429 2.07484 0.6388022 -4.227455 1.927075 0.309874 -4.236066 2.047405 0.3631508 -3.896247 2.202896 5.6994e-7 -4.239515 2.098906 5.40875e-7 -3.90705 2.274579 2.016264 -3.404128 1.168195 2.328798 -2.894276 1.311828 2.099017 -3.325508 0.8062892 1.623073 -4.228164 0.743007 1.645274 -4.228075 0.5147737 1.93414 -3.305391 0.4288222 2.403956 -2.719478 0.8462538 2.284843 -2.552729 0.4503276 1.57658 -4.228184 0.9993935 1.787989 -3.676429 0.238548 1.615519 -4.227455 0.235352 1.555264 -4.236066 -0.1096734 1.716562 -3.896247 -0.1412797 1.444929 -4.239515 -0.4037825 1.597065 -3.907049 -0.4916186 1.353411 -3.896247 -0.770275 1.24539 -4.236066 -0.6463905 1.060184 -3.676429 -1.022046 0.9767167 -4.227455 -0.871085 0.7496078 -4.228075 -1.036564 0.9684766 -3.305391 -1.243754 0.7240192 -3.325508 -1.575275 0.841878 -2.719478 -1.859342 1.125204 -2.55273 -1.558225 0.5408514 -4.228164 -1.131455 0.3692237 -3.404128 -1.684562 0.2955678 -4.228184 -1.219384 0.4010995 -2.894277 -2.02704 4.60447e-7 -2.987066 -2.055433 5.03781e-7 -3.482745 -1.706343 5.68951e-7 -4.228203 -1.25591 0.8401747 -2.65398 -1.848788 0.3989121 -2.830601 -2.02029 0.3853952 -2.734534 -1.930206 4.46495e-7 -2.827464 -1.956079 4.55044e-7 -2.925256 -2.050633 0.8132103 -2.559318 -1.762848 1.120462 -2.485172 -1.54686 1.082339 -2.395086 -1.476332 1.349364 -2.296414 -1.453626 1.394675 -2.392807 -1.519213 1.623383 -2.114334 -1.407557 1.676195 -2.215731 -1.468442 1.929724 -2.015752 -1.40618 1.870204 -1.915392 -1.347639 2.12043 -1.892394 -1.342329 2.05412 -1.792987 -1.286093 2.311571 -1.799887 -1.17842 2.239758 -1.700418 -1.127974 2.326801 -1.684386 -0.9129321 2.404211 -1.784027 -0.957625 2.131002 -1.959085 -1.345324 2.320784 -1.866387 -1.182518 2.125913 -2.504872 -1.215889 1.682962 -2.284206 -1.474799 1.938185 -2.083509 -1.411414 1.67785 -2.769572 -1.364446 1.401622 -2.460988 -1.526979 1.395546 -2.871367 -1.437419 2.414086 -1.851108 -0.9633261 1.58209 -3.237337 -1.201756 1.940729 -3.213324 -0.9824749 2.083879 -3.195769 -0.7726812 2.339069 -2.447726 -0.9200148 1.29522 -3.28756 -1.266221 0.9684766 -3.305391 -1.243754 1.125204 -2.55273 -1.558225 1.060184 -3.676429 -1.022046 1.324936 -3.488946 -1.143342 1.353411 -3.896247 -0.770275 1.535677 -3.618537 -0.980239 1.597065 -3.907049 -0.4916186 1.808375 -3.658138 -0.6136186 1.989529 -3.618537 -0.1941446 1.716562 -3.896247 -0.1412797 2.02541 -3.488946 0.06991338 1.787989 -3.676429 0.238548 2.116968 -3.28756 0.1570882 1.93414 -3.305391 0.4288222 2.315394 -2.871367 0.1558012 2.284843 -2.552729 0.4503276 2.204575 -3.237337 -0.1235821 2.393348 -2.769572 -0.1251682 2.395992 -2.460988 0.1953191 2.491473 -2.284206 -0.07441812 2.564191 -2.083509 -0.3271396 2.555428 -2.015751 -0.3224296 2.482585 -2.215731 -0.07173639 2.40345 -2.114334 -0.05644202 2.47497 -1.915392 -0.3001539 2.595485 -1.892394 -0.5195115 2.513628 -1.792987 -0.4902037 2.549106 -1.799887 -0.7669988 2.469511 -1.700418 -0.73003 2.326801 -1.684386 -0.9129321 2.404211 -1.784027 -0.957625 2.385793 -2.392807 0.1974523 2.306338 -2.296414 0.2039 2.272629 -2.485172 0.4487522 2.192489 -2.395086 0.4465031 2.306055 -2.559318 0.8228337 2.393964 -2.653979 0.8424516 2.237084 -2.734534 1.277011 2.321858 -2.830601 1.310348 2.603363 -1.959085 -0.5271695 2.557261 -1.866387 -0.7729291 2.488725 -2.504872 -0.5874802 2.193991 -3.213324 -0.5438128 0.6492921 0.2064005 4.049843 0.6334666 0.2800307 3.968293 0.3246278 0.3084926 4.159685 0.3167327 0.3814211 4.077268 1.63416e-7 0.4105736 4.072351 1.6975e-7 0.3381267 4.155885 0.8395944 0.157683 3.789284 0.8605213 0.07659029 3.865171 1.017865 -0.01060539 3.535968 1.063432 -0.1198601 3.582168 1.29987 -0.1706889 3.169528 1.266843 -0.0820418 3.104668 1.428933 -0.2157062 2.772459 1.389045 -0.1271809 2.712951 1.873691 -0.5193399 2.559412 1.931436 -0.6280252 2.617654 2.282843 -0.7242222 2.247547 2.348067 -0.8386851 2.297791 2.548253 -0.8034371 1.901681 2.621264 -0.9240452 1.943835 1.076185 -0.2325122 3.581188 0.864373 -0.02667456 3.882208 0.7385306 -0.9422137 3.474637 0.9181293 -1.144433 3.202171 0.604766 -1.915392 2.939134 0.4595068 -1.792987 3.067638 0.558932 -0.814382 3.633234 0.229753 -1.700418 3.149346 0.2794654 -0.7169777 3.729402 0.6525427 0.1069917 4.069461 0.3262897 0.2093267 4.179428 3.46564e-7 -1.684387 3.117206 2.59978e-7 -0.693961 3.7117 0.7800666 -2.114334 2.75534 1.7837e-7 0.2395219 4.175624 1.157061 -1.169447 2.923337 0.9569733 -2.296414 2.541068 1.297074 -1.194465 2.644504 1.11015 -2.395086 2.32117 1.440951 -0.3269675 2.794962 1.94299 -0.7396066 2.634549 1.725624 -1.597359 2.48924 1.307972 -0.2799975 3.18761 1.492844 -2.559318 2.231356 2.130811 -1.700658 2.167421 1.851688 -2.734534 1.944537 2.392248 -1.80396 1.811612 2.066793 -2.827464 1.623711 2.634002 -1.035924 1.951189 2.360436 -0.9506468 2.309875 2.237084 -2.734534 1.277011 2.569669 -1.700658 1.407297 2.80785 -0.9506468 1.534931 2.306055 -2.559318 0.8228337 2.645779 -1.597358 0.8954847 2.192489 -2.395086 0.4465031 2.565966 -1.194465 0.4467173 2.306338 -2.296414 0.2039 2.737437 -1.169447 0.186046 2.880304 -0.7396066 1.011075 2.768205 -0.3269674 0.4960896 3.041759 -0.2799974 0.1846023 2.40345 -2.114334 -0.05644202 2.859448 -1.144433 -0.1602917 2.47497 -1.915392 -0.3001539 3.005611 -0.9422135 -0.4520617 3.266714 -0.232512 -0.2129201 3.421498 -0.02667438 -0.5468644 2.513628 -1.792987 -0.4902037 3.053161 -0.8143818 -0.6868969 2.469511 -1.700418 -0.73003 2.996711 -0.7169774 -0.9770059 3.477751 0.106992 -0.8239423 3.409858 0.209327 -1.161468 2.326801 -1.684386 -0.9129321 2.841648 -0.6939607 -1.210179 2.717245 -0.7169774 -1.461055 2.239758 -1.700418 -1.127974 2.494228 -0.8143818 -1.654996 2.825207 0.1069919 -1.954179 3.083567 0.2093269 -1.726619 2.05412 -1.792987 -1.286093 2.267079 -0.9422136 -1.731234 1.870204 -1.915392 -1.347639 1.941318 -1.144433 -1.750538 2.190529 -0.2325121 -2.076927 2.557126 -0.02667444 -2.044003 1.623383 -2.114334 -1.407557 3.243418 0.2395222 -1.442141 1.580375 -1.169447 -1.818042 1.349364 -2.296414 -1.453626 1.268892 -1.194465 -1.79988 1.082339 -2.395086 -1.476332 1.327254 -0.3269675 -1.999711 0.9373124 -0.7396067 -2.354283 0.9201543 -1.597359 -2.093384 1.733787 -0.2799975 -2.080872 0.8132103 -2.559318 -1.762848 0.4388568 -1.700658 -2.283375 0.3853952 -2.734534 -1.930206 3.57017e-7 -1.80396 -2.331882 4.46495e-7 -2.827464 -1.956079 2.89873e-7 -1.035924 -2.611036 0.4474131 -0.9506469 -2.553463 1.313774 -0.2157062 -1.978051 0.9284573 -0.6280253 -2.335829 0.9068909 -0.51934 -2.256699 1.282183 -0.1271809 -1.913752 1.68252 -0.08204174 -2.003781 1.722179 -0.1706889 -2.064814 0.432232 -0.7242223 -2.455102 0.4431324 -0.8386852 -2.53671 2.69549e-7 -0.8034374 -2.512021 2.80093e-7 -0.9240455 -2.596328 2.180526 -0.01060527 -2.003811 2.197753 -0.11986 -2.066372 2.544296 0.07659047 -2.032148 2.48904 0.1576831 -1.976082 2.809843 0.2064006 -1.941555 2.747132 0.2800309 -1.887076 3.067301 0.3084928 -1.715309 2.999872 0.3814213 -1.667262 3.15398 0.4105738 -1.390505 3.226323 0.338127 -1.432272 3.391931 0.3084928 -1.153037 3.316606 0.3814213 -1.118665 3.3806 0.280031 -0.7898783 3.459134 0.2064007 -0.8169484 3.328636 0.1576832 -0.5218615 3.404819 0.07659053 -0.5416812 3.198393 -0.01060521 -0.2408159 3.261186 -0.1198599 -0.2244538 3.022049 -0.1706888 0.1866267 2.949364 -0.08204168 0.1904551 2.742708 -0.2157061 0.496934 2.671228 -0.1271808 0.492143 2.780583 -0.5193399 0.9886291 2.859894 -0.6280251 1.009517 2.715076 -0.7242221 1.498897 2.791201 -0.838685 1.530261 0.3961822 2.668719 4.953333 0.7923657 2.567141 4.824503 0.3823626 2.726219 4.809274 0 2.771176 4.834843 0 2.714753 4.981924 0.7991629 2.483439 4.860882 0.3995836 2.585598 4.990221 0.3592789 1.51333 4.595847 0.7185597 1.411587 4.476431 0.3167327 0.3814211 4.077268 1.63416e-7 0.4105736 4.072351 0 1.551276 4.607956 0.6334666 0.2800307 3.968293 0.9565494 1.276009 4.271156 0.8395944 0.157683 3.789284 1.194539 1.076632 3.958575 1.335334 2.130144 4.29909 1.067238 2.334414 4.630419 1.017865 -0.01060539 3.535968 0 2.587386 4.985796 1.403166 1.052684 3.438548 1.266843 -0.0820418 3.104668 1.534361 1.028735 2.941334 1.389045 -0.1271809 2.712951 1.639351 2.121956 3.093746 2.269543 1.706071 2.87411 2.077161 0.6245304 2.770872 1.532056 2.125533 3.657528 1.873691 -0.5193399 2.559412 2.510253 0.4863454 2.425836 2.282843 -0.7242222 2.247547 2.799604 0.3481603 2.046799 2.548253 -0.8034371 1.901681 3.005561 1.438098 2.165709 2.725377 1.509236 2.546119 1.616437 2.222747 3.060596 2.245329 1.808826 2.845956 2.161554 1.904761 2.765022 1.560091 2.29693 2.979022 1.464776 2.296877 3.52283 1.515515 2.222535 3.622883 2.605096 1.714219 2.453303 2.699168 1.612762 2.524042 2.904893 1.649344 2.107588 2.98873 1.541951 2.155992 1.24491 2.322456 4.189731 1.313435 2.230373 4.279357 1.021969 2.489044 4.465504 1.058216 2.42243 4.595801 0.7647268 2.625905 4.682977 0.3823626 2.726219 4.809274 3.162691 1.612762 1.721198 3.054392 1.714219 1.675098 3.214556 1.808826 1.167205 3.102578 1.904761 1.13512 3.085994 2.222747 0.5152487 2.987176 2.29693 0.5072386 3.410472 2.296877 0.1527892 3.522488 2.222535 0.1467043 3.878092 2.322456 -0.3710716 3.98997 2.230374 -0.356539 4.005443 2.489044 -0.702029 4.136411 2.42243 -0.7357873 4.065161 2.625905 -1.033545 4.201548 2.567141 -1.080372 3.983355 2.72622 -1.42783 4.115025 2.668719 -1.487892 3.814318 2.771176 -1.771752 3.941692 2.714754 -1.845291 3.718842 2.668719 -2.174102 3.600993 2.72622 -2.090103 3.409181 2.567141 -2.452791 3.300436 2.625905 -2.358092 3.078192 2.42243 -2.568673 2.983474 2.489044 -2.472133 2.676534 2.230374 -2.631476 2.63318 2.322456 -2.527321 2.006971 2.222535 -2.478246 1.945692 2.296877 -2.384279 1.469556 2.222747 -2.284503 1.427083 2.29693 -2.194919 0.9410223 1.904761 -2.608801 0.9692256 1.808826 -2.721819 0.4492951 1.714218 -2.83706 0.4635204 1.612762 -2.9539 0 1.649343 -2.923834 0 1.54195 -3.02064 2.682675 2.130144 -2.660309 3.103661 2.334414 -2.593794 2.847876 1.276009 -2.318305 2.458176 1.076632 -2.368118 2.48904 0.1576831 -1.976082 2.747132 0.2800309 -1.887076 3.144645 1.411587 -2.214837 2.999872 0.3814213 -1.667262 3.427702 1.513331 -1.963399 3.437289 2.483439 -2.476867 3.749089 2.585598 -2.195491 3.15398 0.4105738 -1.390505 3.617829 1.551276 -1.658308 2.180526 -0.01060527 -2.003811 3.973551 2.632536 -1.863686 1.903508 1.052684 -2.288781 1.68252 -0.08204174 -2.003781 1.40731 1.028735 -2.153793 1.282183 -0.1271809 -1.913752 1.486808 2.121956 -2.320923 0.9815009 1.706071 -2.756866 0.9882857 0.6245303 -2.538639 2.028704 2.125533 -2.509893 0.9068909 -0.51934 -2.256699 0.4729295 0.4863452 -2.74119 0.432232 -0.7242223 -2.455102 1.68873e-7 0.3481601 -2.802256 2.69549e-7 -0.8034374 -2.512021 0 1.438098 -3.040074 0.4695356 1.509236 -2.987634 0.2364761 -1.866388 3.246788 0.3628117 -2.504872 3.09471 0.4723615 -1.959085 3.163834 3.61139e-7 -1.851108 3.217994 4.13297e-7 -2.447726 3.131371 4.78693e-7 -3.195769 2.836704 0.2532618 -3.213325 2.817629 0.622484 -3.237337 2.616679 0.8217487 -3.28756 2.400475 0.9656631 -3.305391 2.106274 1.159638 -2.55273 2.399239 0.7278048 -3.676429 2.07484 0.7004739 -3.488946 2.364771 0.3631508 -3.896247 2.202896 0.4538521 -3.618537 2.465725 5.40875e-7 -3.90705 2.274579 5.19114e-7 -3.658138 2.518578 1.841953 6.391873 3.710857 1.521375 6.39704 3.505872 1.714084 6.483707 3.846844 1.495462 6.521971 3.687253 0.2885324 -4.30343 1.821582 0.309874 -4.236066 2.047405 5.75528e-7 -4.30343 1.851904 5.6994e-7 -4.239515 2.098906 0.6388022 -4.227455 1.927075 0.5668324 -4.30343 1.731163 0.5668324 -4.30343 1.731163 0.8956657 -4.228075 1.813132 0.8202487 -4.30343 1.584836 1.082221 -4.228164 1.67979 1.03771 -4.30343 1.389016 1.281012 -4.228184 1.511332 1.219862 -4.30343 1.134735 1.460429 -4.228203 1.273626 1.57658 -4.228184 0.9993935 1.349 -4.30343 0.8498456 1.623073 -4.228164 0.743007 1.409855 -4.30343 0.5636088 1.645274 -4.228075 0.5147737 1.40987 -4.30343 0.2709802 1.615519 -4.227455 0.235352 1.555264 -4.236066 -0.1096734 1.349024 -4.30343 -0.01524382 1.231018 -4.30343 -0.280281 1.444929 -4.239515 -0.4037825 1.24539 -4.236066 -0.6463905 1.060492 -4.30343 -0.5149964 0.9767167 -4.227455 -0.871085 0.8430373 -4.30343 -0.7108015 1.40987 -4.30343 0.2709802 0.8430373 -4.30343 -0.7108015 0.7496078 -4.228075 -1.036564 0.5896058 -4.30343 -0.8571028 0.5408514 -4.228164 -1.131455 0.3112902 -4.30343 -0.9475194 0.2955678 -4.228184 -1.219384 5.75528e-7 -4.30343 -0.9781272 5.68951e-7 -4.228203 -1.25591 -2.31102e-7 4.923342 5.498026 -2.40879e-7 5.035171 6.144176 0.01258194 4.8818 5.48834 0.07158243 4.959115 6.107591 0.09826713 4.967254 6.777832 -2.41559e-7 5.042947 6.852787 0.08130985 4.88439 7.496723 -2.33395e-7 4.949569 7.543434 -2.27378e-7 4.880747 7.606558 0.08130985 4.88439 7.496723 -2.27378e-7 4.880747 7.606558 -2.15443e-7 4.744216 7.481141 0.08130985 4.88439 7.496723 -2.15443e-7 4.744216 7.481141 0.09826713 4.967254 6.777832 -2.22501e-7 4.824961 6.786355 0.07158243 4.959115 6.107591 -2.27555e-7 4.882766 6.135775 -2.23244e-7 4.833457 5.477075 0.01258194 4.8818 5.48834 0 2.608968 4.93378 0 2.728051 5.813767 0.01000314 2.579708 4.93448 0.07158273 2.651994 5.777208 0.09826743 2.660132 6.447423 0 2.735826 6.522374 0.08131015 2.577272 7.16631 0 2.642444 7.213048 0 2.573621 7.276175 0.08131015 2.577272 7.16631 0 2.573621 7.276175 0 2.437097 7.150729 0.08131015 2.577272 7.16631 0 2.437097 7.150729 0.09826743 2.660132 6.447423 0 2.517838 6.455969 0.07158273 2.651994 5.777208 0 2.575642 5.805401 0 2.54775 4.935213 0.01000314 2.579708 4.93448 1.84268e-7 0.172058 4.074072 1.71805e-7 0.3146172 5.049173 0.008503139 0.1434278 4.076723 0.07158315 0.2385547 5.012601 0.09826791 0.2466919 5.682816 1.71126e-7 0.3223857 5.757781 0.08131062 0.1638315 6.401716 1.79289e-7 0.2290074 6.448441 1.85306e-7 0.1601844 6.511569 0.08131062 0.1638315 6.401716 1.85306e-7 0.1601844 6.511569 1.97242e-7 0.02365738 6.386148 0.08131062 0.1638315 6.401716 1.97242e-7 0.02365738 6.386148 0.09826791 0.2466919 5.682816 1.90183e-7 0.1043982 5.691352 0.07158315 0.2385547 5.012601 1.8513e-7 0.1622052 5.040784 1.89562e-7 0.1115072 4.07958 0.008503139 0.1434278 4.076723 3.66471e-7 -1.912101 3.173456 3.54052e-7 -1.770048 4.064459 0.01941382 -1.930642 3.175234 0.07158327 -1.846107 4.027909 0.09826838 -1.837967 4.698128 3.53373e-7 -1.762277 4.773066 0.0813111 -1.920831 5.417002 3.61537e-7 -1.855658 5.463727 3.67553e-7 -1.92448 5.526854 0.0813111 -1.920831 5.417002 3.67553e-7 -1.92448 5.526854 3.79488e-7 -2.061002 5.401434 0.0813111 -1.920831 5.417002 3.79488e-7 -2.061002 5.401434 0.09826838 -1.837967 4.698128 3.7243e-7 -1.98026 4.706638 0.07158327 -1.846107 4.027909 3.67376e-7 -1.922453 4.056093 3.69908e-7 -1.951416 3.177175 0.01941382 -1.930642 3.175234 0.02608042 -4.086679 2.127956 0.0715838 -3.99976 2.946527 5.58999e-7 -4.114364 2.130334 5.55655e-7 -4.07611 2.97471 5.60708e-7 -4.133916 3.625278 0.09826892 -3.991625 3.616756 5.67767e-7 -4.214655 4.320048 0.08131158 -4.074485 4.335643 5.54432e-7 -4.062122 2.125313 5.42331e-7 -3.923699 2.983099 0.02608042 -4.086679 2.127956 0.0715838 -3.99976 2.946527 0.09826892 -3.991625 3.616756 5.41651e-7 -3.915928 3.691708 0.08131158 -4.074485 4.335643 5.49814e-7 -4.009305 4.382368 5.55832e-7 -4.078134 4.445495 0.08131158 -4.074485 4.335643 5.55832e-7 -4.078134 4.445495 5.67767e-7 -4.214655 4.320048 -4.04081e-7 6.901988 5.678464 -4.07588e-7 6.942098 5.680895 -4.14729e-7 7.023792 6.57123 0.07158213 7.100142 6.543046 -4.14729e-7 7.023792 6.57123 -4.07588e-7 6.942098 5.680895 -4.28054e-7 7.176204 6.579606 0.07158213 7.100142 6.543046 -4.13509e-7 7.009833 5.697363 -4.07588e-7 6.942098 5.680895 0.09826683 7.108278 7.213265 -4.28733e-7 7.183971 7.288216 0.08130955 7.025418 7.874047 -4.20569e-7 7.090594 7.978877 -4.14553e-7 7.021772 8.042004 0.08130955 7.025418 7.874047 -4.14553e-7 7.021772 8.042004 -4.02617e-7 6.885241 7.916571 0.08130955 7.025418 7.874047 -4.02617e-7 6.885241 7.916571 0.09826683 7.108278 7.213265 -4.09676e-7 6.965986 7.221798 0.07158213 7.100142 6.543046 -4.14729e-7 7.023792 6.57123 2.061131 4.564544 2.172794 1.848488 4.564544 2.483402 2.359251 4.564544 2.414176 2.106801 4.564544 2.658919 2.314583 4.564544 1.766773 2.657568 4.564447 1.964795 1.848488 4.564544 2.483402 1.684931 5.68953 2.994637 2.106801 4.564544 2.658919 2.004306 5.659323 3.185842 1.521375 6.39704 3.505872 1.901811 6.336626 3.712766 1.841953 6.391873 3.710857 0 2.587386 4.985796 3.932804 9.105497 -2.503987 3.355433 9.105497 -2.658701 3.920428 9.38418 -2.474126 3.362735 9.38418 -2.623571 4.353676 9.105497 -2.083151 4.326898 9.38418 -2.067691 2.778053 9.105497 -2.503993 2.805036 9.38418 -2.474138 2.355372 9.105497 -2.081316 2.396773 9.38418 -2.065872 2.200671 9.105497 -1.50394 2.247329 9.38418 -1.508161 3.869575 9.662685 -2.378161 3.36954 9.662685 -2.512138 4.2338 9.662685 -2.013939 2.503479 9.662685 -2.012117 2.369467 9.662685 -1.512074 2.869518 9.662685 -2.378159 3.783647 9.901842 -2.2226 3.375383 9.901842 -2.332 4.080706 9.901842 -1.925551 2.668236 9.901842 -1.923728 2.558836 9.901842 -1.515455 2.967106 9.901842 -2.222599 3.524202 10.08536 -2.056747 3.878072 10.08536 -1.808559 2.841154 10.08536 -1.662388 3.091161 10.08536 -2.018066 3.45738 10.20072 -1.798515 3.639673 10.20072 -1.67092 3.233236 10.20072 -1.778502 3.103844 10.20072 -1.594401 3.382379 10.23963 -1.522371 3.123177 10.20072 -1.372721 2.879179 10.08536 -1.231848 2.667558 9.901842 -1.109669 2.502802 9.662685 -1.014547 2.396087 9.38418 -0.9529351 2.354703 9.105497 -0.9290417 2.271636 9.128265 -0.8810835 2.354703 9.105497 -0.9290417 2.104708 9.128265 -1.504126 2.200671 9.105497 -1.50394 2.355372 9.105497 -2.081316 2.272249 9.128265 -2.129667 2.778053 9.105497 -2.503993 2.730163 9.128265 -2.587678 2.251377 9.091732 -0.8693866 2.080929 9.091593 -1.505871 2.324789 8.859019 -0.9117715 2.167487 8.859019 -1.498935 2.252261 9.091213 -2.144728 2.325464 8.859019 -2.088562 2.68556 8.904462 -2.597595 2.705811 9.088523 -2.618153 2.857296 7.573173 -1.219214 2.761985 7.573173 -1.574912 3.059866 6.519988 -1.336168 2.991734 6.519988 -1.590484 3.019141 5.714072 -1.58478 3.073943 6.038014 -1.83272 3.060534 6.519984 -1.847277 3.08708 5.541767 -1.35188 2.857956 7.573169 -1.933095 3.075799 7.599409 -2.271405 3.267758 6.504014 -2.029411 3.326323 7.659396 -2.311771 3.080605 9.128265 -2.684326 2.730163 9.128265 -2.587678 3.355433 9.105497 -2.658701 2.778053 9.105497 -2.503993 3.377124 9.128265 -2.740196 3.932804 9.105497 -2.503987 4.004195 9.128265 -2.601002 4.353676 9.105497 -2.083151 4.465578 9.128265 -2.147758 2.705811 9.088523 -2.618153 3.066842 9.091843 -2.716559 2.68556 8.904462 -2.597595 4.627406 9.128265 -1.521563 4.507697 9.105497 -1.508247 4.434418 9.128265 -0.9089093 4.352996 9.105497 -0.9308701 4.237774 9.128265 -0.6800502 3.978855 9.128265 -0.4248828 3.930327 9.105497 -0.5081992 3.99307 9.088523 -0.3885551 4.258808 9.091843 -0.652015 3.965139 8.904462 -0.3812965 3.941242 7.70729 -2.795697 4.144341 9.016613 -2.804292 4.308102 7.777469 -2.53217 4.466044 9.0164 -2.569177 4.206461 7.034036 -2.519358 3.829912 6.934275 -2.806167 4.565504 7.822515 -2.205449 4.678633 9.016239 -2.270764 3.835752 9.016587 -2.934883 3.631025 7.662273 -2.959644 3.417848 9.016571 -3.002138 3.211353 7.592121 -3.060401 3.507648 6.847092 -2.976786 3.092685 6.731424 -3.093883 4.49767 7.105316 -2.166285 2.729242 7.432424 -2.965701 2.572434 6.607567 -2.97087 2.296589 7.272724 -2.785334 2.635542 8.644587 -2.82557 3.041708 9.016038 -2.939553 2.101642 6.483707 -2.762193 3.828894 9.086762 -2.895075 3.414189 9.092678 -2.938696 3.377124 9.128265 -2.740196 4.004195 9.128265 -2.601002 3.067463 9.092687 -2.878035 3.066842 9.091843 -2.716559 2.68556 8.904462 -2.597595 2.658028 8.747551 -2.779539 4.117084 9.091502 -2.754417 4.441886 9.086372 -2.541493 4.465578 9.128265 -2.147758 4.630552 9.091499 -2.243005 4.794719 9.086372 -1.930373 4.627406 9.128265 -1.521563 4.816711 9.091502 -1.542622 4.794433 9.086762 -1.222714 4.434418 9.128265 -0.9089093 4.624857 9.092678 -0.8417578 4.398962 9.092687 -0.5718147 4.258808 9.091843 -0.652015 3.965139 8.904462 -0.3812965 4.108945 8.747551 -0.2664813 4.873536 9.016613 -1.541291 4.830772 9.0164 -1.937452 4.719752 7.777469 -1.819172 4.764542 7.70729 -1.3697 4.657836 7.034036 -1.737555 4.717945 6.934275 -1.268049 4.832332 9.016587 -1.208748 4.751417 7.662273 -1.019069 4.681629 9.016571 -0.8132051 4.628838 7.592121 -0.6052452 4.704571 6.847092 -0.903651 4.598503 6.731424 -0.4857338 4.30577 7.432424 -0.2350738 4.231847 6.607567 -0.09668833 3.933244 7.272724 0.0494312 4.137566 8.644587 -0.223993 4.439361 9.016038 -0.5187508 3.81573 6.483707 0.2066894 1.552546 4.584194 -2.638084 1.891664 6.336626 -2.857731 2.302987 4.841486 -2.894458 2.443743 6.469147 -3.089288 1.384087 5.659323 -2.683031 0.8765103 4.564544 -2.508332 2.992494 5.115852 -2.936108 3.023704 6.610698 -3.22736 3.372158 5.240347 -2.853032 3.479429 6.744713 -3.092651 3.694428 5.334466 -2.695371 3.843901 6.850429 -2.903611 4.066298 5.444262 -2.413649 4.25421 6.958872 -2.583111 4.328709 5.506608 -2.068734 4.571301 7.039016 -2.208797 2.490063 6.557098 -3.055044 1.91994 6.391873 -2.804936 2.101642 6.483707 -2.762193 2.572434 6.607567 -2.97087 3.050195 6.694806 -3.185319 3.092685 6.731424 -3.093883 3.495158 6.8262 -3.042951 3.507648 6.847092 -2.976786 3.838422 6.925351 -2.850919 3.829912 6.934275 -2.806167 4.22311 7.030306 -2.540575 4.206461 7.034036 -2.519358 4.49767 7.105316 -2.166285 4.526179 7.104038 -2.182745 4.684536 7.030306 -1.741364 4.736923 6.958872 -1.747032 4.809329 6.850429 -1.231441 4.496205 5.444262 -1.669022 4.554251 5.334466 -1.206116 4.790807 6.744713 -0.821277 4.529654 5.240347 -0.8481884 4.679606 6.610698 -0.3592566 4.411768 5.115852 -0.4778538 4.270051 6.469147 0.073969 4.030947 4.841487 0.09845262 3.793478 6.336626 0.4363049 3.433699 4.584194 0.6201667 3.388396 5.659324 0.7885299 2.983314 4.564544 1.140755 4.263555 6.557098 0.01673352 3.761894 6.391873 0.3854205 3.81573 6.483707 0.2066894 4.231847 6.607567 -0.09668833 4.656441 6.694806 -0.4032192 4.598503 6.731424 -0.4857338 4.755631 6.8262 -0.8597506 4.704571 6.847092 -0.903651 4.760959 6.925351 -1.253043 4.717945 6.934275 -1.268049 4.657836 7.034036 -1.737555 4.49767 7.105316 -2.166285 1.534123 4.789408 -2.005394 2.187326 5.066019 -1.849497 2.179254 5.826892 -2.215226 2.791341 5.950719 -2.052004 3.073943 6.038014 -1.83272 3.019141 5.714072 -1.58478 3.08708 5.541767 -1.35188 2.805493 5.066019 -1.189306 1.378186 5.68953 -2.310842 0.8536646 4.564544 -2.196868 3.170295 6.505773 -2.179056 3.267758 6.504014 -2.029411 3.326323 7.659396 -2.311771 2.907344 7.623527 -2.599088 2.619904 6.535536 -2.35855 2.253947 7.47032 -2.593126 2.072744 6.521971 -2.493065 1.902707 6.39704 -2.424816 2.68556 8.904462 -2.597595 0.9797071 4.275897 -1.438071 1.045131 4.497879 -1.763502 0.5085681 4.275897 -1.64576 0.4277762 4.431484 -1.943326 -1.74501e-7 4.275897 -1.700576 -1.59787e-7 4.107589 -1.573372 0.474332 4.10759 -1.522873 -1.87327e-7 4.422605 -1.979303 1.616072 4.523134 -1.356999 1.445935 4.275897 -1.080706 0.9137504 4.10759 -1.328551 1.353924 4.10759 -0.9904977 2.060533 4.523134 -0.7592024 1.805698 4.275897 -0.6120735 1.694409 4.107591 -0.5478205 2.060533 4.523134 -0.7592024 2.187326 5.066019 -1.849497 2.805493 5.066019 -1.189306 1.045131 4.497879 -1.763502 1.534123 4.789408 -2.005394 0.8536646 4.564544 -2.196868 0.4783492 4.564544 -2.225718 0.4277762 4.431484 -1.943326 -1.99735e-7 4.564544 -2.242203 2.296589 7.272724 -2.785334 2.253947 7.47032 -2.593126 2.635542 8.644587 -2.82557 2.68556 8.904462 -2.597595 2.658028 8.747551 -2.779539 2.072744 6.521971 -2.493065 2.101642 6.483707 -2.762193 1.91994 6.391873 -2.804936 1.902707 6.39704 -2.424816 2.101642 6.483707 -2.762193 2.072744 6.521971 -2.493065 4.880758 4.959115 -2.470119 4.940959 4.882767 -2.422218 4.322442 4.872381 -2.083764 4.330538 4.844062 -2.069791 5.504377 4.824961 -2.747509 5.447862 4.967254 -2.82835 6.106079 4.744216 -3.094901 6.078917 4.88439 -3.17311 4.322442 4.872381 -2.083764 4.330512 4.899804 -2.069777 4.880758 4.959115 -2.470119 4.948235 5.035172 -2.426419 5.447862 4.967254 -2.82835 5.561908 5.042948 -2.780723 6.078917 4.88439 -3.17311 6.160026 4.94957 -3.126047 6.214696 4.880747 -3.157611 5.546129 4.967254 -2.658144 6.16023 4.88439 -3.032273 6.160026 4.94957 -3.126047 6.214696 4.880747 -3.157611 4.952343 4.959115 -2.346133 4.330512 4.899804 -2.069777 4.338588 4.872381 -2.055792 6.078917 4.88439 -3.17311 6.214696 4.880747 -3.157611 6.106079 4.744216 -3.094901 4.594637 2.651995 -2.304927 4.654848 2.575643 -2.257031 3.922721 2.56526 -1.852986 3.930801 2.536941 -1.839002 5.218256 2.517839 -2.582316 5.161717 2.660133 -2.663144 5.819935 2.437098 -2.929697 5.792772 2.577272 -3.007903 3.922721 2.56526 -1.852986 3.930791 2.592683 -1.838998 4.594637 2.651995 -2.304927 4.66209 2.728051 -2.261213 5.161717 2.660133 -2.663144 5.275763 2.735826 -2.615518 5.792772 2.577272 -3.007903 5.873905 2.642444 -2.960853 5.928571 2.573622 -2.992416 5.259988 2.660133 -2.492939 5.874085 2.577272 -2.867069 5.873905 2.642444 -2.960853 5.928571 2.573622 -2.992416 4.666222 2.651995 -2.18094 3.930791 2.592683 -1.838998 3.938871 2.56526 -1.825014 5.792772 2.577272 -3.007903 5.928571 2.573622 -2.992416 5.819935 2.437098 -2.929697 3.93247 0.238555 -1.922623 3.992667 0.1622055 -1.874722 3.167766 0.1518202 -1.417112 3.175852 0.1235011 -1.403132 4.556075 0.1043986 -2.200006 4.499549 0.2466923 -2.280841 5.157786 0.02365779 -2.547405 5.130614 0.163832 -2.625607 3.167766 0.1518202 -1.417112 3.175838 0.179243 -1.403124 3.93247 0.238555 -1.922623 3.999932 0.3146176 -1.878916 4.499549 0.2466923 -2.280841 4.613605 0.3223861 -2.23322 5.130614 0.163832 -2.625607 5.211737 0.2290078 -2.578551 5.266403 0.1601848 -2.610114 4.59782 0.2466923 -2.110635 5.211927 0.163832 -2.484771 5.211737 0.2290078 -2.578551 5.266403 0.1601848 -2.610114 4.004051 0.238555 -1.798637 3.175838 0.179243 -1.403124 3.183916 0.1518202 -1.38914 5.130614 0.163832 -2.625607 5.266403 0.1601848 -2.610114 5.157786 0.02365779 -2.547405 3.079703 -1.846106 -1.430278 3.139902 -1.922453 -1.382377 2.347185 -1.932842 -0.9433494 2.355266 -1.96116 -0.9293665 3.703288 -1.98026 -1.707648 3.646785 -1.837967 -1.788496 4.304998 -2.061001 -2.055047 4.277826 -1.920831 -2.133249 2.347185 -1.932842 -0.9433494 2.355257 -1.905417 -0.9293617 3.079703 -1.846106 -1.430278 3.147145 -1.770048 -1.386558 3.646785 -1.837967 -1.788496 3.760818 -1.762277 -1.740863 4.277826 -1.920831 -2.133249 4.358945 -1.855657 -2.086193 4.413615 -1.92448 -2.117756 3.745053 -1.837967 -1.61829 4.359139 -1.920831 -1.992413 4.358945 -1.855657 -2.086193 4.413615 -1.92448 -2.117756 3.151286 -1.846106 -1.306292 2.355257 -1.905417 -0.9293617 2.363336 -1.932842 -0.9153768 4.277826 -1.920831 -2.133249 4.413615 -1.92448 -2.117756 4.304998 -2.061001 -2.055047 2.143197 -3.99976 -0.889586 2.203397 -4.07611 -0.8416845 1.468524 -4.081776 -0.4360539 1.476622 -4.110094 -0.4220812 2.766805 -4.133916 -1.166968 2.710289 -3.991624 -1.24781 3.368494 -4.214654 -1.514355 3.341344 -4.074484 -1.59257 1.468524 -4.081776 -0.4360539 1.4766 -4.054354 -0.422068 2.143197 -3.99976 -0.889586 2.210661 -3.923699 -0.8458785 2.710289 -3.991624 -1.24781 2.824335 -3.915928 -1.200183 3.341344 -4.074484 -1.59257 3.422464 -4.009304 -1.545514 3.477133 -4.078134 -1.577077 2.808558 -3.991624 -1.077604 3.422654 -4.074484 -1.451734 3.422464 -4.009304 -1.545514 3.477133 -4.078134 -1.577077 2.21478 -3.99976 -0.7655996 1.4766 -4.054354 -0.422068 1.484674 -4.081776 -0.4080809 3.341344 -4.074484 -1.59257 3.477133 -4.078134 -1.577077 3.368494 -4.214654 -1.514355 5.257873 7.100142 -2.687847 5.318074 7.023793 -2.639946 4.534292 6.942099 -2.216825 4.544914 6.901988 -2.193561 5.881482 6.965986 -2.965231 5.824956 7.108279 -3.046064 6.483173 6.885241 -3.312614 6.405689 7.025419 -3.361773 5.325329 7.176204 -2.644134 5.257873 7.100142 -2.687847 4.551259 6.980648 -2.197226 4.534292 6.942099 -2.216825 5.824956 7.108279 -3.046064 5.939002 7.183971 -2.99844 6.405689 7.025419 -3.361773 6.53713 7.090595 -3.34377 6.5918 7.021772 -3.375331 5.923223 7.108279 -2.875861 6.486999 7.025419 -3.220939 6.53713 7.090595 -3.34377 6.5918 7.021772 -3.375331 5.329457 7.100142 -2.563861 4.551259 6.980648 -2.197226 4.55975 6.942099 -2.17273 0.4783492 4.564544 -2.225718 0.8536646 4.564544 -2.196868 0.538332 4.564544 -2.604588 0.8765103 4.564544 -2.508332 -1.99735e-7 4.564544 -2.242203 -1.99727e-7 4.564447 -2.638248 0.8536646 4.564544 -2.196868 1.378186 5.68953 -2.310842 0.8765103 4.564544 -2.508332 1.384087 5.659323 -2.683031 1.902707 6.39704 -2.424816 1.891664 6.336626 -2.857731 1.91994 6.391873 -2.804936 4.148672 2.585598 -1.503391 3.786981 1.513331 -1.341109 4.236452 2.483439 -1.092675 3.863207 1.411587 -0.9702544 3.316606 0.3814213 -1.118665 3.3806 0.280031 -0.7898783 3.804425 1.276009 -0.6615118 3.328636 0.1576832 -0.5218615 3.652717 1.076632 -0.2991147 4.01801 2.130144 -0.3474411 4.170901 2.334414 -0.745283 3.198393 -0.01060521 -0.2408159 3.306674 1.052684 0.141574 2.949364 -0.08204168 0.1904551 2.941673 1.028735 0.5037997 2.671228 -0.1271808 0.492143 3.12616 2.121956 0.518518 3.251046 1.706071 1.174098 3.065448 0.6245304 1.059108 3.560761 2.125533 0.1437062 2.780583 -0.5193399 0.9886291 2.983184 0.4863454 1.606695 2.715076 -0.7242221 1.498897 3.194914 1.509236 1.732857 4.326225 9.38418 -0.9547603 4.352996 9.105497 -0.9308701 4.475647 9.38418 -1.512458 4.507697 9.105497 -1.508247 4.353676 9.105497 -2.083151 4.326898 9.38418 -2.067691 3.930327 9.105497 -0.5081992 3.917961 9.38418 -0.5464946 3.352937 9.105497 -0.3534848 3.360262 9.38418 -0.3970612 2.775563 9.105497 -0.5081976 2.802548 9.38418 -0.5464935 4.367113 9.662685 -1.5164 4.23312 9.662685 -1.016369 4.2338 9.662685 -2.013939 3.36706 9.662685 -0.5163488 2.867005 9.662685 -0.6503117 3.867082 9.662685 -0.6503272 4.189427 9.901842 -1.519766 4.080039 9.901842 -1.111499 4.080706 9.901842 -1.925551 3.372893 9.901842 -0.7032272 2.964617 9.901842 -0.8126201 3.781157 9.901842 -0.8126207 3.916073 10.08536 -1.378007 3.878072 10.08536 -1.808559 3.233024 10.08536 -0.983649 3.666054 10.08536 -1.022323 3.659025 10.20072 -1.449252 3.639673 10.20072 -1.67092 3.529624 10.20072 -1.265145 3.30549 10.20072 -1.245139 3.382379 10.23963 -1.522371 3.123177 10.20072 -1.372721 2.879179 10.08536 -1.231848 2.667558 9.901842 -1.109669 2.502802 9.662685 -1.014547 2.396087 9.38418 -0.9529351 2.354703 9.105497 -0.9290417 2.775563 9.105497 -0.5081976 2.354703 9.105497 -0.9290417 2.727742 9.128265 -0.4249981 2.271636 9.128265 -0.8810835 3.352937 9.105497 -0.3534848 3.35325 9.128265 -0.257323 3.930327 9.105497 -0.5081992 3.978855 9.128265 -0.4248828 2.251377 9.091732 -0.8693866 2.717365 9.091593 -0.4035326 2.324789 8.859019 -0.9117715 2.754637 8.859019 -0.481962 3.356297 9.091213 -0.2324823 3.344257 8.859019 -0.3239612 3.965139 8.904462 -0.3812965 3.99307 9.088523 -0.3885551 2.857296 7.573173 -1.219214 3.117683 7.573173 -0.9588238 3.059866 6.519988 -1.336168 3.246044 6.519988 -1.150006 3.254808 5.714072 -1.176593 3.496931 6.038014 -1.100084 3.502833 6.519984 -1.081192 3.08708 5.541767 -1.35188 3.475864 7.573169 -0.8628462 3.877773 7.599409 -0.8823483 3.764177 6.504014 -1.169587 4.037992 7.659396 -1.079125 3.545535 5.95072 -0.7457008 3.068153 5.066019 -0.3238623 3.380846 5.826892 -0.1340072 2.876562 4.789408 0.319777 3.496931 6.038014 -1.100084 3.254808 5.714072 -1.176593 3.08708 5.541767 -1.35188 2.805493 5.066019 -1.189306 3.063119 5.68953 0.6075462 2.702153 4.564544 1.004808 3.845043 6.505773 -1.010359 3.764177 6.504014 -1.169587 4.037992 7.659396 -1.079125 4.077326 7.623527 -0.5726204 3.725293 6.535536 -0.4439602 3.745465 7.47032 -0.009743988 3.568207 6.521972 0.09715265 3.424082 6.397041 0.2102842 3.965139 8.904462 -0.3812965 1.661493 4.541157 0.03090822 1.725424 4.541158 0.51251 1.796244 4.236299 -0.002808213 1.865073 4.236299 0.5168018 1.473316 4.825238 0.5085005 1.417744 4.825238 0.09399628 1.137353 5.069189 0.5050567 1.09273 5.069189 0.1791645 0.7446057 5.256371 0.5024242 1.907536 4.10759 -0.03161352 1.980213 4.10759 0.5186145 1.928792 4.10759 0.9963232 1.817042 4.236299 0.9653791 1.681271 4.541157 0.9266104 1.436565 4.825238 0.8588111 1.110711 5.069189 0.7695779 2.269637 4.431484 1.246868 2.422581 4.497879 0.6223109 2.052333 4.275897 1.028117 2.108039 4.275897 0.5162544 1.845521 4.275897 1.495959 1.735358 4.107589 1.432357 1.928792 4.10759 0.9963232 2.086905 4.422605 1.635323 2.35601 4.523134 -0.07539033 2.031664 4.275897 -0.06619322 1.980213 4.10759 0.5186145 1.907536 4.10759 -0.03161352 2.060533 4.523134 -0.7592024 1.805698 4.275897 -0.6120735 1.694409 4.107591 -0.5478205 3.068153 5.066019 -0.3238623 2.060533 4.523134 -0.7592024 2.805493 5.066019 -1.189306 2.422581 4.497879 0.6223109 2.876562 4.789408 0.319777 2.702153 4.564544 1.004808 2.539482 4.564544 1.344266 2.269637 4.431484 1.246868 2.314583 4.564544 1.766773 3.933244 7.272724 0.0494312 4.137566 8.644587 -0.223993 3.745465 7.47032 -0.009743988 3.965139 8.904462 -0.3812965 4.108945 8.747551 -0.2664813 3.568207 6.521972 0.09715265 3.81573 6.483707 0.2066894 3.568207 6.521972 0.09715265 3.424082 6.397041 0.2102842 3.81573 6.483707 0.2066894 3.761894 6.391873 0.3854205 4.330538 4.844062 -2.069791 4.940959 4.882767 -2.422218 4.338588 4.872381 -2.055792 4.952343 4.959115 -2.346133 5.504377 4.824961 -2.747509 5.546129 4.967254 -2.658144 6.106079 4.744216 -3.094901 6.16023 4.88439 -3.032273 6.214696 4.880747 -3.157611 6.16023 4.88439 -3.032273 6.106079 4.744216 -3.094901 3.930801 2.536941 -1.839002 4.654848 2.575643 -2.257031 3.938871 2.56526 -1.825014 4.666222 2.651995 -2.18094 5.218256 2.517839 -2.582316 5.259988 2.660133 -2.492939 5.819935 2.437098 -2.929697 5.874085 2.577272 -2.867069 5.928571 2.573622 -2.992416 5.874085 2.577272 -2.867069 5.819935 2.437098 -2.929697 3.175852 0.1235011 -1.403132 3.992667 0.1622055 -1.874722 3.183916 0.1518202 -1.38914 4.004051 0.238555 -1.798637 4.556075 0.1043986 -2.200006 4.59782 0.2466923 -2.110635 5.157786 0.02365779 -2.547405 5.211927 0.163832 -2.484771 5.266403 0.1601848 -2.610114 5.211927 0.163832 -2.484771 5.157786 0.02365779 -2.547405 2.355266 -1.96116 -0.9293665 3.139902 -1.922453 -1.382377 2.363336 -1.932842 -0.9153768 3.151286 -1.846106 -1.306292 3.703288 -1.98026 -1.707648 3.745053 -1.837967 -1.61829 4.304998 -2.061001 -2.055047 4.359139 -1.920831 -1.992413 4.413615 -1.92448 -2.117756 4.359139 -1.920831 -1.992413 4.304998 -2.061001 -2.055047 1.476622 -4.110094 -0.4220812 2.203397 -4.07611 -0.8416845 1.484674 -4.081776 -0.4080809 2.21478 -3.99976 -0.7655996 2.766805 -4.133916 -1.166968 2.808558 -3.991624 -1.077604 3.368494 -4.214654 -1.514355 3.422654 -4.074484 -1.451734 3.477133 -4.078134 -1.577077 3.422654 -4.074484 -1.451734 3.368494 -4.214654 -1.514355 4.544914 6.901988 -2.193561 5.318074 7.023793 -2.639946 4.55975 6.942099 -2.17273 5.329457 7.100142 -2.563861 5.881482 6.965986 -2.965231 5.923223 7.108279 -2.875861 6.483173 6.885241 -3.312614 6.486999 7.025419 -3.220939 6.486999 7.025419 -3.220939 6.483173 6.885241 -3.312614 6.5918 7.021772 -3.375331 2.983314 4.564544 1.140755 2.702153 4.564544 1.004808 2.897584 4.564544 1.481754 2.539482 4.564544 1.344266 2.314583 4.564544 1.766773 2.657568 4.564447 1.964795 3.388396 5.659324 0.7885299 3.063119 5.68953 0.6075462 2.983314 4.564544 1.140755 2.702153 4.564544 1.004808 3.424082 6.397041 0.2102842 3.793478 6.336626 0.4363049 3.761894 6.391873 0.3854205 1.586742 -12.12333 1.594906 1.762188 -15.08119 1.650762 2.011616 -12.20526 1.758156 2.18679 -15.27515 1.825417 2.043112 -9.203861 1.822201 1.608492 -9.230206 1.67394 2.346194 -6.093975 2.020865 1.795392 -5.94003 1.823009 2.438874 -3.664956 2.031753 1.559727 -3.654725 1.652235 1.822841 -3.181541 1.769431 2.140223 -12.22309 1.731163 2.29959 -15.19299 1.793421 2.196566 -12.22309 1.633575 2.261052 -9.197976 1.646004 2.18323 -9.197976 1.780795 2.330166 -15.19299 1.740463 2.572942 -6.119581 1.819716 2.489615 -6.119581 1.964043 2.614487 -3.719514 1.878091 2.560942 -3.719514 1.970834 2.60621 -3.664953 1.741918 2.550441 -6.093975 1.667099 2.10369 -5.940027 1.28902 1.881143 -9.230206 1.201695 2.22685 -9.203861 1.503955 1.801822 -12.12333 1.222376 2.155638 -12.20526 1.508701 1.937918 -15.08119 1.346388 2.301475 -15.27515 1.626776 1.837963 -3.654725 1.170315 2.071015 -3.181541 1.339579 2.155638 -12.20526 1.508701 2.301475 -15.27515 1.626776 1.762188 -15.08119 1.650762 1.586742 -12.12333 1.594906 1.937918 -15.08119 1.346388 1.801822 -12.12333 1.222376 1.608492 -9.230206 1.67394 1.881143 -9.230206 1.201695 1.795392 -5.94003 1.823009 2.10369 -5.940027 1.28902 1.559727 -3.654725 1.652235 1.837963 -3.654725 1.170315 2.194476 -3.110193 1.749845 2.540069 -3.505401 1.929662 2.239871 -3.110193 1.671217 2.568394 -3.505401 1.8806 2.438874 -3.664956 2.031753 1.822841 -3.181541 1.769431 2.071015 -3.181541 1.339579 2.60621 -3.664953 1.741918 2.614487 -3.719514 1.878091 2.60621 -3.664953 1.741918 2.560942 -3.719514 1.970834 2.438874 -3.664956 2.031753 2.29959 -15.19299 1.793421 2.18679 -15.27515 1.825417 2.330166 -15.19299 1.740463 2.301475 -15.27515 1.626776 3.33002 -14.83256 2.31126 3.293849 -14.83255 2.373908 3.287996 -14.96579 2.287009 3.251827 -14.96579 2.349657 3.306497 -14.7252 2.339445 2.179489 -13.82149 1.565557 2.120704 -13.71413 1.654819 3.33002 -14.83256 2.31126 3.306497 -14.7252 2.339445 2.238036 -14.57995 1.599389 3.287996 -14.96579 2.287009 3.293849 -14.83255 2.373908 2.072793 -13.82149 1.75036 3.251827 -14.96579 2.349657 2.13134 -14.57994 1.784192 3.306497 -14.7252 2.339445 2.120704 -13.71413 1.654819 3.251827 -14.96579 2.349657 2.13134 -14.57994 1.784192 3.287996 -14.96579 2.287009 2.238036 -14.57995 1.599389 2.18679 -15.27515 1.825417 1.762188 -15.08119 1.650762 2.301475 -15.27515 1.626776 1.937918 -15.08119 1.346388 2.071015 -3.181541 1.339579 1.822841 -3.181541 1.769431 2.239871 -3.110193 1.671217 2.194476 -3.110193 1.749845 1.559727 -3.654725 1.652235 1.822841 -3.181541 1.769431 1.837963 -3.654725 1.170315 2.071015 -3.181541 1.339579 -1.80182 -12.12333 1.222377 -1.937916 -15.08119 1.346389 -2.155636 -12.20526 1.508702 -2.301473 -15.27515 1.626778 -2.226848 -9.203861 1.503956 -1.88114 -9.230206 1.201695 -2.550438 -6.093975 1.667101 -2.103687 -5.94003 1.289021 -2.606207 -3.664957 1.74192 -1.83796 -3.654725 1.170315 -2.071012 -3.181541 1.339581 -2.196563 -12.22309 1.633576 -2.330164 -15.19299 1.740464 -2.14022 -12.22309 1.731164 -2.183227 -9.197976 1.780796 -2.261049 -9.197976 1.646005 -2.299588 -15.19299 1.793422 -2.489611 -6.119581 1.964045 -2.572938 -6.119581 1.819718 -2.560938 -3.719515 1.970836 -2.614483 -3.719515 1.878093 -2.43887 -3.664953 2.031755 -2.346191 -6.093975 2.020867 -1.795389 -5.940027 1.823009 -1.608489 -9.230206 1.67394 -2.043108 -9.203861 1.822201 -1.58674 -12.12333 1.594906 -2.011613 -12.20526 1.758157 -1.762186 -15.08119 1.650762 -2.186788 -15.27515 1.825418 -1.559723 -3.654725 1.652235 -1.822836 -3.181541 1.769432 -2.011613 -12.20526 1.758157 -2.186788 -15.27515 1.825418 -1.937916 -15.08119 1.346389 -1.80182 -12.12333 1.222377 -1.762186 -15.08119 1.650762 -1.58674 -12.12333 1.594906 -1.88114 -9.230206 1.201695 -1.608489 -9.230206 1.67394 -2.103687 -5.94003 1.289021 -1.795389 -5.940027 1.823009 -1.83796 -3.654725 1.170315 -1.559723 -3.654725 1.652235 -2.239867 -3.110193 1.671219 -2.568391 -3.505401 1.880602 -2.194472 -3.110193 1.749846 -2.540064 -3.505401 1.929664 -2.606207 -3.664957 1.74192 -2.071012 -3.181541 1.339581 -1.822836 -3.181541 1.769432 -2.43887 -3.664953 2.031755 -2.560938 -3.719515 1.970836 -2.43887 -3.664953 2.031755 -2.614483 -3.719515 1.878093 -2.606207 -3.664957 1.74192 -2.330164 -15.19299 1.740464 -2.301473 -15.27515 1.626778 -2.299588 -15.19299 1.793422 -2.186788 -15.27515 1.825418 -3.293839 -14.83256 2.373921 -3.330011 -14.83255 2.311272 -3.251827 -14.96579 2.349654 -3.287996 -14.96579 2.287006 -3.306488 -14.7252 2.339458 -2.072776 -13.82149 1.750384 -2.120688 -13.71413 1.654844 -3.293839 -14.83256 2.373921 -3.306488 -14.7252 2.339458 -2.13135 -14.57995 1.784172 -3.251827 -14.96579 2.349654 -3.330011 -14.83255 2.311272 -2.179473 -13.82149 1.565581 -3.287996 -14.96579 2.287006 -2.238046 -14.57994 1.599369 -3.306488 -14.7252 2.339458 -2.120688 -13.71413 1.654844 -3.287996 -14.96579 2.287006 -2.238046 -14.57994 1.599369 -3.251827 -14.96579 2.349654 -2.13135 -14.57995 1.784172 -2.301473 -15.27515 1.626778 -1.937916 -15.08119 1.346389 -2.186788 -15.27515 1.825418 -1.762186 -15.08119 1.650762 -1.822836 -3.181541 1.769432 -2.071012 -3.181541 1.339581 -2.194472 -3.110193 1.749846 -2.239867 -3.110193 1.671219 -1.83796 -3.654725 1.170315 -2.071012 -3.181541 1.339581 -1.559723 -3.654725 1.652235 -1.822836 -3.181541 1.769432 0.2150806 -12.12333 -1.52594 0.1757298 -15.08119 -1.705809 0.1440227 -12.20526 -1.975517 0.1146844 -15.27515 -2.160853 0.1837394 -9.203861 -2.034815 0.2726515 -9.230206 -1.584293 0.2042471 -6.093975 -2.396624 0.3082988 -5.94003 -1.820687 0.1673367 -3.664957 -2.482331 0.2782377 -3.654725 -1.531208 0.2481757 -3.181541 -1.817669 0.05634295 -12.22309 -2.073397 0.03057509 -15.19299 -2.242543 -0.05634301 -12.22309 -2.073397 -0.07782143 -9.197976 -2.135458 0.07782185 -9.197976 -2.135458 -0.03057587 -15.19299 -2.242543 -0.08332699 -6.119581 -2.49242 0.08332711 -6.119581 -2.49242 -0.05354493 -3.719514 -2.557585 0.05354487 -3.719514 -2.557585 -0.1673366 -3.664953 -2.482331 -0.2042469 -6.093975 -2.396624 -0.3082978 -5.940027 -1.820687 -0.2726503 -9.230206 -1.584293 -0.1837388 -9.203861 -2.034814 -0.2150799 -12.12333 -1.52594 -0.1440226 -12.20526 -1.975516 -0.1757299 -15.08119 -1.705809 -0.1146851 -15.27515 -2.160852 -0.2782359 -3.654725 -1.531208 -0.2481747 -3.181541 -1.817669 -0.1440226 -12.20526 -1.975516 -0.1146851 -15.27515 -2.160852 0.1757298 -15.08119 -1.705809 0.2150806 -12.12333 -1.52594 -0.1757299 -15.08119 -1.705809 -0.2150799 -12.12333 -1.52594 0.2726515 -9.230206 -1.584293 -0.2726503 -9.230206 -1.584293 0.3082988 -5.94003 -1.820687 -0.3082978 -5.940027 -1.820687 0.2782377 -3.654725 -1.531208 -0.2782359 -3.654725 -1.531208 0.04539579 -3.110193 -2.129722 0.02832639 -3.505401 -2.518923 -0.04539501 -3.110193 -2.129722 -0.02832585 -3.505401 -2.518923 0.1673367 -3.664957 -2.482331 0.2481757 -3.181541 -1.817669 -0.2481747 -3.181541 -1.817669 -0.1673366 -3.664953 -2.482331 -0.05354493 -3.719514 -2.557585 -0.1673366 -3.664953 -2.482331 0.05354487 -3.719514 -2.557585 0.1673367 -3.664957 -2.482331 0.03057509 -15.19299 -2.242543 0.1146844 -15.27515 -2.160853 -0.03057587 -15.19299 -2.242543 -0.1146851 -15.27515 -2.160852 -0.03617674 -14.83256 -3.393839 0.03616362 -14.83255 -3.393839 -0.03616791 -14.96579 -3.345321 0.03617227 -14.96579 -3.345321 -6.51913e-6 -14.7252 -3.387562 -0.1067098 -13.82149 -2.024599 -1.35939e-5 -13.71413 -2.018322 -0.03617674 -14.83256 -3.393839 -6.51913e-6 -14.7252 -3.387562 -0.1066842 -14.57995 -2.092219 -0.03616791 -14.96579 -3.345321 0.03616362 -14.83255 -3.393839 0.1066826 -13.82149 -2.024599 0.03617227 -14.96579 -3.345321 0.1067082 -14.57994 -2.092219 -6.51913e-6 -14.7252 -3.387562 -1.35939e-5 -13.71413 -2.018322 0.03617227 -14.96579 -3.345321 0.1067082 -14.57994 -2.092219 -0.03616791 -14.96579 -3.345321 -0.1066842 -14.57995 -2.092219 0.1146844 -15.27515 -2.160853 0.1757298 -15.08119 -1.705809 -0.1146851 -15.27515 -2.160852 -0.1757299 -15.08119 -1.705809 -0.2481747 -3.181541 -1.817669 0.2481757 -3.181541 -1.817669 -0.04539501 -3.110193 -2.129722 0.04539579 -3.110193 -2.129722 0.2782377 -3.654725 -1.531208 0.2481757 -3.181541 -1.817669 -0.2782359 -3.654725 -1.531208 -0.2481747 -3.181541 -1.817669</float_array>
          <technique_common>
            <accessor source="#Trillarian_Destroyer_A001_0-mesh-positions-array" count="3727" stride="3">
              <param name="X" type="float"/>
              <param name="Y" type="float"/>
              <param name="Z" type="float"/>
            </accessor>
          </technique_common>
        </source>
        <source id="Trillarian_Destroyer_A001_0-mesh-normals">
          <float_array id="Trillarian_Destroyer_A001_0-mesh-normals-array" count="11202">-0.8391759 0.2453408 0.485378 -0.8612656 0.1251744 0.4924967 -0.4855408 0.2358597 0.8417961 -0.4988071 0.1142808 0.8591458 -1.0401e-5 0.1102951 0.9938989 -1.63168e-5 0.232409 0.9726182 -0.9901484 0.1399423 -0.004726171 -0.9660959 0.2581819 9.05282e-4 -0.8535665 0.1545933 -0.4975192 -0.8340437 0.2709254 -0.480594 -0.4911213 0.1651642 -0.8552899 -0.4804062 0.2801427 -0.8311017 -0.4394937 0.4749668 0.7623987 -0.7583957 0.4817398 0.4390476 1.23382e-5 0.4724962 0.8813327 -0.7506156 0.4998233 -0.4321493 -0.4317011 0.5062946 -0.7465254 -0.871241 0.490854 0.001198589 -0.3554662 0.6992751 0.6202082 -0.6159867 0.7030292 0.3554016 2.31415e-5 0.6860024 0.7275994 -0.6089327 0.7126078 -0.3484125 -0.3484272 0.7160966 -0.6048175 -0.7176228 0.6964308 0.001275777 -0.3487336 0.8697491 0.3491724 -1.20848e-5 0.8642583 0.5030483 -0.3432513 0.8746625 -0.3422634 -0.4967514 0.867892 0.001209795 -0.2090659 0.9551767 0.2095929 7.15256e-6 0.9557569 0.2941579 -0.291657 0.9565224 0.001085698 -0.2072023 0.9563704 -0.2059686 1.4171e-5 1 5.47024e-4 6.97374e-6 0.9573944 -0.2887838 -1.15484e-5 0.8715616 -0.4902861 1.21593e-5 0.7065187 -0.7076944 2.01017e-5 0.5086723 -0.8609603 2.01315e-5 0.2835493 -0.9589577 -2.27037e-5 0.1690035 -0.9856155 0.1153447 0.9729909 0.199961 1.83061e-5 0.9729601 0.2309732 -0.2206798 0.8935961 -0.3908793 2.262e-5 0.8922972 -0.4514485 0.1994523 0.9730948 0.1153491 -0.3790494 0.8970512 -0.2272018 0.2298319 0.9732303 1.78352e-4 -0.353726 0.9353423 0.003579258 -8.29995e-6 0.1026523 -0.9947173 -0.5017162 0.1019935 -0.8589984 -2.3827e-5 -0.3844658 -0.9231393 -0.456882 -0.3823773 -0.8031479 -0.8482635 0.1207157 -0.5156325 -0.7633302 -0.3764035 -0.5250216 -0.9646189 -0.1926768 -0.179962 -0.9422727 0.3348374 -0.002483546 -2.26796e-5 -0.3321307 -0.9432334 -0.4762679 -0.323613 -0.817584 1.04606e-5 -0.1269536 -0.9919087 -0.4976116 -0.1259256 -0.8582106 -0.3716213 -0.03264737 -0.9278103 -0.7736003 -0.03667807 -0.6326115 -0.8649243 -0.1444789 -0.4806577 2.05636e-5 -0.03209716 -0.9994848 -0.7803061 -0.2970631 -0.5503417 -0.9551081 -0.2961305 0.008678853 -0.9702779 -0.1828228 -0.1585456 -0.8821567 -0.2499521 0.3991535 0.2298334 0.97323 2.05506e-4 -0.3537272 0.9353418 0.003578484 0.2291459 0.9646549 -0.1301279 -0.2833166 0.9546837 0.09116482 0.1729728 0.9767632 -0.1265472 0.1034445 0.9816986 -0.1598976 0.09378147 0.9824888 -0.1610001 2.09918e-5 0.984676 -0.174394 -1.06134e-5 0.9848279 -0.1735339 -0.9422791 0.3348196 -0.002478659 -0.7587342 0.6131101 0.2200419 -0.9646109 -0.1926888 -0.1799912 2.03011e-5 -1 -2.38071e-5 2.05032e-5 -1 0 1.06552e-5 -1 -2.94777e-5 5.52148e-6 -1 -3.1278e-5 2.70871e-5 -1 -1.51601e-5 3.09629e-5 -1 -5.17561e-6 3.09459e-5 -1 5.22736e-6 2.70529e-5 -1 1.52759e-5 2.02907e-5 -1 2.38781e-5 1.06619e-5 -1 2.97232e-5 5.50867e-6 -1 3.17651e-5 0.6941316 -0.5979751 -0.4007581 0.6028328 -0.7179531 -0.348046 0.5868129 -0.6169062 -0.5244784 0.4463351 -0.7270577 -0.5217012 0.4336289 -0.6422135 -0.6320822 0.3285969 -0.6435616 -0.6912689 0.2300477 -0.7297704 -0.6438271 0.1602968 -0.6247534 -0.7641912 3.91155e-6 -0.7248082 -0.6889507 -1.97642e-5 -0.611526 -0.7912244 0.3724783 -0.8144589 -0.4448782 0.2003287 -0.8158042 -0.5425239 -1.49012e-5 -0.8179205 -0.5753313 0.5020806 -0.8147928 -0.2898756 0.7476182 -0.6169061 -0.2459551 0.6749743 -0.7270575 -0.1256868 0.7642148 -0.6422122 -0.05949205 0.7629552 -0.6435612 0.06106144 0.6725943 -0.7297706 0.1226871 0.7419573 -0.6247533 0.2432749 0.5966503 -0.7248066 0.3444764 0.6852236 -0.6115221 0.3956127 0.5816605 -0.6247535 0.5209166 0.4425464 -0.7297705 0.5211408 0.4343578 -0.6435608 0.6302086 0.2286393 -0.7270576 0.6473881 0.3305854 -0.6422124 0.6915754 0.1608058 -0.6169062 0.7704337 1.12429e-5 -0.7179521 0.6960925 -1.95503e-5 -0.5979742 0.8015154 0.199037 -0.8144589 0.5450148 0.3696753 -0.8158041 0.4447514 0.4982492 -0.8179224 0.2876643 2.52894e-5 -0.8147928 0.5797523 0.5700038 -0.8158042 0.09777235 0.5715155 -0.8144587 -0.1001362 -0.2401005 0.1876555 0.9524375 -0.489906 0.2671402 0.8298364 -0.2668251 -0.1063681 0.9578571 -0.462611 -0.0748108 0.8833994 -0.2833826 -0.09825974 0.9539598 -0.4634077 -0.06402605 0.8838292 -1.16527e-5 -0.1134516 0.9935436 -6.87689e-6 0.254782 0.9669985 -0.6624615 0.2389704 0.7099563 -0.6329927 -0.02988225 0.7735809 -0.8131775 0.337907 0.473879 -0.8573862 0.02966064 0.5138181 -0.6395866 -0.02306169 0.7683731 -0.886367 0.03658908 0.4615352 7.80821e-6 -0.1151532 0.9933478 -0.9765232 0.06967353 0.2038336 -0.9846526 0.06954795 0.1600705 -0.9920432 0.07910132 0.09794652 -0.9791357 0.1831846 0.08795875 -0.8995911 0.4323359 0.06181907 -0.9931626 0.07750749 0.08729732 -0.409747 0.7985006 0.4410266 -0.4586381 0.852187 0.2518502 -0.1355047 0.9887934 0.06265765 -0.09355568 0.9842728 0.1498485 -0.5019595 0.8603851 -0.08817124 -0.1466467 0.9539544 -0.2616599 -0.6348458 0.6908006 -0.3460714 -0.838221 0.5114426 -0.1892411 -0.280294 0.8406843 0.4633414 -0.1436135 0.7827228 0.6055743 -1.312e-6 0.9847407 0.1740279 2.01799e-5 0.8364726 0.5480088 -0.9656588 0.1938537 0.172985 -0.9705811 0.2242551 0.08764702 -0.9489863 -0.08393156 0.3039417 -0.9572733 -0.06748521 0.2812007 -0.9529337 -0.07544988 0.2936407 -0.9417628 -0.07012456 0.3288853 -0.813969 -0.1566697 0.5593829 -0.8675172 0.1501342 0.4742086 -0.6125363 -0.181289 0.7693722 -0.6473295 0.1726416 0.7424011 -0.4426229 -0.1694802 0.8805461 -0.4965081 0.2171353 0.8404356 -0.2393383 -0.1662168 0.956603 -0.3046094 0.230085 0.9242694 -2.1033e-5 -0.1667782 0.9859945 -2.5481e-5 0.1293773 0.9915955 -0.6642148 0.7467761 -0.03382521 -0.4948676 0.8384212 -0.2283765 -0.3856036 0.8802755 -0.2764509 -0.3689518 0.9189323 -0.1394201 -0.6460558 0.7268494 0.2330278 -0.3453345 0.9369656 -0.0532881 -0.5156327 0.7716575 0.3723811 -0.3065114 0.9517903 0.01208561 -0.3986485 0.8260481 0.398402 -0.2430123 0.9699742 0.009755611 -0.2851112 0.845254 0.4519484 -0.2023412 0.9771943 0.06441676 5.72763e-6 0.9991931 0.04016518 6.89924e-6 0.8212685 0.5705419 0.4090024 0.4797366 -0.7762538 0.4346864 0.4620928 -0.7729929 0.6675635 0.3399238 -0.662428 0.6306777 0.2963663 -0.7172256 0.1780539 0.5438032 -0.8201066 0.1967543 0.5441514 -0.81559 2.00272e-5 0.5584506 -0.8295378 -1.28043e-5 0.5642539 -0.8256013 0.7136957 0.2779698 -0.6429396 0.6170631 0.2494483 -0.7463302 0.3360744 0.3495132 -0.8745826 0.05360257 0.358915 -0.9318299 0.4085563 0.05978679 -0.910773 0.6658422 0.07532894 -0.7422801 0.6859605 0.2966488 -0.6644229 0.8248699 0.1353789 -0.5488736 0.6219723 0.4872834 -0.6129481 0.7152487 0.3591947 -0.5994986 0.7118051 -0.04461145 -0.7009589 -0.2181905 0.5392515 0.8133885 -0.4110548 0.5408909 0.7338058 -0.2161546 0.5522359 0.8051788 -0.4076816 0.552864 0.7267305 -0.3297606 0.7366544 0.5904222 -0.1754099 0.7359843 0.6538795 -0.2503635 0.8564245 0.4515035 -0.1331039 0.8580813 0.4959638 -0.1722237 0.938856 0.2981419 -1.72034e-5 0.5383632 0.8427129 -2.83122e-6 0.5514144 0.8342316 -0.1936599 0.6659848 0.7203888 -2.18302e-5 0.6649982 0.746845 1.01775e-5 0.735291 0.6777516 -1.72853e-6 0.8557547 0.5173819 -0.3657328 0.6666456 0.6494792 -0.5257869 0.6695288 0.5246708 -0.5872028 0.5579193 0.5864461 -0.7207554 0.5543907 0.4161281 -0.7268311 0.5437114 0.4196363 -0.59403 0.5429686 0.59356 -0.5841833 0.738223 0.3372784 -0.477492 0.7378795 0.4770067 -0.4459659 0.8572161 0.2574786 -0.3630593 0.8583481 0.3625281 -0.2969328 0.9393835 0.1714337 -0.6442728 0.6682454 0.3719686 -0.1536517 0.9841349 0.0887112 2.01166e-6 0.9823962 0.1868095 -1.34334e-5 1 -4.71642e-6 -1.45584e-5 0.9368506 0.3497298 -0.1617831 0.982396 -0.09340578 -2.45124e-5 0.9841338 -0.1774281 -0.1720863 0.9388558 -0.2982215 2.46614e-6 0.9393843 -0.3428661 -0.3028771 0.9368497 -0.1748663 -0.3629652 0.8580814 -0.3632531 -0.265832 0.8564246 -0.4425724 -0.4785706 0.7359847 -0.4788494 -0.3464402 0.7366544 -0.5807922 -0.5953195 0.5392519 -0.5956526 -0.4299669 0.5408906 -0.7228872 -0.5892286 0.5522357 -0.5897843 -0.4255252 0.5528635 -0.7164289 -0.7298126 0.5383598 -0.4213576 -0.7224658 0.5514144 -0.4171154 -0.527046 0.6659845 -0.5279085 -0.6467844 0.6650013 -0.3734209 -0.5869495 0.7352915 -0.3388756 -0.4480684 0.8557533 -0.2586916 -0.379597 0.6666449 -0.6414755 -0.1914854 0.669528 -0.7176808 -0.2142757 0.5579186 -0.8017562 1.88425e-5 0.5543943 -0.8322542 -2.03401e-5 0.5437082 -0.8392744 -0.2170221 0.5429683 -0.8112256 1.68979e-5 0.7382214 -0.6745586 -0.1743533 0.7378797 -0.6520234 -1.67303e-5 0.8572151 -0.5149585 -0.1324292 0.8583483 -0.4956824 1.46999e-5 0.6682442 -0.743942 0.3575319 0.866591 -0.3481252 0.2819572 0.8180685 -0.5012626 0.4545279 0.7501999 -0.480213 0.3314564 0.7218603 -0.6074986 0.5543627 0.7682747 -0.3200566 0.6912156 0.6024506 -0.3990918 0.5642565 0.6040156 -0.5628319 0.403369 0.8849065 -0.2328822 0.1471835 0.8110073 -0.5662194 0.1757309 0.7061349 -0.6859244 0.3906574 0.604832 -0.6939489 0.2062143 0.6078706 -0.7667915 1.66819e-5 0.7692627 -0.6389328 -2.15173e-5 0.6950129 -0.7189973 -1.66327e-5 0.6072058 -0.7945447 0.1471797 0.8110103 -0.566216 0.1126902 0.8322582 -0.5428142 -1.67371e-5 0.8290484 -0.5591769 2.86847e-6 0.8456685 -0.5337087 0.1249002 0.8926535 -0.4330934 -0.008930146 0.8817691 -0.4715968 0.1137606 0.9694894 -0.2171378 0.2737967 0.9243891 -0.2655939 0.2837779 0.9056574 -0.3150473 0.4033553 0.8849091 -0.232896 0.4114181 0.8799434 -0.2375602 -0.7607296 0.1695827 -0.6265238 -0.5885459 0.2764428 -0.7597324 -0.7793584 0.192883 -0.5961515 -0.5704493 0.2781152 -0.7728129 -0.5353448 0.237832 -0.8104578 -0.6304963 0.2186952 -0.7447462 -0.5996255 0.2338345 -0.7653567 -0.760927 0.6397641 0.1081292 -0.6227383 0.6908744 0.3672733 -0.8665518 0.4695907 0.1690345 -0.663424 0.6041329 0.4414658 -0.8082948 0.587848 0.03307884 -0.8970409 0.4147325 0.1526918 -0.6095777 0.5704141 0.5504932 -0.4151216 0.8664934 0.2772423 -0.3184683 0.9100822 0.265195 -0.3586943 0.9101883 0.2071127 -0.7046783 0.5812962 0.4068456 -0.6354694 0.3597829 0.68318 -0.797002 0.3912178 0.4601486 -0.6882462 0.7083915 0.1565208 -0.7891433 0.5274296 0.3147555 -0.5580593 0.7835062 0.2732908 -0.641206 0.5959757 0.483392 -0.4242613 0.8485589 0.3161491 -0.493248 0.6558367 0.571476 -0.2762573 0.8874999 0.3688169 -0.3028754 0.6886572 0.6588003 3.87919e-6 0.9195543 0.392963 2.01911e-5 0.7251826 0.6885566 -0.4884431 0.0930193 0.8676237 -0.269152 0.09826529 0.9580716 -0.1705487 -0.2786483 0.9451288 -0.3950415 -0.264216 0.8798478 -0.1436245 -0.3098878 0.9398626 -8.73767e-6 -0.3176334 0.9482136 1.90139e-5 -0.2838367 0.9588727 -0.4148904 -0.2943158 0.8609554 -0.5937816 -0.2484921 0.7652942 -0.6198585 -0.2740604 0.7353003 -0.8005965 -0.2361735 0.5506973 -0.8412033 0.06284123 0.537055 -0.6656295 0.07475131 0.7425293 -0.8505545 -0.2372394 0.4693343 8.49366e-7 0.1242061 0.9922565 -0.9237198 -0.2109903 0.3197264 -0.9389941 -0.2323083 0.2536201 -0.8124284 -0.1942593 0.5497485 -0.6759396 -0.2326259 0.6992788 -0.9324985 0.02632421 0.3602135 -0.6468546 0.1745706 0.742364 -0.4045833 -0.1248381 0.9059403 -0.9511451 0.00312519 0.3087285 -0.3983913 -0.1522212 0.904496 -0.6380782 -0.1166841 0.761079 -0.6747519 -0.1553936 0.7215003 -0.8593624 -0.1238075 0.4961532 -0.8617105 -0.09970104 0.4975085 -0.8610163 0.1073977 0.4971083 -0.6283456 0.08821278 0.7729168 -0.9622136 -0.1553935 0.2236022 -0.9781528 -0.1166841 0.1720525 -0.9835379 0.08821493 0.1577063 -0.9825122 -0.1522211 -0.1072308 -0.986859 -0.1248382 -0.1025913 -0.9435631 -0.2326253 0.2357417 -0.8823106 -0.1942597 0.4287089 -0.6891384 -0.2323073 0.686383 -0.7387507 -0.2109901 0.640102 -0.9663338 0.1745687 0.1890099 -0.7782047 0.02632188 0.6274588 -0.7429398 0.003124535 0.669351 -0.8317348 -0.2372391 0.5019313 -0.8772167 -0.2361741 0.4179868 -0.9467189 -0.2740605 0.1691574 -0.9596549 -0.2484931 0.1315819 -0.8857049 0.06284338 0.4599758 -0.975863 0.07475668 0.2051899 -0.9530547 -0.2943159 -0.07116842 -0.9594912 -0.2642165 -0.09780842 -0.8857575 -0.3098874 -0.3455482 -0.9037796 -0.2786486 -0.3248653 -0.9956052 0.09302532 -0.01080852 -0.9642893 0.09827327 -0.2459443 -0.8211778 -0.3176326 -0.474106 -0.8304098 -0.2838352 -0.4794343 -0.7332311 -0.2786487 -0.6202638 -0.742133 -0.3098873 -0.5943134 -0.5644489 -0.2642163 -0.7820404 -0.5071656 0.09301495 -0.8568148 -0.6951379 0.09827142 -0.7121279 -0.5381621 -0.2943147 -0.7897852 -0.3658721 -0.2484927 -0.8968774 -0.3268605 -0.2740594 -0.9044632 -0.07661885 -0.2361733 -0.9686856 -0.0445007 0.06284296 -0.9970308 -0.3102306 0.07475996 -0.9477173 0.01882034 -0.2372389 -0.9712691 -0.8593192 0.1242089 -0.4961279 0.1849691 -0.2109898 -0.959828 0.2498568 -0.232308 -0.9400024 -0.06988078 -0.1942596 -0.9784579 -0.267623 -0.2326255 -0.9350205 0.1542954 0.02632379 -0.9876741 -0.3194823 0.1745687 -0.9313737 -0.5822753 -0.1248385 -0.8033498 0.2082061 0.003124713 -0.97808 -0.5841202 -0.1522207 -0.7972657 -0.3400741 -0.1166843 -0.9331315 -0.2874611 -0.1553937 -0.9451026 -1.77529e-5 -0.1238059 -0.9923065 -1.24734e-5 -0.09969151 -0.9950185 -2.20761e-5 0.107395 -0.9942165 -0.3551892 0.08821648 -0.9306226 0.2868895 0.469591 -0.8349723 -0.05060887 0.604134 -0.7952742 -0.006701886 0.6908758 -0.7229424 0.286824 0.6397645 -0.7130452 0.3754976 0.5878497 -0.7165433 0.3162845 0.4147325 -0.8532065 -0.1719533 0.5704098 -0.8031592 -0.03253984 0.8664945 -0.498125 -0.07043063 0.9100836 -0.4083963 2.22214e-6 0.9101805 -0.4142121 -1.92653e-5 0.5812975 -0.8136911 -0.2739121 0.3597863 -0.8919227 3.04729e-6 0.3912181 -0.9202981 0.2085723 0.7083925 -0.6742979 0.1219888 0.5274316 -0.8407942 0.04235357 0.7835052 -0.6199404 -0.09801745 0.5959826 -0.7969927 -0.06166279 0.8485565 -0.5254993 -0.248293 0.6558317 -0.7129063 -0.1812777 0.8874995 -0.4236544 -0.4190945 0.6886624 -0.5916958 -0.3403229 0.9195514 -0.196483 -0.5963109 0.7251778 -0.3442825 -0.7219698 0.6886635 -0.06709909 -0.4575366 0.8874983 0.05483764 -0.7415343 0.6558395 0.1414269 -0.4859299 0.8485559 0.2093447 -0.7392294 0.5959782 0.3136081 -0.5157112 0.7835033 0.3466475 -0.6671549 0.5274324 0.5260415 -0.4796766 0.708391 0.5177766 -0.5807585 0.4147307 0.7005128 -0.4327976 0.5878463 0.683464 -0.5796632 0.4695941 0.6659371 -0.4740989 0.6397728 0.604914 -0.6294369 0.6908748 0.3556703 -0.7140338 0.6041308 0.3538104 -0.7815296 0.5704147 0.2526634 -0.447659 0.8664939 0.2208839 -0.3888988 0.9100827 0.1432034 -0.9093843 0.359786 0.2087444 -0.1873888 0.6566604 0.7305358 -0.6182416 0.5639145 0.5475197 -0.1817203 0.4244742 0.8870172 -0.6010797 0.3544168 0.7163045 1.55328e-5 0.6644271 0.7473532 3.18885e-6 0.4519994 0.8920182 -0.8007316 0.4665385 0.3757271 -0.7918573 0.2968624 0.5336993 -0.8310393 0.4578021 0.3158975 -0.8261297 0.2834211 0.4870136 -0.8298977 0.3106896 0.4634024 -0.8044489 0.5157622 0.2947053 -0.647284 0.4517341 0.6139705 -0.6516156 0.6272429 0.4265718 -0.5056637 0.687435 0.5212844 -0.5277348 0.4255791 0.7351043 -0.6554867 0.6794117 0.3297532 -0.7466846 0.3984922 0.5326032 -0.6255895 0.6915084 0.3611843 -0.8073049 0.3619533 0.4660994 -0.7086706 -0.05901986 0.7030667 -0.6646155 -0.05314433 0.7452932 -0.5517814 -0.2985724 0.7787117 -0.7591131 -0.05912089 0.6482685 -0.7116944 -0.3330212 0.6185369 -0.6849843 -0.2217603 0.6939877 -0.4049354 -0.1357937 0.9042054 -0.311018 -0.4400886 0.8423715 -0.1270773 -0.3419427 0.9310889 -0.4952508 -0.03983074 0.8678365 -0.4058401 -0.3761697 0.8329408 -0.5342159 -0.4774608 0.6975992 -0.5734916 -0.5211395 0.6320767 -0.8263698 -0.2991369 0.4771062 -0.7302115 -0.5376384 0.4215878 -0.6224762 -0.5015212 0.6008327 -0.7412216 -0.5171601 0.427944 -0.3839232 -0.3206541 0.8659008 -0.3601 -0.2954599 0.8848907 -0.279486 -0.3935272 0.8757991 -0.3764837 -0.4398691 0.8153376 -1.69277e-5 -0.4514263 0.8923085 1.17347e-6 -0.4671951 0.8841543 -0.8341401 -0.5211397 0.1806204 -0.9435026 -0.2217606 0.2462218 -0.8850241 -0.4400891 -0.151836 -0.8712465 -0.477461 0.1138446 -0.924268 -0.3761697 -0.06500309 -0.8698854 -0.3419427 -0.3554923 -0.9855326 -0.1357932 -0.1014195 -0.9991939 -0.03983139 -0.005019724 -0.8315745 -0.5015212 0.2386637 -0.9418537 -0.3206539 -0.100463 -0.9463878 -0.2954598 -0.1305899 -0.8982074 -0.393527 -0.195857 -0.8943447 -0.4398695 -0.08162397 -0.7727586 -0.4514336 -0.4461523 -0.7657049 -0.4671844 -0.4420801 -0.5178611 -0.4398684 -0.7337137 -0.618721 -0.3935266 -0.6799421 -0.5579292 -0.320654 -0.7654385 -0.5862876 -0.2954604 -0.754301 -0.5184273 -0.3761698 -0.7679385 -0.7428081 -0.3419423 -0.5755969 -0.5740059 -0.4400885 -0.6905356 -0.5805977 -0.1357973 -0.8027861 -0.5039453 -0.03982871 -0.8628169 -0.3370299 -0.4774609 -0.8114444 -0.2606484 -0.5211394 -0.8126969 -0.209098 -0.5015214 -0.8394965 -0.2585178 -0.2217592 -0.9402083 7.7039e-6 -0.299133 -0.9542114 -9.83477e-7 -0.5376318 -0.8431798 4.1968e-6 -0.5171559 -0.8558912 -0.3727518 0.4255761 -0.8245854 -0.08790385 0.3984935 -0.912949 0.04216969 0.6794117 -0.7325446 -1.49682e-5 0.6915031 -0.7223736 2.77907e-5 0.3619557 -0.9321954 -0.198613 0.6874364 -0.6985586 -0.2080703 0.451736 -0.8675491 -0.04361563 0.6272423 -0.777602 0.147006 0.5157648 -0.8440237 0.01363062 0.310689 -0.950414 0.1419421 0.4578021 -0.8776501 -0.008701324 0.2834219 -0.9589559 -0.06626772 0.2968618 -0.9526184 0.07497483 0.4665388 -0.8813174 -0.3197978 0.3544203 -0.8787012 -0.1650453 0.5639132 -0.8091737 -0.6773192 0.4244745 -0.6008828 -0.5389661 0.6566619 -0.5275517 -0.6472329 0.6644281 -0.3736642 -0.7725127 0.4519985 -0.4460061 -0.5088744 -0.03312683 -0.8602032 -0.8047803 0.001351416 -0.5935714 -0.642029 -0.28871 -0.7102431 -0.2545365 -0.05901902 -0.9652606 -0.3131322 -0.05314421 -0.9482216 -0.3984925 -0.2985724 -0.8672129 -0.1818613 -0.05912309 -0.9815453 -0.1798205 -0.3330214 -0.9256141 -0.8658738 0.01870101 -0.4999129 -0.4081109 -0.4622799 -0.7872376 -0.610913 -0.50175 -0.6123988 -0.7667406 -0.4649141 -0.4426779 -0.8322174 -0.2766814 -0.4804808 -0.1010652 -0.450016 -0.8872832 0.03488004 -0.4514663 -0.8916063 0.0338484 -0.3792849 -0.9246606 -0.06778758 -0.6091321 -0.7901664 -0.1486713 -0.5559419 -0.8178176 -0.3726009 -0.7053784 -0.6030008 -0.4613747 -0.5900997 -0.6625072 -0.6129409 -0.7064499 -0.3538812 -0.6696833 -0.6340599 -0.3866423 -0.8044355 -0.5900993 -0.06831109 -0.7085145 -0.7053784 -0.02118104 -0.782587 -0.5559409 0.2801558 -0.7181972 -0.6091327 0.3363782 -0.8189426 -0.4500154 0.356117 -0.7547132 -0.4514669 0.4760104 -0.8915161 -0.3330211 0.3070768 -0.7838553 -0.3792846 0.4916442 -0.8858234 -0.4622794 0.04018288 -0.9502748 -0.2985725 0.08850026 -0.9409735 -0.05912172 0.3332772 -0.9632089 -0.05902206 0.262193 -0.9777507 -0.05314594 0.2029269 -0.8581265 0.2968615 0.418918 -0.834832 0.2834202 0.4719412 -0.6890951 0.4578027 0.5617514 -0.7257557 0.4665383 0.5055896 -0.9208777 0.3544176 0.1623965 -0.7832862 0.563915 0.2616534 -0.8590393 0.4244745 -0.2861348 -0.7263554 0.6566627 -0.2029827 -0.6472188 0.664428 -0.3736888 -0.7725092 0.4519972 -0.4460136 -0.8162662 0.3106903 0.4870123 -0.6574466 0.5157617 0.5493212 -0.8553557 0.4517351 0.2535787 -0.6952322 0.6272404 0.3510296 -0.7042776 0.6874349 0.1772747 -0.9004861 0.4255803 0.08947753 -0.613319 0.6794104 0.4027919 -0.8345897 0.3984915 0.3803483 -0.9993948 -0.03313189 -0.01059871 -0.9164373 0.001350939 -0.4001762 -0.9361032 -0.2887096 -0.2008922 -0.8358095 -0.5017499 -0.2228667 -0.2354507 0.7389288 0.631306 -0.5655158 0.6625239 0.4911761 -0.2236331 0.4937325 0.8403669 -0.5677153 0.4373051 0.6974695 -2.17219e-5 0.7546741 0.6560999 -1.44318e-5 0.5176486 0.8555933 -0.7776255 0.5264782 0.343685 -0.7933122 0.3376721 0.50659 -0.8133199 0.4823747 0.3253082 -0.8504573 0.2687148 0.4522331 -0.8749936 0.3278234 0.3562558 -0.8161672 0.5088793 0.2737028 -0.785694 0.4453553 0.4293525 -0.7645657 0.5595515 0.3199086 -0.6443966 0.5981996 0.4763511 -0.5951753 0.3787911 0.7087198 -0.6781027 0.5838072 0.4464817 -0.7264804 0.3595443 0.5856228 -0.7089756 0.5742865 0.4093272 -0.8173217 0.3306267 0.4718807 -0.780994 -0.1763892 0.599112 -0.6828393 -0.1422806 0.7165799 -0.4824516 -0.4445854 0.7547081 -0.6327147 -0.3968752 0.6649529 -0.3719643 -0.4509629 0.8113416 -0.242044 -0.4986419 0.8323287 -0.2665042 -0.4649397 0.8442788 0.01194745 -0.5057611 0.8625909 -0.02118527 -0.4708849 0.8819403 -0.4559567 -0.1198496 0.8818954 -0.136143 -0.1085549 0.9847238 1.38581e-5 -0.5041119 0.8636384 -1.01328e-6 -0.4744757 0.8802686 -0.5252904 -0.3789484 0.7618847 9.88692e-6 -0.1129398 0.9936019 -0.7808699 -0.3078568 0.5435683 -0.6874808 -0.3082137 0.657552 -0.551335 -0.2711943 0.7889763 -0.3531459 -0.2976325 0.8869628 -0.7295581 0.0186333 0.683665 -0.4469718 -0.04135435 0.8935917 -0.3276467 -0.2900604 0.8991733 -0.8944641 -0.08957707 0.4380754 -0.3460652 -0.3087476 0.8859536 -0.6246545 -0.3292455 0.708099 -0.6397821 -0.3297907 0.6942024 -0.8151775 -0.3376104 0.4706431 -0.8129575 -0.3446737 0.4693614 -0.858471 -0.1317948 0.4956389 -0.6940338 -0.09210324 0.7140268 -0.921088 -0.3297908 0.2069662 -0.9255589 -0.3292458 0.1869171 -0.965382 -0.09210407 0.2440381 -0.9402911 -0.3087475 -0.1432753 -0.9425302 -0.2900607 -0.1658363 -0.9447053 -0.2976326 -0.1376473 -0.958941 -0.2711942 0.08298158 -0.9131969 -0.3082139 0.2666 -0.8611789 -0.3078568 0.4044688 -0.997359 -0.04135346 -0.05970704 -0.9568505 0.01863211 0.2899826 -0.8266166 -0.08957457 0.5555911 -0.9224566 -0.3789485 0.07397276 -0.8922234 -0.3968753 0.2154707 -0.8886244 -0.450963 -0.08354115 -0.8948221 -0.4445856 0.0404607 -0.9093438 -0.1763895 0.3768031 -0.9619957 -0.142286 0.2330642 -0.8418394 -0.4986423 -0.2065488 -0.8644188 -0.4649397 -0.1913405 -0.7410519 -0.5057611 -0.4416424 -0.774375 -0.4708854 -0.4226232 -0.9917227 -0.1198488 -0.04607117 -0.9208645 -0.1085643 -0.3744628 -0.7479301 -0.504117 -0.431818 -0.7623333 -0.4744784 -0.4401342 -0.7531897 -0.4708852 -0.4593173 -0.7529999 -0.5057602 -0.4209489 -0.5979151 -0.4649403 -0.6529381 -0.5357666 -0.1198557 -0.8358163 -0.7847256 -0.1085633 -0.6102621 -0.5997963 -0.4986412 -0.6257807 -0.4123697 -0.4445858 -0.7951698 -0.5166593 -0.4509627 -0.727802 -0.2595081 -0.3968752 -0.8804237 -0.1283486 -0.1763885 -0.9759169 -0.2791521 -0.1422769 -0.9496481 -0.3971644 -0.3789485 -0.8358579 -0.8604841 -0.1129357 -0.4968023 -0.08030927 -0.3078569 -0.9480373 -0.2257159 -0.3082139 -0.9241518 -0.4076062 -0.2711943 -0.871958 -0.591559 -0.2976329 -0.7493149 -0.2272934 0.0186333 -0.9736481 -0.5503863 -0.0413534 -0.8338854 -0.6148829 -0.2900607 -0.7333375 0.06784743 -0.08957719 -0.9936663 -0.5942249 -0.308748 -0.7426786 -0.3009045 -0.3292456 -0.8950162 -0.2813062 -0.3297908 -0.9011687 -7.6741e-6 -0.3375971 -0.9412907 4.55836e-6 -0.3446741 -0.9387224 -1.65254e-5 -0.1317994 -0.9912764 -0.2713469 -0.09210157 -0.9580649 0.02101856 0.4453577 -0.895106 -0.3161809 0.3787918 -0.8697968 -0.09033387 0.5981979 -0.7962408 0.1052352 0.5595554 -0.8220848 0.1710511 0.5088788 -0.8436729 0.1289699 0.3278235 -0.9358946 -0.0476132 0.5838066 -0.8104954 -0.1439221 0.3595456 -0.9219617 -6.92295e-5 0.5742843 -0.818656 7.60704e-6 0.3306212 -0.9437636 0.1249326 0.4823732 -0.8670109 0.0335828 0.2687148 -0.9626342 -0.04205602 0.3376737 -0.9403233 0.09117233 0.5264732 -0.8452891 -0.320169 0.4373008 -0.8403928 -0.1426107 0.6625253 -0.7353383 -0.6159654 0.4937309 -0.6138539 -0.428993 0.7389395 -0.5195514 -0.5681975 0.7546753 -0.3280503 -0.7409653 0.5176481 -0.4277978 -0.8395959 0.4937304 -0.2265154 -0.6644398 0.7389408 -0.1117423 -0.7081356 0.6625168 0.2441627 -0.8878846 0.4373023 0.1429257 -0.6864553 0.5264757 0.5016001 -0.8353798 0.3376656 0.4337309 -0.6883854 0.4823734 0.5417025 -0.8168734 0.2687164 0.5104011 -0.7460229 0.3278256 0.5796381 -0.6451179 0.5088781 0.5699702 -0.7646757 0.4453569 0.4657558 -0.6593272 0.5595563 0.5021798 -0.7347311 0.5981984 0.319889 -0.9113566 0.3787923 0.1610763 -0.7257158 0.583808 0.3640123 -0.8704046 0.3595434 0.3363398 -0.4837995 0.8369039 0.2559883 -0.5315912 0.6399183 0.5549012 -0.2350698 0.9109519 0.3389821 -0.7390291 0.5399159 0.4028983 -0.6642906 0.7239233 0.1861535 -0.8286452 0.4607687 0.3178668 -0.6945304 0.695935 0.1824886 -0.8488218 0.4864121 0.2071347 -0.7107599 0.6874322 0.149189 -0.7339518 0.6116214 0.2953543 -0.6559642 0.7258542 0.2069944 -0.5806008 0.7579792 0.2972713 -0.5865114 0.5545009 0.590367 -0.5608026 0.7562845 0.3369484 -0.669943 0.5257786 0.5241501 -0.629741 0.6864652 0.3635818 -0.7887189 0.412993 0.4553671 -0.8616737 -0.04380601 0.5055685 -0.7095305 -0.006770372 0.7046423 -0.5590503 -0.349901 0.7516862 -0.7849972 -0.2997459 0.5421548 -0.5776095 -0.3768227 0.7241353 -0.360619 -0.404066 0.8406454 -0.3442514 -0.37125 0.8623598 -0.07562118 -0.4170693 0.9057233 -0.09189325 -0.3816122 0.9197434 -0.4893102 0.02908915 0.8716246 -0.1827959 0.0376681 0.982429 7.49156e-6 -0.4166547 0.9090648 2.43578e-5 -0.3823179 0.9240309 -0.7799001 -0.2974774 0.5506935 -6.10863e-6 -0.158635 0.9873374 -0.9252569 -0.2004961 0.3220266 -0.8976036 -0.2101413 0.3874898 -0.6704494 -0.1888467 0.7175197 -0.5110368 -0.2256185 0.8294202 -0.8058102 0.1499084 0.5728852 -0.4854931 0.07603538 0.8709278 -0.3672852 -0.2050762 0.9072185 -0.9665296 0.0310204 0.2546734 -0.4000135 -0.2227613 0.8890256 -0.6509514 -0.2263419 0.7245908 -0.6545894 -0.2330712 0.7191597 -0.8433223 -0.2274706 0.4868928 -0.8397654 -0.2443865 0.4848393 -0.865572 -0.03236466 0.4997377 -0.7140443 0.03938096 0.6989921 -0.9501053 -0.2330711 0.2073115 -0.9529896 -0.226342 0.2014452 -0.9623671 0.03938239 0.2688842 -0.9699255 -0.2227613 -0.09809166 -0.9693168 -0.2050764 -0.1355312 -0.9738173 -0.2256187 0.02786087 -0.9566154 -0.1888466 0.2218649 -0.7843774 -0.2101407 0.5836035 -0.741512 -0.2004959 0.6402823 -0.9969919 0.0760377 -0.01501363 -0.8990388 0.1499097 0.4114077 -0.7038183 0.03102135 0.7097024 -0.8668643 -0.2974761 0.4000679 -0.8620182 -0.2997455 0.408751 -0.9159246 -0.3768213 0.1381592 -0.9305041 -0.3499004 0.1083143 -0.8686725 -0.04380559 0.4934463 -0.965003 -0.006775259 0.2621515 -0.9083299 -0.4040657 -0.1080186 -0.9189517 -0.3712501 -0.1330462 -0.8221873 -0.4170701 -0.3873769 -0.8424662 -0.3816127 -0.3802927 -0.9995043 0.02908807 -0.01205462 -0.9464086 0.04027527 -0.3204509 -0.7872729 -0.4166548 -0.4545331 -0.7997432 -0.3836851 -0.461732 -0.7505746 -0.3816136 -0.5394526 -0.7465708 -0.4170699 -0.5183481 -0.5746986 -0.3712503 -0.7293111 -0.5101907 0.02909189 -0.8595691 -0.750721 0.04027783 -0.6593905 -0.5477114 -0.4040665 -0.7326271 -0.371452 -0.3499006 -0.859996 -0.3383124 -0.3768225 -0.8622933 -0.07701909 -0.2997457 -0.9509052 -0.006997764 -0.04380357 -0.9990157 -0.2554733 -0.006773173 -0.9667925 -0.08696389 -0.2974768 -0.9507602 -0.8646709 0.05592805 -0.4992158 0.1837452 -0.2004958 -0.9623093 0.1132268 -0.2101412 -0.9710924 -0.2861651 -0.1888467 -0.9393863 -0.46278 -0.2256186 -0.8572812 -0.09322834 0.149909 -0.9842945 -0.5114994 0.0760352 -0.855913 -0.6020312 -0.2050763 -0.771688 0.2627113 0.0310201 -0.9643757 -0.5699113 -0.2227613 -0.7909353 -0.3020375 -0.2263417 -0.9260361 -0.2955155 -0.2330711 -0.9264711 -1.66893e-6 -0.2274734 -0.9737843 3.16603e-6 -0.2443896 -0.9696772 -1.16825e-5 -0.03237223 -0.9994759 -0.2483226 0.03937774 -0.9678767 0.1111915 0.6116237 -0.7832963 -0.218018 0.5545001 -0.8031176 0.03285461 0.7579786 -0.6514515 0.1487209 0.7258566 -0.671576 0.2261785 0.687431 -0.6901317 0.245027 0.4864106 -0.8386694 -0.0114026 0.7562866 -0.6541411 -0.1189555 0.5257764 -0.8422641 -2.39322e-5 0.6864654 -0.7271625 1.78218e-5 0.4129889 -0.9107361 0.1892235 0.6959302 -0.6927306 0.1390432 0.4607699 -0.8765604 0.1709301 0.7239234 -0.6683696 0.0205903 0.5399137 -0.8414685 0.0202071 0.8369035 -0.5469774 -0.2147574 0.6399202 -0.7378221 -0.1760184 0.9109498 -0.373079 -0.4521929 0.7010507 -0.5514068 -0.3104761 0.9335271 -0.1792536 -0.5914443 0.7304741 -0.3414694 -0.7036309 0.7010479 -0.1159112 -0.4111036 0.9109506 0.03410351 -0.7463538 0.6399177 0.1829248 -0.4635882 0.8369056 0.2909898 -0.718435 0.5399152 0.438569 -0.4933503 0.7239292 0.4822157 -0.6896036 0.4607689 0.5586939 -0.5053105 0.6959313 0.510236 -0.6037958 0.48641 0.6315347 -0.4845851 0.6874257 0.5409466 -0.6227599 0.6116222 0.4879431 -0.5072438 0.7258543 0.4645851 -0.547747 0.757979 0.3541768 -0.8045273 0.5545024 0.2127513 -0.5722072 0.7562845 0.3171954 -0.7888981 0.5257795 0.3181129 -0.2514376 0.7010466 0.6673178 -0.2350683 0.9109538 0.3389782 -1.25582e-5 0.9335285 0.3585033 9.00775e-6 0.61371 0.7895317 -4.14252e-6 -0.1586493 0.987335 -0.2940742 -0.2887099 0.911135 -0.1116566 0.001351952 0.9937459 -0.4905209 -0.03313148 0.8707994 -1.57207e-5 0.01870548 0.9998251 1.04494e-6 -0.2766823 0.9609615 2.25417e-5 -0.4649129 0.8853566 -0.2248972 -0.5017499 0.8352655 -0.4777114 -0.4622796 0.7470538 -0.717877 -0.4500158 0.5311671 -0.7895935 -0.4514666 0.4155959 -0.8177037 -0.379285 0.433017 -0.6504099 -0.6091327 0.4537889 -0.633915 -0.5559414 0.5376625 -0.3359133 -0.7053784 0.6241825 -0.3430598 -0.5900992 0.7308167 -8.34465e-6 -0.7064458 0.7077672 -1.67042e-5 -0.6340632 0.7732813 -0.465586 0.7585201 -0.4559355 -0.3760668 0.8248198 -0.4221922 -0.3856104 0.8802754 -0.2764416 -0.4948619 0.8384308 -0.2283536 -1.2759e-5 -0.9681134 0.2505128 -0.078139 -0.9595409 0.2705101 -8.08388e-7 -0.9645135 0.2640339 -0.07688546 -0.9545393 0.2879993 -0.1138738 -0.9460785 0.3032627 -0.1057627 -0.939599 0.3255273 -0.1138665 -0.946082 0.3032547 -0.1613135 -0.9488384 0.2714477 -0.1441233 -0.9457295 0.2912459 -0.1741986 -0.953443 0.2461734 -0.1876919 -0.9549256 0.2299761 -0.2030487 -0.9600733 0.1924332 -0.2032051 -0.9619258 0.1827745 -0.2291988 -0.9643428 0.1323285 -0.2263758 -0.9652315 0.1306991 -0.2598906 -0.9619258 0.08459258 -0.2681773 -0.9600731 0.07962888 -0.2930122 -0.9549254 0.04755681 -0.3002922 -0.9534428 0.02777558 -0.315738 -0.9488381 0.003977954 -0.3242869 -0.94573 -0.02080678 -0.3195574 -0.9460827 -0.05301594 -0.3347969 -0.9395986 -0.07117378 -0.3195703 -0.9460783 -0.05301636 -0.2878573 -0.9545392 -0.07741594 -0.2733377 -0.959541 -0.06758481 -0.228661 -0.9645132 -0.132017 -0.21695 -0.9681137 -0.1252552 -0.1951985 -0.9595409 -0.202926 -0.2109715 -0.9545391 -0.2105851 -0.2056961 -0.9460784 -0.2502498 -0.2290338 -0.9395989 -0.2543573 -0.2056913 -0.9460827 -0.2502372 -0.1544247 -0.9488382 -0.2754255 -0.1801639 -0.9457299 -0.2704365 -0.1260938 -0.953443 -0.2739469 -0.1053205 -0.9549255 -0.2775338 -0.0651282 -0.9600734 -0.2720618 -0.0566852 -0.9619256 -0.2673684 1.59571e-5 -0.9643435 -0.2646542 2.71946e-6 -0.9652315 -0.261397 -0.6973861 0.7084645 -0.1083086 -1.94013e-5 0.9941043 -0.1084287 -0.9324065 0.3554742 -0.06524139 1.03451e-5 0.985355 -0.170516 -0.6298785 0.7762052 0.02754384 1.74642e-5 0.9964296 0.08442765 -0.6848112 0.6928445 0.2258323 1.92523e-5 0.8781071 0.4784644 2.26498e-6 0.6759305 0.7369655 -1.29938e-5 -0.6765084 0.7364349 -0.7158232 -0.4723859 0.514246 -1.21295e-5 -0.6765146 0.7364292 7.12275e-6 -0.996335 -0.08553701 1.64288e-5 -0.9967194 -0.08093494 -0.8244016 -0.564391 -0.04272079 -0.8661938 -0.4983359 -0.03700917 -0.7466905 -0.6651712 8.58626e-4 7.53999e-6 -0.9997648 -0.02168834 1.91033e-5 -0.9866649 -0.1627654 -0.9693195 -0.237678 -0.06268131 -0.705692 0.7037272 -0.0822612 1.71363e-5 0.9960752 -0.08851152 -0.9339017 0.3541396 -0.04912197 -6.22496e-6 0.9909737 -0.1340567 -0.6298781 0.7762055 0.02754408 2.15769e-5 0.9964297 0.08442705 -0.6848131 0.6928573 0.225787 1.82986e-5 0.8780694 0.4785334 -1.99378e-5 0.6759369 0.7369596 -1.17868e-5 -0.6765916 0.7363586 -0.7158905 -0.4724092 0.5141308 -1.3113e-5 -0.6766009 0.7363499 1.00434e-5 -0.996335 -0.08553785 1.61674e-5 -0.9967196 -0.08093255 -0.8244002 -0.5643929 -0.04271996 -0.8661947 -0.4983345 -0.03700697 -0.7395733 -0.6729551 -0.01276159 1.96695e-5 -0.9992142 -0.03963899 2.11e-5 -0.9931324 -0.1169966 -0.9531291 -0.2993522 -0.04396855 -0.7043024 0.7045707 -0.08682447 1.46031e-5 0.9957529 -0.09206658 -0.9490271 0.3117343 -0.0465793 -5.68293e-6 0.9894825 -0.1446524 -0.6298831 0.7762014 0.02754485 1.07586e-5 0.9964294 0.08443075 -0.6848111 0.6928531 0.225806 -7.689e-6 0.8780737 0.4785255 -1.29342e-5 0.6759426 0.7369543 1.29491e-5 -0.6765234 0.7364212 -0.7158733 -0.4723644 0.5141959 1.27256e-5 -0.6765203 0.7364241 1.11759e-5 -0.9963352 -0.08553528 1.99207e-5 -0.9967218 -0.08090537 -0.8244001 -0.5643931 -0.04271936 -0.8661921 -0.4983392 -0.03700691 -0.7409081 -0.6715875 -0.005045533 -9.59635e-6 -0.9995191 -0.03101235 1.86264e-5 -0.9933989 -0.1147114 -0.964722 -0.2604324 -0.0385527 -0.7054316 0.7038838 -0.0831502 -1.93417e-5 0.9960116 -0.08922368 -0.6919174 0.7129744 -0.1136569 -1.20576e-5 0.9875216 -0.1574843 -0.6298616 0.7762187 0.02755129 2.38419e-7 0.9964295 0.08442908 -0.6847983 0.6928643 0.2258108 7.56979e-6 0.8780718 0.4785289 -2.14577e-6 0.6759394 0.7369573 1.28746e-5 -0.6765375 0.7364082 -0.7158725 -0.4723746 0.5141875 1.32024e-5 -0.6765316 0.7364136 1.06692e-5 -0.996335 -0.08553707 -1.88324e-5 -0.9967216 -0.08090913 -0.8244001 -0.564393 -0.04272121 -0.8661858 -0.4983498 -0.03701168 -0.7359023 -0.676988 -0.01162487 1.22488e-5 -0.9992304 -0.03922623 2.27094e-5 -0.9994418 0.03341197 -0.7314983 -0.6814619 0.02280449 3.54648e-6 -0.9994178 -0.03411972 -0.7367306 -0.6761506 -0.006956279 -3.60608e-6 -0.9989043 0.04679983 -0.7288879 -0.6838802 0.03210043 1.63019e-5 -0.9963353 -0.08553397 -0.8243966 -0.5643981 -0.0427215 -2.1247e-5 -0.9967178 -0.08095496 -0.8661877 -0.4983465 -0.03700906 -0.7052003 0.7040257 -0.08390772 2.35736e-5 0.9959641 -0.08975374 -0.6877442 0.716687 -0.1156191 1.94192e-6 0.9872302 -0.1593002 -0.6298925 0.7761937 0.02754688 2.77162e-6 0.9964296 0.08442789 -0.6848306 0.6928316 0.225813 -2.96235e-5 0.8780646 0.4785421 1.65105e-5 0.6759126 0.7369819 1.20997e-5 -0.6766027 0.7363484 -0.7158395 -0.4724518 0.5141627 1.29044e-5 -0.6766182 0.7363341 -1 0 0 -0.2853966 -0.9575623 -0.04028934 -0.9989882 -0.04478687 0.004109382 -0.7399412 -0.6726103 0.009084463 1.09971e-5 -0.9963348 -0.08553999 -0.8236644 -0.5654383 -0.04308992 1.8537e-5 -0.996028 -0.08904117 -0.8586638 -0.5108141 -0.04201793 -1.90735e-5 0.236215 -0.9717009 -0.7126287 0.6948719 -0.09650617 2.1711e-5 0.5611214 -0.8277336 1.38581e-5 0.9950331 -0.09954541 -0.6312445 0.7749802 0.03059637 -1.65999e-5 0.9958266 0.09126633 -0.7301832 0.6647612 0.157877 -4.70877e-6 0.8485774 0.5290713 -1.22488e-5 0.6759381 0.7369584 2.63751e-6 -0.6764952 0.7364472 -0.8405315 -0.3665299 0.3989521 7.27177e-6 -0.6765507 0.7363961 -0.4151064 0.8664884 0.2772806 0 1 0 -0.318494 0.9100721 0.265199 0 1 -3.47941e-7 -1.78252e-4 1 -1.21821e-5 -0.3587391 0.9101764 0.2070873 -0.4770322 0.509727 -0.7159739 -0.4801958 0.5009848 -0.7200182 -0.5084687 0.41571 -0.7540856 -0.5110498 0.4160934 -0.7521266 -0.4580679 0.5803621 -0.6733154 -0.4633489 0.5567737 -0.689428 -0.4752802 0.4896863 -0.7309693 -7.6071e-4 0.2453405 -0.9694367 0.004115581 0.1251769 -0.992126 -0.4862462 0.2358577 -0.8413892 -0.4946368 0.1142838 -0.8615531 -0.8607385 0.1102597 -0.4969629 -0.8423045 0.232408 -0.4863225 0.49917 0.1399433 -0.8551288 0.4822633 0.2581814 -0.8371168 0.8576477 0.1545906 -0.4904512 0.8332294 0.2709245 -0.4820048 0.9862638 0.1651624 0.002321779 0.9599585 0.2801419 -4.92248e-4 -0.4405122 0.4749667 -0.7618108 -0.001029551 0.4817387 -0.8763144 -0.7632644 0.4724968 -0.4406521 0.7495598 0.4998252 -0.4339757 0.8623604 0.5062947 -6.00896e-4 0.4345833 0.4908548 -0.7551152 -0.3593832 0.6992759 -0.6179457 2.04669e-4 0.7030287 -0.7111615 -0.6301325 0.6859992 -0.3637831 0.6061995 0.7126085 -0.353145 0.6980002 0.7160974 6.60931e-4 0.3577066 0.6964306 -0.6221178 -0.1280252 0.86975 -0.4765969 -0.4356476 0.8642576 -0.2515354 0.4680347 0.8746623 -0.1261327 0.2473276 0.8678922 -0.4308043 -0.07698076 0.9551773 -0.2858501 -0.2547497 0.9557576 -0.1470714 0.1448901 0.9565224 -0.2531241 0.2819733 0.9563708 -0.07646048 -4.74371e-4 0.9999999 -2.55391e-4 0.2500942 0.9573934 0.1443984 0.424607 0.8715603 0.2451359 0.6128748 0.7065187 0.3538586 0.7456039 0.508671 0.4304982 0.8304725 0.2835482 0.4794955 0.85358 0.1690025 0.4927873 -0.2308489 0.9729896 -9.25297e-5 -0.200028 0.9729632 -0.1154616 0.4488447 0.8935995 0.004319489 0.3909743 0.8922849 0.2257584 -0.199622 0.9730952 0.1150515 0.3862809 0.8970516 -0.2146757 -0.1150733 0.9732275 0.1989636 0.1737626 0.9353457 -0.3081153 0.8614545 0.1026462 0.497353 0.9947722 0.1019968 -0.00500375 0.7994743 -0.3844644 0.4615496 0.9239875 -0.3823775 0.005903065 0.8706806 0.1207145 -0.4768053 0.8363475 -0.3764046 -0.3985506 0.6381993 -0.192688 -0.7453677 0.4732912 0.3348356 -0.8147887 0.8168541 -0.3321318 0.4716334 0.9461826 -0.3236126 -0.003668367 0.8590117 -0.126953 0.4959657 0.9920381 -0.1259249 -0.001834869 0.9893178 -0.03264659 0.1420726 0.934659 -0.03667849 -0.3536487 0.8487248 -0.1444783 -0.5087165 0.8655695 -0.03209567 0.4997592 0.8667631 -0.297063 -0.4005938 0.4700357 -0.2961304 -0.8314884 0.6224436 -0.1828222 -0.7610126 0.09540098 -0.2499521 -0.963547 -0.1150975 0.97323 0.1989373 0.1737612 0.935342 -0.3081276 -0.001870751 0.9646543 0.2635123 0.06270176 0.9546874 -0.2909306 0.02311301 0.9767624 0.2130753 0.08674675 0.9816983 0.1695391 0.0925346 0.9824886 0.1617209 0.1510307 0.9846758 0.08719706 0.1502831 0.9848283 0.08676564 0.4732854 0.3348211 -0.8147981 0.1887969 0.6131196 -0.7670986 0.6381843 -0.1926851 -0.7453813 0.1863218 0.9824886 -7.16175e-4 0.1901981 0.9816985 -0.009636342 0.1960871 0.9767618 -0.08652377 0.227275 0.9646531 -0.133381 -0.2206155 0.9546846 0.1997655 -0.1799684 0.9353445 0.3045362 0.1147406 0.9732306 -0.1991407 -0.4689949 0.3348396 0.8172677 -0.5699344 0.6131128 0.5470536 -0.3264163 -0.1926891 0.9253774 -0.7047824 0.1876543 -0.6841547 -0.4737138 0.2671353 -0.8391865 -0.6961137 -0.1063683 -0.7100082 -0.533737 -0.0748111 -0.842335 -0.6844602 -0.09825956 -0.7223984 -0.5337145 -0.06402236 -0.8432379 -0.8604341 -0.1134471 -0.4967727 -0.8374441 0.2547847 -0.4835 -0.2836059 0.2389823 -0.9286847 -0.3534454 -0.02988147 -0.9349778 -0.003801643 0.3379052 -0.9411725 -0.01628595 0.02966105 -0.9994273 -0.3456363 -0.02306026 -0.9380853 0.0434845 0.03658795 -0.998384 -0.8602641 -0.1151516 -0.4966748 0.3117374 0.06967312 -0.9476104 0.3536993 0.06954765 -0.9327701 0.4111962 0.07910096 -0.9081084 0.4133906 0.183184 -0.8919373 0.3962591 0.4323322 -0.8099801 0.4209769 0.07750731 -0.9037539 -0.1770553 0.7985112 -0.5753533 0.01120728 0.8521843 -0.5231219 0.01348727 0.9887929 -0.1486831 -0.08299326 0.9842729 -0.1559459 0.3273404 0.8603844 -0.3906238 0.2999262 0.9539548 0.003833889 0.61713 0.6908007 -0.376756 0.582996 0.511444 -0.6313009 -0.2611254 0.8406823 -0.474412 -0.4526337 0.7827221 -0.4271637 -0.1507071 0.9847418 -0.08701109 -0.474589 0.8364732 -0.2740036 -0.596249 0.7827237 -0.178412 -0.1765483 0.9842731 0.006096243 -0.5414088 0.8406866 0.01106947 -0.5868182 0.7984974 0.1343367 -0.1220165 0.9887933 0.08602297 -0.4474339 0.8521828 0.27127 -0.1746226 0.8603862 0.4787927 0.1532822 0.9539559 0.257823 -0.01771652 0.6908 0.7228288 -0.2552306 0.5114429 0.8205386 -0.9636118 0.2671419 0.009352684 -0.9448853 0.1876552 -0.2682858 -0.9629422 -0.1063683 -0.2478472 -0.9963521 -0.07480978 -0.04106235 -0.9678454 -0.09825867 -0.2315608 -0.9971227 -0.06402248 -0.04058825 -0.9460725 0.2389663 0.2187283 -0.9864373 -0.02988135 0.1613962 -0.8169826 0.3379004 0.4672932 -0.8736729 0.0296604 0.4856088 -0.985224 -0.02306038 0.1697112 -0.8428859 0.03659123 0.5368469 -0.6647874 0.06967377 0.7437765 -0.6309517 0.06954985 0.7726984 -0.5808475 0.07910221 0.8101599 -0.5657477 0.1831828 0.8039737 -0.5033358 0.4323361 0.7481568 -0.5721813 0.07750761 0.8164566 0.3330203 0.1938519 -0.9227779 0.4093852 0.2242598 -0.8843706 0.211272 -0.0839315 -0.9738171 0.2351101 -0.06748521 -0.9696232 0.2221683 -0.07544976 -0.9720847 0.1860587 -0.0701242 -0.9800331 -0.07745486 -0.1566687 -0.9846095 0.02308028 0.1501263 -0.9883974 -0.3600271 -0.1812883 -0.9151585 -0.3192672 0.1726453 -0.9318058 -0.5412622 -0.1694804 -0.8235969 -0.479582 0.217141 -0.8502064 -0.7087734 -0.166216 -0.6855746 -0.6444374 0.2307489 -0.7290099 -0.8537906 -0.1675016 -0.492935 -0.8334631 0.2716277 -0.4812045 0.3614014 0.7467742 -0.5583165 0.4452114 0.8384251 -0.3143727 0.4322233 0.8802703 -0.1957225 0.3052165 0.9189323 -0.2498128 0.1212059 0.726841 -0.6760262 0.2188152 0.9369695 -0.2724121 -0.06466633 0.7716616 -0.6327376 0.1427909 0.9517937 -0.2714769 -0.1456996 0.8260517 -0.5444357 0.1130526 0.9699734 -0.2153386 -0.2488392 0.8452588 -0.4728813 0.04539847 0.9771985 -0.2074182 -0.03476881 0.9991934 -0.02009558 -0.4071292 0.882607 -0.235055 -0.5339496 0.8452569 0.0209459 -0.9535602 0.2307463 -0.1935952 -0.9760935 0.2171311 0.009771585 -0.9481113 -0.1662176 -0.2710291 -0.9838866 -0.169481 -0.05695015 -0.966602 0.1726444 0.1894061 -0.972564 -0.181289 0.1457867 -0.8444339 0.1501364 0.5141893 -0.891425 -0.1566686 0.4252252 -0.6326377 0.1938533 0.7497936 -0.7377146 -0.0839312 0.6698752 -0.5611954 0.2242552 0.7967242 -0.7221635 -0.0674858 0.6884226 -0.730768 -0.07545065 0.6784434 -0.7557045 -0.07012534 0.6511477 -0.3028138 0.7467776 0.5921377 -0.0496543 0.8384209 0.5427569 0.0466091 0.8802712 0.4721762 -0.06373643 0.918931 0.3892346 -0.5248367 0.7268527 0.4429805 -0.1265194 0.9369673 0.3257074 -0.5803048 0.7716581 0.2603657 -0.1637077 0.951792 0.2594071 -0.5443555 0.8260452 0.1460368 -0.1299548 0.9699752 0.2055724 -0.1569342 0.9771955 0.1430411 -0.03477704 0.9991937 -0.02006614 0.4677544 0.4797363 0.7423334 0.4520884 0.4620928 0.7629458 0.2398978 0.3399239 0.9093409 0.3057966 0.2963665 0.9047958 0.6212054 0.543803 0.5642536 0.6079435 0.544152 0.5781897 0.718391 0.5584513 0.4147851 0.7149987 0.5642527 0.4127904 0.1999532 0.2779698 0.9395486 0.3378095 0.2494483 0.9075573 0.5893689 0.3495138 0.7283436 0.7801803 0.3589169 0.512345 0.5844731 0.05978739 0.8092075 0.3099114 0.07532924 0.9477766 0.232427 0.2966485 0.9262707 0.06290233 0.1353784 0.9887953 0.2198457 0.4872824 0.8451176 0.1615573 0.3591946 0.9191728 0.2511452 -0.04461091 0.966921 0.1227186 0.8665908 0.4836948 0.2931275 0.8180688 0.494813 0.1886118 0.7501999 0.6337395 0.3603812 0.7218593 0.5907999 -5.94556e-6 0.7682743 0.6401208 1.38581e-5 0.6024503 0.7981564 0.2052969 0.6040168 0.7700759 -2.50319e-6 0.8849071 0.4657679 0.4167684 0.8110074 0.4105743 0.5061624 0.7061349 0.4951496 0.4056485 0.6048305 0.6852952 0.5609538 0.6078715 0.5619815 0.5533247 0.7692623 0.3194801 0.622681 0.6950126 0.3594802 0.6881061 0.6072021 0.3972601 0.4167677 0.8110097 0.4105703 0.4137457 0.8322582 0.3689997 0.4842734 0.8290457 0.2795757 0.4622036 0.8456688 0.2668563 0.3126196 0.8926535 0.3247134 0.4128792 0.8817697 0.2280638 0.1311661 0.9694895 0.2070887 0.09311294 0.9243894 0.369911 0.1309506 0.9056574 0.4032825 1.61137e-5 0.8849102 0.4657619 2.41417e-5 0.8799466 0.4750726 0.9229483 0.1695813 -0.3455557 0.95222 0.2764438 -0.1298309 0.9059593 0.1928812 -0.3768749 0.9544996 0.2781165 -0.1076188 0.9695478 0.237836 -0.05840718 0.9602168 0.2186963 -0.1736539 0.9626306 0.2338364 -0.1366121 0.6276453 0.7585192 -0.1752433 0.553664 0.8248189 -0.1145867 0.4322131 0.8802745 -0.1957257 0.4451946 0.8384306 -0.3143821 -0.04745823 -0.9984974 -0.02740085 0.0315144 -0.9993382 0.0181694 0.4055436 -0.5125308 -0.7568664 0.3764809 -0.6764613 -0.6329789 0.07407128 -0.996335 0.04277878 0.4491971 -0.5643953 -0.6925893 0.07007718 -0.9967194 0.0404933 0.4651469 -0.4983488 -0.731633 0.08653998 0.9949948 0.0499649 0.2166628 0.9681918 0.1251479 0.43585 0.7037287 -0.5610711 0.5433526 0.5028141 -0.6722692 0.291082 0.7762134 -0.5592532 -0.07310521 0.996431 -0.04220044 0.1468265 0.6928557 -0.7059696 -0.4143385 0.8781149 -0.2392444 -0.6382153 0.675953 -0.3684685 -0.3387945 0.7762058 0.531717 -0.5379731 0.6928576 0.4801389 -0.4143584 0.8781157 -0.2392073 -0.6382098 0.6759529 -0.368478 -0.2679743 0.703727 0.6579957 0.2166541 0.9682031 0.1250751 -0.3105497 0.5028453 0.8066632 -0.6377637 -0.6765145 -0.3682197 -0.08743977 -0.4723929 -0.87704 -0.6377588 -0.6765195 -0.3682189 -0.04009395 -0.9989281 -0.02313435 0.03377908 -0.9992397 0.01947313 0.4100282 -0.5101282 -0.7560729 0.3780542 -0.6769114 -0.6315585 0.07406949 -0.996335 0.04278278 0.4491958 -0.5643973 -0.6925886 0.0700789 -0.99672 0.04047751 0.4651457 -0.4983316 -0.7316455 0.07758772 0.9959789 0.04479092 0.1842073 0.9771193 0.1063283 0.426226 0.701748 -0.5708602 0.525855 0.5041791 -0.6850401 0.2910836 0.7762098 -0.5592575 -0.07310032 0.9964312 -0.04220545 0.146859 0.6928653 -0.7059534 -0.4144239 0.8780633 -0.2392857 -0.6382396 0.6759238 -0.3684798 -0.3387911 0.7762098 0.5317133 -0.5379505 0.6928552 0.4801677 -0.4144427 0.8780644 -0.239249 -0.6382378 0.6759237 -0.3684829 -0.2812628 0.7017548 0.6545469 0.1841988 0.9771195 0.1063411 -0.3303295 0.5042039 0.7979104 -0.6377088 -0.6765829 -0.3681889 -0.08731818 -0.4724016 -0.8770475 -0.6377032 -0.67659 -0.3681855 -0.03553467 -0.9991577 -0.02052271 0.03517049 -0.9991751 0.02030479 0.4127726 -0.5085864 -0.755618 0.3790215 -0.6772064 -0.6306618 0.07406955 -0.9963352 0.04277992 0.4491962 -0.5643956 -0.6925898 0.07005792 -0.9967216 0.04047292 0.4651462 -0.4983409 -0.7316389 0.072007 0.9965376 0.04156953 0.1639692 0.9819097 0.09469711 0.4203678 0.7004578 -0.5767581 0.5151218 0.5049208 -0.6926072 0.2910859 0.7762027 -0.5592657 -0.07310414 0.9964308 -0.04220885 0.1468461 0.6928606 -0.7059607 -0.41437 0.8781036 -0.2392312 -0.638233 0.6759261 -0.3684869 -0.3387942 0.7762054 0.5317178 -0.5379636 0.6928514 0.4801584 -0.4143695 0.8781039 -0.2392314 -0.6382408 0.6759238 -0.3684774 -0.2893009 0.7004624 0.6524245 0.1639916 0.981909 0.09466505 -0.3422596 0.5049086 0.7924177 -0.6377719 -0.6765226 -0.3681907 -0.08738118 -0.4723663 -0.8770602 -0.637774 -0.6765193 -0.3681928 -0.03701043 -0.999086 -0.02138859 0.03473913 -0.9991949 0.0200752 0.4118892 -0.5090863 -0.7557636 0.378703 -0.6771282 -0.630937 0.07406932 -0.9963353 0.04277646 0.4491983 -0.5643931 -0.6925904 0.0700789 -0.9967214 0.04044246 0.4651454 -0.4983528 -0.7316312 0.07380473 0.996362 0.04261308 0.1704939 0.980434 0.09839236 0.4222385 0.7008783 -0.5748777 0.5185678 0.5046584 -0.6902228 0.2910709 0.77622 -0.5592498 -0.07310104 0.9964311 -0.04220604 0.1468334 0.6928696 -0.7059545 -0.4144273 0.8780725 -0.2392461 -0.6382297 0.67594 -0.368467 -0.3387897 0.776221 0.5316978 -0.5379549 0.6928757 0.4801332 -0.4144257 0.8780739 -0.239244 -0.6382078 0.6759452 -0.3684955 -0.2867406 0.7008762 0.6531099 0.1704709 0.9804331 0.09844154 -0.3384554 0.504673 0.7941997 -0.6377386 -0.6765357 -0.3682243 -0.0873773 -0.4723754 -0.8770557 -0.637767 -0.6765295 -0.3681864 -0.03507882 -0.9991791 -0.02026486 0.03585946 -0.9991427 0.02068799 0.4125898 -0.5102135 -0.7546204 0.3796937 -0.6773421 -0.6301115 0.07406413 -0.9963354 0.04278415 0.4491969 -0.5644019 -0.6925842 0.07012176 -0.9967176 0.04045933 0.4651451 -0.4983443 -0.7316372 0.07568359 0.9961739 0.04369831 0.1787614 0.9784629 0.1032219 0.4242602 0.7012196 -0.5729698 0.523112 0.5044305 -0.6869525 0.2910895 0.7761943 -0.5592758 -0.07310175 0.9964311 -0.04220706 0.1468495 0.6928368 -0.7059833 -0.414422 0.8780642 -0.2392857 -0.6382399 0.6759096 -0.3685052 -0.3388012 0.7761961 0.531727 -0.5379747 0.6928341 0.4801711 -0.4144441 0.8780634 -0.2392504 -0.6382596 0.6759098 -0.3684709 -0.2840802 0.7012164 0.6539067 0.1787731 0.9784632 0.103199 -0.3333653 0.504435 0.7965005 -0.6377071 -0.6766019 -0.368157 -0.08736783 -0.4724506 -0.8770163 -0.6376946 -0.6766175 -0.3681499 -0.1170722 -0.9908216 -0.06757813 6.75812e-4 -0.9999998 4.07755e-4 0.3529679 -0.5465992 -0.7593702 0.3528221 -0.6701875 -0.6529665 0.07407581 -0.996335 0.04277288 0.4491457 -0.5654338 -0.6917752 0.07711976 -0.9960276 0.0445156 0.4657216 -0.5108407 -0.7225962 0.5348855 0.5579906 -0.6344637 0.4452974 0.7065198 -0.5500365 0.2166081 0.9682192 0.1250302 0.09517508 0.993942 0.05496335 0.2891281 0.7749804 -0.56197 -0.07902127 0.9958285 -0.04562079 0.2283634 0.664758 -0.7112995 -0.4581909 0.8485737 -0.2645445 -0.6382227 0.6759313 -0.3684952 -0.3421195 0.7749767 0.5313807 -0.5018148 0.6647629 0.5534188 -0.4581912 0.8485762 -0.2645362 -0.638229 0.6759362 -0.3684752 -0.2537106 0.7065032 0.6606695 0.2166011 0.9682189 0.1250445 -0.2820012 0.5580209 0.7804409 -0.03257828 0.8664884 -0.498133 -0.07042169 0.9100723 -0.4084228 0 1 1.39177e-6 9.97773e-5 1 -1.4755e-4 2.72505e-5 0.9101763 -0.4142213 0.8585679 0.5097268 -0.05513435 0.8636522 0.5009848 -0.05585187 0.9072913 0.4157102 -0.0633043 0.9068855 0.4160937 -0.06651926 0.8121423 0.5803622 -0.0600413 0.8287356 0.5567749 -0.05656111 0.8706755 0.4896901 -0.04612892 -0.9934449 0.1142862 0.002405405 -0.8571486 0.1251749 0.4996275 -0.9717873 0.2358587 -4.0867e-4 -0.8399373 0.2453427 0.4840583 -0.8607493 0.1102603 -0.4969441 -0.8423191 0.2324077 -0.4862975 -0.4909803 0.1399448 0.8598569 -0.4838321 0.2581838 0.8362103 0.004079639 0.1545893 0.9879704 -8.13834e-4 0.2709239 0.9626004 0.4951422 0.1651615 0.8529688 0.4795523 0.2801415 0.8315951 -0.8800027 0.4749684 -5.8792e-4 -0.7594221 0.4817426 0.4372667 -0.7632482 0.4724975 -0.4406794 -0.001054465 0.4998247 0.866126 0.4306592 0.5062949 0.7471267 -0.4366567 0.4908557 0.7539176 -0.7148476 0.6992767 -0.002260982 -0.6157811 0.7030296 0.3557569 -0.630111 0.6859998 -0.3638193 -0.002734184 0.7126085 0.7015567 0.3495724 0.7160977 0.604155 -0.3599166 0.6964315 0.6208407 -0.4767594 0.869749 0.1274258 -0.4356619 0.864257 -0.2515129 0.1247828 0.8746626 0.4683958 -0.249424 0.8678927 0.4295927 -0.2860463 0.9551765 0.07625895 -0.254743 0.9557576 -0.1470834 -0.1467689 0.9565224 0.2520398 0.07477217 0.9563704 0.2824271 -4.6064e-4 0.9999999 -2.84292e-4 0.2501002 0.9573937 0.1443859 0.4245965 0.8715612 0.2451511 0.6128881 0.7065188 0.3538351 0.7456248 0.5086711 0.430462 0.8304922 0.2835472 0.4794618 0.8535806 0.1690014 0.4927867 0.3909941 0.8922895 0.2257058 -0.20001 0.9729637 -0.1154893 0.2281587 0.8935987 0.3865554 -0.1155048 0.97299 -0.1998724 -1.70336e-4 0.9730933 -0.2304118 0.007237255 0.8970535 0.4418628 0.1147604 0.9732294 -0.1991345 -0.1799583 0.9353473 0.3045336 0.8614508 0.1026535 0.4973578 0.493047 0.101996 0.8640032 0.7994513 -0.3844646 0.4615893 0.4671054 -0.3823767 0.7972457 0.02242523 0.1207156 0.9924339 0.07301801 -0.3764055 0.9235731 -0.3264086 -0.1926892 0.9253802 -0.4689837 0.3348385 0.8172745 0.8168734 -0.3321319 0.4715998 0.4699145 -0.3236127 0.8212523 0.8590248 -0.1269537 0.4959428 0.4944293 -0.1259254 0.8600481 0.6176961 -0.03264665 0.7857391 0.1610595 -0.03667825 0.9862629 -0.0162006 -0.144479 0.9893752 0.865588 -0.03209578 0.4997274 0.08645772 -0.2970629 0.9509358 -0.485073 -0.2961303 0.8228069 -0.3478353 -0.1828232 0.9195577 -0.7867568 -0.2499517 0.5643916 0.9364746 0.2963662 -0.18757 0.8867753 0.4620916 0.01004672 0.9074617 0.339923 -0.2469123 0.8767572 0.4797358 0.03391885 0.7992607 0.5438032 0.2558526 0.8046988 0.5441518 0.2374004 0.7184095 0.5584514 0.4147529 0.714985 0.5642532 0.4128133 0.9136502 0.2779698 -0.2966079 0.9548724 0.2494486 -0.1612275 0.9254481 0.3495141 0.1462386 0.8337913 0.358917 0.4194889 0.9930307 0.05978679 0.1015661 0.9757546 0.07532876 -0.2054961 0.9183871 0.2966495 -0.2618478 0.8877738 0.1353791 -0.4399207 0.8418145 0.4872868 -0.232164 0.8768057 0.359196 -0.3196718 0.9629509 -0.04461252 -0.2659612 -0.8332079 0.5528639 -0.01030308 -0.8410221 0.5408908 -0.01091957 -0.8053829 0.5522356 -0.2153939 -0.8135104 0.5392511 -0.2177364 -0.676201 0.7366543 -0.00963068 -0.653981 0.7359846 -0.1750301 -0.5161955 0.8564243 -0.008931338 -0.4960695 0.8580812 -0.13271 -0.3443101 0.938856 7.88754e-5 -0.720705 0.665985 -0.1924793 -0.7453328 0.6666447 -0.008005678 -0.7172724 0.6695283 0.1930086 -0.8014787 0.5579192 0.2153096 -0.8110532 0.5429684 0.2176654 -0.6518458 0.7378795 0.175017 -0.4954887 0.8583478 0.1331549 0.6918373 0.7218604 0.01669985 0.5750849 0.8180685 0.006449341 0.6431402 0.7502002 -0.1535262 0.4802511 0.866591 -0.135569 0.5543582 0.768275 -0.3200635 0.691231 0.6024513 -0.3990641 0.7695545 0.6040165 -0.207244 0.4033673 0.8849067 -0.2328842 0.5639507 0.8110076 0.1556487 0.6818931 0.7061354 0.1907741 0.7963055 0.6048328 0.00865519 0.7671679 0.6078712 0.2048072 0.5533406 0.7692624 0.3194522 0.6226599 0.6950119 0.3595179 0.68809 0.6072021 0.397288 0.5639472 0.8110103 0.155647 0.4842558 0.8290459 0.2796055 0.5264354 0.8322586 0.1738148 0.4622056 0.8456689 0.2668522 0.4375199 0.8926535 0.1083796 0.4039484 0.8817698 0.2435317 0.2449272 0.9694895 0.01004856 0.3669099 0.924389 -0.1043182 0.4147283 0.9056571 -0.08823627 0.4033713 0.8849091 -0.2328679 0.4114404 0.8799451 -0.2375152 0.1622127 0.1695811 0.9720748 0.1265947 0.1928811 0.9730215 0.3636674 0.2764446 0.8895643 0.3840432 0.2781181 0.8804324 0.4341859 0.2378497 0.8688557 0.3297166 0.2186959 0.9184003 0.3630023 0.2338361 0.9019701 -0.049672 0.8384264 0.5427465 0.1775951 0.8248203 0.5367787 0.04659992 0.8802739 0.4721719 0.1620583 0.7585244 0.6311718 -0.3599365 -0.6764524 0.6425402 0.03151196 -0.999338 0.01818197 -0.4526917 -0.5124965 0.7296695 -0.04749619 -0.9984963 -0.02737212 0.0740804 -0.9963352 0.04275977 -0.3752029 -0.5643931 0.7353118 0.07008105 -0.9967194 0.04048734 -0.4010412 -0.4983453 0.7686468 -0.803257 -0.4723979 0.3627926 -0.6377661 -0.676517 -0.3682108 -0.6377612 -0.6765221 -0.3682101 -0.3579174 -0.6769145 0.6431813 0.03375542 -0.9992396 0.01951563 -0.4497734 -0.5100969 0.7331475 -0.04007977 -0.9989281 -0.02315682 0.07408416 -0.9963352 0.04275155 -0.3752022 -0.5643997 0.735307 0.0701037 -0.9967194 0.04044669 -0.4010434 -0.4983429 0.7686473 -0.8032006 -0.4724172 0.3628922 -0.6377049 -0.6765855 -0.3681911 -0.6376993 -0.6765921 -0.3681885 -0.356657 -0.6772112 0.6435688 0.03517448 -0.9991751 0.02029949 -0.4480043 -0.5085706 0.7352878 -0.03552663 -0.9991578 -0.02053338 0.07408249 -0.9963353 0.04275184 -0.3752016 -0.5643985 0.7353082 0.0700857 -0.9967215 0.04042959 -0.4010444 -0.4983485 0.7686431 -0.8032435 -0.4723775 0.362849 -0.6377653 -0.6765257 -0.3681962 -0.6377666 -0.6765226 -0.3681998 -0.3570564 -0.6771289 0.643434 0.03475558 -0.9991948 0.02004718 -0.4485625 -0.5090976 0.7345825 -0.03701961 -0.9990861 -0.02136898 0.07408124 -0.9963353 0.04275554 -0.3752011 -0.5643963 0.7353103 0.07006728 -0.9967212 0.04046684 -0.4010354 -0.4983571 0.7686422 -0.8032346 -0.472388 0.3628553 -0.6377552 -0.6765394 -0.3681886 -0.6377584 -0.6765334 -0.3681941 -0.3558466 -0.6773408 0.643881 0.0358479 -0.9991427 0.02071338 -0.4472194 -0.5102193 0.7346231 -0.0350812 -0.9991793 -0.02025294 0.07408308 -0.9963355 0.04274892 -0.3752002 -0.5644011 0.7353069 0.07009923 -0.9967178 0.04049354 -0.4010425 -0.4983487 0.768644 -0.8031972 -0.472453 0.3628533 -0.6376899 -0.6766014 -0.3681876 -0.6376789 -0.6766161 -0.3681797 -0.389077 -0.6701808 0.6320419 6.85692e-4 -0.9999998 3.91036e-4 -0.4811468 -0.5466103 0.6853576 -0.1170759 -0.9908215 -0.06757259 0.07408392 -0.9963348 0.0427618 -0.3745146 -0.5654369 0.7348605 0.0771113 -0.9960283 0.04451519 -0.3929494 -0.5107979 0.7646414 -0.7657701 -0.3665077 0.5284584 -1.11452e-6 1 3.87746e-7 -1.30551e-6 1 9.59119e-7 -0.388917 0.9100716 0.1432251 -0.4476562 0.8664876 0.2209147 -7.91772e-5 1 1.60839e-4 -0.3587429 0.9101762 0.207082 0.3958343 0.4160937 0.8186461 0.3834552 0.5009845 0.7758715 0.3988213 0.4157102 0.8173902 0.3815346 0.5097265 0.7711098 0.3540737 0.5803623 0.7333564 0.365386 0.5567784 0.7459833 0.3953938 0.4897056 0.7770793 0.4988054 0.1142807 0.8591468 0.861265 0.1251742 0.4924978 0.4855388 0.2358585 0.8417975 0.8391761 0.2453413 0.4853773 1.03764e-5 0.1102581 0.9939031 1.53333e-5 0.2324075 0.9726185 0.9901483 0.139943 -0.00472474 0.9660959 0.2581822 9.05981e-4 0.8535665 0.1545932 -0.497519 0.8340438 0.2709254 -0.480594 0.4911215 0.1651638 -0.8552899 0.4804062 0.280142 -0.8311019 0.4394931 0.4749664 0.7623994 0.758396 0.4817398 0.4390471 -1.32769e-5 0.4724949 0.8813334 0.7506154 0.4998232 -0.4321496 0.4317014 0.5062944 -0.7465253 0.871241 0.490854 0.001199245 0.3554658 0.6992747 0.6202088 0.6159862 0.7030286 0.355404 -2.40356e-5 0.6859998 0.7276018 0.6089328 0.7126076 -0.3484125 0.3484276 0.7160969 -0.6048169 0.7176228 0.6964309 0.001276254 0.3487336 0.8697494 0.349172 1.18762e-5 0.8642574 0.50305 0.3432514 0.8746628 -0.3422623 0.4967513 0.8678922 0.001209199 0.209066 0.9551768 0.2095919 -7.15256e-6 0.9557569 0.2941578 0.2916572 0.9565224 0.001083254 0.2072023 0.9563707 -0.2059672 -1.42232e-5 0.9999999 5.38593e-4 -7.12276e-6 0.9573937 -0.2887861 1.13845e-5 0.8715606 -0.4902877 -1.24276e-5 0.7065174 -0.7076957 -2.12342e-5 0.5086707 -0.8609613 -2.16514e-5 0.2835472 -0.9589583 2.26647e-5 0.1690034 -0.9856155 -2.63825e-5 0.8922921 -0.4514588 -1.82902e-5 0.9729598 0.2309746 0.2206841 0.8935996 -0.3908686 -0.1153445 0.9729893 0.1999689 -0.1994522 0.9730949 0.115348 0.379048 0.897052 -0.2272013 -0.2298328 0.9732302 1.78382e-4 0.3537232 0.9353434 0.003575921 3.48687e-6 0.1026445 -0.9947182 0.5017223 0.1019965 -0.8589946 2.37972e-5 -0.384465 -0.9231396 0.4568827 -0.3823778 -0.8031473 0.8482639 0.1207168 -0.5156316 0.7633301 -0.3764039 -0.5250213 0.9646072 -0.1926878 -0.1800126 0.9422718 0.3348399 -0.002486884 2.25306e-5 -0.3321309 -0.9432334 0.4762675 -0.3236127 -0.8175843 -1.04904e-5 -0.1269541 -0.9919086 0.4976116 -0.1259256 -0.8582106 0.3716208 -0.03264731 -0.9278104 0.7735997 -0.03667789 -0.6326124 0.8649241 -0.1444787 -0.4806581 -2.07871e-5 -0.03209716 -0.9994848 0.7803058 -0.2970628 -0.5503423 0.9551081 -0.2961305 0.008678674 0.9702777 -0.1828225 -0.1585468 0.8821568 -0.2499521 0.3991532 0.2833141 0.9546837 0.09117251 0.3537232 0.9353433 0.003587067 -0.2291454 0.964654 -0.1301347 -0.2298334 0.97323 2.05504e-4 -0.1729723 0.9767622 -0.1265549 -0.1034447 0.9816994 -0.1598921 -0.09378165 0.9824897 -0.1609945 -2.09957e-5 0.984676 -0.174394 1.0612e-5 0.9848279 -0.1735339 0.9422786 0.3348208 -0.002473413 0.7587324 0.613112 0.2200431 0.9646109 -0.1926888 -0.1799912 -2.05032e-5 -1 0 -2.03011e-5 -1 -2.4715e-5 -1.06552e-5 -1 -3.00146e-5 -5.52148e-6 -1 -3.12781e-5 -2.70871e-5 -1 -1.62429e-5 -3.09629e-5 -1 -5.91499e-6 -3.09459e-5 -1 5.97412e-6 -2.7053e-5 -1 1.60033e-5 -2.02907e-5 -1 2.4415e-5 -1.06619e-5 -1 3.02615e-5 -5.50867e-6 -1 3.17651e-5 -0.446335 -0.7270575 -0.5217015 -0.6028329 -0.7179532 -0.3480459 -0.5868126 -0.616906 -0.5244789 -0.6941322 -0.5979753 -0.400757 -0.4336285 -0.6422133 -0.6320827 -0.3285968 -0.6435614 -0.6912691 -0.2300477 -0.7297704 -0.6438271 -0.1602967 -0.6247526 -0.7641918 -3.80725e-6 -0.7248077 -0.6889513 2.00346e-5 -0.6115232 -0.7912266 -0.3724783 -0.814459 -0.4448782 -0.2003287 -0.8158046 -0.5425232 1.48169e-5 -0.8179211 -0.5753306 -0.5020806 -0.8147929 -0.2898756 -0.7476182 -0.6169061 -0.2459553 -0.6749742 -0.7270575 -0.1256871 -0.7642153 -0.6422117 -0.05949121 -0.7629556 -0.6435607 0.06106144 -0.6725943 -0.7297705 0.1226865 -0.7419574 -0.6247535 0.2432742 -0.5966503 -0.7248067 0.3444761 -0.6852235 -0.6115222 0.3956126 -0.5816605 -0.6247535 0.5209167 -0.4425465 -0.7297704 0.5211409 -0.4343578 -0.6435608 0.6302086 -0.2286394 -0.7270576 0.6473881 -0.3305859 -0.6422131 0.6915746 -0.1608057 -0.6169052 0.7704346 -1.11535e-5 -0.7179517 0.696093 1.9801e-5 -0.5979717 0.8015172 -0.199037 -0.814459 0.5450146 -0.3696755 -0.8158043 0.4447511 -0.4982492 -0.8179225 0.287664 -2.52947e-5 -0.8147928 0.5797523 -0.5700036 -0.8158043 0.0977723 -0.5715152 -0.8144588 -0.1001361 0.462611 -0.07481074 0.8833995 0.4899038 0.2671374 0.8298386 0.2668253 -0.1063681 0.9578571 0.2401018 0.1876571 0.9524369 0.2833827 -0.09825968 0.9539598 0.4634079 -0.06402611 0.8838292 1.1608e-5 -0.113448 0.993544 6.82473e-6 0.254782 0.9669985 0.6624614 0.2389696 0.7099567 0.6329926 -0.02988219 0.773581 0.8131763 0.3379081 0.4738801 0.8573862 0.02966064 0.5138182 0.6395867 -0.02306175 0.768373 0.886367 0.03658902 0.4615352 -7.85478e-6 -0.1151532 0.9933478 0.9765232 0.06967359 0.2038335 0.9846526 0.06954783 0.1600704 0.9920431 0.07910138 0.09794628 0.9791358 0.1831845 0.08795797 0.8995915 0.4323352 0.06181919 0.9931626 0.07750719 0.08729702 0.4097472 0.7985005 0.4410263 0.4586364 0.8521873 0.251852 0.1355047 0.9887933 0.06266111 0.09355556 0.9842729 0.1498472 0.5019602 0.860385 -0.08816885 0.1466466 0.9539551 -0.2616574 0.6348453 0.6908009 -0.3460718 0.8382217 0.5114415 -0.1892412 0.2802922 0.8406828 0.4633454 0.1436145 0.7827238 0.6055728 1.26287e-6 0.9847402 0.1740309 -2.03289e-5 0.8364707 0.5480117 0.9572733 -0.06748509 0.2812005 0.9705809 0.2242561 0.08764725 0.9489863 -0.08393138 0.3039417 0.9656587 0.1938538 0.1729857 0.9529337 -0.07544982 0.2936407 0.9417629 -0.07012444 0.3288848 0.813969 -0.1566696 0.5593829 0.8675177 0.150135 0.4742074 0.6125361 -0.1812888 0.7693724 0.6473287 0.1726412 0.7424018 0.4426226 -0.1694802 0.8805463 0.4965098 0.2171365 0.8404343 0.2393382 -0.1662167 0.956603 0.3046106 0.2300867 0.9242687 2.09878e-5 -0.1667781 0.9859945 2.54065e-5 0.1293776 0.9915955 0.6642149 0.7467762 -0.03382372 0.4948657 0.8384225 -0.2283762 0.3856036 0.8802754 -0.2764509 0.3689521 0.9189321 -0.1394209 0.6460567 0.7268491 0.2330259 0.3453343 0.9369661 -0.05328071 0.5156315 0.7716572 0.3723834 0.3065114 0.9517905 0.01207894 0.3986471 0.8260465 0.3984068 0.2430117 0.9699743 0.009761035 0.2851118 0.8452544 0.4519472 0.2023414 0.9771942 0.06441682 -5.72205e-6 0.9991931 0.04016518 -6.85453e-6 0.8212686 0.5705419 -0.6306778 0.2963663 -0.7172257 -0.4346862 0.4620927 -0.772993 -0.6675634 0.3399236 -0.6624281 -0.4090024 0.4797362 -0.776254 -0.178054 0.5438033 -0.8201065 -0.1967545 0.5441522 -0.8155894 -1.99527e-5 0.5584502 -0.8295381 1.31279e-5 0.5642531 -0.8256019 -0.7136958 0.2779697 -0.6429395 -0.6170631 0.2494481 -0.7463302 -0.3360747 0.349513 -0.8745825 -0.05360293 0.3589144 -0.9318301 -0.4085559 0.05978673 -0.9107732 -0.6658419 0.07532888 -0.7422803 -0.6859604 0.2966488 -0.6644229 -0.8248699 0.1353789 -0.5488737 -0.6219718 0.4872832 -0.6129487 -0.7152486 0.3591944 -0.5994989 -0.7118046 -0.04461157 -0.7009595 0.4076815 0.5528643 0.7267303 0.4110547 0.5408909 0.7338059 0.2161545 0.5522354 0.805179 0.2181904 0.5392514 0.8133885 0.3297603 0.7366542 0.5904225 0.17541 0.7359846 0.6538793 0.2503634 0.8564245 0.4515034 0.1331039 0.8580813 0.4959636 0.1722238 0.938856 0.2981421 1.70544e-5 0.5383627 0.8427132 2.81632e-6 0.5514143 0.8342316 0.1936597 0.6659844 0.7203893 2.18288e-5 0.6649983 0.7468449 -1.03042e-5 0.7352895 0.6777532 1.64658e-6 0.8557534 0.5173839 0.365733 0.6666464 0.6494783 0.5257868 0.6695288 0.5246707 0.5872028 0.5579193 0.5864461 0.7207553 0.5543909 0.4161281 0.7268311 0.5437113 0.4196363 0.5940301 0.5429686 0.5935599 0.5841835 0.7382233 0.3372777 0.4774916 0.7378792 0.4770074 0.445966 0.8572163 0.2574778 0.3630592 0.8583478 0.362529 0.2969328 0.9393834 0.1714348 0.6442725 0.6682459 0.3719685 0.1536518 0.984135 0.08871042 -2.01166e-6 0.9823964 0.1868084 1.3411e-5 1 7.0862e-7 1.45659e-5 0.9368505 0.3497303 0.1617831 0.9823959 -0.09340578 2.45199e-5 0.9841339 -0.1774274 0.1720864 0.9388559 -0.2982212 -2.48104e-6 0.9393843 -0.3428663 0.3028771 0.9368497 -0.1748663 0.3629651 0.8580811 -0.3632536 0.2658318 0.8564243 -0.4425728 0.4785702 0.7359844 -0.4788503 0.3464401 0.7366542 -0.5807925 0.5953195 0.5392519 -0.5956527 0.4299673 0.5408912 -0.7228865 0.5892285 0.5522358 -0.5897842 0.4255251 0.5528635 -0.7164289 0.7298127 0.5383598 -0.4213576 0.7224658 0.5514145 -0.4171154 0.527046 0.6659845 -0.5279084 0.6467844 0.6650013 -0.3734209 0.5869492 0.7352915 -0.3388762 0.4480679 0.855753 -0.2586927 0.379597 0.666645 -0.6414754 0.1914852 0.6695271 -0.7176816 0.2142758 0.5579183 -0.8017564 -1.90884e-5 0.5543926 -0.8322554 2.04295e-5 0.5437089 -0.8392739 0.2170223 0.5429689 -0.8112251 -1.68532e-5 0.7382216 -0.6745583 0.1743531 0.7378795 -0.6520237 1.67042e-5 0.8572148 -0.514959 0.1324292 0.8583481 -0.4956824 -1.51694e-5 0.6682413 -0.7439447 -0.3314564 0.7218603 -0.6074986 -0.2819571 0.8180686 -0.5012625 -0.454528 0.7501998 -0.4802131 -0.357532 0.866591 -0.348125 -0.5543631 0.7682744 -0.3200563 -0.6912161 0.6024499 -0.3990921 -0.5642567 0.6040153 -0.562832 -0.4033697 0.8849064 -0.232881 -0.1471799 0.8110069 -0.5662208 -0.1757309 0.7061349 -0.6859243 -0.3906575 0.6048319 -0.6939491 -0.2062142 0.6078706 -0.7667914 -1.66506e-5 0.7692626 -0.6389327 2.15024e-5 0.6950129 -0.7189974 1.66297e-5 0.6072058 -0.7945448 -0.1471796 0.8110098 -0.5662166 1.68458e-5 0.8290451 -0.5591818 -0.1126901 0.8322578 -0.5428149 -2.84798e-6 0.845668 -0.5337094 -0.1249001 0.8926532 -0.4330937 0.008930146 0.8817692 -0.4715968 -0.1137606 0.969489 -0.21714 -0.2737968 0.9243891 -0.2655938 -0.2837783 0.9056576 -0.3150465 -0.4033554 0.8849089 -0.2328962 -0.4114181 0.8799434 -0.2375602 0.7607299 0.1695826 -0.6265237 0.7793588 0.1928829 -0.5961511 0.5885468 0.2764419 -0.7597319 0.5704504 0.2781142 -0.7728123 0.5353477 0.2378281 -0.8104571 0.6304963 0.2186955 -0.7447462 0.5996254 0.2338351 -0.7653566 0.6634246 0.6041328 0.4414651 0.6227379 0.6908742 0.3672744 0.8665512 0.4695916 0.1690348 0.7609264 0.6397651 0.108129 0.808294 0.5878491 0.03307878 0.8970402 0.4147335 0.1526926 0.609577 0.5704149 0.5504933 0.4151213 0.8664933 0.2772432 0.3184678 0.9100825 0.2651946 0.3586932 0.9101887 0.2071132 0.7046776 0.5812959 0.4068472 0.6354687 0.3597837 0.6831803 0.7970022 0.3912168 0.4601488 0.688247 0.7083907 0.1565209 0.7891437 0.5274294 0.3147549 0.558059 0.783506 0.2732924 0.6412059 0.5959754 0.4833926 0.4242612 0.8485588 0.3161495 0.4932479 0.6558367 0.5714759 0.2762573 0.8874999 0.3688169 0.3028747 0.6886566 0.6588012 -3.8892e-6 0.9195544 0.3929629 -1.95354e-5 0.7251841 0.6885551 0.488443 0.09301942 0.8676238 0.2691508 0.09826457 0.958072 0.1705487 -0.2786483 0.9451288 0.3950415 -0.2642159 0.8798478 0.1436246 -0.309888 0.9398626 8.7425e-6 -0.3176333 0.9482136 -1.8999e-5 -0.2838364 0.9588728 0.4148906 -0.2943158 0.8609554 0.5937816 -0.2484921 0.7652943 0.6198592 -0.2740601 0.7352997 0.8005965 -0.2361735 0.5506973 0.8412038 0.06284105 0.5370543 0.6656295 0.07475119 0.7425293 0.850555 -0.2372389 0.4693336 2.08616e-7 0.1242088 0.9922562 0.9237197 -0.2109902 0.3197265 0.9389942 -0.2323082 0.2536199 0.8124284 -0.1942592 0.5497486 0.6759397 -0.2326259 0.6992787 0.9324982 0.02632492 0.3602141 0.6468534 0.1745703 0.7423651 0.4045833 -0.1248381 0.9059404 0.951145 0.003125309 0.308729 0.3983915 -0.1522212 0.9044959 0.6380782 -0.1166841 0.761079 0.674752 -0.1553936 0.7215002 0.8593626 -0.1238075 0.4961532 0.8617106 -0.0997011 0.4975085 0.8610168 0.1073979 0.4971075 0.6283454 0.08821314 0.7729169 0.9622136 -0.1553935 0.2236022 0.9781527 -0.1166841 0.1720526 0.983538 0.08821547 0.157706 0.9825122 -0.1522211 -0.1072307 0.986859 -0.1248379 -0.1025914 0.9435631 -0.2326253 0.2357417 0.8823106 -0.1942594 0.4287091 0.6891384 -0.2323073 0.6863831 0.7387511 -0.2109898 0.6401017 0.9663344 0.174567 0.1890085 0.7782045 0.02631974 0.6274593 0.74294 0.003126084 0.6693507 0.831735 -0.237239 0.501931 0.8772168 -0.2361734 0.4179866 0.9467191 -0.27406 0.1691576 0.9596549 -0.2484927 0.1315823 0.8857049 0.06284284 0.4599757 0.9758628 0.07476007 0.2051901 0.9530549 -0.2943153 -0.07116788 0.9594913 -0.2642161 -0.09780853 0.8857578 -0.3098868 -0.3455479 0.9037796 -0.2786481 -0.3248658 0.9956052 0.09302526 -0.0108093 0.9642899 0.09827119 -0.245943 0.8211781 -0.3176322 -0.4741059 0.8304101 -0.2838346 -0.479434 0.7332319 -0.2786479 -0.6202632 0.7421331 -0.3098874 -0.5943133 0.5644488 -0.2642161 -0.7820406 0.5071656 0.09301513 -0.8568147 0.6951381 0.09827095 -0.7121278 0.5381619 -0.2943147 -0.7897852 0.3658721 -0.2484924 -0.8968774 0.3268605 -0.2740593 -0.9044633 0.07661908 -0.2361731 -0.9686856 0.044501 0.06284248 -0.9970309 0.3102302 0.07476186 -0.9477173 -0.01882034 -0.2372389 -0.9712691 0.8593196 0.1242103 -0.4961268 -0.1849689 -0.2109898 -0.959828 -0.2498568 -0.2323081 -0.9400024 0.0698809 -0.1942597 -0.9784579 0.267623 -0.2326256 -0.9350205 -0.1542955 0.02632373 -0.9876741 0.3194822 0.1745692 -0.9313737 0.5822751 -0.1248384 -0.8033499 -0.2082061 0.003124177 -0.97808 0.5841205 -0.1522207 -0.7972655 0.3400741 -0.1166843 -0.9331316 0.2874614 -0.1553936 -0.9451026 1.77268e-5 -0.1238099 -0.992306 1.23829e-5 -0.09969151 -0.9950184 2.19829e-5 0.1073942 -0.9942166 0.3551892 0.08821642 -0.9306226 -0.2868891 0.4695906 -0.8349727 0.05060893 0.6041341 -0.7952741 0.006701886 0.690876 -0.7229423 -0.2868232 0.6397639 -0.713046 -0.3754996 0.5878514 -0.7165409 -0.3162857 0.4147331 -0.8532057 0.1719533 0.5704098 -0.8031592 0.0325399 0.8664945 -0.4981249 0.07043051 0.9100835 -0.4083964 -2.28919e-6 0.9101809 -0.414211 1.92793e-5 0.5812982 -0.8136906 0.2739121 0.3597858 -0.8919228 -3.14973e-6 0.3912171 -0.9202985 -0.2085722 0.7083921 -0.6742984 -0.1219885 0.5274311 -0.8407945 -0.04235374 0.783507 -0.619938 0.09801709 0.5959854 -0.7969906 0.06166291 0.8485574 -0.5254979 0.2482931 0.6558328 -0.7129052 0.1812785 0.8874992 -0.4236546 0.4190951 0.6886616 -0.5916962 0.3403227 0.9195517 -0.1964819 0.5963107 0.7251789 -0.3442807 0.7219715 0.6886619 -0.06709748 0.4575359 0.8874984 0.05483925 0.741534 0.6558399 0.141426 0.4859292 0.8485564 0.2093443 0.739228 0.5959798 0.3136082 0.5157117 0.7835026 0.3466485 0.6671559 0.5274313 0.5260413 0.4796767 0.708391 0.5177764 0.5807585 0.4147319 0.7005121 0.4327979 0.5878466 0.6834635 0.5796623 0.4695919 0.6659393 0.4740962 0.6397731 0.6049159 0.6294375 0.6908743 0.3556703 0.714034 0.604131 0.3538098 0.7815317 0.5704118 0.2526631 0.447659 0.8664941 0.2208836 0.3888975 0.9100833 0.1432033 0.9093845 0.3597857 0.2087441 0.6010794 0.3544169 0.7163047 0.6182415 0.5639145 0.5475199 0.1817201 0.4244745 0.8870171 0.187389 0.6566615 0.7305349 -1.54898e-5 0.664426 0.7473541 -3.13669e-6 0.4519983 0.8920188 0.8007314 0.4665384 0.3757275 0.7918574 0.2968619 0.5336995 0.8310392 0.4578017 0.315898 0.8261296 0.2834205 0.487014 0.8298974 0.310691 0.4634023 0.8044486 0.5157631 0.2947052 0.6472833 0.4517338 0.6139714 0.651615 0.6272429 0.4265728 0.505663 0.687435 0.5212851 0.5277359 0.4255794 0.7351035 0.6554872 0.6794099 0.3297554 0.7466846 0.3984917 0.5326037 0.6255892 0.6915085 0.3611844 0.8073053 0.3619521 0.4660997 0.7086703 -0.05901956 0.703067 0.6646156 -0.05314403 0.7452932 0.5517813 -0.2985722 0.7787119 0.759113 -0.05911976 0.6482686 0.7116944 -0.3330212 0.618537 0.6849845 -0.2217606 0.6939875 0.4049373 -0.1357932 0.9042047 0.3110182 -0.4400887 0.8423715 0.1270773 -0.3419427 0.931089 0.4952499 -0.03983134 0.867837 0.4058396 -0.3761694 0.8329411 0.5342153 -0.4774605 0.6975998 0.5734918 -0.5211394 0.6320767 0.8263694 -0.2991378 0.477106 0.7302117 -0.5376381 0.4215879 0.622476 -0.5015208 0.6008334 0.741222 -0.5171591 0.4279444 0.383923 -0.3206539 0.8659009 0.3600995 -0.2954594 0.884891 0.2794857 -0.3935266 0.8757994 0.3764836 -0.4398688 0.8153377 1.68345e-5 -0.4514258 0.8923087 -1.17719e-6 -0.467195 0.8841544 0.8341402 -0.5211395 0.1806204 0.9435025 -0.2217619 0.2462208 0.8850242 -0.4400887 -0.151836 0.8712465 -0.4774607 0.113846 0.924268 -0.3761692 -0.06500267 0.8698854 -0.3419424 -0.3554925 0.9855326 -0.1357931 -0.1014192 0.999194 -0.03982943 -0.005019128 0.8315747 -0.5015205 0.2386643 0.9418539 -0.3206534 -0.1004626 0.946388 -0.2954593 -0.1305901 0.8982076 -0.3935262 -0.195858 0.8943451 -0.4398686 -0.08162474 0.7727588 -0.4514333 -0.4461525 0.7657056 -0.4671838 -0.4420797 0.5178611 -0.4398679 -0.7337139 0.6187208 -0.3935269 -0.679942 0.557929 -0.320654 -0.7654387 0.5862873 -0.2954605 -0.7543013 0.518427 -0.3761696 -0.7679388 0.742808 -0.3419423 -0.5755969 0.5740059 -0.4400885 -0.6905356 0.5805982 -0.1357973 -0.8027858 0.5039443 -0.03982973 -0.8628174 0.3370299 -0.4774606 -0.8114445 0.2606484 -0.5211395 -0.8126968 0.2090979 -0.5015212 -0.8394966 0.2585176 -0.2217596 -0.9402081 -7.7039e-6 -0.2991331 -0.9542115 1.05798e-6 -0.5376312 -0.8431801 -4.20958e-6 -0.517156 -0.8558912 0.3727526 0.425576 -0.8245851 0.08790373 0.3984938 -0.9129489 -0.04216986 0.6794127 -0.7325437 1.49258e-5 0.6915035 -0.7223733 -2.78037e-5 0.3619558 -0.9321954 0.1986128 0.6874356 -0.6985595 0.20807 0.4517358 -0.8675493 0.04361516 0.6272433 -0.7776012 -0.1470059 0.5157644 -0.844024 -0.01363176 0.3106894 -0.9504138 -0.1419424 0.4578022 -0.8776501 0.008700549 0.2834224 -0.9589558 0.06626754 0.2968624 -0.9526183 -0.07497519 0.4665378 -0.881318 0.3197982 0.3544188 -0.8787016 0.1650444 0.563915 -0.8091726 0.6773192 0.4244751 -0.6008823 0.5389663 0.6566628 -0.5275504 0.647232 0.6644296 -0.3736632 0.7725133 0.4519976 -0.4460061 0.5088745 -0.03312861 -0.860203 0.8047803 0.001351356 -0.5935714 0.6420288 -0.2887098 -0.7102434 0.2545367 -0.05901867 -0.9652606 0.3131331 -0.05314356 -0.9482212 0.3984926 -0.2985723 -0.867213 0.1818603 -0.05912238 -0.9815455 0.1798208 -0.3330215 -0.9256141 0.8658737 0.01869863 -0.4999132 0.4081113 -0.4622796 -0.7872375 0.610913 -0.5017499 -0.6123989 0.7667407 -0.4649139 -0.4426779 0.8322172 -0.2766814 -0.4804809 0.1010656 -0.4500158 -0.8872833 -0.03488004 -0.4514664 -0.8916062 -0.0338484 -0.3792849 -0.9246606 0.0677877 -0.6091323 -0.7901664 0.1486719 -0.5559417 -0.8178176 0.3726015 -0.7053782 -0.6030006 0.4613761 -0.590099 -0.6625069 0.6129415 -0.7064493 -0.3538817 0.6696841 -0.6340593 -0.3866422 0.8044357 -0.5900992 -0.0683102 0.7085144 -0.7053785 -0.02118182 0.7825872 -0.5559407 0.2801557 0.7181977 -0.6091324 0.3363775 0.8189426 -0.4500157 0.3561165 0.7547132 -0.4514666 0.4760103 0.891516 -0.3330212 0.3070768 0.7838552 -0.3792847 0.4916443 0.8858233 -0.4622796 0.040183 0.950275 -0.2985723 0.08850008 0.9409736 -0.05912077 0.3332766 0.9632091 -0.0590204 0.2621927 0.9777507 -0.05314624 0.2029263 0.8581268 0.2968609 0.4189177 0.8348313 0.2834215 0.4719417 0.6890948 0.4578037 0.5617511 0.7257558 0.4665381 0.5055896 0.9208778 0.3544174 0.1623963 0.783286 0.5639155 0.261653 0.8590391 0.4244754 -0.2861336 0.7263559 0.6566621 -0.2029829 0.6472178 0.6644287 -0.3736893 0.772509 0.4519971 -0.4460142 0.8162664 0.3106897 0.4870126 0.6574457 0.5157626 0.5493216 0.8553555 0.4517349 0.2535794 0.6952322 0.6272404 0.3510296 0.7042784 0.6874341 0.177275 0.9004864 0.4255797 0.08947843 0.613317 0.679413 0.4027906 0.8345906 0.3984907 0.3803473 0.9993948 -0.03313165 -0.01059842 0.9164379 0.001353204 -0.400175 0.9361032 -0.2887099 -0.2008919 0.8358095 -0.5017499 -0.2228666 0.5677149 0.4373055 0.6974696 0.5655159 0.6625239 0.491176 0.2236334 0.4937324 0.8403668 0.2354504 0.7389286 0.6313063 2.03587e-5 0.7546736 0.6561006 1.34632e-5 0.5176482 0.8555936 0.7776255 0.5264782 0.343685 0.7933124 0.337672 0.5065898 0.8133195 0.4823754 0.3253082 0.8504568 0.2687142 0.4522343 0.8749933 0.3278234 0.3562564 0.8161666 0.5088799 0.2737031 0.7856935 0.4453561 0.4293527 0.7645649 0.5595524 0.3199088 0.6443956 0.5982006 0.4763513 0.5951765 0.378791 0.7087188 0.6781026 0.5838071 0.446482 0.7264804 0.3595442 0.5856229 0.7089754 0.5742865 0.4093273 0.8173221 0.3306257 0.4718807 0.7809934 -0.1763898 0.5991128 0.6828402 -0.1422804 0.716579 0.4824525 -0.4445853 0.7547076 0.6327143 -0.3968752 0.6649532 0.3719646 -0.4509626 0.8113416 0.2420454 -0.4986414 0.8323286 0.2665044 -0.4649397 0.8442788 -0.01194745 -0.5057609 0.8625911 0.02118533 -0.4708849 0.8819403 0.4559575 -0.1198494 0.8818952 0.1361439 -0.108555 0.9847236 -2.12491e-5 -0.5028454 0.8643764 1.02073e-6 -0.4744755 0.8802688 0.5252906 -0.3789485 0.7618845 -9.89065e-6 -0.1129378 0.9936022 0.7808697 -0.3078567 0.5435687 0.6874811 -0.3082134 0.6575518 0.551335 -0.2711942 0.7889763 0.3531461 -0.2976323 0.8869628 0.7295581 0.01863378 0.683665 0.4469726 -0.04135429 0.8935912 0.3276468 -0.2900604 0.8991733 0.8944638 -0.08957761 0.4380758 0.3460653 -0.3087477 0.8859536 0.6246547 -0.3292454 0.7080988 0.6397818 -0.3297906 0.6942027 0.8151777 -0.33761 0.4706431 0.8129573 -0.344674 0.4693617 0.858471 -0.1317952 0.4956387 0.6940338 -0.09210318 0.7140268 0.921088 -0.3297908 0.2069661 0.925559 -0.3292455 0.1869172 0.9653822 -0.09210199 0.2440383 0.940291 -0.3087476 -0.1432751 0.9425303 -0.2900604 -0.1658365 0.9447053 -0.2976327 -0.1376473 0.9589411 -0.271194 0.0829817 0.913197 -0.3082135 0.2666003 0.8611791 -0.3078567 0.4044687 0.997359 -0.04135441 -0.05970698 0.9568505 0.01863318 0.2899827 0.8266165 -0.08957666 0.5555909 0.9224568 -0.378948 0.07397288 0.8922235 -0.3968752 0.2154704 0.8886247 -0.4509624 -0.08354079 0.8948222 -0.4445855 0.04046106 0.9093436 -0.1763909 0.376803 0.961996 -0.1422842 0.2330644 0.8418399 -0.4986419 -0.206548 0.8644191 -0.4649395 -0.1913403 0.7410519 -0.5057612 -0.4416422 0.774375 -0.4708853 -0.4226232 0.9917227 -0.1198489 -0.04607117 0.9208645 -0.1085642 -0.3744628 0.7479299 -0.5041173 -0.431818 0.7623333 -0.4744783 -0.4401343 0.7531899 -0.4708846 -0.4593176 0.7529991 -0.5057615 -0.4209489 0.5979153 -0.4649397 -0.6529382 0.5357661 -0.1198548 -0.8358167 0.784726 -0.1085634 -0.6102616 0.5997961 -0.4986414 -0.6257807 0.4123697 -0.4445856 -0.7951698 0.5166596 -0.4509624 -0.727802 0.2595081 -0.3968749 -0.8804237 0.1283487 -0.1763886 -0.9759169 0.2791523 -0.1422763 -0.9496481 0.3971646 -0.3789482 -0.8358581 0.8604841 -0.1129356 -0.4968024 0.08030939 -0.3078569 -0.9480373 0.2257155 -0.3082139 -0.924152 0.4076063 -0.2711943 -0.871958 0.5915585 -0.2976328 -0.7493153 0.227292 0.01863324 -0.9736484 0.5503863 -0.04135334 -0.8338854 0.6148829 -0.2900606 -0.7333375 -0.06784731 -0.08957731 -0.9936663 0.5942248 -0.3087477 -0.7426788 0.3009046 -0.3292454 -0.8950161 0.2813062 -0.3297907 -0.9011687 7.6443e-6 -0.3376232 -0.9412813 -4.61936e-6 -0.3446739 -0.9387226 1.64658e-5 -0.1317993 -0.9912764 0.2713469 -0.09210139 -0.9580648 -0.0210191 0.4453574 -0.8951061 0.3161813 0.3787919 -0.8697967 0.09033501 0.598198 -0.7962405 -0.105236 0.5595551 -0.822085 -0.1710506 0.5088788 -0.8436731 -0.1289697 0.3278233 -0.9358947 0.04761302 0.5838069 -0.8104953 0.1439219 0.359546 -0.9219617 6.87682e-5 0.5742844 -0.8186559 -7.80076e-6 0.3306214 -0.9437635 -0.1249327 0.4823732 -0.8670109 -0.0335828 0.2687149 -0.9626342 0.04205602 0.3376743 -0.9403231 -0.09117233 0.5264733 -0.8452891 0.3201681 0.4373017 -0.8403926 0.1426107 0.6625251 -0.7353385 0.6159654 0.4937315 -0.6138534 0.4289916 0.738941 -0.5195503 0.5681982 0.7546746 -0.3280507 0.7409657 0.5176472 -0.4277982 0.8395951 0.4937314 -0.2265156 0.6644377 0.7389426 -0.1117424 0.7081362 0.6625161 0.2441632 0.8878848 0.4373018 0.1429259 0.6864554 0.5264754 0.5016002 0.8353796 0.3376664 0.4337309 0.6883845 0.4823755 0.5417018 0.8168745 0.2687129 0.5104014 0.7460234 0.3278241 0.5796384 0.6451174 0.5088784 0.5699704 0.7646744 0.4453595 0.4657554 0.6593257 0.5595587 0.502179 0.7347311 0.5981984 0.319889 0.9113568 0.3787918 0.1610764 0.7257161 0.5838074 0.3640125 0.870404 0.3595449 0.3363397 0.2514377 0.7010459 0.6673184 0.5315919 0.6399186 0.5549003 0.235068 0.9109534 0.3389796 1.2517e-5 0.9335285 0.3585032 -9.05991e-6 0.6137099 0.7895317 0.4893108 0.02908915 0.8716242 0.1827964 0.03766816 0.9824289 0.09189325 -0.3816123 0.9197433 0.3442515 -0.37125 0.8623598 0.07562112 -0.4170692 0.9057233 -7.4917e-6 -0.4166547 0.9090648 -2.43615e-5 -0.3823194 0.9240303 0.3606176 -0.4040662 0.8406459 0.5590501 -0.3499011 0.7516864 0.5776089 -0.3768228 0.7241358 0.7849972 -0.2997457 0.542155 0.8616735 -0.04380589 0.5055689 0.7095306 -0.006770312 0.7046422 0.7799001 -0.2974771 0.5506934 6.16256e-6 -0.1586351 0.9873373 0.9252569 -0.200496 0.3220267 0.8976038 -0.210141 0.3874895 0.6704494 -0.1888466 0.7175198 0.5110369 -0.2256184 0.8294202 0.8058103 0.1499085 0.5728852 0.4854933 0.07603538 0.8709277 0.3672853 -0.205076 0.9072185 0.9665296 0.03102052 0.2546731 0.4000139 -0.2227613 0.8890255 0.6509515 -0.2263417 0.7245907 0.6545896 -0.233071 0.7191595 0.8433225 -0.2274703 0.4868928 0.8397657 -0.2443861 0.4848393 0.8655719 -0.03236448 0.499738 0.7140446 0.03938126 0.6989917 0.7339517 0.6116214 0.2953544 0.5865113 0.5545008 0.5903672 0.5806006 0.7579789 0.2972728 0.6559642 0.7258542 0.2069944 0.7107597 0.6874322 0.1491906 0.8488216 0.4864121 0.2071356 0.5608025 0.7562846 0.3369485 0.6699432 0.5257787 0.5241497 0.6297413 0.6864649 0.3635823 0.7887188 0.4129927 0.4553676 0.69453 0.6959351 0.1824897 0.8286448 0.4607687 0.3178678 0.6642902 0.7239235 0.1861546 0.7390289 0.5399159 0.4028985 0.4837993 0.8369042 0.2559877 0.2350699 0.9109519 0.3389821 0.7888982 0.5257795 0.3181127 0.5722072 0.7562845 0.3171951 0.8045273 0.5545023 0.2127516 0.547747 0.7579789 0.3541771 0.6227598 0.611622 0.4879434 0.5072435 0.725854 0.4645859 0.4845854 0.6874262 0.5409457 0.6037957 0.48641 0.6315346 0.5053106 0.6959314 0.510236 0.6896035 0.4607689 0.5586943 0.4933503 0.7239292 0.4822159 0.718435 0.5399151 0.4385692 0.4635863 0.8369066 0.2909897 0.7463528 0.6399188 0.1829252 0.4111033 0.9109508 0.03410309 0.7036306 0.7010484 -0.1159102 0.3104762 0.9335271 -0.1792529 0.5914435 0.7304743 -0.3414704 0.4521923 0.7010512 -0.5514066 0.1760185 0.9109503 -0.3730777 0.2147572 0.6399206 -0.7378218 -0.02020704 0.8369044 -0.5469759 -0.02059042 0.5399135 -0.8414687 -0.1709301 0.7239235 -0.6683695 -0.139043 0.4607698 -0.8765605 -0.1892233 0.6959295 -0.6927313 -0.2450271 0.4864108 -0.8386694 -0.2261782 0.6874302 -0.6901328 -0.1111912 0.6116223 -0.7832974 -0.1487197 0.7258549 -0.6715781 -0.03285539 0.7579787 -0.6514512 0.2180172 0.5545002 -0.8031178 0.01140183 0.7562866 -0.6541413 0.1189553 0.5257766 -0.8422641 2.39328e-5 0.6864654 -0.7271625 -1.78292e-5 0.4129887 -0.9107362 0.006997764 -0.04380345 -0.9990157 0.2554732 -0.006773293 -0.9667925 0.3714519 -0.3499006 -0.859996 0.07701885 -0.2997455 -0.9509053 0.3383131 -0.3768224 -0.8622931 0.547712 -0.4040666 -0.7326266 0.574699 -0.37125 -0.7293111 0.7465708 -0.4170699 -0.5183482 0.7505747 -0.3816134 -0.5394524 0.5101906 0.02909201 -0.8595692 0.7507207 0.04027849 -0.6593907 0.7872731 -0.4166542 -0.4545332 0.7997434 -0.3836851 -0.4617319 0.08696377 -0.297477 -0.9507602 0.8646699 0.05592811 -0.4992176 -0.183745 -0.2004959 -0.9623093 -0.1132271 -0.2101413 -0.9710924 0.2861653 -0.1888466 -0.9393862 0.4627799 -0.2256185 -0.8572812 0.0932272 0.1499091 -0.9842947 0.511499 0.07603538 -0.8559133 0.6020312 -0.2050761 -0.7716879 -0.2627112 0.03101998 -0.9643758 0.5699116 -0.2227612 -0.790935 0.3020377 -0.2263416 -0.9260361 0.2955153 -0.2330711 -0.9264711 1.89245e-6 -0.2274726 -0.9737846 -4.15742e-6 -0.2443895 -0.9696772 1.13547e-5 -0.03237223 -0.999476 0.2483221 0.03937768 -0.9678769 0.1116563 0.001352012 0.9937461 0.294074 -0.2887098 0.9111351 0.4905212 -0.03313076 0.8707993 1.56909e-5 0.01870542 0.999825 -1.05053e-6 -0.2766824 0.9609614 -2.25306e-5 -0.4649127 0.8853566 0.2248971 -0.5017498 0.8352655 0.4777113 -0.4622795 0.7470539 0.717877 -0.4500157 0.531167 0.7895938 -0.4514664 0.4155958 0.8177035 -0.3792847 0.4330174 0.6504099 -0.6091326 0.453789 0.6339148 -0.5559414 0.5376628 0.3359134 -0.7053787 0.6241819 0.3430597 -0.5900992 0.7308167 8.36747e-6 -0.7064458 0.7077673 1.66893e-5 -0.6340627 0.7732818 0.4948624 0.8384312 -0.2283514 0.376067 0.8248201 -0.4221912 0.3856108 0.8802756 -0.2764401 0.465586 0.7585201 -0.4559355 0.07688552 -0.9545394 0.2879986 0.078139 -0.9595411 0.2705095 8.18371e-7 -0.964514 0.2640323 1.2856e-5 -0.968114 0.25051 0.1138739 -0.9460791 0.3032608 0.1057628 -0.9396001 0.325524 0.1138665 -0.946082 0.3032547 0.1441233 -0.9457295 0.2912459 0.1613135 -0.9488386 0.2714468 0.1741986 -0.9534431 0.2461732 0.1876918 -0.9549257 0.2299757 0.2030487 -0.9600731 0.192434 0.203205 -0.9619258 0.1827746 0.2291988 -0.9643429 0.1323284 0.2263756 -0.9652316 0.130699 0.2598906 -0.9619256 0.08459305 0.2681773 -0.9600731 0.07962769 0.2930124 -0.9549252 0.04755729 0.3002922 -0.9534429 0.02777409 0.315738 -0.9488381 0.003978252 0.3242868 -0.94573 -0.02080827 0.3195574 -0.9460827 -0.05301594 0.2733376 -0.9595411 -0.06758481 0.31957 -0.9460785 -0.05301421 0.2878572 -0.9545393 -0.07741528 0.228661 -0.9645132 -0.132017 0.2169499 -0.9681136 -0.1252552 0.1951984 -0.9595408 -0.2029262 0.2109714 -0.9545392 -0.2105851 0.205696 -0.9460784 -0.2502495 0.2290338 -0.9395991 -0.2543565 0.3347967 -0.9395989 -0.07117003 0.2056911 -0.9460828 -0.2502369 0.180164 -0.9457303 -0.2704351 0.1544247 -0.9488384 -0.2754248 0.1260939 -0.9534431 -0.2739464 0.1053205 -0.9549256 -0.2775336 0.0651282 -0.9600737 -0.2720606 0.05668526 -0.961926 -0.2673675 -1.59163e-5 -0.9643433 -0.2646548 -2.71591e-6 -0.9652305 -0.2614002 -1.07586e-5 0.985355 -0.1705162 1.92821e-5 0.9941043 -0.1084288 0.9324063 0.3554744 -0.06524175 0.6973861 0.7084646 -0.1083084 0.6298785 0.7762052 0.0275442 -1.73748e-5 0.9964296 0.08442813 0.6848118 0.6928448 0.2258297 -1.65701e-5 0.8781086 0.4784613 7.53999e-6 0.6759346 0.7369617 0.7158221 -0.472385 0.5142482 1.0401e-5 -0.6765072 0.736436 1.12504e-5 -0.6765136 0.7364302 0.8661939 -0.4983356 -0.03700971 -1.60038e-5 -0.9967194 -0.08093506 0.8244016 -0.5643908 -0.04272079 -7.15256e-6 -0.9963353 -0.08553451 0.7466906 -0.6651711 8.58758e-4 -7.48038e-6 -0.9997648 -0.0216884 -1.88742e-5 -0.986665 -0.162765 0.9693195 -0.237678 -0.06268131 5.99027e-6 0.9909737 -0.1340566 -1.73748e-5 0.9960752 -0.08851277 0.9339016 0.3541398 -0.04912179 0.7056919 0.7037273 -0.08226108 0.629878 0.7762056 0.0275439 -2.17855e-5 0.9964298 0.08442634 0.6848127 0.6928574 0.2257878 -1.92225e-5 0.8780691 0.4785342 1.74195e-5 0.6759362 0.7369602 0.7158915 -0.4724097 0.5141288 1.43647e-5 -0.6765925 0.7363577 1.40369e-5 -0.6766019 0.7363491 0.8661947 -0.4983346 -0.03700667 -1.63019e-5 -0.9967196 -0.08093243 0.8244003 -0.5643929 -0.0427199 -9.80496e-6 -0.9963351 -0.0855363 0.7395733 -0.672955 -0.01276135 -1.95503e-5 -0.9992142 -0.03963822 -2.16356e-5 -0.9931324 -0.1169969 0.9531291 -0.2993521 -0.04396957 5.51343e-6 0.9894827 -0.1446523 -1.43647e-5 0.9957529 -0.09206622 0.949027 0.3117344 -0.0465793 0.7043026 0.7045705 -0.08682453 0.6298828 0.7762016 0.02754491 -1.13547e-5 0.9964294 0.08443123 0.684811 0.6928532 0.2258061 7.56979e-6 0.8780736 0.4785256 1.28001e-5 0.6759427 0.7369543 0.7158734 -0.4723643 0.5141959 -1.2815e-5 -0.6765233 0.7364213 -1.25766e-5 -0.6765204 0.736424 0.8661921 -0.4983392 -0.03700697 -2.00868e-5 -0.9967219 -0.08090525 0.8243999 -0.5643934 -0.04271942 -1.18315e-5 -0.9963354 -0.08553373 0.7409082 -0.6715874 -0.005045533 9.71556e-6 -0.999519 -0.03101205 -1.8442e-5 -0.9933989 -0.1147114 0.964722 -0.2604327 -0.03855246 1.21295e-5 0.9875216 -0.1574844 1.91331e-5 0.9960116 -0.08922427 0.6919174 0.7129744 -0.1136566 0.7054314 0.7038839 -0.08315056 0.6298615 0.7762188 0.02755159 -1.49012e-7 0.9964295 0.0844292 0.684798 0.6928643 0.2258114 -8.67248e-6 0.8780714 0.4785299 -2.35438e-6 0.6759378 0.7369588 0.7158728 -0.4723747 0.5141872 -1.23084e-5 -0.6765376 0.7364082 -1.29342e-5 -0.6765317 0.7364135 0.8661859 -0.4983496 -0.03701168 1.90139e-5 -0.9967215 -0.08090901 0.8244001 -0.564393 -0.04272133 -1.06394e-5 -0.9963355 -0.08553206 0.7359023 -0.676988 -0.01162523 -1.20699e-5 -0.9992304 -0.03922599 -2.23361e-5 -0.9994416 0.03341293 0.7314983 -0.6814618 0.02280569 0.728888 -0.6838802 0.03209853 0.7367306 -0.6761506 -0.006956934 3.21044e-6 -0.9989044 0.0467987 -3.45707e-6 -0.9994177 -0.0341202 -1.62423e-5 -0.9963353 -0.08553475 0.8243967 -0.564398 -0.0427215 2.14577e-5 -0.9967178 -0.08095479 0.8661878 -0.4983464 -0.03700906 -1.66893e-6 0.9872304 -0.1592996 -2.36928e-5 0.9959639 -0.08975428 0.6877442 0.7166871 -0.1156182 0.7052003 0.7040256 -0.08390796 0.6298924 0.7761937 0.02754688 -2.86102e-6 0.9964297 0.08442741 0.6848306 0.6928317 0.2258127 2.98321e-5 0.8780649 0.4785417 -1.56909e-5 0.6759132 0.7369813 0.7158378 -0.4724506 0.5141661 -1.63019e-5 -0.6766009 0.7363499 -1.432e-5 -0.6766166 0.7363355 1 0 0 0.7393638 -0.6704896 0.06152135 -1.35601e-5 0.9950332 -0.0995441 0.7126287 0.6948722 -0.09650391 -2.14912e-5 0.5611211 -0.8277337 1.8999e-5 0.2362149 -0.9717009 0.6312445 0.7749804 0.03059434 1.66297e-5 0.9958267 0.09126478 0.7301834 0.6647611 0.1578767 1.0401e-5 0.8485796 0.5290679 2.864e-5 0.6759424 0.7369545 0.8405292 -0.3665287 0.3989579 -1.02222e-5 -0.676493 0.7364491 -1.04606e-5 -0.6765486 0.7363981 0.8586639 -0.510814 -0.04201793 -1.82688e-5 -0.996028 -0.08904081 0.8236644 -0.5654382 -0.04308992 -1.09673e-5 -0.9963349 -0.08553826 0.737873 -0.6726836 -0.05513828 -0.2854213 -0.9575543 -0.04030513 0 1 -3.47941e-7 0.318494 0.9100721 0.265199 0.4151444 0.8664885 0.2772238 1.78252e-4 1 -1.21821e-5 0.358709 0.9101764 0.2071396 0.5110504 0.4160933 -0.7521262 0.4801957 0.5009849 -0.7200183 0.5084692 0.41571 -0.7540852 0.4770321 0.5097271 -0.7159739 0.4580678 0.5803624 -0.6733152 0.4633489 0.556774 -0.6894277 0.4752802 0.4896863 -0.7309693 4.07989e-6 -0.1586493 0.987335 0.4946377 0.1142839 -0.8615526 -0.004115581 0.1251769 -0.992126 0.4862465 0.2358579 -0.841389 7.60708e-4 0.2453405 -0.9694368 0.8607386 0.1102607 -0.4969624 0.8423044 0.2324091 -0.4863224 -0.49917 0.1399433 -0.8551288 -0.4822633 0.2581816 -0.8371168 -0.8576476 0.1545909 -0.4904511 -0.8332295 0.2709248 -0.4820048 -0.9862638 0.165162 0.002321779 -0.9599585 0.2801418 -4.92254e-4 0.4405125 0.4749667 -0.7618107 0.00102961 0.4817388 -0.8763144 0.7632644 0.4724969 -0.4406521 -0.7495601 0.4998246 -0.4339758 -0.8623607 0.5062942 -6.0041e-4 -0.4345833 0.4908546 -0.7551152 0.3593833 0.6992759 -0.6179457 -2.04743e-4 0.7030286 -0.7111616 0.6301327 0.685999 -0.3637834 -0.6061999 0.7126082 -0.3531449 -0.6980007 0.7160968 6.62079e-4 -0.357707 0.6964312 -0.6221168 0.1280253 0.8697496 -0.4765973 0.4356479 0.8642574 -0.2515355 -0.4680348 0.8746623 -0.1261329 -0.2473277 0.8678923 -0.430804 0.07698082 0.9551774 -0.2858501 0.2547496 0.9557576 -0.1470713 -0.14489 0.9565223 -0.2531246 -0.2819733 0.9563708 -0.07646054 4.74751e-4 1 -2.55771e-4 -0.2500938 0.9573933 0.1443994 -0.4246072 0.8715603 0.2451356 -0.6128749 0.7065182 0.3538594 -0.7456043 0.5086703 0.4304983 -0.8304726 0.2835478 0.4794956 -0.8535801 0.1690012 0.4927875 -0.3909741 0.8922849 0.2257584 0.2000279 0.9729633 -0.1154616 -0.448843 0.8936003 0.004316508 0.230848 0.9729899 -9.25297e-5 0.1996225 0.973095 0.1150518 -0.3862867 0.897051 -0.2146676 0.1150729 0.9732304 0.1989492 -0.1737607 0.9353443 -0.3081207 -0.8614543 0.1026459 0.4973531 -0.994772 0.1019993 -0.005006194 -0.7994742 -0.3844653 0.4615491 -0.9239878 -0.3823767 0.005903005 -0.8706845 0.1207151 -0.4767982 -0.8363475 -0.3764046 -0.3985507 -0.6381615 -0.1926766 -0.745403 -0.4732906 0.3348377 -0.8147882 -0.8168532 -0.3321322 0.4716345 -0.9461826 -0.3236128 -0.003667771 -0.8590112 -0.1269534 0.4959664 -0.9920381 -0.1259253 -0.001834213 -0.9893178 -0.03264659 0.1420727 -0.9346591 -0.03667849 -0.3536484 -0.8487249 -0.1444787 -0.5087162 -0.8655695 -0.03209578 0.4997592 -0.8667627 -0.2970633 -0.4005944 -0.4700358 -0.2961308 -0.8314884 -0.6224437 -0.1828222 -0.7610125 -0.09540182 -0.2499529 -0.9635466 -0.06270128 0.9546837 -0.2909428 -0.1737638 0.9353441 -0.3081195 0.00187081 0.9646537 0.2635145 0.1150975 0.97323 0.1989373 -0.02311295 0.9767618 0.2130782 -0.08674716 0.9816982 0.1695395 -0.09253507 0.9824885 0.1617209 -0.1510315 0.9846759 0.08719497 -0.150284 0.9848284 0.08676332 -0.4732875 0.3348259 -0.8147949 -0.1887966 0.613117 -0.7671006 -0.6381841 -0.1926851 -0.7453815 -0.1863214 0.9824886 -7.16305e-4 -0.1901974 0.9816986 -0.009636521 -0.1960857 0.9767621 -0.08652353 -0.227274 0.9646535 -0.1333796 0.2206138 0.9546843 0.1997691 0.179966 0.9353464 0.3045313 -0.1147377 0.9732298 -0.1991461 0.4689937 0.3348178 0.8172772 0.5699391 0.6131179 0.5470428 0.3264151 -0.1926923 0.9253773 0.5337366 -0.0748108 -0.8423353 0.4737157 0.2671351 -0.8391854 0.6961135 -0.1063679 -0.7100083 0.7047822 0.1876559 -0.6841545 0.6844605 -0.09825962 -0.722398 0.5337147 -0.06402206 -0.8432376 0.8604341 -0.1134469 -0.4967726 0.8374436 0.254786 -0.4835001 0.2836067 0.2389822 -0.9286845 0.3534455 -0.02988117 -0.9349778 0.003801643 0.337905 -0.9411727 0.01628595 0.02966105 -0.9994274 0.3456364 -0.02306014 -0.9380852 -0.04348504 0.03658783 -0.9983839 0.8602643 -0.115152 -0.4966742 -0.3117375 0.06967306 -0.9476104 -0.3536996 0.06954741 -0.93277 -0.4111961 0.07910078 -0.9081084 -0.4133905 0.183184 -0.8919371 -0.3962591 0.4323323 -0.80998 -0.4209769 0.07750689 -0.903754 0.1770557 0.7985107 -0.5753539 -0.01120716 0.8521847 -0.5231211 -0.01348727 0.9887932 -0.1486817 0.08299338 0.9842727 -0.1559471 -0.3273403 0.8603845 -0.3906238 -0.2999259 0.9539548 0.003833889 -0.6171299 0.6908007 -0.376756 -0.582996 0.511444 -0.6313009 0.2611269 0.840681 -0.4744138 0.4526327 0.7827237 -0.4271618 0.1507073 0.9847419 -0.08701097 0.4745879 0.8364737 -0.2740041 0.596249 0.7827238 -0.1784118 0.1765484 0.9842731 0.006096839 0.5414085 0.8406867 0.01107001 0.5868185 0.7984972 0.1343368 0.1220166 0.9887933 0.08602279 0.447433 0.8521834 0.2712696 0.1746226 0.8603862 0.4787929 -0.1532824 0.9539559 0.2578233 0.01771676 0.6908 0.7228288 0.2552314 0.5114403 0.82054 0.9636119 0.2671421 0.009352684 0.9448853 0.1876558 -0.2682858 0.9629423 -0.106368 -0.247847 0.9963521 -0.07480961 -0.04106223 0.9678454 -0.09825909 -0.2315609 0.9971227 -0.06402289 -0.04058831 0.9460726 0.2389653 0.2187287 0.9864373 -0.02988141 0.1613962 0.8169821 0.3379013 0.4672933 0.873673 0.02966052 0.4856088 0.985224 -0.02306038 0.1697113 0.8428859 0.03659123 0.536847 0.6647872 0.06967395 0.7437765 0.630952 0.06955009 0.7726982 0.5808473 0.07910233 0.8101601 0.5657474 0.1831824 0.8039739 0.5033355 0.4323363 0.7481569 0.5721818 0.07750833 0.8164561 -0.2351102 -0.06748533 -0.9696231 -0.4093855 0.2242596 -0.8843706 -0.211272 -0.08393156 -0.9738171 -0.3330208 0.1938521 -0.9227776 -0.2221684 -0.07544982 -0.9720847 -0.1860587 -0.07012432 -0.980033 0.07745474 -0.1566687 -0.9846095 -0.02308195 0.1501292 -0.988397 0.3600271 -0.1812883 -0.9151586 0.3192673 0.1726453 -0.9318058 0.5412621 -0.1694803 -0.823597 0.4795832 0.2171421 -0.8502054 0.7087737 -0.166216 -0.6855742 0.6444365 0.2307453 -0.7290119 0.8537909 -0.1675019 -0.4929345 0.8334617 0.2716296 -0.4812057 -0.3614021 0.7467747 -0.5583155 -0.4452118 0.8384242 -0.3143748 -0.4322223 0.8802697 -0.1957273 -0.3052164 0.9189335 -0.2498086 -0.1212072 0.7268418 -0.6760251 -0.2188155 0.9369673 -0.2724192 0.06466639 0.7716595 -0.6327401 -0.1427902 0.9517901 -0.2714898 0.1457005 0.8260542 -0.5444317 -0.1130522 0.9699767 -0.2153242 0.2488383 0.8452492 -0.4728989 -0.04539805 0.9771908 -0.2074542 0.03476762 0.9991933 -0.02010595 0.4071262 0.882607 -0.2350604 0.5339521 0.8452553 0.02094602 0.9535605 0.2307448 -0.1935957 0.9760937 0.2171309 0.009771525 0.9481112 -0.1662179 -0.2710291 0.9838866 -0.169481 -0.05695021 0.9666017 0.1726443 0.189407 0.9725639 -0.1812889 0.1457868 0.8444346 0.1501349 0.5141886 0.891425 -0.1566685 0.4252252 0.6326389 0.1938533 0.7497926 0.7377147 -0.08393096 0.6698752 0.5611958 0.2242571 0.7967234 0.7221635 -0.0674858 0.6884225 0.7307682 -0.07545059 0.6784433 0.7557045 -0.07012552 0.6511478 0.3028144 0.7467775 0.5921375 0.04965299 0.8384231 0.5427535 -0.04660898 0.8802703 0.4721781 0.06373673 0.9189327 0.3892306 0.5248398 0.7268484 0.4429839 0.1265179 0.9369654 0.3257136 0.5803049 0.771659 0.2603629 0.1637086 0.9517922 0.2594053 0.544355 0.8260456 0.1460354 0.1299542 0.9699759 0.2055695 0.1569342 0.9771955 0.1430411 0.03477716 0.9991937 -0.02006626 -0.3057963 0.2963664 0.904796 -0.4520887 0.4620929 0.7629457 -0.2398977 0.3399239 0.9093409 -0.4677553 0.4797366 0.7423326 -0.6212062 0.5438032 0.5642526 -0.6079435 0.5441513 0.5781903 -0.7183915 0.5584512 0.4147843 -0.7149994 0.5642527 0.4127889 -0.199953 0.2779695 0.9395487 -0.337809 0.2494481 0.9075576 -0.5893694 0.3495143 0.728343 -0.7801805 0.3589186 0.5123435 -0.584473 0.05978733 0.8092076 -0.3099113 0.07532906 0.9477766 -0.2324271 0.2966485 0.9262707 -0.06290233 0.1353784 0.9887952 -0.219846 0.4872835 0.845117 -0.1615573 0.3591949 0.9191726 -0.2511451 -0.04461103 0.9669209 -0.3603812 0.7218595 0.5907998 -0.2931275 0.8180689 0.4948129 -0.1886116 0.7501995 0.6337401 -0.1227185 0.8665906 0.4836952 5.96792e-6 0.7682741 0.6401211 -1.37641e-5 0.6024497 0.7981569 -0.2052965 0.6040151 0.7700775 2.5034e-6 0.8849071 0.4657679 -0.4167685 0.8110071 0.4105746 -0.5061624 0.7061349 0.4951498 -0.4056483 0.6048305 0.6852952 -0.5609537 0.6078717 0.5619815 -0.5533246 0.7692617 0.3194813 -0.6226809 0.6950123 0.359481 -0.6881061 0.6072022 0.39726 -0.4167678 0.8110101 0.4105694 -0.4842737 0.8290456 0.2795752 -0.4137461 0.8322581 0.3689996 -0.4622044 0.8456684 0.2668561 -0.3126196 0.8926534 0.3247134 -0.412879 0.8817691 0.2280665 -0.1311661 0.9694894 0.2070887 -0.09311288 0.9243891 0.3699119 -0.1309506 0.9056574 0.4032824 -1.60456e-5 0.8849083 0.4657652 -2.41213e-5 0.8799439 0.4750778 -0.9229485 0.1695808 -0.3455554 -0.905959 0.1928813 -0.3768754 -0.95222 0.2764433 -0.1298315 -0.9544998 0.2781156 -0.1076194 -0.9695487 0.2378312 -0.05840945 -0.9602171 0.2186957 -0.1736527 -0.9626309 0.2338359 -0.136611 -0.4451934 0.8384312 -0.314382 -0.5536634 0.8248193 -0.1145866 -0.4322124 0.8802749 -0.1957256 -0.6276453 0.7585192 -0.1752433 -0.3764805 -0.6764595 -0.6329811 -0.03151601 -0.9993383 0.01816552 -0.4055453 -0.5125235 -0.7568703 0.04745268 -0.9984974 -0.02741163 -0.07406866 -0.9963352 0.04277968 -0.4491975 -0.5643966 -0.692588 -0.07007682 -0.9967194 0.04049187 -0.4651455 -0.4983474 -0.7316349 -0.5433446 0.5028067 -0.6722813 -0.2166674 0.9681931 0.1251305 -0.4358503 0.7037295 -0.5610699 -0.08653897 0.9949948 0.04996603 -0.291082 0.7762122 -0.559255 0.07310444 0.9964311 -0.0422011 -0.146828 0.6928552 -0.7059696 0.4143371 0.8781147 -0.2392476 0.6382154 0.6759511 -0.3684715 0.3387934 0.7762064 0.5317168 0.5379726 0.6928584 0.4801384 0.4143558 0.8781163 -0.2392093 0.6382057 0.6759557 -0.36848 0.2679749 0.7037252 0.6579973 -0.2166484 0.9682041 0.1250773 0.3105569 0.502846 0.8066601 0.08743983 -0.4723962 -0.8770383 0.6377634 -0.6765159 -0.3682176 0.6377596 -0.6765209 -0.3682149 -0.3780535 -0.6769101 -0.6315602 -0.03375542 -0.9992396 0.01951217 -0.4100304 -0.510131 -0.7560698 0.04009568 -0.9989283 -0.02312809 -0.07406789 -0.9963352 0.0427823 -0.4491961 -0.5643978 -0.692588 -0.07007884 -0.9967198 0.04047811 -0.4651464 -0.4983323 -0.7316446 -0.5258513 0.5041761 -0.6850452 -0.1842093 0.9771198 0.1063207 -0.4262264 0.7017489 -0.5708586 -0.07758778 0.9959789 0.04479062 -0.2910833 0.7762094 -0.5592582 0.07310032 0.9964312 -0.04220533 -0.1468586 0.6928638 -0.705955 0.4144237 0.8780629 -0.239288 0.6382399 0.6759228 -0.368481 0.3387911 0.7762098 0.5317133 0.5379502 0.6928558 0.480167 0.4144415 0.8780645 -0.2392508 0.6382361 0.6759241 -0.3684852 0.2812628 0.7017553 0.6545463 -0.1841991 0.977119 0.1063445 0.3303276 0.5042 0.7979136 0.087318 -0.4724008 -0.877048 0.6377088 -0.6765828 -0.3681893 0.6377029 -0.6765897 -0.3681868 -0.3790207 -0.6772079 -0.6306606 -0.03516906 -0.9991751 0.02030807 -0.4127722 -0.5085862 -0.7556185 0.03553491 -0.9991577 -0.0205236 -0.07406693 -0.9963354 0.04277813 -0.4491961 -0.5643951 -0.6925902 -0.07005721 -0.9967216 0.04047328 -0.4651455 -0.4983412 -0.7316392 -0.5151217 0.5049203 -0.6926076 -0.1639698 0.9819096 0.09469681 -0.420368 0.7004573 -0.5767585 -0.07200735 0.9965376 0.04156947 -0.2910854 0.7762042 -0.5592641 0.07310432 0.9964308 -0.04220789 -0.1468469 0.6928604 -0.7059607 0.4143686 0.8781042 -0.2392319 0.6382303 0.6759273 -0.3684894 0.3387945 0.7762051 0.5317181 0.5379644 0.6928511 0.480158 0.4143702 0.8781034 -0.2392317 0.6382414 0.6759227 -0.3684786 0.2893009 0.7004618 0.6524249 -0.1639948 0.9819092 0.09465813 0.3422582 0.5049147 0.7924144 0.0873757 -0.4723666 -0.8770605 0.6377673 -0.6765241 -0.3681957 0.6377709 -0.676521 -0.3681954 -0.378702 -0.6771307 -0.630935 -0.03473716 -0.9991948 0.02007853 -0.4118906 -0.5090809 -0.7557663 0.03700608 -0.999086 -0.02139687 -0.07406955 -0.9963354 0.0427739 -0.4491986 -0.5643917 -0.6925912 -0.07007956 -0.9967214 0.04044181 -0.4651465 -0.498353 -0.7316305 -0.5185656 0.5046647 -0.6902198 -0.1704896 0.9804341 0.09839862 -0.4222381 0.700879 -0.5748772 -0.07380431 0.996362 0.04261326 -0.291071 0.7762194 -0.5592506 0.07310152 0.9964311 -0.04220598 -0.1468336 0.6928697 -0.7059543 0.4144274 0.8780726 -0.239246 0.6382295 0.6759399 -0.3684677 0.3387895 0.77622 0.5316993 0.5379559 0.6928742 0.4801343 0.4144276 0.8780735 -0.2392425 0.6382092 0.6759437 -0.3684958 0.2867408 0.7008768 0.6531091 -0.1704702 0.9804335 0.09843879 0.3384578 0.5046764 0.7941966 0.0873776 -0.472377 -0.8770548 0.6377384 -0.6765367 -0.3682225 0.6377669 -0.6765304 -0.3681848 -0.3796932 -0.6773401 -0.6301139 -0.03586018 -0.9991427 0.02068918 -0.4125958 -0.5102084 -0.7546205 0.03507447 -0.9991793 -0.02026534 -0.07406413 -0.9963354 0.04278331 -0.4491962 -0.5644003 -0.6925858 -0.07012045 -0.9967178 0.04045808 -0.4651445 -0.4983449 -0.7316371 -0.5231108 0.504434 -0.6869509 -0.1787597 0.9784628 0.1032257 -0.4242609 0.7012187 -0.5729705 -0.07568448 0.9961738 0.04369968 -0.2910897 0.7761937 -0.5592765 0.07310116 0.996431 -0.04220688 -0.1468507 0.6928323 -0.7059875 0.4144203 0.878063 -0.2392932 0.6382402 0.6759054 -0.3685126 0.3388009 0.7761962 0.5317268 0.5379753 0.6928306 0.4801755 0.4144476 0.8780633 -0.2392449 0.6382402 0.6759081 -0.3685075 0.2840797 0.7012152 0.6539083 -0.1787716 0.9784641 0.1031931 0.3333702 0.5044424 0.7964938 0.08736729 -0.4724552 -0.8770138 0.6377062 -0.6766043 -0.3681542 0.6376952 -0.6766193 -0.3681458 -0.3528191 -0.67018 -0.6529759 -6.76423e-4 -0.9999998 3.95715e-4 -0.3529732 -0.5466071 -0.7593621 0.1170753 -0.9908223 -0.06756108 -0.07407283 -0.996335 0.04277616 -0.4491478 -0.5654373 -0.6917709 -0.07712066 -0.9960275 0.04451441 -0.4657221 -0.5108391 -0.7225971 -0.09517532 0.9939423 0.05495834 -0.445297 0.7065132 -0.5500451 -0.2166147 0.9682188 0.1250216 -0.5348891 0.5579823 -0.6344679 -0.2891274 0.7749815 -0.5619691 0.07902163 0.9958286 -0.04561865 -0.2283635 0.6647586 -0.711299 0.4581912 0.8485745 -0.2645414 0.6382212 0.6759336 -0.3684937 0.3421193 0.7749755 0.5313825 0.5018162 0.6647665 0.5534132 0.4581884 0.8485767 -0.2645394 0.6382296 0.6759378 -0.3684713 0.2537106 0.7065032 0.6606695 -0.2166027 0.9682192 0.1250397 0.2820003 0.5580251 0.7804384 0 1 -1.39177e-6 0.07042157 0.9100717 -0.4084244 0.03250992 0.8664884 -0.4981374 -9.97773e-5 1 -1.49594e-4 -1.47808e-4 0.9101763 -0.4142212 -0.9068854 0.4160938 -0.06651926 -0.8636521 0.5009847 -0.05585187 -0.9072913 0.4157103 -0.06330424 -0.858568 0.5097267 -0.05513435 -0.8121424 0.5803619 -0.06004136 -0.8287363 0.5567738 -0.05656111 -0.8706776 0.4896863 -0.04612898 0.9464088 0.04027605 -0.3204502 0.8424662 -0.3816125 -0.3802928 0.9995042 0.02908843 -0.01205384 0.9189516 -0.3712499 -0.1330471 0.8221873 -0.4170699 -0.3873769 0.9083299 -0.4040656 -0.1080186 0.9305043 -0.3499002 0.1083137 0.9159245 -0.3768215 0.1381593 0.8620182 -0.2997453 0.4087511 0.8686724 -0.04380518 0.4934465 0.9650031 -0.00677514 0.2621511 0.8668642 -0.2974762 0.4000679 0.741512 -0.2004958 0.6402823 0.7843774 -0.2101408 0.5836035 0.9566154 -0.1888464 0.221865 0.9738171 -0.225619 0.02786093 0.8990389 0.1499099 0.4114077 0.9969919 0.07603794 -0.01501351 0.9693169 -0.2050762 -0.1355311 0.703818 0.03102147 0.7097027 0.9699255 -0.2227618 -0.0980916 0.9529896 -0.2263417 0.2014453 0.9501053 -0.2330709 0.2073113 0.9623671 0.03938275 0.2688843 0.8399376 0.2453417 0.4840583 0.8571486 0.1251743 0.4996275 0.971787 0.2358603 -4.08711e-4 0.9934448 0.1142877 0.002405345 0.8607493 0.1102603 -0.4969441 0.8423191 0.2324075 -0.4862976 0.490981 0.1399439 0.8598566 0.483833 0.2581832 0.8362101 -0.004079639 0.1545891 0.9879705 8.13822e-4 0.2709236 0.9626005 -0.4951426 0.1651624 0.8529685 -0.4795525 0.280142 0.8315948 0.8800026 0.4749687 -5.88016e-4 0.7594227 0.4817417 0.4372667 0.7632488 0.4724966 -0.4406794 0.001054286 0.4998254 0.8661256 -0.4306584 0.5062946 0.7471274 0.4366573 0.4908553 0.7539175 0.7148481 0.6992761 -0.00226134 0.6157815 0.7030293 0.3557569 0.6301124 0.6859984 -0.3638197 0.002734005 0.712608 0.7015572 -0.3495721 0.7160962 0.6041569 0.3599163 0.6964304 0.6208422 0.4767596 0.8697488 0.1274254 0.4356617 0.8642571 -0.2515128 -0.1247828 0.8746622 0.4683967 0.2494239 0.8678923 0.4295938 0.2860465 0.9551764 0.07625949 0.2547433 0.9557576 -0.1470826 0.1467689 0.9565224 0.2520395 -0.07477217 0.9563705 0.2824265 4.60316e-4 1 -2.83934e-4 -0.2501003 0.9573937 0.1443862 -0.4245966 0.8715609 0.2451516 -0.6128883 0.7065185 0.3538355 -0.7456251 0.50867 0.4304627 -0.8304925 0.2835472 0.4794616 -0.8535804 0.1690028 0.4927866 0.1155048 0.97299 -0.1998724 0.20001 0.9729637 -0.1154893 -0.2281562 0.8935951 0.3865652 -0.3909943 0.8922893 0.2257061 1.70309e-4 0.9730933 -0.2304117 -0.007237613 0.8970535 0.441863 -0.1147605 0.9732294 -0.199135 0.1799585 0.9353469 0.3045345 -0.8614519 0.1026523 0.4973562 -0.4930426 0.1019907 0.8640064 -0.799452 -0.3844658 0.4615873 -0.4671054 -0.3823768 0.7972456 -0.02242553 0.1207157 0.9924338 -0.07301807 -0.3764055 0.9235731 0.3264087 -0.1926888 0.9253802 0.4689838 0.3348379 0.8172747 -0.8168733 -0.3321323 0.4715996 -0.4699144 -0.3236127 0.8212523 -0.8590248 -0.1269533 0.4959431 -0.4944292 -0.1259254 0.8600481 -0.6176964 -0.03264665 0.7857387 -0.1610596 -0.03667825 0.9862629 0.0162006 -0.144479 0.9893752 -0.8655883 -0.03209584 0.4997269 -0.08645766 -0.2970631 0.9509357 0.4850727 -0.2961308 0.8228068 0.3478352 -0.1828227 0.9195579 0.7867566 -0.2499523 0.5643917 -0.8767572 0.4797359 0.03391832 -0.8867754 0.4620916 0.01004678 -0.9074617 0.339923 -0.2469125 -0.9364746 0.2963666 -0.1875697 -0.7992611 0.5438029 0.2558518 -0.8046986 0.5441518 0.2374006 -0.7184092 0.5584518 0.414753 -0.7149851 0.5642532 0.4128132 -0.9136501 0.2779698 -0.2966079 -0.9548723 0.2494491 -0.1612269 -0.9254482 0.3495141 0.1462385 -0.8337913 0.3589168 0.4194891 -0.9930307 0.05978631 0.1015659 -0.9757546 0.07532858 -0.2054963 -0.9183871 0.2966495 -0.2618479 -0.8877738 0.135379 -0.439921 -0.8418152 0.4872858 -0.2321634 -0.8768057 0.3591957 -0.3196719 -0.9629508 -0.04461252 -0.2659613 0.8135103 0.5392513 -0.2177364 0.841022 0.5408908 -0.01091957 0.805383 0.5522353 -0.2153939 0.8332077 0.5528643 -0.01030308 0.6762009 0.7366543 -0.00963062 0.6539809 0.7359847 -0.1750305 0.5161953 0.8564245 -0.008931756 0.4960692 0.8580812 -0.1327101 0.3443101 0.938856 7.9782e-5 0.7207055 0.6659845 -0.1924794 0.7453318 0.6666457 -0.008005678 0.7172725 0.6695281 0.1930086 0.8014789 0.557919 0.2153096 0.811053 0.5429687 0.2176653 0.6518457 0.7378797 0.1750166 0.4954884 0.858348 0.1331538 -0.4802513 0.8665906 -0.1355705 -0.5750851 0.8180683 0.006449103 -0.6431404 0.7502 -0.1535267 -0.6918376 0.7218601 0.01669991 -0.5543581 0.7682747 -0.3200644 -0.6912309 0.6024515 -0.399064 -0.7695545 0.6040166 -0.2072439 -0.4033671 0.8849064 -0.2328859 -0.5639506 0.8110076 0.1556488 -0.6818932 0.7061353 0.1907742 -0.796306 0.6048322 0.00865525 -0.7671682 0.6078709 0.2048074 -0.5533406 0.7692623 0.3194522 -0.6226596 0.6950123 0.3595176 -0.6880901 0.6072019 0.3972881 -0.5639479 0.8110097 0.1556475 -0.5264362 0.8322579 0.1738153 -0.4842566 0.8290452 0.2796061 -0.4622064 0.8456686 0.2668521 -0.4375212 0.8926529 0.1083803 -0.4039502 0.8817687 0.2435331 -0.2449277 0.9694893 0.01004856 -0.36691 0.924389 -0.1043183 -0.4147288 0.9056569 -0.08823633 -0.4033713 0.8849092 -0.2328678 -0.4114401 0.8799453 -0.237515 -0.1622127 0.1695811 0.9720748 -0.3636692 0.2764446 0.8895635 -0.1265946 0.1928812 0.9730214 -0.3840457 0.2781184 0.8804312 -0.434197 0.2378559 0.8688485 -0.3297167 0.2186957 0.9184004 -0.3630023 0.2338358 0.9019702 -0.1620575 0.7585205 0.6311768 -0.1775951 0.8248196 0.53678 -0.04660022 0.8802746 0.4721706 0.04967051 0.8384293 0.5427423 0.04749596 -0.9984964 -0.027372 -0.031511 -0.999338 0.01818215 0.4526917 -0.5124959 0.7296699 0.3599371 -0.6764503 0.6425421 -0.07408052 -0.9963352 0.04276025 0.3752025 -0.5643936 0.7353115 -0.070082 -0.9967194 0.04048699 0.4010392 -0.4983468 0.768647 0.6377661 -0.676517 -0.3682107 0.803257 -0.4723979 0.3627926 0.6377611 -0.6765221 -0.3682101 0.04007989 -0.9989281 -0.02316141 -0.03375494 -0.9992396 0.01951813 0.4497761 -0.5100997 0.7331438 0.3579168 -0.6769132 0.6431828 -0.07408648 -0.996335 0.04275315 0.3752024 -0.5644 0.7353067 -0.07010406 -0.9967194 0.04044455 0.4010446 -0.4983445 0.7686457 0.6377049 -0.676587 -0.3681882 0.8031992 -0.472418 0.3628942 0.6376989 -0.6765934 -0.3681868 0.03552633 -0.9991579 -0.0205329 -0.03517246 -0.999175 0.02030324 0.4480042 -0.5085707 0.7352879 0.3566575 -0.6772103 0.6435695 -0.07408374 -0.9963353 0.04275184 0.3752014 -0.5643994 0.7353076 -0.0700854 -0.9967214 0.04042965 0.4010453 -0.4983483 0.7686429 0.6377651 -0.6765258 -0.3681963 0.8032436 -0.4723775 0.3628489 0.6377666 -0.6765225 -0.3682 0.03691059 -0.9990915 -0.02130597 -0.03475528 -0.9991948 0.02004784 0.4485624 -0.5090975 0.7345826 0.3570563 -0.6771282 0.6434347 -0.0740838 -0.9963351 0.0427556 0.3752006 -0.5643971 0.7353097 -0.07006782 -0.9967212 0.0404638 0.4010371 -0.498359 0.7686401 0.6377541 -0.6765407 -0.3681882 0.8032338 -0.4723891 0.3628556 0.6377574 -0.6765345 -0.3681938 0.03508222 -0.9991791 -0.02025723 -0.0358482 -0.9991426 0.0207166 0.4472239 -0.51022 0.7346199 0.3558452 -0.6773369 0.6438859 -0.07408273 -0.9963354 0.04275047 0.3752005 -0.5643994 0.7353081 -0.07009768 -0.9967181 0.04049235 0.4010432 -0.4983493 0.7686432 0.6376894 -0.6766027 -0.3681862 0.8031967 -0.4724532 0.3628542 0.6376785 -0.6766171 -0.3681787 0.1170828 -0.9908215 -0.06756186 -6.86884e-4 -0.9999998 3.88265e-4 0.4811496 -0.5466029 0.6853616 0.3890765 -0.670182 0.6320409 -0.07408452 -0.9963349 0.0427581 0.3745156 -0.5654376 0.7348595 -0.07711023 -0.9960283 0.04451709 0.3929503 -0.5107945 0.7646431 0.7657689 -0.3665114 0.5284576 0.4476839 0.8664894 0.2208515 -1.30551e-6 1 -5.17443e-7 0.3889151 0.9100726 0.1432239 -1.11453e-6 1 0 7.77737e-5 1 1.59476e-4 0.3587113 0.9101772 0.207132 -0.3815345 0.5097264 0.7711099 -0.3834551 0.5009842 0.7758718 -0.398822 0.4157096 0.8173901 -0.3958351 0.4160929 0.8186461 -0.3540731 0.5803617 0.7333571 -0.3653839 0.5567762 0.7459858 -0.3953877 0.4896979 0.7770873 -0.3584403 -0.01108199 0.9334869 -0.3793309 -0.0016523 0.9252597 -0.08672994 -0.002523899 0.9962287 -0.08577096 0.01608306 0.9961851 -0.02798449 -0.04114425 0.9987613 -0.3226802 -0.02575576 0.9461576 0.01819777 -0.03259313 0.9993031 -0.3466711 -0.002149581 0.9379844 0.07605969 0.1670283 0.9830139 -0.3961714 0.0132237 0.9180814 -0.2699619 0.1702325 0.9477033 0.5839018 0.01513546 0.8116832 0.553279 0.04712331 0.831662 0.9948911 0.01364266 0.1000283 0.9879477 -0.06673038 0.1396657 0.6140137 -0.06663697 0.7864774 0.9969045 0.04815685 0.06214815 0.9804514 -0.06810384 0.1845996 0.6491804 -0.0678969 0.7575982 0.9681612 0.07422757 0.2390693 0.6901401 0.07265865 0.7200191 0.8858548 0.1804239 -0.4274442 0.8738625 -0.03300756 -0.4850514 0.6389808 -0.002149641 -0.7692197 0.6580556 -0.02575594 -0.7525287 0.8503602 -0.04095584 -0.5246047 0.629202 -0.01108193 -0.7771628 0.8190438 -0.003989517 -0.5737173 0.6116316 -0.001652359 -0.791141 0.8199549 0.01692366 -0.572178 0.5969945 0.0132234 -0.8021364 0.6947483 0.1670083 -0.6995949 0.8190422 -0.003996789 -0.5737195 0.819971 0.01693397 -0.5721545 -0.8644292 -0.06069821 -0.4990773 -0.8658552 -0.01985663 -0.4999007 -0.8644291 -0.06069821 -0.4990772 -0.8658551 -0.01985663 -0.4999007 -0.8651021 0.04618221 -0.4994656 -0.865102 0.04618221 -0.4994655 -0.8657088 -0.02706164 -0.4998161 -0.8657087 -0.02706223 -0.4998161 -0.8484926 0.200249 -0.4898581 -0.848477 0.200249 -0.4898849 0.2830097 0.6163451 0.7348635 0.5556707 0.4704568 0.6854928 0.7962903 0.5890777 -0.1375105 0.8702601 0.4790862 0.1145594 0.07605278 0.1670245 0.9830152 -0.2699623 0.1702505 0.9477 0.6947329 0.1670117 -0.6996093 0.8858613 0.1804488 -0.4274202 0.9681622 0.07422578 0.2390663 0.885864 0.1804367 -0.4274197 0.6901332 0.07266253 0.7200253 0.07604843 0.166991 0.9830212 0.6141042 -0.7050964 0.3545632 0.6141021 -0.7050963 0.354567 0.6141022 -0.7050964 0.3545669 0.6141013 -0.7050963 0.3545685 0.853644 -0.1684088 0.49288 0.8536462 -0.1684017 0.4928784 0.8137409 -0.3421728 0.4698336 0.8137438 -0.3421702 0.4698303 0.8645385 0.05837708 0.4991647 0.7337628 0.4812917 -0.4795317 0.7301148 0.6166816 -0.2943404 0.6008975 0.1113876 -0.7915272 0.6643241 0.3225716 -0.674256 0.5466903 0.00359869 -0.8373272 0.5430212 -0.01846736 -0.8395159 -0.3857191 0.09982907 0.9171996 -0.07419049 0.4801613 0.8740372 -0.4605081 -0.0096246 0.8876034 -0.44911 0.00518608 0.8934614 -0.1956424 0.3339571 0.9220612 0.1005654 0.6360231 0.765089 -0.2548761 -0.9557225 -0.1470806 -0.2548615 -0.9557199 -0.1471234 -0.2548746 -0.9557222 -0.147085 -0.2548609 -0.9557198 -0.147125 -0.3395697 -0.9199224 -0.1960493 -0.3395698 -0.9199216 -0.1960532 -0.3395698 -0.9199219 -0.1960514 -0.3395698 -0.9199212 -0.1960546 -0.1930281 0.9748438 -0.1114436 -0.193028 0.9748439 -0.111444 -0.1930279 0.9748439 -0.1114444 -0.1930276 0.9748437 -0.1114456 -0.8484863 0.2002512 -0.4898677 -0.7408439 0.5178822 -0.4277245 -0.8484829 0.2002511 -0.4898739 -0.7408441 0.517882 -0.4277245 -0.6292024 -0.01108199 -0.7771626 -0.6116324 -0.001652359 -0.7911405 -0.8193935 -0.002523899 -0.573226 -0.8198361 0.01608294 -0.5723724 -0.8509605 -0.04114413 -0.5236159 -0.6580554 -0.02575558 -0.7525289 -0.8745205 -0.03259307 -0.4838921 -0.638982 -0.002149581 -0.7692187 -0.8893453 0.1670283 -0.4256365 -0.5969956 0.01322382 -0.8021355 -0.6857537 0.1702328 -0.707646 -0.994889 0.01513564 0.09983456 -0.9968801 0.04712349 0.06332218 -0.5840712 0.01364308 0.8115878 -0.6149282 -0.06673032 0.7857547 -0.9881162 -0.06663697 0.1385135 -0.5522727 0.04815709 0.8322715 -0.6500949 -0.06810384 0.7567949 -0.9806895 -0.06789678 0.1834071 -0.6911231 0.07422745 0.7189154 -0.9686248 0.07265853 0.2376694 -0.07275068 0.180424 0.9808948 -0.01686531 -0.03300756 0.9993129 0.3466733 -0.002149701 0.9379835 0.322682 -0.02575582 0.946157 0.02914035 -0.04095584 0.998736 0.3584422 -0.01108199 0.9334862 0.08733248 -0.003989517 0.9961712 0.3793321 -0.001652419 0.9252592 0.08549505 0.0169264 0.9961948 0.3961734 0.01322358 0.9180806 0.2584939 0.1670088 0.9514667 0.08733135 -0.00399661 0.9961714 0.08551943 0.01693356 0.9961926 0.8644285 -0.06069833 -0.4990782 0.8658543 -0.01985681 -0.4999021 0.8644285 -0.06069833 -0.4990783 0.8658543 -0.01985681 -0.4999021 0.8651012 0.04618221 -0.499467 0.8651012 0.04618221 -0.499467 0.8657082 -0.02706187 -0.4998169 0.8657082 -0.02706247 -0.499817 0.8484762 0.2002485 -0.4898864 0.8484917 0.2002485 -0.4898597 -0.7779158 0.6163443 -0.1223385 -0.8714894 0.4704579 0.1384764 -0.279059 0.5890771 0.7583629 -0.5343422 0.4790884 0.6963855 -0.8893416 0.167025 -0.4256456 -0.6857522 0.1702514 -0.7076427 0.2585122 0.1670113 0.9514614 -0.07277786 0.1804512 0.9808878 -0.6911208 0.07422745 0.7189176 -0.07277864 0.1804385 0.98089 -0.9686269 0.07266008 0.2376607 -0.8893496 0.1669864 -0.4256443 -0.6141027 -0.7051032 0.3545523 -0.6141037 -0.7051014 0.3545541 -0.6141037 -0.7051014 0.3545541 -0.6141042 -0.7051007 0.3545549 -0.8536524 -0.1684006 0.492868 -0.8536535 -0.1683952 0.492868 -0.8137531 -0.3421706 0.4698141 -0.8137531 -0.342172 0.4698131 -0.864535 0.05838155 0.4991701 0.04841768 0.4812914 0.8752225 -0.1101335 0.6166817 0.7794707 0.3850353 0.1113883 0.9161553 0.2517688 0.3225613 0.912451 0.4518 0.003599405 0.892112 0.4555297 -0.01845806 0.8900293 -0.6014597 0.09983402 -0.7926409 -0.7198488 0.4801585 -0.501264 -0.5384308 -0.009625911 -0.8426148 -0.5492064 0.005186319 -0.8356706 -0.7007126 0.3339746 -0.6304466 -0.7128763 0.6360182 -0.2954459 0.2548265 -0.9557204 -0.1471801 0.2548421 -0.9557195 -0.1471597 0.2548282 -0.9557204 -0.1471779 0.2548427 -0.9557194 -0.1471589 0.3395696 -0.9199224 -0.1960492 0.3395693 -0.9199221 -0.1960512 0.3395695 -0.9199223 -0.1960503 0.3395692 -0.9199219 -0.196052 0.1930276 0.9748439 -0.1114442 0.1930274 0.9748439 -0.1114446 0.1930271 0.9748439 -0.111445 0.1930264 0.9748439 -0.1114461 0.8484813 0.2002516 -0.4898764 0.7408426 0.5178826 -0.4277264 0.8484852 0.2002515 -0.4898698 0.7408429 0.5178825 -0.4277262 0.9876436 -0.01108211 -0.1563244 0.9909639 -0.001652419 -0.1341194 0.9061253 -0.002523958 -0.4230021 0.9056071 0.01608294 -0.4238128 0.8789449 -0.04114425 -0.4751454 0.9807367 -0.02575582 -0.1936288 0.8563235 -0.03259319 -0.5154103 0.9856539 -0.002149701 -0.1687658 0.8132848 0.1670282 -0.5573774 0.9931675 0.01322376 -0.1159456 0.9557161 0.1702327 -0.2400574 0.4109869 0.01513552 -0.9115156 0.4436014 0.04712355 -0.8949846 -0.4108194 0.01364302 -0.9116147 -0.3730193 -0.06673026 -0.9254209 0.3741006 -0.06663703 -0.924991 -0.4446328 0.04815709 -0.8944175 -0.330357 -0.0681039 -0.9413959 0.3315104 -0.06789684 -0.9410054 -0.2770355 0.07422745 -0.9579883 0.2784839 0.07265847 -0.9576886 -0.8131034 0.1804241 -0.553453 -0.8569979 -0.03300762 -0.5142617 -0.9856541 -0.002149641 -0.1687643 -0.9807371 -0.0257557 -0.1936275 -0.8795004 -0.04095578 -0.4741326 -0.9876438 -0.01108193 -0.1563231 -0.9063758 -0.003989398 -0.4224537 -0.990964 -0.00165224 -0.1341182 -0.9054777 0.01692664 -0.4240564 -0.9931678 0.0132237 -0.1159438 -0.9532414 0.1670089 -0.251871 -0.9063757 -0.003996253 -0.4224538 -0.9054883 0.01693361 -0.4240334 0 -0.06069815 0.9981562 3.42409e-7 -0.01985669 0.9998029 0 -0.06069815 0.9981562 4.06342e-7 -0.01985669 0.9998028 5.38717e-7 0.04618221 0.9989331 5.6348e-7 0.04618221 0.9989331 0 -0.02706164 0.9996338 0 -0.02706229 0.9996339 1.60493e-5 0.2002486 0.9797451 -1.47419e-5 0.2002485 0.9797452 0.4949064 0.6163445 -0.6125252 0.3158209 0.4704565 -0.8239709 -0.5172327 0.5890769 -0.6208533 -0.3359125 0.4790868 -0.8109493 0.8132894 0.1670256 -0.5573716 0.9557135 0.1702503 -0.2400555 -0.9532459 0.1670113 -0.2518525 -0.813085 0.1804515 -0.5534712 -0.2770425 0.07422542 -0.9579865 -0.8130834 0.1804375 -0.553478 0.2784888 0.07266062 -0.9576871 0.8132958 0.1669874 -0.5573737 0 -0.7050916 -0.7091162 0 -0.7050997 -0.7091082 0 -0.7050994 -0.7091085 0 -0.7051029 -0.7091051 8.49952e-6 -0.1684097 -0.9857171 8.49921e-6 -0.1684035 -0.9857183 1.74326e-5 -0.3421703 -0.939638 1.74326e-5 -0.3421701 -0.9396381 -3.15163e-6 0.0583651 -0.9982954 -0.7821769 0.4812861 -0.3956808 -0.6199796 0.6166758 -0.4851148 -0.9859316 0.1113893 -0.1246247 -0.91609 0.3225617 -0.2381872 -0.9984918 0.003599226 -0.05478566 -0.9985531 -0.01845872 -0.05050766 0.9871768 0.09983336 -0.1245602 0.7940382 0.4801543 -0.372767 0.998941 -0.009622037 -0.04499429 0.9983153 0.005185961 -0.05779093 0.8963495 0.3339604 -0.2915958 0.6123127 0.6360148 -0.4696364 5.0273e-5 -0.9557214 0.2942731 1.90642e-5 -0.95572 0.2942775 4.70388e-5 -0.9557212 0.2942736 1.78947e-5 -0.9557201 0.2942777 0 -0.919923 0.3920992 2.46223e-7 -0.9199231 0.3920989 1.3233e-7 -0.9199231 0.3920991 3.42849e-7 -0.9199231 0.3920988 1.87572e-7 0.9748435 0.2228908 3.35402e-7 0.9748436 0.2228901 5.12688e-7 0.9748438 0.2228894 1.02545e-6 0.9748442 0.2228872 4.48152e-6 0.2002504 0.9797449 8.21344e-7 0.5178822 0.8554521 -2.77527e-6 0.2002509 0.9797447 8.68395e-7 0.5178825 0.8554518</float_array>
          <technique_common>
            <accessor source="#Trillarian_Destroyer_A001_0-mesh-normals-array" count="3734" stride="3">
              <param name="X" type="float"/>
              <param name="Y" type="float"/>
              <param name="Z" type="float"/>
            </accessor>
          </technique_common>
        </source>
        <source id="Trillarian_Destroyer_A001_0-mesh-map-0">
          <float_array id="Trillarian_Destroyer_A001_0-mesh-map-0-array" count="27006">0.8454354 0.02727115 0.8380475 0.01511335 0.8193712 0.05327367 0.8069063 0.04632753 0.8193712 0.05327367 0.8380475 0.01511335 0.8069063 0.04632753 0.795809 0.08875471 0.8193712 0.05327367 0.8102357 0.08875548 0.8193712 0.05327367 0.795809 0.08875471 0.8380475 0.01511335 0.8454354 0.02727115 0.8806437 0.003892719 0.8810363 0.018202 0.8806437 0.003892719 0.8454354 0.02727115 0.8806437 0.003892719 0.8810363 0.018202 0.9233181 0.01498138 0.91658 0.0273748 0.9233181 0.01498138 0.8810363 0.018202 0.9233181 0.01498138 0.91658 0.0273748 0.9546103 0.04619485 0.9425187 0.05337488 0.9546103 0.04619485 0.91658 0.0273748 0.8193712 0.05327367 0.8311999 0.05990785 0.8454354 0.02727115 0.8193712 0.05327367 0.8102357 0.08875548 0.8311999 0.05990785 0.8523757 0.03882133 0.8454354 0.02727115 0.8311999 0.05990785 0.8454354 0.02727115 0.8523757 0.03882133 0.8810363 0.018202 0.8242061 0.08875387 0.8311999 0.05990785 0.8102357 0.08875548 0.91658 0.0273748 0.9102058 0.03897428 0.9425187 0.05337488 0.9311974 0.06005549 0.9425187 0.05337488 0.9102058 0.03897428 0.9102058 0.03897428 0.91658 0.0273748 0.8813334 0.03194046 0.8810363 0.018202 0.8813334 0.03194046 0.91658 0.0273748 0.8813334 0.03194046 0.8810363 0.018202 0.8523757 0.03882133 0.8311999 0.05990785 0.8430456 0.06636828 0.8523757 0.03882133 0.8311999 0.05990785 0.8242061 0.08875387 0.8430456 0.06636828 0.8590612 0.05041158 0.8523757 0.03882133 0.8430456 0.06636828 0.8523757 0.03882133 0.8590612 0.05041158 0.8813334 0.03194046 0.8383454 0.08875209 0.8430456 0.06636828 0.8242061 0.08875387 0.9102058 0.03897428 0.9040234 0.05052506 0.9311974 0.06005549 0.9199013 0.06646102 0.9311974 0.06005549 0.9040234 0.05052506 0.9040234 0.05052506 0.9102058 0.03897428 0.881583 0.04578751 0.8813334 0.03194046 0.881583 0.04578751 0.9102058 0.03897428 0.881583 0.04578751 0.8813334 0.03194046 0.8590612 0.05041158 0.8430456 0.06636828 0.8612361 0.06834775 0.8590612 0.05041158 0.8383454 0.08875209 0.8522868 0.08875048 0.8430456 0.06636828 0.8522868 0.08875048 0.8612361 0.06834775 0.8430456 0.06636828 0.9040234 0.05052506 0.9022622 0.06841439 0.9199013 0.06646102 0.881583 0.04578751 0.8817872 0.05943816 0.9040234 0.05052506 0.8590612 0.05041158 0.8817872 0.05943816 0.881583 0.04578751 0.8817872 0.05943816 0.9022622 0.06841439 0.9040234 0.05052506 0.8590612 0.05041158 0.8612361 0.06834775 0.8817872 0.05943816 0.8612361 0.06834775 0.8522868 0.08875048 0.8715945 0.07856863 0.8612361 0.06834775 0.8715945 0.07856863 0.8817872 0.05943816 0.8668307 0.08874928 0.8715945 0.07856863 0.8522868 0.08875048 0.8817872 0.05943816 0.8819236 0.07378667 0.9022622 0.06841439 0.8819236 0.07378667 0.8817872 0.05943816 0.8715945 0.07856863 0.8922298 0.07858693 0.9022622 0.06841439 0.8819236 0.07378667 0.8668307 0.08874928 0.8819672 0.08874928 0.8715945 0.07856863 0.8819236 0.07378667 0.8819672 0.08874928 0.8922298 0.07858693 0.8715945 0.07856863 0.8819672 0.08874928 0.8819236 0.07378667 0.8922298 0.07858693 0.896966 0.08874958 0.9022622 0.06841439 0.8922298 0.07858693 0.8819672 0.08874928 0.896966 0.08874958 0.9111187 0.08874964 0.9022622 0.06841439 0.896966 0.08874958 0.9199013 0.06646102 0.9022622 0.06841439 0.9111187 0.08874964 0.9199013 0.06646102 0.9111187 0.08874964 0.9244823 0.08874964 0.9199013 0.06646102 0.9244823 0.08874964 0.9311974 0.06005549 0.9380424 0.08874964 0.9311974 0.06005549 0.9244823 0.08874964 0.9311974 0.06005549 0.9380424 0.08874964 0.9425187 0.05337488 0.9515536 0.08874964 0.9425187 0.05337488 0.9380424 0.08874964 0.9425187 0.05337488 0.9515536 0.08874964 0.9546103 0.04619485 0.9657545 0.0887503 0.9546103 0.04619485 0.9515536 0.08874964 0.9314287 0.3956568 0.8976235 0.3987571 0.9307461 0.3909581 0.8976694 0.3939807 0.9307461 0.3909581 0.8976235 0.3987571 0.9314287 0.3956568 0.9307461 0.3909581 0.9640986 0.3874601 0.9630463 0.382748 0.9640986 0.3874601 0.9307461 0.3909581 0.9640986 0.3874601 0.9630463 0.382748 0.9946058 0.376985 0.9946188 0.3715242 0.9946058 0.376985 0.9630463 0.382748 0.8976694 0.3939807 0.8976635 0.3917832 0.9307461 0.3909581 0.9306669 0.3888834 0.9307461 0.3909581 0.8976635 0.3917832 0.9307461 0.3909581 0.9306669 0.3888834 0.9630463 0.382748 0.8976635 0.3917832 0.8976812 0.3787748 0.9306669 0.3888834 0.9282573 0.3762272 0.9306669 0.3888834 0.8976812 0.3787748 0.9306669 0.3888834 0.9282573 0.3762272 0.9630128 0.3805912 0.9630128 0.3805912 0.9630463 0.382748 0.9306669 0.3888834 0.9630463 0.382748 0.9630128 0.3805912 0.9946188 0.3715242 0.958393 0.3686479 0.9630128 0.3805912 0.9282573 0.3762272 0.958393 0.3686479 0.9892716 0.3596968 0.9630128 0.3805912 0.9942698 0.3681748 0.9630128 0.3805912 0.9892716 0.3596968 0.9942698 0.3681748 0.9946188 0.3715242 0.9630128 0.3805912 0.8976812 0.3787748 0.8976812 0.3041554 0.9282573 0.3762272 0.9185321 0.3026958 0.9282573 0.3762272 0.8976812 0.3041554 0.9282573 0.3762272 0.9185321 0.3026958 0.958393 0.3686479 0.8976812 0.3041554 0.8976719 0.2474737 0.9185321 0.3026958 0.9121947 0.2464666 0.9185321 0.3026958 0.8976719 0.2474737 0.9121947 0.2464666 0.8976719 0.2474737 0.9075701 0.2046391 0.9075701 0.2046391 0.9211034 0.2189283 0.9121947 0.2464666 0.9261827 0.2435764 0.9121947 0.2464666 0.9211034 0.2189283 0.8976859 0.1964213 0.9075701 0.2046391 0.8976719 0.2474737 0.9261827 0.2435764 0.9387351 0.2983371 0.9121947 0.2464666 0.9185321 0.3026958 0.9121947 0.2464666 0.9387351 0.2983371 0.9387351 0.2983371 0.958393 0.3686479 0.9185321 0.3026958 0.958393 0.3686479 0.9387351 0.2983371 0.9892716 0.3596968 0.9387351 0.2983371 0.9261827 0.2435764 0.9598262 0.2931238 0.9598262 0.2931238 0.9892716 0.3596968 0.9387351 0.2983371 0.9394248 0.2381983 0.9598262 0.2931238 0.9261827 0.2435764 0.9261827 0.2435764 0.9211034 0.2189283 0.9394248 0.2381983 0.9598262 0.2931238 0.9394248 0.2381983 0.9728081 0.2885235 0.9728081 0.2885235 0.9892716 0.3596968 0.9598262 0.2931238 0.02732938 0.790511 0.02249157 0.7916584 0.02439981 0.7598243 0.02024239 0.773378 0.02439981 0.7598243 0.02249157 0.7916584 0.02439981 0.7598243 0.02024239 0.773378 0.02012574 0.757998 0.02439981 0.7598243 0.02012574 0.757998 0.03147602 0.7283403 0.02593696 0.7249367 0.03147602 0.7283403 0.02012574 0.757998 0.03147602 0.7283403 0.02593696 0.7249367 0.05099225 0.7033614 0.04678428 0.697813 0.05099225 0.7033614 0.02593696 0.7249367 0.02249157 0.7916584 0.02006345 0.7924794 0.02024239 0.773378 0.01731812 0.773972 0.02024239 0.773378 0.02006345 0.7924794 0.02012574 0.757998 0.02024239 0.773378 0.01731812 0.773972 0.02006345 0.7924794 0.01192188 0.7969621 0.01731812 0.773972 0.8415474 0.9545839 0.8759058 0.9896798 0.8300934 0.9707856 0.8300934 0.9707856 0.8759058 0.9896798 0.8255141 0.9851959 0.8531297 0.9459301 0.8759058 0.9896798 0.8415474 0.9545839 0.8759058 0.9896798 0.8531297 0.9459301 0.866702 0.9414501 0.8759058 0.9896798 0.866702 0.9414501 0.8859656 0.9415829 0.8759058 0.9896798 0.8859656 0.9415829 0.8993533 0.9462026 0.910693 0.954957 0.8759058 0.9896798 0.8993533 0.9462026 0.9218938 0.9713306 0.8759058 0.9896798 0.910693 0.954957 0.9262836 0.9859376 0.8759058 0.9896798 0.9218938 0.9713306 0.8260365 0.8914524 0.8345981 0.9084481 0.8073428 0.9033797 0.8130984 0.9239236 0.8073428 0.9033797 0.8345981 0.9084481 0.7923592 0.9174416 0.8073428 0.9033797 0.8130984 0.9239236 0.7923592 0.9174416 0.8130984 0.9239236 0.7802191 0.9338176 0.792608 0.9515433 0.7802191 0.9338176 0.8130984 0.9239236 0.7709113 0.9517112 0.7802191 0.9338176 0.792608 0.9515433 0.792608 0.9515433 0.7834586 0.9757117 0.7709113 0.9517112 0.764583 0.9704413 0.7709113 0.9517112 0.7834586 0.9757117 0.8130984 0.9239236 0.8415474 0.9545839 0.792608 0.9515433 0.8130984 0.9239236 0.8345981 0.9084481 0.8415474 0.9545839 0.8300934 0.9707856 0.792608 0.9515433 0.8415474 0.9545839 0.7834586 0.9757117 0.792608 0.9515433 0.8255141 0.9851959 0.8300934 0.9707856 0.8255141 0.9851959 0.792608 0.9515433 0.8531297 0.9459301 0.8415474 0.9545839 0.8345981 0.9084481 0.8260365 0.8914524 0.8467706 0.8833609 0.8345981 0.9084481 0.8597983 0.900183 0.8345981 0.9084481 0.8467706 0.8833609 0.8467706 0.8833609 0.8671854 0.8796924 0.8597983 0.900183 0.8671854 0.8796924 0.8879535 0.8798532 0.8597983 0.900183 0.8942369 0.9004214 0.8597983 0.900183 0.8879535 0.8798532 0.8879535 0.8798532 0.9083015 0.8838471 0.8942369 0.9004214 0.8942369 0.9004214 0.9083015 0.8838471 0.9185811 0.9086976 0.9275131 0.8916011 0.9185811 0.9086976 0.9083015 0.8838471 0.9275131 0.8916011 0.9447035 0.9030203 0.9185811 0.9086976 0.93914 0.9240956 0.9185811 0.9086976 0.9447035 0.9030203 0.9447035 0.9030203 0.9594871 0.9172891 0.93914 0.9240956 0.93914 0.9240956 0.9594871 0.9172891 0.9591943 0.9520373 0.9713898 0.9338475 0.9591943 0.9520373 0.9594871 0.9172891 0.9713898 0.9338475 0.9804325 0.9518949 0.9591943 0.9520373 0.9591943 0.9520373 0.9804325 0.9518949 0.96815 0.9771423 0.9868515 0.9722152 0.96815 0.9771423 0.9804325 0.9518949 0.9591943 0.9520373 0.9218938 0.9713306 0.93914 0.9240956 0.9591943 0.9520373 0.96815 0.9771423 0.9218938 0.9713306 0.910693 0.954957 0.93914 0.9240956 0.9218938 0.9713306 0.9185811 0.9086976 0.93914 0.9240956 0.8993533 0.9462026 0.910693 0.954957 0.8993533 0.9462026 0.93914 0.9240956 0.9185811 0.9086976 0.8993533 0.9462026 0.8942369 0.9004214 0.9262836 0.9859376 0.9218938 0.9713306 0.96815 0.9771423 0.8859656 0.9415829 0.8942369 0.9004214 0.8993533 0.9462026 0.8859656 0.9415829 0.866702 0.9414501 0.8942369 0.9004214 0.8597983 0.900183 0.8942369 0.9004214 0.866702 0.9414501 0.8597983 0.900183 0.866702 0.9414501 0.8345981 0.9084481 0.8531297 0.9459301 0.8345981 0.9084481 0.866702 0.9414501 0.780748 0.1510233 0.78491 0.1722165 0.7126611 0.1702648 0.7140684 0.1963204 0.7126611 0.1702648 0.78491 0.1722165 0.7126611 0.1702648 0.7140684 0.1963204 0.6716781 0.1830241 0.6724107 0.2108229 0.6716781 0.1830241 0.7140684 0.1963204 0.7126611 0.1702648 0.7099617 0.146623 0.780748 0.1510233 0.7776917 0.1309196 0.780748 0.1510233 0.7099617 0.146623 0.78491 0.1722165 0.7882751 0.1897 0.7140684 0.1963204 0.7159672 0.2164602 0.7140684 0.1963204 0.7882751 0.1897 0.7140684 0.1963204 0.7159672 0.2164602 0.6724107 0.2108229 0.7882751 0.1897 0.7933937 0.2119241 0.7159672 0.2164602 0.7176566 0.241309 0.7159672 0.2164602 0.7933937 0.2119241 0.7159672 0.2164602 0.7176566 0.241309 0.6724889 0.2325831 0.6724889 0.2325831 0.6724107 0.2108229 0.7159672 0.2164602 0.6720164 0.2586413 0.6724889 0.2325831 0.7176566 0.241309 0.6716781 0.1830241 0.6694471 0.1566939 0.7126611 0.1702648 0.7099617 0.146623 0.7126611 0.1702648 0.6694471 0.1566939 0.7176566 0.241309 0.715952 0.2705241 0.6720164 0.2586413 0.6727712 0.2904387 0.6720164 0.2586413 0.715952 0.2705241 0.715952 0.2705241 0.7142912 0.2984909 0.6727712 0.2904387 0.7142912 0.2984909 0.715952 0.2705241 0.7855818 0.2603546 0.7988145 0.2318295 0.7855818 0.2603546 0.715952 0.2705241 0.7933937 0.2119241 0.7988145 0.2318295 0.7176566 0.241309 0.715952 0.2705241 0.7176566 0.241309 0.7988145 0.2318295 0.6736699 0.3206548 0.6727712 0.2904387 0.7142912 0.2984909 0.7882751 0.1897 0.7921354 0.188719 0.7933937 0.2119241 0.7985528 0.2108401 0.7933937 0.2119241 0.7921354 0.188719 0.7933937 0.2119241 0.7985528 0.2108401 0.7988145 0.2318295 0.7985528 0.2108401 0.7921354 0.188719 0.8099731 0.2096485 0.7921354 0.188719 0.8011293 0.1711802 0.8099731 0.2096485 0.7985528 0.2108401 0.8099731 0.2096485 0.8037904 0.2293559 0.8037904 0.2293559 0.7988145 0.2318295 0.7985528 0.2108401 0.7988145 0.2318295 0.8037904 0.2293559 0.7855818 0.2603546 0.8118866 0.2306812 0.8037904 0.2293559 0.8099731 0.2096485 0.8118866 0.2306812 0.8073696 0.2568482 0.8037904 0.2293559 0.7932183 0.257853 0.8037904 0.2293559 0.8073696 0.2568482 0.7932183 0.257853 0.7855818 0.2603546 0.8037904 0.2293559 0.7899324 0.1714329 0.8011293 0.1711802 0.7921354 0.188719 0.7849136 0.1507201 0.8011293 0.1711802 0.7899324 0.1714329 0.797672 0.1329044 0.8011293 0.1711802 0.7849136 0.1507201 0.7849967 0.1309062 0.797672 0.1329044 0.7849136 0.1507201 0.7899324 0.1714329 0.78491 0.1722165 0.7849136 0.1507201 0.780748 0.1510233 0.7849136 0.1507201 0.78491 0.1722165 0.7849136 0.1507201 0.780748 0.1510233 0.7849967 0.1309062 0.7776917 0.1309196 0.7849967 0.1309062 0.780748 0.1510233 0.7921354 0.188719 0.7882751 0.1897 0.7899324 0.1714329 0.78491 0.1722165 0.7899324 0.1714329 0.7882751 0.1897 0.6617582 0.2972854 0.6618669 0.3309457 0.5734271 0.3270776 0.5692372 0.3743338 0.5734271 0.3270776 0.6618669 0.3309457 0.6618669 0.3309457 0.6321489 0.3681328 0.5692372 0.3743338 0.5795102 0.411601 0.5692372 0.3743338 0.6321489 0.3681328 0.5734271 0.3270776 0.5798669 0.28435 0.6617582 0.2972854 0.6632143 0.263894 0.6617582 0.2972854 0.5798669 0.28435 0.5798669 0.28435 0.5814141 0.2597726 0.6632143 0.263894 0.6647776 0.2371325 0.6632143 0.263894 0.5814141 0.2597726 0.5814141 0.2597726 0.5814849 0.2372997 0.6647776 0.2371325 0.665355 0.2139956 0.6647776 0.2371325 0.5814849 0.2372997 0.5814849 0.2372997 0.5802492 0.2088176 0.665355 0.2139956 0.6643311 0.1845721 0.665355 0.2139956 0.5802492 0.2088176 0.5802492 0.2088176 0.5768114 0.1835992 0.6643311 0.1845721 0.6599207 0.1574163 0.6643311 0.1845721 0.5768114 0.1835992 0.6617582 0.2972854 0.6666825 0.2942426 0.6618669 0.3309457 0.6666036 0.3304344 0.6618669 0.3309457 0.6666825 0.2942426 0.6666036 0.3304344 0.6666825 0.2942426 0.6736699 0.3206548 0.6727712 0.2904387 0.6736699 0.3206548 0.6666825 0.2942426 0.6666825 0.2942426 0.6674064 0.2613953 0.6727712 0.2904387 0.6720164 0.2586413 0.6727712 0.2904387 0.6674064 0.2613953 0.6674064 0.2613953 0.6693677 0.234486 0.6720164 0.2586413 0.6674064 0.2613953 0.6632143 0.263894 0.6693677 0.234486 0.6647776 0.2371325 0.6693677 0.234486 0.6632143 0.263894 0.6724889 0.2325831 0.6720164 0.2586413 0.6693677 0.234486 0.6693677 0.234486 0.670033 0.2117487 0.6724889 0.2325831 0.6693677 0.234486 0.6647776 0.2371325 0.670033 0.2117487 0.665355 0.2139956 0.670033 0.2117487 0.6647776 0.2371325 0.6724107 0.2108229 0.6724889 0.2325831 0.670033 0.2117487 0.670033 0.2117487 0.669615 0.1831721 0.6724107 0.2108229 0.670033 0.2117487 0.665355 0.2139956 0.669615 0.1831721 0.6643311 0.1845721 0.669615 0.1831721 0.665355 0.2139956 0.6716781 0.1830241 0.6724107 0.2108229 0.669615 0.1831721 0.6716781 0.1830241 0.669615 0.1831721 0.6694471 0.1566939 0.666636 0.1564278 0.6694471 0.1566939 0.669615 0.1831721 0.669615 0.1831721 0.6643311 0.1845721 0.666636 0.1564278 0.6599207 0.1574163 0.666636 0.1564278 0.6643311 0.1845721 0.6666825 0.2942426 0.6617582 0.2972854 0.6674064 0.2613953 0.6632143 0.263894 0.6674064 0.2613953 0.6617582 0.2972854 0.2886418 0.2624541 0.2269127 0.2587583 0.2665173 0.2328603 0.1960081 0.231673 0.2665173 0.2328603 0.2269127 0.2587583 0.2886418 0.2624541 0.298549 0.2810827 0.2269127 0.2587583 0.2781084 0.2936597 0.2269127 0.2587583 0.298549 0.2810827 0.2781084 0.2936597 0.2684875 0.3085804 0.2269127 0.2587583 0.2359136 0.3085919 0.2269127 0.2587583 0.2684875 0.3085804 0.2665173 0.2328603 0.1960081 0.231673 0.2376433 0.1963115 0.1666785 0.2019947 0.2376433 0.1963115 0.1960081 0.231673 0.2886418 0.2624541 0.3272141 0.2637935 0.298549 0.2810827 0.3292428 0.2735756 0.298549 0.2810827 0.3272141 0.2637935 0.3904417 0.2425995 0.3292428 0.2735756 0.3272141 0.2637935 0.3904417 0.2425995 0.3272141 0.2637935 0.3775001 0.2171848 0.3147102 0.2334213 0.3775001 0.2171848 0.3272141 0.2637935 0.3272141 0.2637935 0.2886418 0.2624541 0.3147102 0.2334213 0.2665173 0.2328603 0.3147102 0.2334213 0.2886418 0.2624541 0.3775001 0.2171848 0.3147102 0.2334213 0.3531338 0.1882508 0.3000246 0.2048459 0.3531338 0.1882508 0.3147102 0.2334213 0.3000246 0.2048459 0.3147102 0.2334213 0.2878948 0.2014055 0.3531338 0.1882508 0.4380463 0.1756389 0.3775001 0.2171848 0.3775001 0.2171848 0.4380463 0.1756389 0.3904417 0.2425995 0.3147102 0.2334213 0.2665173 0.2328603 0.2878948 0.2014055 0.2376433 0.1963115 0.2878948 0.2014055 0.2665173 0.2328603 0.05100983 0.4460616 0.07236588 0.4317414 0.0606473 0.4612408 0.08430045 0.444977 0.0606473 0.4612408 0.07236588 0.4317414 0.07236588 0.4317414 0.05100983 0.4460616 0.05900329 0.4165883 0.04055356 0.4284836 0.05900329 0.4165883 0.05100983 0.4460616 0.05900329 0.4165883 0.04055356 0.4284836 0.04484611 0.3994875 0.03004682 0.4084898 0.04484611 0.3994875 0.04055356 0.4284836 0.03004682 0.4084898 0.03068429 0.3807862 0.04484611 0.3994875 0.05100983 0.4460616 0.0606473 0.4612408 0.02739375 0.4572197 0.0350672 0.4739312 0.02739375 0.4572197 0.0606473 0.4612408 0.0606473 0.4612408 0.0655598 0.4690997 0.0350672 0.4739312 0.0606473 0.4612408 0.08430045 0.444977 0.0655598 0.4690997 0.03861057 0.4825023 0.0350672 0.4739312 0.0655598 0.4690997 0.02739375 0.4572197 0.0198841 0.4372527 0.05100983 0.4460616 0.04055356 0.4284836 0.05100983 0.4460616 0.0198841 0.4372527 0.0198841 0.4372527 0.01347362 0.4147112 0.04055356 0.4284836 0.03004682 0.4084898 0.04055356 0.4284836 0.01347362 0.4147112 0.09042364 0.4518522 0.0655598 0.4690997 0.08430045 0.444977 0.09042364 0.4518522 0.08430045 0.444977 0.1094215 0.4331865 0.1021843 0.4274925 0.1094215 0.4331865 0.08430045 0.444977 0.1021843 0.4274925 0.1157209 0.4065363 0.1094215 0.4331865 0.1157209 0.4065363 0.1021843 0.4274925 0.09990304 0.3984704 0.08815109 0.4166216 0.09990304 0.3984704 0.1021843 0.4274925 0.09990304 0.3984704 0.08815109 0.4166216 0.08193242 0.3893036 0.07228356 0.4042392 0.08193242 0.3893036 0.08815109 0.4166216 0.08193242 0.3893036 0.07228356 0.4042392 0.06225413 0.3791032 0.05504453 0.3903741 0.06225413 0.3791032 0.07228356 0.4042392 0.05504453 0.3903741 0.04170244 0.3680749 0.06225413 0.3791032 0.1238762 0.4107382 0.1094215 0.4331865 0.1157209 0.4065363 0.08815109 0.4166216 0.1021843 0.4274925 0.07236588 0.4317414 0.08430045 0.444977 0.07236588 0.4317414 0.1021843 0.4274925 0.07236588 0.4317414 0.05900329 0.4165883 0.08815109 0.4166216 0.07228356 0.4042392 0.08815109 0.4166216 0.05900329 0.4165883 0.05900329 0.4165883 0.04484611 0.3994875 0.07228356 0.4042392 0.05504453 0.3903741 0.07228356 0.4042392 0.04484611 0.3994875 0.05504453 0.3903741 0.03068429 0.3807862 0.04170244 0.3680749 0.05504453 0.3903741 0.04484611 0.3994875 0.03068429 0.3807862 0.03068429 0.3807862 0.02003264 0.3557021 0.04170244 0.3680749 0.005785822 0.3656733 0.02003264 0.3557021 0.03068429 0.3807862 0.005785822 0.3656733 0.004535675 0.3463652 0.02003264 0.3557021 0.008612096 0.3906493 0.005785822 0.3656733 0.03068429 0.3807862 0.03004682 0.4084898 0.008612096 0.3906493 0.03068429 0.3807862 0.03004682 0.4084898 0.01347362 0.4147112 0.008612096 0.3906493 0.004535675 0.3463652 0.02052009 0.3375036 0.02003264 0.3557021 0.02052009 0.3375036 0.004535675 0.3463652 0.009065389 0.3244754 0.02052009 0.3375036 0.009065389 0.3244754 0.03001654 0.3086423 0.03001654 0.3086423 0.009065389 0.3244754 0.01539903 0.2994101 0.04293596 0.3286261 0.02052009 0.3375036 0.03001654 0.3086423 0.05709111 0.3052791 0.04293596 0.3286261 0.03001654 0.3086423 0.05709111 0.3052791 0.03001654 0.3086423 0.04648214 0.2918331 0.05709111 0.3052791 0.04648214 0.2918331 0.0759586 0.2937775 0.06267821 0.2765831 0.0759586 0.2937775 0.04648214 0.2918331 0.0759586 0.2937775 0.06267821 0.2765831 0.09327864 0.2835598 0.07782447 0.2631668 0.09327864 0.2835598 0.06267821 0.2765831 0.09327864 0.2835598 0.07782447 0.2631668 0.1085827 0.2745909 0.09131735 0.2514892 0.1085827 0.2745909 0.07782447 0.2631668 0.09327864 0.2835598 0.1085827 0.2745909 0.1045162 0.3066712 0.1212334 0.3009035 0.1045162 0.3066712 0.1085827 0.2745909 0.1085827 0.2745909 0.1164775 0.2699101 0.1212334 0.3009035 0.1085827 0.2745909 0.09131735 0.2514892 0.1164775 0.2699101 0.1298658 0.2978856 0.1212334 0.3009035 0.1164775 0.2699101 0.1045162 0.3066712 0.08556163 0.3132238 0.09327864 0.2835598 0.0759586 0.2937775 0.09327864 0.2835598 0.08556163 0.3132238 0.08556163 0.3132238 0.06476747 0.3205804 0.0759586 0.2937775 0.05709111 0.3052791 0.0759586 0.2937775 0.06476747 0.3205804 0.05709111 0.3052791 0.06476747 0.3205804 0.04293596 0.3286261 0.09823775 0.2454071 0.1164775 0.2699101 0.09131735 0.2514892 0.09823775 0.2454071 0.09131735 0.2514892 0.07948321 0.2271944 0.07350349 0.2343333 0.07948321 0.2271944 0.09131735 0.2514892 0.09131735 0.2514892 0.07782447 0.2631668 0.07350349 0.2343333 0.07350349 0.2343333 0.05347931 0.2206264 0.07948321 0.2271944 0.05347931 0.2206264 0.07350349 0.2343333 0.04338234 0.2360685 0.06184953 0.2480915 0.04338234 0.2360685 0.07350349 0.2343333 0.06184953 0.2480915 0.07350349 0.2343333 0.07782447 0.2631668 0.04338234 0.2360685 0.06184953 0.2480915 0.03297907 0.2548072 0.04906404 0.264132 0.03297907 0.2548072 0.06184953 0.2480915 0.03297907 0.2548072 0.04906404 0.264132 0.02345091 0.2762715 0.03596037 0.2826102 0.02345091 0.2762715 0.04906404 0.264132 0.03596037 0.2826102 0.01539903 0.2994101 0.02345091 0.2762715 0.0583083 0.2126741 0.07948321 0.2271944 0.05347931 0.2206264 0.04906404 0.264132 0.06184953 0.2480915 0.06267821 0.2765831 0.07782447 0.2631668 0.06267821 0.2765831 0.06184953 0.2480915 0.06267821 0.2765831 0.04648214 0.2918331 0.04906404 0.264132 0.03596037 0.2826102 0.04906404 0.264132 0.04648214 0.2918331 0.03596037 0.2826102 0.03001654 0.3086423 0.01539903 0.2994101 0.03596037 0.2826102 0.04648214 0.2918331 0.03001654 0.3086423 0.1377021 0.19944 0.1608677 0.2282557 0.1287203 0.216975 0.1417418 0.2433767 0.1287203 0.216975 0.1608677 0.2282557 0.1287203 0.216975 0.106943 0.1965218 0.1377021 0.19944 0.106943 0.1965218 0.1287203 0.216975 0.09917068 0.2056172 0.1189344 0.2240229 0.09917068 0.2056172 0.1287203 0.216975 0.1185042 0.1829355 0.1377021 0.19944 0.106943 0.1965218 0.1608677 0.2282557 0.1745814 0.2660353 0.1417418 0.2433767 0.1531077 0.2748621 0.1417418 0.2433767 0.1745814 0.2660353 0.1417418 0.2433767 0.1531077 0.2748621 0.1320584 0.2474555 0.1417418 0.2433767 0.1320584 0.2474555 0.1287203 0.216975 0.1189344 0.2240229 0.1287203 0.216975 0.1320584 0.2474555 0.1403475 0.2778919 0.1320584 0.2474555 0.1531077 0.2748621 0.1745814 0.2660353 0.1792806 0.3078351 0.1531077 0.2748621 0.15645 0.3085928 0.1531077 0.2748621 0.1792806 0.3078351 0.15645 0.3085928 0.1444178 0.3086083 0.1531077 0.2748621 0.1403475 0.2778919 0.1531077 0.2748621 0.1444178 0.3086083 0.1745814 0.2660353 0.2269127 0.2587583 0.1792806 0.3078351 0.2359136 0.3085919 0.1792806 0.3078351 0.2269127 0.2587583 0.1745814 0.2660353 0.1608677 0.2282557 0.2269127 0.2587583 0.1960081 0.231673 0.2269127 0.2587583 0.1608677 0.2282557 0.1608677 0.2282557 0.1666785 0.2019947 0.1960081 0.231673 0.1666785 0.2019947 0.1608677 0.2282557 0.1511511 0.1875365 0.1377021 0.19944 0.1511511 0.1875365 0.1608677 0.2282557 0.1377021 0.19944 0.1185042 0.1829355 0.1511511 0.1875365 0.1309363 0.1693943 0.1511511 0.1875365 0.1185042 0.1829355 0.7244039 0.3102229 0.7952761 0.273041 0.7388031 0.3164012 0.7952761 0.273041 0.8143501 0.2778155 0.7388031 0.3164012 0.8017714 0.2727091 0.8143501 0.2778155 0.7952761 0.273041 0.7388031 0.3164012 0.6912923 0.3440174 0.7244039 0.3102229 0.6832659 0.3308616 0.7244039 0.3102229 0.6912923 0.3440174 0.5692372 0.3743338 0.5684924 0.4111335 0.5617504 0.3731106 0.56016 0.4116913 0.5617504 0.3731106 0.5684924 0.4111335 0.5692372 0.3743338 0.5617504 0.3731106 0.5734271 0.3270776 0.56626 0.3244913 0.5734271 0.3270776 0.5617504 0.3731106 0.5684924 0.4111335 0.5550894 0.4393376 0.56016 0.4116913 0.5684924 0.4111335 0.5795102 0.411601 0.5550894 0.4393376 0.5795102 0.411601 0.5684924 0.4111335 0.5692372 0.3743338 0.5860634 0.4308028 0.5550894 0.4393376 0.5795102 0.411601 0.5860634 0.4308028 0.5965073 0.4626887 0.5550894 0.4393376 0.5661573 0.4715145 0.5550894 0.4393376 0.5965073 0.4626887 0.5550894 0.4393376 0.5661573 0.4715145 0.5489564 0.4405854 0.5489564 0.4405854 0.56016 0.4116913 0.5550894 0.4393376 0.5588869 0.473299 0.5489564 0.4405854 0.5661573 0.4715145 0.5734271 0.3270776 0.56626 0.3244913 0.5798669 0.28435 0.5715533 0.2836877 0.5798669 0.28435 0.56626 0.3244913 0.5798669 0.28435 0.5715533 0.2836877 0.5814141 0.2597726 0.5729586 0.2577996 0.5814141 0.2597726 0.5715533 0.2836877 0.5814141 0.2597726 0.5729586 0.2577996 0.5814849 0.2372997 0.5725753 0.2362959 0.5814849 0.2372997 0.5729586 0.2577996 0.5814849 0.2372997 0.5725753 0.2362959 0.5802492 0.2088176 0.5706891 0.2088202 0.5802492 0.2088176 0.5725753 0.2362959 0.5802492 0.2088176 0.5706891 0.2088202 0.5768114 0.1835992 0.5666536 0.1837217 0.5768114 0.1835992 0.5706891 0.2088202 0.5725753 0.2362959 0.5672799 0.2370638 0.5706891 0.2088202 0.5651965 0.2097808 0.5706891 0.2088202 0.5672799 0.2370638 0.5706891 0.2088202 0.5651965 0.2097808 0.5666536 0.1837217 0.5651965 0.2097808 0.5672799 0.2370638 0.4974167 0.2376164 0.4997938 0.2635031 0.4974167 0.2376164 0.5672799 0.2370638 0.4974167 0.2376164 0.4997938 0.2635031 0.4243045 0.2674774 0.4243045 0.2674774 0.4192639 0.2456019 0.4974167 0.2376164 0.4915639 0.214394 0.4974167 0.2376164 0.4192639 0.2456019 0.4974167 0.2376164 0.4915639 0.214394 0.5651965 0.2097808 0.427378 0.2924395 0.4243045 0.2674774 0.4997938 0.2635031 0.4997938 0.2635031 0.4990498 0.2848356 0.427378 0.2924395 0.4261819 0.3147185 0.427378 0.2924395 0.4990498 0.2848356 0.4990498 0.2848356 0.496194 0.3110131 0.4261819 0.3147185 0.496194 0.3110131 0.4990498 0.2848356 0.5658826 0.284849 0.5675053 0.2582704 0.5658826 0.284849 0.4990498 0.2848356 0.5672799 0.2370638 0.5675053 0.2582704 0.4997938 0.2635031 0.4990498 0.2848356 0.4997938 0.2635031 0.5675053 0.2582704 0.4229736 0.337934 0.4261819 0.3147185 0.496194 0.3110131 0.560086 0.1847749 0.5651965 0.2097808 0.4915639 0.214394 0.560086 0.1847749 0.5666536 0.1837217 0.5651965 0.2097808 0.496194 0.3110131 0.4961522 0.3485375 0.4229736 0.337934 0.4289619 0.3778396 0.4229736 0.337934 0.4961522 0.3485375 0.4961522 0.3485375 0.4963443 0.3904038 0.4289619 0.3778396 0.4339333 0.4072416 0.4289619 0.3778396 0.4963443 0.3904038 0.4963443 0.3904038 0.4961522 0.3485375 0.5543695 0.3736172 0.5543695 0.3736172 0.5531415 0.4123903 0.4963443 0.3904038 0.485877 0.4277359 0.4963443 0.3904038 0.5531415 0.4123903 0.4963443 0.3904038 0.485877 0.4277359 0.4339333 0.4072416 0.560181 0.3247913 0.5543695 0.3736172 0.4961522 0.3485375 0.5658826 0.284849 0.560181 0.3247913 0.496194 0.3110131 0.4961522 0.3485375 0.496194 0.3110131 0.560181 0.3247913 0.4261788 0.4471409 0.4339333 0.4072416 0.485877 0.4277359 0.485877 0.4277359 0.4912154 0.456041 0.4261788 0.4471409 0.4252044 0.4794663 0.4261788 0.4471409 0.4912154 0.456041 0.4912154 0.456041 0.4958413 0.488786 0.4252044 0.4794663 0.4284522 0.5056096 0.4252044 0.4794663 0.4958413 0.488786 0.4958413 0.488786 0.4912154 0.456041 0.5501464 0.4753532 0.5412608 0.4427879 0.5501464 0.4753532 0.4912154 0.456041 0.5531415 0.4123903 0.5412608 0.4427879 0.485877 0.4277359 0.4912154 0.456041 0.485877 0.4277359 0.5412608 0.4427879 0.5543695 0.3736172 0.5617504 0.3731106 0.5531415 0.4123903 0.56016 0.4116913 0.5531415 0.4123903 0.5617504 0.3731106 0.5531415 0.4123903 0.56016 0.4116913 0.5412608 0.4427879 0.5489564 0.4405854 0.5412608 0.4427879 0.56016 0.4116913 0.5412608 0.4427879 0.5489564 0.4405854 0.5501464 0.4753532 0.5588869 0.473299 0.5501464 0.4753532 0.5489564 0.4405854 0.560181 0.3247913 0.56626 0.3244913 0.5543695 0.3736172 0.5617504 0.3731106 0.5543695 0.3736172 0.56626 0.3244913 0.56626 0.3244913 0.560181 0.3247913 0.5715533 0.2836877 0.5658826 0.284849 0.5715533 0.2836877 0.560181 0.3247913 0.5715533 0.2836877 0.5658826 0.284849 0.5729586 0.2577996 0.5675053 0.2582704 0.5729586 0.2577996 0.5658826 0.284849 0.5729586 0.2577996 0.5675053 0.2582704 0.5725753 0.2362959 0.5672799 0.2370638 0.5725753 0.2362959 0.5675053 0.2582704 0.4284522 0.5056096 0.4958413 0.488786 0.438737 0.5297521 0.5084043 0.5192943 0.438737 0.5297521 0.4958413 0.488786 0.4958413 0.488786 0.5501464 0.4753532 0.5084043 0.5192943 0.5595195 0.5077748 0.5084043 0.5192943 0.5501464 0.4753532 0.438737 0.5297521 0.5084043 0.5192943 0.4554648 0.5570155 0.5178166 0.5460835 0.4554648 0.5570155 0.5084043 0.5192943 0.5084043 0.5192943 0.5595195 0.5077748 0.5178166 0.5460835 0.4554648 0.5570155 0.5178166 0.5460835 0.481549 0.5874744 0.5450181 0.573518 0.481549 0.5874744 0.5178166 0.5460835 0.481549 0.5874744 0.5450181 0.573518 0.4909239 0.6148674 0.564247 0.6101415 0.4909239 0.6148674 0.5450181 0.573518 0.5178166 0.5460835 0.5852012 0.5283979 0.5450181 0.573518 0.5852012 0.5283979 0.5178166 0.5460835 0.5595195 0.5077748 0.6050464 0.5617673 0.5450181 0.573518 0.5852012 0.5283979 0.5450181 0.573518 0.6050464 0.5617673 0.564247 0.6101415 0.6324561 0.602619 0.564247 0.6101415 0.6050464 0.5617673 0.4909239 0.6148674 0.564247 0.6101415 0.5038758 0.651913 0.5812284 0.6429834 0.5038758 0.651913 0.564247 0.6101415 0.564247 0.6101415 0.6324561 0.602619 0.5812284 0.6429834 0.5038758 0.651913 0.5812284 0.6429834 0.5175209 0.6695931 0.5953948 0.6645538 0.5175209 0.6695931 0.5812284 0.6429834 0.5812284 0.6429834 0.6551097 0.6359403 0.5953948 0.6645538 0.6551097 0.6359403 0.5812284 0.6429834 0.6324561 0.602619 0.6679475 0.6590347 0.5953948 0.6645538 0.6551097 0.6359403 0.5175209 0.6695931 0.5953948 0.6645538 0.5288644 0.6877505 0.6052892 0.6828151 0.5288644 0.6877505 0.5953948 0.6645538 0.5953948 0.6645538 0.6679475 0.6590347 0.6052892 0.6828151 0.5288644 0.6877505 0.6052892 0.6828151 0.5371524 0.7110074 0.6139655 0.7066958 0.5371524 0.7110074 0.6052892 0.6828151 0.6052892 0.6828151 0.6764991 0.6779688 0.6139655 0.7066958 0.6764991 0.6779688 0.6052892 0.6828151 0.6679475 0.6590347 0.6856079 0.7028894 0.6139655 0.7066958 0.6764991 0.6779688 0.5371524 0.7110074 0.6139655 0.7066958 0.5409452 0.7336158 0.6183769 0.7297313 0.5409452 0.7336158 0.6139655 0.7066958 0.6139655 0.7066958 0.6856079 0.7028894 0.6183769 0.7297313 0.6183769 0.7297313 0.6157139 0.7531049 0.5409452 0.7336158 0.5388554 0.7564852 0.5409452 0.7336158 0.6157139 0.7531049 0.6157139 0.7531049 0.6088862 0.777727 0.5388554 0.7564852 0.6088862 0.777727 0.6157139 0.7531049 0.6802485 0.7755633 0.6873978 0.7499633 0.6802485 0.7755633 0.6157139 0.7531049 0.6157139 0.7531049 0.6183769 0.7297313 0.6873978 0.7499633 0.5323225 0.7804092 0.5388554 0.7564852 0.6088862 0.777727 0.6088862 0.777727 0.6003125 0.7968839 0.5323225 0.7804092 0.5223109 0.7995462 0.5323225 0.7804092 0.6003125 0.7968839 0.6003125 0.7968839 0.5877587 0.8197701 0.5223109 0.7995462 0.5877587 0.8197701 0.6003125 0.7968839 0.6620504 0.8192803 0.6731043 0.7951472 0.6620504 0.8192803 0.6003125 0.7968839 0.6802485 0.7755633 0.6731043 0.7951472 0.6088862 0.777727 0.6003125 0.7968839 0.6088862 0.777727 0.6731043 0.7951472 0.5099447 0.818442 0.5223109 0.7995462 0.5877587 0.8197701 0.690819 0.726245 0.6873978 0.7499633 0.6183769 0.7297313 0.690819 0.726245 0.6183769 0.7297313 0.6856079 0.7028894 0.5877587 0.8197701 0.5733907 0.8541426 0.5099447 0.818442 0.499764 0.856627 0.5099447 0.818442 0.5733907 0.8541426 0.5733907 0.8541426 0.5572386 0.8926059 0.499764 0.856627 0.4922927 0.8850212 0.499764 0.856627 0.5572386 0.8926059 0.5572386 0.8926059 0.5733907 0.8541426 0.6183692 0.8976402 0.6183692 0.8976402 0.6017636 0.9328048 0.5572386 0.8926059 0.5326048 0.9230539 0.5572386 0.8926059 0.6017636 0.9328048 0.5572386 0.8926059 0.5326048 0.9230539 0.4922927 0.8850212 0.6421887 0.8545004 0.6183692 0.8976402 0.5733907 0.8541426 0.6620504 0.8192803 0.6421887 0.8545004 0.5877587 0.8197701 0.5733907 0.8541426 0.5877587 0.8197701 0.6421887 0.8545004 0.4689366 0.9182475 0.4922927 0.8850212 0.5326048 0.9230539 0.5326048 0.9230539 0.5260814 0.9512309 0.4689366 0.9182475 0.4547234 0.947412 0.4689366 0.9182475 0.5260814 0.9512309 0.5260814 0.9512309 0.517359 0.9835122 0.4547234 0.947412 0.447124 0.9725853 0.4547234 0.947412 0.517359 0.9835122 0.517359 0.9835122 0.5260814 0.9512309 0.5744334 0.9905643 0.5786477 0.9565609 0.5744334 0.9905643 0.5260814 0.9512309 0.6017636 0.9328048 0.5786477 0.9565609 0.5326048 0.9230539 0.5260814 0.9512309 0.5326048 0.9230539 0.5786477 0.9565609 0.6183692 0.8976402 0.6265907 0.8996062 0.6017636 0.9328048 0.6094697 0.9343415 0.6017636 0.9328048 0.6265907 0.8996062 0.6017636 0.9328048 0.6094697 0.9343415 0.5786477 0.9565609 0.6094697 0.9343415 0.6265907 0.8996062 0.6184554 0.9365529 0.6344635 0.9030676 0.6184554 0.9365529 0.6265907 0.8996062 0.6344635 0.9030676 0.6265907 0.8996062 0.6551988 0.8606508 0.6486276 0.8560975 0.6551988 0.8606508 0.6265907 0.8996062 0.6184554 0.9365529 0.5943628 0.9569346 0.6094697 0.9343415 0.6184554 0.9365529 0.630021 0.9409699 0.5943628 0.9569346 0.630021 0.9409699 0.6184554 0.9365529 0.6344635 0.9030676 0.626625 0.9600096 0.5943628 0.9569346 0.630021 0.9409699 0.626625 0.9600096 0.6253366 0.9907652 0.5943628 0.9569346 0.593222 0.9908696 0.5943628 0.9569346 0.6253366 0.9907652 0.5943628 0.9569346 0.593222 0.9908696 0.5875026 0.9566525 0.5875026 0.9566525 0.6094697 0.9343415 0.5943628 0.9569346 0.5875026 0.9566525 0.5786477 0.9565609 0.6094697 0.9343415 0.5786477 0.9565609 0.5875026 0.9566525 0.5744334 0.9905643 0.5846876 0.990957 0.5875026 0.9566525 0.593222 0.9908696 0.5846876 0.990957 0.5744334 0.9905643 0.5875026 0.9566525 0.6551988 0.8606508 0.6486276 0.8560975 0.6753461 0.8228403 0.6677282 0.8198488 0.6753461 0.8228403 0.6486276 0.8560975 0.6753461 0.8228403 0.6677282 0.8198488 0.6847701 0.8005353 0.6778972 0.7963018 0.6847701 0.8005353 0.6677282 0.8198488 0.6847701 0.8005353 0.6778972 0.7963018 0.6917918 0.7795073 0.6845737 0.7762719 0.6917918 0.7795073 0.6778972 0.7963018 0.6917918 0.7795073 0.6845737 0.7762719 0.6988431 0.7519152 0.6914388 0.7501696 0.6988431 0.7519152 0.6845737 0.7762719 0.6988431 0.7519152 0.6914388 0.7501696 0.7020497 0.7256945 0.6946688 0.7260497 0.7020497 0.7256945 0.6914388 0.7501696 0.6845737 0.7762719 0.6802485 0.7755633 0.6914388 0.7501696 0.6873978 0.7499633 0.6914388 0.7501696 0.6802485 0.7755633 0.6914388 0.7501696 0.6873978 0.7499633 0.6946688 0.7260497 0.6677282 0.8198488 0.6620504 0.8192803 0.6778972 0.7963018 0.6731043 0.7951472 0.6778972 0.7963018 0.6620504 0.8192803 0.6802485 0.7755633 0.6845737 0.7762719 0.6731043 0.7951472 0.6778972 0.7963018 0.6731043 0.7951472 0.6845737 0.7762719 0.6620504 0.8192803 0.6677282 0.8198488 0.6421887 0.8545004 0.6486276 0.8560975 0.6421887 0.8545004 0.6677282 0.8198488 0.690819 0.726245 0.6946688 0.7260497 0.6873978 0.7499633 0.6421887 0.8545004 0.6486276 0.8560975 0.6183692 0.8976402 0.6265907 0.8996062 0.6183692 0.8976402 0.6486276 0.8560975 0.6946688 0.7260497 0.6895955 0.7022659 0.7020497 0.7256945 0.6968053 0.6998253 0.7020497 0.7256945 0.6895955 0.7022659 0.6895955 0.7022659 0.680711 0.6768165 0.6968053 0.6998253 0.6875869 0.6729135 0.6968053 0.6998253 0.680711 0.6768165 0.680711 0.6768165 0.6725334 0.6573897 0.6875869 0.6729135 0.6789556 0.6525127 0.6875869 0.6729135 0.6725334 0.6573897 0.6725334 0.6573897 0.6605846 0.6347271 0.6789556 0.6525127 0.6678002 0.6309828 0.6789556 0.6525127 0.6605846 0.6347271 0.6605846 0.6347271 0.6385202 0.6001925 0.6678002 0.6309828 0.6444982 0.594905 0.6678002 0.6309828 0.6385202 0.6001925 0.6385202 0.6001925 0.612869 0.5586437 0.6444982 0.594905 0.6201729 0.5540787 0.6444982 0.594905 0.612869 0.5586437 0.6201729 0.5540787 0.612869 0.5586437 0.6012669 0.5218494 0.592625 0.5255975 0.6012669 0.5218494 0.612869 0.5586437 0.6012669 0.5218494 0.592625 0.5255975 0.5746891 0.5046018 0.6012669 0.5218494 0.5746891 0.5046018 0.6122684 0.51599 0.6012669 0.5218494 0.6122684 0.51599 0.6201729 0.5540787 0.605679 0.4953877 0.6122684 0.51599 0.5746891 0.5046018 0.605679 0.4953877 0.5746891 0.5046018 0.5965073 0.4626887 0.5661573 0.4715145 0.5965073 0.4626887 0.5746891 0.5046018 0.5746891 0.5046018 0.5681227 0.5062603 0.5661573 0.4715145 0.5681227 0.5062603 0.5746891 0.5046018 0.592625 0.5255975 0.5588869 0.473299 0.5661573 0.4715145 0.5681227 0.5062603 0.592625 0.5255975 0.612869 0.5586437 0.5852012 0.5283979 0.6050464 0.5617673 0.5852012 0.5283979 0.612869 0.5586437 0.612869 0.5586437 0.6385202 0.6001925 0.6050464 0.5617673 0.5681227 0.5062603 0.592625 0.5255975 0.5595195 0.5077748 0.5852012 0.5283979 0.5595195 0.5077748 0.592625 0.5255975 0.5588869 0.473299 0.5681227 0.5062603 0.5501464 0.4753532 0.5595195 0.5077748 0.5501464 0.4753532 0.5681227 0.5062603 0.6324561 0.602619 0.6050464 0.5617673 0.6385202 0.6001925 0.6385202 0.6001925 0.6605846 0.6347271 0.6324561 0.602619 0.6551097 0.6359403 0.6324561 0.602619 0.6605846 0.6347271 0.6605846 0.6347271 0.6725334 0.6573897 0.6551097 0.6359403 0.6679475 0.6590347 0.6551097 0.6359403 0.6725334 0.6573897 0.6725334 0.6573897 0.680711 0.6768165 0.6679475 0.6590347 0.6764991 0.6779688 0.6679475 0.6590347 0.680711 0.6768165 0.680711 0.6768165 0.6895955 0.7022659 0.6764991 0.6779688 0.6856079 0.7028894 0.6764991 0.6779688 0.6895955 0.7022659 0.6895955 0.7022659 0.6946688 0.7260497 0.6856079 0.7028894 0.690819 0.726245 0.6856079 0.7028894 0.6946688 0.7260497 0.13919 0.4469547 0.1444517 0.4623682 0.1328929 0.4506758 0.1375788 0.4649057 0.1328929 0.4506758 0.1444517 0.4623682 0.13919 0.4469547 0.1328929 0.4506758 0.132657 0.434633 0.1259993 0.4390634 0.132657 0.434633 0.1328929 0.4506758 0.1444517 0.4623682 0.1460902 0.4765899 0.1375788 0.4649057 0.13883 0.4781815 0.1375788 0.4649057 0.1460902 0.4765899 0.1460902 0.4765899 0.1448063 0.4957237 0.13883 0.4781815 0.1375299 0.4969932 0.13883 0.4781815 0.1448063 0.4957237 0.1375299 0.4969932 0.1448063 0.4957237 0.1371473 0.5164144 0.1440206 0.5148887 0.1371473 0.5164144 0.1448063 0.4957237 0.1371473 0.5164144 0.1440206 0.5148887 0.1411536 0.5330101 0.1473637 0.5298305 0.1411536 0.5330101 0.1440206 0.5148887 0.1473637 0.5298305 0.1538483 0.5531798 0.1411536 0.5330101 0.1483633 0.5576016 0.1411536 0.5330101 0.1538483 0.5531798 0.1538483 0.5531798 0.1611667 0.5821212 0.1483633 0.5576016 0.1546065 0.5855287 0.1483633 0.5576016 0.1611667 0.5821212 0.1611667 0.5821212 0.1665818 0.6060206 0.1546065 0.5855287 0.1591578 0.6084778 0.1546065 0.5855287 0.1665818 0.6060206 0.1375299 0.4969932 0.1340767 0.4989253 0.13883 0.4781815 0.1354498 0.4800938 0.13883 0.4781815 0.1340767 0.4989253 0.1092148 0.5125219 0.1354498 0.4800938 0.1340767 0.4989253 0.1340767 0.4989253 0.1338517 0.5183519 0.1092148 0.5125219 0.1340767 0.4989253 0.1375299 0.4969932 0.1338517 0.5183519 0.1371473 0.5164144 0.1338517 0.5183519 0.1375299 0.4969932 0.1128289 0.5294424 0.1092148 0.5125219 0.1338517 0.5183519 0.1546065 0.5855287 0.1514865 0.5870691 0.1483633 0.5576016 0.1456624 0.5594811 0.1483633 0.5576016 0.1514865 0.5870691 0.1483633 0.5576016 0.1456624 0.5594811 0.1411536 0.5330101 0.1456624 0.5594811 0.1514865 0.5870691 0.112386 0.5790867 0.112386 0.5790867 0.09704816 0.5618066 0.1456624 0.5594811 0.1371723 0.5353764 0.1456624 0.5594811 0.09704816 0.5618066 0.1128289 0.5294424 0.1338517 0.5183519 0.1371723 0.5353764 0.09704816 0.5618066 0.112386 0.5790867 0.05545383 0.5982336 0.06205999 0.608793 0.05545383 0.5982336 0.112386 0.5790867 0.112386 0.5790867 0.1188066 0.5995815 0.06205999 0.608793 0.1188066 0.5995815 0.112386 0.5790867 0.1514865 0.5870691 0.1514865 0.5870691 0.1556008 0.6096444 0.1188066 0.5995815 0.1226236 0.6206219 0.1188066 0.5995815 0.1556008 0.6096444 0.06922811 0.6213527 0.06205999 0.608793 0.1188066 0.5995815 0.1188066 0.5995815 0.1226236 0.6206219 0.06922811 0.6213527 0.07556784 0.6365007 0.06922811 0.6213527 0.1226236 0.6206219 0.07194167 0.5661826 0.09704816 0.5618066 0.05545383 0.5982336 0.0455178 0.5858303 0.07194167 0.5661826 0.05545383 0.5982336 0.0455178 0.5858303 0.03236216 0.5710039 0.07194167 0.5661826 0.04809284 0.5561998 0.07194167 0.5661826 0.03236216 0.5710039 0.03236216 0.5710039 0.01885545 0.5593684 0.04809284 0.5561998 0.03181672 0.5421568 0.04809284 0.5561998 0.01885545 0.5593684 0.1226236 0.6206219 0.1556008 0.6096444 0.1321699 0.639712 0.1658037 0.6302052 0.1321699 0.639712 0.1556008 0.6096444 0.1321699 0.639712 0.1658037 0.6302052 0.1393592 0.659807 0.1393592 0.659807 0.08120936 0.6669104 0.1321699 0.639712 0.08120936 0.6669104 0.1393592 0.659807 0.0821067 0.6793736 0.1375163 0.6825269 0.0821067 0.6793736 0.1393592 0.659807 0.1393592 0.659807 0.1778834 0.6556877 0.1375163 0.6825269 0.1778834 0.6556877 0.1393592 0.659807 0.1658037 0.6302052 0.1858515 0.6799617 0.1375163 0.6825269 0.1778834 0.6556877 0.07951313 0.6524759 0.1321699 0.639712 0.08120936 0.6669104 0.1321699 0.639712 0.07951313 0.6524759 0.1226236 0.6206219 0.07556784 0.6365007 0.1226236 0.6206219 0.07951313 0.6524759 0.1375163 0.6825269 0.114573 0.6942897 0.0821067 0.6793736 0.114573 0.6942897 0.08151602 0.6955837 0.0821067 0.6793736 0.08151602 0.6955837 0.114573 0.6942897 0.08023858 0.7157463 0.1017988 0.7169085 0.08023858 0.7157463 0.114573 0.6942897 0.08023858 0.7157463 0.1017988 0.7169085 0.07756102 0.7336607 0.09814834 0.7385222 0.07756102 0.7336607 0.1017988 0.7169085 0.09814834 0.7385222 0.09173744 0.7594877 0.07756102 0.7336607 0.07194209 0.7508808 0.07756102 0.7336607 0.09173744 0.7594877 0.09173744 0.7594877 0.09303146 0.7854422 0.07194209 0.7508808 0.06407034 0.7694889 0.07194209 0.7508808 0.09303146 0.7854422 0.06407034 0.7694889 0.09303146 0.7854422 0.05733299 0.7842634 0.09303146 0.7854422 0.1082396 0.8062557 0.05733299 0.7842634 0.1082396 0.8062557 0.0996291 0.827491 0.05733299 0.7842634 0.0996291 0.827491 0.1082396 0.8062557 0.1323761 0.8481488 0.1503895 0.8300103 0.1323761 0.8481488 0.1082396 0.8062557 0.05093771 0.79505 0.05733299 0.7842634 0.0996291 0.827491 0.0996291 0.827491 0.08402311 0.8423962 0.05093771 0.79505 0.04278808 0.8072896 0.05093771 0.79505 0.08402311 0.8423962 0.1323761 0.8481488 0.1101496 0.8656637 0.0996291 0.827491 0.08402311 0.8423962 0.0996291 0.827491 0.1101496 0.8656637 0.1101496 0.8656637 0.09176188 0.8800111 0.08402311 0.8423962 0.06674832 0.8553937 0.08402311 0.8423962 0.09176188 0.8800111 0.08402311 0.8423962 0.06674832 0.8553937 0.04278808 0.8072896 0.0314123 0.819826 0.04278808 0.8072896 0.06674832 0.8553937 0.1323761 0.8481488 0.1354278 0.8495711 0.1101496 0.8656637 0.1131165 0.8674088 0.1101496 0.8656637 0.1354278 0.8495711 0.1101496 0.8656637 0.1131165 0.8674088 0.09176188 0.8800111 0.1131165 0.8674088 0.1354278 0.8495711 0.1193088 0.8714948 0.1193088 0.8714948 0.1017309 0.8869087 0.1131165 0.8674088 0.09515136 0.8822995 0.1131165 0.8674088 0.1017309 0.8869087 0.09515136 0.8822995 0.09176188 0.8800111 0.1131165 0.8674088 0.1418914 0.8524844 0.1193088 0.8714948 0.1354278 0.8495711 0.1354278 0.8495711 0.154504 0.8323753 0.1418914 0.8524844 0.1503895 0.8300103 0.154504 0.8323753 0.1323761 0.8481488 0.1354278 0.8495711 0.1323761 0.8481488 0.154504 0.8323753 0.1601731 0.8365076 0.1418914 0.8524844 0.154504 0.8323753 0.1601731 0.8365076 0.154504 0.8323753 0.1723541 0.826728 0.1677868 0.8213458 0.1723541 0.826728 0.154504 0.8323753 0.1723541 0.826728 0.1677868 0.8213458 0.1900036 0.8181037 0.1853508 0.8123763 0.1900036 0.8181037 0.1677868 0.8213458 0.1853508 0.8123763 0.2027027 0.8040709 0.1900036 0.8181037 0.2077007 0.8094835 0.1900036 0.8181037 0.2027027 0.8040709 0.2027027 0.8040709 0.2138057 0.7958937 0.2077007 0.8094835 0.2194514 0.8004615 0.2077007 0.8094835 0.2138057 0.7958937 0.2138057 0.7958937 0.2238172 0.7840927 0.2194514 0.8004615 0.2301428 0.7876838 0.2194514 0.8004615 0.2238172 0.7840927 0.2301428 0.7876838 0.2238172 0.7840927 0.2375036 0.7756776 0.2303388 0.7719768 0.2375036 0.7756776 0.2238172 0.7840927 0.2138057 0.7958937 0.2108104 0.7943366 0.2238172 0.7840927 0.2210474 0.7825125 0.2238172 0.7840927 0.2108104 0.7943366 0.2238172 0.7840927 0.2210474 0.7825125 0.2303388 0.7719768 0.1835242 0.7789382 0.2210474 0.7825125 0.2108104 0.7943366 0.1853508 0.8123763 0.1819257 0.8103424 0.2027027 0.8040709 0.1993687 0.8023046 0.2027027 0.8040709 0.1819257 0.8103424 0.2108104 0.7943366 0.2138057 0.7958937 0.1993687 0.8023046 0.2027027 0.8040709 0.1993687 0.8023046 0.2138057 0.7958937 0.1835242 0.7789382 0.2108104 0.7943366 0.1993687 0.8023046 0.1580386 0.7952192 0.1993687 0.8023046 0.1819257 0.8103424 0.1580386 0.7952192 0.1835242 0.7789382 0.1993687 0.8023046 0.1819257 0.8103424 0.1644164 0.8193744 0.1580386 0.7952192 0.1819257 0.8103424 0.1853508 0.8123763 0.1644164 0.8193744 0.144636 0.8059999 0.1580386 0.7952192 0.1644164 0.8193744 0.2263111 0.7687604 0.2303388 0.7719768 0.2210474 0.7825125 0.1580386 0.7952192 0.13236 0.7827139 0.1835242 0.7789382 0.1580386 0.7952192 0.144636 0.8059999 0.13236 0.7827139 0.1435962 0.7628682 0.1835242 0.7789382 0.13236 0.7827139 0.1435962 0.7628682 0.1478319 0.7502412 0.1835242 0.7789382 0.1923354 0.7607358 0.1835242 0.7789382 0.1478319 0.7502412 0.1923354 0.7607358 0.2263111 0.7687604 0.2210474 0.7825125 0.1835242 0.7789382 0.1923354 0.7607358 0.2210474 0.7825125 0.1211709 0.7941478 0.13236 0.7827139 0.144636 0.8059999 0.1211709 0.7941478 0.144636 0.8059999 0.1082396 0.8062557 0.1503895 0.8300103 0.1082396 0.8062557 0.144636 0.8059999 0.1082396 0.8062557 0.09303146 0.7854422 0.1211709 0.7941478 0.1123585 0.7838267 0.1211709 0.7941478 0.09303146 0.7854422 0.1211709 0.7941478 0.1123585 0.7838267 0.13236 0.7827139 0.09303146 0.7854422 0.09173744 0.7594877 0.1123585 0.7838267 0.1124944 0.7675817 0.1123585 0.7838267 0.09173744 0.7594877 0.1124944 0.7675817 0.13236 0.7827139 0.1123585 0.7838267 0.09173744 0.7594877 0.09814834 0.7385222 0.1124944 0.7675817 0.1170596 0.7429844 0.1124944 0.7675817 0.09814834 0.7385222 0.1435962 0.7628682 0.13236 0.7827139 0.1170596 0.7429844 0.1124944 0.7675817 0.1170596 0.7429844 0.13236 0.7827139 0.1478319 0.7502412 0.1435962 0.7628682 0.1170596 0.7429844 0.144636 0.8059999 0.1644164 0.8193744 0.1503895 0.8300103 0.1644164 0.8193744 0.1677868 0.8213458 0.1503895 0.8300103 0.1677868 0.8213458 0.1644164 0.8193744 0.1853508 0.8123763 0.154504 0.8323753 0.1503895 0.8300103 0.1677868 0.8213458 0.1170596 0.7429844 0.09814834 0.7385222 0.1239922 0.7189537 0.1017988 0.7169085 0.1239922 0.7189537 0.09814834 0.7385222 0.1239922 0.7189537 0.1017988 0.7169085 0.131142 0.704376 0.114573 0.6942897 0.131142 0.704376 0.1017988 0.7169085 0.131142 0.704376 0.114573 0.6942897 0.1436561 0.6990831 0.1375163 0.6825269 0.1436561 0.6990831 0.114573 0.6942897 0.1436561 0.6990831 0.1375163 0.6825269 0.1699575 0.6989104 0.1858515 0.6799617 0.1699575 0.6989104 0.1375163 0.6825269 0.1436561 0.6990831 0.1699575 0.6989104 0.1485389 0.7142888 0.1239922 0.7189537 0.131142 0.704376 0.1485389 0.7142888 0.1436561 0.6990831 0.1485389 0.7142888 0.131142 0.704376 0.1239922 0.7189537 0.1485389 0.7142888 0.1170596 0.7429844 0.1771087 0.7145475 0.1485389 0.7142888 0.1699575 0.6989104 0.1699575 0.6989104 0.1936343 0.6957494 0.1771087 0.7145475 0.2052469 0.7116728 0.1771087 0.7145475 0.1936343 0.6957494 0.2172273 0.7266955 0.1771087 0.7145475 0.2052469 0.7116728 0.2172273 0.7266955 0.2052469 0.7116728 0.2209825 0.7266132 0.2092286 0.7113715 0.2209825 0.7266132 0.2052469 0.7116728 0.2052469 0.7116728 0.1936343 0.6957494 0.2092286 0.7113715 0.2092286 0.7113715 0.2159649 0.7083401 0.2209825 0.7266132 0.2278735 0.7240257 0.2209825 0.7266132 0.2159649 0.7083401 0.2209825 0.7266132 0.2278735 0.7240257 0.2272632 0.738898 0.2209825 0.7266132 0.2272632 0.738898 0.2172273 0.7266955 0.2343534 0.737339 0.2272632 0.738898 0.2278735 0.7240257 0.2272632 0.738898 0.2343534 0.737339 0.2309399 0.7539321 0.2382031 0.7535496 0.2309399 0.7539321 0.2343534 0.737339 0.2382031 0.7535496 0.2394156 0.767581 0.2309399 0.7539321 0.2313517 0.7676858 0.2309399 0.7539321 0.2394156 0.767581 0.2092286 0.7113715 0.1975369 0.6954725 0.2159649 0.7083401 0.1975369 0.6954725 0.2092286 0.7113715 0.1936343 0.6957494 0.2040324 0.6926951 0.2159649 0.7083401 0.1975369 0.6954725 0.1975369 0.6954725 0.1905847 0.6796339 0.2040324 0.6926951 0.1975002 0.6784531 0.2040324 0.6926951 0.1905847 0.6796339 0.1975002 0.6784531 0.1905847 0.6796339 0.1882977 0.6558629 0.1812291 0.655647 0.1882977 0.6558629 0.1905847 0.6796339 0.1882977 0.6558629 0.1812291 0.655647 0.1765115 0.6284099 0.1691964 0.6296311 0.1765115 0.6284099 0.1812291 0.655647 0.1765115 0.6284099 0.1691964 0.6296311 0.1665818 0.6060206 0.1591578 0.6084778 0.1665818 0.6060206 0.1691964 0.6296311 0.2272632 0.738898 0.2309399 0.7539321 0.2238914 0.7389483 0.2277572 0.754106 0.2238914 0.7389483 0.2309399 0.7539321 0.2277572 0.754106 0.1926035 0.740514 0.2238914 0.7389483 0.1691964 0.6296311 0.1812291 0.655647 0.1658037 0.6302052 0.1778834 0.6556877 0.1658037 0.6302052 0.1812291 0.655647 0.1812291 0.655647 0.1905847 0.6796339 0.1778834 0.6556877 0.1858515 0.6799617 0.1778834 0.6556877 0.1905847 0.6796339 0.2238914 0.7389483 0.2172273 0.7266955 0.2272632 0.738898 0.2238914 0.7389483 0.1926035 0.740514 0.2172273 0.7266955 0.1591578 0.6084778 0.1691964 0.6296311 0.1556008 0.6096444 0.1658037 0.6302052 0.1556008 0.6096444 0.1691964 0.6296311 0.1591578 0.6084778 0.1556008 0.6096444 0.1546065 0.5855287 0.1514865 0.5870691 0.1546065 0.5855287 0.1556008 0.6096444 0.1923354 0.7607358 0.1926035 0.740514 0.2277572 0.754106 0.1923354 0.7607358 0.1478319 0.7502412 0.1926035 0.740514 0.1497 0.7370555 0.1926035 0.740514 0.1478319 0.7502412 0.1497 0.7370555 0.1485389 0.7142888 0.1926035 0.740514 0.1771087 0.7145475 0.1926035 0.740514 0.1485389 0.7142888 0.1926035 0.740514 0.1771087 0.7145475 0.2172273 0.7266955 0.1497 0.7370555 0.1170596 0.7429844 0.1485389 0.7142888 0.1497 0.7370555 0.1478319 0.7502412 0.1170596 0.7429844 0.2263111 0.7687604 0.1923354 0.7607358 0.2277572 0.754106 0.2263111 0.7687604 0.2277572 0.754106 0.2313517 0.7676858 0.2309399 0.7539321 0.2313517 0.7676858 0.2277572 0.754106 0.1905847 0.6796339 0.1975369 0.6954725 0.1858515 0.6799617 0.1936343 0.6957494 0.1858515 0.6799617 0.1975369 0.6954725 0.1936343 0.6957494 0.1699575 0.6989104 0.1858515 0.6799617 0.2923289 0.3401352 0.2967723 0.3608842 0.2864313 0.3423306 0.2907679 0.3616894 0.2864313 0.3423306 0.2967723 0.3608842 0.2923289 0.3401352 0.2864313 0.3423306 0.2836771 0.3236227 0.2778738 0.326207 0.2836771 0.3236227 0.2864313 0.3423306 0.2967723 0.3608842 0.2964006 0.3791662 0.2907679 0.3616894 0.2901272 0.3789538 0.2907679 0.3616894 0.2964006 0.3791662 0.2964006 0.3791662 0.2928768 0.3997229 0.2901272 0.3789538 0.2857034 0.4012061 0.2901272 0.3789538 0.2928768 0.3997229 0.2857034 0.4012061 0.2928768 0.3997229 0.289357 0.4281267 0.2959371 0.4284559 0.289357 0.4281267 0.2928768 0.3997229 0.289357 0.4281267 0.2959371 0.4284559 0.2918246 0.4520946 0.2980261 0.4512233 0.2918246 0.4520946 0.2959371 0.4284559 0.2980261 0.4512233 0.2886586 0.4861404 0.2918246 0.4520946 0.2816911 0.4889109 0.2918246 0.4520946 0.2886586 0.4861404 0.2886586 0.4861404 0.2870342 0.5182027 0.2816911 0.4889109 0.2797704 0.5208409 0.2816911 0.4889109 0.2870342 0.5182027 0.2870342 0.5182027 0.2895239 0.5440534 0.2797704 0.5208409 0.281639 0.5463123 0.2797704 0.5208409 0.2895239 0.5440534 0.2857034 0.4012061 0.2795899 0.4039082 0.2901272 0.3789538 0.2844939 0.3807472 0.2901272 0.3789538 0.2795899 0.4039082 0.2844939 0.3807472 0.2795899 0.4039082 0.235831 0.4106047 0.2300701 0.4316151 0.235831 0.4106047 0.2795899 0.4039082 0.235831 0.4106047 0.2300701 0.4316151 0.1814115 0.4428475 0.1814115 0.4428475 0.1834865 0.4300829 0.235831 0.4106047 0.2373353 0.3952201 0.235831 0.4106047 0.1834865 0.4300829 0.235831 0.4106047 0.2373353 0.3952201 0.2844939 0.3807472 0.1834865 0.4300829 0.1808053 0.4154473 0.2373353 0.3952201 0.233483 0.3779186 0.2373353 0.3952201 0.1808053 0.4154473 0.2373353 0.3952201 0.233483 0.3779186 0.2857345 0.3637695 0.2857345 0.3637695 0.2844939 0.3807472 0.2373353 0.3952201 0.2814206 0.344805 0.2857345 0.3637695 0.233483 0.3779186 0.1808053 0.4154473 0.1726248 0.4050798 0.233483 0.3779186 0.2244247 0.3648139 0.233483 0.3779186 0.1726248 0.4050798 0.233483 0.3779186 0.2244247 0.3648139 0.2814206 0.344805 0.1761172 0.4599739 0.1814115 0.4428475 0.2300701 0.4316151 0.2722456 0.3291594 0.2814206 0.344805 0.2244247 0.3648139 0.2300701 0.4316151 0.2346439 0.4522429 0.1761172 0.4599739 0.1710709 0.4775833 0.1761172 0.4599739 0.2346439 0.4522429 0.2346439 0.4522429 0.2367168 0.4701279 0.1710709 0.4775833 0.1692408 0.4939358 0.1710709 0.4775833 0.2367168 0.4701279 0.2367168 0.4701279 0.2346439 0.4522429 0.2852167 0.4538429 0.2852167 0.4538429 0.275775 0.4910892 0.2367168 0.4701279 0.2265155 0.5034081 0.2367168 0.4701279 0.275775 0.4910892 0.2367168 0.4701279 0.2265155 0.5034081 0.1692408 0.4939358 0.2831057 0.4296863 0.2852167 0.4538429 0.2346439 0.4522429 0.1709015 0.5195636 0.1692408 0.4939358 0.2265155 0.5034081 0.2265155 0.5034081 0.2302803 0.5334968 0.1709015 0.5195636 0.1703733 0.5493475 0.1709015 0.5195636 0.2302803 0.5334968 0.2302803 0.5334968 0.2311179 0.5598381 0.1703733 0.5493475 0.1712427 0.5747632 0.1703733 0.5493475 0.2311179 0.5598381 0.2311179 0.5598381 0.2302803 0.5334968 0.2757227 0.5481786 0.274022 0.5229904 0.2757227 0.5481786 0.2302803 0.5334968 0.275775 0.4910892 0.274022 0.5229904 0.2265155 0.5034081 0.2302803 0.5334968 0.2265155 0.5034081 0.274022 0.5229904 0.2346439 0.4522429 0.2300701 0.4316151 0.2831057 0.4296863 0.2795899 0.4039082 0.2831057 0.4296863 0.2300701 0.4316151 0.2852167 0.4538429 0.2918246 0.4520946 0.275775 0.4910892 0.2816911 0.4889109 0.275775 0.4910892 0.2918246 0.4520946 0.275775 0.4910892 0.2816911 0.4889109 0.274022 0.5229904 0.2795899 0.4039082 0.2857034 0.4012061 0.2831057 0.4296863 0.289357 0.4281267 0.2831057 0.4296863 0.2857034 0.4012061 0.2797704 0.5208409 0.274022 0.5229904 0.2816911 0.4889109 0.274022 0.5229904 0.2797704 0.5208409 0.2757227 0.5481786 0.281639 0.5463123 0.2757227 0.5481786 0.2797704 0.5208409 0.2831057 0.4296863 0.289357 0.4281267 0.2852167 0.4538429 0.2918246 0.4520946 0.2852167 0.4538429 0.289357 0.4281267 0.1712427 0.5747632 0.2311179 0.5598381 0.1821095 0.5984524 0.2423289 0.5837752 0.1821095 0.5984524 0.2311179 0.5598381 0.2311179 0.5598381 0.2757227 0.5481786 0.2423289 0.5837752 0.285671 0.5711586 0.2423289 0.5837752 0.2757227 0.5481786 0.1821095 0.5984524 0.2423289 0.5837752 0.1969169 0.625876 0.2533388 0.6125098 0.1969169 0.625876 0.2423289 0.5837752 0.2423289 0.5837752 0.285671 0.5711586 0.2533388 0.6125098 0.1969169 0.625876 0.2533388 0.6125098 0.208102 0.6507908 0.2784226 0.6372778 0.208102 0.6507908 0.2533388 0.6125098 0.208102 0.6507908 0.2784226 0.6372778 0.2177939 0.6668786 0.2853017 0.6547958 0.2177939 0.6668786 0.2784226 0.6372778 0.2533388 0.6125098 0.3022652 0.5980874 0.2784226 0.6372778 0.3022652 0.5980874 0.2533388 0.6125098 0.285671 0.5711586 0.3284787 0.6256776 0.2784226 0.6372778 0.3022652 0.5980874 0.2784226 0.6372778 0.3284787 0.6256776 0.2853017 0.6547958 0.3384855 0.6475167 0.2853017 0.6547958 0.3284787 0.6256776 0.2177939 0.6668786 0.2853017 0.6547958 0.231374 0.6826319 0.2919968 0.6756626 0.231374 0.6826319 0.2853017 0.6547958 0.2853017 0.6547958 0.3384855 0.6475167 0.2919968 0.6756626 0.231374 0.6826319 0.2919968 0.6756626 0.2451152 0.6970096 0.3080595 0.6910414 0.2451152 0.6970096 0.2919968 0.6756626 0.2919968 0.6756626 0.3486181 0.6713557 0.3080595 0.6910414 0.3486181 0.6713557 0.2919968 0.6756626 0.3384855 0.6475167 0.3649642 0.6883072 0.3080595 0.6910414 0.3486181 0.6713557 0.2451152 0.6970096 0.3080595 0.6910414 0.2538975 0.7091163 0.3177845 0.7041694 0.2538975 0.7091163 0.3080595 0.6910414 0.3080595 0.6910414 0.3649642 0.6883072 0.3177845 0.7041694 0.2538975 0.7091163 0.3177845 0.7041694 0.2603987 0.7252728 0.3247899 0.721891 0.2603987 0.7252728 0.3177845 0.7041694 0.3177845 0.7041694 0.3752185 0.7019713 0.3247899 0.721891 0.3752185 0.7019713 0.3177845 0.7041694 0.3649642 0.6883072 0.3825425 0.7201147 0.3247899 0.721891 0.3752185 0.7019713 0.2603987 0.7252728 0.3247899 0.721891 0.2605799 0.7414529 0.3258106 0.7393277 0.2605799 0.7414529 0.3247899 0.721891 0.3247899 0.721891 0.3825425 0.7201147 0.3258106 0.7393277 0.3258106 0.7393277 0.3262717 0.7567315 0.2605799 0.7414529 0.2617925 0.7575147 0.2605799 0.7414529 0.3262717 0.7567315 0.3262717 0.7567315 0.3207532 0.7746634 0.2617925 0.7575147 0.3207532 0.7746634 0.3262717 0.7567315 0.3782127 0.7744867 0.3840427 0.7558967 0.3782127 0.7744867 0.3262717 0.7567315 0.3262717 0.7567315 0.3258106 0.7393277 0.3840427 0.7558967 0.256689 0.7737799 0.2617925 0.7575147 0.3207532 0.7746634 0.3207532 0.7746634 0.3122252 0.7880685 0.256689 0.7737799 0.2490358 0.785917 0.256689 0.7737799 0.3122252 0.7880685 0.3122252 0.7880685 0.2974537 0.8039794 0.2490358 0.785917 0.2974537 0.8039794 0.3122252 0.7880685 0.3540979 0.8065516 0.3691524 0.7887602 0.3540979 0.8065516 0.3122252 0.7880685 0.3782127 0.7744867 0.3691524 0.7887602 0.3207532 0.7746634 0.3122252 0.7880685 0.3207532 0.7746634 0.3691524 0.7887602 0.236569 0.8002682 0.2490358 0.785917 0.2974537 0.8039794 0.3844607 0.7379626 0.3840427 0.7558967 0.3258106 0.7393277 0.3844607 0.7379626 0.3258106 0.7393277 0.3825425 0.7201147 0.2974537 0.8039794 0.2921961 0.8248135 0.236569 0.8002682 0.2242981 0.8154195 0.236569 0.8002682 0.2921961 0.8248135 0.2921961 0.8248135 0.2864319 0.842124 0.2242981 0.8154195 0.2158432 0.830159 0.2242981 0.8154195 0.2864319 0.842124 0.2864319 0.842124 0.2921961 0.8248135 0.3366191 0.8531635 0.3366191 0.8531635 0.3112967 0.8815873 0.2864319 0.842124 0.262328 0.8666956 0.2864319 0.842124 0.3112967 0.8815873 0.2864319 0.842124 0.262328 0.8666956 0.2158432 0.830159 0.3454749 0.8308887 0.3366191 0.8531635 0.2921961 0.8248135 0.3540979 0.8065516 0.3454749 0.8308887 0.2974537 0.8039794 0.2921961 0.8248135 0.2974537 0.8039794 0.3454749 0.8308887 0.2059342 0.853056 0.2158432 0.830159 0.262328 0.8666956 0.262328 0.8666956 0.2513948 0.894614 0.2059342 0.853056 0.1917124 0.8773511 0.2059342 0.853056 0.2513948 0.894614 0.2513948 0.894614 0.2391064 0.9171939 0.1917124 0.8773511 0.1805024 0.8969231 0.1917124 0.8773511 0.2391064 0.9171939 0.2391064 0.9171939 0.2513948 0.894614 0.2836939 0.9323041 0.2946446 0.9089001 0.2836939 0.9323041 0.2513948 0.894614 0.3112967 0.8815873 0.2946446 0.9089001 0.262328 0.8666956 0.2513948 0.894614 0.262328 0.8666956 0.2946446 0.9089001 0.3366191 0.8531635 0.343518 0.855408 0.3112967 0.8815873 0.3179159 0.8833556 0.3112967 0.8815873 0.343518 0.855408 0.3112967 0.8815873 0.3179159 0.8833556 0.2946446 0.9089001 0.3179159 0.8833556 0.343518 0.855408 0.3258696 0.8849251 0.3497104 0.858343 0.3258696 0.8849251 0.343518 0.855408 0.3497104 0.858343 0.343518 0.855408 0.3576184 0.83702 0.3518459 0.8330506 0.3576184 0.83702 0.343518 0.855408 0.3258696 0.8849251 0.3098075 0.9122308 0.3179159 0.8833556 0.3013547 0.9105387 0.3179159 0.8833556 0.3098075 0.9122308 0.3013547 0.9105387 0.2946446 0.9089001 0.3179159 0.8833556 0.2946446 0.9089001 0.3013547 0.9105387 0.2836939 0.9323041 0.3098075 0.9122308 0.29989 0.9355505 0.3013547 0.9105387 0.2909037 0.9339829 0.3013547 0.9105387 0.29989 0.9355505 0.2909037 0.9339829 0.2836939 0.9323041 0.3013547 0.9105387 0.3576184 0.83702 0.3518459 0.8330506 0.3675872 0.8100102 0.3606178 0.8075534 0.3675872 0.8100102 0.3518459 0.8330506 0.3606178 0.8075534 0.3746657 0.7900364 0.3675872 0.8100102 0.3797578 0.793444 0.3675872 0.8100102 0.3746657 0.7900364 0.3746657 0.7900364 0.3832198 0.7751658 0.3797578 0.793444 0.388342 0.7774943 0.3797578 0.793444 0.3832198 0.7751658 0.3832198 0.7751658 0.3889717 0.7561378 0.388342 0.7774943 0.3943832 0.7570239 0.388342 0.7774943 0.3889717 0.7561378 0.3943832 0.7570239 0.3889717 0.7561378 0.3949747 0.7377195 0.3895982 0.7378367 0.3949747 0.7377195 0.3889717 0.7561378 0.3832198 0.7751658 0.3782127 0.7744867 0.3889717 0.7561378 0.3840427 0.7558967 0.3889717 0.7561378 0.3782127 0.7744867 0.3889717 0.7561378 0.3840427 0.7558967 0.3895982 0.7378367 0.3606178 0.8075534 0.3540979 0.8065516 0.3746657 0.7900364 0.3691524 0.7887602 0.3746657 0.7900364 0.3540979 0.8065516 0.3782127 0.7744867 0.3832198 0.7751658 0.3691524 0.7887602 0.3746657 0.7900364 0.3691524 0.7887602 0.3832198 0.7751658 0.3540979 0.8065516 0.3606178 0.8075534 0.3454749 0.8308887 0.3518459 0.8330506 0.3454749 0.8308887 0.3606178 0.8075534 0.3844607 0.7379626 0.3895982 0.7378367 0.3840427 0.7558967 0.3454749 0.8308887 0.3518459 0.8330506 0.3366191 0.8531635 0.343518 0.855408 0.3366191 0.8531635 0.3518459 0.8330506 0.3895982 0.7378367 0.387468 0.7196284 0.3949747 0.7377195 0.3928411 0.7185224 0.3949747 0.7377195 0.387468 0.7196284 0.3928411 0.7185224 0.387468 0.7196284 0.3852328 0.6985069 0.3802044 0.7010491 0.3852328 0.6985069 0.387468 0.7196284 0.3852328 0.6985069 0.3802044 0.7010491 0.3754039 0.6831814 0.3704636 0.6867938 0.3754039 0.6831814 0.3802044 0.7010491 0.3754039 0.6831814 0.3704636 0.6867938 0.3620329 0.6674765 0.3551754 0.6701979 0.3620329 0.6674765 0.3704636 0.6867938 0.3551754 0.6701979 0.3447916 0.64527 0.3620329 0.6674765 0.35039 0.6412078 0.3620329 0.6674765 0.3447916 0.64527 0.3447916 0.64527 0.3352743 0.62339 0.35039 0.6412078 0.3412486 0.6204495 0.35039 0.6412078 0.3352743 0.62339 0.3412486 0.6204495 0.3352743 0.62339 0.3162322 0.5948934 0.3086301 0.5964777 0.3162322 0.5948934 0.3352743 0.62339 0.3162322 0.5948934 0.3086301 0.5964777 0.2995068 0.5678594 0.2918054 0.5696026 0.2995068 0.5678594 0.3086301 0.5964777 0.2995068 0.5678594 0.2918054 0.5696026 0.2895239 0.5440534 0.281639 0.5463123 0.2895239 0.5440534 0.2918054 0.5696026 0.3551754 0.6701979 0.3704636 0.6867938 0.3486181 0.6713557 0.3649642 0.6883072 0.3486181 0.6713557 0.3704636 0.6867938 0.3086301 0.5964777 0.3352743 0.62339 0.3022652 0.5980874 0.3284787 0.6256776 0.3022652 0.5980874 0.3352743 0.62339 0.3352743 0.62339 0.3447916 0.64527 0.3284787 0.6256776 0.3447916 0.64527 0.3551754 0.6701979 0.3384855 0.6475167 0.3486181 0.6713557 0.3384855 0.6475167 0.3551754 0.6701979 0.3384855 0.6475167 0.3284787 0.6256776 0.3447916 0.64527 0.2918054 0.5696026 0.3086301 0.5964777 0.285671 0.5711586 0.3022652 0.5980874 0.285671 0.5711586 0.3086301 0.5964777 0.281639 0.5463123 0.2918054 0.5696026 0.2757227 0.5481786 0.285671 0.5711586 0.2757227 0.5481786 0.2918054 0.5696026 0.3704636 0.6867938 0.3802044 0.7010491 0.3649642 0.6883072 0.3752185 0.7019713 0.3649642 0.6883072 0.3802044 0.7010491 0.3802044 0.7010491 0.387468 0.7196284 0.3752185 0.7019713 0.3825425 0.7201147 0.3752185 0.7019713 0.387468 0.7196284 0.387468 0.7196284 0.3895982 0.7378367 0.3825425 0.7201147 0.3844607 0.7379626 0.3825425 0.7201147 0.3895982 0.7378367 0.427378 0.2924395 0.4184753 0.2914901 0.4243045 0.2674774 0.4184753 0.2914901 0.427378 0.2924395 0.417873 0.3123538 0.4261819 0.3147185 0.417873 0.3123538 0.427378 0.2924395 0.417873 0.3123538 0.4261819 0.3147185 0.414494 0.3372097 0.4229736 0.337934 0.414494 0.3372097 0.4261819 0.3147185 0.414494 0.3372097 0.4229736 0.337934 0.4218696 0.3750231 0.4289619 0.3778396 0.4218696 0.3750231 0.4229736 0.337934 0.4218696 0.3750231 0.4289619 0.3778396 0.4277025 0.4066545 0.4339333 0.4072416 0.4277025 0.4066545 0.4289619 0.3778396 0.4339333 0.4072416 0.4261788 0.4471409 0.4277025 0.4066545 0.4182434 0.4496099 0.4277025 0.4066545 0.4261788 0.4471409 0.4261788 0.4471409 0.4252044 0.4794663 0.4182434 0.4496099 0.4171487 0.4821265 0.4182434 0.4496099 0.4252044 0.4794663 0.4252044 0.4794663 0.4284522 0.5056096 0.4171487 0.4821265 0.4204312 0.5077063 0.4171487 0.4821265 0.4284522 0.5056096 0.414494 0.3372097 0.4083931 0.3388254 0.417873 0.3123538 0.4122389 0.3131764 0.417873 0.3123538 0.4083931 0.3388254 0.4122389 0.3131764 0.4083931 0.3388254 0.3560973 0.3436321 0.3519756 0.368079 0.3560973 0.3436321 0.4083931 0.3388254 0.3560973 0.3436321 0.3519756 0.368079 0.2964006 0.3791662 0.2964006 0.3791662 0.2967723 0.3608842 0.3560973 0.3436321 0.3571379 0.3243652 0.3560973 0.3436321 0.2967723 0.3608842 0.3560973 0.3436321 0.3571379 0.3243652 0.4122389 0.3131764 0.2967723 0.3608842 0.2923289 0.3401352 0.3571379 0.3243652 0.3525037 0.302743 0.3571379 0.3243652 0.2923289 0.3401352 0.3571379 0.3243652 0.3525037 0.302743 0.4134614 0.2925463 0.4134614 0.2925463 0.4122389 0.3131764 0.3571379 0.3243652 0.4086348 0.2694081 0.4134614 0.2925463 0.3525037 0.302743 0.2923289 0.3401352 0.2836771 0.3236227 0.3525037 0.302743 0.3433893 0.2844886 0.3525037 0.302743 0.2836771 0.3236227 0.3525037 0.302743 0.3433893 0.2844886 0.4086348 0.2694081 0.2928768 0.3997229 0.2964006 0.3791662 0.3519756 0.368079 0.3960347 0.2505097 0.4086348 0.2694081 0.3433893 0.2844886 0.3519756 0.368079 0.3572635 0.3989942 0.2928768 0.3997229 0.2959371 0.4284559 0.2928768 0.3997229 0.3572635 0.3989942 0.3572635 0.3989942 0.3613735 0.4276913 0.2959371 0.4284559 0.2980261 0.4512233 0.2959371 0.4284559 0.3613735 0.4276913 0.3613735 0.4276913 0.3572635 0.3989942 0.421524 0.4076285 0.421524 0.4076285 0.4126178 0.4512391 0.3613735 0.4276913 0.3522733 0.4662399 0.3613735 0.4276913 0.4126178 0.4512391 0.3613735 0.4276913 0.3522733 0.4662399 0.2980261 0.4512233 0.4157078 0.3754985 0.421524 0.4076285 0.3572635 0.3989942 0.2886586 0.4861404 0.2980261 0.4512233 0.3522733 0.4662399 0.3522733 0.4662399 0.3543555 0.4982042 0.2886586 0.4861404 0.2870342 0.5182027 0.2886586 0.4861404 0.3543555 0.4982042 0.3543555 0.4982042 0.3541029 0.525968 0.2870342 0.5182027 0.2895239 0.5440534 0.2870342 0.5182027 0.3541029 0.525968 0.3541029 0.525968 0.3543555 0.4982042 0.4147666 0.5092757 0.4117273 0.483844 0.4147666 0.5092757 0.3543555 0.4982042 0.4126178 0.4512391 0.4117273 0.483844 0.3522733 0.4662399 0.3543555 0.4982042 0.3522733 0.4662399 0.4117273 0.483844 0.3572635 0.3989942 0.3519756 0.368079 0.4157078 0.3754985 0.4083931 0.3388254 0.4157078 0.3754985 0.3519756 0.368079 0.421524 0.4076285 0.4277025 0.4066545 0.4126178 0.4512391 0.4182434 0.4496099 0.4126178 0.4512391 0.4277025 0.4066545 0.4126178 0.4512391 0.4182434 0.4496099 0.4117273 0.483844 0.4083931 0.3388254 0.414494 0.3372097 0.4157078 0.3754985 0.4218696 0.3750231 0.4157078 0.3754985 0.414494 0.3372097 0.4171487 0.4821265 0.4117273 0.483844 0.4182434 0.4496099 0.4117273 0.483844 0.4171487 0.4821265 0.4147666 0.5092757 0.4204312 0.5077063 0.4147666 0.5092757 0.4171487 0.4821265 0.4157078 0.3754985 0.4218696 0.3750231 0.421524 0.4076285 0.4277025 0.4066545 0.421524 0.4076285 0.4218696 0.3750231 0.2895239 0.5440534 0.3541029 0.525968 0.2995068 0.5678594 0.3675982 0.5498978 0.2995068 0.5678594 0.3541029 0.525968 0.3541029 0.525968 0.4147666 0.5092757 0.3675982 0.5498978 0.4244449 0.532861 0.3675982 0.5498978 0.4147666 0.5092757 0.2995068 0.5678594 0.3675982 0.5498978 0.3162322 0.5948934 0.3811838 0.5785135 0.3162322 0.5948934 0.3675982 0.5498978 0.3675982 0.5498978 0.4244449 0.532861 0.3811838 0.5785135 0.3162322 0.5948934 0.3811838 0.5785135 0.3412486 0.6204495 0.4077302 0.6069527 0.3412486 0.6204495 0.3811838 0.5785135 0.3412486 0.6204495 0.4077302 0.6069527 0.35039 0.6412078 0.418038 0.6334526 0.35039 0.6412078 0.4077302 0.6069527 0.3811838 0.5785135 0.4410266 0.5605766 0.4077302 0.6069527 0.4410266 0.5605766 0.3811838 0.5785135 0.4244449 0.532861 0.4700335 0.5935452 0.4077302 0.6069527 0.4410266 0.5605766 0.4077302 0.6069527 0.4700335 0.5935452 0.418038 0.6334526 0.4803315 0.6237795 0.418038 0.6334526 0.4700335 0.5935452 0.35039 0.6412078 0.418038 0.6334526 0.3620329 0.6674765 0.4286662 0.6623197 0.3620329 0.6674765 0.418038 0.6334526 0.418038 0.6334526 0.4803315 0.6237795 0.4286662 0.6623197 0.3620329 0.6674765 0.4286662 0.6623197 0.3754039 0.6831814 0.4443741 0.6805744 0.3754039 0.6831814 0.4286662 0.6623197 0.4286662 0.6623197 0.4915388 0.6586187 0.4443741 0.6805744 0.4915388 0.6586187 0.4286662 0.6623197 0.4803315 0.6237795 0.5075811 0.6777555 0.4443741 0.6805744 0.4915388 0.6586187 0.3754039 0.6831814 0.4443741 0.6805744 0.3852328 0.6985069 0.4550555 0.6959594 0.3852328 0.6985069 0.4443741 0.6805744 0.4443741 0.6805744 0.5075811 0.6777555 0.4550555 0.6959594 0.3852328 0.6985069 0.4550555 0.6959594 0.3928411 0.7185224 0.4626285 0.7163261 0.3928411 0.7185224 0.4550555 0.6959594 0.4550555 0.6959594 0.5189143 0.693572 0.4626285 0.7163261 0.5189143 0.693572 0.4550555 0.6959594 0.5075811 0.6777555 0.5263494 0.7141387 0.4626285 0.7163261 0.5189143 0.693572 0.3928411 0.7185224 0.4626285 0.7163261 0.3949747 0.7377195 0.4653266 0.7362259 0.3949747 0.7377195 0.4626285 0.7163261 0.4626285 0.7163261 0.5263494 0.7141387 0.4653266 0.7362259 0.4653266 0.7362259 0.4641713 0.7562822 0.3949747 0.7377195 0.3943832 0.7570239 0.3949747 0.7377195 0.4641713 0.7562822 0.4641713 0.7562822 0.4581455 0.7771744 0.3943832 0.7570239 0.4581455 0.7771744 0.4641713 0.7562822 0.5219686 0.775528 0.5278853 0.7543488 0.5219686 0.775528 0.4641713 0.7562822 0.4641713 0.7562822 0.4653266 0.7362259 0.5278853 0.7543488 0.388342 0.7774943 0.3943832 0.7570239 0.4581455 0.7771744 0.4581455 0.7771744 0.4486975 0.7933257 0.388342 0.7774943 0.3797578 0.793444 0.388342 0.7774943 0.4486975 0.7933257 0.4486975 0.7933257 0.4343231 0.8126296 0.3797578 0.793444 0.4343231 0.8126296 0.4486975 0.7933257 0.4972549 0.8128443 0.511875 0.7923526 0.4972549 0.8128443 0.4486975 0.7933257 0.5219686 0.775528 0.511875 0.7923526 0.4581455 0.7771744 0.4486975 0.7933257 0.4581455 0.7771744 0.511875 0.7923526 0.3675872 0.8100102 0.3797578 0.793444 0.4343231 0.8126296 0.5299077 0.7341189 0.5278853 0.7543488 0.4653266 0.7362259 0.5299077 0.7341189 0.4653266 0.7362259 0.5263494 0.7141387 0.4343231 0.8126296 0.4254916 0.8423852 0.3675872 0.8100102 0.3576184 0.83702 0.3675872 0.8100102 0.4254916 0.8423852 0.4254916 0.8423852 0.4167327 0.8698785 0.3576184 0.83702 0.3497104 0.858343 0.3576184 0.83702 0.4167327 0.8698785 0.4167327 0.8698785 0.4254916 0.8423852 0.4797478 0.8800611 0.4797478 0.8800611 0.4528577 0.9156779 0.4167327 0.8698785 0.3916569 0.9000317 0.4167327 0.8698785 0.4528577 0.9156779 0.4167327 0.8698785 0.3916569 0.9000317 0.3497104 0.858343 0.4882703 0.8487031 0.4797478 0.8800611 0.4254916 0.8423852 0.4972549 0.8128443 0.4882703 0.8487031 0.4343231 0.8126296 0.4254916 0.8423852 0.4343231 0.8126296 0.4882703 0.8487031 0.3258696 0.8849251 0.3497104 0.858343 0.3916569 0.9000317 0.3916569 0.9000317 0.3790549 0.9296954 0.3258696 0.8849251 0.3098075 0.9122308 0.3258696 0.8849251 0.3790549 0.9296954 0.3790549 0.9296954 0.3656211 0.9543533 0.3098075 0.9122308 0.29989 0.9355505 0.3098075 0.9122308 0.3656211 0.9543533 0.3656211 0.9543533 0.3790549 0.9296954 0.428768 0.9706238 0.4376208 0.9453081 0.428768 0.9706238 0.3790549 0.9296954 0.4528577 0.9156779 0.4376208 0.9453081 0.3916569 0.9000317 0.3790549 0.9296954 0.3916569 0.9000317 0.4376208 0.9453081 0.4797478 0.8800611 0.4862111 0.8819924 0.4528577 0.9156779 0.4595693 0.9170735 0.4528577 0.9156779 0.4862111 0.8819924 0.4528577 0.9156779 0.4595693 0.9170735 0.4376208 0.9453081 0.4595693 0.9170735 0.4862111 0.8819924 0.4689366 0.9182475 0.4922927 0.8850212 0.4689366 0.9182475 0.4862111 0.8819924 0.4922927 0.8850212 0.4862111 0.8819924 0.499764 0.856627 0.4942031 0.8511414 0.499764 0.856627 0.4862111 0.8819924 0.4689366 0.9182475 0.4547234 0.947412 0.4595693 0.9170735 0.4447255 0.9464822 0.4595693 0.9170735 0.4547234 0.947412 0.4447255 0.9464822 0.4376208 0.9453081 0.4595693 0.9170735 0.4376208 0.9453081 0.4447255 0.9464822 0.428768 0.9706238 0.4547234 0.947412 0.447124 0.9725853 0.4447255 0.9464822 0.436978 0.9719496 0.4447255 0.9464822 0.447124 0.9725853 0.436978 0.9719496 0.428768 0.9706238 0.4447255 0.9464822 0.499764 0.856627 0.4942031 0.8511414 0.5099447 0.818442 0.502848 0.8141542 0.5099447 0.818442 0.4942031 0.8511414 0.5099447 0.818442 0.502848 0.8141542 0.5223109 0.7995462 0.5165641 0.7940665 0.5223109 0.7995462 0.502848 0.8141542 0.5223109 0.7995462 0.5165641 0.7940665 0.5323225 0.7804092 0.5259449 0.7764791 0.5323225 0.7804092 0.5165641 0.7940665 0.5323225 0.7804092 0.5259449 0.7764791 0.5388554 0.7564852 0.5317876 0.7547439 0.5388554 0.7564852 0.5259449 0.7764791 0.5388554 0.7564852 0.5317876 0.7547439 0.5409452 0.7336158 0.5338138 0.7339479 0.5409452 0.7336158 0.5317876 0.7547439 0.5259449 0.7764791 0.5219686 0.775528 0.5317876 0.7547439 0.5278853 0.7543488 0.5317876 0.7547439 0.5219686 0.775528 0.5317876 0.7547439 0.5278853 0.7543488 0.5338138 0.7339479 0.502848 0.8141542 0.4972549 0.8128443 0.5165641 0.7940665 0.511875 0.7923526 0.5165641 0.7940665 0.4972549 0.8128443 0.5219686 0.775528 0.5259449 0.7764791 0.511875 0.7923526 0.5165641 0.7940665 0.511875 0.7923526 0.5259449 0.7764791 0.4972549 0.8128443 0.502848 0.8141542 0.4882703 0.8487031 0.4942031 0.8511414 0.4882703 0.8487031 0.502848 0.8141542 0.5299077 0.7341189 0.5338138 0.7339479 0.5278853 0.7543488 0.4882703 0.8487031 0.4942031 0.8511414 0.4797478 0.8800611 0.4862111 0.8819924 0.4797478 0.8800611 0.4942031 0.8511414 0.5338138 0.7339479 0.5302267 0.7134056 0.5409452 0.7336158 0.5371524 0.7110074 0.5409452 0.7336158 0.5302267 0.7134056 0.5302267 0.7134056 0.5228409 0.6922581 0.5371524 0.7110074 0.5288644 0.6877505 0.5371524 0.7110074 0.5228409 0.6922581 0.5228409 0.6922581 0.5121984 0.6756089 0.5288644 0.6877505 0.5175209 0.6695931 0.5288644 0.6877505 0.5121984 0.6756089 0.5121984 0.6756089 0.4970589 0.656882 0.5175209 0.6695931 0.5038758 0.651913 0.5175209 0.6695931 0.4970589 0.656882 0.4970589 0.656882 0.4859637 0.6209055 0.5038758 0.651913 0.4909239 0.6148674 0.5038758 0.651913 0.4859637 0.6209055 0.4859637 0.6209055 0.4761639 0.5910621 0.4909239 0.6148674 0.481549 0.5874744 0.4909239 0.6148674 0.4761639 0.5910621 0.481549 0.5874744 0.4761639 0.5910621 0.4554648 0.5570155 0.4469387 0.5589311 0.4554648 0.5570155 0.4761639 0.5910621 0.4554648 0.5570155 0.4469387 0.5589311 0.438737 0.5297521 0.4301613 0.5314606 0.438737 0.5297521 0.4469387 0.5589311 0.438737 0.5297521 0.4301613 0.5314606 0.4284522 0.5056096 0.4204312 0.5077063 0.4284522 0.5056096 0.4301613 0.5314606 0.4970589 0.656882 0.5121984 0.6756089 0.4915388 0.6586187 0.5075811 0.6777555 0.4915388 0.6586187 0.5121984 0.6756089 0.4469387 0.5589311 0.4761639 0.5910621 0.4410266 0.5605766 0.4700335 0.5935452 0.4410266 0.5605766 0.4761639 0.5910621 0.4761639 0.5910621 0.4859637 0.6209055 0.4700335 0.5935452 0.4859637 0.6209055 0.4970589 0.656882 0.4803315 0.6237795 0.4915388 0.6586187 0.4803315 0.6237795 0.4970589 0.656882 0.4803315 0.6237795 0.4700335 0.5935452 0.4859637 0.6209055 0.4301613 0.5314606 0.4469387 0.5589311 0.4244449 0.532861 0.4410266 0.5605766 0.4244449 0.532861 0.4469387 0.5589311 0.4204312 0.5077063 0.4301613 0.5314606 0.4147666 0.5092757 0.4244449 0.532861 0.4147666 0.5092757 0.4301613 0.5314606 0.5121984 0.6756089 0.5228409 0.6922581 0.5075811 0.6777555 0.5189143 0.693572 0.5075811 0.6777555 0.5228409 0.6922581 0.5228409 0.6922581 0.5302267 0.7134056 0.5189143 0.693572 0.5263494 0.7141387 0.5189143 0.693572 0.5302267 0.7134056 0.5302267 0.7134056 0.5338138 0.7339479 0.5263494 0.7141387 0.5299077 0.7341189 0.5263494 0.7141387 0.5338138 0.7339479 0.4145277 0.2682812 0.4243045 0.2674774 0.4184753 0.2914901 0.4243045 0.2674774 0.4145277 0.2682812 0.4192639 0.2456019 0.4109346 0.2462894 0.4192639 0.2456019 0.4145277 0.2682812 0.4184753 0.2914901 0.4134614 0.2925463 0.4145277 0.2682812 0.4086348 0.2694081 0.4145277 0.2682812 0.4134614 0.2925463 0.4145277 0.2682812 0.4086348 0.2694081 0.4109346 0.2462894 0.4040449 0.2476425 0.4109346 0.2462894 0.4086348 0.2694081 0.4134614 0.2925463 0.4184753 0.2914901 0.4122389 0.3131764 0.417873 0.3123538 0.4122389 0.3131764 0.4184753 0.2914901 0.1068934 0.4821835 0.1299441 0.4524783 0.1345289 0.4667308 0.1299441 0.4524783 0.1328929 0.4506758 0.1345289 0.4667308 0.1375788 0.4649057 0.1345289 0.4667308 0.1328929 0.4506758 0.1328929 0.4506758 0.1299441 0.4524783 0.1259993 0.4390634 0.1220937 0.4416469 0.1259993 0.4390634 0.1299441 0.4524783 0.1345289 0.4667308 0.1375788 0.4649057 0.1354498 0.4800938 0.1068934 0.4821835 0.1345289 0.4667308 0.1354498 0.4800938 0.13883 0.4781815 0.1354498 0.4800938 0.1375788 0.4649057 0.09532666 0.4646394 0.1220937 0.4416469 0.1299441 0.4524783 0.1068934 0.4821835 0.09532666 0.4646394 0.1299441 0.4524783 0.09532666 0.4646394 0.1068934 0.4821835 0.0628277 0.4987196 0.07281225 0.5091308 0.0628277 0.4987196 0.1068934 0.4821835 0.07281225 0.5091308 0.1068934 0.4821835 0.0859043 0.5288901 0.1092148 0.5125219 0.0859043 0.5288901 0.1068934 0.4821835 0.1092148 0.5125219 0.1068934 0.4821835 0.1354498 0.4800938 0.1092148 0.5125219 0.1128289 0.5294424 0.0859043 0.5288901 0.09155297 0.544498 0.0859043 0.5288901 0.1128289 0.5294424 0.09155297 0.544498 0.1128289 0.5294424 0.09704816 0.5618066 0.1371723 0.5353764 0.09704816 0.5618066 0.1128289 0.5294424 0.09704816 0.5618066 0.07194167 0.5661826 0.09155297 0.544498 0.07855498 0.5477868 0.09155297 0.544498 0.07194167 0.5661826 0.09155297 0.544498 0.07855498 0.5477868 0.0859043 0.5288901 0.07194167 0.5661826 0.04809284 0.5561998 0.07855498 0.5477868 0.06378537 0.5402511 0.07855498 0.5477868 0.04809284 0.5561998 0.06378537 0.5402511 0.0859043 0.5288901 0.07855498 0.5477868 0.04809284 0.5561998 0.03181672 0.5421568 0.06378537 0.5402511 0.04282611 0.5249255 0.06378537 0.5402511 0.03181672 0.5421568 0.07281225 0.5091308 0.0859043 0.5288901 0.04282611 0.5249255 0.06378537 0.5402511 0.04282611 0.5249255 0.0859043 0.5288901 0.0628277 0.4987196 0.07281225 0.5091308 0.04282611 0.5249255 0.6912923 0.3440174 0.6833138 0.3535641 0.6832659 0.3308616 0.6722795 0.3350668 0.6832659 0.3308616 0.6833138 0.3535641 0.01885545 0.5593684 0.03236216 0.5710039 0.01123964 0.5718888 0.0245254 0.5819631 0.01123964 0.5718888 0.03236216 0.5710039 0.03236216 0.5710039 0.0455178 0.5858303 0.0245254 0.5819631 0.03608554 0.5943753 0.0245254 0.5819631 0.0455178 0.5858303 0.0455178 0.5858303 0.05545383 0.5982336 0.03608554 0.5943753 0.04556715 0.6086579 0.03608554 0.5943753 0.05545383 0.5982336 0.04556715 0.6086579 0.05545383 0.5982336 0.06205999 0.608793 0.05345219 0.6240514 0.04556715 0.6086579 0.06205999 0.608793 0.05345219 0.6240514 0.06205999 0.608793 0.06922811 0.6213527 0.05991625 0.6417003 0.05345219 0.6240514 0.06922811 0.6213527 0.05991625 0.6417003 0.06922811 0.6213527 0.07556784 0.6365007 0.07951313 0.6524759 0.05991625 0.6417003 0.07556784 0.6365007 0.06521028 0.6597782 0.05991625 0.6417003 0.07951313 0.6524759 0.08120936 0.6669104 0.06521028 0.6597782 0.07951313 0.6524759 0.06795889 0.6770262 0.06521028 0.6597782 0.08120936 0.6669104 0.0821067 0.6793736 0.06795889 0.6770262 0.08120936 0.6669104 0.06795889 0.6770262 0.0821067 0.6793736 0.06878405 0.6946942 0.08151602 0.6955837 0.06878405 0.6946942 0.0821067 0.6793736 0.06878405 0.6946942 0.08151602 0.6955837 0.06710451 0.7125297 0.08023858 0.7157463 0.06710451 0.7125297 0.08151602 0.6955837 0.06710451 0.7125297 0.08023858 0.7157463 0.06354236 0.7303508 0.07756102 0.7336607 0.06354236 0.7303508 0.08023858 0.7157463 0.07756102 0.7336607 0.07194209 0.7508808 0.06354236 0.7303508 0.05875861 0.747884 0.06354236 0.7303508 0.07194209 0.7508808 0.07194209 0.7508808 0.06407034 0.7694889 0.05875861 0.747884 0.05229693 0.7645856 0.05875861 0.747884 0.06407034 0.7694889 0.06407034 0.7694889 0.05733299 0.7842634 0.05229693 0.7645856 0.04370307 0.7799925 0.05229693 0.7645856 0.05733299 0.7842634 0.04370307 0.7799925 0.05733299 0.7842634 0.05093771 0.79505 0.03360974 0.7939855 0.04370307 0.7799925 0.05093771 0.79505 0.03360974 0.7939855 0.05093771 0.79505 0.04278808 0.8072896 0.02071291 0.8068809 0.03360974 0.7939855 0.04278808 0.8072896 0.02071291 0.8068809 0.04278808 0.8072896 0.0314123 0.819826 0.2268386 0.9783967 0.2253759 0.9726548 0.2602626 0.9829494 0.2598521 0.980692 0.2602626 0.9829494 0.2253759 0.9726548 0.2268386 0.9783967 0.1908962 0.9763034 0.2253759 0.9726548 0.1870959 0.9694988 0.2253759 0.9726548 0.1908962 0.9763034 0.1908962 0.9763034 0.1524434 0.9783872 0.1870959 0.9694988 0.1491771 0.9734983 0.1870959 0.9694988 0.1524434 0.9783872 0.1524434 0.9783872 0.1455078 0.9781277 0.1491771 0.9734983 0.1455078 0.9781277 0.1524434 0.9783872 0.1518564 0.9868434 0.1900368 0.985584 0.1518564 0.9868434 0.1908962 0.9763034 0.1524434 0.9783872 0.1908962 0.9763034 0.1518564 0.9868434 0.1908962 0.9763034 0.2268386 0.9783967 0.1900368 0.985584 0.2253195 0.9839763 0.1900368 0.985584 0.2268386 0.9783967 0.2253195 0.9839763 0.2268386 0.9783967 0.2609349 0.9855068 0.2602626 0.9829494 0.2609349 0.9855068 0.2268386 0.9783967 0.3280927 0.983721 0.330001 0.9893465 0.2824644 0.9815745 0.2824416 0.9839299 0.2824644 0.9815745 0.330001 0.9893465 0.3280927 0.983721 0.3641263 0.9836587 0.330001 0.9893465 0.3683259 0.9902152 0.330001 0.9893465 0.3641263 0.9836587 0.3641263 0.9836587 0.4023627 0.9792674 0.3683259 0.9902152 0.4059159 0.9839481 0.3683259 0.9902152 0.4023627 0.9792674 0.4023627 0.9792674 0.4092989 0.9791095 0.4059159 0.9839481 0.4092989 0.9791095 0.4023627 0.9792674 0.40244 0.970796 0.3644295 0.9743526 0.40244 0.970796 0.3641263 0.9836587 0.4023627 0.9792674 0.3641263 0.9836587 0.40244 0.970796 0.3641263 0.9836587 0.3280927 0.983721 0.3644295 0.9743526 0.3293774 0.9780574 0.3644295 0.9743526 0.3280927 0.983721 0.3293774 0.9780574 0.3280927 0.983721 0.2824642 0.9790801 0.2824644 0.9815745 0.2824642 0.9790801 0.3280927 0.983721 0.4053984 0.1401212 0.4035543 0.1344769 0.4561029 0.1432334 0.456219 0.141726 0.4561029 0.1432334 0.4035543 0.1344769 0.4053984 0.1401212 0.3693709 0.1401454 0.4035543 0.1344769 0.3651722 0.1335813 0.4035543 0.1344769 0.3693709 0.1401454 0.3693709 0.1401454 0.3311106 0.1445392 0.3651722 0.1335813 0.3275573 0.1398546 0.3651722 0.1335813 0.3311106 0.1445392 0.3311106 0.1445392 0.3241714 0.1446956 0.3275573 0.1398546 0.3241714 0.1446956 0.3311106 0.1445392 0.3310311 0.1530161 0.369063 0.1494591 0.3310311 0.1530161 0.3693709 0.1401454 0.3311106 0.1445392 0.3693709 0.1401454 0.3310311 0.1530161 0.3693709 0.1401454 0.4053984 0.1401212 0.369063 0.1494591 0.4041598 0.1457908 0.369063 0.1494591 0.4053984 0.1401212 0.4041598 0.1457908 0.4053984 0.1401212 0.4560631 0.1449193 0.4561029 0.1432334 0.4560631 0.1449193 0.4053984 0.1401212 0.4061252 0.1634911 0.4042829 0.1578376 0.4521608 0.1662464 0.4523046 0.164806 0.4521608 0.1662464 0.4042829 0.1578376 0.4061252 0.1634911 0.370205 0.1635057 0.4042829 0.1578376 0.3660205 0.1569626 0.4042829 0.1578376 0.370205 0.1635057 0.370205 0.1635057 0.332063 0.1678858 0.3660205 0.1569626 0.3285212 0.1632153 0.3660205 0.1569626 0.332063 0.1678858 0.332063 0.1678858 0.3251451 0.168041 0.3285212 0.1632153 0.3251451 0.168041 0.332063 0.1678858 0.3319827 0.1763362 0.3698959 0.17279 0.3319827 0.1763362 0.370205 0.1635057 0.332063 0.1678858 0.370205 0.1635057 0.3319827 0.1763362 0.370205 0.1635057 0.4061252 0.1634911 0.3698959 0.17279 0.4048802 0.1691713 0.3698959 0.17279 0.4061252 0.1634911 0.4048802 0.1691713 0.4061252 0.1634911 0.4521408 0.1677797 0.4521608 0.1662464 0.4521408 0.1677797 0.4061252 0.1634911 0.6807737 0.1231366 0.682202 0.1175069 0.7261437 0.1246308 0.7262335 0.122581 0.7261437 0.1246308 0.682202 0.1175069 0.6807737 0.1231366 0.6458517 0.1262252 0.682202 0.1175069 0.646252 0.1169415 0.682202 0.1175069 0.6458517 0.1262252 0.6458517 0.1262252 0.6079764 0.1297678 0.646252 0.1169415 0.6080816 0.1213095 0.646252 0.1169415 0.6079764 0.1297678 0.682202 0.1175069 0.6805164 0.1118052 0.7262335 0.122581 0.7264905 0.1206713 0.7262335 0.122581 0.6805164 0.1118052 0.682202 0.1175069 0.646252 0.1169415 0.6805164 0.1118052 0.6421357 0.1103675 0.6805164 0.1118052 0.646252 0.1169415 0.646252 0.1169415 0.6080816 0.1213095 0.6421357 0.1103675 0.60456 0.1166225 0.6421357 0.1103675 0.6080816 0.1213095 0.6080816 0.1213095 0.6011606 0.1214407 0.60456 0.1166225 0.6011606 0.1214407 0.6080816 0.1213095 0.6079764 0.1297678 0.136274 0.9873862 0.08780211 0.981761 0.1360396 0.985498 0.08931213 0.976166 0.1360396 0.985498 0.08780211 0.981761 0.08780211 0.981761 0.05257433 0.9842525 0.08931213 0.976166 0.05308347 0.9749157 0.08931213 0.976166 0.05257433 0.9842525 0.05257433 0.9842525 0.01447767 0.9876711 0.05308347 0.9749157 0.01760703 0.9793324 0.05308347 0.9749157 0.01447767 0.9876711 0.1360396 0.985498 0.08931213 0.976166 0.1351374 0.9821782 0.08775204 0.9705009 0.1351374 0.9821782 0.08931213 0.976166 0.08931213 0.976166 0.05308347 0.9749157 0.08775204 0.9705009 0.0490089 0.9682813 0.08775204 0.9705009 0.05308347 0.9749157 0.05308347 0.9749157 0.01760703 0.9793324 0.0490089 0.9682813 0.0112645 0.9746842 0.0490089 0.9682813 0.01760703 0.9793324 0.01760703 0.9793324 0.007767856 0.9791677 0.0112645 0.9746842 0.007767856 0.9791677 0.01760703 0.9793324 0.01447767 0.9876711 0.178812 0.1897397 0.1666785 0.2019947 0.1676134 0.173224 0.1511511 0.1875365 0.1676134 0.173224 0.1666785 0.2019947 0.1511511 0.1875365 0.1309363 0.1693943 0.1676134 0.173224 0.1453709 0.1521089 0.1676134 0.173224 0.1309363 0.1693943 0.6321489 0.3681328 0.6444997 0.3853267 0.5795102 0.411601 0.5878335 0.427261 0.5795102 0.411601 0.6444997 0.3853267 0.6444997 0.3853267 0.6321489 0.3681328 0.6833138 0.3535641 0.6833138 0.3535641 0.6321489 0.3681328 0.6677064 0.3343392 0.6722795 0.3350668 0.6833138 0.3535641 0.6677064 0.3343392 0.2814206 0.344805 0.2864313 0.3423306 0.2857345 0.3637695 0.2907679 0.3616894 0.2857345 0.3637695 0.2864313 0.3423306 0.2864313 0.3423306 0.2814206 0.344805 0.2778738 0.326207 0.2722456 0.3291594 0.2778738 0.326207 0.2814206 0.344805 0.2857345 0.3637695 0.2907679 0.3616894 0.2844939 0.3807472 0.2901272 0.3789538 0.2844939 0.3807472 0.2907679 0.3616894 0.1371723 0.5353764 0.1411536 0.5330101 0.1456624 0.5594811 0.1411536 0.5330101 0.1371723 0.5353764 0.1371473 0.5164144 0.1338517 0.5183519 0.1371473 0.5164144 0.1371723 0.5353764 0.8449905 0.02718603 0.838253 0.01479357 0.8190482 0.05317485 0.8069575 0.04599362 0.8190482 0.05317485 0.838253 0.01479357 0.8069575 0.04599362 0.7958086 0.08854633 0.8190482 0.05317485 0.8100095 0.08854699 0.8190482 0.05317485 0.7958086 0.08854633 0.838253 0.01479357 0.8449905 0.02718603 0.8809031 0.00373876 0.8805386 0.01804077 0.8809031 0.00373876 0.8449905 0.02718603 0.8809031 0.00373876 0.8805386 0.01804077 0.9235255 0.01485174 0.9161581 0.02703136 0.9235255 0.01485174 0.8805386 0.01804077 0.9235255 0.01485174 0.9161581 0.02703136 0.9546695 0.04610645 0.9422035 0.05305343 0.9546695 0.04610645 0.9161581 0.02703136 0.8190482 0.05317485 0.8303704 0.0598548 0.8449905 0.02718603 0.8190482 0.05317485 0.8100095 0.08854699 0.8303704 0.0598548 0.8513672 0.03878116 0.8449905 0.02718603 0.8303704 0.0598548 0.8449905 0.02718603 0.8513672 0.03878116 0.8805386 0.01804077 0.8235207 0.08854699 0.8303704 0.0598548 0.8100095 0.08854699 0.9161581 0.02703136 0.9092104 0.03860384 0.9422035 0.05305343 0.9303746 0.05969434 0.9422035 0.05305343 0.9092104 0.03860384 0.9092104 0.03860384 0.9161581 0.02703136 0.8802459 0.03175777 0.8805386 0.01804077 0.8802459 0.03175777 0.9161581 0.02703136 0.8802459 0.03175777 0.8805386 0.01804077 0.8513672 0.03878116 0.8303704 0.0598548 0.8416672 0.06625902 0.8513672 0.03878116 0.8303704 0.0598548 0.8235207 0.08854699 0.8416672 0.06625902 0.8575501 0.0503273 0.8513672 0.03878116 0.8416672 0.06625902 0.8513672 0.03878116 0.8575501 0.0503273 0.8802459 0.03175777 0.837081 0.08854699 0.8416672 0.06625902 0.8235207 0.08854699 0.9092104 0.03860384 0.9025178 0.05020475 0.9303746 0.05969434 0.9185268 0.06616121 0.9303746 0.05969434 0.9025178 0.05020475 0.9025178 0.05020475 0.9092104 0.03860384 0.8799949 0.04559433 0.8802459 0.03175777 0.8799949 0.04559433 0.9092104 0.03860384 0.8799949 0.04559433 0.8802459 0.03175777 0.8575501 0.0503273 0.8416672 0.06625902 0.8593078 0.06821316 0.8575501 0.0503273 0.837081 0.08854699 0.8504446 0.08854699 0.8416672 0.06625902 0.8504446 0.08854699 0.8593078 0.06821316 0.8416672 0.06625902 0.9025178 0.05020475 0.9003361 0.06814384 0.9185268 0.06616121 0.8799949 0.04559433 0.8797876 0.05923891 0.9025178 0.05020475 0.8575501 0.0503273 0.8797876 0.05923891 0.8799949 0.04559433 0.8797876 0.05923891 0.9003361 0.06814384 0.9025178 0.05020475 0.8575501 0.0503273 0.8593078 0.06821316 0.8797876 0.05923891 0.8593078 0.06821316 0.8504446 0.08854699 0.8693377 0.07838481 0.8593078 0.06821316 0.8693377 0.07838481 0.8797876 0.05923891 0.8645976 0.08854705 0.8693377 0.07838481 0.8504446 0.08854699 0.8797876 0.05923891 0.8796463 0.07358551 0.9003361 0.06814384 0.8796463 0.07358551 0.8797876 0.05923891 0.8693377 0.07838481 0.8899736 0.07836693 0.9003361 0.06814384 0.8796463 0.07358551 0.8645976 0.08854705 0.8795964 0.08854734 0.8693377 0.07838481 0.8796463 0.07358551 0.8795964 0.08854734 0.8899736 0.07836693 0.8693377 0.07838481 0.8795964 0.08854734 0.8796463 0.07358551 0.8899736 0.07836693 0.894733 0.08854734 0.9003361 0.06814384 0.8899736 0.07836693 0.8795964 0.08854734 0.894733 0.08854734 0.9092768 0.08854615 0.9003361 0.06814384 0.894733 0.08854734 0.9185268 0.06616121 0.9003361 0.06814384 0.9092768 0.08854615 0.9185268 0.06616121 0.9092768 0.08854615 0.9232184 0.08854454 0.9185268 0.06616121 0.9232184 0.08854454 0.9303746 0.05969434 0.9373578 0.08854275 0.9303746 0.05969434 0.9232184 0.08854454 0.9303746 0.05969434 0.9373578 0.08854275 0.9422035 0.05305343 0.9513282 0.08854115 0.9422035 0.05305343 0.9373578 0.08854275 0.9422035 0.05305343 0.9513282 0.08854115 0.9546695 0.04610645 0.965755 0.08854192 0.9546695 0.04610645 0.9513282 0.08854115 1.863934 0.3956613 1.897748 0.3987624 1.864617 0.3909614 1.897703 0.3939848 1.864617 0.3909614 1.897748 0.3987624 1.863934 0.3956613 1.864617 0.3909614 1.831256 0.3874624 1.832308 0.3827491 1.831256 0.3874624 1.864617 0.3909614 1.831256 0.3874624 1.832308 0.3827491 1.80074 0.3769846 1.800727 0.3715222 1.80074 0.3769846 1.832308 0.3827491 1.897703 0.3939848 1.897708 0.3917867 1.864617 0.3909614 1.864696 0.3888861 1.864617 0.3909614 1.897708 0.3917867 1.864617 0.3909614 1.864696 0.3888861 1.832308 0.3827491 1.897708 0.3917867 1.897691 0.3787748 1.864696 0.3888861 1.867106 0.3762265 1.864696 0.3888861 1.897691 0.3787748 1.864696 0.3888861 1.867106 0.3762265 1.832342 0.3805917 1.832342 0.3805917 1.832308 0.3827491 1.864696 0.3888861 1.832308 0.3827491 1.832342 0.3805917 1.800727 0.3715222 1.836963 0.3686452 1.832342 0.3805917 1.867106 0.3762265 1.836963 0.3686452 1.806076 0.3596916 1.832342 0.3805917 1.801076 0.368172 1.832342 0.3805917 1.806076 0.3596916 1.801076 0.368172 1.800727 0.3715222 1.832342 0.3805917 1.897691 0.3787748 1.897691 0.3041355 1.867106 0.3762265 1.876834 0.3026754 1.867106 0.3762265 1.897691 0.3041355 1.867106 0.3762265 1.876834 0.3026754 1.836963 0.3686452 1.897691 0.3041355 1.8977 0.2474385 1.876834 0.3026754 1.883173 0.2464312 1.876834 0.3026754 1.8977 0.2474385 1.883173 0.2464312 1.8977 0.2474385 1.887799 0.2045925 1.887799 0.2045925 1.874262 0.2188854 1.883173 0.2464312 1.869182 0.2435402 1.883173 0.2464312 1.874262 0.2188854 1.897686 0.1963724 1.887799 0.2045925 1.8977 0.2474385 1.869182 0.2435402 1.856626 0.2983156 1.883173 0.2464312 1.876834 0.3026754 1.883173 0.2464312 1.856626 0.2983156 1.856626 0.2983156 1.836963 0.3686452 1.876834 0.3026754 1.836963 0.3686452 1.856626 0.2983156 1.806076 0.3596916 1.856626 0.2983156 1.869182 0.2435402 1.835529 0.2931009 1.835529 0.2931009 1.806076 0.3596916 1.856626 0.2983156 1.855936 0.2381606 1.835529 0.2931009 1.869182 0.2435402 1.869182 0.2435402 1.874262 0.2188854 1.855936 0.2381606 1.835529 0.2931009 1.855936 0.2381606 1.822544 0.2884993 1.822544 0.2884993 1.806076 0.3596916 1.835529 0.2931009 0.8377965 0.2429777 0.8325704 0.2425923 0.8478112 0.2129769 0.8385323 0.2242895 0.8478112 0.2129769 0.8325704 0.2425923 0.8478112 0.2129769 0.8385323 0.2242895 0.8447306 0.2095386 0.8478112 0.2129769 0.8447306 0.2095386 0.871838 0.1924977 0.8697253 0.1863608 0.871838 0.1924977 0.8447306 0.2095386 0.871838 0.1924977 0.8697253 0.1863608 0.90285 0.1870213 0.9034212 0.1800966 0.90285 0.1870213 0.8697253 0.1863608 0.8325704 0.2425923 0.8296351 0.2424719 0.8385323 0.2242895 0.8359362 0.2236685 0.8385323 0.2242895 0.8296351 0.2424719 0.8447306 0.2095386 0.8385323 0.2242895 0.8359362 0.2236685 0.8296351 0.2424719 0.8199331 0.2406989 0.8359362 0.2236685 0.9034212 0.1800966 0.9355923 0.191784 0.90285 0.1870213 0.9325867 0.1975365 0.90285 0.1870213 0.9355923 0.191784 0.9355923 0.191784 0.9571333 0.2180235 0.9325867 0.1975365 0.9537327 0.2211841 0.9325867 0.1975365 0.9571333 0.2180235 0.9623566 0.2330847 0.9537327 0.2211841 0.9571333 0.2180235 0.9623566 0.2330847 0.9673113 0.2516719 0.9537327 0.2211841 0.9620645 0.2517497 0.9537327 0.2211841 0.9673113 0.2516719 0.9673113 0.2516719 0.9623566 0.2330847 0.9702601 0.2517325 0.9649922 0.2326249 0.9702601 0.2517325 0.9623566 0.2330847 0.9623566 0.2330847 0.9571333 0.2180235 0.9649922 0.2326249 0.9800478 0.2504925 0.9702601 0.2517325 0.9649922 0.2326249 0.9009395 0.736109 0.9011094 0.7573797 0.8312013 0.7436382 0.8273164 0.7696212 0.8312013 0.7436382 0.9011094 0.7573797 0.8312013 0.7436382 0.8273164 0.7696212 0.7896694 0.7482098 0.7841125 0.7757956 0.7896694 0.7482098 0.8273164 0.7696212 0.8312013 0.7436382 0.833113 0.7196304 0.9009395 0.736109 0.9007053 0.7166841 0.9009395 0.736109 0.833113 0.7196304 0.9011094 0.7573797 0.9005604 0.7751616 0.8273164 0.7696212 0.8245612 0.789793 0.8273164 0.7696212 0.9005604 0.7751616 0.8273164 0.7696212 0.8245612 0.789793 0.7841125 0.7757956 0.9005604 0.7751616 0.9003519 0.7980645 0.8245612 0.789793 0.8203681 0.8144971 0.8245612 0.789793 0.9003519 0.7980645 0.8245612 0.789793 0.8203681 0.8144971 0.7788171 0.7971588 0.7788171 0.7971588 0.7841125 0.7757956 0.8245612 0.789793 0.7716982 0.8224745 0.7788171 0.7971588 0.8203681 0.8144971 0.7896694 0.7482098 0.7931256 0.7213589 0.8312013 0.7436382 0.833113 0.7196304 0.8312013 0.7436382 0.7931256 0.7213589 0.8203681 0.8144971 0.8120735 0.8427764 0.7716982 0.8224745 0.7644189 0.8536252 0.7716982 0.8224745 0.8120735 0.8427764 0.8120735 0.8427764 0.8044868 0.8697892 0.7644189 0.8536252 0.8044868 0.8697892 0.8120735 0.8427764 0.8820521 0.8446319 0.900948 0.8187607 0.8820521 0.8446319 0.8120735 0.8427764 0.9003519 0.7980645 0.900948 0.8187607 0.8203681 0.8144971 0.8120735 0.8427764 0.8203681 0.8144971 0.900948 0.8187607 0.7590194 0.8832153 0.7644189 0.8536252 0.8044868 0.8697892 0.9005604 0.7751616 0.9049453 0.7745687 0.9003519 0.7980645 0.9058932 0.7978311 0.9003519 0.7980645 0.9049453 0.7745687 0.9003519 0.7980645 0.9058932 0.7978311 0.900948 0.8187607 0.9058932 0.7978311 0.9049453 0.7745687 0.9176081 0.7988839 0.9049453 0.7745687 0.9177359 0.7581168 0.9176081 0.7988839 0.9058932 0.7978311 0.9176081 0.7988839 0.9065222 0.8171856 0.9065222 0.8171856 0.900948 0.8187607 0.9058932 0.7978311 0.900948 0.8187607 0.9065222 0.8171856 0.8820521 0.8446319 0.9142967 0.8201334 0.9065222 0.8171856 0.9176081 0.7988839 0.9142967 0.8201334 0.9047833 0.8449171 0.9065222 0.8171856 0.8906729 0.8432407 0.9065222 0.8171856 0.9047833 0.8449171 0.8906729 0.8432407 0.8820521 0.8446319 0.9065222 0.8171856 0.9063393 0.7571486 0.9177359 0.7581168 0.9049453 0.7745687 0.9048125 0.7357538 0.9177359 0.7581168 0.9063393 0.7571486 0.9175088 0.7159843 0.9177359 0.7581168 0.9048125 0.7357538 0.9059845 0.7164592 0.9175088 0.7159843 0.9048125 0.7357538 0.9063393 0.7571486 0.9011094 0.7573797 0.9048125 0.7357538 0.9009395 0.736109 0.9048125 0.7357538 0.9011094 0.7573797 0.9048125 0.7357538 0.9009395 0.736109 0.9059845 0.7164592 0.9007053 0.7166841 0.9059845 0.7164592 0.9009395 0.736109 0.9049453 0.7745687 0.9005604 0.7751616 0.9063393 0.7571486 0.9011094 0.7573797 0.9063393 0.7571486 0.9005604 0.7751616 0.9175088 0.7159843 0.9059845 0.7164592 0.9032456 0.6973212 0.914323 0.6739669 0.9175088 0.7159843 0.9032456 0.6973212 0.914323 0.6739669 0.9032456 0.6973212 0.9030558 0.6758716 0.914323 0.6739669 0.9030558 0.6758716 0.9002293 0.658619 0.914323 0.6739669 0.9002293 0.658619 0.9108298 0.6333296 0.9002293 0.658619 0.8992463 0.6353521 0.9108298 0.6333296 0.8992463 0.6353521 0.8982538 0.6160084 0.9108298 0.6333296 0.9057493 0.6124164 0.9108298 0.6333296 0.8982538 0.6160084 0.9057493 0.6124164 0.8982538 0.6160084 0.8941612 0.5885248 0.8802434 0.5913965 0.8941612 0.5885248 0.8982538 0.6160084 0.9030558 0.6758716 0.9032456 0.6973212 0.8978247 0.6760821 0.899363 0.6973016 0.8978247 0.6760821 0.9032456 0.6973212 0.899363 0.6973016 0.829254 0.6958629 0.8978247 0.6760821 0.8232557 0.6702865 0.8978247 0.6760821 0.829254 0.6958629 0.829254 0.6958629 0.7875026 0.6948834 0.8232557 0.6702865 0.7797118 0.6678511 0.8232557 0.6702865 0.7875026 0.6948834 0.829254 0.6958629 0.899363 0.6973016 0.833113 0.7196304 0.9007053 0.7166841 0.833113 0.7196304 0.899363 0.6973016 0.8978247 0.6760821 0.8232557 0.6702865 0.8958207 0.6584019 0.818862 0.6504003 0.8958207 0.6584019 0.8232557 0.6702865 0.8232557 0.6702865 0.7797118 0.6678511 0.818862 0.6504003 0.8958207 0.6584019 0.818862 0.6504003 0.8937111 0.6355907 0.8126316 0.6261199 0.8937111 0.6355907 0.818862 0.6504003 0.818862 0.6504003 0.7726868 0.6469943 0.8126316 0.6261199 0.7726868 0.6469943 0.818862 0.6504003 0.7797118 0.6678511 0.7635144 0.6223393 0.8126316 0.6261199 0.7726868 0.6469943 0.833113 0.7196304 0.7931256 0.7213589 0.829254 0.6958629 0.7875026 0.6948834 0.829254 0.6958629 0.7931256 0.7213589 0.8126316 0.6261199 0.7635144 0.6223393 0.8019808 0.5986365 0.7536234 0.5919046 0.8019808 0.5986365 0.7635144 0.6223393 0.8019808 0.5986365 0.7536234 0.5919046 0.7921345 0.5723017 0.7921345 0.5723017 0.8715395 0.5907532 0.8019808 0.5986365 0.892571 0.6149119 0.8019808 0.5986365 0.8715395 0.5907532 0.8019808 0.5986365 0.892571 0.6149119 0.8126316 0.6261199 0.8937111 0.6355907 0.8126316 0.6261199 0.892571 0.6149119 0.7457079 0.562879 0.7921345 0.5723017 0.7536234 0.5919046 0.8958207 0.6584019 0.8937111 0.6355907 0.9002293 0.658619 0.8992463 0.6353521 0.9002293 0.658619 0.8937111 0.6355907 0.8937111 0.6355907 0.892571 0.6149119 0.8992463 0.6353521 0.8982538 0.6160084 0.8992463 0.6353521 0.892571 0.6149119 0.892571 0.6149119 0.8715395 0.5907532 0.8982538 0.6160084 0.8802434 0.5913965 0.8982538 0.6160084 0.8715395 0.5907532 0.9002293 0.658619 0.9030558 0.6758716 0.8958207 0.6584019 0.8978247 0.6760821 0.8958207 0.6584019 0.9030558 0.6758716 0.7493707 0.8583844 0.7381134 0.891467 0.6551988 0.8606508 0.6344635 0.9030676 0.6551988 0.8606508 0.7381134 0.891467 0.7381134 0.891467 0.6951942 0.9176527 0.6344635 0.9030676 0.630021 0.9409699 0.6344635 0.9030676 0.6951942 0.9176527 0.6551988 0.8606508 0.6753461 0.8228403 0.7493707 0.8583844 0.7611947 0.8261341 0.7493707 0.8583844 0.6753461 0.8228403 0.6753461 0.8228403 0.6847701 0.8005353 0.7611947 0.8261341 0.7707295 0.8003235 0.7611947 0.8261341 0.6847701 0.8005353 0.6847701 0.8005353 0.6917918 0.7795073 0.7707295 0.8003235 0.7779606 0.7778268 0.7707295 0.8003235 0.6917918 0.7795073 0.6917918 0.7795073 0.6988431 0.7519152 0.7779606 0.7778268 0.7847055 0.748894 0.7779606 0.7778268 0.6988431 0.7519152 0.6988431 0.7519152 0.7020497 0.7256945 0.7847055 0.748894 0.7888283 0.7215927 0.7847055 0.748894 0.7020497 0.7256945 0.7493707 0.8583844 0.756137 0.856287 0.7381134 0.891467 0.746721 0.8914834 0.7381134 0.891467 0.756137 0.856287 0.746721 0.8914834 0.756137 0.856287 0.7590194 0.8832153 0.7644189 0.8536252 0.7590194 0.8832153 0.756137 0.856287 0.756137 0.856287 0.7661502 0.8244457 0.7644189 0.8536252 0.7716982 0.8224745 0.7644189 0.8536252 0.7661502 0.8244457 0.7661502 0.8244457 0.7755486 0.7986546 0.7716982 0.8224745 0.7661502 0.8244457 0.7611947 0.8261341 0.7755486 0.7986546 0.7707295 0.8003235 0.7755486 0.7986546 0.7611947 0.8261341 0.7788171 0.7971588 0.7716982 0.8224745 0.7755486 0.7986546 0.7755486 0.7986546 0.7823064 0.7765301 0.7788171 0.7971588 0.7755486 0.7986546 0.7707295 0.8003235 0.7823064 0.7765301 0.7779606 0.7778268 0.7823064 0.7765301 0.7707295 0.8003235 0.7841125 0.7757956 0.7788171 0.7971588 0.7823064 0.7765301 0.7823064 0.7765301 0.7889294 0.7484017 0.7841125 0.7757956 0.7823064 0.7765301 0.7779606 0.7778268 0.7889294 0.7484017 0.7847055 0.748894 0.7889294 0.7484017 0.7779606 0.7778268 0.7896694 0.7482098 0.7841125 0.7757956 0.7889294 0.7484017 0.7896694 0.7482098 0.7889294 0.7484017 0.7931256 0.7213589 0.792384 0.7214212 0.7931256 0.7213589 0.7889294 0.7484017 0.7889294 0.7484017 0.7847055 0.748894 0.792384 0.7214212 0.7888283 0.7215927 0.792384 0.7214212 0.7847055 0.748894 0.756137 0.856287 0.7493707 0.8583844 0.7661502 0.8244457 0.7611947 0.8261341 0.7661502 0.8244457 0.7493707 0.8583844 0.792384 0.7214212 0.7867706 0.694809 0.7931256 0.7213589 0.7867706 0.694809 0.792384 0.7214212 0.7825425 0.6947283 0.7825425 0.6947283 0.7734792 0.6664367 0.7867706 0.694809 0.7825425 0.6947283 0.6968053 0.6998253 0.7734792 0.6664367 0.6875869 0.6729135 0.7734792 0.6664367 0.6968053 0.6998253 0.6968053 0.6998253 0.7825425 0.6947283 0.7020497 0.7256945 0.7888283 0.7215927 0.7020497 0.7256945 0.7825425 0.6947283 0.7888283 0.7215927 0.7825425 0.6947283 0.792384 0.7214212 0.7734792 0.6664367 0.6875869 0.6729135 0.7644787 0.6445833 0.6789556 0.6525127 0.7644787 0.6445833 0.6875869 0.6729135 0.7644787 0.6445833 0.6789556 0.6525127 0.7528691 0.6196283 0.6678002 0.6309828 0.7528691 0.6196283 0.6789556 0.6525127 0.7528691 0.6196283 0.6678002 0.6309828 0.7383563 0.5884538 0.6444982 0.594905 0.7383563 0.5884538 0.6678002 0.6309828 0.7383563 0.5884538 0.6444982 0.594905 0.7242989 0.5563527 0.6201729 0.5540787 0.7242989 0.5563527 0.6444982 0.594905 0.7242989 0.5563527 0.6201729 0.5540787 0.6792255 0.5338661 0.6122684 0.51599 0.6792255 0.5338661 0.6201729 0.5540787 0.7383563 0.5884538 0.7242989 0.5563527 0.7452067 0.5899574 0.7328113 0.5556817 0.7452067 0.5899574 0.7242989 0.5563527 0.7328113 0.5556817 0.7457079 0.562879 0.7452067 0.5899574 0.7536234 0.5919046 0.7452067 0.5899574 0.7457079 0.562879 0.7452067 0.5899574 0.7536234 0.5919046 0.7578886 0.6208554 0.7528691 0.6196283 0.7383563 0.5884538 0.7578886 0.6208554 0.7452067 0.5899574 0.7578886 0.6208554 0.7383563 0.5884538 0.7635144 0.6223393 0.7578886 0.6208554 0.7536234 0.5919046 0.7578886 0.6208554 0.7635144 0.6223393 0.7693547 0.6458076 0.7578886 0.6208554 0.7693547 0.6458076 0.7528691 0.6196283 0.7726868 0.6469943 0.7693547 0.6458076 0.7635144 0.6223393 0.7693547 0.6458076 0.7726868 0.6469943 0.7778844 0.6673148 0.7797118 0.6678511 0.7778844 0.6673148 0.7726868 0.6469943 0.7778844 0.6673148 0.7797118 0.6678511 0.7867706 0.694809 0.7875026 0.6948834 0.7867706 0.694809 0.7797118 0.6678511 0.7875026 0.6948834 0.7931256 0.7213589 0.7867706 0.694809 0.7778844 0.6673148 0.7867706 0.694809 0.7734792 0.6664367 0.7734792 0.6664367 0.7644787 0.6445833 0.7778844 0.6673148 0.7693547 0.6458076 0.7778844 0.6673148 0.7644787 0.6445833 0.7644787 0.6445833 0.7528691 0.6196283 0.7693547 0.6458076 1.804914 0.5066253 1.866643 0.5029296 1.827039 0.4770316 1.897548 0.4758442 1.827039 0.4770316 1.866643 0.5029296 1.804914 0.5066253 1.795007 0.5252539 1.866643 0.5029296 1.815447 0.5378309 1.866643 0.5029296 1.795007 0.5252539 1.815447 0.5378309 1.825068 0.5527517 1.866643 0.5029296 1.857642 0.5527631 1.866643 0.5029296 1.825068 0.5527517 1.827039 0.4770316 1.897548 0.4758442 1.855912 0.4404827 1.926877 0.4461659 1.855912 0.4404827 1.897548 0.4758442 1.804914 0.5066253 1.766342 0.5079647 1.795007 0.5252539 1.764313 0.5177468 1.795007 0.5252539 1.766342 0.5079647 1.703114 0.4867707 1.764313 0.5177468 1.766342 0.5079647 1.703114 0.4867707 1.766342 0.5079647 1.716056 0.461356 1.778846 0.4775926 1.716056 0.461356 1.766342 0.5079647 1.766342 0.5079647 1.804914 0.5066253 1.778846 0.4775926 1.827039 0.4770316 1.778846 0.4775926 1.804914 0.5066253 1.716056 0.461356 1.778846 0.4775926 1.740422 0.432422 1.793531 0.4490171 1.740422 0.432422 1.778846 0.4775926 1.793531 0.4490171 1.778846 0.4775926 1.805661 0.4455768 1.740422 0.432422 1.655509 0.4198101 1.716056 0.461356 1.716056 0.461356 1.655509 0.4198101 1.703114 0.4867707 1.778846 0.4775926 1.827039 0.4770316 1.805661 0.4455768 1.855912 0.4404827 1.805661 0.4455768 1.827039 0.4770316 1.955853 0.4436112 1.932688 0.472427 1.964835 0.4611462 1.951814 0.487548 1.964835 0.4611462 1.932688 0.472427 1.964835 0.4611462 1.986613 0.440693 1.955853 0.4436112 1.986613 0.440693 1.964835 0.4611462 1.994385 0.4497884 1.974621 0.4681941 1.994385 0.4497884 1.964835 0.4611462 1.975051 0.4271067 1.955853 0.4436112 1.986613 0.440693 1.932688 0.472427 1.918974 0.5102066 1.951814 0.487548 1.940448 0.5190333 1.951814 0.487548 1.918974 0.5102066 1.951814 0.487548 1.940448 0.5190333 1.961497 0.4916268 1.951814 0.487548 1.961497 0.4916268 1.964835 0.4611462 1.974621 0.4681941 1.964835 0.4611462 1.961497 0.4916268 1.953208 0.5220631 1.961497 0.4916268 1.940448 0.5190333 1.918974 0.5102066 1.914275 0.5520064 1.940448 0.5190333 1.937106 0.5527641 1.940448 0.5190333 1.914275 0.5520064 1.937106 0.5527641 1.949138 0.5527796 1.940448 0.5190333 1.953208 0.5220631 1.940448 0.5190333 1.949138 0.5527796 1.918974 0.5102066 1.866643 0.5029296 1.914275 0.5520064 1.857642 0.5527631 1.914275 0.5520064 1.866643 0.5029296 1.918974 0.5102066 1.932688 0.472427 1.866643 0.5029296 1.897548 0.4758442 1.866643 0.5029296 1.932688 0.472427 1.932688 0.472427 1.926877 0.4461659 1.897548 0.4758442 1.926877 0.4461659 1.932688 0.472427 1.942405 0.4317077 1.955853 0.4436112 1.942405 0.4317077 1.932688 0.472427 1.955853 0.4436112 1.975051 0.4271067 1.942405 0.4317077 1.962619 0.4135655 1.942405 0.4317077 1.975051 0.4271067 0.8044868 0.8697892 0.8820521 0.8446319 0.8175653 0.8784063 0.8820521 0.8446319 0.8998466 0.8528562 0.8175653 0.8784063 0.8881439 0.8455698 0.8998466 0.8528562 0.8820521 0.8446319 0.8175653 0.8784063 0.7651383 0.8976616 0.8044868 0.8697892 0.7590194 0.8832153 0.8044868 0.8697892 0.7651383 0.8976616 0.7590528 0.9147843 0.7482035 0.9212012 0.7552629 0.8996832 0.7439499 0.9000021 0.7552629 0.8996832 0.7482035 0.9212012 0.1253339 0.9211472 0.08734291 0.9221601 0.1252078 0.9194183 0.08856254 0.9164461 0.1252078 0.9194183 0.08734291 0.9221601 0.08734291 0.9221601 0.05215847 0.9261782 0.08856254 0.9164461 0.05266582 0.9169123 0.08856254 0.9164461 0.05215847 0.9261782 0.05215847 0.9261782 0.01389777 0.9277285 0.05266582 0.9169123 0.01433753 0.9192945 0.05266582 0.9169123 0.01389777 0.9277285 0.08677107 0.9107419 0.1252292 0.9177365 0.08856254 0.9164461 0.1252078 0.9194183 0.08856254 0.9164461 0.1252292 0.9177365 0.08856254 0.9164461 0.05266582 0.9169123 0.08677107 0.9107419 0.04861223 0.9103102 0.08677107 0.9107419 0.05266582 0.9169123 0.05266582 0.9169123 0.01433753 0.9192945 0.04861223 0.9103102 0.01097667 0.914478 0.04861223 0.9103102 0.01433753 0.9192945 0.01433753 0.9192945 0.007411599 0.9191607 0.01097667 0.914478 0.04861223 0.9103102 0.05281472 0.9038015 0.08677107 0.9107419 0.05281472 0.9038015 0.04861223 0.9103102 0.01454985 0.900555 0.01108098 0.9052944 0.01454985 0.900555 0.04861223 0.9103102 0.007622838 0.9005322 0.01454985 0.900555 0.01108098 0.9052944 0.08869141 0.9050795 0.08677107 0.9107419 0.05281472 0.9038015 0.08677107 0.9107419 0.08869141 0.9050795 0.1253784 0.9046218 0.1253949 0.90294 0.1253784 0.9046218 0.08869141 0.9050795 0.007411599 0.9191607 0.01433753 0.9192945 0.01389777 0.9277285 0.1442108 0.9405997 0.189224 0.9394966 0.1443212 0.9423264 0.1879798 0.9452064 0.1443212 0.9423264 0.189224 0.9394966 0.189224 0.9394966 0.2243835 0.9354708 0.1879798 0.9452064 0.2238777 0.9447334 0.1879798 0.9452064 0.2243835 0.9354708 0.2243835 0.9354708 0.2626306 0.9339041 0.2238777 0.9447334 0.2621945 0.9423358 0.2238777 0.9447334 0.2626306 0.9339041 0.1897981 0.9509029 0.1443062 0.9440073 0.1879798 0.9452064 0.1443212 0.9423264 0.1879798 0.9452064 0.1443062 0.9440073 0.1879798 0.9452064 0.2238777 0.9447334 0.1897981 0.9509029 0.2279323 0.9513317 0.1897981 0.9509029 0.2238777 0.9447334 0.2238777 0.9447334 0.2621945 0.9423358 0.2279323 0.9513317 0.2655575 0.9471494 0.2279323 0.9513317 0.2621945 0.9423358 0.2621945 0.9423358 0.2691196 0.9424666 0.2655575 0.9471494 0.2279323 0.9513317 0.2237301 0.9578373 0.1897981 0.9509029 0.2237301 0.9578373 0.2279323 0.9513317 0.2619836 0.9610913 0.2654534 0.9563544 0.2619836 0.9610913 0.2279323 0.9513317 0.2689098 0.9611154 0.2619836 0.9610913 0.2654534 0.9563544 0.1878518 0.956557 0.1897981 0.9509029 0.2237301 0.9578373 0.1897981 0.9509029 0.1878518 0.956557 0.1441619 0.956766 0.1441392 0.9584469 0.1441619 0.956766 0.1878518 0.956557 0.2691196 0.9424666 0.2621945 0.9423358 0.2626306 0.9339041 0.3159087 0.1761189 0.2651602 0.1773021 0.3158089 0.1743931 0.2664179 0.1715955 0.3158089 0.1743931 0.2651602 0.1773021 0.2651602 0.1773021 0.2300147 0.1813303 0.2664179 0.1715955 0.2305199 0.1720705 0.2664179 0.1715955 0.2300147 0.1813303 0.2300147 0.1813303 0.1917726 0.1828904 0.2305199 0.1720705 0.1922106 0.1744609 0.2305199 0.1720705 0.1917726 0.1828904 0.2645822 0.165904 0.3158198 0.1727127 0.2664179 0.1715955 0.3158089 0.1743931 0.2664179 0.1715955 0.3158198 0.1727127 0.2664179 0.1715955 0.2305199 0.1720705 0.2645822 0.165904 0.2264656 0.1654744 0.2645822 0.165904 0.2305199 0.1720705 0.2305199 0.1720705 0.1922106 0.1744609 0.2264656 0.1654744 0.1888496 0.1696476 0.2264656 0.1654744 0.1922106 0.1744609 0.1922106 0.1744609 0.1852875 0.1743289 0.1888496 0.1696476 0.2264656 0.1654744 0.2306678 0.1589711 0.2645822 0.165904 0.2306678 0.1589711 0.2264656 0.1654744 0.1924217 0.1557206 0.1889536 0.1604568 0.1924217 0.1557206 0.2264656 0.1654744 0.1854979 0.1556966 0.1924217 0.1557206 0.1889536 0.1604568 0.2665458 0.1602554 0.2645822 0.165904 0.2306678 0.1589711 0.2645822 0.165904 0.2665458 0.1602554 0.3159604 0.1602576 0.3159874 0.1585774 0.3159604 0.1602576 0.2665458 0.1602554 0.1852875 0.1743289 0.1922106 0.1744609 0.1917726 0.1828904 0.6651806 0.3905525 0.71394 0.3893986 0.6652842 0.3922785 0.7126865 0.3951061 0.6652842 0.3922785 0.71394 0.3893986 0.71394 0.3893986 0.7490897 0.3853735 0.7126865 0.3951061 0.7485849 0.3946341 0.7126865 0.3951061 0.7490897 0.3853735 0.7490897 0.3853735 0.7873347 0.3838157 0.7485849 0.3946341 0.7868962 0.3922459 0.7485849 0.3946341 0.7873347 0.3838157 0.7145151 0.4007992 0.6652716 0.393959 0.7126865 0.3951061 0.6652842 0.3922785 0.7126865 0.3951061 0.6652716 0.393959 0.7126865 0.3951061 0.7485849 0.3946341 0.7145151 0.4007992 0.7526377 0.4012312 0.7145151 0.4007992 0.7485849 0.3946341 0.7485849 0.3946341 0.7868962 0.3922459 0.7526377 0.4012312 0.790257 0.3970596 0.7526377 0.4012312 0.7868962 0.3922459 0.7868962 0.3922459 0.7938195 0.3923782 0.790257 0.3970596 0.7526377 0.4012312 0.7484366 0.4077351 0.7145151 0.4007992 0.7484366 0.4077351 0.7526377 0.4012312 0.7866839 0.4109867 0.7901525 0.4062501 0.7866839 0.4109867 0.7526377 0.4012312 0.7936087 0.4110105 0.7866839 0.4109867 0.7901525 0.4062501 0.712558 0.4064497 0.7145151 0.4007992 0.7484366 0.4077351 0.7145151 0.4007992 0.712558 0.4064497 0.6651297 0.4065245 0.665104 0.4082049 0.6651297 0.4065245 0.712558 0.4064497 0.7938195 0.3923782 0.7868962 0.3922459 0.7873347 0.3838157 0.5907223 0.153058 0.5455565 0.1543539 0.5906144 0.1513313 0.5467999 0.1486444 0.5906144 0.1513313 0.5455565 0.1543539 0.5455565 0.1543539 0.5103977 0.1583828 0.5467999 0.1486444 0.5109012 0.1491202 0.5467999 0.1486444 0.5103977 0.1583828 0.5103977 0.1583828 0.4721507 0.1599556 0.5109012 0.1491202 0.472585 0.151524 0.5109012 0.1491202 0.4721507 0.1599556 0.5449795 0.1429483 0.5906303 0.1496502 0.5467999 0.1486444 0.5906144 0.1513313 0.5467999 0.1486444 0.5906303 0.1496502 0.5467999 0.1486444 0.5109012 0.1491202 0.5449795 0.1429483 0.5068452 0.1425222 0.5449795 0.1429483 0.5109012 0.1491202 0.5109012 0.1491202 0.472585 0.151524 0.5068452 0.1425222 0.469222 0.1467106 0.5068452 0.1425222 0.472585 0.151524 0.472585 0.151524 0.4656605 0.1513943 0.469222 0.1467106 0.5068452 0.1425222 0.5110474 0.1360162 0.5449795 0.1429483 0.5110474 0.1360162 0.5068452 0.1425222 0.4727947 0.1327593 0.469325 0.1374962 0.4727947 0.1327593 0.5068452 0.1425222 0.4658689 0.1327344 0.4727947 0.1327593 0.469325 0.1374962 0.5469265 0.1372945 0.5449795 0.1429483 0.5110474 0.1360162 0.5449795 0.1429483 0.5469265 0.1372945 0.5907688 0.1372703 0.5907907 0.1355893 0.5907688 0.1372703 0.5469265 0.1372945 0.4656605 0.1513943 0.472585 0.151524 0.4721507 0.1599556 0.006213784 0.9345359 0.05455458 0.937035 0.006503105 0.937061 0.05327641 0.9427348 0.006503105 0.937061 0.05455458 0.937035 0.05455458 0.937035 0.08968448 0.9330665 0.05327641 0.9427348 0.08914256 0.9422959 0.05327641 0.9427348 0.08968448 0.9330665 0.08968448 0.9330665 0.1278496 0.9317418 0.08914256 0.9422959 0.1244317 0.9398252 0.08914256 0.9422959 0.1278496 0.9317418 0.006503105 0.937061 0.05327641 0.9427348 0.006765842 0.9395195 0.05510842 0.9484254 0.006765842 0.9395195 0.05327641 0.9427348 0.05327641 0.9427348 0.08914256 0.9422959 0.05510842 0.9484254 0.09317731 0.9488596 0.05510842 0.9484254 0.08914256 0.9422959 0.08914256 0.9422959 0.1244317 0.9398252 0.09317731 0.9488596 0.130559 0.9446846 0.09317731 0.9488596 0.1244317 0.9398252 0.1244317 0.9398252 0.1341665 0.9403774 0.130559 0.9446846 0.09317731 0.9488596 0.08899414 0.9553293 0.05510842 0.9484254 0.08899414 0.9553293 0.09317731 0.9488596 0.1242178 0.958604 0.1304542 0.9538854 0.1242178 0.958604 0.09317731 0.9488596 0.1339625 0.958274 0.1242178 0.958604 0.1304542 0.9538854 0.05314755 0.9540726 0.05510842 0.9484254 0.08899414 0.9553293 0.05510842 0.9484254 0.05314755 0.9540726 0.006575942 0.9562281 0.006257414 0.9586798 0.006575942 0.9562281 0.05314755 0.9540726 1.914744 0.4339109 1.926877 0.4461659 1.925942 0.4173952 1.942405 0.4317077 1.925942 0.4173952 1.926877 0.4461659 1.942405 0.4317077 1.962619 0.4135655 1.925942 0.4173952 1.948185 0.3962801 1.925942 0.4173952 1.962619 0.4135655 0.6951942 0.9176527 0.7007585 0.9380576 0.630021 0.9409699 0.6330972 0.9583873 0.630021 0.9409699 0.7007585 0.9380576 0.7007585 0.9380576 0.6951942 0.9176527 0.7482035 0.9212012 0.7482035 0.9212012 0.6951942 0.9176527 0.7399272 0.8978202 0.7439499 0.9000021 0.7482035 0.9212012 0.7399272 0.8978202 0.8069528 0.04619461 0.8382452 0.01498097 0.8190444 0.0533747 0.8449833 0.02737444 0.8190444 0.0533747 0.8382452 0.01498097 0.8069528 0.04619461 0.8190444 0.0533747 0.7958086 0.0887503 0.8100095 0.08874964 0.7958086 0.0887503 0.8190444 0.0533747 0.8382452 0.01498097 0.8809198 0.003892242 0.8449833 0.02737444 0.8805273 0.01820164 0.8449833 0.02737444 0.8809198 0.003892242 0.8809198 0.003892242 0.9235163 0.01511293 0.8805273 0.01820164 0.9161284 0.02727079 0.8805273 0.01820164 0.9235163 0.01511293 0.9235163 0.01511293 0.9546577 0.04632729 0.9161284 0.02727079 0.9421927 0.05327343 0.9161284 0.02727079 0.9546577 0.04632729 0.8190444 0.0533747 0.8449833 0.02737444 0.8303659 0.06005537 0.8190444 0.0533747 0.8303659 0.06005537 0.8100095 0.08874964 0.8513575 0.03897398 0.8303659 0.06005537 0.8449833 0.02737444 0.8449833 0.02737444 0.8805273 0.01820164 0.8513575 0.03897398 0.8235207 0.08874964 0.8100095 0.08874964 0.8303659 0.06005537 0.9161284 0.02727079 0.9421927 0.05327343 0.9091879 0.0388211 0.9303639 0.05990773 0.9091879 0.0388211 0.9421927 0.05327343 0.8805273 0.01820164 0.9161284 0.02727079 0.8802302 0.0319401 0.9091879 0.0388211 0.8802302 0.0319401 0.9161284 0.02727079 0.8802302 0.0319401 0.8513575 0.03897398 0.8805273 0.01820164 0.8303659 0.06005537 0.8513575 0.03897398 0.841662 0.06646084 0.8303659 0.06005537 0.841662 0.06646084 0.8235207 0.08874964 0.85754 0.05052489 0.841662 0.06646084 0.8513575 0.03897398 0.8513575 0.03897398 0.8802302 0.0319401 0.85754 0.05052489 0.837081 0.08874964 0.8235207 0.08874964 0.841662 0.06646084 0.9091879 0.0388211 0.9303639 0.05990773 0.9025024 0.05041134 0.9185182 0.06636816 0.9025024 0.05041134 0.9303639 0.05990773 0.8802302 0.0319401 0.9091879 0.0388211 0.8799806 0.04578727 0.9025024 0.05041134 0.8799806 0.04578727 0.9091879 0.0388211 0.8799806 0.04578727 0.85754 0.05052489 0.8802302 0.0319401 0.8593011 0.06841427 0.841662 0.06646084 0.85754 0.05052489 0.8504446 0.08874964 0.837081 0.08874964 0.841662 0.06646084 0.8593011 0.06841427 0.8504446 0.08874964 0.841662 0.06646084 0.9003276 0.06834763 0.9025024 0.05041134 0.9185182 0.06636816 0.8797764 0.05943799 0.8799806 0.04578727 0.9025024 0.05041134 0.8797764 0.05943799 0.85754 0.05052489 0.8799806 0.04578727 0.9003276 0.06834763 0.8797764 0.05943799 0.9025024 0.05041134 0.8593011 0.06841427 0.85754 0.05052489 0.8797764 0.05943799 0.8593011 0.06841427 0.8693337 0.07858687 0.8504446 0.08874964 0.8593011 0.06841427 0.8797764 0.05943799 0.8693337 0.07858687 0.8645976 0.08874958 0.8504446 0.08874964 0.8693337 0.07858687 0.8797764 0.05943799 0.9003276 0.06834763 0.87964 0.07378655 0.87964 0.07378655 0.8693337 0.07858687 0.8797764 0.05943799 0.889969 0.07856857 0.87964 0.07378655 0.9003276 0.06834763 0.8795964 0.08874928 0.8645976 0.08874958 0.8693337 0.07858687 0.8795964 0.08874928 0.87964 0.07378655 0.889969 0.07856857 0.8795964 0.08874928 0.8693337 0.07858687 0.87964 0.07378655 0.889969 0.07856857 0.9003276 0.06834763 0.894733 0.08874928 0.8795964 0.08874928 0.889969 0.07856857 0.894733 0.08874928 0.9092768 0.08875048 0.894733 0.08874928 0.9003276 0.06834763 0.9003276 0.06834763 0.9185182 0.06636816 0.9092768 0.08875048 0.9092768 0.08875048 0.9185182 0.06636816 0.9232184 0.08875209 0.9185182 0.06636816 0.9303639 0.05990773 0.9232184 0.08875209 0.9373578 0.08875387 0.9232184 0.08875209 0.9303639 0.05990773 0.9303639 0.05990773 0.9421927 0.05327343 0.9373578 0.08875387 0.9513282 0.08875548 0.9373578 0.08875387 0.9421927 0.05327343 0.9421927 0.05327343 0.9546577 0.04632729 0.9513282 0.08875548 0.965755 0.08875471 0.9513282 0.08875548 0.9546577 0.04632729 0.8976694 0.3939848 0.8976235 0.3987624 0.864633 0.3904847 0.8639305 0.3951201 0.864633 0.3904847 0.8976235 0.3987624 0.8639305 0.3951201 0.8312188 0.3873251 0.864633 0.3904847 0.8322502 0.3826207 0.864633 0.3904847 0.8312188 0.3873251 0.8312188 0.3873251 0.8006799 0.376917 0.8322502 0.3826207 0.80066 0.3714535 0.8322502 0.3826207 0.8006799 0.376917 0.8976694 0.3939848 0.864633 0.3904847 0.8976635 0.3917867 0.8646895 0.3885809 0.8976635 0.3917867 0.864633 0.3904847 0.864633 0.3904847 0.8322502 0.3826207 0.8646895 0.3885809 0.8976635 0.3917867 0.8646895 0.3885809 0.8976812 0.3787748 0.8670884 0.3760847 0.8976812 0.3787748 0.8646895 0.3885809 0.8646895 0.3885809 0.8322967 0.3804817 0.8670884 0.3760847 0.8322967 0.3804817 0.8646895 0.3885809 0.8322502 0.3826207 0.8322502 0.3826207 0.80066 0.3714535 0.8322967 0.3804817 0.8369128 0.3685474 0.8670884 0.3760847 0.8322967 0.3804817 0.8369128 0.3685474 0.8322967 0.3804817 0.8060213 0.3596146 0.801016 0.3681006 0.8060213 0.3596146 0.8322967 0.3804817 0.801016 0.3681006 0.8322967 0.3804817 0.80066 0.3714535 0.8976812 0.3787748 0.8670884 0.3760847 0.8976812 0.3041355 0.8768159 0.3026231 0.8976812 0.3041355 0.8670884 0.3760847 0.8670884 0.3760847 0.8369128 0.3685474 0.8768159 0.3026231 0.8976812 0.3041355 0.8768159 0.3026231 0.8976719 0.2474385 0.8831432 0.2464007 0.8976719 0.2474385 0.8768159 0.3026231 0.8831432 0.2464007 0.887793 0.2045699 0.8976719 0.2474385 0.887793 0.2045699 0.8831432 0.2464007 0.8742443 0.2188438 0.8691481 0.24349 0.8742443 0.2188438 0.8831432 0.2464007 0.8976859 0.1963724 0.8976719 0.2474385 0.887793 0.2045699 0.8768159 0.3026231 0.8565928 0.2982471 0.8831432 0.2464007 0.8691481 0.24349 0.8831432 0.2464007 0.8565928 0.2982471 0.8565928 0.2982471 0.8768159 0.3026231 0.8369128 0.3685474 0.8369128 0.3685474 0.8060213 0.3596146 0.8565928 0.2982471 0.8565928 0.2982471 0.8354904 0.2930333 0.8691481 0.24349 0.8354904 0.2930333 0.8565928 0.2982471 0.8060213 0.3596146 0.855902 0.2380998 0.8691481 0.24349 0.8354904 0.2930333 0.8742443 0.2188438 0.8691481 0.24349 0.855902 0.2380998 0.855902 0.2380998 0.8354904 0.2930333 0.8225043 0.2884318 0.8060213 0.3596146 0.8225043 0.2884318 0.8354904 0.2930333 0.8974065 0.475805 0.8665237 0.5029048 0.8269042 0.476974 0.8047842 0.5065891 0.8269042 0.476974 0.8665237 0.5029048 0.8047842 0.5065891 0.8665237 0.5029048 0.7948834 0.5252317 0.815372 0.5378414 0.7948834 0.5252317 0.8665237 0.5029048 0.815372 0.5378414 0.8665237 0.5029048 0.8250682 0.5527765 0.8576421 0.552765 0.8250682 0.5527765 0.8665237 0.5029048 0.8269042 0.476974 0.8557836 0.4404213 0.8974065 0.475805 0.9266402 0.4458997 0.8974065 0.475805 0.8557836 0.4404213 0.8047842 0.5065891 0.7948834 0.5252317 0.766206 0.5079082 0.7641785 0.5176922 0.766206 0.5079082 0.7948834 0.5252317 0.7641785 0.5176922 0.7029669 0.4867376 0.766206 0.5079082 0.7029669 0.4867376 0.7158956 0.4613171 0.766206 0.5079082 0.7787015 0.4775302 0.766206 0.5079082 0.7158956 0.4613171 0.8269042 0.476974 0.8047842 0.5065891 0.7787015 0.4775302 0.766206 0.5079082 0.7787015 0.4775302 0.8047842 0.5065891 0.7158956 0.4613171 0.7402462 0.4323707 0.7787015 0.4775302 0.7933702 0.4489448 0.7787015 0.4775302 0.7402462 0.4323707 0.7787015 0.4775302 0.7933702 0.4489448 0.8055105 0.4455066 0.6553233 0.4198046 0.7402462 0.4323707 0.7158956 0.4613171 0.6553233 0.4198046 0.7158956 0.4613171 0.7029669 0.4867376 0.8557836 0.4404213 0.8269042 0.476974 0.8055105 0.4455066 0.7787015 0.4775302 0.8055105 0.4455066 0.8269042 0.476974 0.12935 0.3584814 0.111704 0.3570686 0.1282768 0.3293436 0.1107376 0.3315836 0.1282768 0.3293436 0.111704 0.3570686 0.111704 0.3570686 0.09164923 0.3554779 0.1107376 0.3315836 0.09081649 0.3341439 0.1107376 0.3315836 0.09164923 0.3554779 0.09164923 0.3554779 0.06956988 0.3537654 0.09081649 0.3341439 0.06891131 0.3370316 0.09081649 0.3341439 0.06956988 0.3537654 0.04627317 0.3520138 0.06891131 0.3370316 0.06956988 0.3537654 0.1107376 0.3315836 0.1045162 0.3066712 0.1282768 0.3293436 0.1212334 0.3009035 0.1282768 0.3293436 0.1045162 0.3066712 0.1282768 0.3293436 0.1212334 0.3009035 0.1373476 0.3281575 0.1282768 0.3293436 0.1373476 0.3281575 0.12935 0.3584814 0.1298658 0.2978856 0.1373476 0.3281575 0.1212334 0.3009035 0.09081649 0.3341439 0.08556163 0.3132238 0.1107376 0.3315836 0.1045162 0.3066712 0.1107376 0.3315836 0.08556163 0.3132238 0.06891131 0.3370316 0.06476747 0.3205804 0.09081649 0.3341439 0.08556163 0.3132238 0.09081649 0.3341439 0.06476747 0.3205804 0.138469 0.3592207 0.12935 0.3584814 0.1373476 0.3281575 0.138469 0.3592207 0.1341437 0.3859441 0.12935 0.3584814 0.1253155 0.3834167 0.12935 0.3584814 0.1341437 0.3859441 0.1253155 0.3834167 0.1341437 0.3859441 0.1157209 0.4065363 0.1157209 0.4065363 0.09990304 0.3984704 0.1253155 0.3834167 0.1082897 0.3785613 0.1253155 0.3834167 0.09990304 0.3984704 0.09990304 0.3984704 0.08193242 0.3893036 0.1082897 0.3785613 0.08894062 0.3730682 0.1082897 0.3785613 0.08193242 0.3893036 0.08193242 0.3893036 0.06225413 0.3791032 0.08894062 0.3730682 0.06766206 0.3669902 0.08894062 0.3730682 0.06225413 0.3791032 0.04170244 0.3680749 0.06766206 0.3669902 0.06225413 0.3791032 0.1238762 0.4107382 0.1157209 0.4065363 0.1341437 0.3859441 0.1082897 0.3785613 0.111704 0.3570686 0.1253155 0.3834167 0.12935 0.3584814 0.1253155 0.3834167 0.111704 0.3570686 0.08894062 0.3730682 0.09164923 0.3554779 0.1082897 0.3785613 0.111704 0.3570686 0.1082897 0.3785613 0.09164923 0.3554779 0.06766206 0.3669902 0.06956988 0.3537654 0.08894062 0.3730682 0.09164923 0.3554779 0.08894062 0.3730682 0.06956988 0.3537654 0.04627317 0.3520138 0.06766206 0.3669902 0.04170244 0.3680749 0.06956988 0.3537654 0.06766206 0.3669902 0.04627317 0.3520138 0.02003264 0.3557021 0.04627317 0.3520138 0.04170244 0.3680749 0.02003264 0.3557021 0.02052009 0.3375036 0.04627317 0.3520138 0.02052009 0.3375036 0.04293596 0.3286261 0.04627317 0.3520138 0.04293596 0.3286261 0.06891131 0.3370316 0.04627317 0.3520138 0.06476747 0.3205804 0.06891131 0.3370316 0.04293596 0.3286261 0.9501445 0.4869546 0.9325054 0.4724267 0.9645891 0.4613318 0.955843 0.4437462 0.9645891 0.4613318 0.9325054 0.4724267 0.9645891 0.4613318 0.955843 0.4437462 0.9852266 0.4405713 0.9852266 0.4405713 0.9929097 0.4497423 0.9645891 0.4613318 0.9742229 0.4684933 0.9645891 0.4613318 0.9929097 0.4497423 0.9737415 0.4269204 0.9852266 0.4405713 0.955843 0.4437462 0.9325054 0.4724267 0.9501445 0.4869546 0.9188312 0.5102066 0.9402816 0.5190455 0.9188312 0.5102066 0.9501445 0.4869546 0.9501445 0.4869546 0.9611797 0.491701 0.9402816 0.5190455 0.9742229 0.4684933 0.9611797 0.491701 0.9645891 0.4613318 0.9501445 0.4869546 0.9645891 0.4613318 0.9611797 0.491701 0.9520915 0.5214027 0.9402816 0.5190455 0.9611797 0.491701 0.9188312 0.5102066 0.9402816 0.5190455 0.9142751 0.5535218 0.9371057 0.5527641 0.9142751 0.5535218 0.9402816 0.5190455 0.9520915 0.5214027 0.9491379 0.5527486 0.9402816 0.5190455 0.9371057 0.5527641 0.9402816 0.5190455 0.9491379 0.5527486 0.9188312 0.5102066 0.9142751 0.5535218 0.8665237 0.5029048 0.8576421 0.552765 0.8665237 0.5029048 0.9142751 0.5535218 0.9188312 0.5102066 0.8665237 0.5029048 0.9325054 0.4724267 0.8974065 0.475805 0.9325054 0.4724267 0.8665237 0.5029048 0.9266402 0.4458997 0.9325054 0.4724267 0.8974065 0.475805 0.9266402 0.4458997 0.9425004 0.431749 0.9325054 0.4724267 0.955843 0.4437462 0.9325054 0.4724267 0.9425004 0.431749 0.955843 0.4437462 0.9425004 0.431749 0.9737415 0.4269204 0.9633319 0.4143044 0.9737415 0.4269204 0.9425004 0.431749 0.7921345 0.5723017 0.8044397 0.5625251 0.8715395 0.5907532 0.8044397 0.5625251 0.8885792 0.5810614 0.8715395 0.5907532 0.8885792 0.5810614 0.8775331 0.589307 0.8715395 0.5907532 0.8044397 0.5625251 0.7921345 0.5723017 0.7505208 0.5479501 0.7457079 0.562879 0.7505208 0.5479501 0.7921345 0.5723017 0.729342 0.5471561 0.7317207 0.525666 0.7406272 0.5464771 0.743084 0.5311053 0.7406272 0.5464771 0.7317207 0.525666 0.08869141 0.9050795 0.08760166 0.8993394 0.1253949 0.90294 0.1255602 0.9012145 0.1253949 0.90294 0.08760166 0.8993394 0.08760166 0.8993394 0.08869141 0.9050795 0.05251705 0.8945265 0.05281472 0.9038015 0.05251705 0.8945265 0.08869141 0.9050795 0.05251705 0.8945265 0.05281472 0.9038015 0.01430118 0.8921133 0.01454985 0.900555 0.01430118 0.8921133 0.05281472 0.9038015 0.01454985 0.900555 0.007622838 0.9005322 0.01430118 0.8921133 0.1878518 0.956557 0.1889666 0.9622936 0.1441392 0.9584469 0.1439894 0.9601706 0.1441392 0.9584469 0.1889666 0.9622936 0.1889666 0.9622936 0.1878518 0.956557 0.224028 0.967109 0.2237301 0.9578373 0.224028 0.967109 0.1878518 0.956557 0.224028 0.967109 0.2237301 0.9578373 0.2622311 0.9695307 0.2619836 0.9610913 0.2622311 0.9695307 0.2237301 0.9578373 0.2619836 0.9610913 0.2689098 0.9611154 0.2622311 0.9695307 0.2665458 0.1602554 0.2654174 0.1545218 0.3159874 0.1585774 0.3161263 0.1568544 0.3159874 0.1585774 0.2654174 0.1545218 0.2654174 0.1545218 0.2665458 0.1602554 0.2303708 0.1497023 0.2306678 0.1589711 0.2303708 0.1497023 0.2665458 0.1602554 0.2303708 0.1497023 0.2306678 0.1589711 0.1921738 0.1472831 0.1924217 0.1557206 0.1921738 0.1472831 0.2306678 0.1589711 0.1924217 0.1557206 0.1854979 0.1556966 0.1921738 0.1472831 0.712558 0.4064497 0.7136822 0.4121841 0.665104 0.4082049 0.6649615 0.4099281 0.665104 0.4082049 0.7136822 0.4121841 0.7136822 0.4121841 0.712558 0.4064497 0.7487319 0.4170048 0.7484366 0.4077351 0.7487319 0.4170048 0.712558 0.4064497 0.7487319 0.4170048 0.7484366 0.4077351 0.7869322 0.4194245 0.7866839 0.4109867 0.7869322 0.4194245 0.7484366 0.4077351 0.7866839 0.4109867 0.7936087 0.4110105 0.7869322 0.4194245 0.5469265 0.1372945 0.5458113 0.1315584 0.5907907 0.1355893 0.5909368 0.1338655 0.5907907 0.1355893 0.5458113 0.1315584 0.5458113 0.1315584 0.5469265 0.1372945 0.5107511 0.1267447 0.5110474 0.1360162 0.5107511 0.1267447 0.5469265 0.1372945 0.5107511 0.1267447 0.5110474 0.1360162 0.4725484 0.1243202 0.4727947 0.1327593 0.4725484 0.1243202 0.5110474 0.1360162 0.4727947 0.1327593 0.4658689 0.1327344 0.4725484 0.1243202 0.05314755 0.9540726 0.05429553 0.9598001 0.006257414 0.9586798 0.005910634 0.9611977 0.006257414 0.9586798 0.05429553 0.9598001 0.05429553 0.9598001 0.05314755 0.9540726 0.08932542 0.964569 0.08899414 0.9553293 0.08932542 0.964569 0.05314755 0.9540726 0.08932542 0.964569 0.08899414 0.9553293 0.1274505 0.9667634 0.1242178 0.958604 0.1274505 0.9667634 0.08899414 0.9553293 0.1242178 0.958604 0.1339625 0.958274 0.1274505 0.9667634 0.9425004 0.431749 0.9266402 0.4458997 0.9265558 0.4168819 0.914771 0.4330174 0.9265558 0.4168819 0.9266402 0.4458997 0.9425004 0.431749 0.9265558 0.4168819 0.9633319 0.4143044 0.9491549 0.3975261 0.9633319 0.4143044 0.9265558 0.4168819 0.6139179 0.4983909 0.6830062 0.5130473 0.6122684 0.51599 0.6792255 0.5338661 0.6122684 0.51599 0.6830062 0.5130473 0.6792255 0.5338661 0.6830062 0.5130473 0.7317207 0.525666 0.7255341 0.5496863 0.6792255 0.5338661 0.7317207 0.525666 0.729342 0.5471561 0.7255341 0.5496863 0.7317207 0.525666 0.9007053 0.7166841 0.899363 0.6973016 0.9059845 0.7164592 0.9032456 0.6973212 0.9059845 0.7164592 0.899363 0.6973016 0.8069062 0.04632753 0.8380475 0.01511335 0.8193712 0.05327367 0.8454354 0.02727115 0.8193712 0.05327367 0.8380475 0.01511335 0.8069062 0.04632753 0.8193712 0.05327367 0.795809 0.08875471 0.8102357 0.08875548 0.795809 0.08875471 0.8193712 0.05327367 0.8380475 0.01511335 0.8806437 0.003892719 0.8454354 0.02727115 0.8810363 0.018202 0.8454354 0.02727115 0.8806437 0.003892719 0.8806437 0.003892719 0.9233181 0.01498138 0.8810363 0.018202 0.91658 0.0273748 0.8810363 0.018202 0.9233181 0.01498138 0.9233181 0.01498138 0.9546103 0.04619485 0.91658 0.0273748 0.9425187 0.05337488 0.91658 0.0273748 0.9546103 0.04619485 0.8193712 0.05327367 0.8454354 0.02727115 0.8311999 0.05990785 0.8193712 0.05327367 0.8311999 0.05990785 0.8102357 0.08875548 0.8523757 0.03882133 0.8311999 0.05990785 0.8454354 0.02727115 0.8454354 0.02727115 0.8810363 0.018202 0.8523757 0.03882133 0.8242061 0.08875387 0.8102357 0.08875548 0.8311999 0.05990785 0.91658 0.0273748 0.9425187 0.05337488 0.9102058 0.03897428 0.9311974 0.06005549 0.9102058 0.03897428 0.9425187 0.05337488 0.8810363 0.018202 0.91658 0.0273748 0.8813334 0.03194046 0.9102058 0.03897428 0.8813334 0.03194046 0.91658 0.0273748 0.8813334 0.03194046 0.8523757 0.03882133 0.8810363 0.018202 0.8311999 0.05990785 0.8523757 0.03882133 0.8430456 0.06636828 0.8311999 0.05990785 0.8430456 0.06636828 0.8242061 0.08875387 0.8590612 0.05041158 0.8430456 0.06636828 0.8523757 0.03882133 0.8523757 0.03882133 0.8813334 0.03194046 0.8590612 0.05041158 0.8383454 0.08875209 0.8242061 0.08875387 0.8430456 0.06636828 0.9102058 0.03897428 0.9311974 0.06005549 0.9040234 0.05052506 0.9199013 0.06646102 0.9040234 0.05052506 0.9311974 0.06005549 0.8813334 0.03194046 0.9102058 0.03897428 0.881583 0.04578751 0.9040234 0.05052506 0.881583 0.04578751 0.9102058 0.03897428 0.881583 0.04578751 0.8590612 0.05041158 0.8813334 0.03194046 0.8612361 0.06834775 0.8430456 0.06636828 0.8590612 0.05041158 0.8522868 0.08875048 0.8383454 0.08875209 0.8430456 0.06636828 0.8612361 0.06834775 0.8522868 0.08875048 0.8430456 0.06636828 0.9022622 0.06841439 0.9040234 0.05052506 0.9199013 0.06646102 0.8817872 0.05943816 0.881583 0.04578751 0.9040234 0.05052506 0.8817872 0.05943816 0.8590612 0.05041158 0.881583 0.04578751 0.9022622 0.06841439 0.8817872 0.05943816 0.9040234 0.05052506 0.8612361 0.06834775 0.8590612 0.05041158 0.8817872 0.05943816 0.8612361 0.06834775 0.8715945 0.07856863 0.8522868 0.08875048 0.8612361 0.06834775 0.8817872 0.05943816 0.8715945 0.07856863 0.8668307 0.08874928 0.8522868 0.08875048 0.8715945 0.07856863 0.8817872 0.05943816 0.9022622 0.06841439 0.8819236 0.07378667 0.8819236 0.07378667 0.8715945 0.07856863 0.8817872 0.05943816 0.8922298 0.07858693 0.8819236 0.07378667 0.9022622 0.06841439 0.8819672 0.08874928 0.8668307 0.08874928 0.8715945 0.07856863 0.8819672 0.08874928 0.8819236 0.07378667 0.8922298 0.07858693 0.8819672 0.08874928 0.8715945 0.07856863 0.8819236 0.07378667 0.8922298 0.07858693 0.9022622 0.06841439 0.896966 0.08874958 0.8819672 0.08874928 0.8922298 0.07858693 0.896966 0.08874958 0.9111187 0.08874964 0.896966 0.08874958 0.9022622 0.06841439 0.9022622 0.06841439 0.9199013 0.06646102 0.9111187 0.08874964 0.9111187 0.08874964 0.9199013 0.06646102 0.9244823 0.08874964 0.9199013 0.06646102 0.9311974 0.06005549 0.9244823 0.08874964 0.9380424 0.08874964 0.9244823 0.08874964 0.9311974 0.06005549 0.9311974 0.06005549 0.9425187 0.05337488 0.9380424 0.08874964 0.9515536 0.08874964 0.9380424 0.08874964 0.9425187 0.05337488 0.9425187 0.05337488 0.9546103 0.04619485 0.9515536 0.08874964 0.9657545 0.0887503 0.9515536 0.08874964 0.9546103 0.04619485 1.897669 0.3939807 1.897624 0.3987571 1.930746 0.3909581 1.931429 0.3956568 1.930746 0.3909581 1.897624 0.3987571 1.931429 0.3956568 1.964099 0.3874601 1.930746 0.3909581 1.963046 0.382748 1.930746 0.3909581 1.964099 0.3874601 1.964099 0.3874601 1.994606 0.376985 1.963046 0.382748 1.994619 0.3715242 1.963046 0.382748 1.994606 0.376985 1.897669 0.3939807 1.930746 0.3909581 1.897664 0.3917832 1.930667 0.3888834 1.897664 0.3917832 1.930746 0.3909581 1.930746 0.3909581 1.963046 0.382748 1.930667 0.3888834 1.897664 0.3917832 1.930667 0.3888834 1.897681 0.3787748 1.928257 0.3762272 1.897681 0.3787748 1.930667 0.3888834 1.930667 0.3888834 1.963013 0.3805912 1.928257 0.3762272 1.963013 0.3805912 1.930667 0.3888834 1.963046 0.382748 1.963046 0.382748 1.994619 0.3715242 1.963013 0.3805912 1.958393 0.3686479 1.928257 0.3762272 1.963013 0.3805912 1.958393 0.3686479 1.963013 0.3805912 1.989272 0.3596968 1.99427 0.3681748 1.989272 0.3596968 1.963013 0.3805912 1.99427 0.3681748 1.963013 0.3805912 1.994619 0.3715242 1.897681 0.3787748 1.928257 0.3762272 1.897681 0.3041554 1.918532 0.3026958 1.897681 0.3041554 1.928257 0.3762272 1.928257 0.3762272 1.958393 0.3686479 1.918532 0.3026958 1.897681 0.3041554 1.918532 0.3026958 1.897672 0.2474737 1.912195 0.2464666 1.897672 0.2474737 1.918532 0.3026958 1.912195 0.2464666 1.90757 0.2046391 1.897672 0.2474737 1.90757 0.2046391 1.912195 0.2464666 1.921103 0.2189283 1.926183 0.2435764 1.921103 0.2189283 1.912195 0.2464666 1.897686 0.1964213 1.897672 0.2474737 1.90757 0.2046391 1.918532 0.3026958 1.938735 0.2983371 1.912195 0.2464666 1.926183 0.2435764 1.912195 0.2464666 1.938735 0.2983371 1.938735 0.2983371 1.918532 0.3026958 1.958393 0.3686479 1.958393 0.3686479 1.989272 0.3596968 1.938735 0.2983371 1.938735 0.2983371 1.959826 0.2931238 1.926183 0.2435764 1.959826 0.2931238 1.938735 0.2983371 1.989272 0.3596968 1.939425 0.2381983 1.926183 0.2435764 1.959826 0.2931238 1.921103 0.2189283 1.926183 0.2435764 1.939425 0.2381983 1.939425 0.2381983 1.959826 0.2931238 1.972808 0.2885235 1.989272 0.3596968 1.972808 0.2885235 1.959826 0.2931238 1.020242 0.773378 1.022492 0.7916584 1.0244 0.7598243 1.027329 0.790511 1.0244 0.7598243 1.022492 0.7916584 1.020242 0.773378 1.0244 0.7598243 1.020126 0.757998 1.0244 0.7598243 1.031476 0.7283403 1.020126 0.757998 1.025937 0.7249367 1.020126 0.757998 1.031476 0.7283403 1.031476 0.7283403 1.050992 0.7033614 1.025937 0.7249367 1.046784 0.697813 1.025937 0.7249367 1.050992 0.7033614 1.022492 0.7916584 1.020242 0.773378 1.020064 0.7924794 1.017318 0.773972 1.020064 0.7924794 1.020242 0.773378 1.020242 0.773378 1.020126 0.757998 1.017318 0.773972 1.011922 0.7969621 1.020064 0.7924794 1.017318 0.773972 1.875906 0.9896798 1.841547 0.9545839 1.830093 0.9707856 1.875906 0.9896798 1.830093 0.9707856 1.825514 0.9851959 1.875906 0.9896798 1.85313 0.9459301 1.841547 0.9545839 1.85313 0.9459301 1.875906 0.9896798 1.866702 0.9414501 1.866702 0.9414501 1.875906 0.9896798 1.885966 0.9415829 1.885966 0.9415829 1.875906 0.9896798 1.899353 0.9462026 1.875906 0.9896798 1.910693 0.954957 1.899353 0.9462026 1.875906 0.9896798 1.921894 0.9713306 1.910693 0.954957 1.875906 0.9896798 1.926284 0.9859376 1.921894 0.9713306 1.813098 0.9239236 1.834598 0.9084481 1.807343 0.9033797 1.826036 0.8914524 1.807343 0.9033797 1.834598 0.9084481 1.807343 0.9033797 1.792359 0.9174416 1.813098 0.9239236 1.792359 0.9174416 1.780219 0.9338176 1.813098 0.9239236 1.792608 0.9515433 1.813098 0.9239236 1.780219 0.9338176 1.780219 0.9338176 1.770911 0.9517112 1.792608 0.9515433 1.792608 0.9515433 1.770911 0.9517112 1.783459 0.9757117 1.764583 0.9704413 1.783459 0.9757117 1.770911 0.9517112 1.813098 0.9239236 1.792608 0.9515433 1.841547 0.9545839 1.813098 0.9239236 1.841547 0.9545839 1.834598 0.9084481 1.830093 0.9707856 1.841547 0.9545839 1.792608 0.9515433 1.830093 0.9707856 1.792608 0.9515433 1.825514 0.9851959 1.783459 0.9757117 1.825514 0.9851959 1.792608 0.9515433 1.85313 0.9459301 1.834598 0.9084481 1.841547 0.9545839 1.826036 0.8914524 1.834598 0.9084481 1.846771 0.8833609 1.859798 0.900183 1.846771 0.8833609 1.834598 0.9084481 1.867185 0.8796924 1.846771 0.8833609 1.859798 0.900183 1.867185 0.8796924 1.859798 0.900183 1.887954 0.8798532 1.894237 0.9004214 1.887954 0.8798532 1.859798 0.900183 1.908301 0.8838471 1.887954 0.8798532 1.894237 0.9004214 1.894237 0.9004214 1.918581 0.9086976 1.908301 0.8838471 1.927513 0.8916011 1.908301 0.8838471 1.918581 0.9086976 1.927513 0.8916011 1.918581 0.9086976 1.944703 0.9030203 1.93914 0.9240956 1.944703 0.9030203 1.918581 0.9086976 1.959487 0.9172891 1.944703 0.9030203 1.93914 0.9240956 1.93914 0.9240956 1.959194 0.9520373 1.959487 0.9172891 1.97139 0.9338475 1.959487 0.9172891 1.959194 0.9520373 1.980433 0.9518949 1.97139 0.9338475 1.959194 0.9520373 1.959194 0.9520373 1.96815 0.9771423 1.980433 0.9518949 1.986851 0.9722152 1.980433 0.9518949 1.96815 0.9771423 1.959194 0.9520373 1.93914 0.9240956 1.921894 0.9713306 1.959194 0.9520373 1.921894 0.9713306 1.96815 0.9771423 1.910693 0.954957 1.921894 0.9713306 1.93914 0.9240956 1.910693 0.954957 1.93914 0.9240956 1.899353 0.9462026 1.918581 0.9086976 1.899353 0.9462026 1.93914 0.9240956 1.918581 0.9086976 1.894237 0.9004214 1.899353 0.9462026 1.926284 0.9859376 1.96815 0.9771423 1.921894 0.9713306 1.885966 0.9415829 1.899353 0.9462026 1.894237 0.9004214 1.885966 0.9415829 1.894237 0.9004214 1.866702 0.9414501 1.859798 0.900183 1.866702 0.9414501 1.894237 0.9004214 1.859798 0.900183 1.834598 0.9084481 1.866702 0.9414501 1.85313 0.9459301 1.866702 0.9414501 1.834598 0.9084481 1.714068 0.1963204 1.78491 0.1722165 1.712661 0.1702648 1.780748 0.1510233 1.712661 0.1702648 1.78491 0.1722165 1.712661 0.1702648 1.671678 0.1830241 1.714068 0.1963204 1.672411 0.2108229 1.714068 0.1963204 1.671678 0.1830241 1.712661 0.1702648 1.780748 0.1510233 1.709962 0.146623 1.777692 0.1309196 1.709962 0.146623 1.780748 0.1510233 1.78491 0.1722165 1.714068 0.1963204 1.788275 0.1897 1.715967 0.2164602 1.788275 0.1897 1.714068 0.1963204 1.714068 0.1963204 1.672411 0.2108229 1.715967 0.2164602 1.788275 0.1897 1.715967 0.2164602 1.793394 0.2119241 1.717657 0.241309 1.793394 0.2119241 1.715967 0.2164602 1.715967 0.2164602 1.672489 0.2325831 1.717657 0.241309 1.672489 0.2325831 1.715967 0.2164602 1.672411 0.2108229 1.672016 0.2586413 1.717657 0.241309 1.672489 0.2325831 1.709962 0.146623 1.669447 0.1566939 1.712661 0.1702648 1.671678 0.1830241 1.712661 0.1702648 1.669447 0.1566939 1.717657 0.241309 1.672016 0.2586413 1.715952 0.2705241 1.672771 0.2904387 1.715952 0.2705241 1.672016 0.2586413 1.715952 0.2705241 1.672771 0.2904387 1.714291 0.2984909 1.714291 0.2984909 1.785582 0.2603546 1.715952 0.2705241 1.798815 0.2318295 1.715952 0.2705241 1.785582 0.2603546 1.715952 0.2705241 1.798815 0.2318295 1.717657 0.241309 1.793394 0.2119241 1.717657 0.241309 1.798815 0.2318295 1.67367 0.3206548 1.714291 0.2984909 1.672771 0.2904387 1.788275 0.1897 1.793394 0.2119241 1.792135 0.188719 1.798553 0.2108401 1.792135 0.188719 1.793394 0.2119241 1.793394 0.2119241 1.798815 0.2318295 1.798553 0.2108401 1.792135 0.188719 1.798553 0.2108401 1.809973 0.2096485 1.801129 0.1711802 1.792135 0.188719 1.809973 0.2096485 1.798553 0.2108401 1.80379 0.2293559 1.809973 0.2096485 1.80379 0.2293559 1.798553 0.2108401 1.798815 0.2318295 1.798815 0.2318295 1.785582 0.2603546 1.80379 0.2293559 1.811887 0.2306812 1.809973 0.2096485 1.80379 0.2293559 1.811887 0.2306812 1.80379 0.2293559 1.80737 0.2568482 1.793218 0.257853 1.80737 0.2568482 1.80379 0.2293559 1.793218 0.257853 1.80379 0.2293559 1.785582 0.2603546 1.801129 0.1711802 1.789932 0.1714329 1.792135 0.188719 1.801129 0.1711802 1.784914 0.1507201 1.789932 0.1714329 1.801129 0.1711802 1.797672 0.1329044 1.784914 0.1507201 1.797672 0.1329044 1.784997 0.1309062 1.784914 0.1507201 1.789932 0.1714329 1.784914 0.1507201 1.78491 0.1722165 1.780748 0.1510233 1.78491 0.1722165 1.784914 0.1507201 1.784914 0.1507201 1.784997 0.1309062 1.780748 0.1510233 1.777692 0.1309196 1.780748 0.1510233 1.784997 0.1309062 1.78491 0.1722165 1.788275 0.1897 1.789932 0.1714329 1.792135 0.188719 1.789932 0.1714329 1.788275 0.1897 1.569237 0.3743338 1.661867 0.3309457 1.573427 0.3270776 1.661758 0.2972854 1.573427 0.3270776 1.661867 0.3309457 1.661867 0.3309457 1.569237 0.3743338 1.632149 0.3681328 1.57951 0.411601 1.632149 0.3681328 1.569237 0.3743338 1.573427 0.3270776 1.661758 0.2972854 1.579867 0.28435 1.663214 0.263894 1.579867 0.28435 1.661758 0.2972854 1.579867 0.28435 1.663214 0.263894 1.581414 0.2597726 1.664778 0.2371325 1.581414 0.2597726 1.663214 0.263894 1.581414 0.2597726 1.664778 0.2371325 1.581485 0.2372997 1.665355 0.2139956 1.581485 0.2372997 1.664778 0.2371325 1.581485 0.2372997 1.665355 0.2139956 1.580249 0.2088176 1.664331 0.1845721 1.580249 0.2088176 1.665355 0.2139956 1.580249 0.2088176 1.664331 0.1845721 1.576811 0.1835992 1.659921 0.1574163 1.576811 0.1835992 1.664331 0.1845721 1.661758 0.2972854 1.661867 0.3309457 1.666682 0.2942426 1.666604 0.3304344 1.666682 0.2942426 1.661867 0.3309457 1.666604 0.3304344 1.67367 0.3206548 1.666682 0.2942426 1.672771 0.2904387 1.666682 0.2942426 1.67367 0.3206548 1.666682 0.2942426 1.672771 0.2904387 1.667406 0.2613953 1.672016 0.2586413 1.667406 0.2613953 1.672771 0.2904387 1.667406 0.2613953 1.672016 0.2586413 1.669368 0.234486 1.664778 0.2371325 1.663214 0.263894 1.669368 0.234486 1.667406 0.2613953 1.669368 0.234486 1.663214 0.263894 1.672489 0.2325831 1.669368 0.234486 1.672016 0.2586413 1.669368 0.234486 1.672489 0.2325831 1.670033 0.2117487 1.665355 0.2139956 1.664778 0.2371325 1.670033 0.2117487 1.669368 0.234486 1.670033 0.2117487 1.664778 0.2371325 1.672411 0.2108229 1.670033 0.2117487 1.672489 0.2325831 1.670033 0.2117487 1.672411 0.2108229 1.669615 0.1831721 1.664331 0.1845721 1.665355 0.2139956 1.669615 0.1831721 1.670033 0.2117487 1.669615 0.1831721 1.665355 0.2139956 1.671678 0.1830241 1.669615 0.1831721 1.672411 0.2108229 1.671678 0.1830241 1.669447 0.1566939 1.669615 0.1831721 1.666636 0.1564278 1.669615 0.1831721 1.669447 0.1566939 1.659921 0.1574163 1.664331 0.1845721 1.666636 0.1564278 1.669615 0.1831721 1.666636 0.1564278 1.664331 0.1845721 1.666682 0.2942426 1.667406 0.2613953 1.661758 0.2972854 1.663214 0.263894 1.661758 0.2972854 1.667406 0.2613953 1.196008 0.231673 1.226913 0.2587583 1.266517 0.2328603 1.288642 0.2624541 1.266517 0.2328603 1.226913 0.2587583 1.288642 0.2624541 1.226913 0.2587583 1.298549 0.2810827 1.278108 0.2936597 1.298549 0.2810827 1.226913 0.2587583 1.278108 0.2936597 1.226913 0.2587583 1.268488 0.3085804 1.235914 0.3085919 1.268488 0.3085804 1.226913 0.2587583 1.266517 0.2328603 1.237643 0.1963115 1.196008 0.231673 1.166678 0.2019947 1.196008 0.231673 1.237643 0.1963115 1.288642 0.2624541 1.298549 0.2810827 1.327214 0.2637935 1.329243 0.2735756 1.327214 0.2637935 1.298549 0.2810827 1.329243 0.2735756 1.390442 0.2425995 1.327214 0.2637935 1.390442 0.2425995 1.3775 0.2171848 1.327214 0.2637935 1.31471 0.2334213 1.327214 0.2637935 1.3775 0.2171848 1.266517 0.2328603 1.288642 0.2624541 1.31471 0.2334213 1.327214 0.2637935 1.31471 0.2334213 1.288642 0.2624541 1.3775 0.2171848 1.353134 0.1882508 1.31471 0.2334213 1.300025 0.2048459 1.31471 0.2334213 1.353134 0.1882508 1.31471 0.2334213 1.300025 0.2048459 1.287895 0.2014055 1.438046 0.1756389 1.353134 0.1882508 1.3775 0.2171848 1.438046 0.1756389 1.3775 0.2171848 1.390442 0.2425995 1.237643 0.1963115 1.266517 0.2328603 1.287895 0.2014055 1.31471 0.2334213 1.287895 0.2014055 1.266517 0.2328603 1.084301 0.444977 1.072366 0.4317414 1.060647 0.4612408 1.05101 0.4460616 1.060647 0.4612408 1.072366 0.4317414 1.072366 0.4317414 1.059003 0.4165883 1.05101 0.4460616 1.040554 0.4284836 1.05101 0.4460616 1.059003 0.4165883 1.059003 0.4165883 1.044846 0.3994875 1.040554 0.4284836 1.030047 0.4084898 1.040554 0.4284836 1.044846 0.3994875 1.030684 0.3807862 1.030047 0.4084898 1.044846 0.3994875 1.05101 0.4460616 1.027394 0.4572197 1.060647 0.4612408 1.035067 0.4739312 1.060647 0.4612408 1.027394 0.4572197 1.060647 0.4612408 1.035067 0.4739312 1.06556 0.4690997 1.060647 0.4612408 1.06556 0.4690997 1.084301 0.444977 1.038611 0.4825023 1.06556 0.4690997 1.035067 0.4739312 1.040554 0.4284836 1.019884 0.4372527 1.05101 0.4460616 1.027394 0.4572197 1.05101 0.4460616 1.019884 0.4372527 1.030047 0.4084898 1.013474 0.4147112 1.040554 0.4284836 1.019884 0.4372527 1.040554 0.4284836 1.013474 0.4147112 1.090424 0.4518522 1.084301 0.444977 1.06556 0.4690997 1.090424 0.4518522 1.109421 0.4331865 1.084301 0.444977 1.102184 0.4274925 1.084301 0.444977 1.109421 0.4331865 1.102184 0.4274925 1.109421 0.4331865 1.115721 0.4065363 1.115721 0.4065363 1.099903 0.3984704 1.102184 0.4274925 1.088151 0.4166216 1.102184 0.4274925 1.099903 0.3984704 1.099903 0.3984704 1.081932 0.3893036 1.088151 0.4166216 1.072284 0.4042392 1.088151 0.4166216 1.081932 0.3893036 1.081932 0.3893036 1.062254 0.3791032 1.072284 0.4042392 1.055045 0.3903741 1.072284 0.4042392 1.062254 0.3791032 1.041703 0.3680749 1.055045 0.3903741 1.062254 0.3791032 1.123876 0.4107382 1.115721 0.4065363 1.109421 0.4331865 1.088151 0.4166216 1.072366 0.4317414 1.102184 0.4274925 1.084301 0.444977 1.102184 0.4274925 1.072366 0.4317414 1.072284 0.4042392 1.059003 0.4165883 1.088151 0.4166216 1.072366 0.4317414 1.088151 0.4166216 1.059003 0.4165883 1.055045 0.3903741 1.044846 0.3994875 1.072284 0.4042392 1.059003 0.4165883 1.072284 0.4042392 1.044846 0.3994875 1.030684 0.3807862 1.055045 0.3903741 1.041703 0.3680749 1.044846 0.3994875 1.055045 0.3903741 1.030684 0.3807862 1.020033 0.3557021 1.030684 0.3807862 1.041703 0.3680749 1.020033 0.3557021 1.005786 0.3656733 1.030684 0.3807862 1.004536 0.3463652 1.005786 0.3656733 1.020033 0.3557021 1.005786 0.3656733 1.008612 0.3906493 1.030684 0.3807862 1.008612 0.3906493 1.030047 0.4084898 1.030684 0.3807862 1.013474 0.4147112 1.030047 0.4084898 1.008612 0.3906493 1.02052 0.3375036 1.004536 0.3463652 1.020033 0.3557021 1.004536 0.3463652 1.02052 0.3375036 1.009065 0.3244754 1.009065 0.3244754 1.02052 0.3375036 1.030017 0.3086423 1.009065 0.3244754 1.030017 0.3086423 1.015399 0.2994101 1.02052 0.3375036 1.042936 0.3286261 1.030017 0.3086423 1.042936 0.3286261 1.057091 0.3052791 1.030017 0.3086423 1.030017 0.3086423 1.057091 0.3052791 1.046482 0.2918331 1.057091 0.3052791 1.075959 0.2937775 1.046482 0.2918331 1.062678 0.2765831 1.046482 0.2918331 1.075959 0.2937775 1.075959 0.2937775 1.093279 0.2835598 1.062678 0.2765831 1.077824 0.2631668 1.062678 0.2765831 1.093279 0.2835598 1.093279 0.2835598 1.108583 0.2745909 1.077824 0.2631668 1.091317 0.2514892 1.077824 0.2631668 1.108583 0.2745909 1.093279 0.2835598 1.104516 0.3066712 1.108583 0.2745909 1.121233 0.3009035 1.108583 0.2745909 1.104516 0.3066712 1.108583 0.2745909 1.121233 0.3009035 1.116477 0.2699101 1.108583 0.2745909 1.116477 0.2699101 1.091317 0.2514892 1.129866 0.2978856 1.116477 0.2699101 1.121233 0.3009035 1.075959 0.2937775 1.085562 0.3132238 1.093279 0.2835598 1.104516 0.3066712 1.093279 0.2835598 1.085562 0.3132238 1.057091 0.3052791 1.064767 0.3205804 1.075959 0.2937775 1.085562 0.3132238 1.075959 0.2937775 1.064767 0.3205804 1.064767 0.3205804 1.057091 0.3052791 1.042936 0.3286261 1.098238 0.2454071 1.091317 0.2514892 1.116477 0.2699101 1.098238 0.2454071 1.079483 0.2271944 1.091317 0.2514892 1.073503 0.2343333 1.091317 0.2514892 1.079483 0.2271944 1.091317 0.2514892 1.073503 0.2343333 1.077824 0.2631668 1.073503 0.2343333 1.079483 0.2271944 1.053479 0.2206264 1.053479 0.2206264 1.043382 0.2360685 1.073503 0.2343333 1.06185 0.2480915 1.073503 0.2343333 1.043382 0.2360685 1.06185 0.2480915 1.077824 0.2631668 1.073503 0.2343333 1.043382 0.2360685 1.032979 0.2548072 1.06185 0.2480915 1.049064 0.264132 1.06185 0.2480915 1.032979 0.2548072 1.032979 0.2548072 1.023451 0.2762715 1.049064 0.264132 1.03596 0.2826102 1.049064 0.264132 1.023451 0.2762715 1.015399 0.2994101 1.03596 0.2826102 1.023451 0.2762715 1.058308 0.2126741 1.053479 0.2206264 1.079483 0.2271944 1.049064 0.264132 1.062678 0.2765831 1.06185 0.2480915 1.077824 0.2631668 1.06185 0.2480915 1.062678 0.2765831 1.03596 0.2826102 1.046482 0.2918331 1.049064 0.264132 1.062678 0.2765831 1.049064 0.264132 1.046482 0.2918331 1.030017 0.3086423 1.03596 0.2826102 1.015399 0.2994101 1.046482 0.2918331 1.03596 0.2826102 1.030017 0.3086423 1.141742 0.2433767 1.160868 0.2282557 1.12872 0.216975 1.137702 0.19944 1.12872 0.216975 1.160868 0.2282557 1.12872 0.216975 1.137702 0.19944 1.106943 0.1965218 1.106943 0.1965218 1.099171 0.2056172 1.12872 0.216975 1.118934 0.2240229 1.12872 0.216975 1.099171 0.2056172 1.118504 0.1829355 1.106943 0.1965218 1.137702 0.19944 1.160868 0.2282557 1.141742 0.2433767 1.174581 0.2660353 1.153108 0.2748621 1.174581 0.2660353 1.141742 0.2433767 1.141742 0.2433767 1.132058 0.2474555 1.153108 0.2748621 1.118934 0.2240229 1.132058 0.2474555 1.12872 0.216975 1.141742 0.2433767 1.12872 0.216975 1.132058 0.2474555 1.140347 0.2778919 1.153108 0.2748621 1.132058 0.2474555 1.174581 0.2660353 1.153108 0.2748621 1.179281 0.3078351 1.15645 0.3085928 1.179281 0.3078351 1.153108 0.2748621 1.140347 0.2778919 1.144418 0.3086083 1.153108 0.2748621 1.15645 0.3085928 1.153108 0.2748621 1.144418 0.3086083 1.174581 0.2660353 1.179281 0.3078351 1.226913 0.2587583 1.235914 0.3085919 1.226913 0.2587583 1.179281 0.3078351 1.174581 0.2660353 1.226913 0.2587583 1.160868 0.2282557 1.196008 0.231673 1.160868 0.2282557 1.226913 0.2587583 1.166678 0.2019947 1.160868 0.2282557 1.196008 0.231673 1.166678 0.2019947 1.151151 0.1875365 1.160868 0.2282557 1.137702 0.19944 1.160868 0.2282557 1.151151 0.1875365 1.137702 0.19944 1.151151 0.1875365 1.118504 0.1829355 1.130936 0.1693943 1.118504 0.1829355 1.151151 0.1875365 1.724404 0.3102229 1.738803 0.3164012 1.795276 0.273041 1.738803 0.3164012 1.81435 0.2778155 1.795276 0.273041 1.81435 0.2778155 1.801771 0.2727091 1.795276 0.273041 1.738803 0.3164012 1.724404 0.3102229 1.691292 0.3440174 1.683266 0.3308616 1.691292 0.3440174 1.724404 0.3102229 1.56016 0.4116913 1.568492 0.4111335 1.56175 0.3731106 1.569237 0.3743338 1.56175 0.3731106 1.568492 0.4111335 1.569237 0.3743338 1.573427 0.3270776 1.56175 0.3731106 1.56626 0.3244913 1.56175 0.3731106 1.573427 0.3270776 1.568492 0.4111335 1.56016 0.4116913 1.555089 0.4393376 1.568492 0.4111335 1.555089 0.4393376 1.57951 0.411601 1.568492 0.4111335 1.57951 0.411601 1.569237 0.3743338 1.586063 0.4308028 1.57951 0.411601 1.555089 0.4393376 1.586063 0.4308028 1.555089 0.4393376 1.596507 0.4626887 1.566157 0.4715145 1.596507 0.4626887 1.555089 0.4393376 1.555089 0.4393376 1.548956 0.4405854 1.566157 0.4715145 1.548956 0.4405854 1.555089 0.4393376 1.56016 0.4116913 1.558887 0.473299 1.566157 0.4715145 1.548956 0.4405854 1.573427 0.3270776 1.579867 0.28435 1.56626 0.3244913 1.571553 0.2836877 1.56626 0.3244913 1.579867 0.28435 1.579867 0.28435 1.581414 0.2597726 1.571553 0.2836877 1.572959 0.2577996 1.571553 0.2836877 1.581414 0.2597726 1.581414 0.2597726 1.581485 0.2372997 1.572959 0.2577996 1.572575 0.2362959 1.572959 0.2577996 1.581485 0.2372997 1.581485 0.2372997 1.580249 0.2088176 1.572575 0.2362959 1.570689 0.2088202 1.572575 0.2362959 1.580249 0.2088176 1.580249 0.2088176 1.576811 0.1835992 1.570689 0.2088202 1.566654 0.1837217 1.570689 0.2088202 1.576811 0.1835992 1.572575 0.2362959 1.570689 0.2088202 1.56728 0.2370638 1.565197 0.2097808 1.56728 0.2370638 1.570689 0.2088202 1.570689 0.2088202 1.566654 0.1837217 1.565197 0.2097808 1.565197 0.2097808 1.497417 0.2376164 1.56728 0.2370638 1.499794 0.2635031 1.56728 0.2370638 1.497417 0.2376164 1.497417 0.2376164 1.424304 0.2674774 1.499794 0.2635031 1.424304 0.2674774 1.497417 0.2376164 1.419264 0.2456019 1.491564 0.214394 1.419264 0.2456019 1.497417 0.2376164 1.497417 0.2376164 1.565197 0.2097808 1.491564 0.214394 1.427378 0.2924395 1.499794 0.2635031 1.424304 0.2674774 1.499794 0.2635031 1.427378 0.2924395 1.49905 0.2848356 1.426182 0.3147185 1.49905 0.2848356 1.427378 0.2924395 1.49905 0.2848356 1.426182 0.3147185 1.496194 0.3110131 1.496194 0.3110131 1.565883 0.284849 1.49905 0.2848356 1.567505 0.2582704 1.49905 0.2848356 1.565883 0.284849 1.49905 0.2848356 1.567505 0.2582704 1.499794 0.2635031 1.56728 0.2370638 1.499794 0.2635031 1.567505 0.2582704 1.422974 0.337934 1.496194 0.3110131 1.426182 0.3147185 1.560086 0.1847749 1.491564 0.214394 1.565197 0.2097808 1.560086 0.1847749 1.565197 0.2097808 1.566654 0.1837217 1.496194 0.3110131 1.422974 0.337934 1.496152 0.3485375 1.428962 0.3778396 1.496152 0.3485375 1.422974 0.337934 1.496152 0.3485375 1.428962 0.3778396 1.496344 0.3904038 1.433933 0.4072416 1.496344 0.3904038 1.428962 0.3778396 1.496344 0.3904038 1.554369 0.3736172 1.496152 0.3485375 1.554369 0.3736172 1.496344 0.3904038 1.553142 0.4123903 1.485877 0.4277359 1.553142 0.4123903 1.496344 0.3904038 1.496344 0.3904038 1.433933 0.4072416 1.485877 0.4277359 1.560181 0.3247913 1.496152 0.3485375 1.554369 0.3736172 1.496152 0.3485375 1.560181 0.3247913 1.496194 0.3110131 1.565883 0.284849 1.496194 0.3110131 1.560181 0.3247913 1.426179 0.4471409 1.485877 0.4277359 1.433933 0.4072416 1.485877 0.4277359 1.426179 0.4471409 1.491215 0.456041 1.425204 0.4794663 1.491215 0.456041 1.426179 0.4471409 1.491215 0.456041 1.425204 0.4794663 1.495841 0.488786 1.428452 0.5056096 1.495841 0.488786 1.425204 0.4794663 1.495841 0.488786 1.550146 0.4753532 1.491215 0.456041 1.541261 0.4427879 1.491215 0.456041 1.550146 0.4753532 1.491215 0.456041 1.541261 0.4427879 1.485877 0.4277359 1.553142 0.4123903 1.485877 0.4277359 1.541261 0.4427879 1.554369 0.3736172 1.553142 0.4123903 1.56175 0.3731106 1.56016 0.4116913 1.56175 0.3731106 1.553142 0.4123903 1.553142 0.4123903 1.541261 0.4427879 1.56016 0.4116913 1.548956 0.4405854 1.56016 0.4116913 1.541261 0.4427879 1.541261 0.4427879 1.550146 0.4753532 1.548956 0.4405854 1.558887 0.473299 1.548956 0.4405854 1.550146 0.4753532 1.56175 0.3731106 1.56626 0.3244913 1.554369 0.3736172 1.560181 0.3247913 1.554369 0.3736172 1.56626 0.3244913 1.56626 0.3244913 1.571553 0.2836877 1.560181 0.3247913 1.565883 0.284849 1.560181 0.3247913 1.571553 0.2836877 1.571553 0.2836877 1.572959 0.2577996 1.565883 0.284849 1.567505 0.2582704 1.565883 0.284849 1.572959 0.2577996 1.572959 0.2577996 1.572575 0.2362959 1.567505 0.2582704 1.56728 0.2370638 1.567505 0.2582704 1.572575 0.2362959 1.428452 0.5056096 1.438737 0.5297521 1.495841 0.488786 1.508404 0.5192943 1.495841 0.488786 1.438737 0.5297521 1.55952 0.5077748 1.550146 0.4753532 1.508404 0.5192943 1.495841 0.488786 1.508404 0.5192943 1.550146 0.4753532 1.438737 0.5297521 1.455465 0.5570155 1.508404 0.5192943 1.517817 0.5460835 1.508404 0.5192943 1.455465 0.5570155 1.508404 0.5192943 1.517817 0.5460835 1.55952 0.5077748 1.455465 0.5570155 1.481549 0.5874744 1.517817 0.5460835 1.545018 0.573518 1.517817 0.5460835 1.481549 0.5874744 1.481549 0.5874744 1.490924 0.6148674 1.545018 0.573518 1.564247 0.6101415 1.545018 0.573518 1.490924 0.6148674 1.517817 0.5460835 1.545018 0.573518 1.585201 0.5283979 1.585201 0.5283979 1.55952 0.5077748 1.517817 0.5460835 1.605046 0.5617673 1.585201 0.5283979 1.545018 0.573518 1.545018 0.573518 1.564247 0.6101415 1.605046 0.5617673 1.632456 0.602619 1.605046 0.5617673 1.564247 0.6101415 1.490924 0.6148674 1.503876 0.651913 1.564247 0.6101415 1.581228 0.6429834 1.564247 0.6101415 1.503876 0.651913 1.564247 0.6101415 1.581228 0.6429834 1.632456 0.602619 1.503876 0.651913 1.517521 0.6695931 1.581228 0.6429834 1.595395 0.6645538 1.581228 0.6429834 1.517521 0.6695931 1.581228 0.6429834 1.595395 0.6645538 1.65511 0.6359403 1.65511 0.6359403 1.632456 0.602619 1.581228 0.6429834 1.667948 0.6590347 1.65511 0.6359403 1.595395 0.6645538 1.517521 0.6695931 1.528864 0.6877505 1.595395 0.6645538 1.605289 0.6828151 1.595395 0.6645538 1.528864 0.6877505 1.595395 0.6645538 1.605289 0.6828151 1.667948 0.6590347 1.528864 0.6877505 1.537152 0.7110074 1.605289 0.6828151 1.613966 0.7066958 1.605289 0.6828151 1.537152 0.7110074 1.605289 0.6828151 1.613966 0.7066958 1.676499 0.6779688 1.676499 0.6779688 1.667948 0.6590347 1.605289 0.6828151 1.685608 0.7028894 1.676499 0.6779688 1.613966 0.7066958 1.537152 0.7110074 1.540945 0.7336158 1.613966 0.7066958 1.618377 0.7297313 1.613966 0.7066958 1.540945 0.7336158 1.613966 0.7066958 1.618377 0.7297313 1.685608 0.7028894 1.618377 0.7297313 1.540945 0.7336158 1.615714 0.7531049 1.538855 0.7564852 1.615714 0.7531049 1.540945 0.7336158 1.615714 0.7531049 1.538855 0.7564852 1.608886 0.777727 1.608886 0.777727 1.680248 0.7755633 1.615714 0.7531049 1.687398 0.7499633 1.615714 0.7531049 1.680248 0.7755633 1.615714 0.7531049 1.687398 0.7499633 1.618377 0.7297313 1.532323 0.7804092 1.608886 0.777727 1.538855 0.7564852 1.608886 0.777727 1.532323 0.7804092 1.600312 0.7968839 1.522311 0.7995462 1.600312 0.7968839 1.532323 0.7804092 1.600312 0.7968839 1.522311 0.7995462 1.587759 0.8197701 1.587759 0.8197701 1.66205 0.8192803 1.600312 0.7968839 1.673104 0.7951472 1.600312 0.7968839 1.66205 0.8192803 1.600312 0.7968839 1.673104 0.7951472 1.608886 0.777727 1.680248 0.7755633 1.608886 0.777727 1.673104 0.7951472 1.509945 0.818442 1.587759 0.8197701 1.522311 0.7995462 1.690819 0.726245 1.618377 0.7297313 1.687398 0.7499633 1.690819 0.726245 1.685608 0.7028894 1.618377 0.7297313 1.587759 0.8197701 1.509945 0.818442 1.573391 0.8541426 1.499764 0.856627 1.573391 0.8541426 1.509945 0.818442 1.573391 0.8541426 1.499764 0.856627 1.557239 0.8926059 1.492293 0.8850212 1.557239 0.8926059 1.499764 0.856627 1.557239 0.8926059 1.618369 0.8976402 1.573391 0.8541426 1.618369 0.8976402 1.557239 0.8926059 1.601764 0.9328048 1.532605 0.9230539 1.601764 0.9328048 1.557239 0.8926059 1.557239 0.8926059 1.492293 0.8850212 1.532605 0.9230539 1.642189 0.8545004 1.573391 0.8541426 1.618369 0.8976402 1.573391 0.8541426 1.642189 0.8545004 1.587759 0.8197701 1.66205 0.8192803 1.587759 0.8197701 1.642189 0.8545004 1.468937 0.9182475 1.532605 0.9230539 1.492293 0.8850212 1.532605 0.9230539 1.468937 0.9182475 1.526081 0.9512309 1.454723 0.947412 1.526081 0.9512309 1.468937 0.9182475 1.526081 0.9512309 1.454723 0.947412 1.517359 0.9835122 1.447124 0.9725853 1.517359 0.9835122 1.454723 0.947412 1.517359 0.9835122 1.574433 0.9905643 1.526081 0.9512309 1.578648 0.9565609 1.526081 0.9512309 1.574433 0.9905643 1.526081 0.9512309 1.578648 0.9565609 1.532605 0.9230539 1.601764 0.9328048 1.532605 0.9230539 1.578648 0.9565609 1.618369 0.8976402 1.601764 0.9328048 1.626591 0.8996062 1.60947 0.9343415 1.626591 0.8996062 1.601764 0.9328048 1.601764 0.9328048 1.578648 0.9565609 1.60947 0.9343415 1.60947 0.9343415 1.618455 0.9365529 1.626591 0.8996062 1.634464 0.9030676 1.626591 0.8996062 1.618455 0.9365529 1.634464 0.9030676 1.655199 0.8606508 1.626591 0.8996062 1.648628 0.8560975 1.626591 0.8996062 1.655199 0.8606508 1.618455 0.9365529 1.60947 0.9343415 1.594363 0.9569346 1.618455 0.9365529 1.594363 0.9569346 1.630021 0.9409699 1.618455 0.9365529 1.630021 0.9409699 1.634464 0.9030676 1.626625 0.9600096 1.630021 0.9409699 1.594363 0.9569346 1.626625 0.9600096 1.594363 0.9569346 1.625337 0.9907652 1.593222 0.9908696 1.625337 0.9907652 1.594363 0.9569346 1.594363 0.9569346 1.587503 0.9566525 1.593222 0.9908696 1.587503 0.9566525 1.594363 0.9569346 1.60947 0.9343415 1.587503 0.9566525 1.60947 0.9343415 1.578648 0.9565609 1.578648 0.9565609 1.574433 0.9905643 1.587503 0.9566525 1.584688 0.990957 1.593222 0.9908696 1.587503 0.9566525 1.584688 0.990957 1.587503 0.9566525 1.574433 0.9905643 1.655199 0.8606508 1.675346 0.8228403 1.648628 0.8560975 1.667728 0.8198488 1.648628 0.8560975 1.675346 0.8228403 1.675346 0.8228403 1.68477 0.8005353 1.667728 0.8198488 1.677897 0.7963018 1.667728 0.8198488 1.68477 0.8005353 1.68477 0.8005353 1.691792 0.7795073 1.677897 0.7963018 1.684574 0.7762719 1.677897 0.7963018 1.691792 0.7795073 1.691792 0.7795073 1.698843 0.7519152 1.684574 0.7762719 1.691439 0.7501696 1.684574 0.7762719 1.698843 0.7519152 1.698843 0.7519152 1.70205 0.7256945 1.691439 0.7501696 1.694669 0.7260497 1.691439 0.7501696 1.70205 0.7256945 1.684574 0.7762719 1.691439 0.7501696 1.680248 0.7755633 1.687398 0.7499633 1.680248 0.7755633 1.691439 0.7501696 1.691439 0.7501696 1.694669 0.7260497 1.687398 0.7499633 1.667728 0.8198488 1.677897 0.7963018 1.66205 0.8192803 1.673104 0.7951472 1.66205 0.8192803 1.677897 0.7963018 1.677897 0.7963018 1.684574 0.7762719 1.673104 0.7951472 1.680248 0.7755633 1.673104 0.7951472 1.684574 0.7762719 1.66205 0.8192803 1.642189 0.8545004 1.667728 0.8198488 1.648628 0.8560975 1.667728 0.8198488 1.642189 0.8545004 1.690819 0.726245 1.687398 0.7499633 1.694669 0.7260497 1.642189 0.8545004 1.618369 0.8976402 1.648628 0.8560975 1.626591 0.8996062 1.648628 0.8560975 1.618369 0.8976402 1.694669 0.7260497 1.70205 0.7256945 1.689595 0.7022659 1.696805 0.6998253 1.689595 0.7022659 1.70205 0.7256945 1.689595 0.7022659 1.696805 0.6998253 1.680711 0.6768165 1.687587 0.6729135 1.680711 0.6768165 1.696805 0.6998253 1.680711 0.6768165 1.687587 0.6729135 1.672533 0.6573897 1.678956 0.6525127 1.672533 0.6573897 1.687587 0.6729135 1.672533 0.6573897 1.678956 0.6525127 1.660585 0.6347271 1.6678 0.6309828 1.660585 0.6347271 1.678956 0.6525127 1.660585 0.6347271 1.6678 0.6309828 1.63852 0.6001925 1.644498 0.594905 1.63852 0.6001925 1.6678 0.6309828 1.63852 0.6001925 1.644498 0.594905 1.612869 0.5586437 1.620173 0.5540787 1.612869 0.5586437 1.644498 0.594905 1.620173 0.5540787 1.601267 0.5218494 1.612869 0.5586437 1.592625 0.5255975 1.612869 0.5586437 1.601267 0.5218494 1.601267 0.5218494 1.574689 0.5046018 1.592625 0.5255975 1.601267 0.5218494 1.612268 0.51599 1.574689 0.5046018 1.612268 0.51599 1.601267 0.5218494 1.620173 0.5540787 1.605679 0.4953877 1.574689 0.5046018 1.612268 0.51599 1.605679 0.4953877 1.596507 0.4626887 1.574689 0.5046018 1.566157 0.4715145 1.574689 0.5046018 1.596507 0.4626887 1.574689 0.5046018 1.566157 0.4715145 1.568123 0.5062603 1.568123 0.5062603 1.592625 0.5255975 1.574689 0.5046018 1.558887 0.473299 1.568123 0.5062603 1.566157 0.4715145 1.592625 0.5255975 1.585201 0.5283979 1.612869 0.5586437 1.605046 0.5617673 1.612869 0.5586437 1.585201 0.5283979 1.612869 0.5586437 1.605046 0.5617673 1.63852 0.6001925 1.585201 0.5283979 1.592625 0.5255975 1.55952 0.5077748 1.568123 0.5062603 1.55952 0.5077748 1.592625 0.5255975 1.55952 0.5077748 1.568123 0.5062603 1.550146 0.4753532 1.558887 0.473299 1.550146 0.4753532 1.568123 0.5062603 1.632456 0.602619 1.63852 0.6001925 1.605046 0.5617673 1.63852 0.6001925 1.632456 0.602619 1.660585 0.6347271 1.65511 0.6359403 1.660585 0.6347271 1.632456 0.602619 1.660585 0.6347271 1.65511 0.6359403 1.672533 0.6573897 1.667948 0.6590347 1.672533 0.6573897 1.65511 0.6359403 1.672533 0.6573897 1.667948 0.6590347 1.680711 0.6768165 1.676499 0.6779688 1.680711 0.6768165 1.667948 0.6590347 1.680711 0.6768165 1.676499 0.6779688 1.689595 0.7022659 1.685608 0.7028894 1.689595 0.7022659 1.676499 0.6779688 1.689595 0.7022659 1.685608 0.7028894 1.694669 0.7260497 1.690819 0.726245 1.694669 0.7260497 1.685608 0.7028894 1.137579 0.4649057 1.144452 0.4623682 1.132893 0.4506758 1.13919 0.4469547 1.132893 0.4506758 1.144452 0.4623682 1.13919 0.4469547 1.132657 0.434633 1.132893 0.4506758 1.125999 0.4390634 1.132893 0.4506758 1.132657 0.434633 1.144452 0.4623682 1.137579 0.4649057 1.14609 0.4765899 1.13883 0.4781815 1.14609 0.4765899 1.137579 0.4649057 1.14609 0.4765899 1.13883 0.4781815 1.144806 0.4957237 1.13753 0.4969932 1.144806 0.4957237 1.13883 0.4781815 1.13753 0.4969932 1.137147 0.5164144 1.144806 0.4957237 1.144021 0.5148887 1.144806 0.4957237 1.137147 0.5164144 1.137147 0.5164144 1.141154 0.5330101 1.144021 0.5148887 1.147364 0.5298305 1.144021 0.5148887 1.141154 0.5330101 1.147364 0.5298305 1.141154 0.5330101 1.153848 0.5531798 1.148363 0.5576016 1.153848 0.5531798 1.141154 0.5330101 1.153848 0.5531798 1.148363 0.5576016 1.161167 0.5821212 1.154606 0.5855287 1.161167 0.5821212 1.148363 0.5576016 1.161167 0.5821212 1.154606 0.5855287 1.166582 0.6060206 1.159158 0.6084778 1.166582 0.6060206 1.154606 0.5855287 1.13753 0.4969932 1.13883 0.4781815 1.134077 0.4989253 1.13545 0.4800938 1.134077 0.4989253 1.13883 0.4781815 1.13545 0.4800938 1.109215 0.5125219 1.134077 0.4989253 1.134077 0.4989253 1.109215 0.5125219 1.133852 0.5183519 1.137147 0.5164144 1.13753 0.4969932 1.133852 0.5183519 1.134077 0.4989253 1.133852 0.5183519 1.13753 0.4969932 1.112829 0.5294424 1.133852 0.5183519 1.109215 0.5125219 1.154606 0.5855287 1.148363 0.5576016 1.151487 0.5870691 1.145662 0.5594811 1.151487 0.5870691 1.148363 0.5576016 1.148363 0.5576016 1.141154 0.5330101 1.145662 0.5594811 1.145662 0.5594811 1.112386 0.5790867 1.151487 0.5870691 1.112386 0.5790867 1.145662 0.5594811 1.097048 0.5618066 1.137172 0.5353764 1.097048 0.5618066 1.145662 0.5594811 1.133852 0.5183519 1.112829 0.5294424 1.137172 0.5353764 1.097048 0.5618066 1.055454 0.5982336 1.112386 0.5790867 1.06206 0.608793 1.112386 0.5790867 1.055454 0.5982336 1.112386 0.5790867 1.06206 0.608793 1.118807 0.5995815 1.118807 0.5995815 1.151487 0.5870691 1.112386 0.5790867 1.151487 0.5870691 1.118807 0.5995815 1.155601 0.6096444 1.122624 0.6206219 1.155601 0.6096444 1.118807 0.5995815 1.069228 0.6213527 1.118807 0.5995815 1.06206 0.608793 1.118807 0.5995815 1.069228 0.6213527 1.122624 0.6206219 1.075568 0.6365007 1.122624 0.6206219 1.069228 0.6213527 1.097048 0.5618066 1.071942 0.5661826 1.055454 0.5982336 1.071942 0.5661826 1.045518 0.5858303 1.055454 0.5982336 1.045518 0.5858303 1.071942 0.5661826 1.032362 0.5710039 1.048093 0.5561998 1.032362 0.5710039 1.071942 0.5661826 1.032362 0.5710039 1.048093 0.5561998 1.018855 0.5593684 1.031817 0.5421568 1.018855 0.5593684 1.048093 0.5561998 1.122624 0.6206219 1.13217 0.639712 1.155601 0.6096444 1.165804 0.6302052 1.155601 0.6096444 1.13217 0.639712 1.13217 0.639712 1.139359 0.659807 1.165804 0.6302052 1.139359 0.659807 1.13217 0.639712 1.081209 0.6669104 1.081209 0.6669104 1.082107 0.6793736 1.139359 0.659807 1.137516 0.6825269 1.139359 0.659807 1.082107 0.6793736 1.139359 0.659807 1.137516 0.6825269 1.177883 0.6556877 1.177883 0.6556877 1.165804 0.6302052 1.139359 0.659807 1.185852 0.6799617 1.177883 0.6556877 1.137516 0.6825269 1.079513 0.6524759 1.081209 0.6669104 1.13217 0.639712 1.075568 0.6365007 1.079513 0.6524759 1.122624 0.6206219 1.13217 0.639712 1.122624 0.6206219 1.079513 0.6524759 1.114573 0.6942897 1.137516 0.6825269 1.082107 0.6793736 1.081516 0.6955837 1.114573 0.6942897 1.082107 0.6793736 1.081516 0.6955837 1.080239 0.7157463 1.114573 0.6942897 1.101799 0.7169085 1.114573 0.6942897 1.080239 0.7157463 1.080239 0.7157463 1.077561 0.7336607 1.101799 0.7169085 1.098148 0.7385222 1.101799 0.7169085 1.077561 0.7336607 1.098148 0.7385222 1.077561 0.7336607 1.091738 0.7594877 1.071942 0.7508808 1.091738 0.7594877 1.077561 0.7336607 1.091738 0.7594877 1.071942 0.7508808 1.093032 0.7854422 1.06407 0.7694889 1.093032 0.7854422 1.071942 0.7508808 1.093032 0.7854422 1.06407 0.7694889 1.057333 0.7842634 1.10824 0.8062557 1.093032 0.7854422 1.057333 0.7842634 1.10824 0.8062557 1.057333 0.7842634 1.099629 0.827491 1.099629 0.827491 1.132376 0.8481488 1.10824 0.8062557 1.150389 0.8300103 1.10824 0.8062557 1.132376 0.8481488 1.050938 0.79505 1.099629 0.827491 1.057333 0.7842634 1.099629 0.827491 1.050938 0.79505 1.084023 0.8423962 1.042788 0.8072896 1.084023 0.8423962 1.050938 0.79505 1.084023 0.8423962 1.11015 0.8656637 1.099629 0.827491 1.132376 0.8481488 1.099629 0.827491 1.11015 0.8656637 1.11015 0.8656637 1.084023 0.8423962 1.091762 0.8800111 1.066748 0.8553937 1.091762 0.8800111 1.084023 0.8423962 1.084023 0.8423962 1.042788 0.8072896 1.066748 0.8553937 1.031412 0.819826 1.066748 0.8553937 1.042788 0.8072896 1.132376 0.8481488 1.11015 0.8656637 1.135428 0.8495711 1.113117 0.8674088 1.135428 0.8495711 1.11015 0.8656637 1.11015 0.8656637 1.091762 0.8800111 1.113117 0.8674088 1.113117 0.8674088 1.119309 0.8714948 1.135428 0.8495711 1.119309 0.8714948 1.113117 0.8674088 1.101731 0.8869087 1.095151 0.8822995 1.101731 0.8869087 1.113117 0.8674088 1.095151 0.8822995 1.113117 0.8674088 1.091762 0.8800111 1.141891 0.8524844 1.135428 0.8495711 1.119309 0.8714948 1.135428 0.8495711 1.141891 0.8524844 1.154504 0.8323753 1.135428 0.8495711 1.154504 0.8323753 1.132376 0.8481488 1.150389 0.8300103 1.132376 0.8481488 1.154504 0.8323753 1.160173 0.8365076 1.154504 0.8323753 1.141891 0.8524844 1.160173 0.8365076 1.172354 0.826728 1.154504 0.8323753 1.167787 0.8213458 1.154504 0.8323753 1.172354 0.826728 1.172354 0.826728 1.190004 0.8181037 1.167787 0.8213458 1.185351 0.8123763 1.167787 0.8213458 1.190004 0.8181037 1.185351 0.8123763 1.190004 0.8181037 1.202703 0.8040709 1.207701 0.8094835 1.202703 0.8040709 1.190004 0.8181037 1.202703 0.8040709 1.207701 0.8094835 1.213806 0.7958937 1.219451 0.8004615 1.213806 0.7958937 1.207701 0.8094835 1.213806 0.7958937 1.219451 0.8004615 1.223817 0.7840927 1.230143 0.7876838 1.223817 0.7840927 1.219451 0.8004615 1.230143 0.7876838 1.237504 0.7756776 1.223817 0.7840927 1.230339 0.7719768 1.223817 0.7840927 1.237504 0.7756776 1.213806 0.7958937 1.223817 0.7840927 1.21081 0.7943366 1.221047 0.7825125 1.21081 0.7943366 1.223817 0.7840927 1.223817 0.7840927 1.230339 0.7719768 1.221047 0.7825125 1.221047 0.7825125 1.183524 0.7789382 1.21081 0.7943366 1.185351 0.8123763 1.202703 0.8040709 1.181926 0.8103424 1.199369 0.8023046 1.181926 0.8103424 1.202703 0.8040709 1.202703 0.8040709 1.213806 0.7958937 1.199369 0.8023046 1.21081 0.7943366 1.199369 0.8023046 1.213806 0.7958937 1.21081 0.7943366 1.183524 0.7789382 1.199369 0.8023046 1.199369 0.8023046 1.158039 0.7952192 1.181926 0.8103424 1.183524 0.7789382 1.158039 0.7952192 1.199369 0.8023046 1.181926 0.8103424 1.158039 0.7952192 1.164416 0.8193744 1.181926 0.8103424 1.164416 0.8193744 1.185351 0.8123763 1.144636 0.8059999 1.164416 0.8193744 1.158039 0.7952192 1.226311 0.7687604 1.221047 0.7825125 1.230339 0.7719768 1.158039 0.7952192 1.183524 0.7789382 1.13236 0.7827139 1.158039 0.7952192 1.13236 0.7827139 1.144636 0.8059999 1.143596 0.7628682 1.13236 0.7827139 1.183524 0.7789382 1.143596 0.7628682 1.183524 0.7789382 1.147832 0.7502412 1.192335 0.7607358 1.147832 0.7502412 1.183524 0.7789382 1.226311 0.7687604 1.192335 0.7607358 1.221047 0.7825125 1.192335 0.7607358 1.183524 0.7789382 1.221047 0.7825125 1.121171 0.7941478 1.144636 0.8059999 1.13236 0.7827139 1.121171 0.7941478 1.10824 0.8062557 1.144636 0.8059999 1.150389 0.8300103 1.144636 0.8059999 1.10824 0.8062557 1.10824 0.8062557 1.121171 0.7941478 1.093032 0.7854422 1.112358 0.7838267 1.093032 0.7854422 1.121171 0.7941478 1.121171 0.7941478 1.13236 0.7827139 1.112358 0.7838267 1.093032 0.7854422 1.112358 0.7838267 1.091738 0.7594877 1.112494 0.7675817 1.091738 0.7594877 1.112358 0.7838267 1.112494 0.7675817 1.112358 0.7838267 1.13236 0.7827139 1.091738 0.7594877 1.112494 0.7675817 1.098148 0.7385222 1.11706 0.7429844 1.098148 0.7385222 1.112494 0.7675817 1.112494 0.7675817 1.13236 0.7827139 1.11706 0.7429844 1.143596 0.7628682 1.11706 0.7429844 1.13236 0.7827139 1.143596 0.7628682 1.147832 0.7502412 1.11706 0.7429844 1.164416 0.8193744 1.144636 0.8059999 1.150389 0.8300103 1.164416 0.8193744 1.150389 0.8300103 1.167787 0.8213458 1.167787 0.8213458 1.185351 0.8123763 1.164416 0.8193744 1.154504 0.8323753 1.167787 0.8213458 1.150389 0.8300103 1.11706 0.7429844 1.123992 0.7189537 1.098148 0.7385222 1.101799 0.7169085 1.098148 0.7385222 1.123992 0.7189537 1.123992 0.7189537 1.131142 0.704376 1.101799 0.7169085 1.114573 0.6942897 1.101799 0.7169085 1.131142 0.704376 1.131142 0.704376 1.143656 0.6990831 1.114573 0.6942897 1.137516 0.6825269 1.114573 0.6942897 1.143656 0.6990831 1.143656 0.6990831 1.169958 0.6989104 1.137516 0.6825269 1.185852 0.6799617 1.137516 0.6825269 1.169958 0.6989104 1.143656 0.6990831 1.148539 0.7142888 1.169958 0.6989104 1.143656 0.6990831 1.131142 0.704376 1.148539 0.7142888 1.123992 0.7189537 1.148539 0.7142888 1.131142 0.704376 1.123992 0.7189537 1.11706 0.7429844 1.148539 0.7142888 1.177109 0.7145475 1.169958 0.6989104 1.148539 0.7142888 1.169958 0.6989104 1.177109 0.7145475 1.193634 0.6957494 1.205247 0.7116728 1.193634 0.6957494 1.177109 0.7145475 1.177109 0.7145475 1.217227 0.7266955 1.205247 0.7116728 1.217227 0.7266955 1.220983 0.7266132 1.205247 0.7116728 1.209229 0.7113715 1.205247 0.7116728 1.220983 0.7266132 1.205247 0.7116728 1.209229 0.7113715 1.193634 0.6957494 1.209229 0.7113715 1.220983 0.7266132 1.215965 0.7083401 1.227874 0.7240257 1.215965 0.7083401 1.220983 0.7266132 1.220983 0.7266132 1.227263 0.738898 1.227874 0.7240257 1.220983 0.7266132 1.217227 0.7266955 1.227263 0.738898 1.234353 0.737339 1.227874 0.7240257 1.227263 0.738898 1.227263 0.738898 1.23094 0.7539321 1.234353 0.737339 1.238203 0.7535496 1.234353 0.737339 1.23094 0.7539321 1.238203 0.7535496 1.23094 0.7539321 1.239416 0.767581 1.231352 0.7676858 1.239416 0.767581 1.23094 0.7539321 1.209229 0.7113715 1.215965 0.7083401 1.197537 0.6954725 1.197537 0.6954725 1.193634 0.6957494 1.209229 0.7113715 1.204032 0.6926951 1.197537 0.6954725 1.215965 0.7083401 1.197537 0.6954725 1.204032 0.6926951 1.190585 0.6796339 1.1975 0.6784531 1.190585 0.6796339 1.204032 0.6926951 1.1975 0.6784531 1.188298 0.6558629 1.190585 0.6796339 1.181229 0.655647 1.190585 0.6796339 1.188298 0.6558629 1.188298 0.6558629 1.176512 0.6284099 1.181229 0.655647 1.169196 0.6296311 1.181229 0.655647 1.176512 0.6284099 1.176512 0.6284099 1.166582 0.6060206 1.169196 0.6296311 1.159158 0.6084778 1.169196 0.6296311 1.166582 0.6060206 1.227263 0.738898 1.223891 0.7389483 1.23094 0.7539321 1.227757 0.754106 1.23094 0.7539321 1.223891 0.7389483 1.192604 0.740514 1.227757 0.754106 1.223891 0.7389483 1.169196 0.6296311 1.165804 0.6302052 1.181229 0.655647 1.177883 0.6556877 1.181229 0.655647 1.165804 0.6302052 1.181229 0.655647 1.177883 0.6556877 1.190585 0.6796339 1.185852 0.6799617 1.190585 0.6796339 1.177883 0.6556877 1.223891 0.7389483 1.227263 0.738898 1.217227 0.7266955 1.192604 0.740514 1.223891 0.7389483 1.217227 0.7266955 1.165804 0.6302052 1.169196 0.6296311 1.155601 0.6096444 1.159158 0.6084778 1.155601 0.6096444 1.169196 0.6296311 1.159158 0.6084778 1.154606 0.5855287 1.155601 0.6096444 1.151487 0.5870691 1.155601 0.6096444 1.154606 0.5855287 1.192604 0.740514 1.192335 0.7607358 1.227757 0.754106 1.192335 0.7607358 1.192604 0.740514 1.147832 0.7502412 1.1497 0.7370555 1.147832 0.7502412 1.192604 0.740514 1.1497 0.7370555 1.192604 0.740514 1.148539 0.7142888 1.177109 0.7145475 1.148539 0.7142888 1.192604 0.740514 1.177109 0.7145475 1.192604 0.740514 1.217227 0.7266955 1.1497 0.7370555 1.148539 0.7142888 1.11706 0.7429844 1.147832 0.7502412 1.1497 0.7370555 1.11706 0.7429844 1.192335 0.7607358 1.226311 0.7687604 1.227757 0.754106 1.226311 0.7687604 1.231352 0.7676858 1.227757 0.754106 1.23094 0.7539321 1.227757 0.754106 1.231352 0.7676858 1.193634 0.6957494 1.197537 0.6954725 1.185852 0.6799617 1.190585 0.6796339 1.185852 0.6799617 1.197537 0.6954725 1.169958 0.6989104 1.193634 0.6957494 1.185852 0.6799617 1.290768 0.3616894 1.296772 0.3608842 1.286431 0.3423306 1.292329 0.3401352 1.286431 0.3423306 1.296772 0.3608842 1.292329 0.3401352 1.283677 0.3236227 1.286431 0.3423306 1.277874 0.326207 1.286431 0.3423306 1.283677 0.3236227 1.296772 0.3608842 1.290768 0.3616894 1.296401 0.3791662 1.290127 0.3789538 1.296401 0.3791662 1.290768 0.3616894 1.296401 0.3791662 1.290127 0.3789538 1.292877 0.3997229 1.285703 0.4012061 1.292877 0.3997229 1.290127 0.3789538 1.285703 0.4012061 1.289357 0.4281267 1.292877 0.3997229 1.295937 0.4284559 1.292877 0.3997229 1.289357 0.4281267 1.289357 0.4281267 1.291825 0.4520946 1.295937 0.4284559 1.298026 0.4512233 1.295937 0.4284559 1.291825 0.4520946 1.298026 0.4512233 1.291825 0.4520946 1.288659 0.4861404 1.281691 0.4889109 1.288659 0.4861404 1.291825 0.4520946 1.288659 0.4861404 1.281691 0.4889109 1.287034 0.5182027 1.27977 0.5208409 1.287034 0.5182027 1.281691 0.4889109 1.287034 0.5182027 1.27977 0.5208409 1.289524 0.5440534 1.281639 0.5463123 1.289524 0.5440534 1.27977 0.5208409 1.285703 0.4012061 1.290127 0.3789538 1.27959 0.4039082 1.284494 0.3807472 1.27959 0.4039082 1.290127 0.3789538 1.284494 0.3807472 1.235831 0.4106047 1.27959 0.4039082 1.23007 0.4316151 1.27959 0.4039082 1.235831 0.4106047 1.235831 0.4106047 1.181412 0.4428475 1.23007 0.4316151 1.181412 0.4428475 1.235831 0.4106047 1.183486 0.4300829 1.237335 0.3952201 1.183486 0.4300829 1.235831 0.4106047 1.235831 0.4106047 1.284494 0.3807472 1.237335 0.3952201 1.183486 0.4300829 1.237335 0.3952201 1.180805 0.4154473 1.233483 0.3779186 1.180805 0.4154473 1.237335 0.3952201 1.237335 0.3952201 1.285734 0.3637695 1.233483 0.3779186 1.285734 0.3637695 1.237335 0.3952201 1.284494 0.3807472 1.281421 0.344805 1.233483 0.3779186 1.285734 0.3637695 1.180805 0.4154473 1.233483 0.3779186 1.172625 0.4050798 1.224425 0.3648139 1.172625 0.4050798 1.233483 0.3779186 1.233483 0.3779186 1.281421 0.344805 1.224425 0.3648139 1.176117 0.4599739 1.23007 0.4316151 1.181412 0.4428475 1.272246 0.3291594 1.224425 0.3648139 1.281421 0.344805 1.23007 0.4316151 1.176117 0.4599739 1.234644 0.4522429 1.171071 0.4775833 1.234644 0.4522429 1.176117 0.4599739 1.234644 0.4522429 1.171071 0.4775833 1.236717 0.4701279 1.169241 0.4939358 1.236717 0.4701279 1.171071 0.4775833 1.236717 0.4701279 1.285217 0.4538429 1.234644 0.4522429 1.285217 0.4538429 1.236717 0.4701279 1.275775 0.4910892 1.226516 0.5034081 1.275775 0.4910892 1.236717 0.4701279 1.236717 0.4701279 1.169241 0.4939358 1.226516 0.5034081 1.283106 0.4296863 1.234644 0.4522429 1.285217 0.4538429 1.170902 0.5195636 1.226516 0.5034081 1.169241 0.4939358 1.226516 0.5034081 1.170902 0.5195636 1.23028 0.5334968 1.170373 0.5493475 1.23028 0.5334968 1.170902 0.5195636 1.23028 0.5334968 1.170373 0.5493475 1.231118 0.5598381 1.171243 0.5747632 1.231118 0.5598381 1.170373 0.5493475 1.231118 0.5598381 1.275723 0.5481786 1.23028 0.5334968 1.274022 0.5229904 1.23028 0.5334968 1.275723 0.5481786 1.23028 0.5334968 1.274022 0.5229904 1.226516 0.5034081 1.275775 0.4910892 1.226516 0.5034081 1.274022 0.5229904 1.234644 0.4522429 1.283106 0.4296863 1.23007 0.4316151 1.27959 0.4039082 1.23007 0.4316151 1.283106 0.4296863 1.285217 0.4538429 1.275775 0.4910892 1.291825 0.4520946 1.281691 0.4889109 1.291825 0.4520946 1.275775 0.4910892 1.275775 0.4910892 1.274022 0.5229904 1.281691 0.4889109 1.27959 0.4039082 1.283106 0.4296863 1.285703 0.4012061 1.289357 0.4281267 1.285703 0.4012061 1.283106 0.4296863 1.27977 0.5208409 1.281691 0.4889109 1.274022 0.5229904 1.274022 0.5229904 1.275723 0.5481786 1.27977 0.5208409 1.281639 0.5463123 1.27977 0.5208409 1.275723 0.5481786 1.291825 0.4520946 1.289357 0.4281267 1.285217 0.4538429 1.283106 0.4296863 1.285217 0.4538429 1.289357 0.4281267 1.171243 0.5747632 1.182109 0.5984524 1.231118 0.5598381 1.242329 0.5837752 1.231118 0.5598381 1.182109 0.5984524 1.231118 0.5598381 1.242329 0.5837752 1.275723 0.5481786 1.285671 0.5711586 1.275723 0.5481786 1.242329 0.5837752 1.182109 0.5984524 1.196917 0.625876 1.242329 0.5837752 1.253339 0.6125098 1.242329 0.5837752 1.196917 0.625876 1.242329 0.5837752 1.253339 0.6125098 1.285671 0.5711586 1.196917 0.625876 1.208102 0.6507908 1.253339 0.6125098 1.278423 0.6372778 1.253339 0.6125098 1.208102 0.6507908 1.208102 0.6507908 1.217794 0.6668786 1.278423 0.6372778 1.285302 0.6547958 1.278423 0.6372778 1.217794 0.6668786 1.253339 0.6125098 1.278423 0.6372778 1.302265 0.5980874 1.302265 0.5980874 1.285671 0.5711586 1.253339 0.6125098 1.328479 0.6256776 1.302265 0.5980874 1.278423 0.6372778 1.278423 0.6372778 1.285302 0.6547958 1.328479 0.6256776 1.338485 0.6475167 1.328479 0.6256776 1.285302 0.6547958 1.217794 0.6668786 1.231374 0.6826319 1.285302 0.6547958 1.291997 0.6756626 1.285302 0.6547958 1.231374 0.6826319 1.285302 0.6547958 1.291997 0.6756626 1.338485 0.6475167 1.231374 0.6826319 1.245115 0.6970096 1.291997 0.6756626 1.308059 0.6910414 1.291997 0.6756626 1.245115 0.6970096 1.291997 0.6756626 1.308059 0.6910414 1.348618 0.6713557 1.348618 0.6713557 1.338485 0.6475167 1.291997 0.6756626 1.364964 0.6883072 1.348618 0.6713557 1.308059 0.6910414 1.245115 0.6970096 1.253898 0.7091163 1.308059 0.6910414 1.317784 0.7041694 1.308059 0.6910414 1.253898 0.7091163 1.308059 0.6910414 1.317784 0.7041694 1.364964 0.6883072 1.253898 0.7091163 1.260399 0.7252728 1.317784 0.7041694 1.32479 0.721891 1.317784 0.7041694 1.260399 0.7252728 1.317784 0.7041694 1.32479 0.721891 1.375218 0.7019713 1.375218 0.7019713 1.364964 0.6883072 1.317784 0.7041694 1.382542 0.7201147 1.375218 0.7019713 1.32479 0.721891 1.260399 0.7252728 1.26058 0.7414529 1.32479 0.721891 1.325811 0.7393277 1.32479 0.721891 1.26058 0.7414529 1.32479 0.721891 1.325811 0.7393277 1.382542 0.7201147 1.325811 0.7393277 1.26058 0.7414529 1.326272 0.7567315 1.261793 0.7575147 1.326272 0.7567315 1.26058 0.7414529 1.326272 0.7567315 1.261793 0.7575147 1.320753 0.7746634 1.320753 0.7746634 1.378213 0.7744867 1.326272 0.7567315 1.384043 0.7558967 1.326272 0.7567315 1.378213 0.7744867 1.326272 0.7567315 1.384043 0.7558967 1.325811 0.7393277 1.256689 0.7737799 1.320753 0.7746634 1.261793 0.7575147 1.320753 0.7746634 1.256689 0.7737799 1.312225 0.7880685 1.249036 0.785917 1.312225 0.7880685 1.256689 0.7737799 1.312225 0.7880685 1.249036 0.785917 1.297454 0.8039794 1.297454 0.8039794 1.354098 0.8065516 1.312225 0.7880685 1.369152 0.7887602 1.312225 0.7880685 1.354098 0.8065516 1.312225 0.7880685 1.369152 0.7887602 1.320753 0.7746634 1.378213 0.7744867 1.320753 0.7746634 1.369152 0.7887602 1.236569 0.8002682 1.297454 0.8039794 1.249036 0.785917 1.384461 0.7379626 1.325811 0.7393277 1.384043 0.7558967 1.384461 0.7379626 1.382542 0.7201147 1.325811 0.7393277 1.297454 0.8039794 1.236569 0.8002682 1.292196 0.8248135 1.224298 0.8154195 1.292196 0.8248135 1.236569 0.8002682 1.292196 0.8248135 1.224298 0.8154195 1.286432 0.842124 1.215843 0.830159 1.286432 0.842124 1.224298 0.8154195 1.286432 0.842124 1.336619 0.8531635 1.292196 0.8248135 1.336619 0.8531635 1.286432 0.842124 1.311297 0.8815873 1.262328 0.8666956 1.311297 0.8815873 1.286432 0.842124 1.286432 0.842124 1.215843 0.830159 1.262328 0.8666956 1.345475 0.8308887 1.292196 0.8248135 1.336619 0.8531635 1.292196 0.8248135 1.345475 0.8308887 1.297454 0.8039794 1.354098 0.8065516 1.297454 0.8039794 1.345475 0.8308887 1.205934 0.853056 1.262328 0.8666956 1.215843 0.830159 1.262328 0.8666956 1.205934 0.853056 1.251395 0.894614 1.191712 0.8773511 1.251395 0.894614 1.205934 0.853056 1.251395 0.894614 1.191712 0.8773511 1.239106 0.9171939 1.180502 0.8969231 1.239106 0.9171939 1.191712 0.8773511 1.239106 0.9171939 1.283694 0.9323041 1.251395 0.894614 1.294645 0.9089001 1.251395 0.894614 1.283694 0.9323041 1.251395 0.894614 1.294645 0.9089001 1.262328 0.8666956 1.311297 0.8815873 1.262328 0.8666956 1.294645 0.9089001 1.336619 0.8531635 1.311297 0.8815873 1.343518 0.855408 1.317916 0.8833556 1.343518 0.855408 1.311297 0.8815873 1.311297 0.8815873 1.294645 0.9089001 1.317916 0.8833556 1.317916 0.8833556 1.32587 0.8849251 1.343518 0.855408 1.34971 0.858343 1.343518 0.855408 1.32587 0.8849251 1.34971 0.858343 1.357618 0.83702 1.343518 0.855408 1.351846 0.8330506 1.343518 0.855408 1.357618 0.83702 1.32587 0.8849251 1.317916 0.8833556 1.309808 0.9122308 1.301355 0.9105387 1.309808 0.9122308 1.317916 0.8833556 1.301355 0.9105387 1.317916 0.8833556 1.294645 0.9089001 1.294645 0.9089001 1.283694 0.9323041 1.301355 0.9105387 1.309808 0.9122308 1.301355 0.9105387 1.29989 0.9355505 1.290904 0.9339829 1.29989 0.9355505 1.301355 0.9105387 1.290904 0.9339829 1.301355 0.9105387 1.283694 0.9323041 1.357618 0.83702 1.367587 0.8100102 1.351846 0.8330506 1.360618 0.8075534 1.351846 0.8330506 1.367587 0.8100102 1.360618 0.8075534 1.367587 0.8100102 1.374666 0.7900364 1.379758 0.793444 1.374666 0.7900364 1.367587 0.8100102 1.374666 0.7900364 1.379758 0.793444 1.38322 0.7751658 1.388342 0.7774943 1.38322 0.7751658 1.379758 0.793444 1.38322 0.7751658 1.388342 0.7774943 1.388972 0.7561378 1.394383 0.7570239 1.388972 0.7561378 1.388342 0.7774943 1.394383 0.7570239 1.394975 0.7377195 1.388972 0.7561378 1.389598 0.7378367 1.388972 0.7561378 1.394975 0.7377195 1.38322 0.7751658 1.388972 0.7561378 1.378213 0.7744867 1.384043 0.7558967 1.378213 0.7744867 1.388972 0.7561378 1.388972 0.7561378 1.389598 0.7378367 1.384043 0.7558967 1.360618 0.8075534 1.374666 0.7900364 1.354098 0.8065516 1.369152 0.7887602 1.354098 0.8065516 1.374666 0.7900364 1.374666 0.7900364 1.38322 0.7751658 1.369152 0.7887602 1.378213 0.7744867 1.369152 0.7887602 1.38322 0.7751658 1.354098 0.8065516 1.345475 0.8308887 1.360618 0.8075534 1.351846 0.8330506 1.360618 0.8075534 1.345475 0.8308887 1.384461 0.7379626 1.384043 0.7558967 1.389598 0.7378367 1.345475 0.8308887 1.336619 0.8531635 1.351846 0.8330506 1.343518 0.855408 1.351846 0.8330506 1.336619 0.8531635 1.389598 0.7378367 1.394975 0.7377195 1.387468 0.7196284 1.392841 0.7185224 1.387468 0.7196284 1.394975 0.7377195 1.392841 0.7185224 1.385233 0.6985069 1.387468 0.7196284 1.380204 0.7010491 1.387468 0.7196284 1.385233 0.6985069 1.385233 0.6985069 1.375404 0.6831814 1.380204 0.7010491 1.370464 0.6867938 1.380204 0.7010491 1.375404 0.6831814 1.375404 0.6831814 1.362033 0.6674765 1.370464 0.6867938 1.355175 0.6701979 1.370464 0.6867938 1.362033 0.6674765 1.355175 0.6701979 1.362033 0.6674765 1.344792 0.64527 1.35039 0.6412078 1.344792 0.64527 1.362033 0.6674765 1.344792 0.64527 1.35039 0.6412078 1.335274 0.62339 1.341249 0.6204495 1.335274 0.62339 1.35039 0.6412078 1.341249 0.6204495 1.316232 0.5948934 1.335274 0.62339 1.30863 0.5964777 1.335274 0.62339 1.316232 0.5948934 1.316232 0.5948934 1.299507 0.5678594 1.30863 0.5964777 1.291806 0.5696026 1.30863 0.5964777 1.299507 0.5678594 1.299507 0.5678594 1.289524 0.5440534 1.291806 0.5696026 1.281639 0.5463123 1.291806 0.5696026 1.289524 0.5440534 1.355175 0.6701979 1.348618 0.6713557 1.370464 0.6867938 1.364964 0.6883072 1.370464 0.6867938 1.348618 0.6713557 1.30863 0.5964777 1.302265 0.5980874 1.335274 0.62339 1.328479 0.6256776 1.335274 0.62339 1.302265 0.5980874 1.335274 0.62339 1.328479 0.6256776 1.344792 0.64527 1.348618 0.6713557 1.355175 0.6701979 1.338485 0.6475167 1.344792 0.64527 1.338485 0.6475167 1.355175 0.6701979 1.338485 0.6475167 1.344792 0.64527 1.328479 0.6256776 1.302265 0.5980874 1.30863 0.5964777 1.285671 0.5711586 1.291806 0.5696026 1.285671 0.5711586 1.30863 0.5964777 1.285671 0.5711586 1.291806 0.5696026 1.275723 0.5481786 1.281639 0.5463123 1.275723 0.5481786 1.291806 0.5696026 1.375218 0.7019713 1.380204 0.7010491 1.364964 0.6883072 1.380204 0.7010491 1.375218 0.7019713 1.387468 0.7196284 1.382542 0.7201147 1.387468 0.7196284 1.375218 0.7019713 1.387468 0.7196284 1.382542 0.7201147 1.389598 0.7378367 1.384461 0.7379626 1.389598 0.7378367 1.382542 0.7201147 1.370464 0.6867938 1.364964 0.6883072 1.380204 0.7010491 1.414528 0.2682812 1.418475 0.2914901 1.424304 0.2674774 1.424304 0.2674774 1.419264 0.2456019 1.414528 0.2682812 1.410935 0.2462894 1.414528 0.2682812 1.419264 0.2456019 1.418475 0.2914901 1.414528 0.2682812 1.413461 0.2925463 1.408635 0.2694081 1.413461 0.2925463 1.414528 0.2682812 1.414528 0.2682812 1.410935 0.2462894 1.408635 0.2694081 1.408635 0.2694081 1.352504 0.302743 1.413461 0.2925463 1.357138 0.3243652 1.413461 0.2925463 1.352504 0.302743 1.352504 0.302743 1.292329 0.3401352 1.357138 0.3243652 1.292329 0.3401352 1.352504 0.302743 1.283677 0.3236227 1.343389 0.2844886 1.283677 0.3236227 1.352504 0.302743 1.352504 0.302743 1.408635 0.2694081 1.343389 0.2844886 1.296772 0.3608842 1.357138 0.3243652 1.292329 0.3401352 1.357138 0.3243652 1.296772 0.3608842 1.356097 0.3436321 1.296401 0.3791662 1.356097 0.3436321 1.296772 0.3608842 1.356097 0.3436321 1.296401 0.3791662 1.351976 0.368079 1.351976 0.368079 1.408393 0.3388254 1.356097 0.3436321 1.412239 0.3131764 1.356097 0.3436321 1.408393 0.3388254 1.356097 0.3436321 1.412239 0.3131764 1.357138 0.3243652 1.413461 0.2925463 1.357138 0.3243652 1.412239 0.3131764 1.292877 0.3997229 1.351976 0.368079 1.296401 0.3791662 1.396035 0.2505097 1.343389 0.2844886 1.408635 0.2694081 1.351976 0.368079 1.292877 0.3997229 1.357264 0.3989942 1.295937 0.4284559 1.357264 0.3989942 1.292877 0.3997229 1.357264 0.3989942 1.295937 0.4284559 1.361374 0.4276913 1.298026 0.4512233 1.361374 0.4276913 1.295937 0.4284559 1.361374 0.4276913 1.421524 0.4076285 1.357264 0.3989942 1.421524 0.4076285 1.361374 0.4276913 1.412618 0.4512391 1.352273 0.4662399 1.412618 0.4512391 1.361374 0.4276913 1.361374 0.4276913 1.298026 0.4512233 1.352273 0.4662399 1.415708 0.3754985 1.357264 0.3989942 1.421524 0.4076285 1.357264 0.3989942 1.415708 0.3754985 1.351976 0.368079 1.408393 0.3388254 1.351976 0.368079 1.415708 0.3754985 1.288659 0.4861404 1.352273 0.4662399 1.298026 0.4512233 1.352273 0.4662399 1.288659 0.4861404 1.354356 0.4982042 1.287034 0.5182027 1.354356 0.4982042 1.288659 0.4861404 1.354356 0.4982042 1.287034 0.5182027 1.354103 0.525968 1.289524 0.5440534 1.354103 0.525968 1.287034 0.5182027 1.354103 0.525968 1.414767 0.5092757 1.354356 0.4982042 1.411727 0.483844 1.354356 0.4982042 1.414767 0.5092757 1.354356 0.4982042 1.411727 0.483844 1.352273 0.4662399 1.412618 0.4512391 1.352273 0.4662399 1.411727 0.483844 1.421524 0.4076285 1.412618 0.4512391 1.427703 0.4066545 1.418243 0.4496099 1.427703 0.4066545 1.412618 0.4512391 1.412618 0.4512391 1.411727 0.483844 1.418243 0.4496099 1.418243 0.4496099 1.426179 0.4471409 1.427703 0.4066545 1.433933 0.4072416 1.427703 0.4066545 1.426179 0.4471409 1.433933 0.4072416 1.428962 0.3778396 1.427703 0.4066545 1.42187 0.3750231 1.427703 0.4066545 1.428962 0.3778396 1.426179 0.4471409 1.418243 0.4496099 1.425204 0.4794663 1.417149 0.4821265 1.425204 0.4794663 1.418243 0.4496099 1.417149 0.4821265 1.418243 0.4496099 1.411727 0.483844 1.411727 0.483844 1.414767 0.5092757 1.417149 0.4821265 1.425204 0.4794663 1.417149 0.4821265 1.428452 0.5056096 1.420431 0.5077063 1.428452 0.5056096 1.417149 0.4821265 1.420431 0.5077063 1.417149 0.4821265 1.414767 0.5092757 1.428962 0.3778396 1.422974 0.337934 1.42187 0.3750231 1.414494 0.3372097 1.42187 0.3750231 1.422974 0.337934 1.422974 0.337934 1.426182 0.3147185 1.414494 0.3372097 1.417873 0.3123538 1.414494 0.3372097 1.426182 0.3147185 1.426182 0.3147185 1.427378 0.2924395 1.417873 0.3123538 1.418475 0.2914901 1.417873 0.3123538 1.427378 0.2924395 1.427378 0.2924395 1.424304 0.2674774 1.418475 0.2914901 1.414494 0.3372097 1.417873 0.3123538 1.408393 0.3388254 1.412239 0.3131764 1.408393 0.3388254 1.417873 0.3123538 1.417873 0.3123538 1.418475 0.2914901 1.412239 0.3131764 1.42187 0.3750231 1.414494 0.3372097 1.415708 0.3754985 1.408393 0.3388254 1.415708 0.3754985 1.414494 0.3372097 1.413461 0.2925463 1.412239 0.3131764 1.418475 0.2914901 1.415708 0.3754985 1.421524 0.4076285 1.42187 0.3750231 1.420431 0.5077063 1.430161 0.5314606 1.428452 0.5056096 1.438737 0.5297521 1.428452 0.5056096 1.430161 0.5314606 1.430161 0.5314606 1.446939 0.5589311 1.438737 0.5297521 1.455465 0.5570155 1.438737 0.5297521 1.446939 0.5589311 1.446939 0.5589311 1.476164 0.5910621 1.455465 0.5570155 1.481549 0.5874744 1.455465 0.5570155 1.476164 0.5910621 1.481549 0.5874744 1.476164 0.5910621 1.490924 0.6148674 1.485964 0.6209055 1.490924 0.6148674 1.476164 0.5910621 1.490924 0.6148674 1.485964 0.6209055 1.503876 0.651913 1.497059 0.656882 1.503876 0.651913 1.485964 0.6209055 1.503876 0.651913 1.497059 0.656882 1.517521 0.6695931 1.512198 0.6756089 1.517521 0.6695931 1.497059 0.656882 1.517521 0.6695931 1.512198 0.6756089 1.528864 0.6877505 1.522841 0.6922581 1.528864 0.6877505 1.512198 0.6756089 1.528864 0.6877505 1.522841 0.6922581 1.537152 0.7110074 1.530227 0.7134056 1.537152 0.7110074 1.522841 0.6922581 1.537152 0.7110074 1.530227 0.7134056 1.540945 0.7336158 1.533814 0.7339479 1.540945 0.7336158 1.530227 0.7134056 1.533814 0.7339479 1.531788 0.7547439 1.540945 0.7336158 1.538855 0.7564852 1.540945 0.7336158 1.531788 0.7547439 1.531788 0.7547439 1.525945 0.7764791 1.538855 0.7564852 1.532323 0.7804092 1.538855 0.7564852 1.525945 0.7764791 1.525945 0.7764791 1.516564 0.7940665 1.532323 0.7804092 1.522311 0.7995462 1.532323 0.7804092 1.516564 0.7940665 1.516564 0.7940665 1.502848 0.8141542 1.522311 0.7995462 1.509945 0.818442 1.522311 0.7995462 1.502848 0.8141542 1.502848 0.8141542 1.494203 0.8511414 1.509945 0.818442 1.499764 0.856627 1.509945 0.818442 1.494203 0.8511414 1.494203 0.8511414 1.486211 0.8819924 1.499764 0.856627 1.492293 0.8850212 1.499764 0.856627 1.486211 0.8819924 1.492293 0.8850212 1.486211 0.8819924 1.468937 0.9182475 1.459569 0.9170735 1.468937 0.9182475 1.486211 0.8819924 1.468937 0.9182475 1.459569 0.9170735 1.454723 0.947412 1.444726 0.9464822 1.454723 0.947412 1.459569 0.9170735 1.454723 0.947412 1.444726 0.9464822 1.447124 0.9725853 1.436978 0.9719496 1.447124 0.9725853 1.444726 0.9464822 1.502848 0.8141542 1.516564 0.7940665 1.497255 0.8128443 1.511875 0.7923526 1.497255 0.8128443 1.516564 0.7940665 1.511875 0.7923526 1.448698 0.7933257 1.497255 0.8128443 1.434323 0.8126296 1.497255 0.8128443 1.448698 0.7933257 1.448698 0.7933257 1.379758 0.793444 1.434323 0.8126296 1.379758 0.793444 1.448698 0.7933257 1.388342 0.7774943 1.458145 0.7771744 1.388342 0.7774943 1.448698 0.7933257 1.448698 0.7933257 1.511875 0.7923526 1.458145 0.7771744 1.388342 0.7774943 1.458145 0.7771744 1.394383 0.7570239 1.464171 0.7562822 1.394383 0.7570239 1.458145 0.7771744 1.458145 0.7771744 1.521969 0.775528 1.464171 0.7562822 1.521969 0.775528 1.458145 0.7771744 1.511875 0.7923526 1.527885 0.7543488 1.464171 0.7562822 1.521969 0.775528 1.394383 0.7570239 1.464171 0.7562822 1.394975 0.7377195 1.465327 0.7362259 1.394975 0.7377195 1.464171 0.7562822 1.464171 0.7562822 1.527885 0.7543488 1.465327 0.7362259 1.367587 0.8100102 1.434323 0.8126296 1.379758 0.793444 1.529908 0.7341189 1.465327 0.7362259 1.527885 0.7543488 1.434323 0.8126296 1.367587 0.8100102 1.425492 0.8423852 1.357618 0.83702 1.425492 0.8423852 1.367587 0.8100102 1.425492 0.8423852 1.357618 0.83702 1.416733 0.8698785 1.34971 0.858343 1.416733 0.8698785 1.357618 0.83702 1.416733 0.8698785 1.479748 0.8800611 1.425492 0.8423852 1.479748 0.8800611 1.416733 0.8698785 1.452858 0.9156779 1.391657 0.9000317 1.452858 0.9156779 1.416733 0.8698785 1.416733 0.8698785 1.34971 0.858343 1.391657 0.9000317 1.48827 0.8487031 1.425492 0.8423852 1.479748 0.8800611 1.32587 0.8849251 1.391657 0.9000317 1.34971 0.858343 1.391657 0.9000317 1.32587 0.8849251 1.379055 0.9296954 1.309808 0.9122308 1.379055 0.9296954 1.32587 0.8849251 1.379055 0.9296954 1.309808 0.9122308 1.365621 0.9543533 1.29989 0.9355505 1.365621 0.9543533 1.309808 0.9122308 1.365621 0.9543533 1.428768 0.9706238 1.379055 0.9296954 1.437621 0.9453081 1.379055 0.9296954 1.428768 0.9706238 1.379055 0.9296954 1.437621 0.9453081 1.391657 0.9000317 1.452858 0.9156779 1.391657 0.9000317 1.437621 0.9453081 1.425492 0.8423852 1.48827 0.8487031 1.434323 0.8126296 1.497255 0.8128443 1.434323 0.8126296 1.48827 0.8487031 1.479748 0.8800611 1.452858 0.9156779 1.486211 0.8819924 1.459569 0.9170735 1.486211 0.8819924 1.452858 0.9156779 1.452858 0.9156779 1.437621 0.9453081 1.459569 0.9170735 1.497255 0.8128443 1.48827 0.8487031 1.502848 0.8141542 1.494203 0.8511414 1.502848 0.8141542 1.48827 0.8487031 1.444726 0.9464822 1.459569 0.9170735 1.437621 0.9453081 1.437621 0.9453081 1.428768 0.9706238 1.444726 0.9464822 1.436978 0.9719496 1.444726 0.9464822 1.428768 0.9706238 1.486211 0.8819924 1.494203 0.8511414 1.479748 0.8800611 1.48827 0.8487031 1.479748 0.8800611 1.494203 0.8511414 1.129944 0.4524783 1.106893 0.4821835 1.134529 0.4667308 1.129944 0.4524783 1.134529 0.4667308 1.132893 0.4506758 1.137579 0.4649057 1.132893 0.4506758 1.134529 0.4667308 1.132893 0.4506758 1.125999 0.4390634 1.129944 0.4524783 1.122094 0.4416469 1.129944 0.4524783 1.125999 0.4390634 1.134529 0.4667308 1.13545 0.4800938 1.137579 0.4649057 1.134529 0.4667308 1.106893 0.4821835 1.13545 0.4800938 1.13883 0.4781815 1.137579 0.4649057 1.13545 0.4800938 1.122094 0.4416469 1.095327 0.4646394 1.129944 0.4524783 1.095327 0.4646394 1.106893 0.4821835 1.129944 0.4524783 1.095327 0.4646394 1.062828 0.4987196 1.106893 0.4821835 1.072812 0.5091308 1.106893 0.4821835 1.062828 0.4987196 1.072812 0.5091308 1.085904 0.5288901 1.106893 0.4821835 1.109215 0.5125219 1.106893 0.4821835 1.085904 0.5288901 1.106893 0.4821835 1.109215 0.5125219 1.13545 0.4800938 1.109215 0.5125219 1.085904 0.5288901 1.112829 0.5294424 1.091553 0.544498 1.112829 0.5294424 1.085904 0.5288901 1.091553 0.544498 1.097048 0.5618066 1.112829 0.5294424 1.137172 0.5353764 1.112829 0.5294424 1.097048 0.5618066 1.097048 0.5618066 1.091553 0.544498 1.071942 0.5661826 1.078555 0.5477868 1.071942 0.5661826 1.091553 0.544498 1.091553 0.544498 1.085904 0.5288901 1.078555 0.5477868 1.071942 0.5661826 1.078555 0.5477868 1.048093 0.5561998 1.063785 0.5402511 1.048093 0.5561998 1.078555 0.5477868 1.063785 0.5402511 1.078555 0.5477868 1.085904 0.5288901 1.048093 0.5561998 1.063785 0.5402511 1.031817 0.5421568 1.042826 0.5249255 1.031817 0.5421568 1.063785 0.5402511 1.063785 0.5402511 1.085904 0.5288901 1.042826 0.5249255 1.072812 0.5091308 1.042826 0.5249255 1.085904 0.5288901 1.072812 0.5091308 1.062828 0.4987196 1.042826 0.5249255 1.672279 0.3350668 1.683314 0.3535641 1.683266 0.3308616 1.691292 0.3440174 1.683266 0.3308616 1.683314 0.3535641 1.024525 0.5819631 1.032362 0.5710039 1.01124 0.5718888 1.018855 0.5593684 1.01124 0.5718888 1.032362 0.5710039 1.032362 0.5710039 1.024525 0.5819631 1.045518 0.5858303 1.036086 0.5943753 1.045518 0.5858303 1.024525 0.5819631 1.045518 0.5858303 1.036086 0.5943753 1.055454 0.5982336 1.045567 0.6086579 1.055454 0.5982336 1.036086 0.5943753 1.055454 0.5982336 1.045567 0.6086579 1.06206 0.608793 1.045567 0.6086579 1.053452 0.6240514 1.06206 0.608793 1.06206 0.608793 1.053452 0.6240514 1.069228 0.6213527 1.053452 0.6240514 1.059916 0.6417003 1.069228 0.6213527 1.069228 0.6213527 1.059916 0.6417003 1.075568 0.6365007 1.059916 0.6417003 1.079513 0.6524759 1.075568 0.6365007 1.059916 0.6417003 1.06521 0.6597782 1.079513 0.6524759 1.06521 0.6597782 1.081209 0.6669104 1.079513 0.6524759 1.06521 0.6597782 1.067959 0.6770262 1.081209 0.6669104 1.067959 0.6770262 1.082107 0.6793736 1.081209 0.6669104 1.067959 0.6770262 1.068784 0.6946942 1.082107 0.6793736 1.081516 0.6955837 1.082107 0.6793736 1.068784 0.6946942 1.080239 0.7157463 1.081516 0.6955837 1.067105 0.7125297 1.067105 0.7125297 1.063542 0.7303508 1.080239 0.7157463 1.077561 0.7336607 1.080239 0.7157463 1.063542 0.7303508 1.077561 0.7336607 1.063542 0.7303508 1.071942 0.7508808 1.058759 0.747884 1.071942 0.7508808 1.063542 0.7303508 1.071942 0.7508808 1.058759 0.747884 1.06407 0.7694889 1.052297 0.7645856 1.06407 0.7694889 1.058759 0.747884 1.068784 0.6946942 1.067105 0.7125297 1.081516 0.6955837 1.06407 0.7694889 1.052297 0.7645856 1.057333 0.7842634 1.043703 0.7799925 1.057333 0.7842634 1.052297 0.7645856 1.057333 0.7842634 1.043703 0.7799925 1.050938 0.79505 1.043703 0.7799925 1.03361 0.7939855 1.050938 0.79505 1.050938 0.79505 1.03361 0.7939855 1.042788 0.8072896 1.03361 0.7939855 1.020713 0.8068809 1.042788 0.8072896 1.042788 0.8072896 1.020713 0.8068809 1.031412 0.819826 1.259852 0.980692 1.225376 0.9726548 1.260263 0.9829494 1.226839 0.9783967 1.260263 0.9829494 1.225376 0.9726548 1.226839 0.9783967 1.225376 0.9726548 1.190896 0.9763034 1.187096 0.9694988 1.190896 0.9763034 1.225376 0.9726548 1.190896 0.9763034 1.187096 0.9694988 1.152443 0.9783872 1.149177 0.9734983 1.152443 0.9783872 1.187096 0.9694988 1.145508 0.9781277 1.152443 0.9783872 1.149177 0.9734983 1.152443 0.9783872 1.145508 0.9781277 1.151856 0.9868434 1.152443 0.9783872 1.151856 0.9868434 1.190896 0.9763034 1.190037 0.985584 1.190896 0.9763034 1.151856 0.9868434 1.190896 0.9763034 1.190037 0.985584 1.226839 0.9783967 1.22532 0.9839763 1.226839 0.9783967 1.190037 0.985584 1.22532 0.9839763 1.260935 0.9855068 1.226839 0.9783967 1.260263 0.9829494 1.226839 0.9783967 1.260935 0.9855068 1.282442 0.9839299 1.330001 0.9893465 1.282464 0.9815745 1.328093 0.983721 1.282464 0.9815745 1.330001 0.9893465 1.328093 0.983721 1.330001 0.9893465 1.364126 0.9836587 1.368326 0.9902152 1.364126 0.9836587 1.330001 0.9893465 1.364126 0.9836587 1.368326 0.9902152 1.402363 0.9792674 1.405916 0.9839481 1.402363 0.9792674 1.368326 0.9902152 1.409299 0.9791095 1.402363 0.9792674 1.405916 0.9839481 1.402363 0.9792674 1.409299 0.9791095 1.40244 0.970796 1.402363 0.9792674 1.40244 0.970796 1.364126 0.9836587 1.364429 0.9743526 1.364126 0.9836587 1.40244 0.970796 1.364126 0.9836587 1.364429 0.9743526 1.328093 0.983721 1.329377 0.9780574 1.328093 0.983721 1.364429 0.9743526 1.329377 0.9780574 1.282464 0.9790801 1.328093 0.983721 1.282464 0.9815745 1.328093 0.983721 1.282464 0.9790801 1.456219 0.141726 1.403554 0.1344769 1.456103 0.1432334 1.405398 0.1401212 1.456103 0.1432334 1.403554 0.1344769 1.405398 0.1401212 1.403554 0.1344769 1.369371 0.1401454 1.365172 0.1335813 1.369371 0.1401454 1.403554 0.1344769 1.369371 0.1401454 1.365172 0.1335813 1.331111 0.1445392 1.327557 0.1398546 1.331111 0.1445392 1.365172 0.1335813 1.324171 0.1446956 1.331111 0.1445392 1.327557 0.1398546 1.331111 0.1445392 1.324171 0.1446956 1.331031 0.1530161 1.331111 0.1445392 1.331031 0.1530161 1.369371 0.1401454 1.369063 0.1494591 1.369371 0.1401454 1.331031 0.1530161 1.369371 0.1401454 1.369063 0.1494591 1.405398 0.1401212 1.40416 0.1457908 1.405398 0.1401212 1.369063 0.1494591 1.40416 0.1457908 1.456063 0.1449193 1.405398 0.1401212 1.456103 0.1432334 1.405398 0.1401212 1.456063 0.1449193 1.452305 0.164806 1.404283 0.1578376 1.452161 0.1662464 1.406125 0.1634911 1.452161 0.1662464 1.404283 0.1578376 1.406125 0.1634911 1.404283 0.1578376 1.370205 0.1635057 1.36602 0.1569626 1.370205 0.1635057 1.404283 0.1578376 1.370205 0.1635057 1.36602 0.1569626 1.332063 0.1678858 1.328521 0.1632153 1.332063 0.1678858 1.36602 0.1569626 1.325145 0.168041 1.332063 0.1678858 1.328521 0.1632153 1.332063 0.1678858 1.325145 0.168041 1.331983 0.1763362 1.332063 0.1678858 1.331983 0.1763362 1.370205 0.1635057 1.369896 0.17279 1.370205 0.1635057 1.331983 0.1763362 1.370205 0.1635057 1.369896 0.17279 1.406125 0.1634911 1.40488 0.1691713 1.406125 0.1634911 1.369896 0.17279 1.40488 0.1691713 1.452141 0.1677797 1.406125 0.1634911 1.452161 0.1662464 1.406125 0.1634911 1.452141 0.1677797 1.726233 0.122581 1.682202 0.1175069 1.726144 0.1246308 1.680774 0.1231366 1.726144 0.1246308 1.682202 0.1175069 1.680774 0.1231366 1.682202 0.1175069 1.645852 0.1262252 1.646252 0.1169415 1.645852 0.1262252 1.682202 0.1175069 1.645852 0.1262252 1.646252 0.1169415 1.607976 0.1297678 1.608082 0.1213095 1.607976 0.1297678 1.646252 0.1169415 1.72649 0.1206713 1.680516 0.1118052 1.726233 0.122581 1.682202 0.1175069 1.726233 0.122581 1.680516 0.1118052 1.682202 0.1175069 1.680516 0.1118052 1.646252 0.1169415 1.642136 0.1103675 1.646252 0.1169415 1.680516 0.1118052 1.646252 0.1169415 1.642136 0.1103675 1.608082 0.1213095 1.60456 0.1166225 1.608082 0.1213095 1.642136 0.1103675 1.601161 0.1214407 1.608082 0.1213095 1.60456 0.1166225 1.608082 0.1213095 1.601161 0.1214407 1.607976 0.1297678 1.136274 0.9873862 1.136039 0.985498 1.087802 0.981761 1.089312 0.976166 1.087802 0.981761 1.136039 0.985498 1.087752 0.9705009 1.089312 0.976166 1.135137 0.9821782 1.136039 0.985498 1.135137 0.9821782 1.089312 0.976166 1.089312 0.976166 1.087752 0.9705009 1.053084 0.9749157 1.049009 0.9682813 1.053084 0.9749157 1.087752 0.9705009 1.053084 0.9749157 1.049009 0.9682813 1.017607 0.9793324 1.011265 0.9746842 1.017607 0.9793324 1.049009 0.9682813 1.007768 0.9791677 1.017607 0.9793324 1.011265 0.9746842 1.017607 0.9793324 1.007768 0.9791677 1.014478 0.9876711 1.017607 0.9793324 1.014478 0.9876711 1.053084 0.9749157 1.052574 0.9842525 1.053084 0.9749157 1.014478 0.9876711 1.053084 0.9749157 1.052574 0.9842525 1.089312 0.976166 1.087802 0.981761 1.089312 0.976166 1.052574 0.9842525 1.151151 0.1875365 1.166678 0.2019947 1.167613 0.173224 1.178812 0.1897397 1.167613 0.173224 1.166678 0.2019947 1.151151 0.1875365 1.167613 0.173224 1.130936 0.1693943 1.145371 0.1521089 1.130936 0.1693943 1.167613 0.173224 1.587834 0.427261 1.6445 0.3853267 1.57951 0.411601 1.632149 0.3681328 1.57951 0.411601 1.6445 0.3853267 1.632149 0.3681328 1.6445 0.3853267 1.683314 0.3535641 1.667706 0.3343392 1.632149 0.3681328 1.683314 0.3535641 1.672279 0.3350668 1.667706 0.3343392 1.683314 0.3535641 1.290768 0.3616894 1.286431 0.3423306 1.285734 0.3637695 1.281421 0.344805 1.285734 0.3637695 1.286431 0.3423306 1.286431 0.3423306 1.277874 0.326207 1.281421 0.344805 1.272246 0.3291594 1.281421 0.344805 1.277874 0.326207 1.285734 0.3637695 1.284494 0.3807472 1.290768 0.3616894 1.290127 0.3789538 1.290768 0.3616894 1.284494 0.3807472 1.404045 0.2476425 1.408635 0.2694081 1.410935 0.2462894 1.427703 0.4066545 1.42187 0.3750231 1.421524 0.4076285 1.137172 0.5353764 1.145662 0.5594811 1.141154 0.5330101 1.141154 0.5330101 1.137147 0.5164144 1.137172 0.5353764 1.133852 0.5183519 1.137172 0.5353764 1.137147 0.5164144 0.8069575 0.04599362 0.838253 0.01479357 0.8190482 0.05317485 0.8449905 0.02718603 0.8190482 0.05317485 0.838253 0.01479357 0.8069575 0.04599362 0.8190482 0.05317485 0.7958086 0.08854633 0.8100095 0.08854699 0.7958086 0.08854633 0.8190482 0.05317485 0.838253 0.01479357 0.8809031 0.00373876 0.8449905 0.02718603 0.8805386 0.01804077 0.8449905 0.02718603 0.8809031 0.00373876 0.8809031 0.00373876 0.9235255 0.01485174 0.8805386 0.01804077 0.9161581 0.02703136 0.8805386 0.01804077 0.9235255 0.01485174 0.9235255 0.01485174 0.9546695 0.04610645 0.9161581 0.02703136 0.9422035 0.05305343 0.9161581 0.02703136 0.9546695 0.04610645 0.8190482 0.05317485 0.8449905 0.02718603 0.8303704 0.0598548 0.8190482 0.05317485 0.8303704 0.0598548 0.8100095 0.08854699 0.8513672 0.03878116 0.8303704 0.0598548 0.8449905 0.02718603 0.8449905 0.02718603 0.8805386 0.01804077 0.8513672 0.03878116 0.8235207 0.08854699 0.8100095 0.08854699 0.8303704 0.0598548 0.9161581 0.02703136 0.9422035 0.05305343 0.9092104 0.03860384 0.9303746 0.05969434 0.9092104 0.03860384 0.9422035 0.05305343 0.8805386 0.01804077 0.9161581 0.02703136 0.8802459 0.03175777 0.9092104 0.03860384 0.8802459 0.03175777 0.9161581 0.02703136 0.8802459 0.03175777 0.8513672 0.03878116 0.8805386 0.01804077 0.8303704 0.0598548 0.8513672 0.03878116 0.8416672 0.06625902 0.8303704 0.0598548 0.8416672 0.06625902 0.8235207 0.08854699 0.8575501 0.0503273 0.8416672 0.06625902 0.8513672 0.03878116 0.8513672 0.03878116 0.8802459 0.03175777 0.8575501 0.0503273 0.837081 0.08854699 0.8235207 0.08854699 0.8416672 0.06625902 0.9092104 0.03860384 0.9303746 0.05969434 0.9025178 0.05020475 0.9185268 0.06616121 0.9025178 0.05020475 0.9303746 0.05969434 0.8802459 0.03175777 0.9092104 0.03860384 0.8799949 0.04559433 0.9025178 0.05020475 0.8799949 0.04559433 0.9092104 0.03860384 0.8799949 0.04559433 0.8575501 0.0503273 0.8802459 0.03175777 0.8593078 0.06821316 0.8416672 0.06625902 0.8575501 0.0503273 0.8504446 0.08854699 0.837081 0.08854699 0.8416672 0.06625902 0.8593078 0.06821316 0.8504446 0.08854699 0.8416672 0.06625902 0.9003361 0.06814384 0.9025178 0.05020475 0.9185268 0.06616121 0.8797876 0.05923891 0.8799949 0.04559433 0.9025178 0.05020475 0.8797876 0.05923891 0.8575501 0.0503273 0.8799949 0.04559433 0.9003361 0.06814384 0.8797876 0.05923891 0.9025178 0.05020475 0.8593078 0.06821316 0.8575501 0.0503273 0.8797876 0.05923891 0.8593078 0.06821316 0.8693377 0.07838481 0.8504446 0.08854699 0.8593078 0.06821316 0.8797876 0.05923891 0.8693377 0.07838481 0.8645976 0.08854705 0.8504446 0.08854699 0.8693377 0.07838481 0.8797876 0.05923891 0.9003361 0.06814384 0.8796463 0.07358551 0.8796463 0.07358551 0.8693377 0.07838481 0.8797876 0.05923891 0.8899736 0.07836693 0.8796463 0.07358551 0.9003361 0.06814384 0.8795964 0.08854734 0.8645976 0.08854705 0.8693377 0.07838481 0.8795964 0.08854734 0.8796463 0.07358551 0.8899736 0.07836693 0.8795964 0.08854734 0.8693377 0.07838481 0.8796463 0.07358551 0.8899736 0.07836693 0.9003361 0.06814384 0.894733 0.08854734 0.8795964 0.08854734 0.8899736 0.07836693 0.894733 0.08854734 0.9092768 0.08854615 0.894733 0.08854734 0.9003361 0.06814384 0.9003361 0.06814384 0.9185268 0.06616121 0.9092768 0.08854615 0.9092768 0.08854615 0.9185268 0.06616121 0.9232184 0.08854454 0.9185268 0.06616121 0.9303746 0.05969434 0.9232184 0.08854454 0.9373579 0.08854275 0.9232184 0.08854454 0.9303746 0.05969434 0.9303746 0.05969434 0.9422035 0.05305343 0.9373579 0.08854275 0.9513283 0.08854115 0.9373579 0.08854275 0.9422035 0.05305343 0.9422035 0.05305343 0.9546695 0.04610645 0.9513283 0.08854115 0.965755 0.08854192 0.9513283 0.08854115 0.9546695 0.04610645 0.8977026 0.3939848 0.8977484 0.3987624 0.864617 0.3909614 0.8639342 0.3956613 0.864617 0.3909614 0.8977484 0.3987624 0.8639342 0.3956613 0.8312556 0.3874624 0.864617 0.3909614 0.8323082 0.3827491 0.864617 0.3909614 0.8312556 0.3874624 0.8312556 0.3874624 0.8007402 0.3769846 0.8323082 0.3827491 0.8007271 0.3715222 0.8323082 0.3827491 0.8007402 0.3769846 0.8977026 0.3939848 0.864617 0.3909614 0.8977083 0.3917867 0.8646961 0.3888861 0.8977083 0.3917867 0.864617 0.3909614 0.864617 0.3909614 0.8323082 0.3827491 0.8646961 0.3888861 0.8977083 0.3917867 0.8646961 0.3888861 0.8976907 0.3787748 0.8671063 0.3762265 0.8976907 0.3787748 0.8646961 0.3888861 0.8646961 0.3888861 0.8323416 0.3805917 0.8671063 0.3762265 0.8323416 0.3805917 0.8646961 0.3888861 0.8323082 0.3827491 0.8323082 0.3827491 0.8007271 0.3715222 0.8323416 0.3805917 0.8369626 0.3686452 0.8671063 0.3762265 0.8323416 0.3805917 0.8369626 0.3686452 0.8323416 0.3805917 0.8060757 0.3596916 0.8010764 0.368172 0.8060757 0.3596916 0.8323416 0.3805917 0.8010764 0.368172 0.8323416 0.3805917 0.8007271 0.3715222 0.8976907 0.3787748 0.8671063 0.3762265 0.8976907 0.3041355 0.8768343 0.3026754 0.8976907 0.3041355 0.8671063 0.3762265 0.8671063 0.3762265 0.8369626 0.3686452 0.8768343 0.3026754 0.8976907 0.3041355 0.8768343 0.3026754 0.8977 0.2474385 0.8831733 0.2464312 0.8977 0.2474385 0.8768343 0.3026754 0.8831733 0.2464312 0.8877991 0.2045925 0.8977 0.2474385 0.8877991 0.2045925 0.8831733 0.2464312 0.8742622 0.2188854 0.8691815 0.2435402 0.8742622 0.2188854 0.8831733 0.2464312 0.8976859 0.1963724 0.8977 0.2474385 0.8877991 0.2045925 0.8768343 0.3026754 0.8566259 0.2983156 0.8831733 0.2464312 0.8691815 0.2435402 0.8831733 0.2464312 0.8566259 0.2983156 0.8566259 0.2983156 0.8768343 0.3026754 0.8369626 0.3686452 0.8369626 0.3686452 0.8060757 0.3596916 0.8566259 0.2983156 0.8566259 0.2983156 0.835529 0.2931009 0.8691815 0.2435402 0.835529 0.2931009 0.8566259 0.2983156 0.8060757 0.3596916 0.8559359 0.2381606 0.8691815 0.2435402 0.835529 0.2931009 0.8742622 0.2188854 0.8691815 0.2435402 0.8559359 0.2381606 0.8559359 0.2381606 0.835529 0.2931009 0.8225437 0.2884993 0.8060757 0.3596916 0.8225437 0.2884993 0.835529 0.2931009 1.838532 0.2242895 1.83257 0.2425923 1.847811 0.2129769 1.837796 0.2429777 1.847811 0.2129769 1.83257 0.2425923 1.838532 0.2242895 1.847811 0.2129769 1.844731 0.2095386 1.847811 0.2129769 1.871838 0.1924977 1.844731 0.2095386 1.869725 0.1863608 1.844731 0.2095386 1.871838 0.1924977 1.871838 0.1924977 1.90285 0.1870213 1.869725 0.1863608 1.903421 0.1800966 1.869725 0.1863608 1.90285 0.1870213 1.83257 0.2425923 1.838532 0.2242895 1.829635 0.2424719 1.835936 0.2236685 1.829635 0.2424719 1.838532 0.2242895 1.838532 0.2242895 1.844731 0.2095386 1.835936 0.2236685 1.819933 0.2406989 1.829635 0.2424719 1.835936 0.2236685 1.903421 0.1800966 1.90285 0.1870213 1.935592 0.191784 1.932587 0.1975365 1.935592 0.191784 1.90285 0.1870213 1.935592 0.191784 1.932587 0.1975365 1.957133 0.2180235 1.953733 0.2211841 1.957133 0.2180235 1.932587 0.1975365 1.953733 0.2211841 1.962357 0.2330847 1.957133 0.2180235 1.962357 0.2330847 1.953733 0.2211841 1.967311 0.2516719 1.962065 0.2517497 1.967311 0.2516719 1.953733 0.2211841 1.967311 0.2516719 1.97026 0.2517325 1.962357 0.2330847 1.964992 0.2326249 1.962357 0.2330847 1.97026 0.2517325 1.957133 0.2180235 1.962357 0.2330847 1.964992 0.2326249 1.97026 0.2517325 1.980048 0.2504925 1.964992 0.2326249 1.827316 0.7696212 1.901109 0.7573797 1.831201 0.7436382 1.900939 0.736109 1.831201 0.7436382 1.901109 0.7573797 1.831201 0.7436382 1.789669 0.7482098 1.827316 0.7696212 1.784112 0.7757956 1.827316 0.7696212 1.789669 0.7482098 1.831201 0.7436382 1.900939 0.736109 1.833113 0.7196304 1.900705 0.7166841 1.833113 0.7196304 1.900939 0.736109 1.901109 0.7573797 1.827316 0.7696212 1.90056 0.7751616 1.824561 0.789793 1.90056 0.7751616 1.827316 0.7696212 1.827316 0.7696212 1.784112 0.7757956 1.824561 0.789793 1.90056 0.7751616 1.824561 0.789793 1.900352 0.7980645 1.820368 0.8144971 1.900352 0.7980645 1.824561 0.789793 1.824561 0.789793 1.778817 0.7971588 1.820368 0.8144971 1.778817 0.7971588 1.824561 0.789793 1.784112 0.7757956 1.771698 0.8224745 1.820368 0.8144971 1.778817 0.7971588 1.833113 0.7196304 1.793126 0.7213589 1.831201 0.7436382 1.789669 0.7482098 1.831201 0.7436382 1.793126 0.7213589 1.820368 0.8144971 1.771698 0.8224745 1.812073 0.8427764 1.764419 0.8536252 1.812073 0.8427764 1.771698 0.8224745 1.812073 0.8427764 1.764419 0.8536252 1.804487 0.8697892 1.804487 0.8697892 1.882052 0.8446319 1.812073 0.8427764 1.900948 0.8187607 1.812073 0.8427764 1.882052 0.8446319 1.812073 0.8427764 1.900948 0.8187607 1.820368 0.8144971 1.900352 0.7980645 1.820368 0.8144971 1.900948 0.8187607 1.759019 0.8832153 1.804487 0.8697892 1.764419 0.8536252 1.90056 0.7751616 1.900352 0.7980645 1.904945 0.7745687 1.905893 0.7978311 1.904945 0.7745687 1.900352 0.7980645 1.900352 0.7980645 1.900948 0.8187607 1.905893 0.7978311 1.904945 0.7745687 1.905893 0.7978311 1.917608 0.7988839 1.917736 0.7581168 1.904945 0.7745687 1.917608 0.7988839 1.905893 0.7978311 1.906522 0.8171856 1.917608 0.7988839 1.906522 0.8171856 1.905893 0.7978311 1.900948 0.8187607 1.900948 0.8187607 1.882052 0.8446319 1.906522 0.8171856 1.914297 0.8201334 1.917608 0.7988839 1.906522 0.8171856 1.914297 0.8201334 1.906522 0.8171856 1.904783 0.8449171 1.890673 0.8432407 1.904783 0.8449171 1.906522 0.8171856 1.890673 0.8432407 1.906522 0.8171856 1.882052 0.8446319 1.917736 0.7581168 1.906339 0.7571486 1.904945 0.7745687 1.917736 0.7581168 1.904812 0.7357538 1.906339 0.7571486 1.917736 0.7581168 1.917509 0.7159843 1.904812 0.7357538 1.917509 0.7159843 1.905984 0.7164592 1.904812 0.7357538 1.906339 0.7571486 1.904812 0.7357538 1.901109 0.7573797 1.900939 0.736109 1.901109 0.7573797 1.904812 0.7357538 1.904812 0.7357538 1.905984 0.7164592 1.900939 0.736109 1.900705 0.7166841 1.900939 0.736109 1.905984 0.7164592 1.901109 0.7573797 1.90056 0.7751616 1.906339 0.7571486 1.904945 0.7745687 1.906339 0.7571486 1.90056 0.7751616 1.905984 0.7164592 1.917509 0.7159843 1.903246 0.6973212 1.917509 0.7159843 1.914323 0.6739669 1.903246 0.6973212 1.903246 0.6973212 1.914323 0.6739669 1.903056 0.6758716 1.903056 0.6758716 1.914323 0.6739669 1.900229 0.658619 1.900229 0.658619 1.914323 0.6739669 1.91083 0.6333296 1.899246 0.6353521 1.900229 0.658619 1.91083 0.6333296 1.899246 0.6353521 1.91083 0.6333296 1.898254 0.6160084 1.905749 0.6124164 1.898254 0.6160084 1.91083 0.6333296 1.905749 0.6124164 1.894161 0.5885248 1.898254 0.6160084 1.880243 0.5913965 1.898254 0.6160084 1.894161 0.5885248 1.903056 0.6758716 1.897825 0.6760821 1.903246 0.6973212 1.899363 0.6973016 1.903246 0.6973212 1.897825 0.6760821 1.899363 0.6973016 1.897825 0.6760821 1.829254 0.6958629 1.823256 0.6702865 1.829254 0.6958629 1.897825 0.6760821 1.829254 0.6958629 1.823256 0.6702865 1.787503 0.6948834 1.779712 0.6678511 1.787503 0.6948834 1.823256 0.6702865 1.829254 0.6958629 1.833113 0.7196304 1.899363 0.6973016 1.900705 0.7166841 1.899363 0.6973016 1.833113 0.7196304 1.897825 0.6760821 1.895821 0.6584019 1.823256 0.6702865 1.818862 0.6504003 1.823256 0.6702865 1.895821 0.6584019 1.823256 0.6702865 1.818862 0.6504003 1.779712 0.6678511 1.895821 0.6584019 1.893711 0.6355907 1.818862 0.6504003 1.812632 0.6261199 1.818862 0.6504003 1.893711 0.6355907 1.818862 0.6504003 1.812632 0.6261199 1.772687 0.6469943 1.772687 0.6469943 1.779712 0.6678511 1.818862 0.6504003 1.763514 0.6223393 1.772687 0.6469943 1.812632 0.6261199 1.787503 0.6948834 1.793126 0.7213589 1.829254 0.6958629 1.833113 0.7196304 1.829254 0.6958629 1.793126 0.7213589 1.812632 0.6261199 1.801981 0.5986365 1.763514 0.6223393 1.753623 0.5919046 1.763514 0.6223393 1.801981 0.5986365 1.801981 0.5986365 1.792135 0.5723017 1.753623 0.5919046 1.792135 0.5723017 1.801981 0.5986365 1.871539 0.5907532 1.892571 0.6149119 1.871539 0.5907532 1.801981 0.5986365 1.893711 0.6355907 1.892571 0.6149119 1.812632 0.6261199 1.801981 0.5986365 1.812632 0.6261199 1.892571 0.6149119 1.745708 0.562879 1.753623 0.5919046 1.792135 0.5723017 1.895821 0.6584019 1.900229 0.658619 1.893711 0.6355907 1.899246 0.6353521 1.893711 0.6355907 1.900229 0.658619 1.893711 0.6355907 1.899246 0.6353521 1.892571 0.6149119 1.898254 0.6160084 1.892571 0.6149119 1.899246 0.6353521 1.892571 0.6149119 1.898254 0.6160084 1.871539 0.5907532 1.880243 0.5913965 1.871539 0.5907532 1.898254 0.6160084 1.900229 0.658619 1.895821 0.6584019 1.903056 0.6758716 1.897825 0.6760821 1.903056 0.6758716 1.895821 0.6584019 1.634464 0.9030676 1.738113 0.891467 1.655199 0.8606508 1.749371 0.8583844 1.655199 0.8606508 1.738113 0.891467 1.738113 0.891467 1.634464 0.9030676 1.695194 0.9176527 1.630021 0.9409699 1.695194 0.9176527 1.634464 0.9030676 1.655199 0.8606508 1.749371 0.8583844 1.675346 0.8228403 1.761195 0.8261341 1.675346 0.8228403 1.749371 0.8583844 1.675346 0.8228403 1.761195 0.8261341 1.68477 0.8005353 1.77073 0.8003235 1.68477 0.8005353 1.761195 0.8261341 1.68477 0.8005353 1.77073 0.8003235 1.691792 0.7795073 1.777961 0.7778268 1.691792 0.7795073 1.77073 0.8003235 1.691792 0.7795073 1.777961 0.7778268 1.698843 0.7519152 1.784705 0.748894 1.698843 0.7519152 1.777961 0.7778268 1.698843 0.7519152 1.784705 0.748894 1.70205 0.7256945 1.788828 0.7215927 1.70205 0.7256945 1.784705 0.748894 1.749371 0.8583844 1.738113 0.891467 1.756137 0.856287 1.746721 0.8914834 1.756137 0.856287 1.738113 0.891467 1.746721 0.8914834 1.759019 0.8832153 1.756137 0.856287 1.764419 0.8536252 1.756137 0.856287 1.759019 0.8832153 1.756137 0.856287 1.764419 0.8536252 1.76615 0.8244457 1.771698 0.8224745 1.76615 0.8244457 1.764419 0.8536252 1.76615 0.8244457 1.771698 0.8224745 1.775549 0.7986546 1.77073 0.8003235 1.761195 0.8261341 1.775549 0.7986546 1.76615 0.8244457 1.775549 0.7986546 1.761195 0.8261341 1.778817 0.7971588 1.775549 0.7986546 1.771698 0.8224745 1.775549 0.7986546 1.778817 0.7971588 1.782306 0.7765301 1.777961 0.7778268 1.77073 0.8003235 1.782306 0.7765301 1.775549 0.7986546 1.782306 0.7765301 1.77073 0.8003235 1.784112 0.7757956 1.782306 0.7765301 1.778817 0.7971588 1.782306 0.7765301 1.784112 0.7757956 1.788929 0.7484017 1.784705 0.748894 1.777961 0.7778268 1.788929 0.7484017 1.782306 0.7765301 1.788929 0.7484017 1.777961 0.7778268 1.789669 0.7482098 1.788929 0.7484017 1.784112 0.7757956 1.789669 0.7482098 1.793126 0.7213589 1.788929 0.7484017 1.792384 0.7214212 1.788929 0.7484017 1.793126 0.7213589 1.788828 0.7215927 1.784705 0.748894 1.792384 0.7214212 1.788929 0.7484017 1.792384 0.7214212 1.784705 0.748894 1.756137 0.856287 1.76615 0.8244457 1.749371 0.8583844 1.761195 0.8261341 1.749371 0.8583844 1.76615 0.8244457 1.792384 0.7214212 1.793126 0.7213589 1.786771 0.694809 1.786771 0.694809 1.782542 0.6947283 1.792384 0.7214212 1.782542 0.6947283 1.786771 0.694809 1.773479 0.6664367 1.782542 0.6947283 1.773479 0.6664367 1.696805 0.6998253 1.687587 0.6729135 1.696805 0.6998253 1.773479 0.6664367 1.696805 0.6998253 1.70205 0.7256945 1.782542 0.6947283 1.788828 0.7215927 1.782542 0.6947283 1.70205 0.7256945 1.788828 0.7215927 1.792384 0.7214212 1.782542 0.6947283 1.773479 0.6664367 1.764479 0.6445833 1.687587 0.6729135 1.678956 0.6525127 1.687587 0.6729135 1.764479 0.6445833 1.764479 0.6445833 1.752869 0.6196283 1.678956 0.6525127 1.6678 0.6309828 1.678956 0.6525127 1.752869 0.6196283 1.752869 0.6196283 1.738356 0.5884538 1.6678 0.6309828 1.644498 0.594905 1.6678 0.6309828 1.738356 0.5884538 1.738356 0.5884538 1.724299 0.5563527 1.644498 0.594905 1.620173 0.5540787 1.644498 0.594905 1.724299 0.5563527 1.724299 0.5563527 1.679225 0.5338661 1.620173 0.5540787 1.612268 0.51599 1.620173 0.5540787 1.679225 0.5338661 1.738356 0.5884538 1.745207 0.5899574 1.724299 0.5563527 1.732811 0.5556817 1.724299 0.5563527 1.745207 0.5899574 1.732811 0.5556817 1.745207 0.5899574 1.745708 0.562879 1.753623 0.5919046 1.745708 0.562879 1.745207 0.5899574 1.745207 0.5899574 1.757889 0.6208554 1.753623 0.5919046 1.745207 0.5899574 1.738356 0.5884538 1.757889 0.6208554 1.752869 0.6196283 1.757889 0.6208554 1.738356 0.5884538 1.763514 0.6223393 1.753623 0.5919046 1.757889 0.6208554 1.757889 0.6208554 1.769355 0.6458076 1.763514 0.6223393 1.757889 0.6208554 1.752869 0.6196283 1.769355 0.6458076 1.772687 0.6469943 1.763514 0.6223393 1.769355 0.6458076 1.769355 0.6458076 1.777884 0.6673148 1.772687 0.6469943 1.779712 0.6678511 1.772687 0.6469943 1.777884 0.6673148 1.777884 0.6673148 1.786771 0.694809 1.779712 0.6678511 1.787503 0.6948834 1.779712 0.6678511 1.786771 0.694809 1.787503 0.6948834 1.786771 0.694809 1.793126 0.7213589 1.777884 0.6673148 1.773479 0.6664367 1.786771 0.694809 1.769355 0.6458076 1.764479 0.6445833 1.777884 0.6673148 1.773479 0.6664367 1.777884 0.6673148 1.764479 0.6445833 1.764479 0.6445833 1.769355 0.6458076 1.752869 0.6196283 1.897548 0.4758442 1.866643 0.5029296 1.827038 0.4770316 1.804914 0.5066253 1.827038 0.4770316 1.866643 0.5029296 1.804914 0.5066253 1.866643 0.5029296 1.795007 0.5252539 1.815447 0.5378309 1.795007 0.5252539 1.866643 0.5029296 1.815447 0.5378309 1.866643 0.5029296 1.825068 0.5527517 1.857642 0.5527631 1.825068 0.5527517 1.866643 0.5029296 1.827038 0.4770316 1.855912 0.4404827 1.897548 0.4758442 1.926877 0.4461659 1.897548 0.4758442 1.855912 0.4404827 1.804914 0.5066253 1.795007 0.5252539 1.766342 0.5079647 1.764313 0.5177468 1.766342 0.5079647 1.795007 0.5252539 1.764313 0.5177468 1.703114 0.4867707 1.766342 0.5079647 1.703114 0.4867707 1.716055 0.461356 1.766342 0.5079647 1.778845 0.4775926 1.766342 0.5079647 1.716055 0.461356 1.827038 0.4770316 1.804914 0.5066253 1.778845 0.4775926 1.766342 0.5079647 1.778845 0.4775926 1.804914 0.5066253 1.716055 0.461356 1.740422 0.432422 1.778845 0.4775926 1.793531 0.4490171 1.778845 0.4775926 1.740422 0.432422 1.778845 0.4775926 1.793531 0.4490171 1.805661 0.4455768 1.655509 0.4198101 1.740422 0.432422 1.716055 0.461356 1.655509 0.4198101 1.716055 0.461356 1.703114 0.4867707 1.855912 0.4404827 1.827038 0.4770316 1.805661 0.4455768 1.778845 0.4775926 1.805661 0.4455768 1.827038 0.4770316 1.951814 0.487548 1.932688 0.472427 1.964835 0.4611462 1.955853 0.4436112 1.964835 0.4611462 1.932688 0.472427 1.964835 0.4611462 1.955853 0.4436112 1.986613 0.440693 1.986613 0.440693 1.994385 0.4497884 1.964835 0.4611462 1.974621 0.4681941 1.964835 0.4611462 1.994385 0.4497884 1.975051 0.4271067 1.986613 0.440693 1.955853 0.4436112 1.932688 0.472427 1.951814 0.487548 1.918974 0.5102066 1.940448 0.5190333 1.918974 0.5102066 1.951814 0.487548 1.951814 0.487548 1.961497 0.4916268 1.940448 0.5190333 1.974621 0.4681941 1.961497 0.4916268 1.964835 0.4611462 1.951814 0.487548 1.964835 0.4611462 1.961497 0.4916268 1.953208 0.5220631 1.940448 0.5190333 1.961497 0.4916268 1.918974 0.5102066 1.940448 0.5190333 1.914275 0.5520064 1.937106 0.5527641 1.914275 0.5520064 1.940448 0.5190333 1.953208 0.5220631 1.949138 0.5527796 1.940448 0.5190333 1.937106 0.5527641 1.940448 0.5190333 1.949138 0.5527796 1.918974 0.5102066 1.914275 0.5520064 1.866643 0.5029296 1.857642 0.5527631 1.866643 0.5029296 1.914275 0.5520064 1.918974 0.5102066 1.866643 0.5029296 1.932688 0.472427 1.897548 0.4758442 1.932688 0.472427 1.866643 0.5029296 1.926877 0.4461659 1.932688 0.472427 1.897548 0.4758442 1.926877 0.4461659 1.942405 0.4317077 1.932688 0.472427 1.955853 0.4436112 1.932688 0.472427 1.942405 0.4317077 1.955853 0.4436112 1.942405 0.4317077 1.975051 0.4271067 1.962619 0.4135655 1.975051 0.4271067 1.942405 0.4317077 1.804487 0.8697892 1.817565 0.8784063 1.882052 0.8446319 1.817565 0.8784063 1.899847 0.8528562 1.882052 0.8446319 1.899847 0.8528562 1.888144 0.8455698 1.882052 0.8446319 1.817565 0.8784063 1.804487 0.8697892 1.765138 0.8976616 1.759019 0.8832153 1.765138 0.8976616 1.804487 0.8697892 1.74395 0.9000021 1.748204 0.9212012 1.755263 0.8996832 1.759053 0.9147843 1.755263 0.8996832 1.748204 0.9212012 1.088562 0.9164461 1.087343 0.9221601 1.125208 0.9194183 1.125334 0.9211472 1.125208 0.9194183 1.087343 0.9221601 1.087343 0.9221601 1.088562 0.9164461 1.052158 0.9261782 1.052666 0.9169123 1.052158 0.9261782 1.088562 0.9164461 1.052158 0.9261782 1.052666 0.9169123 1.013898 0.9277285 1.014338 0.9192945 1.013898 0.9277285 1.052666 0.9169123 1.125208 0.9194183 1.125229 0.9177365 1.088562 0.9164461 1.086771 0.9107419 1.088562 0.9164461 1.125229 0.9177365 1.088562 0.9164461 1.086771 0.9107419 1.052666 0.9169123 1.048612 0.9103102 1.052666 0.9169123 1.086771 0.9107419 1.052666 0.9169123 1.048612 0.9103102 1.014338 0.9192945 1.010977 0.914478 1.014338 0.9192945 1.048612 0.9103102 1.007412 0.9191607 1.014338 0.9192945 1.010977 0.914478 1.048612 0.9103102 1.086771 0.9107419 1.052815 0.9038015 1.052815 0.9038015 1.01455 0.900555 1.048612 0.9103102 1.011081 0.9052944 1.048612 0.9103102 1.01455 0.900555 1.01455 0.900555 1.007623 0.9005322 1.011081 0.9052944 1.088691 0.9050795 1.052815 0.9038015 1.086771 0.9107419 1.086771 0.9107419 1.125378 0.9046218 1.088691 0.9050795 1.125395 0.90294 1.088691 0.9050795 1.125378 0.9046218 1.014338 0.9192945 1.007412 0.9191607 1.013898 0.9277285 1.18798 0.9452064 1.189224 0.9394966 1.144321 0.9423264 1.144211 0.9405997 1.144321 0.9423264 1.189224 0.9394966 1.189224 0.9394966 1.18798 0.9452064 1.224384 0.9354708 1.223878 0.9447334 1.224384 0.9354708 1.18798 0.9452064 1.224384 0.9354708 1.223878 0.9447334 1.262631 0.9339041 1.262195 0.9423358 1.262631 0.9339041 1.223878 0.9447334 1.144321 0.9423264 1.144306 0.9440073 1.18798 0.9452064 1.189798 0.9509029 1.18798 0.9452064 1.144306 0.9440073 1.18798 0.9452064 1.189798 0.9509029 1.223878 0.9447334 1.227932 0.9513317 1.223878 0.9447334 1.189798 0.9509029 1.223878 0.9447334 1.227932 0.9513317 1.262195 0.9423358 1.265558 0.9471494 1.262195 0.9423358 1.227932 0.9513317 1.26912 0.9424666 1.262195 0.9423358 1.265558 0.9471494 1.227932 0.9513317 1.189798 0.9509029 1.22373 0.9578373 1.22373 0.9578373 1.261984 0.9610913 1.227932 0.9513317 1.265453 0.9563544 1.227932 0.9513317 1.261984 0.9610913 1.261984 0.9610913 1.26891 0.9611154 1.265453 0.9563544 1.187852 0.956557 1.22373 0.9578373 1.189798 0.9509029 1.189798 0.9509029 1.144162 0.956766 1.187852 0.956557 1.144139 0.9584469 1.187852 0.956557 1.144162 0.956766 1.262195 0.9423358 1.26912 0.9424666 1.262631 0.9339041 1.266418 0.1715955 1.26516 0.1773021 1.315809 0.1743931 1.315909 0.1761189 1.315809 0.1743931 1.26516 0.1773021 1.26516 0.1773021 1.266418 0.1715955 1.230015 0.1813303 1.23052 0.1720705 1.230015 0.1813303 1.266418 0.1715955 1.230015 0.1813303 1.23052 0.1720705 1.191773 0.1828904 1.192211 0.1744609 1.191773 0.1828904 1.23052 0.1720705 1.315809 0.1743931 1.31582 0.1727127 1.266418 0.1715955 1.264582 0.165904 1.266418 0.1715955 1.31582 0.1727127 1.266418 0.1715955 1.264582 0.165904 1.23052 0.1720705 1.226466 0.1654744 1.23052 0.1720705 1.264582 0.165904 1.23052 0.1720705 1.226466 0.1654744 1.192211 0.1744609 1.18885 0.1696476 1.192211 0.1744609 1.226466 0.1654744 1.185288 0.1743289 1.192211 0.1744609 1.18885 0.1696476 1.226466 0.1654744 1.264582 0.165904 1.230668 0.1589711 1.230668 0.1589711 1.192422 0.1557206 1.226466 0.1654744 1.188954 0.1604568 1.226466 0.1654744 1.192422 0.1557206 1.192422 0.1557206 1.185498 0.1556966 1.188954 0.1604568 1.266546 0.1602554 1.230668 0.1589711 1.264582 0.165904 1.264582 0.165904 1.31596 0.1602576 1.266546 0.1602554 1.315987 0.1585774 1.266546 0.1602554 1.31596 0.1602576 1.192211 0.1744609 1.185288 0.1743289 1.191773 0.1828904 1.712687 0.3951061 1.71394 0.3893986 1.665284 0.3922785 1.665181 0.3905525 1.665284 0.3922785 1.71394 0.3893986 1.71394 0.3893986 1.712687 0.3951061 1.74909 0.3853735 1.748585 0.3946341 1.74909 0.3853735 1.712687 0.3951061 1.74909 0.3853735 1.748585 0.3946341 1.787335 0.3838157 1.786896 0.3922459 1.787335 0.3838157 1.748585 0.3946341 1.665284 0.3922785 1.665272 0.393959 1.712687 0.3951061 1.714515 0.4007992 1.712687 0.3951061 1.665272 0.393959 1.712687 0.3951061 1.714515 0.4007992 1.748585 0.3946341 1.752638 0.4012312 1.748585 0.3946341 1.714515 0.4007992 1.748585 0.3946341 1.752638 0.4012312 1.786896 0.3922459 1.790257 0.3970596 1.786896 0.3922459 1.752638 0.4012312 1.79382 0.3923782 1.786896 0.3922459 1.790257 0.3970596 1.752638 0.4012312 1.714515 0.4007992 1.748437 0.4077351 1.748437 0.4077351 1.786684 0.4109867 1.752638 0.4012312 1.790153 0.4062501 1.752638 0.4012312 1.786684 0.4109867 1.786684 0.4109867 1.793609 0.4110105 1.790153 0.4062501 1.712558 0.4064497 1.748437 0.4077351 1.714515 0.4007992 1.714515 0.4007992 1.66513 0.4065245 1.712558 0.4064497 1.665104 0.4082049 1.712558 0.4064497 1.66513 0.4065245 1.786896 0.3922459 1.79382 0.3923782 1.787335 0.3838157 1.5468 0.1486444 1.545557 0.1543539 1.590614 0.1513313 1.590722 0.153058 1.590614 0.1513313 1.545557 0.1543539 1.545557 0.1543539 1.5468 0.1486444 1.510398 0.1583828 1.510901 0.1491202 1.510398 0.1583828 1.5468 0.1486444 1.510398 0.1583828 1.510901 0.1491202 1.472151 0.1599556 1.472585 0.151524 1.472151 0.1599556 1.510901 0.1491202 1.590614 0.1513313 1.59063 0.1496502 1.5468 0.1486444 1.544979 0.1429483 1.5468 0.1486444 1.59063 0.1496502 1.5468 0.1486444 1.544979 0.1429483 1.510901 0.1491202 1.506845 0.1425222 1.510901 0.1491202 1.544979 0.1429483 1.510901 0.1491202 1.506845 0.1425222 1.472585 0.151524 1.469222 0.1467106 1.472585 0.151524 1.506845 0.1425222 1.465661 0.1513943 1.472585 0.151524 1.469222 0.1467106 1.506845 0.1425222 1.544979 0.1429483 1.511047 0.1360162 1.511047 0.1360162 1.472795 0.1327593 1.506845 0.1425222 1.469325 0.1374962 1.506845 0.1425222 1.472795 0.1327593 1.472795 0.1327593 1.465869 0.1327344 1.469325 0.1374962 1.546926 0.1372945 1.511047 0.1360162 1.544979 0.1429483 1.544979 0.1429483 1.590769 0.1372703 1.546926 0.1372945 1.590791 0.1355893 1.546926 0.1372945 1.590769 0.1372703 1.472585 0.151524 1.465661 0.1513943 1.472151 0.1599556 1.053276 0.9427348 1.054555 0.937035 1.006503 0.937061 1.006214 0.9345359 1.006503 0.937061 1.054555 0.937035 1.054555 0.937035 1.053276 0.9427348 1.089684 0.9330665 1.089143 0.9422959 1.089684 0.9330665 1.053276 0.9427348 1.089684 0.9330665 1.089143 0.9422959 1.12785 0.9317418 1.124432 0.9398252 1.12785 0.9317418 1.089143 0.9422959 1.055108 0.9484254 1.053276 0.9427348 1.006766 0.9395195 1.006503 0.937061 1.006766 0.9395195 1.053276 0.9427348 1.053276 0.9427348 1.055108 0.9484254 1.089143 0.9422959 1.093177 0.9488596 1.089143 0.9422959 1.055108 0.9484254 1.089143 0.9422959 1.093177 0.9488596 1.124432 0.9398252 1.130559 0.9446846 1.124432 0.9398252 1.093177 0.9488596 1.134167 0.9403774 1.124432 0.9398252 1.130559 0.9446846 1.093177 0.9488596 1.055108 0.9484254 1.088994 0.9553293 1.088994 0.9553293 1.124218 0.958604 1.093177 0.9488596 1.130454 0.9538854 1.093177 0.9488596 1.124218 0.958604 1.124218 0.958604 1.133963 0.958274 1.130454 0.9538854 1.053148 0.9540726 1.088994 0.9553293 1.055108 0.9484254 1.055108 0.9484254 1.006576 0.9562281 1.053148 0.9540726 1.006257 0.9586798 1.053148 0.9540726 1.006576 0.9562281 1.942405 0.4317077 1.926877 0.4461659 1.925942 0.4173952 1.914744 0.4339109 1.925942 0.4173952 1.926877 0.4461659 1.942405 0.4317077 1.925942 0.4173952 1.962619 0.4135655 1.948185 0.3962801 1.962619 0.4135655 1.925942 0.4173952 1.633097 0.9583873 1.700758 0.9380576 1.630021 0.9409699 1.695194 0.9176527 1.630021 0.9409699 1.700758 0.9380576 1.695194 0.9176527 1.700758 0.9380576 1.748204 0.9212012 1.739927 0.8978202 1.695194 0.9176527 1.748204 0.9212012 1.74395 0.9000021 1.739927 0.8978202 1.748204 0.9212012 1.525945 0.7764791 1.531788 0.7547439 1.521969 0.775528 1.527885 0.7543488 1.521969 0.775528 1.531788 0.7547439 1.531788 0.7547439 1.533814 0.7339479 1.527885 0.7543488 1.529908 0.7341189 1.527885 0.7543488 1.533814 0.7339479 1.521969 0.775528 1.511875 0.7923526 1.525945 0.7764791 1.516564 0.7940665 1.525945 0.7764791 1.511875 0.7923526 1.529908 0.7341189 1.533814 0.7339479 1.526349 0.7141387 1.529908 0.7341189 1.526349 0.7141387 1.465327 0.7362259 1.462628 0.7163261 1.465327 0.7362259 1.526349 0.7141387 1.526349 0.7141387 1.518914 0.693572 1.462628 0.7163261 1.455055 0.6959594 1.462628 0.7163261 1.518914 0.693572 1.465327 0.7362259 1.462628 0.7163261 1.394975 0.7377195 1.392841 0.7185224 1.394975 0.7377195 1.462628 0.7163261 1.462628 0.7163261 1.455055 0.6959594 1.392841 0.7185224 1.385233 0.6985069 1.392841 0.7185224 1.455055 0.6959594 1.455055 0.6959594 1.444374 0.6805744 1.385233 0.6985069 1.375404 0.6831814 1.385233 0.6985069 1.444374 0.6805744 1.444374 0.6805744 1.428666 0.6623197 1.375404 0.6831814 1.428666 0.6623197 1.444374 0.6805744 1.491539 0.6586187 1.507581 0.6777555 1.491539 0.6586187 1.444374 0.6805744 1.518914 0.693572 1.507581 0.6777555 1.455055 0.6959594 1.444374 0.6805744 1.455055 0.6959594 1.507581 0.6777555 1.362033 0.6674765 1.375404 0.6831814 1.428666 0.6623197 1.428666 0.6623197 1.418038 0.6334526 1.362033 0.6674765 1.35039 0.6412078 1.362033 0.6674765 1.418038 0.6334526 1.418038 0.6334526 1.40773 0.6069527 1.35039 0.6412078 1.341249 0.6204495 1.35039 0.6412078 1.40773 0.6069527 1.40773 0.6069527 1.418038 0.6334526 1.470034 0.5935452 1.470034 0.5935452 1.441027 0.5605766 1.40773 0.6069527 1.381184 0.5785135 1.40773 0.6069527 1.441027 0.5605766 1.40773 0.6069527 1.381184 0.5785135 1.341249 0.6204495 1.480332 0.6237795 1.470034 0.5935452 1.418038 0.6334526 1.491539 0.6586187 1.480332 0.6237795 1.428666 0.6623197 1.418038 0.6334526 1.428666 0.6623197 1.480332 0.6237795 1.316232 0.5948934 1.341249 0.6204495 1.381184 0.5785135 1.381184 0.5785135 1.367598 0.5498978 1.316232 0.5948934 1.299507 0.5678594 1.316232 0.5948934 1.367598 0.5498978 1.367598 0.5498978 1.354103 0.525968 1.299507 0.5678594 1.289524 0.5440534 1.299507 0.5678594 1.354103 0.525968 1.354103 0.525968 1.367598 0.5498978 1.414767 0.5092757 1.424445 0.532861 1.414767 0.5092757 1.367598 0.5498978 1.441027 0.5605766 1.424445 0.532861 1.381184 0.5785135 1.367598 0.5498978 1.381184 0.5785135 1.424445 0.532861 1.470034 0.5935452 1.476164 0.5910621 1.441027 0.5605766 1.446939 0.5589311 1.441027 0.5605766 1.476164 0.5910621 1.441027 0.5605766 1.446939 0.5589311 1.424445 0.532861 1.430161 0.5314606 1.424445 0.532861 1.446939 0.5589311 1.424445 0.532861 1.430161 0.5314606 1.414767 0.5092757 1.420431 0.5077063 1.414767 0.5092757 1.430161 0.5314606 1.480332 0.6237795 1.485964 0.6209055 1.470034 0.5935452 1.476164 0.5910621 1.470034 0.5935452 1.485964 0.6209055 1.485964 0.6209055 1.480332 0.6237795 1.497059 0.656882 1.491539 0.6586187 1.497059 0.656882 1.480332 0.6237795 1.497059 0.656882 1.491539 0.6586187 1.512198 0.6756089 1.507581 0.6777555 1.512198 0.6756089 1.491539 0.6586187 1.512198 0.6756089 1.507581 0.6777555 1.522841 0.6922581 1.518914 0.693572 1.522841 0.6922581 1.507581 0.6777555 1.522841 0.6922581 1.518914 0.693572 1.530227 0.7134056 1.526349 0.7141387 1.530227 0.7134056 1.518914 0.693572 1.530227 0.7134056 1.526349 0.7141387 1.533814 0.7339479 0.8449833 0.02737444 0.8382452 0.01498097 0.8190444 0.0533747 0.8069528 0.04619461 0.8190444 0.0533747 0.8382452 0.01498097 0.8069528 0.04619461 0.7958086 0.0887503 0.8190444 0.0533747 0.8100095 0.08874964 0.8190444 0.0533747 0.7958086 0.0887503 0.8382452 0.01498097 0.8449833 0.02737444 0.8809198 0.003892242 0.8805273 0.01820164 0.8809198 0.003892242 0.8449833 0.02737444 0.8809198 0.003892242 0.8805273 0.01820164 0.9235163 0.01511293 0.9161284 0.02727079 0.9235163 0.01511293 0.8805273 0.01820164 0.9235163 0.01511293 0.9161284 0.02727079 0.9546578 0.04632729 0.9421928 0.05327343 0.9546578 0.04632729 0.9161284 0.02727079 0.8190444 0.0533747 0.8303659 0.06005537 0.8449833 0.02737444 0.8190444 0.0533747 0.8100095 0.08874964 0.8303659 0.06005537 0.8513575 0.03897398 0.8449833 0.02737444 0.8303659 0.06005537 0.8449833 0.02737444 0.8513575 0.03897398 0.8805273 0.01820164 0.8235207 0.08874964 0.8303659 0.06005537 0.8100095 0.08874964 0.9161284 0.02727079 0.9091879 0.0388211 0.9421928 0.05327343 0.9303639 0.05990773 0.9421928 0.05327343 0.9091879 0.0388211 0.9091879 0.0388211 0.9161284 0.02727079 0.8802302 0.0319401 0.8805273 0.01820164 0.8802302 0.0319401 0.9161284 0.02727079 0.8802302 0.0319401 0.8805273 0.01820164 0.8513575 0.03897398 0.8303659 0.06005537 0.841662 0.06646084 0.8513575 0.03897398 0.8303659 0.06005537 0.8235207 0.08874964 0.841662 0.06646084 0.85754 0.05052489 0.8513575 0.03897398 0.841662 0.06646084 0.8513575 0.03897398 0.85754 0.05052489 0.8802302 0.0319401 0.837081 0.08874964 0.841662 0.06646084 0.8235207 0.08874964 0.9091879 0.0388211 0.9025024 0.05041134 0.9303639 0.05990773 0.9185182 0.06636816 0.9303639 0.05990773 0.9025024 0.05041134 0.9025024 0.05041134 0.9091879 0.0388211 0.8799806 0.04578727 0.8802302 0.0319401 0.8799806 0.04578727 0.9091879 0.0388211 0.8799806 0.04578727 0.8802302 0.0319401 0.85754 0.05052489 0.841662 0.06646084 0.8593011 0.06841427 0.85754 0.05052489 0.837081 0.08874964 0.8504446 0.08874964 0.841662 0.06646084 0.8504446 0.08874964 0.8593011 0.06841427 0.841662 0.06646084 0.9025024 0.05041134 0.9003276 0.06834763 0.9185182 0.06636816 0.8799806 0.04578727 0.8797764 0.05943799 0.9025024 0.05041134 0.85754 0.05052489 0.8797764 0.05943799 0.8799806 0.04578727 0.8797764 0.05943799 0.9003276 0.06834763 0.9025024 0.05041134 0.85754 0.05052489 0.8593011 0.06841427 0.8797764 0.05943799 0.8593011 0.06841427 0.8504446 0.08874964 0.8693337 0.07858687 0.8593011 0.06841427 0.8693337 0.07858687 0.8797764 0.05943799 0.8645976 0.08874958 0.8693337 0.07858687 0.8504446 0.08874964 0.8797764 0.05943799 0.87964 0.07378655 0.9003276 0.06834763 0.87964 0.07378655 0.8797764 0.05943799 0.8693337 0.07858687 0.889969 0.07856857 0.9003276 0.06834763 0.87964 0.07378655 0.8645976 0.08874958 0.8795964 0.08874928 0.8693337 0.07858687 0.87964 0.07378655 0.8795964 0.08874928 0.889969 0.07856857 0.8693337 0.07858687 0.8795964 0.08874928 0.87964 0.07378655 0.889969 0.07856857 0.894733 0.08874928 0.9003276 0.06834763 0.889969 0.07856857 0.8795964 0.08874928 0.894733 0.08874928 0.9092768 0.08875048 0.9003276 0.06834763 0.894733 0.08874928 0.9185182 0.06636816 0.9003276 0.06834763 0.9092768 0.08875048 0.9185182 0.06636816 0.9092768 0.08875048 0.9232184 0.08875209 0.9185182 0.06636816 0.9232184 0.08875209 0.9303639 0.05990773 0.9373579 0.08875387 0.9303639 0.05990773 0.9232184 0.08875209 0.9303639 0.05990773 0.9373579 0.08875387 0.9421928 0.05327343 0.9513283 0.08875548 0.9421928 0.05327343 0.9373579 0.08875387 0.9421928 0.05327343 0.9513283 0.08875548 0.9546578 0.04632729 0.965755 0.08875471 0.9546578 0.04632729 0.9513283 0.08875548 1.86393 0.3951201 1.897624 0.3987624 1.864633 0.3904847 1.897669 0.3939848 1.864633 0.3904847 1.897624 0.3987624 1.86393 0.3951201 1.864633 0.3904847 1.831219 0.3873251 1.83225 0.3826207 1.831219 0.3873251 1.864633 0.3904847 1.831219 0.3873251 1.83225 0.3826207 1.80068 0.376917 1.80066 0.3714535 1.80068 0.376917 1.83225 0.3826207 1.897669 0.3939848 1.897664 0.3917867 1.864633 0.3904847 1.86469 0.3885809 1.864633 0.3904847 1.897664 0.3917867 1.864633 0.3904847 1.86469 0.3885809 1.83225 0.3826207 1.897664 0.3917867 1.897681 0.3787748 1.86469 0.3885809 1.867088 0.3760847 1.86469 0.3885809 1.897681 0.3787748 1.86469 0.3885809 1.867088 0.3760847 1.832297 0.3804817 1.832297 0.3804817 1.83225 0.3826207 1.86469 0.3885809 1.83225 0.3826207 1.832297 0.3804817 1.80066 0.3714535 1.836913 0.3685474 1.832297 0.3804817 1.867088 0.3760847 1.836913 0.3685474 1.806021 0.3596146 1.832297 0.3804817 1.801016 0.3681006 1.832297 0.3804817 1.806021 0.3596146 1.801016 0.3681006 1.80066 0.3714535 1.832297 0.3804817 1.897681 0.3787748 1.897681 0.3041355 1.867088 0.3760847 1.876816 0.3026231 1.867088 0.3760847 1.897681 0.3041355 1.867088 0.3760847 1.876816 0.3026231 1.836913 0.3685474 1.897681 0.3041355 1.897672 0.2474385 1.876816 0.3026231 1.883143 0.2464007 1.876816 0.3026231 1.897672 0.2474385 1.883143 0.2464007 1.897672 0.2474385 1.887793 0.2045699 1.887793 0.2045699 1.874244 0.2188438 1.883143 0.2464007 1.869148 0.24349 1.883143 0.2464007 1.874244 0.2188438 1.897686 0.1963724 1.887793 0.2045699 1.897672 0.2474385 1.869148 0.24349 1.856593 0.2982471 1.883143 0.2464007 1.876816 0.3026231 1.883143 0.2464007 1.856593 0.2982471 1.856593 0.2982471 1.836913 0.3685474 1.876816 0.3026231 1.836913 0.3685474 1.856593 0.2982471 1.806021 0.3596146 1.856593 0.2982471 1.869148 0.24349 1.83549 0.2930333 1.83549 0.2930333 1.806021 0.3596146 1.856593 0.2982471 1.855902 0.2380998 1.83549 0.2930333 1.869148 0.24349 1.869148 0.24349 1.874244 0.2188438 1.855902 0.2380998 1.83549 0.2930333 1.855902 0.2380998 1.822504 0.2884318 1.822504 0.2884318 1.806021 0.3596146 1.83549 0.2930333 1.804784 0.5065891 1.866524 0.5029048 1.826904 0.476974 1.897406 0.475805 1.826904 0.476974 1.866524 0.5029048 1.804784 0.5065891 1.794883 0.5252317 1.866524 0.5029048 1.815372 0.5378414 1.866524 0.5029048 1.794883 0.5252317 1.815372 0.5378414 1.825068 0.5527765 1.866524 0.5029048 1.857642 0.552765 1.866524 0.5029048 1.825068 0.5527765 1.826904 0.476974 1.897406 0.475805 1.855784 0.4404213 1.92664 0.4458997 1.855784 0.4404213 1.897406 0.475805 1.804784 0.5065891 1.766206 0.5079082 1.794883 0.5252317 1.764179 0.5176922 1.794883 0.5252317 1.766206 0.5079082 1.702967 0.4867376 1.764179 0.5176922 1.766206 0.5079082 1.702967 0.4867376 1.766206 0.5079082 1.715896 0.4613171 1.778702 0.4775302 1.715896 0.4613171 1.766206 0.5079082 1.766206 0.5079082 1.804784 0.5065891 1.778702 0.4775302 1.826904 0.476974 1.778702 0.4775302 1.804784 0.5065891 1.715896 0.4613171 1.778702 0.4775302 1.740246 0.4323707 1.79337 0.4489448 1.740246 0.4323707 1.778702 0.4775302 1.79337 0.4489448 1.778702 0.4775302 1.805511 0.4455066 1.740246 0.4323707 1.655323 0.4198046 1.715896 0.4613171 1.715896 0.4613171 1.655323 0.4198046 1.702967 0.4867376 1.778702 0.4775302 1.826904 0.476974 1.805511 0.4455066 1.855784 0.4404213 1.805511 0.4455066 1.826904 0.476974 1.110738 0.3315836 1.111704 0.3570686 1.128277 0.3293436 1.12935 0.3584814 1.128277 0.3293436 1.111704 0.3570686 1.111704 0.3570686 1.110738 0.3315836 1.091649 0.3554779 1.090816 0.3341439 1.091649 0.3554779 1.110738 0.3315836 1.091649 0.3554779 1.090816 0.3341439 1.06957 0.3537654 1.068911 0.3370316 1.06957 0.3537654 1.090816 0.3341439 1.068911 0.3370316 1.046273 0.3520138 1.06957 0.3537654 1.110738 0.3315836 1.128277 0.3293436 1.104516 0.3066712 1.121233 0.3009035 1.104516 0.3066712 1.128277 0.3293436 1.128277 0.3293436 1.137348 0.3281575 1.121233 0.3009035 1.128277 0.3293436 1.12935 0.3584814 1.137348 0.3281575 1.129866 0.2978856 1.121233 0.3009035 1.137348 0.3281575 1.104516 0.3066712 1.085562 0.3132238 1.110738 0.3315836 1.090816 0.3341439 1.110738 0.3315836 1.085562 0.3132238 1.085562 0.3132238 1.064767 0.3205804 1.090816 0.3341439 1.068911 0.3370316 1.090816 0.3341439 1.064767 0.3205804 1.138469 0.3592207 1.137348 0.3281575 1.12935 0.3584814 1.138469 0.3592207 1.12935 0.3584814 1.134144 0.3859441 1.125315 0.3834167 1.134144 0.3859441 1.12935 0.3584814 1.125315 0.3834167 1.115721 0.4065363 1.134144 0.3859441 1.115721 0.4065363 1.125315 0.3834167 1.099903 0.3984704 1.10829 0.3785613 1.099903 0.3984704 1.125315 0.3834167 1.099903 0.3984704 1.10829 0.3785613 1.081932 0.3893036 1.088941 0.3730682 1.081932 0.3893036 1.10829 0.3785613 1.081932 0.3893036 1.088941 0.3730682 1.062254 0.3791032 1.067662 0.3669902 1.062254 0.3791032 1.088941 0.3730682 1.067662 0.3669902 1.041703 0.3680749 1.062254 0.3791032 1.123876 0.4107382 1.134144 0.3859441 1.115721 0.4065363 1.10829 0.3785613 1.125315 0.3834167 1.111704 0.3570686 1.12935 0.3584814 1.111704 0.3570686 1.125315 0.3834167 1.111704 0.3570686 1.091649 0.3554779 1.10829 0.3785613 1.088941 0.3730682 1.10829 0.3785613 1.091649 0.3554779 1.091649 0.3554779 1.06957 0.3537654 1.088941 0.3730682 1.067662 0.3669902 1.088941 0.3730682 1.06957 0.3537654 1.067662 0.3669902 1.046273 0.3520138 1.041703 0.3680749 1.067662 0.3669902 1.06957 0.3537654 1.046273 0.3520138 1.046273 0.3520138 1.020033 0.3557021 1.041703 0.3680749 1.02052 0.3375036 1.020033 0.3557021 1.046273 0.3520138 1.042936 0.3286261 1.02052 0.3375036 1.046273 0.3520138 1.068911 0.3370316 1.042936 0.3286261 1.046273 0.3520138 1.068911 0.3370316 1.064767 0.3205804 1.042936 0.3286261 1.955843 0.4437462 1.932505 0.4724267 1.964589 0.4613318 1.950145 0.4869546 1.964589 0.4613318 1.932505 0.4724267 1.964589 0.4613318 1.985227 0.4405713 1.955843 0.4437462 1.985227 0.4405713 1.964589 0.4613318 1.99291 0.4497423 1.974223 0.4684933 1.99291 0.4497423 1.964589 0.4613318 1.973742 0.4269204 1.955843 0.4437462 1.985227 0.4405713 1.932505 0.4724267 1.918831 0.5102066 1.950145 0.4869546 1.940282 0.5190455 1.950145 0.4869546 1.918831 0.5102066 1.950145 0.4869546 1.940282 0.5190455 1.96118 0.491701 1.950145 0.4869546 1.96118 0.491701 1.964589 0.4613318 1.974223 0.4684933 1.964589 0.4613318 1.96118 0.491701 1.952091 0.5214027 1.96118 0.491701 1.940282 0.5190455 1.918831 0.5102066 1.914275 0.5535218 1.940282 0.5190455 1.937106 0.5527641 1.940282 0.5190455 1.914275 0.5535218 1.937106 0.5527641 1.949138 0.5527486 1.940282 0.5190455 1.952091 0.5214027 1.940282 0.5190455 1.949138 0.5527486 1.918831 0.5102066 1.866524 0.5029048 1.914275 0.5535218 1.857642 0.552765 1.914275 0.5535218 1.866524 0.5029048 1.918831 0.5102066 1.932505 0.4724267 1.866524 0.5029048 1.897406 0.475805 1.866524 0.5029048 1.932505 0.4724267 1.932505 0.4724267 1.92664 0.4458997 1.897406 0.475805 1.92664 0.4458997 1.932505 0.4724267 1.9425 0.431749 1.955843 0.4437462 1.9425 0.431749 1.932505 0.4724267 1.955843 0.4437462 1.973742 0.4269204 1.9425 0.431749 1.963332 0.4143044 1.9425 0.431749 1.973742 0.4269204 1.792135 0.5723017 1.871539 0.5907532 1.80444 0.5625251 1.871539 0.5907532 1.888579 0.5810614 1.80444 0.5625251 1.877533 0.589307 1.888579 0.5810614 1.871539 0.5907532 1.80444 0.5625251 1.750521 0.5479501 1.792135 0.5723017 1.745708 0.562879 1.792135 0.5723017 1.750521 0.5479501 1.743084 0.5311053 1.731721 0.525666 1.740627 0.5464771 1.729342 0.5471561 1.740627 0.5464771 1.731721 0.525666 1.12556 0.9012145 1.087602 0.8993394 1.125395 0.90294 1.088691 0.9050795 1.125395 0.90294 1.087602 0.8993394 1.087602 0.8993394 1.052517 0.8945265 1.088691 0.9050795 1.052815 0.9038015 1.088691 0.9050795 1.052517 0.8945265 1.052517 0.8945265 1.014301 0.8921133 1.052815 0.9038015 1.01455 0.900555 1.052815 0.9038015 1.014301 0.8921133 1.007623 0.9005322 1.01455 0.900555 1.014301 0.8921133 1.143989 0.9601706 1.188967 0.9622936 1.144139 0.9584469 1.187852 0.956557 1.144139 0.9584469 1.188967 0.9622936 1.188967 0.9622936 1.224028 0.967109 1.187852 0.956557 1.22373 0.9578373 1.187852 0.956557 1.224028 0.967109 1.224028 0.967109 1.262231 0.9695307 1.22373 0.9578373 1.261984 0.9610913 1.22373 0.9578373 1.262231 0.9695307 1.26891 0.9611154 1.261984 0.9610913 1.262231 0.9695307 1.316126 0.1568544 1.265417 0.1545218 1.315987 0.1585774 1.266546 0.1602554 1.315987 0.1585774 1.265417 0.1545218 1.265417 0.1545218 1.230371 0.1497023 1.266546 0.1602554 1.230668 0.1589711 1.266546 0.1602554 1.230371 0.1497023 1.230371 0.1497023 1.192174 0.1472831 1.230668 0.1589711 1.192422 0.1557206 1.230668 0.1589711 1.192174 0.1472831 1.185498 0.1556966 1.192422 0.1557206 1.192174 0.1472831 1.664961 0.4099281 1.713682 0.4121841 1.665104 0.4082049 1.712558 0.4064497 1.665104 0.4082049 1.713682 0.4121841 1.713682 0.4121841 1.748732 0.4170048 1.712558 0.4064497 1.748437 0.4077351 1.712558 0.4064497 1.748732 0.4170048 1.748732 0.4170048 1.786932 0.4194245 1.748437 0.4077351 1.786684 0.4109867 1.748437 0.4077351 1.786932 0.4194245 1.793609 0.4110105 1.786684 0.4109867 1.786932 0.4194245 1.590937 0.1338655 1.545811 0.1315584 1.590791 0.1355893 1.546926 0.1372945 1.590791 0.1355893 1.545811 0.1315584 1.545811 0.1315584 1.510751 0.1267447 1.546926 0.1372945 1.511047 0.1360162 1.546926 0.1372945 1.510751 0.1267447 1.510751 0.1267447 1.472548 0.1243202 1.511047 0.1360162 1.472795 0.1327593 1.511047 0.1360162 1.472548 0.1243202 1.465869 0.1327344 1.472795 0.1327593 1.472548 0.1243202 1.005911 0.9611977 1.054296 0.9598001 1.006257 0.9586798 1.053148 0.9540726 1.006257 0.9586798 1.054296 0.9598001 1.054296 0.9598001 1.089325 0.964569 1.053148 0.9540726 1.088994 0.9553293 1.053148 0.9540726 1.089325 0.964569 1.089325 0.964569 1.12745 0.9667634 1.088994 0.9553293 1.124218 0.958604 1.088994 0.9553293 1.12745 0.9667634 1.124218 0.958604 1.12745 0.9667634 1.133963 0.958274 1.914771 0.4330174 1.92664 0.4458997 1.926556 0.4168819 1.9425 0.431749 1.926556 0.4168819 1.92664 0.4458997 1.9425 0.431749 1.963332 0.4143044 1.926556 0.4168819 1.949155 0.3975261 1.926556 0.4168819 1.963332 0.4143044 1.679225 0.5338661 1.683006 0.5130473 1.612268 0.51599 1.613918 0.4983909 1.612268 0.51599 1.683006 0.5130473 1.683006 0.5130473 1.679225 0.5338661 1.731721 0.525666 1.731721 0.525666 1.679225 0.5338661 1.725534 0.5496863 1.729342 0.5471561 1.731721 0.525666 1.725534 0.5496863 1.903246 0.6973212 1.899363 0.6973016 1.905984 0.7164592 1.900705 0.7166841 1.905984 0.7164592 1.899363 0.6973016 0.4781146 0.0256623 0.6323297 0.01820379 0.4835774 0.04915606 0.6447064 0.04088097 0.4835774 0.04915606 0.6323297 0.01820379 0.4835774 0.04915606 0.3260024 0.0528112 0.4781146 0.0256623 0.3281875 0.02864891 0.4781146 0.0256623 0.3260024 0.0528112 0.3260024 0.0528112 0.1621758 0.05517131 0.3281875 0.02864891 0.1554577 0.02412998 0.3281875 0.02864891 0.1621758 0.05517131 0.1554577 0.02412998 0.1621758 0.05517131 0.03520369 0.05884438 0.03496384 0.009042263 0.1554577 0.02412998 0.03520369 0.05884438 0.01014328 0.02406805 0.03496384 0.009042263 0.03520369 0.05884438 0.4835774 0.04915606 0.6447064 0.04088097 0.4846528 0.05600786 0.6404455 0.04717433 0.4846528 0.05600786 0.6447064 0.04088097 0.4846528 0.05600786 0.6404455 0.04717433 0.4847912 0.06207573 0.4847912 0.06207573 0.3261579 0.06920009 0.4846528 0.05600786 0.325907 0.06079012 0.4846528 0.05600786 0.3261579 0.06920009 0.3260024 0.0528112 0.4835774 0.04915606 0.325907 0.06079012 0.4846528 0.05600786 0.325907 0.06079012 0.4835774 0.04915606 0.6403476 0.05007231 0.4847912 0.06207573 0.6404455 0.04717433 0.3261579 0.06920009 0.1638134 0.07221823 0.325907 0.06079012 0.1635559 0.06339138 0.325907 0.06079012 0.1638134 0.07221823 0.1621758 0.05517131 0.3260024 0.0528112 0.1635559 0.06339138 0.325907 0.06079012 0.1635559 0.06339138 0.3260024 0.0528112 0.1638134 0.07221823 0.03813123 0.07051032 0.1635559 0.06339138 0.03786945 0.06527465 0.1635559 0.06339138 0.03813123 0.07051032 0.03520369 0.05884438 0.1621758 0.05517131 0.03786945 0.06527465 0.1635559 0.06339138 0.03786945 0.06527465 0.1621758 0.05517131 0.03813123 0.07051032 0.1638134 0.07221823 0.0359857 0.07688641 0.1629047 0.08046728 0.0359857 0.07688641 0.1638134 0.07221823 0.1638134 0.07221823 0.3261579 0.06920009 0.1629047 0.08046728 0.1629047 0.08046728 0.1568372 0.1116459 0.0359857 0.07688641 0.1568372 0.1116459 0.1629047 0.08046728 0.3300097 0.1010206 0.326782 0.07707136 0.3300097 0.1010206 0.1629047 0.08046728 0.3261579 0.06920009 0.4847912 0.06207573 0.326782 0.07707136 0.326782 0.07707136 0.1629047 0.08046728 0.3261579 0.06920009 0.3300097 0.1010206 0.326782 0.07707136 0.4812039 0.09453928 0.4847447 0.07059264 0.4812039 0.09453928 0.326782 0.07707136 0.4812039 0.09453928 0.4847447 0.07059264 0.6359986 0.08491098 0.6460602 0.06086468 0.6359986 0.08491098 0.4847447 0.07059264 0.0359857 0.07688641 0.1568372 0.1116459 0.03628778 0.1265631 0.01119685 0.1116198 0.0359857 0.07688641 0.03628778 0.1265631 0.4840972 0.06907844 0.326782 0.07707136 0.4847912 0.06207573 0.4847912 0.06207573 0.6403476 0.05007231 0.4840972 0.06907844 0.6447622 0.05591338 0.4840972 0.06907844 0.6403476 0.05007231 0.6374966 0.1032681 0.4828116 0.1170205 0.6359986 0.08491098 0.4812039 0.09453928 0.6359986 0.08491098 0.4828116 0.1170205 0.4828116 0.1170205 0.3317416 0.1295369 0.4812039 0.09453928 0.3300097 0.1010206 0.4812039 0.09453928 0.3317416 0.1295369 0.3317416 0.1295369 0.1597242 0.1438661 0.3300097 0.1010206 0.1568372 0.1116459 0.3300097 0.1010206 0.1597242 0.1438661 0.1597242 0.1438661 0.03974175 0.1554682 0.1568372 0.1116459 0.03628778 0.1265631 0.1568372 0.1116459 0.03974175 0.1554682 0.02814078 0.662753 0.02867317 0.6918217 0.02338862 0.6629864 0.02570807 0.6919686 0.02338862 0.6629864 0.02867317 0.6918217 0.02867317 0.6918217 0.02814078 0.662753 0.03906214 0.696046 0.04556155 0.6532694 0.03906214 0.696046 0.02814078 0.662753 0.02338862 0.6629864 0.02570807 0.6919686 0.005122303 0.6552562 0.01578295 0.6971897 0.005122303 0.6552562 0.02570807 0.6919686 0.02570807 0.6919686 0.02867317 0.6918217 0.02514231 0.7034241 0.02570807 0.6919686 0.02514231 0.7034241 0.01811838 0.7002741 0.03037798 0.7031623 0.02514231 0.7034241 0.02867317 0.6918217 0.02867317 0.6918217 0.03705286 0.6993288 0.03037798 0.7031623 0.6687653 0.09308445 0.6630726 0.09797132 0.6685047 0.08989048 0.6620948 0.0859912 0.6685047 0.08989048 0.6630726 0.09797132 0.6815844 0.07865422 0.677796 0.07851237 0.6818624 0.0712288 0.6780741 0.07108682 0.6818624 0.0712288 0.677796 0.07851237 0.679479 0.08421498 0.677796 0.07851237 0.6815844 0.07865422 0.7661941 0.1071122 0.7671638 0.1148675 0.6815844 0.07865422 0.6834416 0.08413165 0.6815844 0.07865422 0.7671638 0.1148675 0.7661941 0.1071122 0.6815844 0.07865422 0.7506666 0.07035523 0.6818624 0.0712288 0.7506666 0.07035523 0.6815844 0.07865422 0.6803515 0.06012296 0.7604458 0.02070742 0.6816108 0.06744581 0.7499245 0.05919736 0.6816108 0.06744581 0.7604458 0.02070742 0.6803515 0.06012296 0.6814668 0.054448 0.7604458 0.02070742 0.7603794 0.01289206 0.7604458 0.02070742 0.6814668 0.054448 0.6816108 0.06744581 0.7499245 0.05919736 0.6818624 0.0712288 0.7506666 0.07035523 0.6818624 0.0712288 0.7499245 0.05919736 0.6630726 0.09797132 0.6374966 0.1032681 0.6620948 0.0859912 0.6359986 0.08491098 0.6620948 0.0859912 0.6374966 0.1032681 0.0119543 0.6467508 0.03793406 0.6454784 0.02338862 0.6629864 0.02814078 0.662753 0.02338862 0.6629864 0.03793406 0.6454784 0.03808987 0.6164492 0.03793406 0.6454784 0.008963108 0.6178755 0.0119543 0.6467508 0.008963108 0.6178755 0.03793406 0.6454784 0.4781146 0.0256623 0.6323297 0.01820379 0.4835774 0.04915606 0.6447064 0.04088097 0.4835774 0.04915606 0.6323297 0.01820379 0.4835774 0.04915606 0.3260024 0.0528112 0.4781146 0.0256623 0.3281875 0.02864891 0.4781146 0.0256623 0.3260024 0.0528112 0.3260024 0.0528112 0.1621758 0.05517131 0.3281875 0.02864891 0.1554577 0.02412998 0.3281875 0.02864891 0.1621758 0.05517131 0.1554577 0.02412998 0.1621758 0.05517131 0.03520369 0.05884438 0.03496384 0.009042263 0.1554577 0.02412998 0.03520369 0.05884438 0.01014328 0.02406805 0.03496384 0.009042263 0.03520369 0.05884438 0.4835774 0.04915606 0.6447064 0.04088097 0.4846528 0.05600786 0.6404455 0.04717433 0.4846528 0.05600786 0.6447064 0.04088097 0.4846528 0.05600786 0.6404455 0.04717433 0.4847912 0.06207573 0.4847912 0.06207573 0.3261579 0.06920009 0.4846528 0.05600786 0.325907 0.06079012 0.4846528 0.05600786 0.3261579 0.06920009 0.3260024 0.0528112 0.4835774 0.04915606 0.325907 0.06079012 0.4846528 0.05600786 0.325907 0.06079012 0.4835774 0.04915606 0.6403476 0.05007231 0.4847912 0.06207573 0.6404455 0.04717433 0.3261579 0.06920009 0.1638134 0.07221823 0.325907 0.06079012 0.1635559 0.06339138 0.325907 0.06079012 0.1638134 0.07221823 0.1621758 0.05517131 0.3260024 0.0528112 0.1635559 0.06339138 0.325907 0.06079012 0.1635559 0.06339138 0.3260024 0.0528112 0.1638134 0.07221823 0.03813123 0.07051032 0.1635559 0.06339138 0.03786945 0.06527465 0.1635559 0.06339138 0.03813123 0.07051032 0.03520369 0.05884438 0.1621758 0.05517131 0.03786945 0.06527465 0.1635559 0.06339138 0.03786945 0.06527465 0.1621758 0.05517131 0.03813123 0.07051032 0.1638134 0.07221823 0.0359857 0.07688641 0.1629047 0.08046728 0.0359857 0.07688641 0.1638134 0.07221823 0.1638134 0.07221823 0.3261579 0.06920009 0.1629047 0.08046728 0.1629047 0.08046728 0.1568372 0.1116459 0.0359857 0.07688641 0.1568372 0.1116459 0.1629047 0.08046728 0.3300097 0.1010206 0.326782 0.07707136 0.3300097 0.1010206 0.1629047 0.08046728 0.3261579 0.06920009 0.4847912 0.06207573 0.326782 0.07707136 0.326782 0.07707136 0.1629047 0.08046728 0.3261579 0.06920009 0.3300097 0.1010206 0.326782 0.07707136 0.4812039 0.09453928 0.4847447 0.07059264 0.4812039 0.09453928 0.326782 0.07707136 0.4812039 0.09453928 0.4847447 0.07059264 0.6359986 0.08491098 0.6460602 0.06086468 0.6359986 0.08491098 0.4847447 0.07059264 0.0359857 0.07688641 0.1568372 0.1116459 0.03628778 0.1265631 0.01119685 0.1116198 0.0359857 0.07688641 0.03628778 0.1265631 0.4840972 0.06907844 0.326782 0.07707136 0.4847912 0.06207573 0.4847912 0.06207573 0.6403476 0.05007231 0.4840972 0.06907844 0.6447622 0.05591338 0.4840972 0.06907844 0.6403476 0.05007231 0.6374966 0.1032681 0.4828116 0.1170205 0.6359986 0.08491098 0.4812039 0.09453928 0.6359986 0.08491098 0.4828116 0.1170205 0.4828116 0.1170205 0.3317416 0.1295369 0.4812039 0.09453928 0.3300097 0.1010206 0.4812039 0.09453928 0.3317416 0.1295369 0.3317416 0.1295369 0.1597242 0.1438661 0.3300097 0.1010206 0.1568372 0.1116459 0.3300097 0.1010206 0.1597242 0.1438661 0.1597242 0.1438661 0.03974175 0.1554682 0.1568372 0.1116459 0.03628778 0.1265631 0.1568372 0.1116459 0.03974175 0.1554682 0.02814078 0.662753 0.02867317 0.6918217 0.02338862 0.6629864 0.02570807 0.6919686 0.02338862 0.6629864 0.02867317 0.6918217 0.02867317 0.6918217 0.02814078 0.662753 0.03906214 0.696046 0.04556155 0.6532694 0.03906214 0.696046 0.02814078 0.662753 0.02338862 0.6629864 0.02570807 0.6919686 0.005122303 0.6552562 0.01578295 0.6971897 0.005122303 0.6552562 0.02570807 0.6919686 0.02570807 0.6919686 0.02867317 0.6918217 0.02514231 0.7034241 0.02570807 0.6919686 0.02514231 0.7034241 0.01811838 0.7002741 0.03037798 0.7031623 0.02514231 0.7034241 0.02867317 0.6918217 0.02867317 0.6918217 0.03705286 0.6993288 0.03037798 0.7031623 0.6687653 0.09308445 0.6630726 0.09797132 0.6685047 0.08989048 0.6620948 0.0859912 0.6685047 0.08989048 0.6630726 0.09797132 0.6815844 0.07865422 0.677796 0.07851237 0.6818624 0.0712288 0.6780741 0.07108682 0.6818624 0.0712288 0.677796 0.07851237 0.679479 0.08421498 0.677796 0.07851237 0.6815844 0.07865422 0.7661941 0.1071122 0.7671638 0.1148675 0.6815844 0.07865422 0.6834416 0.08413165 0.6815844 0.07865422 0.7671638 0.1148675 0.7661941 0.1071122 0.6815844 0.07865422 0.7506666 0.07035523 0.6818624 0.0712288 0.7506666 0.07035523 0.6815844 0.07865422 0.6803515 0.06012296 0.7604458 0.02070742 0.6816108 0.06744581 0.7499245 0.05919736 0.6816108 0.06744581 0.7604458 0.02070742 0.6803515 0.06012296 0.6814668 0.054448 0.7604458 0.02070742 0.7603794 0.01289206 0.7604458 0.02070742 0.6814668 0.054448 0.6816108 0.06744581 0.7499245 0.05919736 0.6818624 0.0712288 0.7506666 0.07035523 0.6818624 0.0712288 0.7499245 0.05919736 0.6630726 0.09797132 0.6374966 0.1032681 0.6620948 0.0859912 0.6359986 0.08491098 0.6620948 0.0859912 0.6374966 0.1032681 0.0119543 0.6467508 0.03793406 0.6454784 0.02338862 0.6629864 0.02814078 0.662753 0.02338862 0.6629864 0.03793406 0.6454784 0.03808987 0.6164492 0.03793406 0.6454784 0.008963108 0.6178755 0.0119543 0.6467508 0.008963108 0.6178755 0.03793406 0.6454784 0.4781146 0.0256623 0.6323297 0.01820379 0.4835774 0.04915606 0.6447064 0.04088097 0.4835774 0.04915606 0.6323297 0.01820379 0.4835774 0.04915606 0.3260024 0.0528112 0.4781146 0.0256623 0.3281875 0.02864891 0.4781146 0.0256623 0.3260024 0.0528112 0.3260024 0.0528112 0.1621758 0.05517131 0.3281875 0.02864891 0.1554577 0.02412998 0.3281875 0.02864891 0.1621758 0.05517131 0.1554577 0.02412998 0.1621758 0.05517131 0.03520363 0.05884438 0.03496378 0.009042263 0.1554577 0.02412998 0.03520363 0.05884438 0.01014328 0.02406805 0.03496378 0.009042263 0.03520363 0.05884438 0.4835774 0.04915606 0.6447064 0.04088097 0.4846528 0.05600786 0.6404455 0.04717433 0.4846528 0.05600786 0.6447064 0.04088097 0.4846528 0.05600786 0.6404455 0.04717433 0.4847912 0.06207573 0.4847912 0.06207573 0.3261579 0.06920009 0.4846528 0.05600786 0.325907 0.06079012 0.4846528 0.05600786 0.3261579 0.06920009 0.3260024 0.0528112 0.4835774 0.04915606 0.325907 0.06079012 0.4846528 0.05600786 0.325907 0.06079012 0.4835774 0.04915606 0.6403476 0.05007231 0.4847912 0.06207573 0.6404455 0.04717433 0.3261579 0.06920009 0.1638134 0.07221823 0.325907 0.06079012 0.1635559 0.06339138 0.325907 0.06079012 0.1638134 0.07221823 0.1621758 0.05517131 0.3260024 0.0528112 0.1635559 0.06339138 0.325907 0.06079012 0.1635559 0.06339138 0.3260024 0.0528112 0.1638134 0.07221823 0.03813117 0.07051032 0.1635559 0.06339138 0.03786939 0.06527465 0.1635559 0.06339138 0.03813117 0.07051032 0.03520363 0.05884438 0.1621758 0.05517131 0.03786939 0.06527465 0.1635559 0.06339138 0.03786939 0.06527465 0.1621758 0.05517131 0.03813117 0.07051032 0.1638134 0.07221823 0.03598564 0.07688641 0.1629047 0.08046728 0.03598564 0.07688641 0.1638134 0.07221823 0.1638134 0.07221823 0.3261579 0.06920009 0.1629047 0.08046728 0.1629047 0.08046728 0.1568372 0.1116459 0.03598564 0.07688641 0.1568372 0.1116459 0.1629047 0.08046728 0.3300096 0.1010206 0.326782 0.07707136 0.3300096 0.1010206 0.1629047 0.08046728 0.3261579 0.06920009 0.4847912 0.06207573 0.326782 0.07707136 0.326782 0.07707136 0.1629047 0.08046728 0.3261579 0.06920009 0.3300096 0.1010206 0.326782 0.07707136 0.4812039 0.09453928 0.4847447 0.07059264 0.4812039 0.09453928 0.326782 0.07707136 0.4812039 0.09453928 0.4847447 0.07059264 0.6359986 0.08491098 0.6460602 0.06086468 0.6359986 0.08491098 0.4847447 0.07059264 0.03598564 0.07688641 0.1568372 0.1116459 0.03628778 0.1265631 0.01119685 0.1116198 0.03598564 0.07688641 0.03628778 0.1265631 0.4840972 0.06907844 0.326782 0.07707136 0.4847912 0.06207573 0.4847912 0.06207573 0.6403476 0.05007231 0.4840972 0.06907844 0.6447622 0.05591338 0.4840972 0.06907844 0.6403476 0.05007231 0.6374966 0.1032681 0.4828116 0.1170205 0.6359986 0.08491098 0.4812039 0.09453928 0.6359986 0.08491098 0.4828116 0.1170205 0.4828116 0.1170205 0.3317416 0.1295369 0.4812039 0.09453928 0.3300096 0.1010206 0.4812039 0.09453928 0.3317416 0.1295369 0.3317416 0.1295369 0.1597242 0.1438661 0.3300096 0.1010206 0.1568372 0.1116459 0.3300096 0.1010206 0.1597242 0.1438661 0.1597242 0.1438661 0.03974175 0.1554682 0.1568372 0.1116459 0.03628778 0.1265631 0.1568372 0.1116459 0.03974175 0.1554682 0.02814078 0.662753 0.02867317 0.6918217 0.02338856 0.6629864 0.02570801 0.6919686 0.02338856 0.6629864 0.02867317 0.6918217 0.02867317 0.6918217 0.02814078 0.662753 0.03906214 0.696046 0.04556149 0.6532694 0.03906214 0.696046 0.02814078 0.662753 0.02338856 0.6629864 0.02570801 0.6919686 0.005122303 0.6552562 0.01578289 0.6971897 0.005122303 0.6552562 0.02570801 0.6919686 0.02570801 0.6919686 0.02867317 0.6918217 0.02514225 0.7034241 0.02570801 0.6919686 0.02514225 0.7034241 0.01811838 0.7002741 0.03037798 0.7031623 0.02514225 0.7034241 0.02867317 0.6918217 0.02867317 0.6918217 0.03705281 0.6993288 0.03037798 0.7031623 0.6687653 0.09308445 0.6630725 0.09797132 0.6685047 0.08989048 0.6620948 0.0859912 0.6685047 0.08989048 0.6630725 0.09797132 0.6815843 0.07865422 0.677796 0.07851237 0.6818624 0.0712288 0.6780741 0.07108682 0.6818624 0.0712288 0.677796 0.07851237 0.679479 0.08421498 0.677796 0.07851237 0.6815843 0.07865422 0.7661941 0.1071122 0.7671637 0.1148675 0.6815843 0.07865422 0.6834416 0.08413165 0.6815843 0.07865422 0.7671637 0.1148675 0.7661941 0.1071122 0.6815843 0.07865422 0.7506667 0.07035523 0.6818624 0.0712288 0.7506667 0.07035523 0.6815843 0.07865422 0.6803515 0.06012296 0.7604458 0.02070742 0.6816108 0.06744581 0.7499245 0.05919736 0.6816108 0.06744581 0.7604458 0.02070742 0.6803515 0.06012296 0.6814669 0.054448 0.7604458 0.02070742 0.7603794 0.01289206 0.7604458 0.02070742 0.6814669 0.054448 0.6816108 0.06744581 0.7499245 0.05919736 0.6818624 0.0712288 0.7506667 0.07035523 0.6818624 0.0712288 0.7499245 0.05919736 0.6630725 0.09797132 0.6374966 0.1032681 0.6620948 0.0859912 0.6359986 0.08491098 0.6620948 0.0859912 0.6374966 0.1032681 0.01195424 0.6467508 0.03793406 0.6454784 0.02338856 0.6629864 0.02814078 0.662753 0.02338856 0.6629864 0.03793406 0.6454784 0.03808981 0.6164492 0.03793406 0.6454784 0.008963048 0.6178755 0.01195424 0.6467508 0.008963048 0.6178755 0.03793406 0.6454784</float_array>
          <technique_common>
            <accessor source="#Trillarian_Destroyer_A001_0-mesh-map-0-array" count="13503" stride="2">
              <param name="S" type="float"/>
              <param name="T" type="float"/>
            </accessor>
          </technique_common>
        </source>
        <vertices id="Trillarian_Destroyer_A001_0-mesh-vertices">
          <input semantic="POSITION" source="#Trillarian_Destroyer_A001_0-mesh-positions"/>
        </vertices>
        <triangles material="Destroyer_A-material" count="4501">
          <input semantic="VERTEX" source="#Trillarian_Destroyer_A001_0-mesh-vertices" offset="0"/>
          <input semantic="NORMAL" source="#Trillarian_Destroyer_A001_0-mesh-normals" offset="1"/>
          <input semantic="TEXCOORD" source="#Trillarian_Destroyer_A001_0-mesh-map-0" offset="2" set="0"/>
          <p>0 0 0 1 1 1 2 2 2 3 3 3 2 2 4 1 1 5 3 3 6 4 4 7 2 2 8 5 5 9 2 2 10 4 4 11 1 1 12 0 0 13 6 6 14 7 7 15 6 6 16 0 0 17 6 6 18 7 7 19 8 8 20 9 9 21 8 8 22 7 7 23 8 8 24 9 9 25 10 10 26 11 11 27 10 10 28 9 9 29 2 2 30 12 12 31 0 0 32 2 2 33 5 5 34 12 12 35 13 13 36 0 0 37 12 12 38 0 0 39 13 13 40 7 7 41 14 14 42 12 12 43 5 5 44 9 9 45 15 15 46 11 11 47 16 16 48 11 11 49 15 15 50 15 15 51 9 9 52 17 17 53 7 7 54 17 17 55 9 9 56 17 17 57 7 7 58 13 13 59 12 12 60 18 18 61 13 13 62 12 12 63 14 14 64 18 18 65 19 19 66 13 13 67 18 18 68 13 13 69 19 19 70 17 17 71 20 20 72 18 18 73 14 14 74 15 15 75 21 21 76 16 16 77 22 22 78 16 16 79 21 21 80 21 21 81 15 15 82 23 23 83 17 17 84 23 23 85 15 15 86 23 23 87 17 17 88 19 19 89 18 18 90 24 24 91 19 19 92 20 20 93 25 25 94 18 18 95 25 25 96 24 24 97 18 18 98 21 21 99 26 26 100 22 22 101 23 23 102 27 27 103 21 21 104 19 19 105 27 27 106 23 23 107 27 27 108 26 26 109 21 21 110 19 19 111 24 24 112 27 27 113 24 24 114 25 25 115 28 28 116 24 24 117 28 28 118 27 27 119 29 29 120 28 28 121 25 25 122 27 27 123 30 30 124 26 26 125 30 30 126 27 27 127 28 28 128 31 31 129 26 26 130 30 30 131 29 29 132 32 32 133 28 28 134 30 30 135 32 32 136 31 31 137 28 28 138 32 32 139 30 30 140 31 31 141 33 33 142 26 26 143 31 31 144 32 32 145 33 33 146 34 34 147 26 26 148 33 33 149 22 22 150 26 26 151 34 34 152 22 22 153 34 34 154 35 35 155 22 22 156 35 35 157 16 16 158 36 36 159 16 16 160 35 35 161 16 16 162 36 36 163 11 11 164 37 37 165 11 11 166 36 36 167 11 11 168 37 37 169 10 10 170 38 38 171 10 10 172 37 37 173 39 39 174 40 40 175 41 41 176 42 42 177 41 41 178 40 40 179 39 39 180 41 41 181 43 43 182 44 44 183 43 43 184 41 41 185 43 43 186 44 44 187 45 45 188 46 46 189 45 45 190 44 44 191 42 42 192 47 47 193 41 41 194 48 48 195 41 41 196 47 47 197 41 41 198 48 48 199 44 44 200 47 47 201 49 49 202 48 48 203 50 50 204 48 48 205 49 49 206 48 48 207 50 50 208 51 51 209 51 51 210 44 44 211 48 48 212 44 44 213 51 51 214 46 46 215 52 52 216 51 51 217 50 50 218 52 52 219 53 53 220 51 51 221 54 54 222 51 51 223 53 53 224 54 54 225 46 46 226 51 51 227 49 49 228 55 55 229 50 50 230 56 56 231 50 50 232 55 55 233 50 50 234 56 56 235 52 52 236 55 55 237 57 57 238 56 56 239 58 58 240 56 56 241 57 57 242 58 58 243 57 57 244 59 59 245 59 59 246 60 60 247 58 58 248 61 61 249 58 58 250 60 60 251 62 62 252 59 59 253 57 57 254 61 61 255 63 63 256 58 58 257 56 56 258 58 58 259 63 63 260 63 63 261 52 52 262 56 56 263 52 52 264 63 63 265 53 53 266 63 63 267 61 61 268 64 64 269 64 64 270 53 53 271 63 63 272 65 65 273 64 64 274 61 61 275 61 61 276 60 60 277 65 65 278 64 64 279 65 65 280 66 66 281 66 66 282 53 53 283 64 64 284 67 67 285 68 68 286 69 69 287 70 70 288 69 69 289 68 68 290 69 69 291 70 70 292 71 71 293 69 69 294 71 71 295 72 72 296 73 73 297 72 72 298 71 71 299 72 72 300 73 73 301 74 74 302 75 75 303 74 74 304 73 73 305 68 68 306 76 76 307 70 70 308 77 77 309 70 70 310 76 76 311 71 71 312 70 70 313 77 77 314 76 76 315 78 78 316 77 77 317 79 79 318 80 80 319 81 81 320 81 81 321 80 80 322 82 82 323 83 83 324 80 80 325 79 79 326 80 80 327 83 83 328 84 84 329 80 80 330 84 84 331 85 85 332 80 80 333 85 85 334 86 86 335 87 87 336 80 80 337 86 86 338 88 88 339 80 80 340 87 87 341 89 89 342 80 80 343 88 88 344 90 90 345 91 91 346 92 92 347 93 93 348 92 92 349 91 91 350 94 94 351 92 92 352 93 93 353 94 94 354 93 93 355 95 95 356 96 96 357 95 95 358 93 93 359 97 97 360 95 95 361 96 96 362 96 96 363 98 98 364 97 97 365 99 99 366 97 97 367 98 98 368 93 93 369 100 100 370 96 96 371 93 93 372 91 91 373 100 100 374 101 101 375 96 96 376 100 100 377 98 98 378 96 96 379 102 102 380 101 101 381 102 102 382 96 96 383 103 103 384 100 100 385 91 91 386 90 90 387 104 104 388 91 91 389 105 105 390 91 91 391 104 104 392 104 104 393 106 106 394 105 105 395 106 106 396 107 107 397 105 105 398 108 108 399 105 105 400 107 107 401 107 107 402 109 109 403 108 108 404 108 108 405 109 109 406 110 110 407 111 111 408 110 110 409 109 109 410 111 111 411 112 112 412 110 110 413 113 113 414 110 110 415 112 112 416 112 112 417 114 114 418 113 113 419 113 113 420 114 114 421 115 115 422 116 116 423 115 115 424 114 114 425 116 116 426 117 117 427 115 115 428 115 115 429 117 117 430 118 118 431 119 119 432 118 118 433 117 117 434 115 115 435 120 120 436 113 113 437 115 115 438 118 118 439 120 120 440 121 121 441 113 113 442 120 120 443 110 110 444 113 113 445 122 122 446 121 121 447 122 122 448 113 113 449 110 110 450 122 122 451 108 108 452 123 123 453 120 120 454 118 118 455 124 124 456 108 108 457 122 122 458 124 124 459 125 125 460 108 108 461 105 105 462 108 108 463 125 125 464 105 105 465 125 125 466 91 91 467 103 103 468 91 91 469 125 125 470 126 126 471 127 127 472 128 128 473 129 129 474 128 128 475 127 127 476 128 128 477 129 129 478 130 130 479 131 131 480 130 130 481 129 129 482 128 128 483 132 132 484 126 126 485 133 133 486 126 126 487 132 132 488 127 127 489 134 134 490 129 129 491 135 135 492 129 129 493 134 134 494 129 129 495 135 135 496 131 131 497 134 134 498 136 136 499 135 135 500 137 137 501 135 135 502 136 136 503 135 135 504 137 137 505 138 138 506 138 138 507 131 131 508 135 135 509 139 139 510 138 138 511 137 137 512 130 130 513 140 140 514 128 128 515 132 132 516 128 128 517 140 140 518 137 137 519 141 141 520 139 139 521 142 142 522 139 139 523 141 141 524 141 141 525 143 143 526 142 142 527 143 143 528 141 141 529 144 144 530 145 145 531 144 144 532 141 141 533 136 136 534 145 145 535 137 137 536 141 141 537 137 137 538 145 145 539 146 146 540 142 142 541 143 143 542 134 134 543 147 147 544 136 136 545 148 148 546 136 136 547 147 147 548 136 136 549 148 148 550 145 145 551 148 148 552 147 147 553 149 149 554 147 147 555 150 150 556 149 149 557 148 148 558 149 149 559 151 151 560 151 151 561 145 145 562 148 148 563 145 145 564 151 151 565 144 144 566 152 152 567 151 151 568 149 149 569 152 152 570 153 153 571 151 151 572 154 154 573 151 151 574 153 153 575 154 154 576 144 144 577 151 151 578 155 155 579 150 150 580 147 147 581 156 156 582 150 150 583 155 155 584 157 157 585 150 150 586 156 156 587 158 158 588 157 157 589 156 156 590 155 155 591 127 127 592 156 156 593 126 126 594 156 156 595 127 127 596 156 156 597 126 126 598 158 158 599 133 133 600 158 158 601 126 126 602 147 147 603 134 134 604 155 155 605 127 127 606 155 155 607 134 134 608 159 159 609 160 160 610 161 161 611 162 162 612 161 161 613 160 160 614 160 160 615 163 163 616 162 162 617 164 164 618 162 162 619 163 163 620 161 161 621 165 165 622 159 159 623 166 166 624 159 159 625 165 165 626 165 165 627 167 167 628 166 166 629 168 168 630 166 166 631 167 167 632 167 167 633 169 169 634 168 168 635 170 170 636 168 168 637 169 169 638 169 169 639 171 171 640 170 170 641 172 172 642 170 170 643 171 171 644 171 171 645 173 173 646 172 172 647 174 174 648 172 172 649 173 173 650 159 159 651 175 175 652 160 160 653 176 176 654 160 160 655 175 175 656 176 176 657 175 175 658 177 177 659 178 178 660 177 177 661 175 175 662 175 175 663 179 179 664 178 178 665 180 180 666 178 178 667 179 179 668 179 179 669 181 181 670 180 180 671 179 179 672 166 166 673 181 181 674 168 168 675 181 181 676 166 166 677 182 182 678 180 180 679 181 181 680 181 181 681 183 183 682 182 182 683 181 181 684 168 168 685 183 183 686 170 170 687 183 183 688 168 168 689 184 184 690 182 182 691 183 183 692 183 183 693 185 185 694 184 184 695 183 183 696 170 170 697 185 185 698 172 172 699 185 185 700 170 170 701 186 186 702 184 184 703 185 185 704 186 186 705 185 185 706 187 187 707 188 188 708 187 187 709 185 185 710 185 185 711 172 172 712 188 188 713 174 174 714 188 188 715 172 172 716 175 175 717 159 159 718 179 179 719 166 166 720 179 179 721 159 159 722 189 189 723 190 190 724 191 191 725 192 192 726 191 191 727 190 190 728 189 189 729 193 193 730 190 190 731 194 194 732 190 190 733 193 193 734 194 194 735 195 195 736 190 190 737 196 196 738 190 190 739 195 195 740 191 191 741 192 192 742 197 197 743 198 198 744 197 197 745 192 192 746 189 189 747 199 199 748 193 193 749 200 200 750 193 193 751 199 199 752 201 201 753 200 200 754 199 199 755 201 201 756 199 199 757 202 202 758 203 203 759 202 202 760 199 199 761 199 199 762 189 189 763 203 203 764 191 191 765 203 203 766 189 189 767 202 202 768 203 203 769 204 204 770 205 205 771 204 204 772 203 203 773 205 205 774 203 203 775 206 206 776 204 204 777 207 207 778 202 202 779 202 202 780 207 207 781 201 201 782 203 203 783 191 191 784 206 206 785 197 197 786 206 206 787 191 191 788 208 208 789 209 209 790 210 210 791 211 211 792 210 210 793 209 209 794 209 209 795 208 208 796 212 212 797 213 213 798 212 212 799 208 208 800 212 212 801 213 213 802 214 214 803 215 215 804 214 214 805 213 213 806 215 215 807 216 216 808 214 214 809 208 208 810 210 210 811 217 217 812 218 218 813 217 217 814 210 210 815 210 210 816 219 219 817 218 218 818 210 210 819 211 211 820 219 219 821 220 220 822 218 218 823 219 219 824 217 217 825 221 221 826 208 208 827 213 213 828 208 208 829 221 221 830 221 221 831 222 222 832 213 213 833 215 215 834 213 213 835 222 222 836 223 223 837 219 219 838 211 211 839 223 223 840 211 211 841 224 224 842 225 225 843 224 224 844 211 211 845 225 225 846 226 226 847 224 224 848 226 226 849 225 225 850 227 227 851 228 228 852 227 227 853 225 225 854 227 227 855 228 228 856 229 229 857 230 230 858 229 229 859 228 228 860 229 229 861 230 230 862 231 231 863 232 232 864 231 231 865 230 230 866 232 232 867 233 233 868 231 231 869 234 234 870 224 224 871 226 226 872 228 228 873 225 225 874 209 209 875 211 211 876 209 209 877 225 225 878 209 209 879 212 212 880 228 228 881 230 230 882 228 228 883 212 212 884 212 212 885 214 214 886 230 230 887 232 232 888 230 230 889 214 214 890 232 232 891 216 216 892 233 233 893 232 232 894 214 214 895 216 216 896 216 216 897 235 235 898 233 233 899 236 236 900 235 235 901 216 216 902 236 236 903 237 237 904 235 235 905 238 238 906 236 236 907 216 216 908 215 215 909 238 238 910 216 216 911 215 215 912 222 222 913 238 238 914 237 237 915 239 239 916 235 235 917 239 239 918 237 237 919 240 240 920 239 239 921 240 240 922 241 241 923 241 241 924 240 240 925 242 242 926 243 243 927 239 239 928 241 241 929 244 244 930 243 243 931 241 241 932 244 244 933 241 241 934 245 245 935 244 244 936 245 245 937 246 246 938 247 247 939 246 246 940 245 245 941 246 246 942 247 247 943 248 248 944 249 249 945 248 248 946 247 247 947 248 248 948 249 249 949 250 250 950 251 251 951 250 250 952 249 249 953 248 248 954 250 250 955 252 252 956 253 253 957 252 252 958 250 250 959 250 250 960 254 254 961 253 253 962 250 250 963 251 251 964 254 254 965 255 255 966 253 253 967 254 254 968 252 252 969 256 256 970 248 248 971 246 246 972 248 248 973 256 256 974 256 256 975 257 257 976 246 246 977 244 244 978 246 246 979 257 257 980 244 244 981 257 257 982 243 243 983 258 258 984 254 254 985 251 251 986 258 258 987 251 251 988 259 259 989 260 260 990 259 259 991 251 251 992 251 251 993 249 249 994 260 260 995 260 260 996 261 261 997 259 259 998 261 261 999 260 260 1000 262 262 1001 263 263 1002 262 262 1003 260 260 1004 263 263 1005 260 260 1006 249 249 1007 262 262 1008 263 263 1009 264 264 1010 265 265 1011 264 264 1012 263 263 1013 264 264 1014 265 265 1015 266 266 1016 267 267 1017 266 266 1018 265 265 1019 267 267 1020 242 242 1021 266 266 1022 268 268 1023 259 259 1024 261 261 1025 265 265 1026 263 263 1027 247 247 1028 249 249 1029 247 247 1030 263 263 1031 247 247 1032 245 245 1033 265 265 1034 267 267 1035 265 265 1036 245 245 1037 267 267 1038 241 241 1039 242 242 1040 267 267 1041 245 245 1042 241 241 1043 269 269 1044 270 270 1045 271 271 1046 272 272 1047 271 271 1048 270 270 1049 271 271 1050 273 273 1051 269 269 1052 273 273 1053 271 271 1054 274 274 1055 275 275 1056 274 274 1057 271 271 1058 276 276 1059 269 269 1060 273 273 1061 270 270 1062 277 277 1063 272 272 1064 278 278 1065 272 272 1066 277 277 1067 272 272 1068 278 278 1069 279 279 1070 272 272 1071 279 279 1072 271 271 1073 275 275 1074 271 271 1075 279 279 1076 280 280 1077 279 279 1078 278 278 1079 277 277 1080 281 281 1081 278 278 1082 282 282 1083 278 278 1084 281 281 1085 282 282 1086 283 283 1087 278 278 1088 280 280 1089 278 278 1090 283 283 1091 277 284 1092 284 285 1093 285 286 1094 286 287 1095 285 286 1096 284 285 1097 277 284 1098 287 288 1099 284 285 1100 288 289 1101 284 285 1102 287 288 1103 287 288 1104 289 290 1105 288 289 1106 289 290 1107 287 288 1108 290 291 1109 291 292 1110 290 291 1111 287 288 1112 291 292 1113 276 293 1114 290 291 1115 292 294 1116 290 291 1117 276 293 1118 293 295 1119 294 296 1120 295 297 1121 294 296 1122 296 298 1123 295 297 1124 297 299 1125 296 298 1126 294 296 1127 295 297 1128 298 300 1129 293 295 1130 299 301 1131 293 295 1132 298 300 1133 300 302 1134 301 303 1135 302 304 1136 303 305 1137 302 304 1138 301 303 1139 300 302 1140 302 304 1141 304 306 1142 305 307 1143 304 306 1144 302 304 1145 301 303 1146 306 308 1147 303 305 1148 301 303 1149 307 309 1150 306 308 1151 307 309 1152 301 303 1153 300 302 1154 308 310 1155 306 308 1156 307 309 1157 308 310 1158 309 311 1159 306 308 1160 310 312 1161 306 308 1162 309 311 1163 306 308 1164 310 312 1165 311 313 1166 311 313 1167 303 305 1168 306 308 1169 312 314 1170 311 313 1171 310 312 1172 304 306 1173 305 307 1174 313 315 1175 314 316 1176 313 315 1177 305 307 1178 313 315 1179 314 316 1180 315 317 1181 316 318 1182 315 317 1183 314 316 1184 315 317 1185 316 318 1186 317 319 1187 318 320 1188 317 319 1189 316 318 1190 317 319 1191 318 320 1192 319 321 1193 320 322 1194 319 321 1195 318 320 1196 319 321 1197 320 322 1198 321 323 1199 322 324 1200 321 323 1201 320 322 1202 318 320 1203 323 325 1204 320 322 1205 324 326 1206 320 322 1207 323 325 1208 320 322 1209 324 326 1210 322 324 1211 324 326 1212 323 325 1213 325 327 1214 326 328 1215 325 327 1216 323 325 1217 325 327 1218 326 328 1219 327 329 1220 327 329 1221 328 330 1222 325 327 1223 329 331 1224 325 327 1225 328 330 1226 325 327 1227 329 331 1228 324 326 1229 330 332 1230 327 329 1231 326 328 1232 326 328 1233 331 333 1234 330 332 1235 332 334 1236 330 332 1237 331 333 1238 331 333 1239 333 335 1240 332 334 1241 333 335 1242 331 333 1243 334 336 1244 335 337 1245 334 336 1246 331 333 1247 323 325 1248 335 337 1249 326 328 1250 331 333 1251 326 328 1252 335 337 1253 336 338 1254 332 334 1255 333 335 1256 337 339 1257 324 326 1258 329 331 1259 337 339 1260 322 324 1261 324 326 1262 333 335 1263 338 340 1264 336 338 1265 339 341 1266 336 338 1267 338 340 1268 338 340 1269 340 342 1270 339 341 1271 341 343 1272 339 341 1273 340 342 1274 340 342 1275 338 340 1276 342 344 1277 342 344 1278 343 345 1279 340 342 1280 344 346 1281 340 342 1282 343 345 1283 340 342 1284 344 346 1285 341 343 1286 345 347 1287 342 344 1288 338 340 1289 334 336 1290 345 347 1291 333 335 1292 338 340 1293 333 335 1294 345 347 1295 346 348 1296 341 343 1297 344 346 1298 344 346 1299 347 349 1300 346 348 1301 348 350 1302 346 348 1303 347 349 1304 347 349 1305 349 351 1306 348 350 1307 350 352 1308 348 350 1309 349 351 1310 349 351 1311 347 349 1312 351 353 1313 352 354 1314 351 353 1315 347 349 1316 343 345 1317 352 354 1318 344 346 1319 347 349 1320 344 346 1321 352 354 1322 342 344 1323 302 304 1324 343 345 1325 303 305 1326 343 345 1327 302 304 1328 343 345 1329 303 305 1330 352 354 1331 311 313 1332 352 354 1333 303 305 1334 352 354 1335 311 313 1336 351 353 1337 312 314 1338 351 353 1339 311 313 1340 345 347 1341 305 307 1342 342 344 1343 302 304 1344 342 344 1345 305 307 1346 305 307 1347 345 347 1348 314 316 1349 334 336 1350 314 316 1351 345 347 1352 314 316 1353 334 336 1354 316 318 1355 335 337 1356 316 318 1357 334 336 1358 316 318 1359 335 337 1360 318 320 1361 323 325 1362 318 320 1363 335 337 1364 350 352 1365 349 351 1366 353 355 1367 354 356 1368 353 355 1369 349 351 1370 349 351 1371 351 353 1372 354 356 1373 355 357 1374 354 356 1375 351 353 1376 353 355 1377 354 356 1378 356 358 1379 357 359 1380 356 358 1381 354 356 1382 354 356 1383 355 357 1384 357 359 1385 356 358 1386 357 359 1387 358 360 1388 359 361 1389 358 360 1390 357 359 1391 358 360 1392 359 361 1393 360 362 1394 361 363 1395 360 362 1396 359 361 1397 357 359 1398 362 364 1399 359 361 1400 362 364 1401 357 359 1402 355 357 1403 363 365 1404 359 361 1405 362 364 1406 359 361 1407 363 365 1408 361 363 1409 364 366 1410 361 363 1411 363 365 1412 360 362 1413 361 363 1414 365 367 1415 366 368 1416 365 367 1417 361 363 1418 361 363 1419 364 366 1420 366 368 1421 365 367 1422 366 368 1423 367 369 1424 368 370 1425 367 369 1426 366 368 1427 366 368 1428 369 371 1429 368 370 1430 369 371 1431 366 368 1432 364 366 1433 370 372 1434 368 370 1435 369 371 1436 367 369 1437 368 370 1438 371 373 1439 372 374 1440 371 373 1441 368 370 1442 368 370 1443 370 372 1444 372 374 1445 371 373 1446 372 374 1447 373 375 1448 374 376 1449 373 375 1450 372 374 1451 372 374 1452 375 377 1453 374 376 1454 375 377 1455 372 374 1456 370 372 1457 376 378 1458 374 376 1459 375 377 1460 373 375 1461 374 376 1462 377 379 1463 378 380 1464 377 379 1465 374 376 1466 374 376 1467 376 378 1468 378 380 1469 378 380 1470 379 381 1471 377 379 1472 380 382 1473 377 379 1474 379 381 1475 379 381 1476 381 383 1477 380 382 1478 381 383 1479 379 381 1480 382 384 1481 383 385 1482 382 384 1483 379 381 1484 379 381 1485 378 380 1486 383 385 1487 384 386 1488 380 382 1489 381 383 1490 381 383 1491 385 387 1492 384 386 1493 386 388 1494 384 386 1495 385 387 1496 385 387 1497 387 389 1498 386 388 1499 387 389 1500 385 387 1501 388 390 1502 389 391 1503 388 390 1504 385 387 1505 382 384 1506 389 391 1507 381 383 1508 385 387 1509 381 383 1510 389 391 1511 390 392 1512 386 388 1513 387 389 1514 391 393 1515 383 385 1516 378 380 1517 391 393 1518 378 380 1519 376 378 1520 387 389 1521 392 394 1522 390 392 1523 393 395 1524 390 392 1525 392 394 1526 392 394 1527 394 396 1528 393 395 1529 395 397 1530 393 395 1531 394 396 1532 394 396 1533 392 394 1534 396 398 1535 396 398 1536 397 399 1537 394 396 1538 398 400 1539 394 396 1540 397 399 1541 394 396 1542 398 400 1543 395 397 1544 399 401 1545 396 398 1546 392 394 1547 388 390 1548 399 401 1549 387 389 1550 392 394 1551 387 389 1552 399 401 1553 400 402 1554 395 397 1555 398 400 1556 398 400 1557 401 403 1558 400 402 1559 402 404 1560 400 402 1561 401 403 1562 401 403 1563 403 405 1564 402 404 1565 404 406 1566 402 404 1567 403 405 1568 403 405 1569 401 403 1570 405 407 1571 406 408 1572 405 407 1573 401 403 1574 397 399 1575 406 408 1576 398 400 1577 401 403 1578 398 400 1579 406 408 1580 396 398 1581 407 409 1582 397 399 1583 408 410 1584 397 399 1585 407 409 1586 397 399 1587 408 410 1588 406 408 1589 408 410 1590 407 409 1591 409 411 1592 410 412 1593 409 411 1594 407 409 1595 410 412 1596 407 409 1597 411 413 1598 412 414 1599 411 413 1600 407 409 1601 409 411 1602 413 415 1603 408 410 1604 409 411 1605 414 416 1606 413 415 1607 414 416 1608 409 411 1609 410 412 1610 415 417 1611 413 415 1612 414 416 1613 415 417 1614 416 418 1615 413 415 1616 417 419 1617 413 415 1618 416 418 1619 413 415 1620 417 419 1621 418 420 1622 418 420 1623 408 410 1624 413 415 1625 418 420 1626 406 408 1627 408 410 1628 406 408 1629 418 420 1630 405 407 1631 419 421 1632 418 420 1633 417 419 1634 419 421 1635 405 407 1636 418 420 1637 411 413 1638 412 414 1639 420 422 1640 421 423 1641 420 422 1642 412 414 1643 420 422 1644 421 423 1645 422 424 1646 423 425 1647 422 424 1648 421 423 1649 422 424 1650 423 425 1651 424 426 1652 425 427 1653 424 426 1654 423 425 1655 424 426 1656 425 427 1657 426 428 1658 427 429 1659 426 428 1660 425 427 1661 426 428 1662 427 429 1663 428 430 1664 429 431 1665 428 430 1666 427 429 1667 425 427 1668 382 384 1669 427 429 1670 383 385 1671 427 429 1672 382 384 1673 427 429 1674 383 385 1675 429 431 1676 421 423 1677 388 390 1678 423 425 1679 389 391 1680 423 425 1681 388 390 1682 382 384 1683 425 427 1684 389 391 1685 423 425 1686 389 391 1687 425 427 1688 388 390 1689 421 423 1690 399 401 1691 412 414 1692 399 401 1693 421 423 1694 391 393 1695 429 431 1696 383 385 1697 399 401 1698 412 414 1699 396 398 1700 407 409 1701 396 398 1702 412 414 1703 429 431 1704 430 432 1705 428 430 1706 431 433 1707 428 430 1708 430 432 1709 430 432 1710 432 434 1711 431 433 1712 433 435 1713 431 433 1714 432 434 1715 432 434 1716 434 436 1717 433 435 1718 435 437 1719 433 435 1720 434 436 1721 434 436 1722 436 438 1723 435 437 1724 437 439 1725 435 437 1726 436 438 1727 436 438 1728 438 440 1729 437 439 1730 439 441 1731 437 439 1732 438 440 1733 438 440 1734 440 442 1735 439 441 1736 441 443 1737 439 441 1738 440 442 1739 441 443 1740 440 442 1741 442 444 1742 443 445 1743 442 444 1744 440 442 1745 442 444 1746 443 445 1747 444 446 1748 442 444 1749 444 446 1750 445 447 1751 442 444 1752 445 447 1753 441 443 1754 446 448 1755 445 447 1756 444 446 1757 446 448 1758 444 446 1759 309 311 1760 310 312 1761 309 311 1762 444 446 1763 444 446 1764 447 449 1765 310 312 1766 447 449 1767 444 446 1768 443 445 1769 312 314 1770 310 312 1771 447 449 1772 443 445 1773 440 442 1774 362 364 1775 363 365 1776 362 364 1777 440 442 1778 440 442 1779 438 440 1780 363 365 1781 447 449 1782 443 445 1783 355 357 1784 362 364 1785 355 357 1786 443 445 1787 312 314 1788 447 449 1789 351 353 1790 355 357 1791 351 353 1792 447 449 1793 364 366 1794 363 365 1795 438 440 1796 438 440 1797 436 438 1798 364 366 1799 369 371 1800 364 366 1801 436 438 1802 436 438 1803 434 436 1804 369 371 1805 370 372 1806 369 371 1807 434 436 1808 434 436 1809 432 434 1810 370 372 1811 375 377 1812 370 372 1813 432 434 1814 432 434 1815 430 432 1816 375 377 1817 376 378 1818 375 377 1819 430 432 1820 430 432 1821 429 431 1822 376 378 1823 391 393 1824 376 378 1825 429 431 1826 448 450 1827 449 451 1828 450 452 1829 451 453 1830 450 452 1831 449 451 1832 448 450 1833 450 452 1834 452 454 1835 453 455 1836 452 454 1837 450 452 1838 449 451 1839 454 456 1840 451 453 1841 455 457 1842 451 453 1843 454 456 1844 454 456 1845 456 458 1846 455 457 1847 457 459 1848 455 457 1849 456 458 1850 457 459 1851 456 458 1852 458 460 1853 459 461 1854 458 460 1855 456 458 1856 458 460 1857 459 461 1858 460 462 1859 461 463 1860 460 462 1861 459 461 1862 461 463 1863 462 464 1864 460 462 1865 463 465 1866 460 462 1867 462 464 1868 462 464 1869 464 466 1870 463 465 1871 465 467 1872 463 465 1873 464 466 1874 464 466 1875 466 468 1876 465 467 1877 467 469 1878 465 467 1879 466 468 1880 457 459 1881 468 470 1882 455 457 1883 469 471 1884 455 457 1885 468 470 1886 470 472 1887 469 471 1888 468 470 1889 468 470 1890 471 473 1891 470 472 1892 468 470 1893 457 459 1894 471 473 1895 458 460 1896 471 473 1897 457 459 1898 472 474 1899 470 472 1900 471 473 1901 465 467 1902 473 475 1903 463 465 1904 474 476 1905 463 465 1906 473 475 1907 463 465 1908 474 476 1909 460 462 1910 474 476 1911 473 475 1912 475 477 1913 475 477 1914 476 478 1915 474 476 1916 477 479 1917 474 476 1918 476 478 1919 472 474 1920 471 473 1921 477 479 1922 476 478 1923 475 477 1924 478 480 1925 479 481 1926 478 480 1927 475 477 1928 475 477 1929 480 482 1930 479 481 1931 480 482 1932 475 477 1933 473 475 1934 473 475 1935 481 483 1936 480 482 1937 482 484 1938 480 482 1939 481 483 1940 483 485 1941 479 481 1942 480 482 1943 480 482 1944 482 484 1945 483 485 1946 484 486 1947 483 485 1948 482 484 1949 485 487 1950 476 478 1951 478 480 1952 486 488 1953 485 487 1954 478 480 1955 486 488 1956 487 489 1957 485 487 1958 488 490 1959 485 487 1960 487 489 1961 487 489 1962 489 491 1963 488 490 1964 490 492 1965 488 490 1966 489 491 1967 482 484 1968 481 483 1969 491 493 1970 492 494 1971 491 493 1972 481 483 1973 491 493 1974 492 494 1975 493 495 1976 493 495 1977 494 496 1978 491 493 1979 494 496 1980 493 495 1981 495 497 1982 496 498 1983 495 497 1984 493 495 1985 493 495 1986 497 499 1987 496 498 1988 497 499 1989 493 495 1990 492 494 1991 498 500 1992 496 498 1993 497 499 1994 499 501 1995 491 493 1996 494 496 1997 491 493 1998 499 501 1999 482 484 2000 484 486 2001 482 484 2002 499 501 2003 496 498 2004 500 502 2005 495 497 2006 500 502 2007 501 503 2008 495 497 2009 501 503 2010 500 502 2011 502 504 2012 503 505 2013 502 504 2014 500 502 2015 502 504 2016 503 505 2017 504 506 2018 505 507 2019 504 506 2020 503 505 2021 505 507 2022 506 508 2023 504 506 2024 507 509 2025 504 506 2026 506 508 2027 506 508 2028 508 510 2029 507 509 2030 509 511 2031 507 509 2032 508 510 2033 509 511 2034 508 510 2035 510 512 2036 508 510 2037 511 513 2038 510 512 2039 511 513 2040 512 514 2041 510 512 2042 512 514 2043 511 513 2044 513 515 2045 514 516 2046 513 515 2047 511 513 2048 515 517 2049 510 512 2050 512 514 2051 512 514 2052 516 518 2053 515 517 2054 517 519 2055 515 517 2056 516 518 2057 513 515 2058 518 520 2059 512 514 2060 516 518 2061 512 514 2062 518 520 2063 518 520 2064 519 521 2065 516 518 2066 520 522 2067 516 518 2068 519 521 2069 516 518 2070 520 522 2071 517 519 2072 521 523 2073 517 519 2074 520 522 2075 513 515 2076 522 524 2077 518 520 2078 523 525 2079 518 520 2080 522 524 2081 518 520 2082 523 525 2083 519 521 2084 523 525 2085 522 524 2086 524 526 2087 524 526 2088 525 527 2089 523 525 2090 526 528 2091 523 525 2092 525 527 2093 526 528 2094 519 521 2095 523 525 2096 527 529 2097 524 526 2098 522 524 2099 522 524 2100 528 530 2101 527 529 2102 514 516 2103 528 530 2104 513 515 2105 522 524 2106 513 515 2107 528 530 2108 529 531 2109 527 529 2110 528 530 2111 529 531 2112 528 530 2113 530 532 2114 531 533 2115 530 532 2116 528 530 2117 530 532 2118 531 533 2119 532 534 2120 533 535 2121 532 534 2122 531 533 2123 533 535 2124 534 536 2125 532 534 2126 535 537 2127 532 534 2128 534 536 2129 534 536 2130 536 538 2131 535 537 2132 537 539 2133 535 537 2134 536 538 2135 536 538 2136 538 540 2137 537 539 2138 539 541 2139 537 539 2140 538 540 2141 539 541 2142 538 540 2143 540 542 2144 541 543 2145 540 542 2146 538 540 2147 536 538 2148 542 544 2149 538 540 2150 543 545 2151 538 540 2152 542 544 2153 538 540 2154 543 545 2155 541 543 2156 544 546 2157 543 545 2158 542 544 2159 533 535 2160 545 547 2161 534 536 2162 546 548 2163 534 536 2164 545 547 2165 542 544 2166 536 538 2167 546 548 2168 534 536 2169 546 548 2170 536 538 2171 544 546 2172 542 544 2173 546 548 2174 547 549 2175 546 548 2176 545 547 2177 547 549 2178 544 546 2179 546 548 2180 545 547 2181 548 550 2182 547 549 2183 545 547 2184 533 535 2185 548 550 2186 549 551 2187 547 549 2188 548 550 2189 550 552 2190 541 543 2191 543 545 2192 547 549 2193 551 553 2194 544 546 2195 547 549 2196 549 551 2197 551 553 2198 552 554 2199 544 546 2200 551 553 2201 552 554 2202 553 555 2203 544 546 2204 554 556 2205 544 546 2206 553 555 2207 554 556 2208 550 552 2209 543 545 2210 544 546 2211 554 556 2212 543 545 2213 555 557 2214 551 553 2215 549 551 2216 555 557 2217 549 551 2218 556 558 2219 557 559 2220 556 558 2221 549 551 2222 556 558 2223 558 560 2224 555 557 2225 559 561 2226 555 557 2227 558 560 2228 555 557 2229 559 561 2230 551 553 2231 558 560 2232 560 562 2233 559 561 2234 561 563 2235 559 561 2236 560 562 2237 561 563 2238 551 553 2239 559 561 2240 560 562 2241 562 564 2242 561 563 2243 563 565 2244 561 563 2245 562 564 2246 552 554 2247 551 553 2248 563 565 2249 561 563 2250 563 565 2251 551 553 2252 553 555 2253 552 554 2254 563 565 2255 549 551 2256 548 550 2257 514 516 2258 548 550 2259 531 533 2260 514 516 2261 531 533 2262 548 550 2263 533 535 2264 528 530 2265 514 516 2266 531 533 2267 563 565 2268 562 564 2269 564 566 2270 565 567 2271 564 566 2272 562 564 2273 564 566 2274 565 567 2275 566 568 2276 567 569 2277 566 568 2278 565 567 2279 566 568 2280 567 569 2281 568 570 2282 569 571 2283 568 570 2284 567 569 2285 568 570 2286 569 571 2287 570 572 2288 571 573 2289 570 572 2290 569 571 2291 568 570 2292 570 572 2293 572 574 2294 564 566 2295 566 568 2296 572 574 2297 568 570 2298 572 574 2299 566 568 2300 564 566 2301 572 574 2302 563 565 2303 573 575 2304 572 574 2305 570 572 2306 570 572 2307 574 576 2308 573 575 2309 575 577 2310 573 575 2311 574 576 2312 576 578 2313 573 575 2314 575 577 2315 576 578 2316 575 577 2317 577 579 2318 578 580 2319 577 579 2320 575 577 2321 575 577 2322 574 576 2323 578 580 2324 578 580 2325 579 581 2326 577 579 2327 580 582 2328 577 579 2329 579 581 2330 577 579 2331 580 582 2332 581 583 2333 577 579 2334 581 583 2335 576 578 2336 582 584 2337 581 583 2338 580 582 2339 581 583 2340 582 584 2341 583 585 2342 584 586 2343 583 585 2344 582 584 2345 584 586 2346 585 587 2347 583 585 2348 586 588 2349 583 585 2350 585 587 2351 578 580 2352 587 589 2353 579 581 2354 587 589 2355 578 580 2356 574 576 2357 588 590 2358 579 581 2359 587 589 2360 587 589 2361 589 591 2362 588 590 2363 590 592 2364 588 590 2365 589 591 2366 590 592 2367 589 591 2368 591 593 2369 592 594 2370 591 593 2371 589 591 2372 591 593 2373 592 594 2374 593 595 2375 594 596 2376 593 595 2377 592 594 2378 593 595 2379 594 596 2380 466 468 2381 467 469 2382 466 468 2383 594 596 2384 581 583 2385 583 585 2386 595 597 2387 596 598 2388 595 597 2389 583 585 2390 596 598 2391 597 599 2392 595 597 2393 594 596 2394 592 594 2395 492 494 2396 497 499 2397 492 494 2398 592 594 2399 592 594 2400 589 591 2401 497 499 2402 498 500 2403 497 499 2404 589 591 2405 595 597 2406 576 578 2407 581 583 2408 595 597 2409 597 599 2410 576 578 2411 467 469 2412 594 596 2413 481 483 2414 492 494 2415 481 483 2416 594 596 2417 467 469 2418 481 483 2419 465 467 2420 473 475 2421 465 467 2422 481 483 2423 554 556 2424 597 599 2425 596 598 2426 554 556 2427 553 555 2428 597 599 2429 598 600 2430 597 599 2431 553 555 2432 598 600 2433 572 574 2434 597 599 2435 573 575 2436 597 599 2437 572 574 2438 597 599 2439 573 575 2440 576 578 2441 598 600 2442 563 565 2443 572 574 2444 598 600 2445 553 555 2446 563 565 2447 550 552 2448 554 556 2449 596 598 2450 550 552 2451 596 598 2452 586 588 2453 583 585 2454 586 588 2455 596 598 2456 589 591 2457 587 589 2458 498 500 2459 574 576 2460 498 500 2461 587 589 2462 574 576 2463 570 572 2464 498 500 2465 599 601 2466 600 602 2467 601 603 2468 602 604 2469 601 603 2470 600 602 2471 599 601 2472 601 603 2473 603 605 2474 604 606 2475 603 605 2476 601 603 2477 600 602 2478 605 607 2479 602 604 2480 606 608 2481 602 604 2482 605 607 2483 605 607 2484 607 609 2485 606 608 2486 608 610 2487 606 608 2488 607 609 2489 608 610 2490 607 609 2491 609 611 2492 610 612 2493 609 611 2494 607 609 2495 609 611 2496 610 612 2497 611 613 2498 612 614 2499 611 613 2500 610 612 2501 612 614 2502 613 615 2503 611 613 2504 614 616 2505 611 613 2506 613 615 2507 613 615 2508 615 617 2509 614 616 2510 616 618 2511 614 616 2512 615 617 2513 615 617 2514 617 619 2515 616 618 2516 618 620 2517 616 618 2518 617 619 2519 608 610 2520 619 621 2521 606 608 2522 620 622 2523 606 608 2524 619 621 2525 620 622 2526 619 621 2527 621 623 2528 622 624 2529 621 623 2530 619 621 2531 621 623 2532 622 624 2533 623 625 2534 623 625 2535 624 626 2536 621 623 2537 625 627 2538 621 623 2539 624 626 2540 621 623 2541 625 627 2542 620 622 2543 624 626 2544 626 628 2545 625 627 2546 627 629 2547 625 627 2548 626 628 2549 625 627 2550 627 629 2551 628 630 2552 628 630 2553 620 622 2554 625 627 2555 629 631 2556 628 630 2557 627 629 2558 626 628 2559 630 632 2560 627 629 2561 631 633 2562 627 629 2563 630 632 2564 627 629 2565 631 633 2566 629 631 2567 632 634 2568 623 625 2569 622 624 2570 633 635 2571 629 631 2572 631 633 2573 622 624 2574 634 636 2575 632 634 2576 635 637 2577 632 634 2578 634 636 2579 634 636 2580 636 638 2581 635 637 2582 637 639 2583 635 637 2584 636 638 2585 636 638 2586 634 636 2587 638 640 2588 638 640 2589 639 641 2590 636 638 2591 640 642 2592 636 638 2593 639 641 2594 636 638 2595 640 642 2596 637 639 2597 641 643 2598 638 640 2599 634 636 2600 642 644 2601 637 639 2602 640 642 2603 640 642 2604 643 645 2605 642 644 2606 644 646 2607 642 644 2608 643 645 2609 643 645 2610 645 647 2611 644 646 2612 646 648 2613 644 646 2614 645 647 2615 645 647 2616 643 645 2617 647 649 2618 648 650 2619 647 649 2620 643 645 2621 639 641 2622 648 650 2623 640 642 2624 643 645 2625 640 642 2626 648 650 2627 634 636 2628 622 624 2629 641 643 2630 619 621 2631 641 643 2632 622 624 2633 638 640 2634 611 613 2635 639 641 2636 614 616 2637 639 641 2638 611 613 2639 639 641 2640 614 616 2641 648 650 2642 619 621 2643 608 610 2644 641 643 2645 609 611 2646 641 643 2647 608 610 2648 616 618 2649 648 650 2650 614 616 2651 648 650 2652 616 618 2653 647 649 2654 618 620 2655 647 649 2656 616 618 2657 641 643 2658 609 611 2659 638 640 2660 611 613 2661 638 640 2662 609 611 2663 646 648 2664 645 647 2665 649 651 2666 650 652 2667 649 651 2668 645 647 2669 645 647 2670 647 649 2671 650 652 2672 651 653 2673 650 652 2674 647 649 2675 649 651 2676 650 652 2677 652 654 2678 653 655 2679 652 654 2680 650 652 2681 650 652 2682 651 653 2683 653 655 2684 652 654 2685 653 655 2686 654 656 2687 655 657 2688 654 656 2689 653 655 2690 654 656 2691 655 657 2692 656 658 2693 657 659 2694 656 658 2695 655 657 2696 653 655 2697 658 660 2698 655 657 2699 658 660 2700 653 655 2701 651 653 2702 659 661 2703 655 657 2704 658 660 2705 655 657 2706 659 661 2707 657 659 2708 660 662 2709 657 659 2710 659 661 2711 656 658 2712 657 659 2713 661 663 2714 662 664 2715 661 663 2716 657 659 2717 657 659 2718 660 662 2719 662 664 2720 661 663 2721 662 664 2722 663 665 2723 664 666 2724 663 665 2725 662 664 2726 662 664 2727 665 667 2728 664 666 2729 665 667 2730 662 664 2731 660 662 2732 666 668 2733 664 666 2734 665 667 2735 663 665 2736 664 666 2737 667 669 2738 668 670 2739 667 669 2740 664 666 2741 664 666 2742 666 668 2743 668 670 2744 667 669 2745 668 670 2746 669 671 2747 670 672 2748 669 671 2749 668 670 2750 668 670 2751 671 673 2752 670 672 2753 671 673 2754 668 670 2755 666 668 2756 672 674 2757 670 672 2758 671 673 2759 669 671 2760 670 672 2761 673 675 2762 674 676 2763 673 675 2764 670 672 2765 670 672 2766 672 674 2767 674 676 2768 674 676 2769 675 677 2770 673 675 2771 676 678 2772 673 675 2773 675 677 2774 675 677 2775 677 679 2776 676 678 2777 677 679 2778 675 677 2779 678 680 2780 679 681 2781 678 680 2782 675 677 2783 675 677 2784 674 676 2785 679 681 2786 680 682 2787 676 678 2788 677 679 2789 677 679 2790 681 683 2791 680 682 2792 682 684 2793 680 682 2794 681 683 2795 681 683 2796 683 685 2797 682 684 2798 683 685 2799 681 683 2800 684 686 2801 685 687 2802 684 686 2803 681 683 2804 678 680 2805 685 687 2806 677 679 2807 681 683 2808 677 679 2809 685 687 2810 686 688 2811 682 684 2812 683 685 2813 687 689 2814 679 681 2815 674 676 2816 687 689 2817 674 676 2818 672 674 2819 683 685 2820 688 690 2821 686 688 2822 689 691 2823 686 688 2824 688 690 2825 688 690 2826 690 692 2827 689 691 2828 691 693 2829 689 691 2830 690 692 2831 690 692 2832 688 690 2833 692 694 2834 692 694 2835 693 695 2836 690 692 2837 694 696 2838 690 692 2839 693 695 2840 690 692 2841 694 696 2842 691 693 2843 695 697 2844 692 694 2845 688 690 2846 684 686 2847 695 697 2848 683 685 2849 688 690 2850 683 685 2851 695 697 2852 696 698 2853 691 693 2854 694 696 2855 694 696 2856 697 699 2857 696 698 2858 698 700 2859 696 698 2860 697 699 2861 697 699 2862 699 701 2863 698 700 2864 700 702 2865 698 700 2866 699 701 2867 699 701 2868 697 699 2869 701 703 2870 702 704 2871 701 703 2872 697 699 2873 693 695 2874 702 704 2875 694 696 2876 697 699 2877 694 696 2878 702 704 2879 692 694 2880 703 705 2881 693 695 2882 704 706 2883 693 695 2884 703 705 2885 693 695 2886 704 706 2887 702 704 2888 704 706 2889 703 705 2890 705 707 2891 706 708 2892 705 707 2893 703 705 2894 706 708 2895 703 705 2896 707 709 2897 708 710 2898 707 709 2899 703 705 2900 705 707 2901 709 711 2902 704 706 2903 710 712 2904 704 706 2905 709 711 2906 710 712 2907 702 704 2908 704 706 2909 702 704 2910 710 712 2911 701 703 2912 709 711 2913 711 713 2914 710 712 2915 712 714 2916 710 712 2917 711 713 2918 712 714 2919 701 703 2920 710 712 2921 707 709 2922 708 710 2923 713 715 2924 714 716 2925 713 715 2926 708 710 2927 714 716 2928 715 717 2929 713 715 2930 716 718 2931 713 715 2932 715 717 2933 715 717 2934 717 719 2935 716 718 2936 718 720 2937 716 718 2938 717 719 2939 717 719 2940 719 721 2941 718 720 2942 720 722 2943 718 720 2944 719 721 2945 720 722 2946 719 721 2947 721 723 2948 722 724 2949 721 723 2950 719 721 2951 717 719 2952 678 680 2953 719 721 2954 679 681 2955 719 721 2956 678 680 2957 719 721 2958 679 681 2959 722 724 2960 714 716 2961 684 686 2962 715 717 2963 685 687 2964 715 717 2965 684 686 2966 678 680 2967 717 719 2968 685 687 2969 715 717 2970 685 687 2971 717 719 2972 684 686 2973 714 716 2974 695 697 2975 708 710 2976 695 697 2977 714 716 2978 687 689 2979 722 724 2980 679 681 2981 695 697 2982 708 710 2983 692 694 2984 703 705 2985 692 694 2986 708 710 2987 722 724 2988 723 725 2989 721 723 2990 724 726 2991 721 723 2992 723 725 2993 724 726 2994 723 725 2995 725 727 2996 726 728 2997 725 727 2998 723 725 2999 725 727 3000 726 728 3001 727 729 3002 728 730 3003 727 729 3004 726 728 3005 727 729 3006 728 730 3007 729 731 3008 730 732 3009 729 731 3010 728 730 3011 730 732 3012 731 733 3013 729 731 3014 732 734 3015 729 731 3016 731 733 3017 731 733 3018 733 735 3019 732 734 3020 734 736 3021 732 734 3022 733 735 3023 734 736 3024 733 735 3025 735 737 3026 736 738 3027 735 737 3028 733 735 3029 735 737 3030 736 738 3031 737 739 3032 738 740 3033 737 739 3034 736 738 3035 737 739 3036 738 740 3037 617 619 3038 618 620 3039 617 619 3040 738 740 3041 730 732 3042 728 730 3043 665 667 3044 666 668 3045 665 667 3046 728 730 3047 736 738 3048 733 735 3049 658 660 3050 659 661 3051 658 660 3052 733 735 3053 733 735 3054 731 733 3055 659 661 3056 731 733 3057 730 732 3058 660 662 3059 665 667 3060 660 662 3061 730 732 3062 660 662 3063 659 661 3064 731 733 3065 738 740 3066 736 738 3067 651 653 3068 658 660 3069 651 653 3070 736 738 3071 618 620 3072 738 740 3073 647 649 3074 651 653 3075 647 649 3076 738 740 3077 728 730 3078 726 728 3079 666 668 3080 671 673 3081 666 668 3082 726 728 3083 726 728 3084 723 725 3085 671 673 3086 672 674 3087 671 673 3088 723 725 3089 723 725 3090 722 724 3091 672 674 3092 687 689 3093 672 674 3094 722 724 3095 739 741 3096 740 742 3097 741 743 3098 740 742 3099 739 741 3100 742 744 3101 743 745 3102 742 744 3103 739 741 3104 742 744 3105 743 745 3106 744 746 3107 745 747 3108 744 746 3109 743 745 3110 744 746 3111 745 747 3112 746 748 3113 747 749 3114 746 748 3115 745 747 3116 746 748 3117 747 749 3118 748 750 3119 749 751 3120 748 750 3121 747 749 3122 749 751 3123 750 752 3124 748 750 3125 751 753 3126 748 750 3127 750 752 3128 750 752 3129 752 754 3130 751 753 3131 753 755 3132 751 753 3133 752 754 3134 752 754 3135 754 756 3136 753 755 3137 755 757 3138 753 755 3139 754 756 3140 744 746 3141 756 758 3142 742 744 3143 757 759 3144 742 744 3145 756 758 3146 757 759 3147 756 758 3148 758 760 3149 759 761 3150 758 760 3151 756 758 3152 758 760 3153 759 761 3154 760 762 3155 760 762 3156 761 763 3157 758 760 3158 762 764 3159 758 760 3160 761 763 3161 758 760 3162 762 764 3163 757 759 3164 761 763 3165 763 765 3166 762 764 3167 764 766 3168 762 764 3169 763 765 3170 762 764 3171 764 766 3172 765 767 3173 765 767 3174 757 759 3175 762 764 3176 766 768 3177 765 767 3178 764 766 3179 763 765 3180 767 769 3181 764 766 3182 768 770 3183 764 766 3184 767 769 3185 764 766 3186 768 770 3187 766 768 3188 769 771 3189 760 762 3190 759 761 3191 770 772 3192 766 768 3193 768 770 3194 759 761 3195 771 773 3196 769 771 3197 772 774 3198 769 771 3199 771 773 3200 771 773 3201 773 775 3202 772 774 3203 774 776 3204 772 774 3205 773 775 3206 773 775 3207 771 773 3208 775 777 3209 775 777 3210 776 778 3211 773 775 3212 777 779 3213 773 775 3214 776 778 3215 773 775 3216 777 779 3217 774 776 3218 778 780 3219 775 777 3220 771 773 3221 779 781 3222 774 776 3223 777 779 3224 777 779 3225 780 782 3226 779 781 3227 781 783 3228 779 781 3229 780 782 3230 780 782 3231 782 784 3232 781 783 3233 783 785 3234 781 783 3235 782 784 3236 782 784 3237 780 782 3238 784 786 3239 785 787 3240 784 786 3241 780 782 3242 776 778 3243 785 787 3244 777 779 3245 780 782 3246 777 779 3247 785 787 3248 771 773 3249 759 761 3250 778 780 3251 756 758 3252 778 780 3253 759 761 3254 775 777 3255 748 750 3256 776 778 3257 751 753 3258 776 778 3259 748 750 3260 776 778 3261 751 753 3262 785 787 3263 756 758 3264 744 746 3265 778 780 3266 746 748 3267 778 780 3268 744 746 3269 753 755 3270 785 787 3271 751 753 3272 785 787 3273 753 755 3274 784 786 3275 755 757 3276 784 786 3277 753 755 3278 778 780 3279 746 748 3280 775 777 3281 748 750 3282 775 777 3283 746 748 3284 783 785 3285 782 784 3286 786 788 3287 787 789 3288 786 788 3289 782 784 3290 782 784 3291 784 786 3292 787 789 3293 788 790 3294 787 789 3295 784 786 3296 786 788 3297 787 789 3298 789 791 3299 790 792 3300 789 791 3301 787 789 3302 787 789 3303 788 790 3304 790 792 3305 789 791 3306 790 792 3307 791 793 3308 792 794 3309 791 793 3310 790 792 3311 791 793 3312 792 794 3313 793 795 3314 794 796 3315 793 795 3316 792 794 3317 790 792 3318 795 797 3319 792 794 3320 795 797 3321 790 792 3322 788 790 3323 796 798 3324 792 794 3325 795 797 3326 792 794 3327 796 798 3328 794 796 3329 797 799 3330 794 796 3331 796 798 3332 793 795 3333 794 796 3334 798 800 3335 799 801 3336 798 800 3337 794 796 3338 794 796 3339 797 799 3340 799 801 3341 798 800 3342 799 801 3343 800 802 3344 801 803 3345 800 802 3346 799 801 3347 799 801 3348 802 804 3349 801 803 3350 802 804 3351 799 801 3352 797 799 3353 803 805 3354 801 803 3355 802 804 3356 800 802 3357 801 803 3358 804 806 3359 805 807 3360 804 806 3361 801 803 3362 801 803 3363 803 805 3364 805 807 3365 804 806 3366 805 807 3367 806 808 3368 807 809 3369 806 808 3370 805 807 3371 805 807 3372 808 810 3373 807 809 3374 808 810 3375 805 807 3376 803 805 3377 809 811 3378 807 809 3379 808 810 3380 806 808 3381 807 809 3382 810 812 3383 811 813 3384 810 812 3385 807 809 3386 807 809 3387 809 811 3388 811 813 3389 811 813 3390 812 814 3391 810 812 3392 813 815 3393 810 812 3394 812 814 3395 812 814 3396 814 816 3397 813 815 3398 814 816 3399 812 814 3400 815 817 3401 816 818 3402 815 817 3403 812 814 3404 812 814 3405 811 813 3406 816 818 3407 817 819 3408 813 815 3409 814 816 3410 814 816 3411 818 820 3412 817 819 3413 819 821 3414 817 819 3415 818 820 3416 818 820 3417 820 822 3418 819 821 3419 820 822 3420 818 820 3421 821 823 3422 822 824 3423 821 823 3424 818 820 3425 815 817 3426 822 824 3427 814 816 3428 818 820 3429 814 816 3430 822 824 3431 823 825 3432 819 821 3433 820 822 3434 824 826 3435 816 818 3436 811 813 3437 824 826 3438 811 813 3439 809 811 3440 820 822 3441 825 827 3442 823 825 3443 826 828 3444 823 825 3445 825 827 3446 825 827 3447 827 829 3448 826 828 3449 828 830 3450 826 828 3451 827 829 3452 827 829 3453 825 827 3454 829 831 3455 829 831 3456 830 832 3457 827 829 3458 831 833 3459 827 829 3460 830 832 3461 827 829 3462 831 833 3463 828 830 3464 832 834 3465 829 831 3466 825 827 3467 821 823 3468 832 834 3469 820 822 3470 825 827 3471 820 822 3472 832 834 3473 833 835 3474 828 830 3475 831 833 3476 831 833 3477 834 836 3478 833 835 3479 835 837 3480 833 835 3481 834 836 3482 834 836 3483 836 838 3484 835 837 3485 837 839 3486 835 837 3487 836 838 3488 836 838 3489 834 836 3490 838 840 3491 839 841 3492 838 840 3493 834 836 3494 830 832 3495 839 841 3496 831 833 3497 834 836 3498 831 833 3499 839 841 3500 829 831 3501 840 842 3502 830 832 3503 841 843 3504 830 832 3505 840 842 3506 830 832 3507 841 843 3508 839 841 3509 841 843 3510 840 842 3511 842 844 3512 843 845 3513 842 844 3514 840 842 3515 843 845 3516 840 842 3517 844 846 3518 845 847 3519 844 846 3520 840 842 3521 842 844 3522 846 848 3523 841 843 3524 847 849 3525 841 843 3526 846 848 3527 847 849 3528 839 841 3529 841 843 3530 839 841 3531 847 849 3532 838 840 3533 846 848 3534 848 850 3535 847 849 3536 849 851 3537 847 849 3538 848 850 3539 849 851 3540 838 840 3541 847 849 3542 844 846 3543 845 847 3544 850 852 3545 851 853 3546 850 852 3547 845 847 3548 850 852 3549 851 853 3550 852 854 3551 853 855 3552 852 854 3553 851 853 3554 852 854 3555 853 855 3556 854 856 3557 855 857 3558 854 856 3559 853 855 3560 854 856 3561 855 857 3562 856 858 3563 857 859 3564 856 858 3565 855 857 3566 856 858 3567 857 859 3568 858 860 3569 859 861 3570 858 860 3571 857 859 3572 855 857 3573 815 817 3574 857 859 3575 816 818 3576 857 859 3577 815 817 3578 857 859 3579 816 818 3580 859 861 3581 851 853 3582 821 823 3583 853 855 3584 822 824 3585 853 855 3586 821 823 3587 815 817 3588 855 857 3589 822 824 3590 853 855 3591 822 824 3592 855 857 3593 821 823 3594 851 853 3595 832 834 3596 845 847 3597 832 834 3598 851 853 3599 824 826 3600 859 861 3601 816 818 3602 832 834 3603 845 847 3604 829 831 3605 840 842 3606 829 831 3607 845 847 3608 859 861 3609 860 862 3610 858 860 3611 861 863 3612 858 860 3613 860 862 3614 860 862 3615 862 864 3616 861 863 3617 863 865 3618 861 863 3619 862 864 3620 862 864 3621 864 866 3622 863 865 3623 865 867 3624 863 865 3625 864 866 3626 864 866 3627 866 868 3628 865 867 3629 867 869 3630 865 867 3631 866 868 3632 866 868 3633 868 870 3634 867 869 3635 869 871 3636 867 869 3637 868 870 3638 868 870 3639 870 872 3640 869 871 3641 871 873 3642 869 871 3643 870 872 3644 871 873 3645 870 872 3646 872 874 3647 873 875 3648 872 874 3649 870 872 3650 872 874 3651 873 875 3652 874 876 3653 875 877 3654 874 876 3655 873 875 3656 874 876 3657 875 877 3658 754 756 3659 755 757 3660 754 756 3661 875 877 3662 866 868 3663 864 866 3664 802 804 3665 803 805 3666 802 804 3667 864 866 3668 873 875 3669 870 872 3670 795 797 3671 796 798 3672 795 797 3673 870 872 3674 870 872 3675 868 870 3676 796 798 3677 868 870 3678 866 868 3679 797 799 3680 802 804 3681 797 799 3682 866 868 3683 797 799 3684 796 798 3685 868 870 3686 875 877 3687 873 875 3688 788 790 3689 795 797 3690 788 790 3691 873 875 3692 755 757 3693 875 877 3694 784 786 3695 788 790 3696 784 786 3697 875 877 3698 864 866 3699 862 864 3700 803 805 3701 808 810 3702 803 805 3703 862 864 3704 862 864 3705 860 862 3706 808 810 3707 809 811 3708 808 810 3709 860 862 3710 860 862 3711 859 861 3712 809 811 3713 824 826 3714 809 811 3715 859 861 3716 876 878 3717 877 879 3718 740 742 3719 877 879 3720 876 878 3721 878 880 3722 879 881 3723 878 880 3724 876 878 3725 740 742 3726 765 767 3727 876 878 3728 766 768 3729 876 878 3730 765 767 3731 876 878 3732 766 768 3733 879 881 3734 880 882 3735 879 881 3736 766 768 3737 765 767 3738 740 742 3739 757 759 3740 742 744 3741 757 759 3742 740 742 3743 881 883 3744 882 884 3745 883 885 3746 882 884 3747 450 452 3748 883 885 3749 451 453 3750 883 885 3751 450 452 3752 450 452 3753 882 884 3754 453 455 3755 884 886 3756 453 455 3757 882 884 3758 883 885 3759 451 453 3760 469 471 3761 881 883 3762 883 885 3763 469 471 3764 455 457 3765 469 471 3766 451 453 3767 885 887 3768 884 886 3769 882 884 3770 881 883 3771 885 887 3772 882 884 3773 885 887 3774 881 883 3775 886 888 3776 887 889 3777 886 888 3778 881 883 3779 887 889 3780 881 883 3781 888 890 3782 470 472 3783 888 890 3784 881 883 3785 470 472 3786 881 883 3787 469 471 3788 470 472 3789 472 474 3790 888 890 3791 889 891 3792 888 890 3793 472 474 3794 889 891 3795 472 474 3796 890 892 3797 891 893 3798 890 892 3799 472 474 3800 890 892 3801 892 894 3802 889 891 3803 893 895 3804 889 891 3805 892 894 3806 889 891 3807 893 895 3808 888 890 3809 892 894 3810 894 896 3811 893 895 3812 895 897 3813 893 895 3814 894 896 3815 895 897 3816 888 890 3817 893 895 3818 894 896 3819 896 898 3820 895 897 3821 897 899 3822 895 897 3823 896 898 3824 887 889 3825 888 890 3826 897 899 3827 895 897 3828 897 899 3829 888 890 3830 886 888 3831 887 889 3832 897 899 3833 898 900 3834 899 901 3835 900 902 3836 901 903 3837 900 902 3838 899 901 3839 902 904 3840 903 905 3841 904 906 3842 905 907 3843 904 906 3844 903 905 3845 903 905 3846 906 908 3847 905 907 3848 907 909 3849 905 907 3850 906 908 3851 906 910 3852 908 911 3853 909 912 3854 910 913 3855 909 912 3856 908 911 3857 910 913 3858 908 911 3859 911 914 3860 912 915 3861 910 913 3862 911 914 3863 912 915 3864 911 914 3865 913 916 3866 914 917 3867 912 915 3868 913 916 3869 914 917 3870 913 916 3871 915 918 3872 916 919 3873 914 917 3874 915 918 3875 917 920 3876 914 917 3877 916 919 3878 918 921 3879 917 920 3880 916 919 3881 919 922 3882 917 920 3883 918 921 3884 920 923 3885 919 922 3886 918 921 3887 919 922 3888 920 923 3889 921 924 3890 922 925 3891 921 924 3892 920 923 3893 923 926 3894 922 927 3895 924 928 3896 925 929 3897 924 928 3898 922 927 3899 924 928 3900 925 929 3901 926 930 3902 927 931 3903 926 930 3904 925 929 3905 927 931 3906 928 932 3907 926 930 3908 929 933 3909 926 930 3910 928 932 3911 928 932 3912 930 934 3913 929 933 3914 931 935 3915 929 933 3916 930 934 3917 930 936 3918 932 937 3919 933 938 3920 934 939 3921 933 938 3922 932 937 3923 934 939 3924 932 937 3925 935 940 3926 936 941 3927 934 939 3928 935 940 3929 936 941 3930 935 940 3931 937 942 3932 938 943 3933 936 941 3934 937 942 3935 938 943 3936 937 942 3937 939 944 3938 940 945 3939 941 946 3940 942 947 3941 943 948 3942 942 947 3943 941 946 3944 940 945 3945 944 949 3946 941 946 3947 945 950 3948 941 946 3949 944 949 3950 944 949 3951 946 951 3952 945 950 3953 947 952 3954 945 950 3955 946 951 3956 946 951 3957 948 953 3958 947 952 3959 949 954 3960 950 955 3961 951 956 3962 952 957 3963 953 958 3964 954 959 3965 955 960 3966 954 959 3967 953 958 3968 954 959 3969 956 961 3970 952 957 3971 957 962 3972 952 957 3973 956 961 3974 957 962 3975 956 961 3976 958 963 3977 959 964 3978 958 963 3979 956 961 3980 960 965 3981 961 966 3982 962 967 3983 963 968 3984 962 967 3985 961 966 3986 960 965 3987 964 969 3988 961 966 3989 965 970 3990 961 966 3991 964 969 3992 964 969 3993 966 971 3994 965 970 3995 967 972 3996 965 970 3997 966 971 3998 966 971 3999 968 973 4000 967 972 4001 969 974 4002 970 975 4003 971 976 4004 972 977 4005 973 978 4006 974 979 4007 975 980 4008 974 979 4009 973 978 4010 974 979 4011 976 981 4012 972 977 4013 977 982 4014 972 977 4015 976 981 4016 977 982 4017 976 981 4018 978 983 4019 979 984 4020 978 983 4021 976 981 4022 980 985 4023 981 986 4024 982 987 4025 983 988 4026 982 987 4027 981 986 4028 980 985 4029 984 989 4030 981 986 4031 985 990 4032 981 986 4033 984 989 4034 984 989 4035 986 991 4036 985 990 4037 987 992 4038 985 990 4039 986 991 4040 986 991 4041 988 993 4042 987 992 4043 989 994 4044 990 995 4045 991 996 4046 992 997 4047 993 998 4048 994 999 4049 995 1000 4050 994 999 4051 993 998 4052 994 999 4053 996 1001 4054 992 997 4055 997 1002 4056 992 997 4057 996 1001 4058 997 1002 4059 996 1001 4060 998 1003 4061 999 1004 4062 998 1003 4063 996 1001 4064 1000 1005 4065 1001 1006 4066 1002 1007 4067 1003 1008 4068 1002 1007 4069 1001 1006 4070 1000 1005 4071 1004 1009 4072 1001 1006 4073 1005 1010 4074 1001 1006 4075 1004 1009 4076 1004 1009 4077 1006 1011 4078 1005 1010 4079 1007 1012 4080 1005 1010 4081 1006 1011 4082 1006 1011 4083 1008 1013 4084 1007 1012 4085 1009 1014 4086 1010 1015 4087 1011 1016 4088 1012 1017 4089 1013 1018 4090 1014 1019 4091 1015 1020 4092 1014 1019 4093 1013 1018 4094 1014 1019 4095 1016 1021 4096 1012 1017 4097 1017 1022 4098 1012 1017 4099 1016 1021 4100 1017 1022 4101 1016 1021 4102 1018 1023 4103 1019 1024 4104 1018 1023 4105 1016 1021 4106 1020 1025 4107 1021 1026 4108 1022 1027 4109 1023 1028 4110 1022 1027 4111 1021 1026 4112 1020 1025 4113 1024 1029 4114 1021 1026 4115 1025 1030 4116 1021 1026 4117 1024 1029 4118 1024 1029 4119 1026 1031 4120 1025 1030 4121 1027 1032 4122 1025 1030 4123 1026 1031 4124 1028 1033 4125 1029 1034 4126 1030 1035 4127 1031 1036 4128 1030 1035 4129 1029 1034 4130 1028 1033 4131 1032 1037 4132 1029 1034 4133 1033 1038 4134 1029 1034 4135 1032 1037 4136 1032 1037 4137 1034 1039 4138 1033 1038 4139 1035 1040 4140 1033 1038 4141 1034 1039 4142 1034 1039 4143 1036 1041 4144 1035 1040 4145 1037 1042 4146 1038 1043 4147 1039 1044 4148 1040 1045 4149 1041 1046 4150 1042 1047 4151 1043 1048 4152 1042 1047 4153 1041 1046 4154 1041 1046 4155 1044 1049 4156 1043 1048 4157 1045 1050 4158 1043 1048 4159 1044 1049 4160 1044 1049 4161 1046 1051 4162 1045 1050 4163 1047 1052 4164 1045 1050 4165 1046 1051 4166 1048 1053 4167 1049 1054 4168 1050 1055 4169 1051 1056 4170 1050 1055 4171 1049 1054 4172 1049 1054 4173 1052 1057 4174 1051 1056 4175 1053 1058 4176 1051 1056 4177 1052 1057 4178 1052 1057 4179 1054 1059 4180 1053 1058 4181 1055 1060 4182 1053 1058 4183 1054 1059 4184 1054 1059 4185 1056 1061 4186 1055 1060 4187 1057 1062 4188 1058 1063 4189 1059 1064 4190 1060 1065 4191 1061 1066 4192 1062 1067 4193 1063 1068 4194 1062 1067 4195 1061 1066 4196 1063 1068 4197 1064 1069 4198 1062 1067 4199 1065 1070 4200 1062 1067 4201 1064 1069 4202 1066 1071 4203 1067 1072 4204 1068 1073 4205 1069 1074 4206 1068 1073 4207 1067 1072 4208 1067 1072 4209 1066 1071 4210 1070 1075 4211 1070 1075 4212 1066 1071 4213 1071 1076 4214 1072 1077 4215 1070 1075 4216 1071 1076 4217 629 631 4218 601 603 4219 628 630 4220 602 604 4221 628 630 4222 601 603 4223 601 603 4224 629 631 4225 604 606 4226 633 635 4227 604 606 4228 629 631 4229 628 630 4230 602 604 4231 620 622 4232 606 608 4233 620 622 4234 602 604 4235 477 479 4236 460 462 4237 474 476 4238 460 462 4239 477 479 4240 458 460 4241 471 473 4242 458 460 4243 477 479 4244 1073 1078 4245 1074 1079 4246 1075 1080 4247 1076 1081 4248 1075 1080 4249 1074 1079 4250 1076 1081 4251 1077 1082 4252 1075 1080 4253 1078 1083 4254 1075 1080 4255 1077 1082 4256 1074 1079 4257 1073 1078 4258 1079 1084 4259 1080 1085 4260 1079 1084 4261 1073 1078 4262 1079 1084 4263 1080 1085 4264 1081 1086 4265 1082 1087 4266 1081 1086 4267 1080 1085 4268 1081 1086 4269 1082 1087 4270 1083 1088 4271 1084 1089 4272 1083 1088 4273 1082 1087 4274 1075 1080 4275 1085 1090 4276 1073 1078 4277 1075 1080 4278 1078 1083 4279 1085 1090 4280 1086 1091 4281 1073 1078 4282 1085 1090 4283 1073 1078 4284 1086 1091 4285 1080 1085 4286 1087 1092 4287 1085 1090 4288 1078 1083 4289 1082 1087 4290 1088 1093 4291 1084 1089 4292 1089 1094 4293 1084 1089 4294 1088 1093 4295 1088 1093 4296 1082 1087 4297 1090 1095 4298 1080 1085 4299 1090 1095 4300 1082 1087 4301 1090 1095 4302 1080 1085 4303 1086 1091 4304 1085 1090 4305 1091 1096 4306 1086 1091 4307 1085 1090 4308 1087 1092 4309 1091 1096 4310 1092 1097 4311 1086 1091 4312 1091 1096 4313 1086 1091 4314 1092 1097 4315 1090 1095 4316 1093 1098 4317 1091 1096 4318 1087 1092 4319 1088 1093 4320 1094 1099 4321 1089 1094 4322 1095 1100 4323 1089 1094 4324 1094 1099 4325 1094 1099 4326 1088 1093 4327 1096 1101 4328 1090 1095 4329 1096 1101 4330 1088 1093 4331 1096 1101 4332 1090 1095 4333 1092 1097 4334 1091 1096 4335 1097 1102 4336 1092 1097 4337 1093 1098 4338 1098 1103 4339 1091 1096 4340 1098 1103 4341 1097 1102 4342 1091 1096 4343 1094 1099 4344 1099 1104 4345 1095 1100 4346 1096 1101 4347 1100 1105 4348 1094 1099 4349 1092 1097 4350 1100 1105 4351 1096 1101 4352 1100 1105 4353 1099 1104 4354 1094 1099 4355 1092 1097 4356 1097 1102 4357 1100 1105 4358 1097 1102 4359 1098 1103 4360 1101 1106 4361 1097 1102 4362 1101 1106 4363 1100 1105 4364 1102 1107 4365 1101 1106 4366 1098 1103 4367 1100 1105 4368 1103 1108 4369 1099 1104 4370 1103 1108 4371 1100 1105 4372 1101 1106 4373 1104 1109 4374 1099 1104 4375 1103 1108 4376 1102 1107 4377 1105 1110 4378 1101 1106 4379 1103 1108 4380 1105 1110 4381 1104 1109 4382 1101 1106 4383 1105 1110 4384 1103 1108 4385 1104 1109 4386 1106 1111 4387 1099 1104 4388 1104 1109 4389 1105 1110 4390 1106 1111 4391 1107 1112 4392 1099 1104 4393 1106 1111 4394 1095 1100 4395 1099 1104 4396 1107 1112 4397 1095 1100 4398 1107 1112 4399 1108 1113 4400 1095 1100 4401 1108 1113 4402 1089 1094 4403 1109 1114 4404 1089 1094 4405 1108 1113 4406 1089 1094 4407 1109 1114 4408 1084 1089 4409 1110 1115 4410 1084 1089 4411 1109 1114 4412 1084 1089 4413 1110 1115 4414 1083 1088 4415 1111 1116 4416 1083 1088 4417 1110 1115 4418 1112 1117 4419 1113 1118 4420 1114 1119 4421 1115 1120 4422 1114 1119 4423 1113 1118 4424 1112 1117 4425 1114 1119 4426 1116 1121 4427 1117 1122 4428 1116 1121 4429 1114 1119 4430 1116 1121 4431 1117 1122 4432 1118 1123 4433 1119 1124 4434 1118 1123 4435 1117 1122 4436 1115 1120 4437 1120 1125 4438 1114 1119 4439 1121 1126 4440 1114 1119 4441 1120 1125 4442 1114 1119 4443 1121 1126 4444 1117 1122 4445 1120 1125 4446 1122 1127 4447 1121 1126 4448 1123 1128 4449 1121 1126 4450 1122 1127 4451 1121 1126 4452 1123 1128 4453 1124 1129 4454 1124 1129 4455 1117 1122 4456 1121 1126 4457 1117 1122 4458 1124 1129 4459 1119 1124 4460 1125 1130 4461 1124 1129 4462 1123 1128 4463 1125 1130 4464 1126 1131 4465 1124 1129 4466 1127 1132 4467 1124 1129 4468 1126 1131 4469 1127 1132 4470 1119 1124 4471 1124 1129 4472 1122 1127 4473 1128 1133 4474 1123 1128 4475 1129 1134 4476 1123 1128 4477 1128 1133 4478 1123 1128 4479 1129 1134 4480 1125 1130 4481 1128 1133 4482 1130 1135 4483 1129 1134 4484 1131 1136 4485 1129 1134 4486 1130 1135 4487 1131 1136 4488 1130 1135 4489 1132 1137 4490 1132 1137 4491 1133 1138 4492 1131 1136 4493 1134 1139 4494 1131 1136 4495 1133 1138 4496 1135 1140 4497 1132 1137 4498 1130 1135 4499 1134 1139 4500 1136 1141 4501 1131 1136 4502 1129 1134 4503 1131 1136 4504 1136 1141 4505 1136 1141 4506 1125 1130 4507 1129 1134 4508 1125 1130 4509 1136 1141 4510 1126 1131 4511 1136 1141 4512 1134 1139 4513 1137 1142 4514 1137 1142 4515 1126 1131 4516 1136 1141 4517 1138 1143 4518 1137 1142 4519 1134 1139 4520 1134 1139 4521 1133 1138 4522 1138 1143 4523 1137 1142 4524 1138 1143 4525 1139 1144 4526 1139 1144 4527 1126 1131 4528 1137 1142 4529 1140 1145 4530 1141 1146 4531 1142 1147 4532 1143 1148 4533 1142 1147 4534 1141 1146 4535 1142 1147 4536 1143 1148 4537 1144 1149 4538 1142 1147 4539 1144 1149 4540 1145 1150 4541 1146 1151 4542 1145 1150 4543 1144 1149 4544 1145 1150 4545 1146 1151 4546 1147 1152 4547 1148 1153 4548 1147 1152 4549 1146 1151 4550 1141 1146 4551 1149 1154 4552 1143 1148 4553 1150 1155 4554 1143 1148 4555 1149 1154 4556 1144 1149 4557 1143 1148 4558 1150 1155 4559 1149 1154 4560 1151 1156 4561 1150 1155 4562 1148 1153 4563 1152 1157 4564 1147 1152 4565 1153 1158 4566 1147 1152 4567 1152 1157 4568 1152 1157 4569 1154 1159 4570 1153 1158 4571 1155 1160 4572 1153 1158 4573 1154 1159 4574 1156 1161 4575 1155 1160 4576 1154 1159 4577 1156 1161 4578 1157 1162 4579 1155 1160 4580 1158 1163 4581 1155 1160 4582 1157 1162 4583 1157 1162 4584 1156 1161 4585 1159 1164 4586 1160 1165 4587 1159 1164 4588 1156 1161 4589 1156 1161 4590 1154 1159 4591 1160 1165 4592 1161 1166 4593 1159 1164 4594 1160 1165 4595 1162 1167 4596 1163 1168 4597 1164 1169 4598 1165 1170 4599 1164 1169 4600 1163 1168 4601 1164 1169 4602 1165 1170 4603 1166 1171 4604 1167 1172 4605 1166 1171 4606 1165 1170 4607 1164 1169 4608 1168 1173 4609 1162 1167 4610 1169 1174 4611 1162 1167 4612 1168 1173 4613 1163 1168 4614 1170 1175 4615 1165 1170 4616 1171 1176 4617 1165 1170 4618 1170 1175 4619 1165 1170 4620 1171 1176 4621 1167 1172 4622 1170 1175 4623 1172 1177 4624 1171 1176 4625 1173 1178 4626 1171 1176 4627 1172 1177 4628 1171 1176 4629 1173 1178 4630 1174 1179 4631 1174 1179 4632 1167 1172 4633 1171 1176 4634 1175 1180 4635 1174 1179 4636 1173 1178 4637 1166 1171 4638 1176 1181 4639 1164 1169 4640 1168 1173 4641 1164 1169 4642 1176 1181 4643 1173 1178 4644 1177 1182 4645 1175 1180 4646 1178 1183 4647 1175 1180 4648 1177 1182 4649 1177 1182 4650 1179 1184 4651 1178 1183 4652 1179 1184 4653 1177 1182 4654 1180 1185 4655 1181 1186 4656 1180 1185 4657 1177 1182 4658 1172 1177 4659 1181 1186 4660 1173 1178 4661 1177 1182 4662 1173 1178 4663 1181 1186 4664 1182 1187 4665 1178 1183 4666 1179 1184 4667 1170 1175 4668 1183 1188 4669 1172 1177 4670 1184 1189 4671 1172 1177 4672 1183 1188 4673 1172 1177 4674 1184 1189 4675 1181 1186 4676 1184 1189 4677 1183 1188 4678 1185 1190 4679 1183 1188 4680 1186 1191 4681 1185 1190 4682 1184 1189 4683 1185 1190 4684 1187 1192 4685 1187 1192 4686 1181 1186 4687 1184 1189 4688 1181 1186 4689 1187 1192 4690 1180 1185 4691 1188 1193 4692 1187 1192 4693 1185 1190 4694 1188 1193 4695 1189 1194 4696 1187 1192 4697 1190 1195 4698 1187 1192 4699 1189 1194 4700 1190 1195 4701 1180 1185 4702 1187 1192 4703 1191 1196 4704 1186 1191 4705 1183 1188 4706 1192 1197 4707 1186 1191 4708 1191 1196 4709 1193 1198 4710 1186 1191 4711 1192 1197 4712 1194 1199 4713 1193 1198 4714 1192 1197 4715 1191 1196 4716 1163 1168 4717 1192 1197 4718 1162 1167 4719 1192 1197 4720 1163 1168 4721 1192 1197 4722 1162 1167 4723 1194 1199 4724 1169 1174 4725 1194 1199 4726 1162 1167 4727 1183 1188 4728 1170 1175 4729 1191 1196 4730 1163 1168 4731 1191 1196 4732 1170 1175 4733 1193 1198 4734 1194 1199 4735 1195 1200 4736 1196 1201 4737 1193 1198 4738 1195 1200 4739 1196 1201 4740 1195 1200 4741 1197 1202 4742 1196 1201 4743 1197 1202 4744 1198 1203 4745 1196 1201 4746 1198 1203 4747 1199 1204 4748 1198 1203 4749 1200 1205 4750 1199 1204 4751 1200 1205 4752 1201 1206 4753 1199 1204 4754 1202 1207 4755 1199 1204 4756 1201 1206 4757 1202 1207 4758 1201 1206 4759 1203 1208 4760 1204 1209 4761 1203 1208 4762 1201 1206 4763 1197 1202 4764 1195 1200 4765 1205 1210 4766 1206 1211 4767 1205 1210 4768 1195 1200 4769 1206 1211 4770 1207 1212 4771 1205 1210 4772 1208 1213 4773 1205 1210 4774 1207 1212 4775 1207 1212 4776 1209 1214 4777 1208 1213 4778 1210 1215 4779 1208 1213 4780 1209 1214 4781 1207 1212 4782 1206 1211 4783 1168 1173 4784 1169 1174 4785 1168 1173 4786 1206 1211 4787 1205 1210 4788 1208 1213 4789 1211 1216 4790 1212 1217 4791 1211 1216 4792 1208 1213 4793 1208 1213 4794 1210 1215 4795 1212 1217 4796 1211 1216 4797 1212 1217 4798 1213 1218 4799 1214 1219 4800 1213 1218 4801 1212 1217 4802 1212 1217 4803 1215 1220 4804 1214 1219 4805 1215 1220 4806 1212 1217 4807 1210 1215 4808 1216 1221 4809 1214 1219 4810 1215 1220 4811 1168 1173 4812 1176 1181 4813 1207 1212 4814 1209 1214 4815 1207 1212 4816 1176 1181 4817 1214 1219 4818 1216 1221 4819 1217 1222 4820 1218 1223 4821 1217 1222 4822 1216 1221 4823 1217 1222 4824 1218 1223 4825 1219 1224 4826 1219 1224 4827 1220 1225 4828 1217 1222 4829 1221 1226 4830 1217 1222 4831 1220 1225 4832 1217 1222 4833 1221 1226 4834 1214 1219 4835 1213 1218 4836 1214 1219 4837 1221 1226 4838 1222 1227 4839 1219 1224 4840 1218 1223 4841 1211 1216 4842 1213 1218 4843 1198 1203 4844 1200 1205 4845 1198 1203 4846 1213 1218 4847 1213 1218 4848 1221 1226 4849 1200 1205 4850 1201 1206 4851 1200 1205 4852 1221 1226 4853 1221 1226 4854 1220 1225 4855 1201 1206 4856 1204 1209 4857 1201 1206 4858 1220 1225 4859 1198 1203 4860 1197 1202 4861 1211 1216 4862 1205 1210 4863 1211 1216 4864 1197 1202 4865 1223 1228 4866 1224 1229 4867 1225 1230 4868 1226 1231 4869 1225 1230 4870 1224 1229 4871 1224 1229 4872 1227 1232 4873 1226 1231 4874 1228 1233 4875 1226 1231 4876 1227 1232 4877 1225 1230 4878 1229 1234 4879 1223 1228 4880 1230 1235 4881 1223 1228 4882 1229 1234 4883 1229 1234 4884 1231 1236 4885 1230 1235 4886 1232 1237 4887 1230 1235 4888 1231 1236 4889 1231 1236 4890 1233 1238 4891 1232 1237 4892 1234 1239 4893 1232 1237 4894 1233 1238 4895 1233 1238 4896 1235 1240 4897 1234 1239 4898 1236 1241 4899 1234 1239 4900 1235 1240 4901 1235 1240 4902 1237 1242 4903 1236 1241 4904 1238 1243 4905 1236 1241 4906 1237 1242 4907 1223 1228 4908 1239 1244 4909 1224 1229 4910 1240 1245 4911 1224 1229 4912 1239 1244 4913 1240 1245 4914 1239 1244 4915 1241 1246 4916 1242 1247 4917 1241 1246 4918 1239 1244 4919 1239 1244 4920 1243 1248 4921 1242 1247 4922 1244 1249 4923 1242 1247 4924 1243 1248 4925 1243 1248 4926 1245 1250 4927 1244 1249 4928 1243 1248 4929 1230 1235 4930 1245 1250 4931 1232 1237 4932 1245 1250 4933 1230 1235 4934 1246 1251 4935 1244 1249 4936 1245 1250 4937 1245 1250 4938 1247 1252 4939 1246 1251 4940 1245 1250 4941 1232 1237 4942 1247 1252 4943 1234 1239 4944 1247 1252 4945 1232 1237 4946 1248 1253 4947 1246 1251 4948 1247 1252 4949 1247 1252 4950 1249 1254 4951 1248 1253 4952 1247 1252 4953 1234 1239 4954 1249 1254 4955 1236 1241 4956 1249 1254 4957 1234 1239 4958 1250 1255 4959 1248 1253 4960 1249 1254 4961 1250 1255 4962 1249 1254 4963 1251 1256 4964 1252 1257 4965 1251 1256 4966 1249 1254 4967 1249 1254 4968 1236 1241 4969 1252 1257 4970 1238 1243 4971 1252 1257 4972 1236 1241 4973 1239 1244 4974 1223 1228 4975 1243 1248 4976 1230 1235 4977 1243 1248 4978 1223 1228 4979 1252 1257 4980 1253 1258 4981 1251 1256 4982 1253 1258 4983 1252 1257 4984 1254 1259 4985 1254 1259 4986 1255 1260 4987 1253 1258 4988 1254 1259 4989 1256 1261 4990 1255 1260 4991 1257 1262 4992 1255 1260 4993 1256 1261 4994 1256 1261 4995 1254 1259 4996 1237 1242 4997 1238 1243 4998 1237 1242 4999 1254 1259 5000 1238 1243 5001 1254 1259 5002 1252 1257 5003 1255 1260 5004 1257 1262 5005 1258 1263 5006 1259 1264 5007 1258 1263 5008 1257 1262 5009 1258 1263 5010 1259 1264 5011 1260 1265 5012 1261 1266 5013 1260 1265 5014 1259 1264 5015 1260 1265 5016 1261 1266 5017 1262 1267 5018 1263 1268 5019 1262 1267 5020 1261 1266 5021 1262 1267 5022 1263 1268 5023 1264 1269 5024 1265 1270 5025 1264 1269 5026 1263 1268 5027 1264 1269 5028 1265 1270 5029 1266 1271 5030 1267 1272 5031 1266 1271 5032 1265 1270 5033 1262 1267 5034 1264 1269 5035 1268 1273 5036 1269 1274 5037 1268 1273 5038 1264 1269 5039 1269 1274 5040 1270 1275 5041 1268 1273 5042 1271 1276 5043 1268 1273 5044 1270 1275 5045 1268 1273 5046 1271 1276 5047 1272 1277 5048 1260 1265 5049 1262 1267 5050 1272 1277 5051 1268 1273 5052 1272 1277 5053 1262 1267 5054 1273 1278 5055 1272 1277 5056 1271 1276 5057 1272 1277 5058 1273 1278 5059 1274 1279 5060 1272 1277 5061 1274 1279 5062 1260 1265 5063 1275 1280 5064 1274 1279 5065 1273 1278 5066 1274 1279 5067 1275 1280 5068 1276 1281 5069 1277 1282 5070 1276 1281 5071 1275 1280 5072 1276 1281 5073 1277 1282 5074 1253 1258 5075 1278 1283 5076 1253 1258 5077 1277 1282 5078 1278 1283 5079 1279 1284 5080 1253 1258 5081 1276 1281 5082 1253 1258 5083 1255 1260 5084 1255 1260 5085 1258 1263 5086 1276 1281 5087 1274 1279 5088 1276 1281 5089 1258 1263 5090 1258 1263 5091 1260 1265 5092 1274 1279 5093 1280 1285 5094 1281 1286 5095 1282 1287 5096 1283 1288 5097 1282 1287 5098 1281 1286 5099 1280 1285 5100 1284 1289 5101 1281 1286 5102 1285 1290 5103 1281 1286 5104 1284 1289 5105 1285 1290 5106 1286 1291 5107 1281 1286 5108 1287 1292 5109 1281 1286 5110 1286 1291 5111 1282 1287 5112 1283 1288 5113 1288 1293 5114 1289 1294 5115 1288 1293 5116 1283 1288 5117 1280 1285 5118 1290 1295 5119 1284 1289 5120 1291 1296 5121 1284 1289 5122 1290 1295 5123 1292 1297 5124 1291 1296 5125 1290 1295 5126 1292 1297 5127 1290 1295 5128 1293 1298 5129 1294 1299 5130 1293 1298 5131 1290 1295 5132 1290 1295 5133 1280 1285 5134 1294 1299 5135 1282 1287 5136 1294 1299 5137 1280 1285 5138 1293 1298 5139 1294 1299 5140 1295 1300 5141 1296 1301 5142 1295 1300 5143 1294 1299 5144 1296 1301 5145 1294 1299 5146 1297 1302 5147 1295 1300 5148 1298 1303 5149 1293 1298 5150 1293 1298 5151 1298 1303 5152 1292 1297 5153 1294 1299 5154 1282 1287 5155 1297 1302 5156 1288 1293 5157 1297 1302 5158 1282 1287 5159 1299 1304 5160 1300 1305 5161 1301 1306 5162 1302 1307 5163 1301 1306 5164 1300 1305 5165 1301 1306 5166 1303 1308 5167 1299 1304 5168 1303 1308 5169 1301 1306 5170 1304 1309 5171 1305 1310 5172 1304 1309 5173 1301 1306 5174 1306 1311 5175 1299 1304 5176 1303 1308 5177 1300 1305 5178 1307 1312 5179 1302 1307 5180 1308 1313 5181 1302 1307 5182 1307 1312 5183 1302 1307 5184 1308 1313 5185 1309 1314 5186 1302 1307 5187 1309 1314 5188 1301 1306 5189 1305 1310 5190 1301 1306 5191 1309 1314 5192 1310 1315 5193 1309 1314 5194 1308 1313 5195 1307 1312 5196 1311 1316 5197 1308 1313 5198 1312 1317 5199 1308 1313 5200 1311 1316 5201 1312 1317 5202 1313 1318 5203 1308 1313 5204 1310 1315 5205 1308 1313 5206 1313 1318 5207 1307 1319 5208 1314 1320 5209 1315 1321 5210 1316 1322 5211 1315 1321 5212 1314 1320 5213 1307 1319 5214 1317 1323 5215 1314 1320 5216 1318 1324 5217 1314 1320 5218 1317 1323 5219 1317 1323 5220 1319 1325 5221 1318 1324 5222 1319 1325 5223 1317 1323 5224 1320 1326 5225 1321 1327 5226 1320 1326 5227 1317 1323 5228 1321 1327 5229 1306 1328 5230 1320 1326 5231 1322 1329 5232 1320 1326 5233 1306 1328 5234 1323 1330 5235 1324 1331 5236 1325 1332 5237 1324 1331 5238 1326 1333 5239 1325 1332 5240 1327 1334 5241 1326 1333 5242 1324 1331 5243 1325 1332 5244 1328 1335 5245 1323 1330 5246 1329 1336 5247 1323 1330 5248 1328 1335 5249 1330 1337 5250 1331 1338 5251 1332 1339 5252 1333 1340 5253 1332 1339 5254 1331 1338 5255 1334 1341 5256 1335 1342 5257 1336 1343 5258 1337 1344 5259 1336 1343 5260 1335 1342 5261 1335 1342 5262 1338 1345 5263 1337 1344 5264 1339 1346 5265 1337 1344 5266 1338 1345 5267 1338 1345 5268 1340 1347 5269 1339 1346 5270 1341 1348 5271 1339 1346 5272 1340 1347 5273 1342 1349 5274 1343 1350 5275 1344 1351 5276 1345 1352 5277 1344 1351 5278 1343 1350 5279 1344 1351 5280 1346 1353 5281 1342 1349 5282 1347 1354 5283 1342 1349 5284 1346 1353 5285 1346 1353 5286 1348 1355 5287 1347 1354 5288 1349 1356 5289 1347 1354 5290 1348 1355 5291 1348 1355 5292 1350 1357 5293 1349 1356 5294 1347 1354 5295 1351 1358 5296 1342 1349 5297 1351 1358 5298 1347 1354 5299 1352 1359 5300 1353 1360 5301 1352 1359 5302 1347 1354 5303 1354 1361 5304 1352 1359 5305 1353 1360 5306 1355 1362 5307 1342 1349 5308 1351 1358 5309 1342 1349 5310 1355 1362 5311 1356 1363 5312 1357 1364 5313 1356 1363 5314 1355 1362 5315 1358 1365 5316 1359 1366 5317 1360 1367 5318 1361 1368 5319 1362 1369 5320 1363 1370 5321 1364 1371 5322 1363 1370 5323 1362 1369 5324 1362 1369 5325 1365 1372 5326 1364 1371 5327 1366 1373 5328 1364 1371 5329 1365 1372 5330 1365 1372 5331 1367 1374 5332 1366 1373 5333 1368 1375 5334 1366 1373 5335 1367 1374 5336 1369 1376 5337 1370 1377 5338 1371 1378 5339 1372 1379 5340 1371 1378 5341 1370 1377 5342 1371 1378 5343 1373 1380 5344 1369 1376 5345 1374 1381 5346 1369 1376 5347 1373 1380 5348 1373 1380 5349 1375 1382 5350 1374 1381 5351 1376 1383 5352 1374 1381 5353 1375 1382 5354 1375 1382 5355 1377 1384 5356 1376 1383 5357 1374 1381 5358 1378 1385 5359 1369 1376 5360 1378 1385 5361 1374 1381 5362 1379 1386 5363 1380 1387 5364 1379 1386 5365 1374 1381 5366 1381 1388 5367 1379 1386 5368 1380 1387 5369 1382 1389 5370 1369 1376 5371 1378 1385 5372 1369 1376 5373 1382 1389 5374 1383 1390 5375 1384 1391 5376 1383 1390 5377 1382 1389 5378 1385 1392 5379 1386 1393 5380 1387 1394 5381 1388 1395 5382 1389 1396 5383 1390 1397 5384 1391 1398 5385 1390 1397 5386 1389 1396 5387 1389 1396 5388 1392 1399 5389 1391 1398 5390 1393 1400 5391 1391 1398 5392 1392 1399 5393 1392 1399 5394 1394 1401 5395 1393 1400 5396 1395 1402 5397 1393 1400 5398 1394 1401 5399 1396 1403 5400 1397 1404 5401 1398 1405 5402 1399 1406 5403 1398 1405 5404 1397 1404 5405 1398 1405 5406 1400 1407 5407 1396 1403 5408 1401 1408 5409 1396 1403 5410 1400 1407 5411 1400 1407 5412 1402 1409 5413 1401 1408 5414 1403 1410 5415 1401 1408 5416 1402 1409 5417 1402 1409 5418 1404 1411 5419 1403 1410 5420 1401 1408 5421 1405 1412 5422 1396 1403 5423 1405 1412 5424 1401 1408 5425 1406 1413 5426 1407 1414 5427 1406 1413 5428 1401 1408 5429 1408 1415 5430 1406 1413 5431 1407 1414 5432 1409 1416 5433 1396 1403 5434 1405 1412 5435 1396 1403 5436 1409 1416 5437 1410 1417 5438 1411 1418 5439 1410 1417 5440 1409 1416 5441 1412 1419 5442 1413 1420 5443 1414 1421 5444 1415 1422 5445 1416 1423 5446 1417 1424 5447 1418 1425 5448 1417 1424 5449 1416 1423 5450 1416 1423 5451 1419 1426 5452 1418 1425 5453 1420 1427 5454 1418 1425 5455 1419 1426 5456 1419 1426 5457 1421 1428 5458 1420 1427 5459 1422 1429 5460 1420 1427 5461 1421 1428 5462 1423 1430 5463 1424 1431 5464 1425 1432 5465 1426 1433 5466 1425 1432 5467 1424 1431 5468 1425 1432 5469 1427 1434 5470 1423 1430 5471 1428 1435 5472 1423 1430 5473 1427 1434 5474 1427 1434 5475 1429 1436 5476 1428 1435 5477 1430 1437 5478 1428 1435 5479 1429 1436 5480 1429 1436 5481 1431 1438 5482 1430 1437 5483 1428 1435 5484 1432 1439 5485 1423 1430 5486 1432 1439 5487 1428 1435 5488 1433 1440 5489 1434 1441 5490 1433 1440 5491 1428 1435 5492 1435 1442 5493 1433 1440 5494 1434 1441 5495 1436 1443 5496 1423 1430 5497 1432 1439 5498 1423 1430 5499 1436 1443 5500 1437 1444 5501 1438 1445 5502 1437 1444 5503 1436 1443 5504 1439 1446 5505 1440 1447 5506 1441 1448 5507 1442 1449 5508 1443 1450 5509 1444 1451 5510 1445 1452 5511 1444 1451 5512 1443 1450 5513 1443 1450 5514 1446 1453 5515 1445 1452 5516 1447 1454 5517 1445 1452 5518 1446 1453 5519 1446 1453 5520 1448 1455 5521 1447 1454 5522 1449 1456 5523 1447 1454 5524 1448 1455 5525 1450 1457 5526 1451 1458 5527 1452 1459 5528 1453 1460 5529 1452 1459 5530 1451 1458 5531 1452 1459 5532 1454 1461 5533 1450 1457 5534 1455 1462 5535 1450 1457 5536 1454 1461 5537 1454 1461 5538 1456 1463 5539 1455 1462 5540 1457 1464 5541 1455 1462 5542 1456 1463 5543 1456 1463 5544 1458 1465 5545 1457 1464 5546 1455 1462 5547 1459 1466 5548 1450 1457 5549 1459 1466 5550 1455 1462 5551 1460 1467 5552 1461 1468 5553 1460 1467 5554 1455 1462 5555 1462 1469 5556 1460 1467 5557 1461 1468 5558 1463 1470 5559 1450 1457 5560 1459 1466 5561 1450 1457 5562 1463 1470 5563 1464 1471 5564 1465 1472 5565 1464 1471 5566 1463 1470 5567 1466 1473 5568 1467 1474 5569 1468 1475 5570 1469 1476 5571 1470 1477 5572 1471 1478 5573 1472 1479 5574 1471 1478 5575 1470 1477 5576 1470 1477 5577 1473 1480 5578 1472 1479 5579 1474 1481 5580 1472 1479 5581 1473 1480 5582 1473 1480 5583 1475 1482 5584 1474 1481 5585 1476 1483 5586 1474 1481 5587 1475 1482 5588 1477 1484 5589 1478 1485 5590 1479 1486 5591 1480 1487 5592 1479 1486 5593 1478 1485 5594 1478 1485 5595 1481 1488 5596 1480 1487 5597 1482 1489 5598 1480 1487 5599 1481 1488 5600 1481 1488 5601 1483 1490 5602 1482 1489 5603 1484 1491 5604 1482 1489 5605 1483 1490 5606 1483 1490 5607 1485 1492 5608 1484 1491 5609 1482 1489 5610 1486 1493 5611 1480 1487 5612 1486 1493 5613 1482 1489 5614 1487 1494 5615 1488 1495 5616 1487 1494 5617 1482 1489 5618 1489 1496 5619 1487 1494 5620 1488 1495 5621 1490 1497 5622 1480 1487 5623 1486 1493 5624 1480 1487 5625 1490 1497 5626 1491 1498 5627 1492 1499 5628 1491 1498 5629 1490 1497 5630 1493 1500 5631 1494 1066 5632 1495 1501 5633 1496 1502 5634 1495 1501 5635 1494 1066 5636 1496 1502 5637 1497 1503 5638 1495 1501 5639 1498 1504 5640 1495 1501 5641 1497 1503 5642 1499 1505 5643 1500 1506 5644 1501 1507 5645 1502 1508 5646 1501 1507 5647 1500 1506 5648 1500 1506 5649 1499 1505 5650 1503 1509 5651 1503 1509 5652 1499 1505 5653 1504 1510 5654 1505 1511 5655 1503 1509 5656 1504 1510 5657 1506 1512 5658 1507 1513 5659 1508 1514 5660 1509 1515 5661 1508 1514 5662 1507 1513 5663 1506 1512 5664 1508 1514 5665 1510 1516 5666 1511 1517 5667 1510 1516 5668 1508 1514 5669 1507 1513 5670 1512 1518 5671 1509 1515 5672 1513 1519 5673 1509 1515 5674 1512 1518 5675 1512 1518 5676 1514 1520 5677 1513 1519 5678 1515 1521 5679 1513 1519 5680 1514 1520 5681 1514 1520 5682 1516 1522 5683 1515 1521 5684 1517 1523 5685 1515 1521 5686 1516 1522 5687 1508 1514 5688 1509 1515 5689 1518 1524 5690 1508 1514 5691 1518 1524 5692 1511 1517 5693 1519 1525 5694 1518 1524 5695 1509 1515 5696 1509 1515 5697 1513 1519 5698 1519 1525 5699 1520 1526 5700 1511 1517 5701 1518 1524 5702 1515 1521 5703 1517 1523 5704 1521 1527 5705 1522 1528 5706 1521 1527 5707 1517 1523 5708 1513 1519 5709 1515 1521 5710 1523 1529 5711 1521 1527 5712 1523 1529 5713 1515 1521 5714 1523 1529 5715 1519 1525 5716 1513 1519 5717 1518 1524 5718 1519 1525 5719 1524 1530 5720 1518 1524 5721 1524 1530 5722 1520 1526 5723 1525 1531 5724 1524 1530 5725 1519 1525 5726 1519 1525 5727 1523 1529 5728 1525 1531 5729 1526 1532 5730 1520 1526 5731 1524 1530 5732 1521 1527 5733 1522 1528 5734 1527 1533 5735 1528 1534 5736 1527 1533 5737 1522 1528 5738 1523 1529 5739 1521 1527 5740 1529 1535 5741 1527 1533 5742 1529 1535 5743 1521 1527 5744 1529 1535 5745 1525 1531 5746 1523 1529 5747 1530 1536 5748 1524 1530 5749 1525 1531 5750 1531 1537 5751 1526 1532 5752 1524 1530 5753 1530 1536 5754 1531 1537 5755 1524 1530 5756 1532 1538 5757 1527 1533 5758 1528 1534 5759 1533 1539 5760 1529 1535 5761 1527 1533 5762 1533 1539 5763 1525 1531 5764 1529 1535 5765 1532 1538 5766 1533 1539 5767 1527 1533 5768 1530 1536 5769 1525 1531 5770 1533 1539 5771 1530 1536 5772 1534 1540 5773 1531 1537 5774 1530 1536 5775 1533 1539 5776 1534 1540 5777 1535 1541 5778 1531 1537 5779 1534 1540 5780 1533 1539 5781 1532 1538 5782 1536 1542 5783 1536 1542 5784 1534 1540 5785 1533 1539 5786 1537 1543 5787 1536 1542 5788 1532 1538 5789 1538 1544 5790 1535 1541 5791 1534 1540 5792 1538 1544 5793 1536 1542 5794 1537 1543 5795 1538 1544 5796 1534 1540 5797 1536 1542 5798 1537 1543 5799 1532 1538 5800 1539 1545 5801 1538 1544 5802 1537 1543 5803 1539 1545 5804 1540 1546 5805 1539 1545 5806 1532 1538 5807 1532 1538 5808 1528 1534 5809 1540 1546 5810 1540 1546 5811 1528 1534 5812 1541 1547 5813 1528 1534 5814 1522 1528 5815 1541 1547 5816 1542 1548 5817 1541 1547 5818 1522 1528 5819 1522 1528 5820 1517 1523 5821 1542 1548 5822 1543 1549 5823 1542 1548 5824 1517 1523 5825 1517 1523 5826 1516 1522 5827 1543 1549 5828 1544 1550 5829 1543 1549 5830 1516 1522 5831 1545 1551 5832 1546 1552 5833 1547 1553 5834 1548 1554 5835 1547 1553 5836 1546 1552 5837 1548 1554 5838 1549 1555 5839 1547 1553 5840 1550 1556 5841 1547 1553 5842 1549 1555 5843 1549 1555 5844 1551 1557 5845 1550 1556 5846 1552 1558 5847 1550 1556 5848 1551 1557 5849 1545 1551 5850 1547 1553 5851 1553 1559 5852 1554 1560 5853 1553 1559 5854 1547 1553 5855 1547 1553 5856 1550 1556 5857 1554 1560 5858 1553 1559 5859 1554 1560 5860 1555 1561 5861 1556 1562 5862 1555 1561 5863 1554 1560 5864 1554 1560 5865 1557 1563 5866 1556 1562 5867 1557 1563 5868 1554 1560 5869 1550 1556 5870 1550 1556 5871 1552 1558 5872 1557 1563 5873 1558 1564 5874 1556 1562 5875 1557 1563 5876 1558 1564 5877 1557 1563 5878 1559 1565 5879 1560 1566 5880 1559 1565 5881 1557 1563 5882 1560 1566 5883 1557 1563 5884 1552 1558 5885 1555 1561 5886 1556 1562 5887 1561 1567 5888 1562 1568 5889 1561 1567 5890 1556 1562 5891 1556 1562 5892 1558 1564 5893 1562 1568 5894 1561 1567 5895 1562 1568 5896 1563 1569 5897 1564 1570 5898 1563 1569 5899 1562 1568 5900 1564 1570 5901 1565 1571 5902 1563 1569 5903 1565 1571 5904 1564 1570 5905 1566 1572 5906 1567 1573 5907 1566 1572 5908 1564 1570 5909 1568 1574 5910 1563 1569 5911 1565 1571 5912 1562 1568 5913 1569 1575 5914 1564 1570 5915 1567 1573 5916 1564 1570 5917 1569 1575 5918 1569 1575 5919 1562 1568 5920 1558 1564 5921 1558 1564 5922 1559 1565 5923 1569 1575 5924 1569 1575 5925 1570 1576 5926 1567 1573 5927 1570 1576 5928 1569 1575 5929 1559 1565 5930 1571 1577 5931 1567 1573 5932 1570 1576 5933 1566 1572 5934 1567 1573 5935 1571 1577 5936 1571 1577 5937 1570 1576 5938 1572 1578 5939 1559 1565 5940 1572 1578 5941 1570 1576 5942 1573 1579 5943 1574 1580 5944 1575 1581 5945 1576 1582 5946 1575 1581 5947 1574 1580 5948 1576 1582 5949 1574 1580 5950 1577 1583 5951 1578 1584 5952 1577 1583 5953 1574 1580 5954 1578 1584 5955 1574 1580 5956 1579 1585 5957 1580 1586 5958 1579 1585 5959 1574 1580 5960 1575 1581 5961 1581 1587 5962 1573 1579 5963 1582 1588 5964 1573 1579 5965 1581 1587 5966 1576 1582 5967 1577 1583 5968 1583 1589 5969 1584 1590 5970 1583 1589 5971 1577 1583 5972 1584 1590 5973 1585 1591 5974 1583 1589 5975 1585 1591 5976 1586 1592 5977 1583 1589 5978 1587 1593 5979 1583 1589 5980 1586 1592 5981 1575 1581 5982 1576 1582 5983 1587 1593 5984 1583 1589 5985 1587 1593 5986 1576 1582 5987 1586 1592 5988 1588 1594 5989 1587 1593 5990 1589 1595 5991 1587 1593 5992 1588 1594 5993 1587 1593 5994 1589 1595 5995 1590 1596 5996 1591 1597 5997 1588 1594 5998 1586 1592 5999 1591 1597 6000 1586 1592 6001 1585 1591 6002 1581 1587 6003 1575 1581 6004 1590 1596 6005 1587 1593 6006 1590 1596 6007 1575 1581 6008 1592 1598 6009 1593 1599 6010 1594 1600 6011 1595 1601 6012 1594 1600 6013 1593 1599 6014 1593 1599 6015 1596 1602 6016 1595 1601 6017 1597 1603 6018 1595 1601 6019 1596 1602 6020 1596 1602 6021 1598 1604 6022 1597 1603 6023 1599 1605 6024 1597 1603 6025 1598 1604 6026 1600 1606 6027 1599 1605 6028 1598 1604 6029 1595 1601 6030 252 252 6031 1594 1600 6032 253 253 6033 1594 1600 6034 252 252 6035 1594 1600 6036 253 253 6037 1601 1607 6038 1594 1600 6039 1601 1607 6040 1592 1598 6041 255 255 6042 1601 1607 6043 253 253 6044 1597 1603 6045 256 256 6046 1595 1601 6047 252 252 6048 1595 1601 6049 256 256 6050 1599 1605 6051 257 257 6052 1597 1603 6053 256 256 6054 1597 1603 6055 257 257 6056 1602 1608 6057 1592 1598 6058 1601 1607 6059 1602 1608 6060 1603 1609 6061 1592 1598 6062 1604 1610 6063 1592 1598 6064 1603 1609 6065 1604 1610 6066 1603 1609 6067 226 226 6068 226 226 6069 227 227 6070 1604 1610 6071 1605 1611 6072 1604 1610 6073 227 227 6074 227 227 6075 229 229 6076 1605 1611 6077 1606 1612 6078 1605 1611 6079 229 229 6080 229 229 6081 231 231 6082 1606 1612 6083 1607 1613 6084 1606 1612 6085 231 231 6086 233 233 6087 1607 1613 6088 231 231 6089 234 234 6090 226 226 6091 1603 1609 6092 1605 1611 6093 1593 1599 6094 1604 1610 6095 1592 1598 6096 1604 1610 6097 1593 1599 6098 1606 1612 6099 1596 1602 6100 1605 1611 6101 1593 1599 6102 1605 1611 6103 1596 1602 6104 1607 1613 6105 1598 1604 6106 1606 1612 6107 1596 1602 6108 1606 1612 6109 1598 1604 6110 1600 1606 6111 1607 1613 6112 233 233 6113 1598 1604 6114 1607 1613 6115 1600 1606 6116 235 235 6117 1600 1606 6118 233 233 6119 235 235 6120 239 239 6121 1600 1606 6122 239 239 6123 243 243 6124 1600 1606 6125 243 243 6126 1599 1605 6127 1600 1606 6128 257 257 6129 1599 1605 6130 243 243 6131 1608 1614 6132 1609 1615 6133 1610 1616 6134 1611 1617 6135 1610 1616 6136 1609 1615 6137 1610 1616 6138 1611 1617 6139 1612 1618 6140 1612 1618 6141 1613 1619 6142 1610 1616 6143 1614 1620 6144 1610 1616 6145 1613 1619 6146 1615 1621 6147 1612 1618 6148 1611 1617 6149 1609 1615 6150 1608 1614 6151 1616 1622 6152 1617 1623 6153 1616 1622 6154 1608 1614 6155 1608 1614 6156 1618 1624 6157 1617 1623 6158 1614 1620 6159 1618 1624 6160 1610 1616 6161 1608 1614 6162 1610 1616 6163 1618 1624 6164 1619 1625 6165 1617 1623 6166 1618 1624 6167 1616 1622 6168 1617 1623 6169 1620 1626 6170 1621 1627 6171 1620 1626 6172 1617 1623 6173 1619 1625 6174 1622 1628 6175 1617 1623 6176 1621 1627 6177 1617 1623 6178 1622 1628 6179 1616 1629 6180 1623 1630 6181 1624 1631 6182 1625 1632 6183 1624 1631 6184 1623 1630 6185 1616 1629 6186 1624 1631 6187 1626 1633 6188 1627 1634 6189 1626 1633 6190 1624 1631 6191 1628 1635 6192 1626 1633 6193 1627 1634 6194 1628 1635 6195 1629 1636 6196 1626 1633 6197 1630 1637 6198 1626 1633 6199 1629 1636 6200 1630 1637 6201 1629 1636 6202 1615 1638 6203 1631 1639 6204 1615 1638 6205 1629 1636 6206 1632 1640 6207 1633 1641 6208 1634 1642 6209 1633 1641 6210 1635 1643 6211 1634 1642 6212 1635 1643 6213 1636 1644 6214 1634 1642 6215 1633 1641 6216 1632 1640 6217 1637 1645 6218 1638 1646 6219 1637 1645 6220 1632 1640 6221 1639 1647 6222 1640 1648 6223 1641 1649 6224 1642 1650 6225 1641 1649 6226 1640 1648 6227 1643 1651 6228 1644 1652 6229 1645 1653 6230 1646 1654 6231 1645 1653 6232 1644 1652 6233 1644 1652 6234 1643 1651 6235 1647 1655 6236 1648 1656 6237 1647 1655 6238 1643 1651 6239 1647 1655 6240 1648 1656 6241 1649 1657 6242 1650 1658 6243 1649 1657 6244 1648 1656 6245 1651 1659 6246 1652 1660 6247 1653 1661 6248 1654 1662 6249 1655 1663 6250 1656 1664 6251 1657 1665 6252 1656 1664 6253 1655 1663 6254 1655 1663 6255 1654 1662 6256 1658 1666 6257 1659 1667 6258 1658 1666 6259 1654 1662 6260 1658 1666 6261 1659 1667 6262 1660 1668 6263 1661 1669 6264 1660 1668 6265 1659 1667 6266 1662 1670 6267 1663 1671 6268 1664 1672 6269 1665 1673 6270 1666 1674 6271 1667 1675 6272 1668 1676 6273 1667 1675 6274 1666 1674 6275 1666 1674 6276 1665 1673 6277 1669 1677 6278 1670 1678 6279 1669 1677 6280 1665 1673 6281 1669 1677 6282 1670 1678 6283 1671 1679 6284 1672 1680 6285 1671 1679 6286 1670 1678 6287 1673 1681 6288 1674 1682 6289 1675 1683 6290 1676 1684 6291 1677 1685 6292 1678 1686 6293 1679 1687 6294 1678 1686 6295 1677 1685 6296 1677 1685 6297 1676 1684 6298 1680 1688 6299 1681 1689 6300 1680 1688 6301 1676 1684 6302 1680 1688 6303 1681 1689 6304 1682 1690 6305 1683 1691 6306 1682 1690 6307 1681 1689 6308 1684 1692 6309 1685 1693 6310 1686 1694 6311 1687 1695 6312 1688 1696 6313 1689 1697 6314 1690 1698 6315 1689 1697 6316 1688 1696 6317 1688 1696 6318 1687 1695 6319 1691 1699 6320 1692 1700 6321 1691 1699 6322 1687 1695 6323 1691 1699 6324 1692 1700 6325 1693 1701 6326 1694 1702 6327 1693 1701 6328 1692 1700 6329 1695 1703 6330 1696 1704 6331 1697 1705 6332 1698 1706 6333 1699 1707 6334 1700 1708 6335 1701 1709 6336 1700 1708 6337 1699 1707 6338 1699 1707 6339 1698 1706 6340 1702 1710 6341 1703 1711 6342 1702 1710 6343 1698 1706 6344 1702 1710 6345 1703 1711 6346 1704 1712 6347 1705 1713 6348 1704 1712 6349 1703 1711 6350 1706 1714 6351 1707 1714 6352 1708 1714 6353 1709 1715 6354 1710 1716 6355 1711 1717 6356 1712 1718 6357 1711 1717 6358 1710 1716 6359 1709 1715 6360 1711 1717 6361 1713 1719 6362 1714 1720 6363 1713 1719 6364 1711 1717 6365 1715 1721 6366 1716 1722 6367 1717 1723 6368 1718 1724 6369 1717 1723 6370 1716 1722 6371 1718 1724 6372 1716 1722 6373 1719 1725 6374 1720 1726 6375 1718 1724 6376 1719 1725 6377 1721 1727 6378 1720 1726 6379 1719 1725 6380 1169 1174 6381 1206 1211 6382 1194 1199 6383 1195 1200 6384 1194 1199 6385 1206 1211 6386 1722 1728 6387 1723 1729 6388 1724 1730 6389 1725 1731 6390 1724 1730 6391 1723 1729 6392 1722 1728 6393 1724 1730 6394 1726 1732 6395 1727 1733 6396 1726 1732 6397 1724 1730 6398 1723 1729 6399 1728 1734 6400 1725 1731 6401 1729 1735 6402 1725 1731 6403 1728 1734 6404 1728 1734 6405 1730 1736 6406 1729 1735 6407 1731 1737 6408 1729 1735 6409 1730 1736 6410 1730 1736 6411 1732 1738 6412 1731 1737 6413 1733 1739 6414 1731 1737 6415 1732 1738 6416 1724 1730 6417 1725 1731 6418 1734 1740 6419 1724 1730 6420 1734 1740 6421 1727 1733 6422 1735 1741 6423 1734 1740 6424 1725 1731 6425 1725 1731 6426 1729 1735 6427 1735 1741 6428 1736 1742 6429 1727 1733 6430 1734 1740 6431 1731 1737 6432 1733 1739 6433 1737 1743 6434 1738 1744 6435 1737 1743 6436 1733 1739 6437 1729 1735 6438 1731 1737 6439 1739 1745 6440 1737 1743 6441 1739 1745 6442 1731 1737 6443 1739 1745 6444 1735 1741 6445 1729 1735 6446 1734 1740 6447 1735 1741 6448 1740 1746 6449 1734 1740 6450 1740 1746 6451 1736 1742 6452 1741 1747 6453 1740 1746 6454 1735 1741 6455 1735 1741 6456 1739 1745 6457 1741 1747 6458 1742 1748 6459 1736 1742 6460 1740 1746 6461 1737 1743 6462 1738 1744 6463 1743 1749 6464 1744 1750 6465 1743 1749 6466 1738 1744 6467 1739 1745 6468 1737 1743 6469 1745 1751 6470 1743 1749 6471 1745 1751 6472 1737 1743 6473 1745 1751 6474 1741 1747 6475 1739 1745 6476 1746 1752 6477 1740 1746 6478 1741 1747 6479 1747 1753 6480 1742 1748 6481 1740 1746 6482 1746 1752 6483 1747 1753 6484 1740 1746 6485 1748 1754 6486 1743 1749 6487 1744 1750 6488 1749 1755 6489 1745 1751 6490 1743 1749 6491 1749 1755 6492 1741 1747 6493 1745 1751 6494 1748 1754 6495 1749 1755 6496 1743 1749 6497 1746 1752 6498 1741 1747 6499 1749 1755 6500 1746 1752 6501 1750 1756 6502 1747 1753 6503 1746 1752 6504 1749 1755 6505 1750 1756 6506 1751 1757 6507 1747 1753 6508 1750 1756 6509 1749 1755 6510 1748 1754 6511 1752 1758 6512 1752 1758 6513 1750 1756 6514 1749 1755 6515 1753 1759 6516 1752 1758 6517 1748 1754 6518 1754 1760 6519 1751 1757 6520 1750 1756 6521 1754 1760 6522 1752 1758 6523 1753 1759 6524 1754 1760 6525 1750 1756 6526 1752 1758 6527 1753 1759 6528 1748 1754 6529 1755 1761 6530 1754 1760 6531 1753 1759 6532 1755 1761 6533 1756 1762 6534 1755 1761 6535 1748 1754 6536 1748 1754 6537 1744 1750 6538 1756 1762 6539 1756 1762 6540 1744 1750 6541 1757 1763 6542 1744 1750 6543 1738 1744 6544 1757 1763 6545 1758 1764 6546 1757 1763 6547 1738 1744 6548 1738 1744 6549 1733 1739 6550 1758 1764 6551 1759 1765 6552 1758 1764 6553 1733 1739 6554 1733 1739 6555 1732 1738 6556 1759 1765 6557 1760 1766 6558 1759 1765 6559 1732 1738 6560 1761 1767 6561 1762 1768 6562 1763 1769 6563 1764 1770 6564 1763 1769 6565 1762 1768 6566 1764 1770 6567 1765 1771 6568 1763 1769 6569 1766 1772 6570 1763 1769 6571 1765 1771 6572 1765 1771 6573 1767 1773 6574 1766 1772 6575 1768 1774 6576 1766 1772 6577 1767 1773 6578 1761 1767 6579 1763 1769 6580 1769 1775 6581 1770 1776 6582 1769 1775 6583 1763 1769 6584 1763 1769 6585 1766 1772 6586 1770 1776 6587 1769 1775 6588 1770 1776 6589 1771 1777 6590 1772 1778 6591 1771 1777 6592 1770 1776 6593 1770 1776 6594 1773 1779 6595 1772 1778 6596 1773 1779 6597 1770 1776 6598 1766 1772 6599 1766 1772 6600 1768 1774 6601 1773 1779 6602 1774 1780 6603 1772 1778 6604 1773 1779 6605 1774 1780 6606 1773 1779 6607 1775 1781 6608 1776 1782 6609 1775 1781 6610 1773 1779 6611 1776 1782 6612 1773 1779 6613 1768 1774 6614 1771 1777 6615 1772 1778 6616 1777 1783 6617 1778 1784 6618 1777 1783 6619 1772 1778 6620 1772 1778 6621 1774 1780 6622 1778 1784 6623 1777 1783 6624 1778 1784 6625 1779 1785 6626 1780 1786 6627 1779 1785 6628 1778 1784 6629 1780 1786 6630 1781 1787 6631 1779 1785 6632 1781 1787 6633 1780 1786 6634 1782 1788 6635 1783 1789 6636 1782 1788 6637 1780 1786 6638 1784 1790 6639 1779 1785 6640 1781 1787 6641 1778 1784 6642 1785 1791 6643 1780 1786 6644 1783 1789 6645 1780 1786 6646 1785 1791 6647 1785 1791 6648 1778 1784 6649 1774 1780 6650 1774 1780 6651 1775 1781 6652 1785 1791 6653 1785 1791 6654 1786 1792 6655 1783 1789 6656 1786 1792 6657 1785 1791 6658 1775 1781 6659 1787 1793 6660 1783 1789 6661 1786 1792 6662 1782 1788 6663 1783 1789 6664 1787 1793 6665 1787 1793 6666 1786 1792 6667 1788 1794 6668 1775 1781 6669 1788 1794 6670 1786 1792 6671 1789 1795 6672 1790 1796 6673 1791 1797 6674 1792 1798 6675 1791 1797 6676 1790 1796 6677 1789 1795 6678 1791 1797 6679 1793 1799 6680 1791 1797 6681 1794 1800 6682 1793 1799 6683 1795 1801 6684 1793 1799 6685 1794 1800 6686 1794 1800 6687 1796 1802 6688 1795 1801 6689 1797 1803 6690 1795 1801 6691 1796 1802 6692 1790 1796 6693 1789 1795 6694 1798 1804 6695 1799 1805 6696 1798 1804 6697 1789 1795 6698 1789 1795 6699 1793 1799 6700 1799 1805 6701 1800 1806 6702 1798 1804 6703 1799 1805 6704 1801 1807 6705 1802 1808 6706 1803 1809 6707 1801 1807 6708 1803 1809 6709 1804 1810 6710 1801 1807 6711 1805 1811 6712 1802 1808 6713 1805 1811 6714 1801 1807 6715 1806 1812 6716 1806 1812 6717 1801 1807 6718 1807 1813 6719 1807 1813 6720 1801 1807 6721 1808 1814 6722 1801 1807 6723 1809 1815 6724 1808 1814 6725 1801 1807 6726 1810 1816 6727 1809 1815 6728 1801 1807 6729 1811 1817 6730 1810 1816 6731 1812 1818 6732 1813 1819 6733 1814 1820 6734 1815 1821 6735 1814 1820 6736 1813 1819 6737 1814 1820 6738 1816 1822 6739 1812 1818 6740 1816 1822 6741 1817 1823 6742 1812 1818 6743 1818 1824 6744 1812 1818 6745 1817 1823 6746 1817 1823 6747 1819 1825 6748 1818 1824 6749 1818 1824 6750 1819 1825 6751 1820 1826 6752 1821 1827 6753 1820 1826 6754 1819 1825 6755 1812 1818 6756 1818 1824 6757 1822 1828 6758 1812 1818 6759 1822 1828 6760 1813 1819 6761 1823 1829 6762 1822 1828 6763 1818 1824 6764 1823 1829 6765 1818 1824 6766 1824 1830 6767 1820 1826 6768 1824 1830 6769 1818 1824 6770 1825 1831 6771 1813 1819 6772 1822 1828 6773 1815 1821 6774 1813 1819 6775 1826 1832 6776 1827 1833 6777 1826 1832 6778 1813 1819 6779 1828 1834 6780 1826 1832 6781 1827 1833 6782 1828 1834 6783 1827 1833 6784 1829 1835 6785 1830 1836 6786 1829 1835 6787 1827 1833 6788 1831 1837 6789 1829 1835 6790 1830 1836 6791 1830 1836 6792 1832 1838 6793 1831 1837 6794 1833 1839 6795 1831 1837 6796 1832 1838 6797 1833 1839 6798 1832 1838 6799 1834 1840 6800 1835 1841 6801 1834 1840 6802 1832 1838 6803 1836 1842 6804 1834 1840 6805 1835 1841 6806 1835 1841 6807 1837 1843 6808 1836 1842 6809 1838 1844 6810 1836 1842 6811 1837 1843 6812 1839 1845 6813 1838 1844 6814 1837 1843 6815 1837 1843 6816 1840 1846 6817 1839 1845 6818 1841 1847 6819 1839 1845 6820 1840 1846 6821 1837 1843 6822 1835 1841 6823 1842 1848 6824 1837 1843 6825 1842 1848 6826 1840 1846 6827 1843 1849 6828 1842 1848 6829 1835 1841 6830 1843 1849 6831 1835 1841 6832 1844 1850 6833 1832 1838 6834 1844 1850 6835 1835 1841 6836 1832 1838 6837 1830 1836 6838 1844 1850 6839 1845 1851 6840 1840 1846 6841 1842 1848 6842 1846 1852 6843 1844 1850 6844 1830 1836 6845 1846 1852 6846 1830 1836 6847 1847 1853 6848 1827 1833 6849 1847 1853 6850 1830 1836 6851 1827 1833 6852 1813 1819 6853 1847 1853 6854 1825 1831 6855 1847 1853 6856 1813 1819 6857 1848 1854 6858 1849 1855 6859 1850 1856 6860 1851 1857 6861 1850 1856 6862 1849 1855 6863 1850 1856 6864 1852 1858 6865 1848 1854 6866 1853 1859 6867 1848 1854 6868 1852 1858 6869 1850 1856 6870 1851 1857 6871 1854 1860 6872 1855 1861 6873 1854 1860 6874 1851 1857 6875 1849 1855 6876 1848 1854 6877 1856 1862 6878 1857 1863 6879 1856 1862 6880 1848 1854 6881 1848 1854 6882 1853 1859 6883 1857 1863 6884 1856 1862 6885 1857 1863 6886 1858 1864 6887 1859 1865 6888 1858 1864 6889 1857 1863 6890 1857 1863 6891 1860 1866 6892 1859 1865 6893 1860 1866 6894 1857 1863 6895 1853 1859 6896 1861 1867 6897 1859 1865 6898 1860 1866 6899 1854 1860 6900 1862 1868 6901 1850 1856 6902 1852 1858 6903 1850 1856 6904 1862 1868 6905 1859 1865 6906 1861 1867 6907 1863 1869 6908 1864 1870 6909 1863 1869 6910 1861 1867 6911 1863 1869 6912 1864 1870 6913 1865 1871 6914 1865 1871 6915 1866 1872 6916 1863 1869 6917 1867 1873 6918 1863 1869 6919 1866 1872 6920 1863 1869 6921 1867 1873 6922 1859 1865 6923 1858 1864 6924 1859 1865 6925 1867 1873 6926 1868 1874 6927 1865 1871 6928 1864 1870 6929 1856 1862 6930 1858 1864 6931 1869 1875 6932 1870 1876 6933 1869 1875 6934 1858 1864 6935 1858 1864 6936 1867 1873 6937 1870 1876 6938 1869 1875 6939 1870 1876 6940 1871 1877 6941 1872 1878 6942 1869 1875 6943 1871 1877 6944 1870 1876 6945 1873 1879 6946 1871 1877 6947 1873 1879 6948 1870 1876 6949 1867 1873 6950 1867 1873 6951 1866 1872 6952 1873 1879 6953 1874 1880 6954 1871 1877 6955 1873 1879 6956 1874 1880 6957 1873 1879 6958 1875 1881 6959 1876 1882 6960 1875 1881 6961 1873 1879 6962 1876 1882 6963 1873 1879 6964 1866 1872 6965 1872 1878 6966 1877 1883 6967 1869 1875 6968 1872 1878 6969 1878 1884 6970 1877 1883 6971 1872 1878 6972 1879 1885 6973 1878 1884 6974 1879 1885 6975 1880 1886 6976 1878 1884 6977 1877 1883 6978 1878 1884 6979 1849 1855 6980 1851 1857 6981 1849 1855 6982 1878 1884 6983 1878 1884 6984 1880 1886 6985 1851 1857 6986 1855 1861 6987 1851 1857 6988 1880 1886 6989 1849 1855 6990 1856 1862 6991 1877 1883 6992 1869 1875 6993 1877 1883 6994 1856 1862 6995 1881 1887 6996 1882 1888 6997 1883 1889 6998 1884 1890 6999 1883 1889 7000 1882 1888 7001 1882 1888 7002 1881 1887 7003 1885 1891 7004 1886 1892 7005 1885 1891 7006 1881 1887 7007 1883 1889 7008 1884 1890 7009 1887 1893 7010 1888 1894 7011 1887 1893 7012 1884 1890 7013 1887 1893 7014 1888 1894 7015 1889 1895 7016 1890 1896 7017 1889 1895 7018 1888 1894 7019 1889 1895 7020 1890 1896 7021 1891 1897 7022 1892 1898 7023 1891 1897 7024 1890 1896 7025 1891 1897 7026 1892 1898 7027 1893 1899 7028 1894 1900 7029 1893 1899 7030 1892 1898 7031 1893 1899 7032 1894 1900 7033 1895 1901 7034 1896 1902 7035 1895 1901 7036 1894 1900 7037 1884 1890 7038 1882 1888 7039 1897 1903 7040 1898 1904 7041 1897 1903 7042 1882 1888 7043 1898 1904 7044 1899 1905 7045 1897 1903 7046 1900 1906 7047 1897 1903 7048 1899 1905 7049 1897 1903 7050 1900 1906 7051 1901 1907 7052 1902 1908 7053 1901 1907 7054 1900 1906 7055 1901 1907 7056 1902 1908 7057 1903 1909 7058 1890 1896 7059 1888 1894 7060 1903 1909 7061 1901 1907 7062 1903 1909 7063 1888 1894 7064 1904 1910 7065 1903 1909 7066 1902 1908 7067 1903 1909 7068 1904 1910 7069 1905 1911 7070 1892 1898 7071 1890 1896 7072 1905 1911 7073 1903 1909 7074 1905 1911 7075 1890 1896 7076 1906 1912 7077 1905 1911 7078 1904 1910 7079 1905 1911 7080 1906 1912 7081 1907 1913 7082 1894 1900 7083 1892 1898 7084 1907 1913 7085 1905 1911 7086 1907 1913 7087 1892 1898 7088 1908 1914 7089 1907 1913 7090 1906 1912 7091 1908 1914 7092 1909 1915 7093 1907 1913 7094 1910 1916 7095 1907 1913 7096 1909 1915 7097 1896 1902 7098 1894 1900 7099 1910 1916 7100 1907 1913 7101 1910 1916 7102 1894 1900 7103 1897 1903 7104 1901 1907 7105 1884 1890 7106 1888 1894 7107 1884 1890 7108 1901 1907 7109 1911 1917 7110 1912 1918 7111 1913 1919 7112 1914 1920 7113 1913 1919 7114 1912 1918 7115 1914 1920 7116 1912 1918 7117 1915 1921 7118 1916 1922 7119 1915 1921 7120 1912 1918 7121 1916 1922 7122 1912 1918 7123 1917 1923 7124 1918 1924 7125 1917 1923 7126 1912 1918 7127 1913 1919 7128 1919 1925 7129 1911 1917 7130 1920 1926 7131 1911 1917 7132 1919 1925 7133 1914 1920 7134 1915 1921 7135 1921 1927 7136 1922 1928 7137 1921 1927 7138 1915 1921 7139 1922 1928 7140 1923 1929 7141 1921 1927 7142 1923 1929 7143 1924 1930 7144 1921 1927 7145 1925 1931 7146 1921 1927 7147 1924 1930 7148 1913 1919 7149 1914 1920 7150 1925 1931 7151 1921 1927 7152 1925 1931 7153 1914 1920 7154 1924 1930 7155 1926 1932 7156 1925 1931 7157 1927 1933 7158 1925 1931 7159 1926 1932 7160 1925 1931 7161 1927 1933 7162 1928 1934 7163 1929 1935 7164 1926 1932 7165 1924 1930 7166 1929 1935 7167 1924 1930 7168 1923 1929 7169 1919 1925 7170 1913 1919 7171 1928 1934 7172 1925 1931 7173 1928 1934 7174 1913 1919 7175 1930 1936 7176 1931 1937 7177 1932 1938 7178 1933 1939 7179 1932 1938 7180 1931 1937 7181 1931 1937 7182 1934 1940 7183 1933 1939 7184 1935 1941 7185 1933 1939 7186 1934 1940 7187 1934 1940 7188 1936 1942 7189 1935 1941 7190 1937 1943 7191 1935 1941 7192 1936 1942 7193 1938 1944 7194 1937 1943 7195 1936 1942 7196 1933 1939 7197 1939 1945 7198 1932 1938 7199 1940 1946 7200 1932 1938 7201 1939 1945 7202 1932 1938 7203 1940 1946 7204 1941 1947 7205 1932 1938 7206 1941 1947 7207 1930 1936 7208 1942 1948 7209 1941 1947 7210 1940 1946 7211 1935 1941 7212 1943 1949 7213 1933 1939 7214 1939 1945 7215 1933 1939 7216 1943 1949 7217 1937 1943 7218 1944 1950 7219 1935 1941 7220 1943 1949 7221 1935 1941 7222 1944 1950 7223 1945 1951 7224 1930 1936 7225 1941 1947 7226 1945 1951 7227 1946 1952 7228 1930 1936 7229 1947 1953 7230 1930 1936 7231 1946 1952 7232 1947 1953 7233 1946 1952 7234 1948 1954 7235 1948 1954 7236 1949 1955 7237 1947 1953 7238 1950 1956 7239 1947 1953 7240 1949 1955 7241 1949 1955 7242 1951 1957 7243 1950 1956 7244 1952 1958 7245 1950 1956 7246 1951 1957 7247 1951 1957 7248 1953 1959 7249 1952 1958 7250 1954 1960 7251 1952 1958 7252 1953 1959 7253 1955 1961 7254 1954 1960 7255 1953 1959 7256 1956 1962 7257 1948 1954 7258 1946 1952 7259 1950 1956 7260 1931 1937 7261 1947 1953 7262 1930 1936 7263 1947 1953 7264 1931 1937 7265 1952 1958 7266 1934 1940 7267 1950 1956 7268 1931 1937 7269 1950 1956 7270 1934 1940 7271 1954 1960 7272 1936 1942 7273 1952 1958 7274 1934 1940 7275 1952 1958 7276 1936 1942 7277 1938 1944 7278 1954 1960 7279 1955 1961 7280 1936 1942 7281 1954 1960 7282 1938 1944 7283 1957 1963 7284 1938 1944 7285 1955 1961 7286 1957 1963 7287 1958 1964 7288 1938 1944 7289 1959 1965 7290 1958 1964 7291 1957 1963 7292 1958 1964 7293 1960 1966 7294 1938 1944 7295 1960 1966 7296 1937 1943 7297 1938 1944 7298 1944 1950 7299 1937 1943 7300 1960 1966 7301 1961 1967 7302 1959 1965 7303 1957 1963 7304 1959 1965 7305 1961 1967 7306 1962 1968 7307 1962 1968 7308 1961 1967 7309 1963 1969 7310 1962 1968 7311 1963 1969 7312 1964 1970 7313 1961 1967 7314 1965 1971 7315 1963 1969 7316 1965 1971 7317 1966 1972 7318 1963 1969 7319 1963 1969 7320 1966 1972 7321 1967 1973 7322 1966 1972 7323 1968 1974 7324 1967 1973 7325 1969 1975 7326 1967 1973 7327 1968 1974 7328 1968 1974 7329 1970 1976 7330 1969 1975 7331 1971 1977 7332 1969 1975 7333 1970 1976 7334 1970 1976 7335 1972 1978 7336 1971 1977 7337 1973 1979 7338 1971 1977 7339 1972 1978 7340 1970 1976 7341 1974 1980 7342 1972 1978 7343 1975 1981 7344 1972 1978 7345 1974 1980 7346 1972 1978 7347 1975 1981 7348 1976 1982 7349 1972 1978 7350 1976 1982 7351 1973 1979 7352 1977 1983 7353 1976 1982 7354 1975 1981 7355 1968 1974 7356 1978 1984 7357 1970 1976 7358 1974 1980 7359 1970 1976 7360 1978 1984 7361 1966 1972 7362 1979 1985 7363 1968 1974 7364 1978 1984 7365 1968 1974 7366 1979 1985 7367 1979 1985 7368 1966 1972 7369 1965 1971 7370 1980 1986 7371 1973 1979 7372 1976 1982 7373 1980 1986 7374 1981 1987 7375 1973 1979 7376 1982 1988 7377 1973 1979 7378 1981 1987 7379 1973 1979 7380 1982 1988 7381 1971 1977 7382 1982 1988 7383 1981 1987 7384 1983 1989 7385 1983 1989 7386 1984 1990 7387 1982 1988 7388 1985 1991 7389 1982 1988 7390 1984 1990 7391 1985 1991 7392 1971 1977 7393 1982 1988 7394 1984 1990 7395 1986 1992 7396 1985 1991 7397 1987 1993 7398 1985 1991 7399 1986 1992 7400 1986 1992 7401 1988 1994 7402 1987 1993 7403 1989 1995 7404 1987 1993 7405 1988 1994 7406 1964 1970 7407 1989 1995 7408 1988 1994 7409 1990 1996 7410 1983 1989 7411 1981 1987 7412 1987 1993 7413 1969 1975 7414 1985 1991 7415 1971 1977 7416 1985 1991 7417 1969 1975 7418 1989 1995 7419 1967 1973 7420 1987 1993 7421 1969 1975 7422 1987 1993 7423 1967 1973 7424 1963 1969 7425 1989 1995 7426 1964 1970 7427 1967 1973 7428 1989 1995 7429 1963 1969 7430 1991 1997 7431 1992 1998 7432 1993 1999 7433 1994 2000 7434 1993 1999 7435 1992 1998 7436 1993 1999 7437 1994 2000 7438 1995 2001 7439 1995 2001 7440 1996 2002 7441 1993 1999 7442 1997 2003 7443 1993 1999 7444 1996 2002 7445 1998 2004 7446 1995 2001 7447 1994 2000 7448 1992 1998 7449 1991 1997 7450 1999 2005 7451 2000 2006 7452 1999 2005 7453 1991 1997 7454 1991 1997 7455 2001 2007 7456 2000 2006 7457 1997 2003 7458 2001 2007 7459 1993 1999 7460 1991 1997 7461 1993 1999 7462 2001 2007 7463 2002 2008 7464 2000 2006 7465 2001 2007 7466 1999 2005 7467 2000 2006 7468 2003 2009 7469 2004 2010 7470 2003 2009 7471 2000 2006 7472 2002 2008 7473 2005 2011 7474 2000 2006 7475 2004 2010 7476 2000 2006 7477 2005 2011 7478 1999 2012 7479 2006 2013 7480 2007 2014 7481 2008 2015 7482 2007 2014 7483 2006 2013 7484 1999 2012 7485 2007 2014 7486 2009 2016 7487 2010 2017 7488 2009 2016 7489 2007 2014 7490 2011 2018 7491 2009 2016 7492 2010 2017 7493 2011 2018 7494 2012 2019 7495 2009 2016 7496 2013 2020 7497 2009 2016 7498 2012 2019 7499 2013 2020 7500 2012 2019 7501 1998 2021 7502 2014 2022 7503 1998 2021 7504 2012 2019 7505 2015 2023 7506 2016 2024 7507 2017 2025 7508 2016 2024 7509 2018 2026 7510 2017 2025 7511 2018 2026 7512 2019 2027 7513 2017 2025 7514 2016 2024 7515 2015 2023 7516 2020 2028 7517 2021 2029 7518 2020 2028 7519 2015 2023 7520 2022 2030 7521 2023 2031 7522 2024 2032 7523 2025 2033 7524 2024 2032 7525 2023 2031 7526 2025 2033 7527 2026 2034 7528 2024 2032 7529 2027 2035 7530 2024 2032 7531 2026 2034 7532 2023 2031 7533 2022 2030 7534 2028 2036 7535 2023 2031 7536 2028 2036 7537 2029 2037 7538 2023 2031 7539 2029 2037 7540 2025 2033 7541 2030 2038 7542 2029 2037 7543 2028 2036 7544 2030 2038 7545 2028 2036 7546 2031 2039 7547 2032 2040 7548 2031 2039 7549 2028 2036 7550 2028 2036 7551 2033 2041 7552 2032 2040 7553 2033 2041 7554 2028 2036 7555 2022 2030 7556 2034 2042 7557 2032 2040 7558 2033 2041 7559 2026 2034 7560 2035 2043 7561 2027 2035 7562 2036 2044 7563 2027 2035 7564 2035 2043 7565 2035 2043 7566 2037 2045 7567 2036 2044 7568 2038 2046 7569 2036 2044 7570 2037 2045 7571 2037 2045 7572 2039 2047 7573 2038 2046 7574 2040 2048 7575 2038 2046 7576 2039 2047 7577 2039 2047 7578 2041 2049 7579 2040 2048 7580 2042 2050 7581 2040 2048 7582 2041 2049 7583 2041 2049 7584 2043 2051 7585 2042 2050 7586 2044 2052 7587 2042 2050 7588 2043 2051 7589 2040 2048 7590 2042 2050 7591 2045 2053 7592 2046 2054 7593 2045 2053 7594 2042 2050 7595 2042 2050 7596 2044 2052 7597 2046 2054 7598 2046 2054 7599 2047 2055 7600 2045 2053 7601 2048 2056 7602 2045 2053 7603 2047 2055 7604 2047 2055 7605 2049 2057 7606 2048 2056 7607 2049 2057 7608 2047 2055 7609 2050 2058 7610 2051 2059 7611 2050 2058 7612 2047 2055 7613 2047 2055 7614 2046 2054 7615 2051 2059 7616 2052 2060 7617 2048 2056 7618 2049 2057 7619 2048 2056 7620 2052 2060 7621 2053 2061 7622 2054 2062 7623 2053 2061 7624 2052 2060 7625 2053 2061 7626 2054 2062 7627 2055 2063 7628 2055 2063 7629 2056 2064 7630 2053 2061 7631 2057 2065 7632 2053 2061 7633 2056 2064 7634 2053 2061 7635 2057 2065 7636 2048 2056 7637 2045 2053 7638 2048 2056 7639 2057 2065 7640 2058 2066 7641 2055 2063 7642 2054 2062 7643 2059 2067 7644 2051 2059 7645 2046 2054 7646 2059 2067 7647 2046 2054 7648 2044 2052 7649 2055 2063 7650 2058 2066 7651 2060 2068 7652 2061 2069 7653 2060 2068 7654 2058 2066 7655 2060 2068 7656 2061 2069 7657 2062 2070 7658 2063 2071 7659 2062 2070 7660 2061 2069 7661 2062 2070 7662 2064 2072 7663 2060 2068 7664 2064 2072 7665 2062 2070 7666 2065 2073 7667 2066 2074 7668 2065 2073 7669 2062 2070 7670 2062 2070 7671 2063 2071 7672 2066 2074 7673 2067 2075 7674 2060 2068 7675 2064 2072 7676 2060 2068 7677 2067 2075 7678 2055 2063 7679 2056 2064 7680 2055 2063 7681 2067 2075 7682 2068 2076 7683 2066 2074 7684 2063 2071 7685 2066 2074 7686 2068 2076 7687 2069 2077 7688 2070 2078 7689 2069 2077 7690 2068 2076 7691 2069 2077 7692 2070 2078 7693 2071 2079 7694 2072 2080 7695 2071 2079 7696 2070 2078 7697 2071 2079 7698 2073 2081 7699 2069 2077 7700 2074 2082 7701 2069 2077 7702 2073 2081 7703 2069 2077 7704 2074 2082 7705 2066 2074 7706 2065 2073 7707 2066 2074 7708 2074 2082 7709 2064 2072 7710 2065 2073 7711 2024 2032 7712 2022 2030 7713 2024 2032 7714 2065 2073 7715 2065 2073 7716 2074 2082 7717 2022 2030 7718 2033 2041 7719 2022 2030 7720 2074 2082 7721 2074 2082 7722 2073 2081 7723 2033 2041 7724 2034 2042 7725 2033 2041 7726 2073 2081 7727 2024 2032 7728 2027 2035 7729 2064 2072 7730 2067 2075 7731 2064 2072 7732 2027 2035 7733 2027 2035 7734 2036 2044 7735 2067 2075 7736 2056 2064 7737 2067 2075 7738 2036 2044 7739 2036 2044 7740 2038 2046 7741 2056 2064 7742 2057 2065 7743 2056 2064 7744 2038 2046 7745 2038 2046 7746 2040 2048 7747 2057 2065 7748 2045 2053 7749 2057 2065 7750 2040 2048 7751 2072 2080 7752 2075 2083 7753 2071 2079 7754 2076 2084 7755 2071 2079 7756 2075 2083 7757 2077 2085 7758 2073 2081 7759 2076 2084 7760 2071 2079 7761 2076 2084 7762 2073 2081 7763 2075 2083 7764 2078 2086 7765 2076 2084 7766 2079 2087 7767 2076 2084 7768 2078 2086 7769 2076 2084 7770 2079 2087 7771 2077 2085 7772 2078 2086 7773 2080 2088 7774 2079 2087 7775 2081 2089 7776 2079 2087 7777 2080 2088 7778 2080 2088 7779 2082 2090 7780 2081 2089 7781 2083 2091 7782 2081 2089 7783 2082 2090 7784 2079 2087 7785 2081 2089 7786 2084 2092 7787 2084 2092 7788 2077 2085 7789 2079 2087 7790 2085 2093 7791 2084 2092 7792 2081 2089 7793 2081 2089 7794 2083 2091 7795 2085 2093 7796 2086 2094 7797 2085 2093 7798 2083 2091 7799 2082 2090 7800 2087 2095 7801 2083 2091 7802 2088 2096 7803 2083 2091 7804 2087 2095 7805 2083 2091 7806 2088 2096 7807 2086 2094 7808 2087 2095 7809 2089 2097 7810 2088 2096 7811 2090 2098 7812 2088 2096 7813 2089 2097 7814 2088 2096 7815 2090 2098 7816 2091 2099 7817 2091 2099 7818 2086 2094 7819 2088 2096 7820 2092 2100 7821 2091 2099 7822 2090 2098 7823 2089 2097 7824 2093 2101 7825 2090 2098 7826 2094 2102 7827 2090 2098 7828 2093 2101 7829 2090 2098 7830 2094 2102 7831 2092 2100 7832 2093 2101 7833 2095 2103 7834 2094 2102 7835 2096 2104 7836 2094 2102 7837 2095 2103 7838 2094 2102 7839 2096 2104 7840 2097 2105 7841 2097 2105 7842 2092 2100 7843 2094 2102 7844 2098 2106 7845 2097 2105 7846 2096 2104 7847 2095 2103 7848 2099 2107 7849 2096 2104 7850 2100 2108 7851 2096 2104 7852 2099 2107 7853 2096 2104 7854 2100 2108 7855 2098 2106 7856 2100 2108 7857 2099 2107 7858 2101 2109 7859 2102 2110 7860 2101 2109 7861 2099 2107 7862 2101 2109 7863 2102 2110 7864 2103 2111 7865 2103 2111 7866 2104 2112 7867 2101 2109 7868 2105 2113 7869 2101 2109 7870 2104 2112 7871 2101 2109 7872 2105 2113 7873 2100 2108 7874 2106 2114 7875 2103 2111 7876 2102 2110 7877 2103 2111 7878 2106 2114 7879 2107 2115 7880 2108 2116 7881 2107 2115 7882 2106 2114 7883 2107 2115 7884 2108 2116 7885 2109 2117 7886 2109 2117 7887 2110 2118 7888 2107 2115 7889 2111 2119 7890 2107 2115 7891 2110 2118 7892 2107 2115 7893 2111 2119 7894 2103 2111 7895 2104 2112 7896 2103 2111 7897 2111 2119 7898 2112 2120 7899 2109 2117 7900 2108 2116 7901 2113 2121 7902 2100 2108 7903 2105 2113 7904 2113 2121 7905 2098 2106 7906 2100 2108 7907 2109 2117 7908 2112 2120 7909 2114 2122 7910 2115 2123 7911 2114 2122 7912 2112 2120 7913 2114 2122 7914 2115 2123 7915 2116 2124 7916 2117 2125 7917 2116 2124 7918 2115 2123 7919 2116 2124 7920 2118 2126 7921 2114 2122 7922 2118 2126 7923 2116 2124 7924 2119 2127 7925 2120 2128 7926 2119 2127 7927 2116 2124 7928 2116 2124 7929 2117 2125 7930 2120 2128 7931 2121 2129 7932 2114 2122 7933 2118 2126 7934 2114 2122 7935 2121 2129 7936 2109 2117 7937 2110 2118 7938 2109 2117 7939 2121 2129 7940 2122 2130 7941 2120 2128 7942 2117 2125 7943 2120 2128 7944 2122 2130 7945 2123 2131 7946 2124 2132 7947 2123 2131 7948 2122 2130 7949 2123 2131 7950 2124 2132 7951 2125 2133 7952 2126 2134 7953 2125 2133 7954 2124 2132 7955 2125 2133 7956 2127 2135 7957 2123 2131 7958 2128 2136 7959 2123 2131 7960 2127 2135 7961 2123 2131 7962 2128 2136 7963 2120 2128 7964 2119 2127 7965 2120 2128 7966 2128 2136 7967 2118 2126 7968 2119 2127 7969 2129 2137 7970 2130 2138 7971 2129 2137 7972 2119 2127 7973 2119 2127 7974 2128 2136 7975 2130 2138 7976 2130 2138 7977 2131 2139 7978 2129 2137 7979 2132 2140 7980 2129 2137 7981 2131 2139 7982 2132 2140 7983 2133 2141 7984 2129 2137 7985 2134 2142 7986 2129 2137 7987 2133 2141 7988 2131 2139 7989 2130 2138 7990 2135 2143 7991 2131 2139 7992 2135 2143 7993 2136 2144 7994 2131 2139 7995 2136 2144 7996 2132 2140 7997 2137 2145 7998 2136 2144 7999 2135 2143 8000 2137 2145 8001 2135 2143 8002 2138 2146 8003 2139 2147 8004 2138 2146 8005 2135 2143 8006 2135 2143 8007 2140 2148 8008 2139 2147 8009 2140 2148 8010 2135 2143 8011 2130 2138 8012 2140 2148 8013 2130 2138 8014 2128 2136 8015 2128 2136 8016 2127 2135 8017 2140 2148 8018 2141 2149 8019 2139 2147 8020 2140 2148 8021 2141 2149 8022 2140 2148 8023 2127 2135 8024 2133 2141 8025 2142 2150 8026 2134 2142 8027 2143 2151 8028 2134 2142 8029 2142 2150 8030 2142 2150 8031 2144 2152 8032 2143 2151 8033 2145 2153 8034 2143 2151 8035 2144 2152 8036 2144 2152 8037 2146 2154 8038 2145 2153 8039 2147 2155 8040 2145 2153 8041 2146 2154 8042 2146 2154 8043 2148 2156 8044 2147 2155 8045 2149 2157 8046 2147 2155 8047 2148 2156 8048 2148 2156 8049 2150 2158 8050 2149 2157 8051 2151 2159 8052 2149 2157 8053 2150 2158 8054 2147 2155 8055 2149 2157 8056 2104 2112 8057 2105 2113 8058 2104 2112 8059 2149 2157 8060 2149 2157 8061 2151 2159 8062 2105 2113 8063 2143 2151 8064 2145 2153 8065 2110 2118 8066 2111 2119 8067 2110 2118 8068 2145 2153 8069 2145 2153 8070 2147 2155 8071 2111 2119 8072 2104 2112 8073 2111 2119 8074 2147 2155 8075 2110 2118 8076 2121 2129 8077 2143 2151 8078 2134 2142 8079 2143 2151 8080 2121 2129 8081 2113 2121 8082 2105 2113 8083 2151 2159 8084 2121 2129 8085 2118 2126 8086 2134 2142 8087 2129 2137 8088 2134 2142 8089 2118 2126 8090 2151 2159 8091 2150 2158 8092 2152 2160 8093 2153 2161 8094 2152 2160 8095 2150 2158 8096 2152 2160 8097 2153 2161 8098 2154 2162 8099 2155 2163 8100 2154 2162 8101 2153 2161 8102 2154 2162 8103 2155 2163 8104 2156 2164 8105 2157 2165 8106 2156 2164 8107 2155 2163 8108 2156 2164 8109 2157 2165 8110 2158 2166 8111 2159 2167 8112 2158 2166 8113 2157 2165 8114 2158 2166 8115 2159 2167 8116 2160 2168 8117 2161 2169 8118 2160 2168 8119 2159 2167 8120 2160 2168 8121 2161 2169 8122 2162 2170 8123 2163 2171 8124 2162 2170 8125 2161 2169 8126 2163 2171 8127 2164 2172 8128 2162 2170 8129 2165 2173 8130 2162 2170 8131 2164 2172 8132 2164 2172 8133 2166 2174 8134 2165 2173 8135 2164 2172 8136 2167 2175 8137 2166 2174 8138 2167 2175 8139 2164 2172 8140 2163 2171 8141 2168 2176 8142 2166 2174 8143 2167 2175 8144 2168 2176 8145 2031 2039 8146 2166 2174 8147 2032 2040 8148 2166 2174 8149 2031 2039 8150 2166 2174 8151 2032 2040 8152 2169 2177 8153 2169 2177 8154 2165 2173 8155 2166 2174 8156 2034 2042 8157 2169 2177 8158 2032 2040 8159 2165 2173 8160 2084 2092 8161 2162 2170 8162 2085 2093 8163 2162 2170 8164 2084 2092 8165 2162 2170 8166 2085 2093 8167 2160 2168 8168 2084 2092 8169 2165 2173 8170 2077 2085 8171 2169 2177 8172 2077 2085 8173 2165 2173 8174 2077 2085 8175 2169 2177 8176 2073 2081 8177 2034 2042 8178 2073 2081 8179 2169 2177 8180 2086 2094 8181 2160 2168 8182 2085 2093 8183 2160 2168 8184 2086 2094 8185 2158 2166 8186 2091 2099 8187 2158 2166 8188 2086 2094 8189 2158 2166 8190 2091 2099 8191 2156 2164 8192 2092 2100 8193 2156 2164 8194 2091 2099 8195 2156 2164 8196 2092 2100 8197 2154 2162 8198 2097 2105 8199 2154 2162 8200 2092 2100 8201 2154 2162 8202 2097 2105 8203 2152 2160 8204 2098 2106 8205 2152 2160 8206 2097 2105 8207 2152 2160 8208 2098 2106 8209 2151 2159 8210 2113 2121 8211 2151 2159 8212 2098 2106 8213 2170 2178 8214 2171 2179 8215 2172 2180 8216 2173 2181 8217 2172 2180 8218 2171 2179 8219 2173 2181 8220 2174 2182 8221 2172 2180 8222 2175 2183 8223 2172 2180 8224 2174 2182 8225 2171 2179 8226 2170 2178 8227 2176 2184 8228 2177 2185 8229 2176 2184 8230 2170 2178 8231 2176 2184 8232 2177 2185 8233 2178 2186 8234 2179 2187 8235 2178 2186 8236 2177 2185 8237 2179 2187 8238 2180 2188 8239 2178 2186 8240 2181 2189 8241 2178 2186 8242 2180 2188 8243 2180 2188 8244 2182 2190 8245 2181 2189 8246 2183 2191 8247 2181 2189 8248 2182 2190 8249 2183 2191 8250 2182 2190 8251 2184 2192 8252 2185 2193 8253 2184 2192 8254 2182 2190 8255 2184 2192 8256 2185 2193 8257 2186 2194 8258 2187 2195 8259 2186 2194 8260 2185 2193 8261 2186 2194 8262 2187 2195 8263 2188 2196 8264 2189 2197 8265 2188 2196 8266 2187 2195 8267 2179 2187 8268 2177 2185 8269 2190 2198 8270 2191 2199 8271 2190 2198 8272 2177 2185 8273 2191 2199 8274 2192 2200 8275 2190 2198 8276 2190 2198 8277 2192 2200 8278 2193 2201 8279 2180 2188 8280 2179 2187 8281 2193 2201 8282 2190 2198 8283 2193 2201 8284 2179 2187 8285 2194 2202 8286 2193 2201 8287 2192 2200 8288 2187 2195 8289 2185 2193 8290 2195 2203 8291 2196 2204 8292 2195 2203 8293 2185 2193 8294 2185 2193 8295 2182 2190 8296 2196 2204 8297 2196 2204 8298 2197 2205 8299 2195 2203 8300 2197 2205 8301 2196 2204 8302 2198 2206 8303 2199 2207 8304 2198 2206 8305 2196 2204 8306 2193 2201 8307 2194 2202 8308 2199 2207 8309 2198 2206 8310 2200 2208 8311 2197 2205 8312 2201 2209 8313 2197 2205 8314 2200 2208 8315 2197 2205 8316 2201 2209 8317 2202 2210 8318 2202 2210 8319 2195 2203 8320 2197 2205 8321 2195 2203 8322 2202 2210 8323 2203 2211 8324 2204 2212 8325 2203 2211 8326 2202 2210 8327 2205 2213 8328 2202 2210 8329 2201 2209 8330 2202 2210 8331 2205 2213 8332 2204 2212 8333 2206 2214 8334 2204 2212 8335 2205 2213 8336 2198 2206 8337 2207 2215 8338 2200 2208 8339 2207 2215 8340 2208 2216 8341 2200 2208 8342 2208 2216 8343 2207 2215 8344 2209 2217 8345 2210 2218 8346 2209 2217 8347 2207 2215 8348 2209 2217 8349 2210 2218 8350 2211 2219 8351 2212 2220 8352 2211 2219 8353 2210 2218 8354 2204 2212 8355 2213 2221 8356 2203 2211 8357 2214 2222 8358 2203 2211 8359 2213 2221 8360 2213 2221 8361 2215 2223 8362 2214 2222 8363 2215 2223 8364 2213 2221 8365 2216 2224 8366 2216 2224 8367 2217 2225 8368 2215 2223 8369 2218 2226 8370 2215 2223 8371 2217 2225 8372 2215 2223 8373 2218 2226 8374 2219 2227 8375 2219 2227 8376 2214 2222 8377 2215 2223 8378 2220 2228 8379 2219 2227 8380 2218 2226 8381 2221 2229 8382 2216 2224 8383 2213 2221 8384 2206 2214 8385 2221 2229 8386 2204 2212 8387 2213 2221 8388 2204 2212 8389 2221 2229 8390 2222 2230 8391 2218 2226 8392 2217 2225 8393 2223 2231 8394 2222 2230 8395 2217 2225 8396 2223 2231 8397 2224 2232 8398 2222 2230 8399 2225 2233 8400 2222 2230 8401 2224 2232 8402 2224 2232 8403 2226 2234 8404 2225 2233 8405 2227 2235 8406 2225 2233 8407 2226 2234 8408 2227 2235 8409 2226 2234 8410 2228 2236 8411 2229 2237 8412 2228 2236 8413 2226 2234 8414 2228 2236 8415 2229 2237 8416 2230 2238 8417 2231 2239 8418 2230 2238 8419 2229 2237 8420 2230 2238 8421 2231 2239 8422 2232 2240 8423 2233 2241 8424 2230 2238 8425 2232 2240 8426 2233 2241 8427 2232 2240 8428 2234 2242 8429 2234 2242 8430 2235 2243 8431 2233 2241 8432 2236 2244 8433 2233 2241 8434 2235 2243 8435 2237 2245 8436 2234 2242 8437 2232 2240 8438 2234 2242 8439 2237 2245 8440 2238 2246 8441 2239 2247 8442 2238 2246 8443 2237 2245 8444 2238 2246 8445 2240 2248 8446 2234 2242 8447 2235 2243 8448 2234 2242 8449 2240 2248 8450 2240 2248 8451 2238 2246 8452 2241 2249 8453 2242 2250 8454 2241 2249 8455 2238 2246 8456 2238 2246 8457 2239 2247 8458 2242 2250 8459 2243 2251 8460 2242 2250 8461 2239 2247 8462 2235 2243 8463 2240 2248 8464 2244 2252 8465 2245 2253 8466 2244 2252 8467 2240 2248 8468 2240 2248 8469 2241 2249 8470 2245 2253 8471 2245 2253 8472 2246 2254 8473 2244 2252 8474 2246 2254 8475 2245 2253 8476 2247 2255 8477 2248 2256 8478 2247 2255 8479 2245 2253 8480 2248 2256 8481 2245 2253 8482 2241 2249 8483 2249 2257 8484 2244 2252 8485 2246 2254 8486 2244 2252 8487 2249 2257 8488 2250 2258 8489 2244 2252 8490 2250 2258 8491 2235 2243 8492 2236 2244 8493 2235 2243 8494 2250 2258 8495 2251 2259 8496 2250 2258 8497 2249 2257 8498 2251 2259 8499 2252 2260 8500 2250 2258 8501 2253 2261 8502 2250 2258 8503 2252 2260 8504 2252 2260 8505 2254 2262 8506 2253 2261 8507 2255 2263 8508 2253 2261 8509 2254 2262 8510 2255 2263 8511 2254 2262 8512 2256 2264 8513 2257 2265 8514 2256 2264 8515 2254 2262 8516 2256 2264 8517 2257 2265 8518 2258 2266 8519 2259 2267 8520 2258 2266 8521 2257 2265 8522 2258 2266 8523 2259 2267 8524 2260 2268 8525 2261 2269 8526 2260 2268 8527 2259 2267 8528 2261 2269 8529 2262 2270 8530 2260 2268 8531 2263 2271 8532 2260 2268 8533 2262 2270 8534 2258 2266 8535 2260 2268 8536 2264 2272 8537 2265 2273 8538 2264 2272 8539 2260 2268 8540 2260 2268 8541 2263 2271 8542 2265 2273 8543 2265 2273 8544 2266 2274 8545 2264 2272 8546 2255 2263 8547 2256 2264 8548 2267 2275 8549 2268 2276 8550 2267 2275 8551 2256 2264 8552 2256 2264 8553 2258 2266 8554 2268 2276 8555 2264 2272 8556 2268 2276 8557 2258 2266 8558 2264 2272 8559 2266 2274 8560 2268 2276 8561 2268 2276 8562 2269 2277 8563 2267 2275 8564 2266 2274 8565 2269 2277 8566 2268 2276 8567 2267 2275 8568 2269 2277 8569 2270 2278 8570 2267 2275 8571 2270 2278 8572 2255 2263 8573 2271 2279 8574 2270 2278 8575 2269 2277 8576 2272 2280 8577 2265 2273 8578 2263 2271 8579 2269 2277 8580 2266 2274 8581 2273 2281 8582 2269 2277 8583 2273 2281 8584 2271 2279 8585 2274 2282 8586 2273 2281 8587 2266 2274 8588 2274 2282 8589 2266 2274 8590 2275 2283 8591 2276 2284 8592 2275 2283 8593 2266 2274 8594 2272 2280 8595 2276 2284 8596 2265 2273 8597 2276 2284 8598 2266 2274 8599 2265 2273 8600 2277 2285 8601 2271 2279 8602 2273 2281 8603 2277 2285 8604 2278 2286 8605 2271 2279 8606 2279 2287 8607 2271 2279 8608 2278 2286 8609 2278 2286 8610 2277 2285 8611 2280 2288 8612 2281 2289 8613 2280 2288 8614 2277 2285 8615 2277 2285 8616 2273 2281 8617 2281 2289 8618 2280 2288 8619 2281 2289 8620 2282 2290 8621 2283 2291 8622 2282 2290 8623 2281 2289 8624 2283 2291 8625 2281 2289 8626 2273 2281 8627 2282 2290 8628 2283 2291 8629 2284 2292 8630 2285 2293 8631 2284 2292 8632 2283 2291 8633 2283 2291 8634 2273 2281 8635 2285 2293 8636 2274 2282 8637 2285 2293 8638 2273 2281 8639 2274 2282 8640 2275 2283 8641 2285 2293 8642 2270 2278 8643 2271 2279 8644 2236 2244 8645 2270 2278 8646 2236 2244 8647 2253 2261 8648 2253 2261 8649 2255 2263 8650 2270 2278 8651 2250 2258 8652 2253 2261 8653 2236 2244 8654 2285 2293 8655 2286 2294 8656 2284 2292 8657 2287 2295 8658 2284 2292 8659 2286 2294 8660 2286 2294 8661 2288 2296 8662 2287 2295 8663 2289 2297 8664 2287 2295 8665 2288 2296 8666 2288 2296 8667 2290 2298 8668 2289 2297 8669 2291 2299 8670 2289 2297 8671 2290 2298 8672 2290 2298 8673 2292 2300 8674 2291 2299 8675 2293 2301 8676 2291 2299 8677 2292 2300 8678 2290 2298 8679 2294 2302 8680 2292 2300 8681 2290 2298 8682 2288 2296 8683 2294 2302 8684 2286 2294 8685 2294 2302 8686 2288 2296 8687 2286 2294 8688 2285 2293 8689 2294 2302 8690 2295 2303 8691 2292 2300 8692 2294 2302 8693 2292 2300 8694 2295 2303 8695 2296 2304 8696 2297 2305 8697 2296 2304 8698 2295 2303 8699 2295 2303 8700 2298 2306 8701 2297 2305 8702 2298 2306 8703 2299 2307 8704 2297 2305 8705 2300 2308 8706 2297 2305 8707 2299 2307 8708 2297 2305 8709 2300 2308 8710 2296 2304 8711 2300 2308 8712 2299 2307 8713 2301 2309 8714 2302 2310 8715 2301 2309 8716 2299 2307 8717 2299 2307 8718 2303 2311 8719 2302 2310 8720 2299 2307 8721 2298 2306 8722 2303 2311 8723 2304 2312 8724 2302 2310 8725 2303 2311 8726 2303 2311 8727 2305 2313 8728 2304 2312 8729 2306 2314 8730 2304 2312 8731 2305 2313 8732 2306 2314 8733 2305 2313 8734 2307 2315 8735 2308 2316 8736 2307 2315 8737 2305 2313 8738 2300 2308 8739 2301 2309 8740 2309 2317 8741 2309 2317 8742 2296 2304 8743 2300 2308 8744 2310 2318 8745 2309 2317 8746 2301 2309 8747 2309 2317 8748 2310 2318 8749 2311 2319 8750 2312 2320 8751 2311 2319 8752 2310 2318 8753 2312 2320 8754 2313 2321 8755 2311 2319 8756 2314 2322 8757 2311 2319 8758 2313 2321 8759 2313 2321 8760 2315 2323 8761 2314 2322 8762 2316 2324 8763 2314 2322 8764 2315 2323 8765 2315 2323 8766 2188 2196 8767 2316 2324 8768 2189 2197 8769 2316 2324 8770 2188 2196 8771 2303 2311 8772 2317 2325 8773 2305 2313 8774 2318 2326 8775 2305 2313 8776 2317 2325 8777 2319 2327 8778 2318 2326 8779 2317 2325 8780 2316 2324 8781 2214 2222 8782 2314 2322 8783 2219 2227 8784 2314 2322 8785 2214 2222 8786 2314 2322 8787 2219 2227 8788 2311 2319 8789 2220 2228 8790 2311 2319 8791 2219 2227 8792 2317 2325 8793 2303 2311 8794 2298 2306 8795 2319 2327 8796 2317 2325 8797 2298 2306 8798 2214 2222 8799 2316 2324 8800 2203 2211 8801 2189 2197 8802 2203 2211 8803 2316 2324 8804 2189 2197 8805 2187 2195 8806 2203 2211 8807 2195 2203 8808 2203 2211 8809 2187 2195 8810 2319 2327 8811 2276 2284 8812 2318 2326 8813 2276 2284 8814 2319 2327 8815 2275 2283 8816 2320 2328 8817 2275 2283 8818 2319 2327 8819 2320 2328 8820 2319 2327 8821 2294 2302 8822 2295 2303 8823 2294 2302 8824 2319 2327 8825 2295 2303 8826 2319 2327 8827 2298 2306 8828 2320 2328 8829 2294 2302 8830 2285 2293 8831 2275 2283 8832 2320 2328 8833 2285 2293 8834 2276 2284 8835 2272 2280 8836 2318 2326 8837 2272 2280 8838 2308 2316 8839 2318 2326 8840 2305 2313 8841 2318 2326 8842 2308 2316 8843 2296 2304 8844 2309 2317 8845 2220 2228 8846 2311 2319 8847 2220 2228 8848 2309 2317 8849 2292 2300 8850 2296 2304 8851 2220 2228 8852 2321 2329 8853 2322 2330 8854 2323 2331 8855 2324 2332 8856 2323 2331 8857 2322 2330 8858 2324 2332 8859 2325 2333 8860 2323 2331 8861 2326 2334 8862 2323 2331 8863 2325 2333 8864 2322 2330 8865 2321 2329 8866 2327 2335 8867 2328 2336 8868 2327 2335 8869 2321 2329 8870 2327 2335 8871 2328 2336 8872 2329 2337 8873 2330 2338 8874 2329 2337 8875 2328 2336 8876 2330 2338 8877 2331 2339 8878 2329 2337 8879 2332 2340 8880 2329 2337 8881 2331 2339 8882 2331 2339 8883 2333 2341 8884 2332 2340 8885 2334 2342 8886 2332 2340 8887 2333 2341 8888 2334 2342 8889 2333 2341 8890 2335 2343 8891 2336 2344 8892 2335 2343 8893 2333 2341 8894 2335 2343 8895 2336 2344 8896 2337 2345 8897 2338 2346 8898 2337 2345 8899 2336 2344 8900 2337 2345 8901 2338 2346 8902 2339 2347 8903 2340 2348 8904 2339 2347 8905 2338 2346 8906 2330 2338 8907 2328 2336 8908 2341 2349 8909 2342 2350 8910 2341 2349 8911 2328 2336 8912 2342 2350 8913 2343 2351 8914 2341 2349 8915 2344 2352 8916 2341 2349 8917 2343 2351 8918 2343 2351 8919 2345 2353 8920 2344 2352 8921 2345 2353 8922 2343 2351 8923 2346 2354 8924 2347 2355 8925 2346 2354 8926 2343 2351 8927 2343 2351 8928 2342 2350 8929 2347 2355 8930 2346 2354 8931 2347 2355 8932 2348 2356 8933 2349 2357 8934 2348 2356 8935 2347 2355 8936 2347 2355 8937 2350 2358 8938 2349 2357 8939 2350 2358 8940 2347 2355 8941 2342 2350 8942 2351 2359 8943 2349 2357 8944 2350 2358 8945 2348 2356 8946 2349 2357 8947 2352 2360 8948 2353 2361 8949 2352 2360 8950 2349 2357 8951 2349 2357 8952 2351 2359 8953 2353 2361 8954 2354 2362 8955 2344 2352 8956 2345 2353 8957 2355 2363 8958 2353 2361 8959 2351 2359 8960 2344 2352 8961 2354 2362 8962 2356 2364 8963 2357 2365 8964 2356 2364 8965 2354 2362 8966 2356 2364 8967 2357 2365 8968 2358 2366 8969 2359 2367 8970 2358 2366 8971 2357 2365 8972 2358 2366 8973 2360 2368 8974 2356 2364 8975 2360 2368 8976 2358 2366 8977 2361 2369 8978 2362 2370 8979 2361 2369 8980 2358 2366 8981 2358 2366 8982 2359 2367 8983 2362 2370 8984 2363 2371 8985 2356 2364 8986 2360 2368 8987 2364 2372 8988 2362 2370 8989 2359 2367 8990 2362 2370 8991 2364 2372 8992 2365 2373 8993 2366 2374 8994 2365 2373 8995 2364 2372 8996 2365 2373 8997 2366 2374 8998 2367 2375 8999 2368 2376 9000 2367 2375 9001 2366 2374 9002 2367 2375 9003 2369 2377 9004 2365 2373 9005 2370 2378 9006 2365 2373 9007 2369 2377 9008 2365 2373 9009 2370 2378 9010 2362 2370 9011 2361 2369 9012 2362 2370 9013 2370 2378 9014 2356 2364 9015 2363 2371 9016 2344 2352 9017 2341 2349 9018 2344 2352 9019 2363 2371 9020 2360 2368 9021 2361 2369 9022 2333 2341 9023 2336 2344 9024 2333 2341 9025 2361 2369 9026 2361 2369 9027 2370 2378 9028 2336 2344 9029 2341 2349 9030 2363 2371 9031 2330 2338 9032 2331 2339 9033 2330 2338 9034 2363 2371 9035 2338 2346 9036 2336 2344 9037 2370 2378 9038 2370 2378 9039 2369 2377 9040 2338 2346 9041 2340 2348 9042 2338 2346 9043 2369 2377 9044 2333 2341 9045 2331 2339 9046 2360 2368 9047 2363 2371 9048 2360 2368 9049 2331 2339 9050 2368 2376 9051 2371 2379 9052 2367 2375 9053 2372 2380 9054 2367 2375 9055 2371 2379 9056 2367 2375 9057 2372 2380 9058 2369 2377 9059 2373 2381 9060 2369 2377 9061 2372 2380 9062 2371 2379 9063 2374 2382 9064 2372 2380 9065 2375 2383 9066 2372 2380 9067 2374 2382 9068 2372 2380 9069 2375 2383 9070 2373 2381 9071 2374 2382 9072 2376 2384 9073 2375 2383 9074 2377 2385 9075 2375 2383 9076 2376 2384 9077 2376 2384 9078 2378 2386 9079 2377 2385 9080 2379 2387 9081 2377 2385 9082 2378 2386 9083 2375 2383 9084 2377 2385 9085 2380 2388 9086 2380 2388 9087 2373 2381 9088 2375 2383 9089 2381 2389 9090 2380 2388 9091 2377 2385 9092 2377 2385 9093 2379 2387 9094 2381 2389 9095 2382 2390 9096 2381 2389 9097 2379 2387 9098 2378 2386 9099 2383 2391 9100 2379 2387 9101 2384 2392 9102 2379 2387 9103 2383 2391 9104 2379 2387 9105 2384 2392 9106 2382 2390 9107 2383 2391 9108 2385 2393 9109 2384 2392 9110 2386 2394 9111 2384 2392 9112 2385 2393 9113 2384 2392 9114 2386 2394 9115 2387 2395 9116 2387 2395 9117 2382 2390 9118 2384 2392 9119 2388 2396 9120 2387 2395 9121 2386 2394 9122 2385 2393 9123 2389 2397 9124 2386 2394 9125 2390 2398 9126 2386 2394 9127 2389 2397 9128 2386 2394 9129 2390 2398 9130 2388 2396 9131 2389 2397 9132 2391 2399 9133 2390 2398 9134 2392 2400 9135 2390 2398 9136 2391 2399 9137 2390 2398 9138 2392 2400 9139 2393 2401 9140 2393 2401 9141 2388 2396 9142 2390 2398 9143 2394 2402 9144 2393 2401 9145 2392 2400 9146 2391 2399 9147 2395 2403 9148 2392 2400 9149 2396 2404 9150 2392 2400 9151 2395 2403 9152 2392 2400 9153 2396 2404 9154 2394 2402 9155 2396 2404 9156 2395 2403 9157 2397 2405 9158 2398 2406 9159 2397 2405 9160 2395 2403 9161 2397 2405 9162 2398 2406 9163 2399 2407 9164 2399 2407 9165 2400 2408 9166 2397 2405 9167 2401 2409 9168 2397 2405 9169 2400 2408 9170 2397 2405 9171 2401 2409 9172 2396 2404 9173 2402 2410 9174 2399 2407 9175 2398 2406 9176 2399 2407 9177 2402 2410 9178 2403 2411 9179 2404 2412 9180 2403 2411 9181 2402 2410 9182 2403 2411 9183 2404 2412 9184 2405 2413 9185 2405 2413 9186 2406 2414 9187 2403 2411 9188 2407 2415 9189 2403 2411 9190 2406 2414 9191 2403 2411 9192 2407 2415 9193 2399 2407 9194 2400 2408 9195 2399 2407 9196 2407 2415 9197 2408 2416 9198 2405 2413 9199 2404 2412 9200 2409 2417 9201 2396 2404 9202 2401 2409 9203 2409 2417 9204 2394 2402 9205 2396 2404 9206 2405 2413 9207 2408 2416 9208 2410 2418 9209 2411 2419 9210 2410 2418 9211 2408 2416 9212 2410 2418 9213 2411 2419 9214 2412 2420 9215 2413 2421 9216 2412 2420 9217 2411 2419 9218 2412 2420 9219 2414 2422 9220 2410 2418 9221 2414 2422 9222 2412 2420 9223 2415 2423 9224 2416 2424 9225 2415 2423 9226 2412 2420 9227 2412 2420 9228 2413 2421 9229 2416 2424 9230 2417 2425 9231 2410 2418 9232 2414 2422 9233 2410 2418 9234 2417 2425 9235 2405 2413 9236 2406 2414 9237 2405 2413 9238 2417 2425 9239 2418 2426 9240 2416 2424 9241 2413 2421 9242 2416 2424 9243 2418 2426 9244 2419 2427 9245 2420 2428 9246 2419 2427 9247 2418 2426 9248 2419 2427 9249 2420 2428 9250 2421 2429 9251 2422 2430 9252 2421 2429 9253 2420 2428 9254 2421 2429 9255 2423 2431 9256 2419 2427 9257 2424 2432 9258 2419 2427 9259 2423 2431 9260 2419 2427 9261 2424 2432 9262 2416 2424 9263 2415 2423 9264 2416 2424 9265 2424 2432 9266 2414 2422 9267 2415 2423 9268 2425 2433 9269 2426 2434 9270 2425 2433 9271 2415 2423 9272 2415 2423 9273 2424 2432 9274 2426 2434 9275 2426 2434 9276 2427 2435 9277 2425 2433 9278 2428 2436 9279 2425 2433 9280 2427 2435 9281 2428 2436 9282 2429 2437 9283 2425 2433 9284 2430 2438 9285 2425 2433 9286 2429 2437 9287 2427 2435 9288 2426 2434 9289 2431 2439 9290 2432 2440 9291 2431 2439 9292 2426 2434 9293 2432 2440 9294 2426 2434 9295 2424 2432 9296 2424 2432 9297 2423 2431 9298 2432 2440 9299 2431 2439 9300 2432 2440 9301 2433 2441 9302 2434 2442 9303 2433 2441 9304 2432 2440 9305 2434 2442 9306 2432 2440 9307 2423 2431 9308 2429 2437 9309 2435 2443 9310 2430 2438 9311 2436 2444 9312 2430 2438 9313 2435 2443 9314 2436 2444 9315 2435 2443 9316 2437 2445 9317 2438 2446 9318 2437 2445 9319 2435 2443 9320 2437 2445 9321 2438 2446 9322 2439 2447 9323 2440 2448 9324 2439 2447 9325 2438 2446 9326 2439 2447 9327 2440 2448 9328 2441 2449 9329 2442 2450 9330 2441 2449 9331 2440 2448 9332 2442 2450 9333 2443 2451 9334 2441 2449 9335 2444 2452 9336 2441 2449 9337 2443 2451 9338 2439 2447 9339 2441 2449 9340 2400 2408 9341 2401 2409 9342 2400 2408 9343 2441 2449 9344 2441 2449 9345 2444 2452 9346 2401 2409 9347 2436 2444 9348 2437 2445 9349 2406 2414 9350 2407 2415 9351 2406 2414 9352 2437 2445 9353 2437 2445 9354 2439 2447 9355 2407 2415 9356 2400 2408 9357 2407 2415 9358 2439 2447 9359 2406 2414 9360 2417 2425 9361 2436 2444 9362 2430 2438 9363 2436 2444 9364 2417 2425 9365 2409 2417 9366 2401 2409 9367 2444 2452 9368 2417 2425 9369 2414 2422 9370 2430 2438 9371 2425 2433 9372 2430 2438 9373 2414 2422 9374 2444 2452 9375 2443 2451 9376 2445 2453 9377 2446 2454 9378 2445 2453 9379 2443 2451 9380 2446 2454 9381 2447 2455 9382 2445 2453 9383 2448 2456 9384 2445 2453 9385 2447 2455 9386 2447 2455 9387 2449 2457 9388 2448 2456 9389 2450 2458 9390 2448 2456 9391 2449 2457 9392 2449 2457 9393 2451 2459 9394 2450 2458 9395 2452 2460 9396 2450 2458 9397 2451 2459 9398 2452 2460 9399 2451 2459 9400 2453 2461 9401 2454 2462 9402 2453 2461 9403 2451 2459 9404 2453 2461 9405 2454 2462 9406 2455 2463 9407 2456 2464 9408 2455 2463 9409 2454 2462 9410 2456 2464 9411 2457 2465 9412 2455 2463 9413 2458 2466 9414 2455 2463 9415 2457 2465 9416 2457 2465 9417 2459 2467 9418 2458 2466 9419 2460 2468 9420 2458 2466 9421 2459 2467 9422 2459 2467 9423 2339 2347 9424 2460 2468 9425 2340 2348 9426 2460 2468 9427 2339 2347 9428 2452 2460 9429 2387 2395 9430 2450 2458 9431 2388 2396 9432 2450 2458 9433 2387 2395 9434 2458 2466 9435 2380 2388 9436 2455 2463 9437 2381 2389 9438 2455 2463 9439 2380 2388 9440 2455 2463 9441 2381 2389 9442 2453 2461 9443 2387 2395 9444 2452 2460 9445 2382 2390 9446 2453 2461 9447 2382 2390 9448 2452 2460 9449 2382 2390 9450 2453 2461 9451 2381 2389 9452 2380 2388 9453 2458 2466 9454 2373 2381 9455 2460 2468 9456 2373 2381 9457 2458 2466 9458 2373 2381 9459 2460 2468 9460 2369 2377 9461 2340 2348 9462 2369 2377 9463 2460 2468 9464 2393 2401 9465 2448 2456 9466 2388 2396 9467 2448 2456 9468 2393 2401 9469 2445 2453 9470 2394 2402 9471 2445 2453 9472 2393 2401 9473 2445 2453 9474 2394 2402 9475 2444 2452 9476 2409 2417 9477 2444 2452 9478 2394 2402 9479 2450 2458 9480 2388 2396 9481 2448 2456 9482 2461 2469 9483 2462 2470 9484 2463 2471 9485 2463 2471 9486 2464 2472 9487 2461 2469 9488 2465 2473 9489 2461 2469 9490 2464 2472 9491 2462 2470 9492 2461 2469 9493 2466 2474 9494 2467 2475 9495 2466 2474 9496 2461 2469 9497 2461 2469 9498 2465 2473 9499 2467 2475 9500 2467 2475 9501 2468 2476 9502 2466 2474 9503 2469 2477 9504 2466 2474 9505 2468 2476 9506 2468 2476 9507 2470 2478 9508 2469 2477 9509 2470 2478 9510 2468 2476 9511 2471 2479 9512 2472 2480 9513 2471 2479 9514 2468 2476 9515 2468 2476 9516 2467 2475 9517 2472 2480 9518 2473 2481 9519 2469 2477 9520 2470 2478 9521 2469 2477 9522 2473 2481 9523 2474 2482 9524 2475 2483 9525 2474 2482 9526 2473 2481 9527 2474 2482 9528 2475 2483 9529 2476 2484 9530 2476 2484 9531 2477 2485 9532 2474 2482 9533 2478 2486 9534 2474 2482 9535 2477 2485 9536 2474 2482 9537 2478 2486 9538 2469 2477 9539 2466 2474 9540 2469 2477 9541 2478 2486 9542 2479 2487 9543 2476 2484 9544 2475 2483 9545 2480 2488 9546 2472 2480 9547 2467 2475 9548 2476 2484 9549 2479 2487 9550 2481 2489 9551 2482 2490 9552 2481 2489 9553 2479 2487 9554 2481 2489 9555 2482 2490 9556 2483 2491 9557 2484 2492 9558 2483 2491 9559 2482 2490 9560 2483 2491 9561 2485 2493 9562 2481 2489 9563 2485 2493 9564 2483 2491 9565 2486 2494 9566 2487 2495 9567 2486 2494 9568 2483 2491 9569 2483 2491 9570 2484 2492 9571 2487 2495 9572 2488 2496 9573 2481 2489 9574 2485 2493 9575 2481 2489 9576 2488 2496 9577 2476 2484 9578 2477 2485 9579 2476 2484 9580 2488 2496 9581 2489 2497 9582 2487 2495 9583 2484 2492 9584 2487 2495 9585 2489 2497 9586 2490 2498 9587 2491 2499 9588 2490 2498 9589 2489 2497 9590 2490 2498 9591 2491 2499 9592 2492 2500 9593 2493 2501 9594 2492 2500 9595 2491 2499 9596 2492 2500 9597 2494 2502 9598 2490 2498 9599 2495 2503 9600 2490 2498 9601 2494 2502 9602 2490 2498 9603 2495 2503 9604 2487 2495 9605 2486 2494 9606 2487 2495 9607 2495 2503 9608 2485 2493 9609 2486 2494 9610 2496 2504 9611 2497 2505 9612 2496 2504 9613 2486 2494 9614 2486 2494 9615 2495 2503 9616 2497 2505 9617 2497 2505 9618 2498 2506 9619 2496 2504 9620 2499 2507 9621 2496 2504 9622 2498 2506 9623 2499 2507 9624 2500 2508 9625 2496 2504 9626 2501 2509 9627 2496 2504 9628 2500 2508 9629 2498 2506 9630 2497 2505 9631 2502 2510 9632 2503 2511 9633 2502 2510 9634 2497 2505 9635 2503 2511 9636 2497 2505 9637 2495 2503 9638 2495 2503 9639 2494 2502 9640 2503 2511 9641 2502 2510 9642 2503 2511 9643 2504 2512 9644 2505 2513 9645 2504 2512 9646 2503 2511 9647 2505 2513 9648 2503 2511 9649 2494 2502 9650 2500 2508 9651 2506 2514 9652 2501 2509 9653 2507 2515 9654 2501 2509 9655 2506 2514 9656 2506 2514 9657 2508 2516 9658 2507 2515 9659 2509 2517 9660 2507 2515 9661 2508 2516 9662 2508 2516 9663 2510 2518 9664 2509 2517 9665 2462 2470 9666 2509 2517 9667 2510 2518 9668 2510 2518 9669 2511 2519 9670 2462 2470 9671 2507 2515 9672 2509 2517 9673 2477 2485 9674 2478 2486 9675 2477 2485 9676 2509 2517 9677 2509 2517 9678 2462 2470 9679 2478 2486 9680 2501 2509 9681 2507 2515 9682 2488 2496 9683 2477 2485 9684 2488 2496 9685 2507 2515 9686 2466 2474 9687 2478 2486 9688 2462 2470 9689 2488 2496 9690 2485 2493 9691 2501 2509 9692 2505 2513 9693 2512 2520 9694 2504 2512 9695 2513 2521 9696 2504 2512 9697 2512 2520 9698 2512 2520 9699 2514 2522 9700 2513 2521 9701 2515 2523 9702 2513 2521 9703 2514 2522 9704 2514 2522 9705 2516 2524 9706 2515 2523 9707 2517 2525 9708 2515 2523 9709 2516 2524 9710 2517 2525 9711 2516 2524 9712 2518 2526 9713 2519 2527 9714 2518 2526 9715 2516 2524 9716 2518 2526 9717 2519 2527 9718 2520 2528 9719 2521 2529 9720 2520 2528 9721 2519 2527 9722 2520 2528 9723 2521 2529 9724 2522 2530 9725 2523 2531 9726 2522 2530 9727 2521 2529 9728 2522 2530 9729 2523 2531 9730 2524 2532 9731 2525 2533 9732 2524 2532 9733 2523 2531 9734 2524 2532 9735 2525 2533 9736 2526 2534 9737 2527 2535 9738 2526 2534 9739 2525 2533 9740 2526 2534 9741 2527 2535 9742 2528 2536 9743 2529 2537 9744 2528 2536 9745 2527 2535 9746 2529 2537 9747 2530 2538 9748 2528 2536 9749 2531 2539 9750 2528 2536 9751 2530 2538 9752 2530 2538 9753 2532 2540 9754 2531 2539 9755 2533 2541 9756 2531 2539 9757 2532 2540 9758 2532 2540 9759 2534 2542 9760 2533 2541 9761 2535 2543 9762 2533 2541 9763 2534 2542 9764 2534 2542 9765 2536 2544 9766 2535 2543 9767 2537 2545 9768 2535 2543 9769 2536 2544 9770 2536 2544 9771 2538 2546 9772 2537 2545 9773 2539 2547 9774 2537 2545 9775 2538 2546 9776 2538 2546 9777 2540 2548 9778 2539 2547 9779 2541 2549 9780 2539 2547 9781 2540 2548 9782 2541 2549 9783 2540 2548 9784 2542 2550 9785 2543 2551 9786 2542 2550 9787 2540 2548 9788 2542 2550 9789 2543 2551 9790 2544 2552 9791 2545 2553 9792 2544 2552 9793 2543 2551 9794 2544 2552 9795 2545 2553 9796 2546 2554 9797 2547 2555 9798 2546 2554 9799 2545 2553 9800 2536 2544 9801 2534 2542 9802 2548 2556 9803 2549 2557 9804 2548 2556 9805 2534 2542 9806 2549 2557 9807 2550 2558 9808 2548 2556 9809 2551 2559 9810 2548 2556 9811 2550 2558 9812 2550 2558 9813 2552 2560 9814 2551 2559 9815 2552 2560 9816 2550 2558 9817 2553 2561 9818 2554 2562 9819 2553 2561 9820 2550 2558 9821 2550 2558 9822 2549 2557 9823 2554 2562 9824 2553 2561 9825 2554 2562 9826 2555 2563 9827 2556 2564 9828 2555 2563 9829 2554 2562 9830 2554 2562 9831 2557 2565 9832 2556 2564 9833 2557 2565 9834 2554 2562 9835 2549 2557 9836 2558 2566 9837 2556 2564 9838 2557 2565 9839 2555 2563 9840 2556 2564 9841 2559 2567 9842 2560 2568 9843 2559 2567 9844 2556 2564 9845 2556 2564 9846 2558 2566 9847 2560 2568 9848 2561 2569 9849 2551 2559 9850 2552 2560 9851 2562 2570 9852 2560 2568 9853 2558 2566 9854 2551 2559 9855 2561 2569 9856 2563 2571 9857 2564 2572 9858 2563 2571 9859 2561 2569 9860 2563 2571 9861 2564 2572 9862 2565 2573 9863 2566 2574 9864 2565 2573 9865 2564 2572 9866 2565 2573 9867 2567 2575 9868 2563 2571 9869 2567 2575 9870 2565 2573 9871 2568 2576 9872 2569 2577 9873 2568 2576 9874 2565 2573 9875 2565 2573 9876 2566 2574 9877 2569 2577 9878 2570 2578 9879 2563 2571 9880 2567 2575 9881 2571 2579 9882 2569 2577 9883 2566 2574 9884 2569 2577 9885 2571 2579 9886 2572 2580 9887 2573 2581 9888 2572 2580 9889 2571 2579 9890 2572 2580 9891 2573 2581 9892 2574 2582 9893 2575 2583 9894 2574 2582 9895 2573 2581 9896 2574 2582 9897 2576 2584 9898 2572 2580 9899 2577 2585 9900 2572 2580 9901 2576 2584 9902 2572 2580 9903 2577 2585 9904 2569 2577 9905 2568 2576 9906 2569 2577 9907 2577 2585 9908 2563 2571 9909 2570 2578 9910 2551 2559 9911 2548 2556 9912 2551 2559 9913 2570 2578 9914 2567 2575 9915 2568 2576 9916 2540 2548 9917 2543 2551 9918 2540 2548 9919 2568 2576 9920 2568 2576 9921 2577 2585 9922 2543 2551 9923 2548 2556 9924 2570 2578 9925 2536 2544 9926 2538 2546 9927 2536 2544 9928 2570 2578 9929 2545 2553 9930 2543 2551 9931 2577 2585 9932 2577 2585 9933 2576 2584 9934 2545 2553 9935 2547 2555 9936 2545 2553 9937 2576 2584 9938 2540 2548 9939 2538 2546 9940 2567 2575 9941 2570 2578 9942 2567 2575 9943 2538 2546 9944 2578 2586 9945 2579 2587 9946 2580 2588 9947 2578 2586 9948 2580 2588 9949 2172 2180 9950 2170 2178 9951 2172 2180 9952 2580 2588 9953 2172 2180 9954 2175 2183 9955 2578 2586 9956 2581 2589 9957 2578 2586 9958 2175 2183 9959 2580 2588 9960 2191 2199 9961 2170 2178 9962 2580 2588 9963 2579 2587 9964 2191 2199 9965 2177 2185 9966 2170 2178 9967 2191 2199 9968 2581 2589 9969 2582 2590 9970 2578 2586 9971 2582 2590 9972 2579 2587 9973 2578 2586 9974 2582 2590 9975 2583 2591 9976 2579 2587 9977 2584 2592 9978 2579 2587 9979 2583 2591 9980 2584 2592 9981 2585 2593 9982 2579 2587 9983 2192 2200 9984 2579 2587 9985 2585 2593 9986 2579 2587 9987 2192 2200 9988 2191 2199 9989 2192 2200 9990 2585 2593 9991 2194 2202 9992 2586 2594 9993 2194 2202 9994 2585 2593 9995 2586 2594 9996 2587 2595 9997 2194 2202 9998 2588 2596 9999 2194 2202 10000 2587 2595 10001 2587 2595 10002 2586 2594 10003 2589 2597 10004 2590 2598 10005 2589 2597 10006 2586 2594 10007 2586 2594 10008 2585 2593 10009 2590 2598 10010 2589 2597 10011 2590 2598 10012 2591 2599 10013 2592 2600 10014 2591 2599 10015 2590 2598 10016 2592 2600 10017 2590 2598 10018 2585 2593 10019 2591 2599 10020 2592 2600 10021 2593 2601 10022 2594 2602 10023 2593 2601 10024 2592 2600 10025 2592 2600 10026 2585 2593 10027 2594 2602 10028 2584 2592 10029 2594 2602 10030 2585 2593 10031 2584 2592 10032 2583 2591 10033 2594 2602 10034 2595 2603 10035 2596 2604 10036 2597 2605 10037 2598 2606 10038 2597 2605 10039 2596 2604 10040 2599 2607 10041 2600 2608 10042 2601 2609 10043 2602 2610 10044 2601 2609 10045 2600 2608 10046 2600 2608 10047 2599 2607 10048 2603 2611 10049 2604 2612 10050 2603 2611 10051 2599 2607 10052 2603 2613 10053 2605 2614 10054 2606 2615 10055 2607 2616 10056 2606 2615 10057 2605 2614 10058 2606 2615 10059 2607 2616 10060 2608 2617 10061 2607 2616 10062 2609 2618 10063 2608 2617 10064 2608 2617 10065 2609 2618 10066 2610 2619 10067 2609 2618 10068 2611 2620 10069 2610 2619 10070 2610 2619 10071 2611 2620 10072 2612 2621 10073 2611 2620 10074 2613 2622 10075 2612 2621 10076 2611 2620 10077 2614 2623 10078 2613 2622 10079 2614 2623 10080 2615 2624 10081 2613 2622 10082 2614 2623 10083 2616 2625 10084 2615 2624 10085 2616 2625 10086 2617 2626 10087 2615 2624 10088 2616 2625 10089 2618 2627 10090 2617 2626 10091 2619 2628 10092 2617 2626 10093 2618 2627 10094 2620 2629 10095 2619 2630 10096 2621 2631 10097 2621 2631 10098 2622 2632 10099 2620 2629 10100 2623 2633 10101 2620 2629 10102 2622 2632 10103 2623 2633 10104 2622 2632 10105 2624 2634 10106 2625 2635 10107 2624 2634 10108 2622 2632 10109 2624 2634 10110 2625 2635 10111 2626 2636 10112 2627 2637 10113 2626 2636 10114 2625 2635 10115 2628 2638 10116 2621 2631 10117 2619 2630 10118 2626 2639 10119 2629 2640 10120 2630 2641 10121 2631 2642 10122 2630 2641 10123 2629 2640 10124 2630 2641 10125 2631 2642 10126 2632 2643 10127 2631 2642 10128 2633 2644 10129 2632 2643 10130 2632 2643 10131 2633 2644 10132 2634 2645 10133 2633 2644 10134 2635 2646 10135 2634 2645 10136 2634 2645 10137 2635 2646 10138 2636 2647 10139 2637 2648 10140 2638 2649 10141 2639 2650 10142 2640 2651 10143 2639 2650 10144 2638 2649 10145 2640 2651 10146 2638 2649 10147 2641 2652 10148 2642 2653 10149 2641 2652 10150 2638 2649 10151 2641 2652 10152 2642 2653 10153 2643 2654 10154 2644 2655 10155 2643 2654 10156 2642 2653 10157 2645 2656 10158 2643 2654 10159 2644 2655 10160 2646 2657 10161 2647 2658 10162 2648 2659 10163 2649 2660 10164 2650 2661 10165 2651 2662 10166 2652 2663 10167 2651 2662 10168 2650 2661 10169 2651 2662 10170 2652 2663 10171 2653 2664 10172 2654 2665 10173 2653 2664 10174 2652 2663 10175 2654 2665 10176 2655 2666 10177 2653 2664 10178 2656 2667 10179 2653 2664 10180 2655 2666 10181 2657 2668 10182 2658 2669 10183 2659 2670 10184 2660 2671 10185 2659 2670 10186 2658 2669 10187 2660 2671 10188 2658 2669 10189 2661 2672 10190 2662 2673 10191 2661 2672 10192 2658 2669 10193 2661 2672 10194 2662 2673 10195 2663 2674 10196 2664 2675 10197 2663 2674 10198 2662 2673 10199 2665 2676 10200 2663 2674 10201 2664 2675 10202 2666 2677 10203 2667 2678 10204 2668 2679 10205 2669 2680 10206 2670 2681 10207 2671 2682 10208 2672 2683 10209 2671 2682 10210 2670 2681 10211 2671 2682 10212 2672 2683 10213 2673 2684 10214 2674 2685 10215 2673 2684 10216 2672 2683 10217 2674 2685 10218 2675 2686 10219 2673 2684 10220 2676 2687 10221 2673 2684 10222 2675 2686 10223 2677 2688 10224 2678 2689 10225 2679 2690 10226 2680 2691 10227 2679 2690 10228 2678 2689 10229 2680 2691 10230 2678 2689 10231 2681 2692 10232 2682 2693 10233 2681 2692 10234 2678 2689 10235 2681 2692 10236 2682 2693 10237 2683 2694 10238 2684 2695 10239 2683 2694 10240 2682 2693 10241 2685 2696 10242 2683 2694 10243 2684 2695 10244 2686 2697 10245 2687 2698 10246 2688 2699 10247 2689 2700 10248 2690 2701 10249 2691 2702 10250 2692 2703 10251 2691 2702 10252 2690 2701 10253 2691 2702 10254 2692 2703 10255 2693 2704 10256 2694 2705 10257 2693 2704 10258 2692 2703 10259 2694 2705 10260 2695 2706 10261 2693 2704 10262 2696 2707 10263 2693 2704 10264 2695 2706 10265 2697 2708 10266 2698 2709 10267 2699 2710 10268 2700 2711 10269 2699 2710 10270 2698 2709 10271 2700 2711 10272 2698 2709 10273 2701 2712 10274 2702 2713 10275 2701 2712 10276 2698 2709 10277 2701 2712 10278 2702 2713 10279 2703 2714 10280 2704 2715 10281 2703 2714 10282 2702 2713 10283 2705 2716 10284 2703 2714 10285 2704 2715 10286 2706 2717 10287 2707 2718 10288 2708 2719 10289 2709 2720 10290 2710 2721 10291 2711 2722 10292 2712 2723 10293 2711 2722 10294 2710 2721 10295 2711 2722 10296 2712 2723 10297 2713 2724 10298 2714 2725 10299 2713 2724 10300 2712 2723 10301 2714 2725 10302 2715 2726 10303 2713 2724 10304 2716 2727 10305 2713 2724 10306 2715 2726 10307 2717 2728 10308 2718 2729 10309 2719 2730 10310 2720 2731 10311 2719 2730 10312 2718 2729 10313 2720 2731 10314 2718 2729 10315 2721 2732 10316 2722 2733 10317 2721 2732 10318 2718 2729 10319 2721 2732 10320 2722 2733 10321 2723 2734 10322 2724 2735 10323 2723 2734 10324 2722 2733 10325 2725 2736 10326 2726 2737 10327 2727 2738 10328 2728 2739 10329 2727 2738 10330 2726 2737 10331 2728 2739 10332 2726 2737 10333 2729 2740 10334 2730 2741 10335 2729 2740 10336 2726 2737 10337 2729 2740 10338 2730 2741 10339 2731 2742 10340 2732 2743 10341 2731 2742 10342 2730 2741 10343 2733 2744 10344 2731 2742 10345 2732 2743 10346 2734 2745 10347 2735 2746 10348 2736 2747 10349 2737 2748 10350 2738 2748 10351 2739 2748 10352 2740 2749 10353 2741 2749 10354 2742 2749 10355 2743 2750 10356 2744 2751 10357 2745 2752 10358 2746 2753 10359 2745 2752 10360 2744 2751 10361 2744 2751 10362 2743 2750 10363 2747 2754 10364 2748 2755 10365 2747 2754 10366 2743 2750 10367 2747 2754 10368 2748 2755 10369 2749 2756 10370 2750 2757 10371 2749 2756 10372 2748 2755 10373 2751 2758 10374 2749 2756 10375 2750 2757 10376 2752 2759 10377 2753 2760 10378 2754 2761 10379 2755 2762 10380 2756 2763 10381 2757 2764 10382 2758 2765 10383 2757 2764 10384 2756 2763 10385 2757 2764 10386 2758 2765 10387 2759 2766 10388 2760 2767 10389 2759 2766 10390 2758 2765 10391 2761 2768 10392 2762 1066 10393 2763 2769 10394 2764 2770 10395 2763 2769 10396 2762 1066 10397 2761 2768 10398 2763 2769 10399 2765 2771 10400 2766 2772 10401 2765 2771 10402 2763 2769 10403 2767 2773 10404 2768 2774 10405 2769 2775 10406 2770 2776 10407 2769 2775 10408 2768 2774 10409 2770 2776 10410 2768 2774 10411 2771 2777 10412 2772 2778 10413 2770 2776 10414 2771 2777 10415 2773 2779 10416 2772 2778 10417 2771 2777 10418 2321 2329 10419 2323 2331 10420 2350 2358 10421 2351 2359 10422 2350 2358 10423 2323 2331 10424 2323 2331 10425 2326 2334 10426 2351 2359 10427 2355 2363 10428 2351 2359 10429 2326 2334 10430 2350 2358 10431 2342 2350 10432 2321 2329 10433 2328 2336 10434 2321 2329 10435 2342 2350 10436 2774 2780 10437 2467 2475 10438 2465 2473 10439 2496 2504 10440 2501 2509 10441 2485 2493 10442 2199 2207 10443 2196 2204 10444 2182 2190 10445 2182 2190 10446 2180 2188 10447 2199 2207 10448 2193 2201 10449 2199 2207 10450 2180 2188 10451 2775 2781 10452 2776 2782 10453 2777 2783 10454 2778 2784 10455 2777 2783 10456 2776 2782 10457 2775 2781 10458 2777 2783 10459 2779 2785 10460 2780 2786 10461 2779 2785 10462 2777 2783 10463 2776 2782 10464 2781 2787 10465 2778 2784 10466 2782 2788 10467 2778 2784 10468 2781 2787 10469 2781 2787 10470 2783 2789 10471 2782 2788 10472 2784 2790 10473 2782 2788 10474 2783 2789 10475 2783 2789 10476 2785 2791 10477 2784 2790 10478 2786 2792 10479 2784 2790 10480 2785 2791 10481 2777 2783 10482 2778 2784 10483 2787 2793 10484 2777 2783 10485 2787 2793 10486 2780 2786 10487 2788 2794 10488 2787 2793 10489 2778 2784 10490 2778 2784 10491 2782 2788 10492 2788 2794 10493 2789 2795 10494 2780 2786 10495 2787 2793 10496 2784 2790 10497 2786 2792 10498 2790 2796 10499 2791 2797 10500 2790 2796 10501 2786 2792 10502 2782 2788 10503 2784 2790 10504 2792 2798 10505 2790 2796 10506 2792 2798 10507 2784 2790 10508 2792 2798 10509 2788 2794 10510 2782 2788 10511 2787 2793 10512 2788 2794 10513 2793 2799 10514 2787 2793 10515 2793 2799 10516 2789 2795 10517 2794 2800 10518 2793 2799 10519 2788 2794 10520 2788 2794 10521 2792 2798 10522 2794 2800 10523 2795 2801 10524 2789 2795 10525 2793 2799 10526 2790 2796 10527 2791 2797 10528 2796 2802 10529 2797 2803 10530 2796 2802 10531 2791 2797 10532 2792 2798 10533 2790 2796 10534 2798 2804 10535 2796 2802 10536 2798 2804 10537 2790 2796 10538 2798 2804 10539 2794 2800 10540 2792 2798 10541 2799 2805 10542 2793 2799 10543 2794 2800 10544 2800 2806 10545 2795 2801 10546 2793 2799 10547 2799 2805 10548 2800 2806 10549 2793 2799 10550 2801 2807 10551 2796 2802 10552 2797 2803 10553 2802 2808 10554 2798 2804 10555 2796 2802 10556 2802 2808 10557 2794 2800 10558 2798 2804 10559 2801 2807 10560 2802 2808 10561 2796 2802 10562 2799 2805 10563 2794 2800 10564 2802 2808 10565 2799 2805 10566 2803 2809 10567 2800 2806 10568 2799 2805 10569 2802 2808 10570 2803 2809 10571 2804 2810 10572 2800 2806 10573 2803 2809 10574 2802 2808 10575 2801 2807 10576 2805 2811 10577 2805 2811 10578 2803 2809 10579 2802 2808 10580 2806 2812 10581 2805 2811 10582 2801 2807 10583 2807 2813 10584 2804 2810 10585 2803 2809 10586 2807 2813 10587 2805 2811 10588 2806 2812 10589 2807 2813 10590 2803 2809 10591 2805 2811 10592 2806 2812 10593 2801 2807 10594 2808 2814 10595 2807 2813 10596 2806 2812 10597 2808 2814 10598 2809 2815 10599 2808 2814 10600 2801 2807 10601 2801 2807 10602 2797 2803 10603 2809 2815 10604 2809 2815 10605 2797 2803 10606 2810 2816 10607 2797 2803 10608 2791 2797 10609 2810 2816 10610 2811 2817 10611 2810 2816 10612 2791 2797 10613 2791 2797 10614 2786 2792 10615 2811 2817 10616 2812 2818 10617 2811 2817 10618 2786 2792 10619 2786 2792 10620 2785 2791 10621 2812 2818 10622 2813 2819 10623 2812 2818 10624 2785 2791 10625 2814 2820 10626 2815 2821 10627 2816 2822 10628 2817 2823 10629 2816 2822 10630 2815 2821 10631 2817 2823 10632 2818 2824 10633 2816 2822 10634 2819 2825 10635 2816 2822 10636 2818 2824 10637 2818 2824 10638 2820 2826 10639 2819 2825 10640 2821 2827 10641 2819 2825 10642 2820 2826 10643 2814 2820 10644 2816 2822 10645 2822 2828 10646 2823 2829 10647 2822 2828 10648 2816 2822 10649 2816 2822 10650 2819 2825 10651 2823 2829 10652 2822 2828 10653 2823 2829 10654 2824 2830 10655 2825 2831 10656 2824 2830 10657 2823 2829 10658 2823 2829 10659 2826 2832 10660 2825 2831 10661 2826 2832 10662 2823 2829 10663 2819 2825 10664 2819 2825 10665 2821 2827 10666 2826 2832 10667 2827 2833 10668 2825 2831 10669 2826 2832 10670 2827 2833 10671 2826 2832 10672 2828 2834 10673 2829 2835 10674 2828 2834 10675 2826 2832 10676 2829 2835 10677 2826 2832 10678 2821 2827 10679 2824 2830 10680 2825 2831 10681 2830 2836 10682 2831 2837 10683 2830 2836 10684 2825 2831 10685 2825 2831 10686 2827 2833 10687 2831 2837 10688 2830 2836 10689 2831 2837 10690 2832 2838 10691 2833 2839 10692 2832 2838 10693 2831 2837 10694 2833 2839 10695 2834 2840 10696 2832 2838 10697 2834 2840 10698 2833 2839 10699 2835 2841 10700 2836 2842 10701 2835 2841 10702 2833 2839 10703 2837 2843 10704 2832 2838 10705 2834 2840 10706 2831 2837 10707 2838 2844 10708 2833 2839 10709 2836 2842 10710 2833 2839 10711 2838 2844 10712 2838 2844 10713 2831 2837 10714 2827 2833 10715 2827 2833 10716 2828 2834 10717 2838 2844 10718 2838 2844 10719 2839 2845 10720 2836 2842 10721 2839 2845 10722 2838 2844 10723 2828 2834 10724 2840 2846 10725 2836 2842 10726 2839 2845 10727 2835 2841 10728 2836 2842 10729 2840 2846 10730 2840 2846 10731 2839 2845 10732 2841 2847 10733 2828 2834 10734 2841 2847 10735 2839 2845 10736 2842 2848 10737 2843 2849 10738 2844 2850 10739 2845 2851 10740 2844 2850 10741 2843 2849 10742 2842 2848 10743 2844 2850 10744 2846 2852 10745 2844 2850 10746 2847 2853 10747 2846 2852 10748 2848 2854 10749 2846 2852 10750 2847 2853 10751 2847 2853 10752 2849 2855 10753 2848 2854 10754 2850 2856 10755 2848 2854 10756 2849 2855 10757 2843 2849 10758 2842 2848 10759 2851 2857 10760 2852 2858 10761 2851 2857 10762 2842 2848 10763 2842 2848 10764 2846 2852 10765 2852 2858 10766 2853 2859 10767 2851 2857 10768 2852 2858 10769 2850 2856 10770 2849 2855 10771 2854 2860 10772 2855 2861 10773 2854 2860 10774 2849 2855 10775 2854 2860 10776 2855 2861 10777 2856 2862 10778 2857 2863 10779 2856 2862 10780 2855 2861 10781 2857 2863 10782 2858 2864 10783 2856 2862 10784 2858 2864 10785 2857 2863 10786 2859 2865 10787 2860 2866 10788 2859 2865 10789 2857 2863 10790 2859 2865 10791 2861 2867 10792 2858 2864 10793 2862 2868 10794 2858 2864 10795 2861 2867 10796 2856 2862 10797 2858 2864 10798 2862 2868 10799 2861 2867 10800 2863 2869 10801 2862 2868 10802 2864 2870 10803 2865 2871 10804 2866 2872 10805 2867 2873 10806 2866 2872 10807 2865 2871 10808 2866 2872 10809 2868 2874 10810 2864 2870 10811 2869 2875 10812 2864 2870 10813 2868 2874 10814 2866 2872 10815 2867 2873 10816 2870 2876 10817 2871 2877 10818 2870 2876 10819 2867 2873 10820 2865 2871 10821 2864 2870 10822 2872 2878 10823 2873 2879 10824 2872 2878 10825 2864 2870 10826 2864 2870 10827 2869 2875 10828 2873 2879 10829 2872 2878 10830 2873 2879 10831 2874 2880 10832 2875 2881 10833 2874 2880 10834 2873 2879 10835 2873 2879 10836 2876 2882 10837 2875 2881 10838 2876 2882 10839 2873 2879 10840 2869 2875 10841 2877 2883 10842 2875 2881 10843 2876 2882 10844 2870 2876 10845 2878 2884 10846 2866 2872 10847 2868 2874 10848 2866 2872 10849 2878 2884 10850 2875 2881 10851 2877 2883 10852 2879 2885 10853 2880 2886 10854 2879 2885 10855 2877 2883 10856 2879 2885 10857 2880 2886 10858 2881 2887 10859 2881 2887 10860 2882 2888 10861 2879 2885 10862 2883 2889 10863 2879 2885 10864 2882 2888 10865 2879 2885 10866 2883 2889 10867 2875 2881 10868 2874 2880 10869 2875 2881 10870 2883 2889 10871 2884 2890 10872 2881 2887 10873 2880 2886 10874 2872 2878 10875 2874 2880 10876 2885 2891 10877 2886 2892 10878 2885 2891 10879 2874 2880 10880 2874 2880 10881 2883 2889 10882 2886 2892 10883 2885 2891 10884 2886 2892 10885 2887 2893 10886 2888 2894 10887 2885 2891 10888 2887 2893 10889 2886 2892 10890 2889 2895 10891 2887 2893 10892 2889 2895 10893 2886 2892 10894 2883 2889 10895 2883 2889 10896 2882 2888 10897 2889 2895 10898 2890 2896 10899 2887 2893 10900 2889 2895 10901 2890 2896 10902 2889 2895 10903 2891 2897 10904 2892 2898 10905 2891 2897 10906 2889 2895 10907 2892 2898 10908 2889 2895 10909 2882 2888 10910 2888 2894 10911 2893 2899 10912 2885 2891 10913 2888 2894 10914 2894 2900 10915 2893 2899 10916 2888 2894 10917 2895 2901 10918 2894 2900 10919 2895 2901 10920 2896 2902 10921 2894 2900 10922 2893 2899 10923 2894 2900 10924 2865 2871 10925 2867 2873 10926 2865 2871 10927 2894 2900 10928 2894 2900 10929 2896 2902 10930 2867 2873 10931 2871 2877 10932 2867 2873 10933 2896 2902 10934 2865 2871 10935 2872 2878 10936 2893 2899 10937 2885 2891 10938 2893 2899 10939 2872 2878 10940 2896 2902 10941 2895 2901 10942 2897 2903 10943 2895 2901 10944 2898 2904 10945 2897 2903 10946 2897 2903 10947 2898 2904 10948 2899 2905 10949 2899 2905 10950 2898 2904 10951 2900 2906 10952 2900 2906 10953 2898 2904 10954 2901 2907 10955 2902 2908 10956 2900 2906 10957 2901 2907 10958 2902 2908 10959 2901 2907 10960 2903 2909 10961 2904 2910 10962 2903 2909 10963 2901 2907 10964 2904 2910 10965 2905 2911 10966 2903 2909 10967 2906 2912 10968 2903 2909 10969 2905 2911 10970 2899 2905 10971 2907 2913 10972 2897 2903 10973 2908 2914 10974 2897 2903 10975 2907 2913 10976 2908 2914 10977 2907 2913 10978 2909 2915 10979 2910 2916 10980 2909 2915 10981 2907 2913 10982 2909 2915 10983 2910 2916 10984 2911 2917 10985 2912 2918 10986 2911 2917 10987 2910 2916 10988 2909 2915 10989 2870 2876 10990 2908 2914 10991 2871 2877 10992 2908 2914 10993 2870 2876 10994 2907 2913 10995 2913 2919 10996 2910 2916 10997 2914 2920 10998 2910 2916 10999 2913 2919 11000 2910 2916 11001 2914 2920 11002 2912 2918 11003 2913 2919 11004 2915 2921 11005 2914 2920 11006 2916 2922 11007 2914 2920 11008 2915 2921 11009 2914 2920 11010 2916 2922 11011 2917 2923 11012 2917 2923 11013 2912 2918 11014 2914 2920 11015 2918 2924 11016 2917 2923 11017 2916 2922 11018 2911 2917 11019 2878 2884 11020 2909 2915 11021 2870 2876 11022 2909 2915 11023 2878 2884 11024 2916 2922 11025 2919 2925 11026 2918 2924 11027 2920 2926 11028 2918 2924 11029 2919 2925 11030 2919 2925 11031 2921 2927 11032 2920 2926 11033 2921 2927 11034 2919 2925 11035 2922 2928 11036 2923 2929 11037 2922 2928 11038 2919 2925 11039 2915 2921 11040 2923 2929 11041 2916 2922 11042 2919 2925 11043 2916 2922 11044 2923 2929 11045 2924 2930 11046 2920 2926 11047 2921 2927 11048 2913 2919 11049 2900 2906 11050 2915 2921 11051 2902 2908 11052 2915 2921 11053 2900 2906 11054 2915 2921 11055 2902 2908 11056 2923 2929 11057 2903 2909 11058 2923 2929 11059 2902 2908 11060 2923 2929 11061 2903 2909 11062 2922 2928 11063 2906 2912 11064 2922 2928 11065 2903 2909 11066 2900 2906 11067 2913 2919 11068 2899 2905 11069 2907 2913 11070 2899 2905 11071 2913 2919 11072 2925 2931 11073 2926 2932 11074 2927 2933 11075 2928 2934 11076 2927 2933 11077 2926 2932 11078 2926 2932 11079 2925 2931 11080 2929 2935 11081 2930 2936 11082 2929 2935 11083 2925 2931 11084 2927 2933 11085 2928 2934 11086 2931 2937 11087 2932 2938 11088 2931 2937 11089 2928 2934 11090 2931 2937 11091 2932 2938 11092 2933 2939 11093 2934 2940 11094 2933 2939 11095 2932 2938 11096 2933 2939 11097 2934 2940 11098 2935 2941 11099 2936 2942 11100 2935 2941 11101 2934 2940 11102 2935 2941 11103 2936 2942 11104 2937 2943 11105 2938 2944 11106 2937 2943 11107 2936 2942 11108 2937 2943 11109 2938 2944 11110 2939 2945 11111 2940 2946 11112 2939 2945 11113 2938 2944 11114 2928 2934 11115 2926 2932 11116 2941 2947 11117 2942 2948 11118 2941 2947 11119 2926 2932 11120 2942 2948 11121 2943 2949 11122 2941 2947 11123 2944 2950 11124 2941 2947 11125 2943 2949 11126 2941 2947 11127 2944 2950 11128 2945 2951 11129 2946 2952 11130 2945 2951 11131 2944 2950 11132 2945 2951 11133 2946 2952 11134 2947 2953 11135 2934 2940 11136 2932 2938 11137 2947 2953 11138 2945 2951 11139 2947 2953 11140 2932 2938 11141 2948 2954 11142 2947 2953 11143 2946 2952 11144 2947 2953 11145 2948 2954 11146 2949 2955 11147 2936 2942 11148 2934 2940 11149 2949 2955 11150 2947 2953 11151 2949 2955 11152 2934 2940 11153 2950 2956 11154 2949 2955 11155 2948 2954 11156 2949 2955 11157 2950 2956 11158 2951 2957 11159 2938 2944 11160 2936 2942 11161 2951 2957 11162 2949 2955 11163 2951 2957 11164 2936 2942 11165 2952 2958 11166 2951 2957 11167 2950 2956 11168 2952 2958 11169 2953 2959 11170 2951 2957 11171 2954 2960 11172 2951 2957 11173 2953 2959 11174 2940 2946 11175 2938 2944 11176 2954 2960 11177 2951 2957 11178 2954 2960 11179 2938 2944 11180 2941 2947 11181 2945 2951 11182 2928 2934 11183 2932 2938 11184 2928 2934 11185 2945 2951 11186 2954 2960 11187 2953 2959 11188 2955 2961 11189 2955 2961 11190 2956 2962 11191 2954 2960 11192 2956 2962 11193 2955 2961 11194 2957 2963 11195 2956 2962 11196 2957 2963 11197 2958 2964 11198 2959 2965 11199 2958 2964 11200 2957 2963 11201 2958 2964 11202 2939 2945 11203 2956 2962 11204 2940 2946 11205 2956 2962 11206 2939 2945 11207 2940 2946 11208 2954 2960 11209 2956 2962 11210 2957 2963 11211 2960 2966 11212 2959 2965 11213 2961 2967 11214 2959 2965 11215 2960 2966 11216 2960 2966 11217 2962 2968 11218 2961 2967 11219 2963 2969 11220 2961 2967 11221 2962 2968 11222 2962 2968 11223 2964 2970 11224 2963 2969 11225 2965 2971 11226 2963 2969 11227 2964 2970 11228 2964 2970 11229 2966 2972 11230 2965 2971 11231 2967 2973 11232 2965 2971 11233 2966 2972 11234 2966 2972 11235 2968 2974 11236 2967 2973 11237 2969 2975 11238 2967 2973 11239 2968 2974 11240 2964 2970 11241 2970 2976 11242 2966 2972 11243 2971 2977 11244 2966 2972 11245 2970 2976 11246 2971 2977 11247 2970 2976 11248 2972 2978 11249 2973 2979 11250 2972 2978 11251 2970 2976 11252 2970 2976 11253 2974 2980 11254 2973 2979 11255 2970 2976 11256 2964 2970 11257 2974 2980 11258 2962 2968 11259 2974 2980 11260 2964 2970 11261 2975 2981 11262 2973 2979 11263 2974 2980 11264 2974 2980 11265 2976 2982 11266 2975 2981 11267 2974 2980 11268 2962 2968 11269 2976 2982 11270 2977 2983 11271 2975 2981 11272 2976 2982 11273 2976 2982 11274 2978 2984 11275 2977 2983 11276 2979 2985 11277 2977 2983 11278 2978 2984 11279 2978 2984 11280 2955 2961 11281 2979 2985 11282 2980 2986 11283 2979 2985 11284 2955 2961 11285 2980 2986 11286 2955 2961 11287 2981 2987 11288 2978 2984 11289 2957 2963 11290 2955 2961 11291 2976 2982 11292 2960 2966 11293 2978 2984 11294 2957 2963 11295 2978 2984 11296 2960 2966 11297 2960 2966 11298 2976 2982 11299 2962 2968 11300 2982 2988 11301 2983 2989 11302 2984 2990 11303 2985 2991 11304 2984 2990 11305 2983 2989 11306 2985 2991 11307 2983 2989 11308 2986 2992 11309 2987 2993 11310 2986 2992 11311 2983 2989 11312 2987 2993 11313 2983 2989 11314 2988 2994 11315 2989 2995 11316 2988 2994 11317 2983 2989 11318 2984 2990 11319 2990 2996 11320 2982 2988 11321 2991 2997 11322 2982 2988 11323 2990 2996 11324 2985 2991 11325 2986 2992 11326 2992 2998 11327 2993 2999 11328 2992 2998 11329 2986 2992 11330 2993 2999 11331 2994 3000 11332 2992 2998 11333 2994 3000 11334 2995 3001 11335 2992 2998 11336 2996 3002 11337 2992 2998 11338 2995 3001 11339 2984 2990 11340 2985 2991 11341 2996 3002 11342 2992 2998 11343 2996 3002 11344 2985 2991 11345 2995 3001 11346 2997 3003 11347 2996 3002 11348 2998 3004 11349 2996 3002 11350 2997 3003 11351 2996 3002 11352 2998 3004 11353 2999 3005 11354 3000 3006 11355 2997 3003 11356 2995 3001 11357 3000 3006 11358 2995 3001 11359 2994 3000 11360 2990 2996 11361 2984 2990 11362 2999 3005 11363 2996 3002 11364 2999 3005 11365 2984 2990 11366 3001 3007 11367 3002 3008 11368 3003 3009 11369 3004 3010 11370 3003 3009 11371 3002 3008 11372 3003 3009 11373 3004 3010 11374 3005 3011 11375 3005 3011 11376 3006 3012 11377 3003 3009 11378 3007 3013 11379 3003 3009 11380 3006 3012 11381 3008 3014 11382 3005 3011 11383 3004 3010 11384 3002 3008 11385 3001 3007 11386 3009 3015 11387 3010 3016 11388 3009 3015 11389 3001 3007 11390 3001 3007 11391 3011 3017 11392 3010 3016 11393 3007 3013 11394 3011 3017 11395 3003 3009 11396 3001 3007 11397 3003 3009 11398 3011 3017 11399 3012 3018 11400 3010 3016 11401 3011 3017 11402 3009 3015 11403 3010 3016 11404 3013 3019 11405 3014 3020 11406 3013 3019 11407 3010 3016 11408 3012 3018 11409 3015 3021 11410 3010 3016 11411 3014 3020 11412 3010 3016 11413 3015 3021 11414 3009 3022 11415 3016 3023 11416 3017 3024 11417 3018 3025 11418 3017 3024 11419 3016 3023 11420 3009 3022 11421 3017 3024 11422 3019 3026 11423 3020 3027 11424 3019 3026 11425 3017 3024 11426 3021 3028 11427 3019 3026 11428 3020 3027 11429 3021 3028 11430 3022 3029 11431 3019 3026 11432 3023 3030 11433 3019 3026 11434 3022 3029 11435 3023 3030 11436 3022 3029 11437 3008 3031 11438 3024 3032 11439 3008 3031 11440 3022 3029 11441 3025 3033 11442 3026 3034 11443 3027 3035 11444 3026 3034 11445 3028 3036 11446 3027 3035 11447 3028 3036 11448 3029 3037 11449 3027 3035 11450 3026 3034 11451 3025 3033 11452 3030 3038 11453 3031 3039 11454 3030 3038 11455 3025 3033 11456 3032 3040 11457 3033 3041 11458 3034 3042 11459 3035 3043 11460 3034 3042 11461 3033 3041 11462 3036 3044 11463 3037 3045 11464 3038 3046 11465 3039 3047 11466 3038 3046 11467 3037 3045 11468 3037 3045 11469 3036 3044 11470 3040 3048 11471 3041 3049 11472 3040 3048 11473 3036 3044 11474 3040 3048 11475 3041 3049 11476 3042 3050 11477 3043 3051 11478 3042 3050 11479 3041 3049 11480 3044 3052 11481 3045 3053 11482 3046 3054 11483 3047 3055 11484 3046 3054 11485 3045 3053 11486 3046 3054 11487 3047 3055 11488 3048 3056 11489 3049 3057 11490 3048 3056 11491 3047 3055 11492 3048 3056 11493 3049 3057 11494 3050 3058 11495 3051 3059 11496 3050 3058 11497 3049 3057 11498 3052 3060 11499 3050 3058 11500 3051 3059 11501 3049 3057 11502 3047 3055 11503 3053 3061 11504 3053 3061 11505 3054 3062 11506 3049 3057 11507 3055 3063 11508 3049 3057 11509 3054 3062 11510 3054 3062 11511 3056 3064 11512 3055 3063 11513 3057 3065 11514 3053 3061 11515 3047 3055 11516 3047 3055 11517 3058 3066 11518 3057 3065 11519 3059 3067 11520 3057 3065 11521 3058 3066 11522 3060 3068 11523 3061 3069 11524 3062 3070 11525 3063 3071 11526 3064 3072 11527 3065 3073 11528 3066 3074 11529 3065 3073 11530 3064 3072 11531 3064 3072 11532 3063 3071 11533 3067 3075 11534 3068 3076 11535 3067 3075 11536 3063 3071 11537 3067 3075 11538 3068 3076 11539 3069 3077 11540 3070 3078 11541 3069 3077 11542 3068 3076 11543 3071 3079 11544 3072 3080 11545 3073 3081 11546 3074 3082 11547 3073 3081 11548 3072 3080 11549 3073 3081 11550 3074 3082 11551 3075 3083 11552 3076 3084 11553 3075 3083 11554 3074 3082 11555 3075 3083 11556 3076 3084 11557 3077 3085 11558 3078 3086 11559 3077 3085 11560 3076 3084 11561 3079 3087 11562 3077 3085 11563 3078 3086 11564 3076 3084 11565 3074 3082 11566 3080 3088 11567 3080 3088 11568 3081 3089 11569 3076 3084 11570 3082 3090 11571 3076 3084 11572 3081 3089 11573 3081 3089 11574 3083 3091 11575 3082 3090 11576 3084 3092 11577 3080 3088 11578 3074 3082 11579 3074 3082 11580 3085 3093 11581 3084 3092 11582 3086 3094 11583 3084 3092 11584 3085 3093 11585 3087 3095 11586 3088 3096 11587 3089 3097 11588 3090 3098 11589 3091 3099 11590 3092 3100 11591 3093 3101 11592 3092 3100 11593 3091 3099 11594 3091 3099 11595 3090 3098 11596 3094 3102 11597 3095 3103 11598 3094 3102 11599 3090 3098 11600 3094 3102 11601 3095 3103 11602 3096 3104 11603 3097 3105 11604 3096 3104 11605 3095 3103 11606 3098 3106 11607 3099 3107 11608 3100 3108 11609 3101 3109 11610 3100 3108 11611 3099 3107 11612 3100 3108 11613 3101 3109 11614 3102 3110 11615 3103 3111 11616 3102 3110 11617 3101 3109 11618 3102 3110 11619 3103 3111 11620 3104 3112 11621 3105 3113 11622 3104 3112 11623 3103 3111 11624 3106 3114 11625 3104 3112 11626 3105 3113 11627 3103 3111 11628 3101 3109 11629 3107 3115 11630 3107 3115 11631 3108 3116 11632 3103 3111 11633 3109 3117 11634 3103 3111 11635 3108 3116 11636 3108 3116 11637 3110 3118 11638 3109 3117 11639 3111 3119 11640 3107 3115 11641 3101 3109 11642 3101 3109 11643 3112 3120 11644 3111 3119 11645 3113 3121 11646 3111 3119 11647 3112 3120 11648 3114 3122 11649 3115 3123 11650 3116 3124 11651 3117 3125 11652 3118 3126 11653 3119 3127 11654 3120 3128 11655 3119 3127 11656 3118 3126 11657 3118 3126 11658 3117 3125 11659 3121 3129 11660 3122 3130 11661 3121 3129 11662 3117 3125 11663 3121 3129 11664 3122 3130 11665 3123 3131 11666 3124 3132 11667 3123 3131 11668 3122 3130 11669 3125 3133 11670 3126 3134 11671 3127 3135 11672 3128 3136 11673 3127 3135 11674 3126 3134 11675 3127 3135 11676 3128 3136 11677 3129 3137 11678 3130 3138 11679 3129 3137 11680 3128 3136 11681 3129 3137 11682 3130 3138 11683 3131 3139 11684 3132 3140 11685 3131 3139 11686 3130 3138 11687 3133 3141 11688 3131 3139 11689 3132 3140 11690 3130 3138 11691 3128 3136 11692 3134 3142 11693 3134 3142 11694 3135 3143 11695 3130 3138 11696 3136 3144 11697 3130 3138 11698 3135 3143 11699 3135 3143 11700 3137 3145 11701 3136 3144 11702 3138 3146 11703 3134 3142 11704 3128 3136 11705 3128 3136 11706 3139 3147 11707 3138 3146 11708 3140 3148 11709 3138 3146 11710 3139 3147 11711 3141 3149 11712 3142 3150 11713 3143 3151 11714 3144 3152 11715 3145 3153 11716 3146 3154 11717 3147 3155 11718 3146 3154 11719 3145 3153 11720 3145 3153 11721 3144 3152 11722 3148 3156 11723 3149 3157 11724 3148 3156 11725 3144 3152 11726 3148 3156 11727 3149 3157 11728 3150 3158 11729 3151 3159 11730 3150 3158 11731 3149 3157 11732 3152 3160 11733 3153 3161 11734 3154 3162 11735 3155 3163 11736 3154 3162 11737 3153 3161 11738 3154 3162 11739 3155 3163 11740 3156 3164 11741 3157 3165 11742 3156 3164 11743 3155 3163 11744 3156 3164 11745 3157 3165 11746 3158 3166 11747 3159 3167 11748 3158 3166 11749 3157 3165 11750 3160 3168 11751 3158 3166 11752 3159 3167 11753 3157 3165 11754 3155 3163 11755 3161 3169 11756 3161 3169 11757 3162 3170 11758 3157 3165 11759 3163 3171 11760 3157 3165 11761 3162 3170 11762 3162 3170 11763 3164 3172 11764 3163 3171 11765 3165 3173 11766 3161 3169 11767 3155 3163 11768 3155 3163 11769 3166 3174 11770 3165 3173 11771 3167 3175 11772 3165 3173 11773 3166 3174 11774 3168 3176 11775 3169 3177 11776 3170 3178 11777 3171 3179 11778 3172 3180 11779 3173 3181 11780 3174 3182 11781 3173 3181 11782 3172 3180 11783 3172 3180 11784 3171 3179 11785 3175 3183 11786 3176 3184 11787 3175 3183 11788 3171 3179 11789 3175 3183 11790 3176 3184 11791 3177 3185 11792 3178 3186 11793 3177 3185 11794 3176 3184 11795 3179 3187 11796 3180 3188 11797 3181 3189 11798 3182 3190 11799 3181 3189 11800 3180 3188 11801 3180 3188 11802 3179 3187 11803 3183 3191 11804 3184 3192 11805 3183 3191 11806 3179 3187 11807 3183 3191 11808 3184 3192 11809 3185 3193 11810 3186 3194 11811 3185 3193 11812 3184 3192 11813 3187 3195 11814 3185 3193 11815 3186 3194 11816 3184 3192 11817 3179 3187 11818 3188 3196 11819 3188 3196 11820 3189 3197 11821 3184 3192 11822 3190 3198 11823 3184 3192 11824 3189 3197 11825 3189 3197 11826 3191 3199 11827 3190 3198 11828 3192 3200 11829 3188 3196 11830 3179 3187 11831 3179 3187 11832 3193 3201 11833 3192 3200 11834 3194 3202 11835 3192 3200 11836 3193 3201 11837 3195 3203 11838 3196 1066 11839 3197 3204 11840 3198 3205 11841 3197 3204 11842 3196 1066 11843 3195 3203 11844 3197 3204 11845 3199 3206 11846 3200 3207 11847 3199 3206 11848 3197 3204 11849 3201 3208 11850 3202 3209 11851 3203 3210 11852 3204 3211 11853 3203 3210 11854 3202 3209 11855 3204 3211 11856 3202 3209 11857 3205 3212 11858 3206 3213 11859 3204 3211 11860 3205 3212 11861 3207 3214 11862 3206 3213 11863 3205 3212 11864 2532 2540 11865 2530 2538 11866 2557 2565 11867 2558 2566 11868 2557 2565 11869 2530 2538 11870 2530 2538 11871 2529 2537 11872 2558 2566 11873 2562 2570 11874 2558 2566 11875 2529 2537 11876 2557 2565 11877 2549 2557 11878 2532 2540 11879 2534 2542 11880 2532 2540 11881 2549 2557 11882 2562 2570 11883 2529 2537 11884 3208 3215 11885 2562 2570 11886 3208 3215 11887 2560 2568 11888 3209 3216 11889 2560 2568 11890 3208 3215 11891 3208 3215 11892 3210 3217 11893 3209 3216 11894 3211 3218 11895 3209 3216 11896 3210 3217 11897 2560 2568 11898 3209 3216 11899 2559 2567 11900 3212 3219 11901 2559 2567 11902 3209 3216 11903 3209 3216 11904 3211 3218 11905 3212 3219 11906 3213 3220 11907 3212 3219 11908 3211 3218 11909 3211 3218 11910 3214 3221 11911 3213 3220 11912 3215 3222 11913 3213 3220 11914 3214 3221 11915 3214 3221 11916 3216 3223 11917 3215 3222 11918 3216 3223 11919 3214 3221 11920 3217 3224 11921 3218 3225 11922 3217 3224 11923 3214 3221 11924 3210 3217 11925 3218 3225 11926 3211 3218 11927 3214 3221 11928 3211 3218 11929 3218 3225 11930 3219 3226 11931 3215 3222 11932 3216 3223 11933 3216 3223 11934 3220 3227 11935 3219 3226 11936 3221 3228 11937 3219 3226 11938 3220 3227 11939 3220 3227 11940 3222 3229 11941 3221 3228 11942 3223 3230 11943 3221 3228 11944 3222 3229 11945 3222 3229 11946 3220 3227 11947 3224 3231 11948 3224 3231 11949 3225 3232 11950 3222 3229 11951 3226 3233 11952 3222 3229 11953 3225 3232 11954 3222 3229 11955 3226 3233 11956 3223 3230 11957 3227 3234 11958 3224 3231 11959 3220 3227 11960 3217 3224 11961 3227 3234 11962 3216 3223 11963 3220 3227 11964 3216 3223 11965 3227 3234 11966 3228 3235 11967 3223 3230 11968 3226 3233 11969 3226 3233 11970 3229 3236 11971 3228 3235 11972 3230 3237 11973 3228 3235 11974 3229 3236 11975 3229 3236 11976 2492 2500 11977 3230 3237 11978 2493 2501 11979 3230 3237 11980 2492 2500 11981 2492 2500 11982 3229 3236 11983 2494 2502 11984 3231 3238 11985 2494 2502 11986 3229 3236 11987 3225 3232 11988 3231 3238 11989 3226 3233 11990 3229 3236 11991 3226 3233 11992 3231 3238 11993 3224 3231 11994 2516 2524 11995 3225 3232 11996 2514 2522 11997 3225 3232 11998 2516 2524 11999 3225 3232 12000 2514 2522 12001 3231 3238 12002 2512 2520 12003 3231 3238 12004 2514 2522 12005 3231 3238 12006 2512 2520 12007 2494 2502 12008 2505 2513 12009 2494 2502 12010 2512 2520 12011 3227 3234 12012 2519 2527 12013 3224 3231 12014 2516 2524 12015 3224 3231 12016 2519 2527 12017 2519 2527 12018 3227 3234 12019 2521 2529 12020 3217 3224 12021 2521 2529 12022 3227 3234 12023 2521 2529 12024 3217 3224 12025 2523 2531 12026 3218 3225 12027 2523 2531 12028 3217 3224 12029 2523 2531 12030 3218 3225 12031 2525 2533 12032 3210 3217 12033 2525 2533 12034 3218 3225 12035 2525 2533 12036 3210 3217 12037 2527 2535 12038 3208 3215 12039 2527 2535 12040 3210 3217 12041 2527 2535 12042 3208 3215 12043 2529 2537 12044 3232 3239 12045 3233 3240 12046 3234 3241 12047 3235 3242 12048 3234 3241 12049 3233 3240 12050 3235 3242 12051 3236 3243 12052 3234 3241 12053 3237 3244 12054 3234 3241 12055 3236 3243 12056 3233 3240 12057 3232 3239 12058 3238 3245 12059 3239 3246 12060 3238 3245 12061 3232 3239 12062 3238 3245 12063 3239 3246 12064 3240 3247 12065 3241 3248 12066 3240 3247 12067 3239 3246 12068 3240 3247 12069 3241 3248 12070 3242 3249 12071 3243 3250 12072 3242 3249 12073 3241 3248 12074 3234 3241 12075 3244 3251 12076 3232 3239 12077 3234 3241 12078 3237 3244 12079 3244 3251 12080 3245 3252 12081 3232 3239 12082 3244 3251 12083 3232 3239 12084 3245 3252 12085 3239 3246 12086 3246 3253 12087 3244 3251 12088 3237 3244 12089 3241 3248 12090 3247 3254 12091 3243 3250 12092 3248 3255 12093 3243 3250 12094 3247 3254 12095 3247 3254 12096 3241 3248 12097 3249 3256 12098 3239 3246 12099 3249 3256 12100 3241 3248 12101 3249 3256 12102 3239 3246 12103 3245 3252 12104 3244 3251 12105 3250 3257 12106 3245 3252 12107 3244 3251 12108 3246 3253 12109 3250 3257 12110 3251 3258 12111 3245 3252 12112 3250 3257 12113 3245 3252 12114 3251 3258 12115 3249 3256 12116 3252 3259 12117 3250 3257 12118 3246 3253 12119 3247 3254 12120 3253 3260 12121 3248 3255 12122 3254 3261 12123 3248 3255 12124 3253 3260 12125 3253 3260 12126 3247 3254 12127 3255 3262 12128 3249 3256 12129 3255 3262 12130 3247 3254 12131 3255 3262 12132 3249 3256 12133 3251 3258 12134 3250 3257 12135 3256 3263 12136 3251 3258 12137 3252 3259 12138 3257 3264 12139 3250 3257 12140 3257 3264 12141 3256 3263 12142 3250 3257 12143 3253 3260 12144 3258 3265 12145 3254 3261 12146 3255 3262 12147 3259 3266 12148 3253 3260 12149 3251 3258 12150 3259 3266 12151 3255 3262 12152 3259 3266 12153 3258 3265 12154 3253 3260 12155 3251 3258 12156 3256 3263 12157 3259 3266 12158 3256 3263 12159 3257 3264 12160 3260 3267 12161 3256 3263 12162 3260 3267 12163 3259 3266 12164 3261 3268 12165 3260 3267 12166 3257 3264 12167 3259 3266 12168 3262 3269 12169 3258 3265 12170 3262 3269 12171 3259 3266 12172 3260 3267 12173 3263 3270 12174 3258 3265 12175 3262 3269 12176 3261 3268 12177 3264 3271 12178 3260 3267 12179 3262 3269 12180 3264 3271 12181 3263 3270 12182 3260 3267 12183 3264 3271 12184 3262 3269 12185 3263 3270 12186 3265 3272 12187 3258 3265 12188 3263 3270 12189 3264 3271 12190 3265 3272 12191 3266 3273 12192 3258 3265 12193 3265 3272 12194 3254 3261 12195 3258 3265 12196 3266 3273 12197 3254 3261 12198 3266 3273 12199 3267 3274 12200 3254 3261 12201 3267 3274 12202 3248 3255 12203 3268 3275 12204 3248 3255 12205 3267 3274 12206 3248 3255 12207 3268 3275 12208 3243 3250 12209 3269 3276 12210 3243 3250 12211 3268 3275 12212 3243 3250 12213 3269 3276 12214 3242 3249 12215 3270 3277 12216 3242 3249 12217 3269 3276 12218 3271 3278 12219 3272 3279 12220 3273 3280 12221 3274 3281 12222 3273 3280 12223 3272 3279 12224 3271 3278 12225 3273 3280 12226 3275 3282 12227 3276 3283 12228 3275 3282 12229 3273 3280 12230 3275 3282 12231 3276 3283 12232 3277 3284 12233 3278 3285 12234 3277 3284 12235 3276 3283 12236 3274 3281 12237 3279 3286 12238 3273 3280 12239 3280 3287 12240 3273 3280 12241 3279 3286 12242 3273 3280 12243 3280 3287 12244 3276 3283 12245 3279 3286 12246 3281 3288 12247 3280 3287 12248 3282 3289 12249 3280 3287 12250 3281 3288 12251 3280 3287 12252 3282 3289 12253 3283 3290 12254 3283 3290 12255 3276 3283 12256 3280 3287 12257 3276 3283 12258 3283 3290 12259 3278 3285 12260 3284 3291 12261 3283 3290 12262 3282 3289 12263 3284 3291 12264 3285 3292 12265 3283 3290 12266 3286 3293 12267 3283 3290 12268 3285 3292 12269 3286 3293 12270 3278 3285 12271 3283 3290 12272 3281 3288 12273 3287 3294 12274 3282 3289 12275 3288 3295 12276 3282 3289 12277 3287 3294 12278 3282 3289 12279 3288 3295 12280 3284 3291 12281 3287 3294 12282 3289 3296 12283 3288 3295 12284 3290 3297 12285 3288 3295 12286 3289 3296 12287 3290 3297 12288 3289 3296 12289 3291 3298 12290 3291 3298 12291 3292 3299 12292 3290 3297 12293 3293 3300 12294 3290 3297 12295 3292 3299 12296 3294 3301 12297 3291 3298 12298 3289 3296 12299 3293 3300 12300 3295 3302 12301 3290 3297 12302 3288 3295 12303 3290 3297 12304 3295 3302 12305 3295 3302 12306 3284 3291 12307 3288 3295 12308 3284 3291 12309 3295 3302 12310 3285 3292 12311 3295 3302 12312 3293 3300 12313 3296 3303 12314 3296 3303 12315 3285 3292 12316 3295 3302 12317 3297 3304 12318 3296 3303 12319 3293 3300 12320 3293 3300 12321 3292 3299 12322 3297 3304 12323 3296 3303 12324 3297 3304 12325 3298 3305 12326 3298 3305 12327 3285 3292 12328 3296 3303 12329 3299 3306 12330 3300 3307 12331 3301 3308 12332 3302 3309 12333 3301 3308 12334 3300 3307 12335 3299 3306 12336 3303 3310 12337 3300 3307 12338 3304 3311 12339 3300 3307 12340 3303 3310 12341 3304 3311 12342 3305 3312 12343 3300 3307 12344 3306 3313 12345 3300 3307 12346 3305 3312 12347 3301 3308 12348 3302 3309 12349 3307 3314 12350 3308 3315 12351 3307 3314 12352 3302 3309 12353 3299 3306 12354 3309 3316 12355 3303 3310 12356 3310 3317 12357 3303 3310 12358 3309 3316 12359 3311 3318 12360 3310 3317 12361 3309 3316 12362 3311 3318 12363 3309 3316 12364 3312 3319 12365 3313 3320 12366 3312 3319 12367 3309 3316 12368 3309 3316 12369 3299 3306 12370 3313 3320 12371 3301 3308 12372 3313 3320 12373 3299 3306 12374 3312 3319 12375 3313 3320 12376 3314 3321 12377 3315 3322 12378 3314 3321 12379 3313 3320 12380 3315 3322 12381 3313 3320 12382 3316 3323 12383 3314 3321 12384 3317 3324 12385 3312 3319 12386 3312 3319 12387 3317 3324 12388 3311 3318 12389 3313 3320 12390 3301 3308 12391 3316 3323 12392 3307 3314 12393 3316 3323 12394 3301 3308 12395 3318 3325 12396 3319 3326 12397 3320 3327 12398 3321 3328 12399 3320 3327 12400 3319 3326 12401 3319 3326 12402 3318 3325 12403 3322 3329 12404 3323 3330 12405 3322 3329 12406 3318 3325 12407 3322 3329 12408 3323 3330 12409 3324 3331 12410 3325 3332 12411 3324 3331 12412 3323 3330 12413 3325 3332 12414 3326 3333 12415 3324 3331 12416 3318 3325 12417 3320 3327 12418 1974 1980 12419 1975 1981 12420 1974 1980 12421 3320 3327 12422 3320 3327 12423 3327 3334 12424 1975 1981 12425 3320 3327 12426 3321 3328 12427 3327 3334 12428 1977 1983 12429 1975 1981 12430 3327 3334 12431 1974 1980 12432 1978 1984 12433 3318 3325 12434 3323 3330 12435 3318 3325 12436 1978 1984 12437 1978 1984 12438 1979 1985 12439 3323 3330 12440 3325 3332 12441 3323 3330 12442 1979 1985 12443 3328 3335 12444 3327 3334 12445 3321 3328 12446 3328 3335 12447 3321 3328 12448 3329 3336 12449 3330 3337 12450 3329 3336 12451 3321 3328 12452 3330 3337 12453 1948 1954 12454 3329 3336 12455 1948 1954 12456 3330 3337 12457 1949 1955 12458 3331 3338 12459 1949 1955 12460 3330 3337 12461 1949 1955 12462 3331 3338 12463 1951 1957 12464 3332 3339 12465 1951 1957 12466 3331 3338 12467 1951 1957 12468 3332 3339 12469 1953 1959 12470 3333 3340 12471 1953 1959 12472 3332 3339 12473 3333 3340 12474 1955 1961 12475 1953 1959 12476 1956 1962 12477 3329 3336 12478 1948 1954 12479 3331 3338 12480 3330 3337 12481 3319 3326 12482 3321 3328 12483 3319 3326 12484 3330 3337 12485 3319 3326 12486 3322 3329 12487 3331 3338 12488 3332 3339 12489 3331 3338 12490 3322 3329 12491 3322 3329 12492 3324 3331 12493 3332 3339 12494 3333 3340 12495 3332 3339 12496 3324 3331 12497 3333 3340 12498 3326 3333 12499 1955 1961 12500 3333 3340 12501 3324 3331 12502 3326 3333 12503 3326 3333 12504 1957 1963 12505 1955 1961 12506 1961 1967 12507 1957 1963 12508 3326 3333 12509 1965 1971 12510 1961 1967 12511 3326 3333 12512 3325 3332 12513 1965 1971 12514 3326 3333 12515 3325 3332 12516 1979 1985 12517 1965 1971 12518 3334 3341 12519 3335 3342 12520 3336 3343 12521 3337 3344 12522 3336 3343 12523 3335 3342 12524 3336 3343 12525 3338 3345 12526 3334 3341 12527 3338 3345 12528 3336 3343 12529 3339 3346 12530 3340 3347 12531 3339 3346 12532 3336 3343 12533 3341 3348 12534 3334 3341 12535 3338 3345 12536 3335 3342 12537 3342 3349 12538 3337 3344 12539 3343 3350 12540 3337 3344 12541 3342 3349 12542 3337 3344 12543 3343 3350 12544 3344 3351 12545 3337 3344 12546 3344 3351 12547 3336 3343 12548 3340 3347 12549 3336 3343 12550 3344 3351 12551 3345 3352 12552 3344 3351 12553 3343 3350 12554 3342 3349 12555 3346 3353 12556 3343 3350 12557 3347 3354 12558 3343 3350 12559 3346 3353 12560 3347 3354 12561 3348 3355 12562 3343 3350 12563 3345 3352 12564 3343 3350 12565 3348 3355 12566 3342 3356 12567 3349 3357 12568 3350 3358 12569 3351 3359 12570 3350 3358 12571 3349 3357 12572 3342 3356 12573 3352 3360 12574 3349 3357 12575 3353 3361 12576 3349 3357 12577 3352 3360 12578 3352 3360 12579 3354 3362 12580 3353 3361 12581 3354 3362 12582 3352 3360 12583 3355 3363 12584 3356 3364 12585 3355 3363 12586 3352 3360 12587 3356 3364 12588 3341 3365 12589 3355 3363 12590 3357 3366 12591 3355 3363 12592 3341 3365 12593 3358 3367 12594 3359 3368 12595 3360 3369 12596 3359 3368 12597 3361 3370 12598 3360 3369 12599 3362 3371 12600 3361 3370 12601 3359 3368 12602 3360 3369 12603 3363 3372 12604 3358 3367 12605 3364 3373 12606 3358 3367 12607 3363 3372 12608 3365 3374 12609 3366 3375 12610 3367 3376 12611 3368 3377 12612 3367 3376 12613 3366 3375 12614 3369 3378 12615 3370 3379 12616 3371 3380 12617 3372 3381 12618 3371 3380 12619 3370 3379 12620 3370 3379 12621 3373 3382 12622 3372 3381 12623 3374 3383 12624 3372 3381 12625 3373 3382 12626 3373 3382 12627 3375 3384 12628 3374 3383 12629 3376 3385 12630 3374 3383 12631 3375 3384 12632 3377 3386 12633 3378 3387 12634 3379 3388 12635 3380 3389 12636 3381 3390 12637 3382 3391 12638 3383 3392 12639 3382 3391 12640 3381 3390 12641 3381 3390 12642 3384 3393 12643 3383 3392 12644 3385 3394 12645 3383 3392 12646 3384 3393 12647 3384 3393 12648 3386 3395 12649 3385 3394 12650 3387 3396 12651 3385 3394 12652 3386 3395 12653 3388 3397 12654 3389 3398 12655 3390 3399 12656 3391 3400 12657 3392 3401 12658 3393 3402 12659 3394 3403 12660 3393 3402 12661 3392 3401 12662 3392 3401 12663 3395 3404 12664 3394 3403 12665 3396 3405 12666 3394 3403 12667 3395 3404 12668 3395 3404 12669 3397 3406 12670 3396 3405 12671 3398 3407 12672 3396 3405 12673 3397 3406 12674 3399 3408 12675 3400 3409 12676 3401 3410 12677 3402 3411 12678 3403 3412 12679 3404 3413 12680 3405 3414 12681 3404 3413 12682 3403 3412 12683 3403 3412 12684 3406 3415 12685 3405 3414 12686 3407 3416 12687 3405 3414 12688 3406 3415 12689 3406 3415 12690 3408 3417 12691 3407 3416 12692 3409 3418 12693 3407 3416 12694 3408 3417 12695 3410 3419 12696 3411 3420 12697 3412 3421 12698 3413 3422 12699 3414 3423 12700 3415 3424 12701 3416 3425 12702 3415 3424 12703 3414 3423 12704 3414 3423 12705 3417 3426 12706 3416 3425 12707 3418 3427 12708 3416 3425 12709 3417 3426 12710 3417 3426 12711 3419 3428 12712 3418 3427 12713 3420 3429 12714 3418 3427 12715 3419 3428 12716 3421 3430 12717 3422 3431 12718 3423 3432 12719 3424 3433 12720 3425 3434 12721 3426 3435 12722 3427 3436 12723 3426 3435 12724 3425 3434 12725 3425 3434 12726 3428 3437 12727 3427 3436 12728 3429 3438 12729 3427 3436 12730 3428 3437 12731 3428 3437 12732 3430 3439 12733 3429 3438 12734 3431 3440 12735 3429 3438 12736 3430 3439 12737 3432 3441 12738 3433 3441 12739 3434 3441 12740 3435 3442 12741 3436 3443 12742 3437 3444 12743 3438 3445 12744 3437 3444 12745 3436 3443 12746 3438 3445 12747 3439 3446 12748 3437 3444 12749 3440 3447 12750 3437 3444 12751 3439 3446 12752 3441 3448 12753 3442 3449 12754 3443 3450 12755 3444 3451 12756 3443 3450 12757 3442 3449 12758 3442 3449 12759 3441 3448 12760 3445 3452 12761 3445 3452 12762 3441 3448 12763 3446 3453 12764 3447 3454 12765 3445 3452 12766 3446 3453 12767 2897 2903 12768 2908 2914 12769 2896 2902 12770 2871 2877 12771 2896 2902 12772 2908 2914 12773 3448 3455 12774 3449 3456 12775 3450 3457 12776 3451 3458 12777 3450 3457 12778 3449 3456 12779 3450 3457 12780 3452 3459 12781 3448 3455 12782 3453 3460 12783 3448 3455 12784 3452 3459 12785 3452 3459 12786 3454 3461 12787 3453 3460 12788 3455 3462 12789 3453 3460 12790 3454 3461 12791 3455 3462 12792 3454 3461 12793 3456 3463 12794 3457 3464 12795 3455 3462 12796 3456 3463 12797 3458 3465 12798 3457 3464 12799 3456 3463 12800 3450 3457 12801 3451 3458 12802 3459 3466 12803 3460 3467 12804 3459 3466 12805 3451 3458 12806 3459 3466 12807 3460 3467 12808 3461 3468 12809 3461 3468 12810 3462 3469 12811 3459 3466 12812 3463 3470 12813 3459 3466 12814 3462 3469 12815 3452 3459 12816 3450 3457 12817 3463 3470 12818 3459 3466 12819 3463 3470 12820 3450 3457 12821 3464 3471 12822 3461 3468 12823 3460 3467 12824 3462 3469 12825 3465 3472 12826 3463 3470 12827 3466 3473 12828 3463 3470 12829 3465 3472 12830 3454 3461 12831 3452 3459 12832 3466 3473 12833 3463 3470 12834 3466 3473 12835 3452 3459 12836 3465 3472 12837 3467 3474 12838 3466 3473 12839 3468 3475 12840 3466 3473 12841 3467 3474 12842 3456 3463 12843 3454 3461 12844 3468 3475 12845 3466 3473 12846 3468 3475 12847 3454 3461 12848 3467 3474 12849 3465 3472 12850 3469 3476 12851 3470 3477 12852 3469 3476 12853 3465 3472 12854 3465 3472 12855 3462 3469 12856 3470 3477 12857 3470 3477 12858 3471 3478 12859 3469 3476 12860 3471 3478 12861 3470 3477 12862 3472 3479 12863 3473 3480 12864 3472 3479 12865 3470 3477 12866 3462 3469 12867 3461 3468 12868 3473 3480 12869 3473 3480 12870 3470 3477 12871 3462 3469 12872 3472 3479 12873 3473 3480 12874 3474 3481 12875 3475 3482 12876 3474 3481 12877 3473 3480 12878 3474 3481 12879 3475 3482 12880 3476 3483 12881 3477 3484 12882 3476 3483 12883 3475 3482 12884 3469 3476 12885 3471 3478 12886 3478 3485 12887 3479 3486 12888 3469 3476 12889 3478 3485 12890 3480 3487 12891 3473 3480 12892 3461 3468 12893 3461 3468 12894 3464 3471 12895 3480 3487 12896 3481 3488 12897 3480 3487 12898 3464 3471 12899 3482 3489 12900 3483 3490 12901 3484 3491 12902 3485 3492 12903 3484 3491 12904 3483 3490 12905 3483 3490 12906 3486 3493 12907 3485 3492 12908 3487 3494 12909 3485 3492 12910 3486 3493 12911 3486 3493 12912 3488 3495 12913 3487 3494 12914 3489 3496 12915 3487 3494 12916 3488 3495 12917 3488 3495 12918 3490 3497 12919 3489 3496 12920 3491 3498 12921 3489 3496 12922 3490 3497 12923 3492 3499 12924 3493 3500 12925 3494 3501 12926 3495 3502 12927 3494 3501 12928 3493 3500 12929 3493 3500 12930 3492 3499 12931 3496 3503 12932 3497 3504 12933 3496 3503 12934 3492 3499 12935 3494 3501 12936 3495 3502 12937 3498 3505 12938 3499 3506 12939 3498 3505 12940 3495 3502 12941 3495 3502 12942 3493 3500 12943 3500 3507 12944 3495 3502 12945 3500 3507 12946 3501 3508 12947 3502 3509 12948 3500 3507 12949 3493 3500 12950 3493 3500 12951 3503 3510 12952 3502 3509 12953 3504 3511 12954 3505 3512 12955 3506 3513 12956 3507 3514 12957 3506 3513 12958 3505 3512 12959 3508 3515 12960 3509 3516 12961 3510 3517 12962 3511 3518 12963 3510 3517 12964 3509 3516 12965 3512 3519 12966 3509 3516 12967 3508 3515 12968 3513 3520 12969 3514 3521 12970 3515 3522 12971 3516 3523 12972 3515 3522 12973 3514 3521 12974 3513 3520 12975 3515 3522 12976 3517 3524 12977 3518 3525 12978 3517 3524 12979 3515 3522 12980 3519 3526 12981 3520 3527 12982 3521 3528 12983 3522 3529 12984 3521 3528 12985 3520 3527 12986 3519 3526 12987 3523 3530 12988 3520 3527 12989 3524 3531 12990 3520 3527 12991 3523 3530 12992 3525 3532 12993 3526 3533 12994 3527 3534 12995 3528 3535 12996 3527 3534 12997 3526 3533 12998 3529 3536 12999 3530 3537 13000 3531 3538 13001 3532 3539 13002 3531 3538 13003 3530 3537 13004 3533 3540 13005 3534 3541 13006 3535 3542 13007 3536 3543 13008 3535 3542 13009 3534 3541 13010 3537 3544 13011 3538 3545 13012 3539 3546 13013 3540 3547 13014 3539 3546 13015 3538 3545 13016 3541 3548 13017 3542 3549 13018 3543 3550 13019 3544 3551 13020 3543 3550 13021 3542 3549 13022 3543 3550 13023 3545 3552 13024 3541 3548 13025 3546 3553 13026 3541 3548 13027 3545 3552 13028 3545 3552 13029 3547 3554 13030 3546 3553 13031 3548 3555 13032 3546 3553 13033 3547 3554 13034 3548 3555 13035 3547 3554 13036 3549 3556 13037 3550 3557 13038 3548 3555 13039 3549 3556 13040 3551 3558 13041 3550 3557 13042 3549 3556 13043 3543 3550 13044 3544 3551 13045 3552 3559 13046 3553 3560 13047 3552 3559 13048 3544 3551 13049 3552 3559 13050 3553 3560 13051 3554 3561 13052 3554 3561 13053 3555 3562 13054 3552 3559 13055 3556 3563 13056 3552 3559 13057 3555 3562 13058 3545 3552 13059 3543 3550 13060 3556 3563 13061 3552 3559 13062 3556 3563 13063 3543 3550 13064 3557 3564 13065 3554 3561 13066 3553 3560 13067 3555 3562 13068 3558 3565 13069 3556 3563 13070 3559 3566 13071 3556 3563 13072 3558 3565 13073 3547 3554 13074 3545 3552 13075 3559 3566 13076 3556 3563 13077 3559 3566 13078 3545 3552 13079 3558 3565 13080 3560 3567 13081 3559 3566 13082 3561 3568 13083 3559 3566 13084 3560 3567 13085 3549 3556 13086 3547 3554 13087 3561 3568 13088 3559 3566 13089 3561 3568 13090 3547 3554 13091 3560 3567 13092 3558 3565 13093 3562 3569 13094 3563 3570 13095 3562 3569 13096 3558 3565 13097 3558 3565 13098 3555 3562 13099 3563 3570 13100 3563 3570 13101 3564 3571 13102 3562 3569 13103 3564 3571 13104 3563 3570 13105 3565 3572 13106 3566 3573 13107 3565 3572 13108 3563 3570 13109 3555 3562 13110 3554 3561 13111 3566 3573 13112 3566 3573 13113 3563 3570 13114 3555 3562 13115 3565 3572 13116 3566 3573 13117 3567 3574 13118 3568 3575 13119 3567 3574 13120 3566 3573 13121 3567 3574 13122 3568 3575 13123 3569 3576 13124 3570 3577 13125 3569 3576 13126 3568 3575 13127 3562 3569 13128 3564 3571 13129 3571 3578 13130 3572 3579 13131 3562 3569 13132 3571 3578 13133 3573 3580 13134 3566 3573 13135 3554 3561 13136 3554 3561 13137 3557 3564 13138 3573 3580 13139 3574 3581 13140 3573 3580 13141 3557 3564 13142 3575 3582 13143 3576 3583 13144 3577 3584 13145 3578 3585 13146 3577 3584 13147 3576 3583 13148 3576 3583 13149 3579 3586 13150 3578 3585 13151 3580 3587 13152 3578 3585 13153 3579 3586 13154 3579 3586 13155 3581 3588 13156 3580 3587 13157 3582 3589 13158 3580 3587 13159 3581 3588 13160 3581 3588 13161 3583 3590 13162 3582 3589 13163 3584 3591 13164 3582 3589 13165 3583 3590 13166 3585 3592 13167 3586 3593 13168 3587 3594 13169 3588 3595 13170 3587 3594 13171 3586 3593 13172 3586 3593 13173 3585 3592 13174 3589 3596 13175 3590 3597 13176 3589 3596 13177 3585 3592 13178 3587 3594 13179 3588 3595 13180 3591 3598 13181 3592 3599 13182 3591 3598 13183 3588 3595 13184 3588 3595 13185 3586 3593 13186 3593 3600 13187 3588 3595 13188 3593 3600 13189 3594 3601 13190 3595 3602 13191 3593 3600 13192 3586 3593 13193 3586 3593 13194 3596 3603 13195 3595 3602 13196 3597 3604 13197 3598 3605 13198 3599 3606 13199 3600 3607 13200 3599 3606 13201 3598 3605 13202 3601 3608 13203 3602 3609 13204 3603 3610 13205 3604 3611 13206 3603 3610 13207 3602 3609 13208 3605 3612 13209 3602 3609 13210 3601 3608 13211 3606 3613 13212 3607 3614 13213 3608 3615 13214 3609 3616 13215 3608 3615 13216 3607 3614 13217 3606 3613 13218 3608 3615 13219 3610 3617 13220 3611 3618 13221 3610 3617 13222 3608 3615 13223 3612 3619 13224 3613 3620 13225 3614 3621 13226 3615 3622 13227 3614 3621 13228 3613 3620 13229 3612 3619 13230 3616 3623 13231 3613 3620 13232 3617 3624 13233 3613 3620 13234 3616 3623 13235 3618 3625 13236 3619 3626 13237 3620 3627 13238 3621 3628 13239 3620 3627 13240 3619 3626 13241 3622 3629 13242 3623 3630 13243 3624 3631 13244 3625 3632 13245 3624 3631 13246 3623 3630 13247 3626 3633 13248 3627 3634 13249 3628 3635 13250 3629 3636 13251 3628 3635 13252 3627 3634 13253 3630 3637 13254 3631 3638 13255 3632 3639 13256 3633 3640 13257 3632 3639 13258 3631 3638 13259 3634 3641 13260 3635 3642 13261 3636 3643 13262 3637 3644 13263 3636 3643 13264 3635 3642 13265 3636 3643 13266 3638 3645 13267 3634 3641 13268 3639 3646 13269 3634 3641 13270 3638 3645 13271 3638 3645 13272 3640 3647 13273 3639 3646 13274 3641 3648 13275 3639 3646 13276 3640 3647 13277 3641 3648 13278 3640 3647 13279 3642 3649 13280 3643 3650 13281 3641 3648 13282 3642 3649 13283 3644 3651 13284 3643 3650 13285 3642 3649 13286 3636 3643 13287 3637 3644 13288 3645 3652 13289 3646 3653 13290 3645 3652 13291 3637 3644 13292 3645 3652 13293 3646 3653 13294 3647 3654 13295 3647 3654 13296 3648 3655 13297 3645 3652 13298 3649 3656 13299 3645 3652 13300 3648 3655 13301 3638 3645 13302 3636 3643 13303 3649 3656 13304 3645 3652 13305 3649 3656 13306 3636 3643 13307 3650 3657 13308 3647 3654 13309 3646 3653 13310 3648 3655 13311 3651 3658 13312 3649 3656 13313 3652 3659 13314 3649 3656 13315 3651 3658 13316 3640 3647 13317 3638 3645 13318 3652 3659 13319 3649 3656 13320 3652 3659 13321 3638 3645 13322 3651 3658 13323 3653 3660 13324 3652 3659 13325 3654 3661 13326 3652 3659 13327 3653 3660 13328 3642 3649 13329 3640 3647 13330 3654 3661 13331 3652 3659 13332 3654 3661 13333 3640 3647 13334 3653 3660 13335 3651 3658 13336 3655 3662 13337 3656 3663 13338 3655 3662 13339 3651 3658 13340 3651 3658 13341 3648 3655 13342 3656 3663 13343 3656 3663 13344 3657 3664 13345 3655 3662 13346 3657 3664 13347 3656 3663 13348 3658 3665 13349 3659 3666 13350 3658 3665 13351 3656 3663 13352 3648 3655 13353 3647 3654 13354 3659 3666 13355 3659 3666 13356 3656 3663 13357 3648 3655 13358 3658 3665 13359 3659 3666 13360 3660 3667 13361 3661 3668 13362 3660 3667 13363 3659 3666 13364 3660 3667 13365 3661 3668 13366 3662 3669 13367 3663 3670 13368 3662 3669 13369 3661 3668 13370 3655 3662 13371 3657 3664 13372 3664 3671 13373 3665 3672 13374 3655 3662 13375 3664 3671 13376 3666 3673 13377 3659 3666 13378 3647 3654 13379 3647 3654 13380 3650 3657 13381 3666 3673 13382 3667 3674 13383 3666 3673 13384 3650 3657 13385 3668 3675 13386 3669 3676 13387 3670 3677 13388 3671 3678 13389 3670 3677 13390 3669 3676 13391 3669 3676 13392 3672 3679 13393 3671 3678 13394 3673 3680 13395 3671 3678 13396 3672 3679 13397 3672 3679 13398 3674 3681 13399 3673 3680 13400 3675 3682 13401 3673 3680 13402 3674 3681 13403 3674 3681 13404 3676 3683 13405 3675 3682 13406 3677 3684 13407 3675 3682 13408 3676 3683 13409 3678 3685 13410 3679 3686 13411 3680 3687 13412 3681 3688 13413 3680 3687 13414 3679 3686 13415 3679 3686 13416 3678 3685 13417 3682 3689 13418 3683 3690 13419 3682 3689 13420 3678 3685 13421 3680 3687 13422 3681 3688 13423 3684 3691 13424 3685 3692 13425 3684 3691 13426 3681 3688 13427 3681 3688 13428 3679 3686 13429 3686 3693 13430 3681 3688 13431 3686 3693 13432 3687 3694 13433 3688 3695 13434 3686 3693 13435 3679 3686 13436 3679 3686 13437 3689 3696 13438 3688 3695 13439 3690 3697 13440 3691 3698 13441 3692 3699 13442 3693 3700 13443 3692 3699 13444 3691 3698 13445 3694 3701 13446 3695 3702 13447 3696 3703 13448 3697 3704 13449 3696 3703 13450 3695 3702 13451 3698 3705 13452 3695 3702 13453 3694 3701 13454 3699 3706 13455 3700 3707 13456 3701 3708 13457 3702 3709 13458 3701 3708 13459 3700 3707 13460 3699 3706 13461 3701 3708 13462 3703 3710 13463 3704 3711 13464 3703 3710 13465 3701 3708 13466 3705 3712 13467 3706 3713 13468 3707 3714 13469 3708 3715 13470 3707 3714 13471 3706 3713 13472 3705 3712 13473 3709 3716 13474 3706 3713 13475 3710 3717 13476 3706 3713 13477 3709 3716 13478 3711 3718 13479 3712 3719 13480 3713 3720 13481 3714 3721 13482 3713 3720 13483 3712 3719 13484 3715 3722 13485 3716 3723 13486 3717 3724 13487 3718 3725 13488 3717 3724 13489 3716 3723 13490 3719 3726 13491 3720 3727 13492 3721 3728 13493 3722 3729 13494 3721 3728 13495 3720 3727 13496 3723 3730 13497 3724 3731 13498 3725 3732 13499 3726 3733 13500 3725 3732 13501 3724 3731 13502</p>
        </triangles>
      </mesh>
    </geometry>
  </library_geometries>
  <library_controllers/>
  <library_visual_scenes>
    <visual_scene id="Scene" name="Scene">
      <node id="Trillarian_Destroyer_A001_0" name="Trillarian_Destroyer_A001_0" type="NODE">
        <matrix sid="transform">1 0 0 0 0 1 0 0 0 0 1 0 0 0 0 1</matrix>
        <instance_geometry url="#Trillarian_Destroyer_A001_0-mesh" name="Trillarian_Destroyer_A001_0">
          <bind_material>
            <technique_common>
              <instance_material symbol="Destroyer_A-material" target="#Destroyer_A-material"/>
            </technique_common>
          </bind_material>
        </instance_geometry>
      </node>
    </visual_scene>
  </library_visual_scenes>
  <scene>
    <instance_visual_scene url="#Scene"/>
  </scene>
</COLLADA>