<?xml version="1.0" encoding="utf-8"?>
<COLLADA xmlns="http://www.collada.org/2005/11/COLLADASchema" version="1.4.1" xmlns:xsi="http://www.w3.org/2001/XMLSchema-instance">
  <asset>
    <contributor>
      <author>Blender User</author>
      <authoring_tool>Blender 2.79.0 commit date:2018-03-22, commit time:14:10, hash:f4dc9f9d68b</authoring_tool>
    </contributor>
    <created>2022-09-24T11:53:16</created>
    <modified>2022-09-24T11:53:16</modified>
    <unit name="meter" meter="1"/>
    <up_axis>Z_UP</up_axis>
  </asset>
  <library_images/>
  <library_effects>
    <effect id="Missie-effect">
      <profile_COMMON>
        <technique sid="common">
          <phong>
            <emission>
              <color sid="emission">0 0 0 1</color>
            </emission>
            <ambient>
              <color sid="ambient">0 0 0 1</color>
            </ambient>
            <diffuse>
              <color sid="diffuse">0.64 0.64 0.64 1</color>
            </diffuse>
            <specular>
              <color sid="specular">0.5 0.5 0.5 1</color>
            </specular>
            <shininess>
              <float sid="shininess">50</float>
            </shininess>
            <index_of_refraction>
              <float sid="index_of_refraction">1</float>
            </index_of_refraction>
          </phong>
        </technique>
      </profile_COMMON>
    </effect>
  </library_effects>
  <library_materials>
    <material id="Missie-material" name="Missie">
      <instance_effect url="#Missie-effect"/>
    </material>
  </library_materials>
  <library_geometries>
    <geometry id="missile_battery_0-mesh" name="missile_battery_0">
      <mesh>
        <source id="missile_battery_0-mesh-positions">
          <float_array id="missile_battery_0-mesh-positions-array" count="8409">0.5835562 -0.04695594 1.991747 1.022658 -0.04695594 1.897092 0.5855069 0.4232154 1.991747 1.033584 0.423221 1.891021 0.6967678 -1.046015 -0.4106543 1.073238 -0.6710808 -0.4106519 0.6800577 -1.005673 1.605242 1.022658 -0.6743488 1.688651 0 -2.439866 -0.4086127 0.5167124 -2.439882 -0.4086091 0 -2.402447 0.5866515 0.5011871 -2.402554 0.5874824 0.696757 2.886819 -0.4106683 0.4078184 2.886829 -0.4106739 0.6799768 2.842095 1.612584 0.3796667 2.84216 1.612584 0.6799768 2.842095 1.612584 1.056191 2.441856 1.551891 0.696757 2.886819 -0.4106683 1.056242 2.438599 -0.410646 0.9830506 2.550264 -0.410646 1.056191 2.441856 1.551891 1.056191 2.441856 1.551891 0.9830506 2.550264 -0.410646 0.696757 2.886819 -0.4106683 1.073238 -0.6710808 -0.4106519 1.088198 0.4232178 -0.4106695 1.022658 -0.04695594 1.897092 1.033584 0.423221 1.891021 1.022658 -0.6743488 1.688651 1.056191 2.441856 1.551891 0.6799768 2.842095 1.612584 1.056191 1.818798 1.897657 0.5786571 1.818798 2.008226 1.056191 1.818798 1.897657 0.6799768 2.842095 1.612584 1.022658 -0.04695594 1.897092 0.5835562 -0.04695594 1.991747 1.022658 -0.6743488 1.688651 0.6139732 -1.005792 1.679887 0.6139732 -1.005792 1.679887 0.6800577 -1.005673 1.605242 1.022658 -0.6743488 1.688651 1.056242 1.358461 -0.4199579 1.056191 2.441856 1.551891 1.056191 1.818798 1.897657 1.056191 1.358597 1.888285 1.056242 2.438599 -0.410646 0.8798032 0.423221 1.816435 0.8798032 1.358598 1.816597 0.5855069 0.4232154 1.816435 0.5786359 1.358627 1.816597 0.3300164 0.2014734 1.816435 0.3232073 1.617993 1.816596 0.5786432 1.73285 1.816597 0.5690526 0.06904667 1.816435 0 0.2014346 1.816435 0 0.06895852 1.816339 0 1.73424 1.816596 0 1.618758 1.816596 1.056191 1.358597 1.888285 1.056191 1.818798 1.897657 0.9833 1.358603 1.963371 0.9833 1.358603 1.963371 1.056191 1.818798 1.897657 0.5786359 1.358627 2.021692 1.056191 1.818798 1.897657 0.5786571 1.818798 2.008226 0.5786359 1.358627 2.021692 0.3232073 1.617993 1.816596 0 1.618758 1.816596 0.3300164 0.2014734 1.816435 0 0.2014346 1.816435 0.5835562 -0.04695594 1.991747 0.5855069 0.4232154 1.991747 0.5729048 0.06892049 1.933547 0.5855069 0.4232154 1.816435 0.5729048 0.06892049 1.933547 0.5855069 0.4232154 1.991747 0.5690526 0.06904667 1.816435 0.5855069 0.4232154 1.991747 1.033584 0.423221 1.891021 0.5855069 0.4232154 1.816435 0.8798032 0.423221 1.816435 1.088198 0.4232178 -0.4106695 0.8798032 0.4232178 -0.4905142 1.073238 -0.6710808 -0.4106519 0.8798032 -0.5904821 -0.4905142 1.088198 0.4232178 -0.4106695 0.8798032 0.4232178 -0.4905142 1.073238 -0.6710808 -0.4106519 0.6967678 -1.046015 -0.4106543 0.8798032 -0.5904821 -0.4905142 0.6169541 -0.8533309 -0.4905142 1.056242 1.358461 -0.4199579 1.056191 1.358597 1.888285 0.8798032 1.358585 -0.490513 0.8798032 1.358598 1.816597 0.9833 1.358603 1.963371 0.5786359 1.358627 2.021692 0.5786359 1.358627 1.816597 0.5786359 1.358627 2.021692 0.5786511 1.756546 1.933576 0.5786359 1.358627 1.816597 0.5786432 1.73285 1.816597 0.5786571 1.818798 2.008226 0.5786511 1.756546 1.933576 0 1.756546 1.931398 0.5786432 1.73285 1.816597 0 1.73424 1.816596 0.6799768 2.842095 1.612584 0.3796667 2.84216 1.612584 0.5786571 1.818798 2.008226 0.3871843 1.960808 1.958443 0 1.962935 1.95907 0 1.818798 1.988045 0.3871843 1.960808 1.958443 0.5786571 1.818798 2.008226 0.3871843 1.960808 1.958443 0 1.818798 1.988045 0.3796667 2.84216 1.612584 0 2.854804 1.666646 0.3871843 1.960808 1.958443 0 1.962935 1.95907 0.3871843 1.960808 1.958443 0 2.854804 1.666646 0.4078184 2.886829 -0.4106739 0 2.886829 -0.4106739 0.3796667 2.84216 1.612584 0 2.854804 1.666646 0.5559938 -0.8109295 -1.224818 0.826405 -0.5568223 -1.224818 0.6169541 -0.8533309 -0.4905142 0.8798032 -0.5904821 -0.4905142 0.826405 -0.5568223 -1.224818 0.826405 0.7815817 -1.224818 0.8798032 -0.5904821 -0.4905142 0.8798032 0.4232178 -0.4905142 0.8798032 1.358585 -0.490513 0.8330093 2.380346 -1.224818 0.8798032 2.42347 -0.490513 0.8330093 2.380346 -1.224818 0.5715243 2.639307 -1.224818 0.8798032 2.42347 -0.490513 0.6169541 2.686317 -0.490513 0.5715243 2.639307 -1.224818 0 2.639307 -1.224818 0.6169541 2.686317 -0.490513 0 2.686317 -0.490513 0.6983966 -2.250345 -0.4088035 0.6967678 -1.046015 -0.4106543 0.6829135 -2.243534 0.6832925 0.6800577 -1.005673 1.605242 0.5167124 -2.439882 -0.4086091 0 -2.439866 -0.4086127 0.6983966 -2.250345 -0.4088035 0.6967678 -1.046015 -0.4106543 0.6967678 -1.046015 -0.4106543 0 -2.439866 -0.4086127 0.6169541 -0.8533309 -0.4905142 0.6169541 -0.8533309 -0.4905142 0 -2.439866 -0.4086127 0 -0.8533309 -0.4905142 0.5167124 -2.439882 -0.4086091 0.6983966 -2.250345 -0.4088035 0.5011871 -2.402554 0.5874824 0.6829135 -2.243534 0.6832925 0.5011871 -2.402554 0.5874824 0.6983966 -2.250345 -0.4088035 0.5835562 -0.04695594 1.991747 0.5729048 0.06892049 1.933547 0 -0.04163885 1.987228 0 0.06879132 1.931438 0 1.818798 1.988045 0 1.756546 1.931398 0.5786571 1.818798 2.008226 0.5786511 1.756546 1.933576 0.5786571 1.818798 2.008226 0 1.756546 1.931398 0 0.06879132 1.931438 0.5729048 0.06892049 1.933547 0 0.06895852 1.816339 0.5690526 0.06904667 1.816435 0 -0.8109295 -1.224818 0.5559938 -0.8109295 -1.224818 0 -0.8533309 -0.4905142 0.6169541 -0.8533309 -0.4905142 0 -2.402447 0.5866515 0.5011871 -2.402554 0.5874824 0 -1.021023 1.674759 0.6829135 -2.243534 0.6832925 0.6139732 -1.005792 1.679887 0.5011871 -2.402554 0.5874824 0.6829135 -2.243534 0.6832925 0 -1.021023 1.674759 0.6800577 -1.005673 1.605242 0.6139732 -1.005792 1.679887 0.6829135 -2.243534 0.6832925 0.5835562 -0.04695594 1.991747 0 -0.04163885 1.987228 0.6139732 -1.005792 1.679887 0 -1.021023 1.674759 0 2.639307 -1.224818 0.5715243 2.639307 -1.224818 0 2.552002 -1.224818 0.4871563 2.552002 -1.224818 0.8330093 2.380346 -1.224818 0.7862054 2.252955 -1.224818 0.826405 0.7815817 -1.224818 0.7862054 1.182546 -1.224818 0.4871563 0.883498 -1.224818 0.6677604 0.4548276 -1.224818 0.826405 -0.5568223 -1.224818 0.6677604 -0.4568186 -1.224818 0.4130658 0.7095214 -1.224818 0 0.7095214 -1.224818 0 0.883498 -1.224818 0.5559938 -0.8109295 -1.224818 0.4130658 -0.7115112 -1.224818 0 -0.8109295 -1.224818 0 -0.7115112 -1.224818 0 2.552002 -1.224818 0.4871563 2.552002 -1.224818 0 0.883498 -1.224818 0.4871563 0.883498 -1.224818 0.7862054 1.182546 -1.224818 0.7862054 2.252955 -1.224818 0 0.7095214 -1.224818 0.4130658 0.7095214 -1.224818 0 -0.7115112 -1.224818 0.4130658 -0.7115112 -1.224818 0.6677604 -0.4568186 -1.224818 0.6677604 0.4548276 -1.224818 0.9830506 2.550264 -0.410646 0.8798032 2.42347 -0.490513 0.696757 2.886819 -0.4106683 0.6169541 2.686317 -0.490513 0.696757 2.886819 -0.4106683 0.8798032 2.42347 -0.490513 0.6169541 2.686317 -0.490513 0 2.686317 -0.490513 0.4078184 2.886829 -0.4106739 0 2.886829 -0.4106739 0.696757 2.886819 -0.4106683 1.056242 2.438599 -0.410646 0.8798032 2.42347 -0.490513 0.9830506 2.550264 -0.410646 0.8798032 2.42347 -0.490513 1.056242 2.438599 -0.410646 0.8798032 1.358585 -0.490513 1.056242 1.358461 -0.4199579 0.8798032 0.4850493 0.742072 0.8798032 0.9647157 0.742192 0.8798032 0.423221 1.816435 0.8798032 1.358598 1.816597 0.8798032 0.9647089 0.3899545 0.8798032 1.358585 -0.490513 0.8798032 0.4850481 0.3899545 0.8798032 0.4232178 -0.4905142 2.515682 0.4850493 0.742072 2.515682 0.9647157 0.742192 0.8798032 0.4850493 0.742072 0.8798032 0.9647157 0.742192 2.515682 0.9647157 0.742192 2.515682 0.9647089 0.3899545 0.8798032 0.9647157 0.742192 0.8798032 0.9647089 0.3899545 2.515682 0.9647089 0.3899545 2.515682 0.4850481 0.3899545 0.8798032 0.9647089 0.3899545 0.8798032 0.4850481 0.3899545 2.515682 0.4850481 0.3899545 2.515682 0.4850493 0.742072 0.8798032 0.4850481 0.3899545 0.8798032 0.4850493 0.742072 1.400835 4.17267 -2.05707 1.546162 6.771927 -2.723304 1.371033 4.172483 -1.445592 1.541522 6.77458 -2.66872 1.242981 2.108952 -1.25994 1.190646 2.108909 -0.4998413 1.455286 6.782181 -2.658259 1.122324 4.172463 -1.445448 1.541522 6.77458 -2.66872 1.371033 4.172483 -1.445592 1.541522 6.77458 -2.66872 1.122324 4.172463 -1.445448 1.190646 2.108909 -0.4998413 0.9752845 2.108901 -0.5049456 1.546162 6.771927 -2.723304 1.400835 4.17267 -2.05707 1.459927 6.779526 -2.712844 1.181385 4.172551 -2.057262 1.459927 6.779526 -2.712844 1.400835 4.17267 -2.05707 1.455286 6.782181 -2.658259 1.459927 6.779526 -2.712844 1.122324 4.172463 -1.445448 1.181385 4.172551 -2.057262 1.242981 2.108952 -1.25994 0.9954938 2.108944 -1.269554 1.400835 4.17267 -2.05707 1.181385 4.172551 -2.057262 0.9954938 2.108944 -1.269554 0.9752845 2.108901 -0.5049456 1.181385 4.172551 -2.057262 1.122324 4.172463 -1.445448 1.181385 4.172551 -2.057262 0.9752845 2.108901 -0.5049456 1.190646 2.108909 -0.4998413 0.9752845 2.108901 -0.5049456 1.242981 2.108952 -1.25994 0.9954938 2.108944 -1.269554 1.455286 6.782181 -2.658259 1.541522 6.77458 -2.66872 1.459927 6.779526 -2.712844 1.546162 6.771927 -2.723304 1.472239 -3.18088 -1.289713 2.199851 -6.781419 -1.75548 1.527042 -3.180259 -0.6752913 2.211132 -6.782181 -1.703696 1.527042 -3.180259 -0.6752913 2.199851 -6.781419 -1.75548 2.199851 -6.781419 -1.75548 1.472239 -3.18088 -1.289713 2.285724 -6.766275 -1.75548 1.688192 -3.181305 -1.29445 2.285724 -6.766275 -1.75548 1.472239 -3.18088 -1.289713 1.772215 -3.180561 -0.6840345 2.297003 -6.76704 -1.703696 1.688192 -3.181305 -1.29445 2.285724 -6.766275 -1.75548 1.688192 -3.181305 -1.29445 2.297003 -6.76704 -1.703696 1.046512 -0.3449804 0.1195141 0.9371326 -0.2297964 -0.6398203 1.527042 -3.180259 -0.6752913 1.472239 -3.18088 -1.289713 1.527042 -3.180259 -0.6752913 1.772215 -3.180561 -0.6840345 1.046512 -0.3449804 0.1195141 1.258831 -0.3048375 0.1143773 0.9371326 -0.2297964 -0.6398203 1.180225 -0.1799429 -0.6494004 1.472239 -3.18088 -1.289713 1.688192 -3.181305 -1.29445 1.472239 -3.18088 -1.289713 1.180225 -0.1799429 -0.6494004 1.180225 -0.1799429 -0.6494004 1.258831 -0.3048375 0.1143773 1.688192 -3.181305 -1.29445 1.772215 -3.180561 -0.6840345 1.688192 -3.181305 -1.29445 1.258831 -0.3048375 0.1143773 2.297003 -6.76704 -1.703696 2.211132 -6.782181 -1.703696 2.285724 -6.766275 -1.75548 2.199851 -6.781419 -1.75548 2.285724 -6.766275 -1.75548 1.772215 -3.180561 -0.6840345 1.527042 -3.180259 -0.6752913 2.297003 -6.76704 -1.703696 2.211132 -6.782181 -1.703696 1.046512 -0.3449804 0.1195141 1.258831 -0.3048375 0.1143773 0.9371326 -0.2297964 -0.6398203 1.180225 -0.1799429 -0.6494004 0 0.6778498 2.076964 0.3168433 0.6778498 1.915271 0.2225762 0.9054304 1.915271 0 0.6778498 2.076964 0.2225762 0.4502692 1.915271 0.3168433 0.6778498 1.915271 0 0.6778498 2.076964 0 0.3580751 1.915271 0.2225762 0.4502692 1.915271 0 0.6778498 2.076964 0.2225762 0.9054304 1.915271 0 0.9976263 1.915271 4.496623 -0.2400931 1.6011 3.564864 -1.110498 1.600542 4.498919 -0.2374022 -0.1552532 3.567047 -1.105797 -0.1558125 4.302621 -0.1557177 2.336942 3.486753 -0.9159849 2.336951 4.30353 -0.1547303 1.600976 3.4869 -0.9149807 1.600756 3.490732 -0.907323 -0.8706715 4.306579 -0.151407 -0.8706715 3.489824 -0.9093089 -0.1553778 4.30567 -0.1523959 -0.1553778 4.30567 -0.1523959 -0.1553778 4.498919 -0.2374022 -0.1552532 3.489824 -0.9093089 -0.1553778 3.567047 -1.105797 -0.1558125 3.337907 -1.001907 -0.1553884 3.337907 -0.907635 -0.1567716 4.504701 0.6455885 -0.1566656 4.31117 0.6455885 -0.1567016 3.337907 -1.110592 -0.1508775 3.4869 -0.9149807 1.600756 3.564864 -1.110498 1.600542 4.30353 -0.1547303 1.600976 4.496623 -0.2400931 1.6011 3.483367 -1.110796 1.600535 4.503629 0.6455885 1.596563 4.310098 0.6455885 1.596529 3.491814 0.1694022 2.336888 3.491828 0.1689332 2.229197 3.085321 0.5559296 2.336869 3.085318 0.5555351 2.227722 3.489279 -0.733725 2.336904 3.488338 -0.7340219 2.232307 3.491814 0.1694022 2.336888 3.491828 0.1689332 2.229197 4.152959 -0.1383199 2.336929 4.15347 -0.1389797 2.232339 3.489279 -0.733725 2.336904 3.488338 -0.7340219 2.232307 3.337907 -0.9071671 -0.8706715 3.490732 -0.907323 -0.8706715 3.337907 -0.907635 -0.1567716 3.489824 -0.9093089 -0.1553778 3.564864 -1.110498 1.600542 3.483367 -1.110796 1.600535 3.482371 -1.110403 0.9794395 3.567047 -1.105797 -0.1558125 3.384598 -1.110481 0.8607128 3.337907 -1.110537 0.3417792 3.337907 -1.110592 -0.1508775 4.309643 0.6455885 2.336866 4.302621 -0.1557177 2.336942 4.310098 0.6455885 1.596529 4.30353 -0.1547303 1.600976 4.498919 -0.2374022 -0.1552532 4.504701 0.6455885 -0.1566656 4.496623 -0.2400931 1.6011 4.503629 0.6455885 1.596563 4.306579 -0.151407 -0.8706715 4.31162 0.6455885 -0.8706715 4.30567 -0.1523959 -0.1553778 4.31117 0.6455885 -0.1567016 3.085321 0.5559296 2.336869 3.085318 0.5555351 2.227722 3.085319 0.6455885 2.336861 3.085318 0.6455885 2.227205 3.085318 0.6455885 2.227205 3.085318 0.5555351 2.227722 3.494136 0.6455885 2.2273 3.491828 0.1689332 2.229197 4.15347 -0.1389797 2.232339 4.15376 0.6455885 2.227339 3.488338 -0.7340219 2.232307 4.153764 0.6455885 2.336867 4.15376 0.6455885 2.227339 4.152959 -0.1383199 2.336929 4.15347 -0.1389797 2.232339 4.302621 -0.1557177 2.336942 4.309643 0.6455885 2.336866 4.152959 -0.1383199 2.336929 4.153764 0.6455885 2.336867 3.489279 -0.733725 2.336904 3.486753 -0.9159849 2.336951 3.015945 -0.784446 2.636095 1.779748 -0.7844448 2.636095 3.015945 -1.4856 2.636095 1.779748 -1.4856 2.636095 1.779748 0.2762933 2.636095 3.015945 0.2762933 2.636095 3.278794 -0.784446 2.636095 3.278794 -1.222752 2.636095 3.278794 0.01344585 2.636095 1.516899 -0.7844448 2.636095 1.516899 0.01344585 2.636095 1.516899 -1.222752 2.636095 3.384598 -1.110481 0.8607128 3.384598 -1.266578 0.8160565 3.337907 -1.110537 0.3417792 3.337907 -1.183685 0.3417792 1.818817 -1.544712 0.3417792 2.976876 -1.544712 0.3417792 1.735922 -1.591406 0.7858656 3.059772 -1.591406 0.7858656 3.337907 -1.183685 -0.1475458 3.337907 -1.110592 -0.1508775 3.337907 -1.183685 0.3417792 3.337907 -1.110537 0.3417792 3.384598 0.05727237 2.692541 3.384598 0.05727237 2.336866 3.059772 0.3820989 2.692541 3.059772 0.3820989 2.336866 3.337907 -1.183685 0.3417792 2.976876 -1.544712 0.3417792 3.337907 -1.183685 -0.1475458 2.976876 -1.544712 0.1798459 3.337907 -0.02562224 -0.8706715 3.337907 -0.02562224 -1.442713 2.976876 0.3354044 -0.8706715 2.976876 0.3354044 -1.442713 3.337907 -1.183685 0.3417792 3.384598 -1.266578 0.8160565 2.976876 -1.544712 0.3417792 3.059772 -1.591406 0.7858656 3.337907 -0.02562224 -1.442713 3.2321 -0.06944882 -1.442713 2.976876 0.3354044 -1.442713 2.933052 0.2295988 -1.442713 3.2321 -1.139858 -1.442713 3.337907 -1.004054 -1.442713 1.818817 0.3354044 -1.442713 1.862642 0.2295988 -1.442713 1.563596 -0.06944882 -1.442713 1.457788 -0.02562224 -1.442713 1.563596 -1.139858 -1.442713 1.457788 -1.004054 -1.442713 3.039388 0.3328914 2.744761 1.756305 0.3328914 2.744761 3.015945 0.2762933 2.744761 1.779748 0.2762933 2.744761 3.336064 0.03716707 2.744761 3.278794 0.01344585 2.744761 1.516899 0.01344585 2.744761 1.459629 0.03716707 2.744761 3.33238 -0.784446 2.744761 3.278794 -0.784446 2.744761 1.516899 -0.7844471 2.744761 1.463314 -0.784446 2.744761 1.516899 -1.222752 2.744761 3.278794 -1.222752 2.744761 3.490528 -0.7335523 2.692541 3.33238 -0.784446 2.744761 3.482375 -1.307307 2.692541 3.278794 -1.222752 2.744761 3.482375 -1.307307 2.692541 3.33238 -0.784446 2.744761 3.015945 0.2762933 2.744761 1.779748 0.2762933 2.744761 3.015945 0.2762933 2.636095 1.779748 0.2762933 2.636095 3.278794 -1.222752 2.744761 3.278794 -1.222752 2.636095 3.015945 -1.4856 2.744761 3.015945 -1.4856 2.636095 3.278794 -0.784446 2.744761 3.278794 -0.784446 2.636095 3.278794 -1.222752 2.744761 3.278794 -1.222752 2.636095 3.278794 0.01344585 2.744761 3.278794 0.01344585 2.636095 3.015945 0.2762933 2.744761 3.015945 0.2762933 2.636095 3.278794 0.01344585 2.744761 3.278794 0.01344585 2.636095 3.482371 -1.110403 0.9794395 3.483367 -1.110796 1.600535 3.479332 -1.313974 0.9162376 3.4869 -0.9149807 1.600756 3.490528 -0.7335523 2.692541 3.482375 -1.307307 2.692541 3.489279 -0.733725 2.336904 3.486753 -0.9159849 2.336951 3.479332 -1.313974 0.9162376 3.482375 -1.307307 2.692541 3.0996 -1.689562 0.8860454 3.100286 -1.68928 2.692541 1.696093 -1.689562 0.8860454 3.0996 -1.689562 0.8860454 1.695409 -1.68928 2.692541 3.100286 -1.68928 2.692541 1.695409 -1.68928 2.692541 3.100286 -1.68928 2.692541 1.779748 -1.4856 2.744761 3.015945 -1.4856 2.744761 3.384598 -1.266578 0.8160565 3.479332 -1.313974 0.9162376 3.059772 -1.591406 0.7858656 3.0996 -1.689562 0.8860454 3.384598 -1.110481 0.8607128 3.482371 -1.110403 0.9794395 3.384598 -1.266578 0.8160565 3.479332 -1.313974 0.9162376 3.015945 -1.4856 2.744761 3.100286 -1.68928 2.692541 3.278794 -1.222752 2.744761 3.482375 -1.307307 2.692541 2.953965 0.3820989 2.336866 2.876758 0.5856947 2.336866 2.953965 0.3820989 2.638955 2.876758 0.588446 2.562993 2.976876 -1.544712 0.3417792 1.818817 -1.544712 0.3417792 2.976876 -1.544712 0.1798459 1.818817 -1.544712 0.1798459 3.007888 -1.646 0.08173453 3.017412 -1.642579 -1.337913 3.432613 -1.231134 -0.2586761 3.435772 -1.224216 -1.337913 3.432613 -1.231134 -0.2586761 3.435772 -1.224216 -1.337913 3.443832 -1.000858 -0.267903 3.443832 -1.004054 -1.337913 3.2321 -1.139858 -1.442713 3.435772 -1.224216 -1.337913 2.933052 -1.438906 -1.442713 3.017412 -1.642579 -1.337913 3.337907 -1.004054 -1.442713 3.443832 -1.004054 -1.337913 3.2321 -1.139858 -1.442713 3.435772 -1.224216 -1.337913 3.2321 -1.139858 -1.442713 3.443832 -1.004054 -1.337913 3.443832 -1.004054 -1.337913 3.337907 -1.004054 -1.442713 3.443832 -1.000858 -0.267903 3.337907 -1.001907 -0.1553884 3.337907 -1.110592 -0.1508775 3.443832 -1.000858 -0.267903 3.337907 -1.001907 -0.1553884 3.337907 -1.183685 -0.1475458 2.976876 -1.544712 0.1798459 3.007888 -1.646 0.08173453 3.337907 -1.183685 -0.1475458 3.432613 -1.231134 -0.2586761 3.337907 -1.183685 -0.1475458 3.007888 -1.646 0.08173453 2.976876 -1.544712 0.1798459 1.818817 -1.544712 0.1798459 3.007888 -1.646 0.08173453 1.787805 -1.646 0.08173453 2.876758 0.5856947 2.336866 2.392667 0.5856947 2.336866 2.876758 0.588446 2.562993 1.918935 0.588446 2.562993 2.392667 0.5726127 0.9000396 1.918935 0.5726127 0.9000396 1.778283 -1.642579 -1.337913 3.017412 -1.642579 -1.337913 1.787805 -1.646 0.08173453 3.007888 -1.646 0.08173453 3.015945 -1.4856 2.636095 1.779748 -1.4856 2.636095 3.015945 -1.4856 2.744761 1.779748 -1.4856 2.744761 3.0996 -1.689562 0.8860454 1.696093 -1.689562 0.8860454 3.059772 -1.591406 0.7858656 1.735922 -1.591406 0.7858656 2.953965 0.3820989 2.638955 1.841728 0.3820989 2.638955 3.059772 0.3820989 2.692541 1.735922 0.3820989 2.692541 2.953965 0.3820989 2.336866 3.059772 0.3820989 2.336866 1.735922 0.3820989 0.6101736 1.841728 0.3820989 0.7159795 2.392769 0.3820989 0.7159795 2.393129 0.3820989 0.6101736 2.876758 0.588446 2.562993 1.918935 0.588446 2.562993 2.953965 0.3820989 2.638955 1.841728 0.3820989 2.638955 3.017412 -1.642579 -1.337913 1.778283 -1.642579 -1.337913 2.933052 -1.438906 -1.442713 1.862642 -1.438906 -1.442713 1.457788 -1.183685 0.3417792 1.411095 -1.266578 0.8160565 1.457788 -0.02562224 0.3417792 1.411095 -0.7379011 1.004695 1.411095 0.05727237 0.6101736 1.411095 -1.266578 0.8160565 1.411095 0.05727237 2.692541 1.411095 -0.7335404 2.692541 1.411095 -1.266578 0.8160565 1.411095 0.05727237 0.6101736 1.457788 -0.02562224 0.3417792 1.457788 -0.02562224 0.3417792 1.457788 -0.02562224 -1.442713 1.457788 -1.000858 -0.1567716 1.457788 -1.004054 -1.442713 1.457788 -1.183685 0.3417792 1.457788 -1.183685 -0.1475458 1.735922 0.3820989 2.692541 1.735922 0.3820989 0.6101736 1.411095 0.05727237 2.692541 1.411095 0.05727237 0.6101736 1.818817 -1.544712 0.1798459 1.818817 -1.544712 0.3417792 1.457788 -1.183685 -0.1475458 1.457788 -1.183685 0.3417792 1.818817 0.3354044 0.3417792 1.457788 -0.02562224 0.3417792 1.735922 0.3820989 0.6101736 1.411095 0.05727237 0.6101736 1.457788 -0.02562224 0.3417792 1.818817 0.3354044 0.3417792 1.457788 -0.02562224 -1.442713 1.818817 0.3354044 -1.442713 1.735922 -1.591406 0.7858656 1.411095 -1.266578 0.8160565 1.818817 -1.544712 0.3417792 1.457788 -1.183685 0.3417792 1.779748 -1.4856 2.636095 1.516899 -1.222752 2.636095 1.779748 -1.4856 2.744761 1.516899 -1.222752 2.744761 1.516899 -1.222752 2.636095 1.516899 -0.7844448 2.636095 1.516899 -1.222752 2.744761 1.516899 -0.7844471 2.744761 1.516899 0.01344585 2.636095 1.516899 0.01344585 2.744761 1.516899 0.01344585 2.636095 1.779748 0.2762933 2.636095 1.516899 0.01344585 2.744761 1.779748 0.2762933 2.744761 1.31636 -1.313974 0.9162376 1.313315 -1.307307 2.692541 1.305166 -0.7379011 1.149181 1.305166 -0.7335523 2.692541 1.31636 -1.313974 0.9162376 1.696093 -1.689562 0.8860454 1.313315 -1.307307 2.692541 1.695409 -1.68928 2.692541 1.696093 -1.689562 0.8860454 1.31636 -1.313974 0.9162376 1.735922 -1.591406 0.7858656 1.411095 -1.266578 0.8160565 1.31636 -1.313974 0.9162376 1.305166 -0.7379011 1.149181 1.411095 -1.266578 0.8160565 1.411095 -0.7379011 1.004695 1.411095 -1.266578 0.8160565 1.305166 -0.7379011 1.149181 1.411095 -0.7379011 1.004695 1.305166 -0.7379011 1.149181 1.411095 -0.7335404 2.692541 1.305166 -0.7335523 2.692541 1.313315 -1.307307 2.692541 1.695409 -1.68928 2.692541 1.516899 -1.222752 2.744761 1.779748 -1.4856 2.744761 1.918935 0.588446 2.562993 1.918935 0.5726127 0.9000396 1.841728 0.3820989 2.638955 1.841728 0.3820989 0.7159795 1.363081 -1.231134 -0.2586761 1.359922 -1.224216 -1.337913 1.787805 -1.646 0.08173453 1.778283 -1.642579 -1.337913 1.363081 -1.231134 -0.2586761 1.351861 -1.000858 -0.267903 1.359922 -1.224216 -1.337913 1.351861 -1.004054 -1.337913 1.778283 -1.642579 -1.337913 1.359922 -1.224216 -1.337913 1.862642 -1.438906 -1.442713 1.563596 -1.139858 -1.442713 1.359922 -1.224216 -1.337913 1.351861 -1.004054 -1.337913 1.563596 -1.139858 -1.442713 1.457788 -1.004054 -1.442713 1.563596 -1.139858 -1.442713 1.351861 -1.004054 -1.337913 1.457788 -1.004054 -1.442713 1.351861 -1.004054 -1.337913 1.457788 -1.000858 -0.1567716 1.351861 -1.000858 -0.267903 1.351861 -1.000858 -0.267903 1.363081 -1.231134 -0.2586761 1.457788 -1.000858 -0.1567716 1.457788 -1.183685 -0.1475458 1.457788 -1.000858 -0.1567716 1.363081 -1.231134 -0.2586761 1.363081 -1.231134 -0.2586761 1.787805 -1.646 0.08173453 1.457788 -1.183685 -0.1475458 1.818817 -1.544712 0.1798459 1.457788 -1.183685 -0.1475458 1.787805 -1.646 0.08173453 1.463314 -0.784446 2.744761 1.305166 -0.7335523 2.692541 1.516899 -1.222752 2.744761 1.313315 -1.307307 2.692541 1.516899 -1.222752 2.744761 1.305166 -0.7335523 2.692541 3.337907 -0.02562224 -0.8706715 3.337907 -0.9071671 -0.8706715 3.337907 -0.02562224 -1.442713 3.337907 -1.004054 -1.442713 3.337907 -0.907635 -0.1567716 3.337907 -1.001907 -0.1553884 3.2321 -1.139858 -1.442713 1.563596 -1.139858 -1.442713 3.2321 -0.06944882 -1.442713 1.563596 -0.06944882 -1.442713 2.933052 0.2295988 -1.442713 1.862642 0.2295988 -1.442713 1.862642 -1.438906 -1.442713 2.933052 -1.438906 -1.442713 3.059772 0.3820989 2.692541 1.735922 0.3820989 2.692541 3.039388 0.3328914 2.744761 1.756305 0.3328914 2.744761 3.039388 0.3328914 2.744761 3.336064 0.03716707 2.744761 3.059772 0.3820989 2.692541 3.384598 0.05727237 2.692541 3.336064 0.03716707 2.744761 3.33238 -0.784446 2.744761 3.384598 0.05727237 2.692541 3.384598 -0.7335404 2.692541 3.33238 -0.784446 2.744761 3.490528 -0.7335523 2.692541 3.384598 -0.7335404 2.692541 1.735922 0.3820989 2.692541 1.411095 0.05727237 2.692541 1.756305 0.3328914 2.744761 1.459629 0.03716707 2.744761 1.411095 0.05727237 2.692541 1.411095 -0.7335404 2.692541 1.459629 0.03716707 2.744761 1.463314 -0.784446 2.744761 1.411095 -0.7335404 2.692541 1.305166 -0.7335523 2.692541 1.463314 -0.784446 2.744761 3.384598 0.05727237 2.336866 3.384598 0.05727237 2.692541 3.384598 -0.7344602 2.336866 3.384598 -0.7335404 2.692541 2.976876 0.3354044 -0.8706715 2.976876 0.3354044 -1.442713 2.392847 0.3354044 -0.8706715 1.818817 0.3354044 -1.442713 2.392847 0.3354044 0.3417792 1.818817 0.3354044 0.3417792 2.392847 0.3354044 0.3417792 1.818817 0.3354044 0.3417792 2.393129 0.3820989 0.6101736 1.735922 0.3820989 0.6101736 2.392667 0.5726127 0.9000396 2.392769 0.3820989 0.7159795 1.918935 0.5726127 0.9000396 1.841728 0.3820989 0.7159795 2.392667 0.6455885 0.9000396 2.392667 0.5726127 0.9000396 2.392667 0.6455885 2.336866 2.392667 0.5856947 2.336866 2.3928 0.6455885 0.7159795 2.392769 0.3820989 0.7159795 2.393129 0.3820989 0.6101736 2.392982 0.6455885 0.6101736 2.392847 0.3354044 0.3417792 2.39284 0.6455885 0.3417792 2.392847 0.3354044 -0.8706715 2.392847 0.6455885 -0.8706715 2.392667 0.6455885 2.336866 2.392667 0.5856947 2.336866 2.876758 0.6455885 2.336866 2.876758 0.5856947 2.336866 3.085321 0.5559296 2.336869 3.059772 0.3820989 2.336866 3.491814 0.1694022 2.336888 3.384598 0.05727237 2.336866 3.489279 -0.733725 2.336904 3.384598 -0.7344602 2.336866 2.953965 0.3820989 2.336866 3.085319 0.6455885 2.336861 2.392847 0.3354044 -0.8706715 2.392847 0.6455885 -0.8706715 2.976876 0.3354044 -0.8706715 4.31162 0.6455885 -0.8706715 4.306579 -0.151407 -0.8706715 3.337907 -0.02562224 -0.8706715 3.337907 -0.9071671 -0.8706715 3.490732 -0.907323 -0.8706715 3.486753 -0.9159849 2.336951 3.490528 -0.7335523 2.692541 3.4869 -0.9149807 1.600756 3.483367 -1.110796 1.600535 3.479332 -1.313974 0.9162376 3.384598 -0.7335404 2.692541 3.490528 -0.7335523 2.692541 3.384598 -0.7344602 2.336866 3.489279 -0.733725 2.336904 3.432613 -1.231134 -0.2586761 3.443832 -1.000858 -0.267903 3.337907 -1.183685 -0.1475458 3.567047 2.396974 -0.1558125 3.564864 2.401675 1.600542 4.498919 1.528579 -0.1552532 4.496623 1.53127 1.6011 3.4869 2.206157 1.600756 3.486753 2.207161 2.336951 4.30353 1.445907 1.600976 4.302621 1.446895 2.336942 4.30567 1.443572 -0.1553778 4.306579 1.442584 -0.8706715 3.489824 2.200486 -0.1553778 3.490732 2.198499 -0.8706715 3.567047 2.396974 -0.1558125 4.498919 1.528579 -0.1552532 3.489824 2.200486 -0.1553778 4.30567 1.443572 -0.1553778 3.337907 2.293084 -0.1553884 3.337907 2.198812 -0.1567716 4.504701 0.6455885 -0.1566656 4.31117 0.6455885 -0.1567016 3.337907 2.401769 -0.1508775 4.496623 1.53127 1.6011 3.564864 2.401675 1.600542 4.30353 1.445907 1.600976 3.4869 2.206157 1.600756 3.483367 2.401973 1.600535 4.503629 0.6455885 1.596563 4.310098 0.6455885 1.596529 3.085318 0.7356414 2.227722 3.491828 1.122244 2.229197 3.085321 0.7352477 2.336869 3.491814 1.121775 2.336888 3.491828 1.122244 2.229197 3.488338 2.025199 2.232307 3.491814 1.121775 2.336888 3.489279 2.024901 2.336904 3.488338 2.025199 2.232307 4.15347 1.430156 2.232339 3.489279 2.024901 2.336904 4.152959 1.429496 2.336929 3.489824 2.200486 -0.1553778 3.490732 2.198499 -0.8706715 3.337907 2.198812 -0.1567716 3.337907 2.198344 -0.8706715 3.483367 2.401973 1.600535 3.564864 2.401675 1.600542 3.482371 2.40158 0.9794395 3.567047 2.396974 -0.1558125 3.384598 2.401658 0.8607128 3.384598 2.401645 0.6101736 3.337907 2.401715 0.3417792 3.337907 2.401769 -0.1508775 4.30353 1.445907 1.600976 4.302621 1.446895 2.336942 4.310098 0.6455885 1.596529 4.309643 0.6455885 2.336866 4.503629 0.6455885 1.596563 4.504701 0.6455885 -0.1566656 4.496623 1.53127 1.6011 4.498919 1.528579 -0.1552532 4.31117 0.6455885 -0.1567016 4.31162 0.6455885 -0.8706715 4.30567 1.443572 -0.1553778 4.306579 1.442584 -0.8706715 3.085318 0.6455885 2.227205 3.085318 0.7356414 2.227722 3.085319 0.6455885 2.336861 3.085321 0.7352477 2.336869 3.491828 1.122244 2.229197 3.085318 0.7356414 2.227722 3.494136 0.6455885 2.2273 3.085318 0.6455885 2.227205 4.15347 1.430156 2.232339 3.488338 2.025199 2.232307 4.15376 0.6455885 2.227339 4.15347 1.430156 2.232339 4.15376 0.6455885 2.227339 4.152959 1.429496 2.336929 4.153764 0.6455885 2.336867 4.153764 0.6455885 2.336867 4.309643 0.6455885 2.336866 4.152959 1.429496 2.336929 4.302621 1.446895 2.336942 3.489279 2.024901 2.336904 3.486753 2.207161 2.336951 1.779748 2.776776 2.636095 1.779748 2.075622 2.636095 3.015945 2.776776 2.636095 3.015945 2.075623 2.636095 1.779748 1.014883 2.636095 3.015945 1.014883 2.636095 3.278794 2.075623 2.636095 3.278794 2.513929 2.636095 3.278794 1.277731 2.636095 1.516899 2.075622 2.636095 1.516899 1.277731 2.636095 1.516899 2.513929 2.636095 3.337907 2.474861 0.3417792 3.384598 2.557754 0.8160565 3.337907 2.401715 0.3417792 3.384598 2.401658 0.8607128 3.384598 2.401645 0.6101736 3.384598 2.557754 0.8160565 3.384598 2.557754 0.8160565 3.384598 2.401645 0.6101736 3.337907 2.401715 0.3417792 1.818817 2.835888 0.3417792 1.735922 2.882584 0.7858656 2.976876 2.835888 0.3417792 3.059772 2.882584 0.7858656 3.337907 2.401715 0.3417792 3.337907 2.401769 -0.1508775 3.337907 2.474861 0.3417792 3.337907 2.474861 -0.1475458 3.059772 0.9090777 2.336866 3.384598 1.233905 2.336866 3.059772 0.9090777 2.692541 3.384598 1.233905 2.692541 2.976876 2.835888 0.1798459 2.976876 2.835888 0.3417792 3.337907 2.474861 -0.1475458 3.337907 2.474861 0.3417792 2.976876 0.9557721 -1.442713 3.337907 1.316799 -1.442713 2.976876 0.9557721 -0.8706715 3.337907 1.316799 -0.8706715 3.059772 2.882584 0.7858656 3.384598 2.557754 0.8160565 2.976876 2.835888 0.3417792 3.337907 2.474861 0.3417792 2.933052 1.061578 -1.442713 3.2321 1.360625 -1.442713 2.976876 0.9557721 -1.442713 3.337907 1.316799 -1.442713 3.2321 2.431035 -1.442713 3.337907 2.29523 -1.442713 1.818817 0.9557721 -1.442713 1.862642 1.061578 -1.442713 1.563596 1.360625 -1.442713 1.457788 1.316799 -1.442713 1.563596 2.431035 -1.442713 1.457788 2.29523 -1.442713 1.779748 1.014883 2.744761 1.756305 0.9582859 2.744761 3.015945 1.014883 2.744761 3.039388 0.9582859 2.744761 3.336064 1.25401 2.744761 3.278794 1.277731 2.744761 1.516899 1.277731 2.744761 1.459629 1.25401 2.744761 3.33238 2.075623 2.744761 3.278794 2.075623 2.744761 1.516899 2.075624 2.744761 1.463314 2.075623 2.744761 1.516899 2.513929 2.744761 3.278794 2.513929 2.744761 3.484822 2.401688 2.692541 3.482375 2.598484 2.692541 3.490528 2.024729 2.692541 3.490528 2.024729 2.692541 3.482375 2.598484 2.692541 3.33238 2.075623 2.744761 3.33238 2.075623 2.744761 3.482375 2.598484 2.692541 3.278794 2.513929 2.744761 1.779748 1.014883 2.636095 1.779748 1.014883 2.744761 3.015945 1.014883 2.636095 3.015945 1.014883 2.744761 3.015945 2.776776 2.636095 3.278794 2.513929 2.636095 3.015945 2.776776 2.744761 3.278794 2.513929 2.744761 3.278794 2.513929 2.636095 3.278794 2.075623 2.636095 3.278794 2.513929 2.744761 3.278794 2.075623 2.744761 3.278794 1.277731 2.744761 3.278794 1.277731 2.636095 3.278794 1.277731 2.636095 3.015945 1.014883 2.636095 3.278794 1.277731 2.744761 3.015945 1.014883 2.744761 3.483367 2.401973 1.600535 3.482371 2.40158 0.9794395 3.479332 2.605151 0.9162376 3.484822 2.401688 2.692541 3.4869 2.206157 1.600756 3.486753 2.207161 2.336951 3.489279 2.024901 2.336904 3.490528 2.024729 2.692541 3.482375 2.598484 2.692541 3.100286 2.980458 2.692541 3.482375 2.598484 2.692541 3.0996 2.980738 0.8860454 3.479332 2.605151 0.9162376 3.100286 2.980458 2.692541 3.0996 2.980738 0.8860454 1.695409 2.980458 2.692541 1.696093 2.980738 0.8860454 1.695409 2.980458 2.692541 1.779748 2.776776 2.744761 3.100286 2.980458 2.692541 3.015945 2.776776 2.744761 3.0996 2.980738 0.8860454 3.479332 2.605151 0.9162376 3.059772 2.882584 0.7858656 3.384598 2.557754 0.8160565 3.479332 2.605151 0.9162376 3.482371 2.40158 0.9794395 3.384598 2.557754 0.8160565 3.384598 2.401658 0.8607128 3.482375 2.598484 2.692541 3.100286 2.980458 2.692541 3.278794 2.513929 2.744761 3.015945 2.776776 2.744761 2.876758 0.7027309 2.562993 2.876758 0.705482 2.336866 2.953965 0.9090777 2.638955 2.953965 0.9090777 2.336866 1.818817 2.835888 0.1798459 1.818817 2.835888 0.3417792 2.976876 2.835888 0.1798459 2.976876 2.835888 0.3417792 3.435772 2.515394 -1.337913 3.017412 2.933755 -1.337913 3.432613 2.52231 -0.2586761 3.007888 2.937176 0.08173453 3.443832 2.29523 -1.337913 3.435772 2.515394 -1.337913 3.443832 2.292035 -0.267903 3.432613 2.52231 -0.2586761 3.017412 2.933755 -1.337913 3.435772 2.515394 -1.337913 2.933052 2.730082 -1.442713 3.2321 2.431035 -1.442713 3.435772 2.515394 -1.337913 3.443832 2.29523 -1.337913 3.2321 2.431035 -1.442713 3.337907 2.29523 -1.442713 3.2321 2.431035 -1.442713 3.443832 2.29523 -1.337913 3.337907 2.293084 -0.1553884 3.337907 2.29523 -1.442713 3.443832 2.292035 -0.267903 3.443832 2.29523 -1.337913 3.443832 2.292035 -0.267903 3.337907 2.401769 -0.1508775 3.337907 2.293084 -0.1553884 3.337907 2.474861 -0.1475458 3.432613 2.52231 -0.2586761 3.007888 2.937176 0.08173453 3.337907 2.474861 -0.1475458 2.976876 2.835888 0.1798459 3.337907 2.474861 -0.1475458 3.007888 2.937176 0.08173453 1.787805 2.937176 0.08173453 1.818817 2.835888 0.1798459 3.007888 2.937176 0.08173453 2.976876 2.835888 0.1798459 1.918935 0.7027309 2.562993 2.392667 0.705482 2.336866 2.876758 0.7027309 2.562993 2.876758 0.705482 2.336866 2.392667 0.7185642 0.9000396 1.918935 0.7185642 0.9000396 3.007888 2.937176 0.08173453 3.017412 2.933755 -1.337913 1.787805 2.937176 0.08173453 1.778283 2.933755 -1.337913 1.779748 2.776776 2.744761 1.779748 2.776776 2.636095 3.015945 2.776776 2.744761 3.015945 2.776776 2.636095 1.735922 2.882584 0.7858656 1.696093 2.980738 0.8860454 3.059772 2.882584 0.7858656 3.0996 2.980738 0.8860454 1.735922 0.9090777 2.692541 1.841728 0.9090777 2.638955 3.059772 0.9090777 2.692541 2.953965 0.9090777 2.638955 2.953965 0.9090777 2.336866 3.059772 0.9090777 2.336866 1.735922 0.9090777 0.6101736 1.841728 0.9090777 0.7159795 2.392769 0.9090777 0.7159795 2.393129 0.9090777 0.6101736 1.841728 0.9090777 2.638955 1.918935 0.7027309 2.562993 2.953965 0.9090777 2.638955 2.876758 0.7027309 2.562993 1.862642 2.730082 -1.442713 1.778283 2.933755 -1.337913 2.933052 2.730082 -1.442713 3.017412 2.933755 -1.337913 1.411095 2.029078 1.004695 1.411095 2.557754 0.8160565 1.411095 1.233905 0.6101736 1.411095 1.233905 2.692541 1.411095 2.024718 2.692541 1.411095 1.233905 0.6101736 1.411095 2.557754 0.8160565 1.457788 1.316799 0.3417792 1.411095 2.557754 0.8160565 1.457788 2.474861 0.3417792 1.457788 1.316799 0.3417792 1.457788 2.29523 -1.442713 1.457788 1.316799 -1.442713 1.457788 2.292035 -0.1567716 1.457788 1.316799 0.3417792 1.457788 2.474861 0.3417792 1.457788 2.474861 -0.1475458 1.411095 1.233905 0.6101736 1.735922 0.9090777 0.6101736 1.411095 1.233905 2.692541 1.735922 0.9090777 2.692541 1.457788 2.474861 0.3417792 1.818817 2.835888 0.3417792 1.457788 2.474861 -0.1475458 1.818817 2.835888 0.1798459 1.411095 1.233905 0.6101736 1.457788 1.316799 0.3417792 1.735922 0.9090777 0.6101736 1.818817 0.9557721 0.3417792 1.818817 0.9557721 -1.442713 1.818817 0.9557721 0.3417792 1.457788 1.316799 -1.442713 1.457788 1.316799 0.3417792 1.457788 2.474861 0.3417792 1.411095 2.557754 0.8160565 1.818817 2.835888 0.3417792 1.735922 2.882584 0.7858656 1.516899 2.513929 2.744761 1.516899 2.513929 2.636095 1.779748 2.776776 2.744761 1.779748 2.776776 2.636095 1.516899 2.075624 2.744761 1.516899 2.075622 2.636095 1.516899 2.513929 2.744761 1.516899 2.513929 2.636095 1.516899 1.277731 2.636095 1.516899 1.277731 2.744761 1.779748 1.014883 2.744761 1.779748 1.014883 2.636095 1.516899 1.277731 2.744761 1.516899 1.277731 2.636095 1.305166 2.024729 2.692541 1.313315 2.598484 2.692541 1.305166 2.029078 1.149181 1.31636 2.605151 0.9162376 1.695409 2.980458 2.692541 1.696093 2.980738 0.8860454 1.313315 2.598484 2.692541 1.31636 2.605151 0.9162376 1.411095 2.557754 0.8160565 1.31636 2.605151 0.9162376 1.735922 2.882584 0.7858656 1.696093 2.980738 0.8860454 1.411095 2.029078 1.004695 1.305166 2.029078 1.149181 1.411095 2.557754 0.8160565 1.31636 2.605151 0.9162376 1.411095 2.557754 0.8160565 1.305166 2.029078 1.149181 1.305166 2.024729 2.692541 1.305166 2.029078 1.149181 1.411095 2.024718 2.692541 1.411095 2.029078 1.004695 1.779748 2.776776 2.744761 1.695409 2.980458 2.692541 1.516899 2.513929 2.744761 1.313315 2.598484 2.692541 1.841728 0.9090777 0.7159795 1.918935 0.7185642 0.9000396 1.841728 0.9090777 2.638955 1.918935 0.7027309 2.562993 1.778283 2.933755 -1.337913 1.359922 2.515394 -1.337913 1.787805 2.937176 0.08173453 1.363081 2.52231 -0.2586761 1.351861 2.29523 -1.337913 1.351861 2.292035 -0.267903 1.359922 2.515394 -1.337913 1.363081 2.52231 -0.2586761 1.563596 2.431035 -1.442713 1.359922 2.515394 -1.337913 1.862642 2.730082 -1.442713 1.778283 2.933755 -1.337913 1.457788 2.29523 -1.442713 1.351861 2.29523 -1.337913 1.563596 2.431035 -1.442713 1.359922 2.515394 -1.337913 1.563596 2.431035 -1.442713 1.351861 2.29523 -1.337913 1.351861 2.292035 -0.267903 1.351861 2.29523 -1.337913 1.457788 2.292035 -0.1567716 1.457788 2.29523 -1.442713 1.457788 2.474861 -0.1475458 1.363081 2.52231 -0.2586761 1.457788 2.292035 -0.1567716 1.351861 2.292035 -0.267903 1.457788 2.292035 -0.1567716 1.363081 2.52231 -0.2586761 1.818817 2.835888 0.1798459 1.787805 2.937176 0.08173453 1.457788 2.474861 -0.1475458 1.363081 2.52231 -0.2586761 1.457788 2.474861 -0.1475458 1.787805 2.937176 0.08173453 1.313315 2.598484 2.692541 1.305166 2.024729 2.692541 1.516899 2.513929 2.744761 1.463314 2.075623 2.744761 1.516899 2.513929 2.744761 1.305166 2.024729 2.692541 3.337907 2.29523 -1.442713 3.337907 2.198344 -0.8706715 3.337907 1.316799 -1.442713 3.337907 1.316799 -0.8706715 3.337907 2.198812 -0.1567716 3.337907 2.293084 -0.1553884 1.563596 1.360625 -1.442713 1.563596 2.431035 -1.442713 3.2321 1.360625 -1.442713 3.2321 2.431035 -1.442713 2.933052 1.061578 -1.442713 1.862642 1.061578 -1.442713 1.862642 2.730082 -1.442713 2.933052 2.730082 -1.442713 1.756305 0.9582859 2.744761 1.735922 0.9090777 2.692541 3.039388 0.9582859 2.744761 3.059772 0.9090777 2.692541 3.384598 1.233905 2.692541 3.336064 1.25401 2.744761 3.059772 0.9090777 2.692541 3.039388 0.9582859 2.744761 3.384598 2.024718 2.692541 3.33238 2.075623 2.744761 3.384598 1.233905 2.692541 3.336064 1.25401 2.744761 3.490528 2.024729 2.692541 3.33238 2.075623 2.744761 3.384598 2.024718 2.692541 1.459629 1.25401 2.744761 1.411095 1.233905 2.692541 1.756305 0.9582859 2.744761 1.735922 0.9090777 2.692541 1.463314 2.075623 2.744761 1.411095 2.024718 2.692541 1.459629 1.25401 2.744761 1.411095 1.233905 2.692541 1.305166 2.024729 2.692541 1.411095 2.024718 2.692541 1.463314 2.075623 2.744761 3.384598 2.024718 2.692541 3.384598 1.233905 2.692541 3.384598 2.025637 2.336866 3.384598 1.233905 2.336866 1.818817 0.9557721 -1.442713 2.976876 0.9557721 -1.442713 2.392847 0.9557721 -0.8706715 2.976876 0.9557721 -0.8706715 2.392847 0.9557721 0.3417792 1.818817 0.9557721 0.3417792 1.735922 0.9090777 0.6101736 1.818817 0.9557721 0.3417792 2.393129 0.9090777 0.6101736 2.392847 0.9557721 0.3417792 2.392667 0.7185642 0.9000396 1.918935 0.7185642 0.9000396 2.392769 0.9090777 0.7159795 1.841728 0.9090777 0.7159795 2.392667 0.705482 2.336866 2.392667 0.7185642 0.9000396 2.392667 0.6455885 2.336866 2.392667 0.6455885 0.9000396 2.3928 0.6455885 0.7159795 2.392769 0.9090777 0.7159795 2.393129 0.9090777 0.6101736 2.392982 0.6455885 0.6101736 2.392847 0.9557721 0.3417792 2.39284 0.6455885 0.3417792 2.392847 0.9557721 -0.8706715 2.392847 0.6455885 -0.8706715 2.876758 0.705482 2.336866 2.392667 0.705482 2.336866 2.876758 0.6455885 2.336866 2.392667 0.6455885 2.336866 3.085321 0.7352477 2.336869 3.059772 0.9090777 2.336866 3.491814 1.121775 2.336888 3.384598 1.233905 2.336866 3.489279 2.024901 2.336904 3.384598 2.025637 2.336866 2.953965 0.9090777 2.336866 3.085319 0.6455885 2.336861 3.337907 1.316799 -0.8706715 4.306579 1.442584 -0.8706715 2.976876 0.9557721 -0.8706715 4.31162 0.6455885 -0.8706715 2.392847 0.6455885 -0.8706715 2.392847 0.9557721 -0.8706715 3.337907 2.198344 -0.8706715 3.490732 2.198499 -0.8706715 3.489279 2.024901 2.336904 3.490528 2.024729 2.692541 3.384598 2.025637 2.336866 3.384598 2.024718 2.692541 3.432613 2.52231 -0.2586761 3.337907 2.474861 -0.1475458 3.443832 2.292035 -0.267903 -1.033585 0.423221 1.891021 -1.022658 -0.04695594 1.897092 -0.5855069 0.4232154 1.991747 -0.5835558 -0.04695594 1.991747 -1.022658 -0.6743488 1.688651 -1.073237 -0.6710808 -0.4106519 -0.6800577 -1.005673 1.605242 -0.6967678 -1.046015 -0.4106543 -0.5011871 -2.402554 0.5874824 -0.5167124 -2.439882 -0.4086091 0 -2.402447 0.5866515 0 -2.439866 -0.4086127 -0.3796667 2.84216 1.612584 -0.4078184 2.886829 -0.4106739 -0.6799768 2.842095 1.612584 -0.6967574 2.886819 -0.4106683 -1.056242 2.438599 -0.410646 -1.056191 2.441856 1.551891 -0.9830506 2.550264 -0.410646 -0.9830506 2.550264 -0.410646 -1.056191 2.441856 1.551891 -0.6967574 2.886819 -0.4106683 -1.056191 2.441856 1.551891 -0.6799768 2.842095 1.612584 -0.6967574 2.886819 -0.4106683 -1.033585 0.423221 1.891021 -1.088198 0.4232178 -0.4106695 -1.022658 -0.04695594 1.897092 -1.073237 -0.6710808 -0.4106519 -1.022658 -0.6743488 1.688651 -1.056191 2.441856 1.551891 -1.056191 1.818798 1.897657 -0.6799768 2.842095 1.612584 -0.5786571 1.818798 2.008226 -0.6799768 2.842095 1.612584 -1.056191 1.818798 1.897657 -0.6800577 -1.005673 1.605242 -0.6139732 -1.005792 1.679887 -1.022658 -0.6743488 1.688651 -0.6139732 -1.005792 1.679887 -0.5835558 -0.04695594 1.991747 -1.022658 -0.6743488 1.688651 -1.022658 -0.04695594 1.897092 -1.056191 2.441856 1.551891 -1.056242 1.358461 -0.4199579 -1.056191 1.818798 1.897657 -1.056191 1.358597 1.888285 -1.056242 2.438599 -0.410646 -0.5786359 1.358627 1.816597 -0.8798032 1.358598 1.816597 -0.5855069 0.4232154 1.816435 -0.8798032 0.423221 1.816435 -0.3300164 0.2014734 1.816435 -0.3232073 1.617993 1.816596 -0.5786432 1.73285 1.816597 -0.5690526 0.06904667 1.816435 0 0.2014346 1.816435 0 0.06895852 1.816339 0 1.73424 1.816596 0 1.618758 1.816596 -0.5786571 1.818798 2.008226 -1.056191 1.818798 1.897657 -0.5786359 1.358627 2.021692 -1.056191 1.358597 1.888285 -0.9833 1.358603 1.963371 -1.056191 1.818798 1.897657 -1.056191 1.818798 1.897657 -0.9833 1.358603 1.963371 -0.5786359 1.358627 2.021692 0 0.2014346 1.816435 0 1.618758 1.816596 -0.3300164 0.2014734 1.816435 -0.3232073 1.617993 1.816596 -0.5855069 0.4232154 1.816435 -0.5855069 0.4232154 1.991747 -0.5729048 0.06892049 1.933547 -0.5690526 0.06904667 1.816435 -0.5835558 -0.04695594 1.991747 -0.5729048 0.06892049 1.933547 -0.5855069 0.4232154 1.991747 -0.8798032 0.423221 1.816435 -1.033585 0.423221 1.891021 -0.5855069 0.4232154 1.816435 -0.5855069 0.4232154 1.991747 -1.088198 0.4232178 -0.4106695 -0.8798032 0.4232178 -0.4905142 -1.073237 -0.6710808 -0.4106519 -1.088198 0.4232178 -0.4106695 -0.8798032 -0.5904821 -0.4905142 -0.8798032 0.4232178 -0.4905142 -0.6169545 -0.8533309 -0.4905142 -0.6967678 -1.046015 -0.4106543 -0.8798032 -0.5904821 -0.4905142 -1.073237 -0.6710808 -0.4106519 -0.8798032 1.358598 1.816597 -1.056191 1.358597 1.888285 -0.8798032 1.358585 -0.490513 -1.056242 1.358461 -0.4199579 -0.9833 1.358603 1.963371 -0.5786359 1.358627 2.021692 -0.5786359 1.358627 1.816597 -0.5786432 1.73285 1.816597 -0.5786511 1.756546 1.933576 -0.5786359 1.358627 1.816597 -0.5786359 1.358627 2.021692 -0.5786571 1.818798 2.008226 0 1.73424 1.816596 0 1.756546 1.931398 -0.5786432 1.73285 1.816597 -0.5786511 1.756546 1.933576 -0.3871843 1.960808 1.958443 -0.3796667 2.84216 1.612584 -0.5786571 1.818798 2.008226 -0.6799768 2.842095 1.612584 -0.5786571 1.818798 2.008226 0 1.818798 1.988045 -0.3871843 1.960808 1.958443 0 1.962935 1.95907 -0.3871843 1.960808 1.958443 0 1.818798 1.988045 0 1.962935 1.95907 0 2.854804 1.666646 -0.3871843 1.960808 1.958443 -0.3796667 2.84216 1.612584 -0.3871843 1.960808 1.958443 0 2.854804 1.666646 -0.4078184 2.886829 -0.4106739 -0.3796667 2.84216 1.612584 0 2.886829 -0.4106739 0 2.854804 1.666646 -0.8798032 -0.5904821 -0.4905142 -0.826405 -0.5568223 -1.224818 -0.6169545 -0.8533309 -0.4905142 -0.5559938 -0.8109295 -1.224818 -0.8798032 2.42347 -0.490513 -0.8330093 2.380346 -1.224818 -0.8798032 1.358585 -0.490513 -0.826405 0.7815817 -1.224818 -0.8798032 0.4232178 -0.4905142 -0.8798032 -0.5904821 -0.4905142 -0.826405 -0.5568223 -1.224818 -0.6169545 2.686317 -0.490513 -0.5715243 2.639307 -1.224818 -0.8798032 2.42347 -0.490513 -0.8330093 2.380346 -1.224818 0 2.686317 -0.490513 0 2.639307 -1.224818 -0.6169545 2.686317 -0.490513 -0.5715243 2.639307 -1.224818 -0.6800577 -1.005673 1.605242 -0.6967678 -1.046015 -0.4106543 -0.6829131 -2.243534 0.6832925 -0.6983966 -2.250345 -0.4088035 -0.5167124 -2.439882 -0.4086091 -0.6983966 -2.250345 -0.4088035 0 -2.439866 -0.4086127 -0.6967678 -1.046015 -0.4106543 -0.6967678 -1.046015 -0.4106543 -0.6169545 -0.8533309 -0.4905142 0 -2.439866 -0.4086127 -0.6169545 -0.8533309 -0.4905142 0 -0.8533309 -0.4905142 0 -2.439866 -0.4086127 -0.6829131 -2.243534 0.6832925 -0.6983966 -2.250345 -0.4088035 -0.5011871 -2.402554 0.5874824 -0.5167124 -2.439882 -0.4086091 -0.5011871 -2.402554 0.5874824 -0.6983966 -2.250345 -0.4088035 0 0.06879132 1.931438 -0.5729048 0.06892049 1.933547 0 -0.04163885 1.987228 -0.5835558 -0.04695594 1.991747 -0.5786511 1.756546 1.933576 0 1.756546 1.931398 -0.5786571 1.818798 2.008226 0 1.818798 1.988045 -0.5786571 1.818798 2.008226 0 1.756546 1.931398 -0.5690526 0.06904667 1.816435 -0.5729048 0.06892049 1.933547 0 0.06895852 1.816339 0 0.06879132 1.931438 -0.6169545 -0.8533309 -0.4905142 -0.5559938 -0.8109295 -1.224818 0 -0.8533309 -0.4905142 0 -0.8109295 -1.224818 -0.6800577 -1.005673 1.605242 -0.6829131 -2.243534 0.6832925 -0.6139732 -1.005792 1.679887 -0.6139732 -1.005792 1.679887 -0.6829131 -2.243534 0.6832925 0 -1.021023 1.674759 -0.5011871 -2.402554 0.5874824 0 -2.402447 0.5866515 -0.6829131 -2.243534 0.6832925 -0.5011871 -2.402554 0.5874824 0 -1.021023 1.674759 0 -1.021023 1.674759 0 -0.04163885 1.987228 -0.6139732 -1.005792 1.679887 -0.5835558 -0.04695594 1.991747 -0.4871563 2.552002 -1.224818 -0.5715243 2.639307 -1.224818 0 2.552002 -1.224818 0 2.639307 -1.224818 -0.8330093 2.380346 -1.224818 -0.7862054 2.252955 -1.224818 -0.826405 0.7815817 -1.224818 -0.7862054 1.182546 -1.224818 -0.4871563 0.883498 -1.224818 -0.6677604 0.4548276 -1.224818 -0.826405 -0.5568223 -1.224818 -0.6677604 -0.4568186 -1.224818 -0.4130658 0.7095214 -1.224818 0 0.7095214 -1.224818 0 0.883498 -1.224818 -0.5559938 -0.8109295 -1.224818 -0.4130658 -0.7115112 -1.224818 0 -0.8109295 -1.224818 0 -0.7115112 -1.224818 -0.4871563 0.883498 -1.224818 -0.4871563 2.552002 -1.224818 0 0.883498 -1.224818 0 2.552002 -1.224818 -0.7862054 1.182546 -1.224818 -0.7862054 2.252955 -1.224818 -0.4130658 -0.7115112 -1.224818 -0.4130658 0.7095214 -1.224818 0 -0.7115112 -1.224818 0 0.7095214 -1.224818 -0.6677604 -0.4568186 -1.224818 -0.6677604 0.4548276 -1.224818 -0.6169545 2.686317 -0.490513 -0.8798032 2.42347 -0.490513 -0.6967574 2.886819 -0.4106683 -0.9830506 2.550264 -0.410646 -0.6967574 2.886819 -0.4106683 -0.8798032 2.42347 -0.490513 -0.6169545 2.686317 -0.490513 -0.6967574 2.886819 -0.4106683 -0.4078184 2.886829 -0.4106739 0 2.686317 -0.490513 0 2.886829 -0.4106739 -0.8798032 2.42347 -0.490513 -1.056242 2.438599 -0.410646 -0.9830506 2.550264 -0.410646 -1.056242 1.358461 -0.4199579 -1.056242 2.438599 -0.410646 -0.8798032 1.358585 -0.490513 -0.8798032 2.42347 -0.490513 -0.8798032 1.358598 1.816597 -0.8798032 0.9647157 0.742192 -0.8798032 0.423221 1.816435 -0.8798032 0.4850493 0.742072 -0.8798032 0.9647089 0.3899545 -0.8798032 1.358585 -0.490513 -0.8798032 0.4850481 0.3899545 -0.8798032 0.4232178 -0.4905142 -0.8798032 0.9647157 0.742192 -2.515682 0.9647157 0.742192 -0.8798032 0.4850493 0.742072 -2.515682 0.4850493 0.742072 -0.8798032 0.9647089 0.3899545 -2.515682 0.9647089 0.3899545 -0.8798032 0.9647157 0.742192 -2.515682 0.9647157 0.742192 -0.8798032 0.4850481 0.3899545 -2.515682 0.4850481 0.3899545 -0.8798032 0.9647089 0.3899545 -2.515682 0.9647089 0.3899545 -0.8798032 0.4850493 0.742072 -2.515682 0.4850493 0.742072 -0.8798032 0.4850481 0.3899545 -2.515682 0.4850481 0.3899545 -1.541521 6.77458 -2.66872 -1.54616 6.771927 -2.723304 -1.371034 4.172483 -1.445592 -1.400834 4.17267 -2.05707 -1.242981 2.108952 -1.25994 -1.371034 4.172483 -1.445592 -1.190646 2.108909 -0.4998413 -1.455286 6.782181 -2.658259 -1.541521 6.77458 -2.66872 -1.122324 4.172463 -1.445448 -1.371034 4.172483 -1.445592 -1.122324 4.172463 -1.445448 -1.541521 6.77458 -2.66872 -1.190646 2.108909 -0.4998413 -0.9752845 2.108901 -0.5049456 -1.54616 6.771927 -2.723304 -1.459927 6.779526 -2.712844 -1.400834 4.17267 -2.05707 -1.181385 4.172551 -2.057262 -1.400834 4.17267 -2.05707 -1.459927 6.779526 -2.712844 -1.455286 6.782181 -2.658259 -1.122324 4.172463 -1.445448 -1.459927 6.779526 -2.712844 -1.181385 4.172551 -2.057262 -1.181385 4.172551 -2.057262 -0.9954938 2.108944 -1.269554 -1.400834 4.17267 -2.05707 -1.242981 2.108952 -1.25994 -1.122324 4.172463 -1.445448 -0.9752845 2.108901 -0.5049456 -1.181385 4.172551 -2.057262 -0.9954938 2.108944 -1.269554 -1.181385 4.172551 -2.057262 -0.9752845 2.108901 -0.5049456 -0.9954938 2.108944 -1.269554 -0.9752845 2.108901 -0.5049456 -1.242981 2.108952 -1.25994 -1.190646 2.108909 -0.4998413 -1.54616 6.771927 -2.723304 -1.541521 6.77458 -2.66872 -1.459927 6.779526 -2.712844 -1.455286 6.782181 -2.658259 -2.211132 -6.782181 -1.703696 -2.199851 -6.781419 -1.75548 -1.527043 -3.180259 -0.6752913 -1.472239 -3.18088 -1.289713 -1.527043 -3.180259 -0.6752913 -2.199851 -6.781419 -1.75548 -0.9371326 -0.2297964 -0.6398203 -1.046512 -0.3449804 0.1195141 -1.772214 -3.180561 -0.6840345 -2.297003 -6.76704 -1.703696 -1.527043 -3.180259 -0.6752913 -2.211132 -6.782181 -1.703696 -1.527043 -3.180259 -0.6752913 -2.297003 -6.76704 -1.703696 -2.199851 -6.781419 -1.75548 -2.285724 -6.766275 -1.75548 -1.472239 -3.18088 -1.289713 -1.688192 -3.181305 -1.29445 -1.472239 -3.18088 -1.289713 -2.285724 -6.766275 -1.75548 -2.285724 -6.766275 -1.75548 -2.297003 -6.76704 -1.703696 -1.688192 -3.181305 -1.29445 -1.772214 -3.180561 -0.6840345 -1.688192 -3.181305 -1.29445 -2.297003 -6.76704 -1.703696 -1.258831 -0.3048375 0.1143773 -1.688192 -3.181305 -1.29445 -1.180224 -0.1799429 -0.6494004 -1.472239 -3.18088 -1.289713 -0.9371326 -0.2297964 -0.6398203 -1.472239 -3.18088 -1.289713 -1.180224 -0.1799429 -0.6494004 -1.180224 -0.1799429 -0.6494004 -1.688192 -3.181305 -1.29445 -1.258831 -0.3048375 0.1143773 -1.258831 -0.3048375 0.1143773 -1.772214 -3.180561 -0.6840345 -1.046512 -0.3449804 0.1195141 -1.527043 -3.180259 -0.6752913 -2.199851 -6.781419 -1.75548 -2.211132 -6.782181 -1.703696 -2.285724 -6.766275 -1.75548 -2.297003 -6.76704 -1.703696 -1.180224 -0.1799429 -0.6494004 -1.258831 -0.3048375 0.1143773 -0.9371326 -0.2297964 -0.6398203 -1.046512 -0.3449804 0.1195141 -0.3168433 0.6778498 1.915271 0 0.6778498 2.076964 -0.2225762 0.9054304 1.915271 -0.2225762 0.4502692 1.915271 0 0.6778498 2.076964 -0.3168433 0.6778498 1.915271 0 0.3580751 1.915271 0 0.6778498 2.076964 -0.2225762 0.4502692 1.915271 -0.2225762 0.9054304 1.915271 0 0.6778498 2.076964 0 0.9976263 1.915271 -3.567047 -1.105797 -0.1558125 -3.564864 -1.110498 1.600542 -4.498919 -0.2374022 -0.1552532 -4.496623 -0.2400931 1.6011 -3.4869 -0.9149807 1.600756 -3.486753 -0.9159849 2.336951 -4.30353 -0.1547303 1.600976 -4.302621 -0.1557177 2.336942 -4.30567 -0.1523959 -0.1553778 -4.306579 -0.151407 -0.8706715 -3.489824 -0.9093089 -0.1553778 -3.490732 -0.907323 -0.8706715 -3.567047 -1.105797 -0.1558125 -4.498919 -0.2374022 -0.1552532 -3.489824 -0.9093089 -0.1553778 -4.30567 -0.1523959 -0.1553778 -3.337906 -1.001907 -0.1553884 -3.337906 -0.907635 -0.1567716 -4.504701 0.6455885 -0.1566656 -4.31117 0.6455885 -0.1567016 -3.337906 -1.110592 -0.1508775 -4.496623 -0.2400931 1.6011 -3.564864 -1.110498 1.600542 -4.30353 -0.1547303 1.600976 -3.4869 -0.9149807 1.600756 -3.483367 -1.110796 1.600535 -4.503633 0.6455885 1.596563 -4.310098 0.6455885 1.596529 -3.085318 0.5555351 2.227722 -3.491829 0.1689332 2.229197 -3.085321 0.5559296 2.336869 -3.491814 0.1694022 2.336888 -3.491829 0.1689332 2.229197 -3.488338 -0.7340219 2.232307 -3.491814 0.1694022 2.336888 -3.489279 -0.733725 2.336904 -3.488338 -0.7340219 2.232307 -4.15347 -0.1389797 2.232339 -3.489279 -0.733725 2.336904 -4.152959 -0.1383199 2.336929 -3.489824 -0.9093089 -0.1553778 -3.490732 -0.907323 -0.8706715 -3.337906 -0.907635 -0.1567716 -3.337906 -0.9071671 -0.8706715 -3.483367 -1.110796 1.600535 -3.564864 -1.110498 1.600542 -3.482372 -1.110403 0.9794395 -3.567047 -1.105797 -0.1558125 -3.384599 -1.110481 0.8607128 -3.337906 -1.110537 0.3417792 -3.337906 -1.110592 -0.1508775 -4.30353 -0.1547303 1.600976 -4.302621 -0.1557177 2.336942 -4.310098 0.6455885 1.596529 -4.309643 0.6455885 2.336866 -4.503633 0.6455885 1.596563 -4.504701 0.6455885 -0.1566656 -4.496623 -0.2400931 1.6011 -4.498919 -0.2374022 -0.1552532 -4.31117 0.6455885 -0.1567016 -4.311624 0.6455885 -0.8706715 -4.30567 -0.1523959 -0.1553778 -4.306579 -0.151407 -0.8706715 -3.085318 0.6455885 2.227205 -3.085318 0.5555351 2.227722 -3.085319 0.6455885 2.336861 -3.085321 0.5559296 2.336869 -3.491829 0.1689332 2.229197 -3.085318 0.5555351 2.227722 -3.494135 0.6455885 2.2273 -3.085318 0.6455885 2.227205 -4.15347 -0.1389797 2.232339 -3.488338 -0.7340219 2.232307 -4.15376 0.6455885 2.227339 -4.15347 -0.1389797 2.232339 -4.15376 0.6455885 2.227339 -4.152959 -0.1383199 2.336929 -4.153764 0.6455885 2.336867 -4.153764 0.6455885 2.336867 -4.309643 0.6455885 2.336866 -4.152959 -0.1383199 2.336929 -4.302621 -0.1557177 2.336942 -3.489279 -0.733725 2.336904 -3.486753 -0.9159849 2.336951 -1.779748 -1.4856 2.636095 -1.779748 -0.7844448 2.636095 -3.015946 -1.4856 2.636095 -3.015946 -0.784446 2.636095 -1.779748 0.2762933 2.636095 -3.015946 0.2762933 2.636095 -3.278794 -0.784446 2.636095 -3.278794 -1.222752 2.636095 -3.278794 0.01344585 2.636095 -1.516899 -0.7844448 2.636095 -1.516899 0.01344585 2.636095 -1.516899 -1.222752 2.636095 -3.337906 -1.183685 0.3417792 -3.384599 -1.266578 0.8160565 -3.337906 -1.110537 0.3417792 -3.384599 -1.110481 0.8607128 -1.818818 -1.544712 0.3417792 -1.735922 -1.591406 0.7858656 -2.976876 -1.544712 0.3417792 -3.059772 -1.591406 0.7858656 -3.337906 -1.110537 0.3417792 -3.337906 -1.110592 -0.1508775 -3.337906 -1.183685 0.3417792 -3.337906 -1.183685 -0.1475458 -3.059772 0.3820989 2.336866 -3.384599 0.05727237 2.336866 -3.059772 0.3820989 2.692541 -3.384599 0.05727237 2.692541 -2.976876 -1.544712 0.1798459 -2.976876 -1.544712 0.3417792 -3.337906 -1.183685 -0.1475458 -3.337906 -1.183685 0.3417792 -2.976876 0.3354044 -1.442713 -3.337906 -0.02562224 -1.442713 -2.976876 0.3354044 -0.8706715 -3.337906 -0.02562224 -0.8706715 -3.059772 -1.591406 0.7858656 -3.384599 -1.266578 0.8160565 -2.976876 -1.544712 0.3417792 -3.337906 -1.183685 0.3417792 -2.933052 0.2295988 -1.442713 -3.232099 -0.06944882 -1.442713 -2.976876 0.3354044 -1.442713 -3.337906 -0.02562224 -1.442713 -3.232099 -1.139858 -1.442713 -3.337906 -1.004054 -1.442713 -1.818818 0.3354044 -1.442713 -1.862641 0.2295988 -1.442713 -1.563595 -0.06944882 -1.442713 -1.457788 -0.02562224 -1.442713 -1.563595 -1.139858 -1.442713 -1.457788 -1.004054 -1.442713 -1.779748 0.2762933 2.744761 -1.756306 0.3328914 2.744761 -3.015946 0.2762933 2.744761 -3.039388 0.3328914 2.744761 -3.336065 0.03716707 2.744761 -3.278794 0.01344585 2.744761 -1.516899 0.01344585 2.744761 -1.459628 0.03716707 2.744761 -3.33238 -0.784446 2.744761 -3.278794 -0.784446 2.744761 -1.516899 -0.7844471 2.744761 -1.463314 -0.784446 2.744761 -1.516899 -1.222752 2.744761 -3.278794 -1.222752 2.744761 -3.484822 -1.110511 2.692541 -3.482376 -1.307307 2.692541 -3.490529 -0.7335523 2.692541 -3.490529 -0.7335523 2.692541 -3.482376 -1.307307 2.692541 -3.33238 -0.784446 2.744761 -3.33238 -0.784446 2.744761 -3.482376 -1.307307 2.692541 -3.278794 -1.222752 2.744761 -1.779748 0.2762933 2.636095 -1.779748 0.2762933 2.744761 -3.015946 0.2762933 2.636095 -3.015946 0.2762933 2.744761 -3.015946 -1.4856 2.636095 -3.278794 -1.222752 2.636095 -3.015946 -1.4856 2.744761 -3.278794 -1.222752 2.744761 -3.278794 -1.222752 2.636095 -3.278794 -0.784446 2.636095 -3.278794 -1.222752 2.744761 -3.278794 -0.784446 2.744761 -3.278794 0.01344585 2.744761 -3.278794 0.01344585 2.636095 -3.278794 0.01344585 2.636095 -3.015946 0.2762933 2.636095 -3.278794 0.01344585 2.744761 -3.015946 0.2762933 2.744761 -3.483367 -1.110796 1.600535 -3.482372 -1.110403 0.9794395 -3.479333 -1.313974 0.9162376 -3.484822 -1.110511 2.692541 -3.4869 -0.9149807 1.600756 -3.486753 -0.9159849 2.336951 -3.489279 -0.733725 2.336904 -3.490529 -0.7335523 2.692541 -3.482376 -1.307307 2.692541 -3.100286 -1.68928 2.692541 -3.482376 -1.307307 2.692541 -3.0996 -1.689562 0.8860454 -3.479333 -1.313974 0.9162376 -3.100286 -1.68928 2.692541 -3.0996 -1.689562 0.8860454 -1.695409 -1.68928 2.692541 -1.696092 -1.689562 0.8860454 -1.695409 -1.68928 2.692541 -1.779748 -1.4856 2.744761 -3.100286 -1.68928 2.692541 -3.015946 -1.4856 2.744761 -3.0996 -1.689562 0.8860454 -3.479333 -1.313974 0.9162376 -3.059772 -1.591406 0.7858656 -3.384599 -1.266578 0.8160565 -3.479333 -1.313974 0.9162376 -3.482372 -1.110403 0.9794395 -3.384599 -1.266578 0.8160565 -3.384599 -1.110481 0.8607128 -3.482376 -1.307307 2.692541 -3.100286 -1.68928 2.692541 -3.278794 -1.222752 2.744761 -3.015946 -1.4856 2.744761 -2.876758 0.588446 2.562993 -2.876758 0.5856947 2.336866 -2.953965 0.3820989 2.638955 -2.953965 0.3820989 2.336866 -1.818818 -1.544712 0.1798459 -1.818818 -1.544712 0.3417792 -2.976876 -1.544712 0.1798459 -2.976876 -1.544712 0.3417792 -3.435772 -1.224216 -1.337913 -3.017412 -1.642579 -1.337913 -3.432613 -1.231134 -0.2586761 -3.007888 -1.646 0.08173453 -3.443832 -1.004054 -1.337913 -3.435772 -1.224216 -1.337913 -3.443832 -1.000858 -0.267903 -3.432613 -1.231134 -0.2586761 -3.017412 -1.642579 -1.337913 -3.435772 -1.224216 -1.337913 -2.933052 -1.438906 -1.442713 -3.232099 -1.139858 -1.442713 -3.435772 -1.224216 -1.337913 -3.443832 -1.004054 -1.337913 -3.232099 -1.139858 -1.442713 -3.337906 -1.004054 -1.442713 -3.232099 -1.139858 -1.442713 -3.443832 -1.004054 -1.337913 -3.337906 -1.001907 -0.1553884 -3.337906 -1.004054 -1.442713 -3.443832 -1.000858 -0.267903 -3.443832 -1.004054 -1.337913 -3.443832 -1.000858 -0.267903 -3.337906 -1.110592 -0.1508775 -3.337906 -1.001907 -0.1553884 -3.337906 -1.183685 -0.1475458 -3.432613 -1.231134 -0.2586761 -3.007888 -1.646 0.08173453 -3.337906 -1.183685 -0.1475458 -2.976876 -1.544712 0.1798459 -3.337906 -1.183685 -0.1475458 -3.007888 -1.646 0.08173453 -1.787805 -1.646 0.08173453 -1.818818 -1.544712 0.1798459 -3.007888 -1.646 0.08173453 -2.976876 -1.544712 0.1798459 -1.918935 0.588446 2.562993 -2.392667 0.5856947 2.336866 -2.876758 0.588446 2.562993 -2.876758 0.5856947 2.336866 -2.392667 0.5726127 0.9000396 -1.918935 0.5726127 0.9000396 -3.007888 -1.646 0.08173453 -3.017412 -1.642579 -1.337913 -1.787805 -1.646 0.08173453 -1.778282 -1.642579 -1.337913 -1.779748 -1.4856 2.744761 -1.779748 -1.4856 2.636095 -3.015946 -1.4856 2.744761 -3.015946 -1.4856 2.636095 -1.735922 -1.591406 0.7858656 -1.696092 -1.689562 0.8860454 -3.059772 -1.591406 0.7858656 -3.0996 -1.689562 0.8860454 -1.735922 0.3820989 2.692541 -1.841729 0.3820989 2.638955 -3.059772 0.3820989 2.692541 -2.953965 0.3820989 2.638955 -2.953965 0.3820989 2.336866 -3.059772 0.3820989 2.336866 -1.735922 0.3820989 0.6101736 -1.841729 0.3820989 0.7159795 -2.392769 0.3820989 0.7159795 -2.39313 0.3820989 0.6101736 -1.841729 0.3820989 2.638955 -1.918935 0.588446 2.562993 -2.953965 0.3820989 2.638955 -2.876758 0.588446 2.562993 -1.862641 -1.438906 -1.442713 -1.778282 -1.642579 -1.337913 -2.933052 -1.438906 -1.442713 -3.017412 -1.642579 -1.337913 -1.411094 -0.7379011 1.004695 -1.411094 -1.266578 0.8160565 -1.411094 0.05727237 0.6101736 -1.411094 0.05727237 2.692541 -1.411094 -0.7335404 2.692541 -1.411094 0.05727237 0.6101736 -1.411094 -1.266578 0.8160565 -1.457788 -0.02562224 0.3417792 -1.411094 -1.266578 0.8160565 -1.457788 -1.183685 0.3417792 -1.457788 -0.02562224 0.3417792 -1.457788 -1.004054 -1.442713 -1.457788 -0.02562224 -1.442713 -1.457788 -1.000858 -0.1567716 -1.457788 -0.02562224 0.3417792 -1.457788 -1.183685 0.3417792 -1.457788 -1.183685 -0.1475458 -1.411094 0.05727237 0.6101736 -1.735922 0.3820989 0.6101736 -1.411094 0.05727237 2.692541 -1.735922 0.3820989 2.692541 -1.457788 -1.183685 0.3417792 -1.818818 -1.544712 0.3417792 -1.457788 -1.183685 -0.1475458 -1.818818 -1.544712 0.1798459 -1.411094 0.05727237 0.6101736 -1.457788 -0.02562224 0.3417792 -1.735922 0.3820989 0.6101736 -1.818818 0.3354044 0.3417792 -1.818818 0.3354044 -1.442713 -1.818818 0.3354044 0.3417792 -1.457788 -0.02562224 -1.442713 -1.457788 -0.02562224 0.3417792 -1.457788 -1.183685 0.3417792 -1.411094 -1.266578 0.8160565 -1.818818 -1.544712 0.3417792 -1.735922 -1.591406 0.7858656 -1.516899 -1.222752 2.744761 -1.516899 -1.222752 2.636095 -1.779748 -1.4856 2.744761 -1.779748 -1.4856 2.636095 -1.516899 -0.7844471 2.744761 -1.516899 -0.7844448 2.636095 -1.516899 -1.222752 2.744761 -1.516899 -1.222752 2.636095 -1.516899 0.01344585 2.636095 -1.516899 0.01344585 2.744761 -1.779748 0.2762933 2.744761 -1.779748 0.2762933 2.636095 -1.516899 0.01344585 2.744761 -1.516899 0.01344585 2.636095 -1.305166 -0.7335523 2.692541 -1.313316 -1.307307 2.692541 -1.305166 -0.7379011 1.149181 -1.316361 -1.313974 0.9162376 -1.695409 -1.68928 2.692541 -1.696092 -1.689562 0.8860454 -1.313316 -1.307307 2.692541 -1.316361 -1.313974 0.9162376 -1.411094 -1.266578 0.8160565 -1.316361 -1.313974 0.9162376 -1.735922 -1.591406 0.7858656 -1.696092 -1.689562 0.8860454 -1.411094 -0.7379011 1.004695 -1.305166 -0.7379011 1.149181 -1.411094 -1.266578 0.8160565 -1.316361 -1.313974 0.9162376 -1.411094 -1.266578 0.8160565 -1.305166 -0.7379011 1.149181 -1.305166 -0.7335523 2.692541 -1.305166 -0.7379011 1.149181 -1.411094 -0.7335404 2.692541 -1.411094 -0.7379011 1.004695 -1.779748 -1.4856 2.744761 -1.695409 -1.68928 2.692541 -1.516899 -1.222752 2.744761 -1.313316 -1.307307 2.692541 -1.841729 0.3820989 0.7159795 -1.918935 0.5726127 0.9000396 -1.841729 0.3820989 2.638955 -1.918935 0.588446 2.562993 -1.778282 -1.642579 -1.337913 -1.359923 -1.224216 -1.337913 -1.787805 -1.646 0.08173453 -1.363081 -1.231134 -0.2586761 -1.351861 -1.004054 -1.337913 -1.351861 -1.000858 -0.267903 -1.359923 -1.224216 -1.337913 -1.363081 -1.231134 -0.2586761 -1.563595 -1.139858 -1.442713 -1.359923 -1.224216 -1.337913 -1.862641 -1.438906 -1.442713 -1.778282 -1.642579 -1.337913 -1.457788 -1.004054 -1.442713 -1.351861 -1.004054 -1.337913 -1.563595 -1.139858 -1.442713 -1.359923 -1.224216 -1.337913 -1.563595 -1.139858 -1.442713 -1.351861 -1.004054 -1.337913 -1.351861 -1.000858 -0.267903 -1.351861 -1.004054 -1.337913 -1.457788 -1.000858 -0.1567716 -1.457788 -1.004054 -1.442713 -1.457788 -1.183685 -0.1475458 -1.363081 -1.231134 -0.2586761 -1.457788 -1.000858 -0.1567716 -1.351861 -1.000858 -0.267903 -1.457788 -1.000858 -0.1567716 -1.363081 -1.231134 -0.2586761 -1.818818 -1.544712 0.1798459 -1.787805 -1.646 0.08173453 -1.457788 -1.183685 -0.1475458 -1.363081 -1.231134 -0.2586761 -1.457788 -1.183685 -0.1475458 -1.787805 -1.646 0.08173453 -1.313316 -1.307307 2.692541 -1.305166 -0.7335523 2.692541 -1.516899 -1.222752 2.744761 -1.463314 -0.784446 2.744761 -1.516899 -1.222752 2.744761 -1.305166 -0.7335523 2.692541 -3.337906 -1.004054 -1.442713 -3.337906 -0.9071671 -0.8706715 -3.337906 -0.02562224 -1.442713 -3.337906 -0.02562224 -0.8706715 -3.337906 -0.907635 -0.1567716 -3.337906 -1.001907 -0.1553884 -1.563595 -0.06944882 -1.442713 -1.563595 -1.139858 -1.442713 -3.232099 -0.06944882 -1.442713 -3.232099 -1.139858 -1.442713 -2.933052 0.2295988 -1.442713 -1.862641 0.2295988 -1.442713 -1.862641 -1.438906 -1.442713 -2.933052 -1.438906 -1.442713 -1.756306 0.3328914 2.744761 -1.735922 0.3820989 2.692541 -3.039388 0.3328914 2.744761 -3.059772 0.3820989 2.692541 -3.384599 0.05727237 2.692541 -3.336065 0.03716707 2.744761 -3.059772 0.3820989 2.692541 -3.039388 0.3328914 2.744761 -3.384599 -0.7335404 2.692541 -3.33238 -0.784446 2.744761 -3.384599 0.05727237 2.692541 -3.336065 0.03716707 2.744761 -3.490529 -0.7335523 2.692541 -3.33238 -0.784446 2.744761 -3.384599 -0.7335404 2.692541 -1.459628 0.03716707 2.744761 -1.411094 0.05727237 2.692541 -1.756306 0.3328914 2.744761 -1.735922 0.3820989 2.692541 -1.463314 -0.784446 2.744761 -1.411094 -0.7335404 2.692541 -1.459628 0.03716707 2.744761 -1.411094 0.05727237 2.692541 -1.305166 -0.7335523 2.692541 -1.411094 -0.7335404 2.692541 -1.463314 -0.784446 2.744761 -3.384599 -0.7335404 2.692541 -3.384599 0.05727237 2.692541 -3.384599 -0.7344602 2.336866 -3.384599 0.05727237 2.336866 -1.818818 0.3354044 -1.442713 -2.976876 0.3354044 -1.442713 -2.392847 0.3354044 -0.8706715 -2.976876 0.3354044 -0.8706715 -2.392847 0.3354044 0.3417792 -1.818818 0.3354044 0.3417792 -1.735922 0.3820989 0.6101736 -1.818818 0.3354044 0.3417792 -2.39313 0.3820989 0.6101736 -2.392847 0.3354044 0.3417792 -2.392667 0.5726127 0.9000396 -1.918935 0.5726127 0.9000396 -2.392769 0.3820989 0.7159795 -1.841729 0.3820989 0.7159795 -2.392667 0.5856947 2.336866 -2.392667 0.5726127 0.9000396 -2.392667 0.6455885 2.336866 -2.392667 0.6455885 0.9000396 -2.3928 0.6455885 0.7159795 -2.392769 0.3820989 0.7159795 -2.39313 0.3820989 0.6101736 -2.392983 0.6455885 0.6101736 -2.392847 0.3354044 0.3417792 -2.392839 0.6455885 0.3417792 -2.392847 0.3354044 -0.8706715 -2.392847 0.6455885 -0.8706715 -2.876758 0.5856947 2.336866 -2.392667 0.5856947 2.336866 -2.876758 0.6455885 2.336866 -2.392667 0.6455885 2.336866 -3.085321 0.5559296 2.336869 -3.059772 0.3820989 2.336866 -3.491814 0.1694022 2.336888 -3.384599 0.05727237 2.336866 -3.489279 -0.733725 2.336904 -3.384599 -0.7344602 2.336866 -2.953965 0.3820989 2.336866 -3.085319 0.6455885 2.336861 -3.337906 -0.02562224 -0.8706715 -4.306579 -0.151407 -0.8706715 -2.976876 0.3354044 -0.8706715 -4.311624 0.6455885 -0.8706715 -2.392847 0.6455885 -0.8706715 -2.392847 0.3354044 -0.8706715 -3.337906 -0.9071671 -0.8706715 -3.490732 -0.907323 -0.8706715 -3.489279 -0.733725 2.336904 -3.490529 -0.7335523 2.692541 -3.384599 -0.7344602 2.336866 -3.384599 -0.7335404 2.692541 -3.432613 -1.231134 -0.2586761 -3.337906 -1.183685 -0.1475458 -3.443832 -1.000858 -0.267903 -4.496623 1.53127 1.6011 -3.564864 2.401675 1.600542 -4.498919 1.528579 -0.1552532 -3.567047 2.396974 -0.1558125 -4.302621 1.446895 2.336942 -3.486753 2.207161 2.336951 -4.30353 1.445907 1.600976 -3.4869 2.206157 1.600756 -3.490732 2.198499 -0.8706715 -4.306579 1.442584 -0.8706715 -3.489824 2.200486 -0.1553778 -4.30567 1.443572 -0.1553778 -4.30567 1.443572 -0.1553778 -4.498919 1.528579 -0.1552532 -3.489824 2.200486 -0.1553778 -3.567047 2.396974 -0.1558125 -3.337906 2.293084 -0.1553884 -3.337906 2.198812 -0.1567716 -4.504701 0.6455885 -0.1566656 -4.31117 0.6455885 -0.1567016 -3.337906 2.401769 -0.1508775 -3.4869 2.206157 1.600756 -3.564864 2.401675 1.600542 -4.30353 1.445907 1.600976 -4.496623 1.53127 1.6011 -3.483367 2.401973 1.600535 -4.503633 0.6455885 1.596563 -4.310098 0.6455885 1.596529 -3.491814 1.121775 2.336888 -3.491829 1.122244 2.229197 -3.085321 0.7352477 2.336869 -3.085318 0.7356414 2.227722 -3.489279 2.024901 2.336904 -3.488338 2.025199 2.232307 -3.491814 1.121775 2.336888 -3.491829 1.122244 2.229197 -4.152959 1.429496 2.336929 -4.15347 1.430156 2.232339 -3.489279 2.024901 2.336904 -3.488338 2.025199 2.232307 -3.337906 2.198344 -0.8706715 -3.490732 2.198499 -0.8706715 -3.337906 2.198812 -0.1567716 -3.489824 2.200486 -0.1553778 -3.564864 2.401675 1.600542 -3.483367 2.401973 1.600535 -3.482372 2.40158 0.9794395 -3.567047 2.396974 -0.1558125 -3.384599 2.401658 0.8607128 -3.384599 2.401645 0.6101736 -3.337906 2.401715 0.3417792 -3.337906 2.401769 -0.1508775 -4.309643 0.6455885 2.336866 -4.302621 1.446895 2.336942 -4.310098 0.6455885 1.596529 -4.30353 1.445907 1.600976 -4.498919 1.528579 -0.1552532 -4.504701 0.6455885 -0.1566656 -4.496623 1.53127 1.6011 -4.503633 0.6455885 1.596563 -4.306579 1.442584 -0.8706715 -4.311624 0.6455885 -0.8706715 -4.30567 1.443572 -0.1553778 -4.31117 0.6455885 -0.1567016 -3.085321 0.7352477 2.336869 -3.085318 0.7356414 2.227722 -3.085319 0.6455885 2.336861 -3.085318 0.6455885 2.227205 -3.085318 0.6455885 2.227205 -3.085318 0.7356414 2.227722 -3.494135 0.6455885 2.2273 -3.491829 1.122244 2.229197 -4.15347 1.430156 2.232339 -4.15376 0.6455885 2.227339 -3.488338 2.025199 2.232307 -4.153764 0.6455885 2.336867 -4.15376 0.6455885 2.227339 -4.152959 1.429496 2.336929 -4.15347 1.430156 2.232339 -4.302621 1.446895 2.336942 -4.309643 0.6455885 2.336866 -4.152959 1.429496 2.336929 -4.153764 0.6455885 2.336867 -3.489279 2.024901 2.336904 -3.486753 2.207161 2.336951 -3.015946 2.075623 2.636095 -1.779748 2.075622 2.636095 -3.015946 2.776776 2.636095 -1.779748 2.776776 2.636095 -1.779748 1.014883 2.636095 -3.015946 1.014883 2.636095 -3.278794 2.075623 2.636095 -3.278794 2.513929 2.636095 -3.278794 1.277731 2.636095 -1.516899 2.075622 2.636095 -1.516899 1.277731 2.636095 -1.516899 2.513929 2.636095 -3.384599 2.401658 0.8607128 -3.384599 2.557754 0.8160565 -3.384599 2.401645 0.6101736 -3.384599 2.401645 0.6101736 -3.384599 2.557754 0.8160565 -3.337906 2.401715 0.3417792 -3.384599 2.557754 0.8160565 -3.337906 2.474861 0.3417792 -3.337906 2.401715 0.3417792 -1.818818 2.835888 0.3417792 -2.976876 2.835888 0.3417792 -1.735922 2.882584 0.7858656 -3.059772 2.882584 0.7858656 -3.337906 2.474861 -0.1475458 -3.337906 2.401769 -0.1508775 -3.337906 2.474861 0.3417792 -3.337906 2.401715 0.3417792 -3.384599 1.233905 2.692541 -3.384599 1.233905 2.336866 -3.059772 0.9090777 2.692541 -3.059772 0.9090777 2.336866 -3.337906 2.474861 0.3417792 -2.976876 2.835888 0.3417792 -3.337906 2.474861 -0.1475458 -2.976876 2.835888 0.1798459 -3.337906 1.316799 -0.8706715 -3.337906 1.316799 -1.442713 -2.976876 0.9557721 -0.8706715 -2.976876 0.9557721 -1.442713 -3.337906 2.474861 0.3417792 -3.384599 2.557754 0.8160565 -2.976876 2.835888 0.3417792 -3.059772 2.882584 0.7858656 -3.337906 1.316799 -1.442713 -3.232099 1.360625 -1.442713 -2.976876 0.9557721 -1.442713 -2.933052 1.061578 -1.442713 -3.232099 2.431035 -1.442713 -3.337906 2.29523 -1.442713 -1.818818 0.9557721 -1.442713 -1.862641 1.061578 -1.442713 -1.563595 1.360625 -1.442713 -1.457788 1.316799 -1.442713 -1.563595 2.431035 -1.442713 -1.457788 2.29523 -1.442713 -3.039388 0.9582859 2.744761 -1.756306 0.9582859 2.744761 -3.015946 1.014883 2.744761 -1.779748 1.014883 2.744761 -3.336065 1.25401 2.744761 -3.278794 1.277731 2.744761 -1.516899 1.277731 2.744761 -1.459628 1.25401 2.744761 -3.33238 2.075623 2.744761 -3.278794 2.075623 2.744761 -1.516899 2.075624 2.744761 -1.463314 2.075623 2.744761 -1.516899 2.513929 2.744761 -3.278794 2.513929 2.744761 -3.484822 2.401688 2.692541 -3.490529 2.024729 2.692541 -3.482376 2.598484 2.692541 -3.490529 2.024729 2.692541 -3.33238 2.075623 2.744761 -3.482376 2.598484 2.692541 -3.33238 2.075623 2.744761 -3.278794 2.513929 2.744761 -3.482376 2.598484 2.692541 -3.015946 1.014883 2.744761 -1.779748 1.014883 2.744761 -3.015946 1.014883 2.636095 -1.779748 1.014883 2.636095 -3.278794 2.513929 2.744761 -3.278794 2.513929 2.636095 -3.015946 2.776776 2.744761 -3.015946 2.776776 2.636095 -3.278794 2.075623 2.744761 -3.278794 2.075623 2.636095 -3.278794 2.513929 2.744761 -3.278794 2.513929 2.636095 -3.278794 1.277731 2.744761 -3.278794 1.277731 2.636095 -3.015946 1.014883 2.744761 -3.015946 1.014883 2.636095 -3.278794 1.277731 2.744761 -3.278794 1.277731 2.636095 -3.482372 2.40158 0.9794395 -3.483367 2.401973 1.600535 -3.479333 2.605151 0.9162376 -3.484822 2.401688 2.692541 -3.4869 2.206157 1.600756 -3.486753 2.207161 2.336951 -3.489279 2.024901 2.336904 -3.490529 2.024729 2.692541 -3.482376 2.598484 2.692541 -3.479333 2.605151 0.9162376 -3.482376 2.598484 2.692541 -3.0996 2.980738 0.8860454 -3.100286 2.980458 2.692541 -1.696092 2.980738 0.8860454 -3.0996 2.980738 0.8860454 -1.695409 2.980458 2.692541 -3.100286 2.980458 2.692541 -1.695409 2.980458 2.692541 -3.100286 2.980458 2.692541 -1.779748 2.776776 2.744761 -3.015946 2.776776 2.744761 -3.384599 2.557754 0.8160565 -3.479333 2.605151 0.9162376 -3.059772 2.882584 0.7858656 -3.0996 2.980738 0.8860454 -3.384599 2.401658 0.8607128 -3.482372 2.40158 0.9794395 -3.384599 2.557754 0.8160565 -3.479333 2.605151 0.9162376 -3.015946 2.776776 2.744761 -3.100286 2.980458 2.692541 -3.278794 2.513929 2.744761 -3.482376 2.598484 2.692541 -2.953965 0.9090777 2.336866 -2.876758 0.705482 2.336866 -2.953965 0.9090777 2.638955 -2.876758 0.7027309 2.562993 -2.976876 2.835888 0.3417792 -1.818818 2.835888 0.3417792 -2.976876 2.835888 0.1798459 -1.818818 2.835888 0.1798459 -3.007888 2.937176 0.08173453 -3.017412 2.933755 -1.337913 -3.432613 2.52231 -0.2586761 -3.435772 2.515394 -1.337913 -3.432613 2.52231 -0.2586761 -3.435772 2.515394 -1.337913 -3.443832 2.292035 -0.267903 -3.443832 2.29523 -1.337913 -3.232099 2.431035 -1.442713 -3.435772 2.515394 -1.337913 -2.933052 2.730082 -1.442713 -3.017412 2.933755 -1.337913 -3.337906 2.29523 -1.442713 -3.443832 2.29523 -1.337913 -3.232099 2.431035 -1.442713 -3.435772 2.515394 -1.337913 -3.232099 2.431035 -1.442713 -3.443832 2.29523 -1.337913 -3.443832 2.29523 -1.337913 -3.337906 2.29523 -1.442713 -3.443832 2.292035 -0.267903 -3.337906 2.293084 -0.1553884 -3.337906 2.401769 -0.1508775 -3.443832 2.292035 -0.267903 -3.337906 2.293084 -0.1553884 -3.337906 2.474861 -0.1475458 -2.976876 2.835888 0.1798459 -3.007888 2.937176 0.08173453 -3.337906 2.474861 -0.1475458 -3.432613 2.52231 -0.2586761 -3.337906 2.474861 -0.1475458 -3.007888 2.937176 0.08173453 -2.976876 2.835888 0.1798459 -1.818818 2.835888 0.1798459 -3.007888 2.937176 0.08173453 -1.787805 2.937176 0.08173453 -2.876758 0.705482 2.336866 -2.392667 0.705482 2.336866 -2.876758 0.7027309 2.562993 -1.918935 0.7027309 2.562993 -2.392667 0.7185642 0.9000396 -1.918935 0.7185642 0.9000396 -1.778282 2.933755 -1.337913 -3.017412 2.933755 -1.337913 -1.787805 2.937176 0.08173453 -3.007888 2.937176 0.08173453 -3.015946 2.776776 2.636095 -1.779748 2.776776 2.636095 -3.015946 2.776776 2.744761 -1.779748 2.776776 2.744761 -3.0996 2.980738 0.8860454 -1.696092 2.980738 0.8860454 -3.059772 2.882584 0.7858656 -1.735922 2.882584 0.7858656 -2.953965 0.9090777 2.638955 -1.841729 0.9090777 2.638955 -3.059772 0.9090777 2.692541 -1.735922 0.9090777 2.692541 -2.953965 0.9090777 2.336866 -3.059772 0.9090777 2.336866 -1.735922 0.9090777 0.6101736 -1.841729 0.9090777 0.7159795 -2.392769 0.9090777 0.7159795 -2.39313 0.9090777 0.6101736 -2.876758 0.7027309 2.562993 -1.918935 0.7027309 2.562993 -2.953965 0.9090777 2.638955 -1.841729 0.9090777 2.638955 -3.017412 2.933755 -1.337913 -1.778282 2.933755 -1.337913 -2.933052 2.730082 -1.442713 -1.862641 2.730082 -1.442713 -1.457788 2.474861 0.3417792 -1.411094 2.557754 0.8160565 -1.457788 1.316799 0.3417792 -1.411094 2.029078 1.004695 -1.411094 1.233905 0.6101736 -1.411094 2.557754 0.8160565 -1.411094 1.233905 2.692541 -1.411094 2.024718 2.692541 -1.411094 2.557754 0.8160565 -1.411094 1.233905 0.6101736 -1.457788 1.316799 0.3417792 -1.457788 1.316799 0.3417792 -1.457788 1.316799 -1.442713 -1.457788 2.292035 -0.1567716 -1.457788 2.29523 -1.442713 -1.457788 2.474861 0.3417792 -1.457788 2.474861 -0.1475458 -1.735922 0.9090777 2.692541 -1.735922 0.9090777 0.6101736 -1.411094 1.233905 2.692541 -1.411094 1.233905 0.6101736 -1.818818 2.835888 0.1798459 -1.818818 2.835888 0.3417792 -1.457788 2.474861 -0.1475458 -1.457788 2.474861 0.3417792 -1.818818 0.9557721 0.3417792 -1.457788 1.316799 0.3417792 -1.735922 0.9090777 0.6101736 -1.411094 1.233905 0.6101736 -1.457788 1.316799 0.3417792 -1.818818 0.9557721 0.3417792 -1.457788 1.316799 -1.442713 -1.818818 0.9557721 -1.442713 -1.735922 2.882584 0.7858656 -1.411094 2.557754 0.8160565 -1.818818 2.835888 0.3417792 -1.457788 2.474861 0.3417792 -1.779748 2.776776 2.636095 -1.516899 2.513929 2.636095 -1.779748 2.776776 2.744761 -1.516899 2.513929 2.744761 -1.516899 2.513929 2.636095 -1.516899 2.075622 2.636095 -1.516899 2.513929 2.744761 -1.516899 2.075624 2.744761 -1.516899 1.277731 2.636095 -1.516899 1.277731 2.744761 -1.516899 1.277731 2.636095 -1.779748 1.014883 2.636095 -1.516899 1.277731 2.744761 -1.779748 1.014883 2.744761 -1.316361 2.605151 0.9162376 -1.313316 2.598484 2.692541 -1.305166 2.029078 1.149181 -1.305166 2.024729 2.692541 -1.316361 2.605151 0.9162376 -1.696092 2.980738 0.8860454 -1.313316 2.598484 2.692541 -1.695409 2.980458 2.692541 -1.696092 2.980738 0.8860454 -1.316361 2.605151 0.9162376 -1.735922 2.882584 0.7858656 -1.411094 2.557754 0.8160565 -1.316361 2.605151 0.9162376 -1.305166 2.029078 1.149181 -1.411094 2.557754 0.8160565 -1.411094 2.029078 1.004695 -1.411094 2.557754 0.8160565 -1.305166 2.029078 1.149181 -1.411094 2.029078 1.004695 -1.305166 2.029078 1.149181 -1.411094 2.024718 2.692541 -1.305166 2.024729 2.692541 -1.313316 2.598484 2.692541 -1.695409 2.980458 2.692541 -1.516899 2.513929 2.744761 -1.779748 2.776776 2.744761 -1.918935 0.7027309 2.562993 -1.918935 0.7185642 0.9000396 -1.841729 0.9090777 2.638955 -1.841729 0.9090777 0.7159795 -1.363081 2.52231 -0.2586761 -1.359923 2.515394 -1.337913 -1.787805 2.937176 0.08173453 -1.778282 2.933755 -1.337913 -1.363081 2.52231 -0.2586761 -1.351861 2.292035 -0.267903 -1.359923 2.515394 -1.337913 -1.351861 2.29523 -1.337913 -1.778282 2.933755 -1.337913 -1.359923 2.515394 -1.337913 -1.862641 2.730082 -1.442713 -1.563595 2.431035 -1.442713 -1.359923 2.515394 -1.337913 -1.351861 2.29523 -1.337913 -1.563595 2.431035 -1.442713 -1.457788 2.29523 -1.442713 -1.563595 2.431035 -1.442713 -1.351861 2.29523 -1.337913 -1.457788 2.29523 -1.442713 -1.351861 2.29523 -1.337913 -1.457788 2.292035 -0.1567716 -1.351861 2.292035 -0.267903 -1.351861 2.292035 -0.267903 -1.363081 2.52231 -0.2586761 -1.457788 2.292035 -0.1567716 -1.457788 2.474861 -0.1475458 -1.457788 2.292035 -0.1567716 -1.363081 2.52231 -0.2586761 -1.363081 2.52231 -0.2586761 -1.787805 2.937176 0.08173453 -1.457788 2.474861 -0.1475458 -1.818818 2.835888 0.1798459 -1.457788 2.474861 -0.1475458 -1.787805 2.937176 0.08173453 -1.463314 2.075623 2.744761 -1.305166 2.024729 2.692541 -1.516899 2.513929 2.744761 -1.313316 2.598484 2.692541 -1.516899 2.513929 2.744761 -1.305166 2.024729 2.692541 -3.337906 1.316799 -0.8706715 -3.337906 2.198344 -0.8706715 -3.337906 1.316799 -1.442713 -3.337906 2.29523 -1.442713 -3.337906 2.198812 -0.1567716 -3.337906 2.293084 -0.1553884 -3.232099 2.431035 -1.442713 -1.563595 2.431035 -1.442713 -3.232099 1.360625 -1.442713 -1.563595 1.360625 -1.442713 -2.933052 1.061578 -1.442713 -1.862641 1.061578 -1.442713 -1.862641 2.730082 -1.442713 -2.933052 2.730082 -1.442713 -3.059772 0.9090777 2.692541 -1.735922 0.9090777 2.692541 -3.039388 0.9582859 2.744761 -1.756306 0.9582859 2.744761 -3.039388 0.9582859 2.744761 -3.336065 1.25401 2.744761 -3.059772 0.9090777 2.692541 -3.384599 1.233905 2.692541 -3.336065 1.25401 2.744761 -3.33238 2.075623 2.744761 -3.384599 1.233905 2.692541 -3.384599 2.024718 2.692541 -3.33238 2.075623 2.744761 -3.490529 2.024729 2.692541 -3.384599 2.024718 2.692541 -1.735922 0.9090777 2.692541 -1.411094 1.233905 2.692541 -1.756306 0.9582859 2.744761 -1.459628 1.25401 2.744761 -1.411094 1.233905 2.692541 -1.411094 2.024718 2.692541 -1.459628 1.25401 2.744761 -1.463314 2.075623 2.744761 -1.411094 2.024718 2.692541 -1.305166 2.024729 2.692541 -1.463314 2.075623 2.744761 -3.384599 1.233905 2.336866 -3.384599 1.233905 2.692541 -3.384599 2.025637 2.336866 -3.384599 2.024718 2.692541 -2.976876 0.9557721 -0.8706715 -2.976876 0.9557721 -1.442713 -2.392847 0.9557721 -0.8706715 -1.818818 0.9557721 -1.442713 -2.392847 0.9557721 0.3417792 -1.818818 0.9557721 0.3417792 -2.392847 0.9557721 0.3417792 -1.818818 0.9557721 0.3417792 -2.39313 0.9090777 0.6101736 -1.735922 0.9090777 0.6101736 -2.392667 0.7185642 0.9000396 -2.392769 0.9090777 0.7159795 -1.918935 0.7185642 0.9000396 -1.841729 0.9090777 0.7159795 -2.392667 0.6455885 0.9000396 -2.392667 0.7185642 0.9000396 -2.392667 0.6455885 2.336866 -2.392667 0.705482 2.336866 -2.3928 0.6455885 0.7159795 -2.392769 0.9090777 0.7159795 -2.39313 0.9090777 0.6101736 -2.392983 0.6455885 0.6101736 -2.392847 0.9557721 0.3417792 -2.392839 0.6455885 0.3417792 -2.392847 0.9557721 -0.8706715 -2.392847 0.6455885 -0.8706715 -2.392667 0.6455885 2.336866 -2.392667 0.705482 2.336866 -2.876758 0.6455885 2.336866 -2.876758 0.705482 2.336866 -3.085321 0.7352477 2.336869 -3.059772 0.9090777 2.336866 -3.491814 1.121775 2.336888 -3.384599 1.233905 2.336866 -3.489279 2.024901 2.336904 -3.384599 2.025637 2.336866 -2.953965 0.9090777 2.336866 -3.085319 0.6455885 2.336861 -2.392847 0.9557721 -0.8706715 -2.392847 0.6455885 -0.8706715 -2.976876 0.9557721 -0.8706715 -4.311624 0.6455885 -0.8706715 -4.306579 1.442584 -0.8706715 -3.337906 1.316799 -0.8706715 -3.337906 2.198344 -0.8706715 -3.490732 2.198499 -0.8706715 -3.384599 2.024718 2.692541 -3.490529 2.024729 2.692541 -3.384599 2.025637 2.336866 -3.489279 2.024901 2.336904 -3.432613 2.52231 -0.2586761 -3.443832 2.292035 -0.267903 -3.337906 2.474861 -0.1475458</float_array>
          <technique_common>
            <accessor source="#missile_battery_0-mesh-positions-array" count="2803" stride="3">
              <param name="X" type="float"/>
              <param name="Y" type="float"/>
              <param name="Z" type="float"/>
            </accessor>
          </technique_common>
        </source>
        <source id="missile_battery_0-mesh-normals">
          <float_array id="missile_battery_0-mesh-normals-array" count="5988">0.2107248 -8.74262e-4 0.977545 0.2107102 -8.87935e-4 0.9775482 0.2107313 -8.67179e-4 0.9775437 0.2193174 0.007501363 0.9756248 0.7055189 -0.7084083 0.02002483 0.705485 -0.7084423 0.02001261 0.7055166 -0.7084105 0.02002501 0.6931315 -0.7206429 0.01557815 -3.20733e-5 -0.999294 0.03757035 -1.04408e-4 -0.9992954 0.0375328 -2.01095e-4 -0.9992973 0.03748255 -2.75044e-4 -0.9992988 0.03744417 3.5868e-5 0.9997558 0.02209961 5.24865e-5 0.9997559 0.0220974 1.98261e-4 0.9997563 0.02207773 2.14303e-4 0.9997563 0.02207559 0.7300736 0.6830411 0.02115345 0.8363549 0.5481877 -8.88177e-4 0.7616699 0.6479231 0.007404446 0.9995805 -0.01358664 0.02558255 0.9995783 -0.01372271 0.02559196 0.9995788 -0.01371055 0.02557694 0.9994561 -0.02291899 0.02371478 0.9996783 -0.00799793 0.02407324 0.5492619 0.4054886 0.730678 0.2126218 0.3339873 0.9182834 0.20042 -0.3088912 0.929741 0.2004253 -0.3088875 0.929741 0.2004159 -0.3088933 0.9297411 0.2196603 -0.2954375 0.9297667 0.5456433 -0.6855474 0.4819732 1 2.01238e-6 2.42997e-5 1 8.51357e-6 2.13172e-5 1 5.01385e-6 2.10075e-5 1 -8.03095e-7 2.21041e-5 1 -1.4147e-7 2.59981e-5 0 -1.73453e-4 1 6.8209e-7 -1.73448e-4 1 7.16918e-5 -1.42818e-4 1 -4.79561e-5 -1.17743e-4 1 1.45719e-5 -2.87865e-5 1 -2.16718e-5 -2.16816e-5 1 -3.3331e-6 -1.55764e-6 1 -2.39849e-5 -1.02827e-4 1 -1.5004e-5 -6.07994e-5 1 -1.69597e-4 -7.27083e-4 0.9999998 -4.87525e-7 -1.26057e-6 1 0 0 1 0.7174446 -0.01418328 0.6964712 0.141662 0.1179124 0.9828676 0.2254835 0.02848809 0.9738304 0 -1.13697e-4 1 1.48699e-7 -1.13687e-4 1 8.73658e-7 -1.1364e-4 1 1.01945e-6 -1.13631e-4 1 -0.9821861 0.00407499 0.1878661 -0.9993678 0.0355513 1.47014e-5 -0.9993679 0.03555017 8.5216e-6 -0.999368 0.03554689 0 -0.9983822 0.04638373 0.0328893 -1.24377e-5 1 0 -5.21613e-6 1 5.35148e-6 -1.31201e-5 1 4.13454e-6 -1.05274e-5 1 2.1886e-5 5.34509e-7 1 -1.39401e-6 5.29609e-7 1 -1.39479e-6 0.3797594 -0.005206525 -0.9250707 0.3797429 -0.005202353 -0.9250774 0.3797434 -0.005201339 -0.9250773 0.35778 0 -0.9338059 0.2690901 -0.270186 -0.9244405 0.2691181 -0.2701959 -0.9244293 0.2694578 -0.2703087 -0.9242975 0.2707335 -0.2707342 -0.9238 -7.29052e-4 -0.9999998 5.91998e-5 -5.1685e-4 -0.9999999 4.85557e-5 -6.84161e-4 -0.9999998 5.58787e-5 -3.53717e-5 -1 3.05769e-5 -3.6e-5 -1 5.50211e-5 -8.21978e-5 -1 2.14712e-5 -9.65812e-5 -1 0 -1 3.90924e-5 5.0536e-6 -1 3.75627e-5 4.23046e-5 -1 3.45969e-5 1.16247e-5 -1 1.94024e-5 6.38637e-5 -1 4.70819e-5 4.12905e-5 -7.47272e-4 -0.9800938 0.1985338 -7.51095e-4 -0.9800972 0.198517 -7.71362e-4 -0.980117 0.1984192 -0.002358615 -0.9816398 0.1907294 7.7427e-5 0.3606121 0.932716 1.04682e-4 0.3606171 0.932714 9.59095e-5 0.3606164 0.9327142 0.02906727 0.3653585 0.930413 0.002670049 0.1970838 0.980383 -0.03335291 0.2902922 0.9563567 0.1432009 0.3625913 0.9208806 0.003250122 0.3115565 0.9502221 0 0.9997565 0.02207267 6.24871e-6 0.9997564 0.0220713 -2.11224e-5 0.9997563 0.02207821 0.03547352 0.9992519 0.0154047 0.6814699 -0.7251942 -0.09844952 0.6814743 -0.7251904 -0.09844714 0.6814636 -0.7251995 -0.09845393 0.7046346 -0.7046355 -0.08354067 0.9973664 0 -0.07252806 0.9973675 -1.96629e-5 -0.07251274 0.9973665 0 -0.07252806 0.997975 -4.03398e-6 -0.06360769 0.9979725 -3.63588e-5 -0.06364732 0.9979757 0 -0.06359648 0.7010468 0.7078806 -0.08624684 0.7010333 0.7078952 -0.08623653 0.7010619 0.7078643 -0.08625793 0.7043184 0.7043252 -0.08866566 0 0.9979571 -0.06388956 0 0.9979571 -0.06388944 0 0.9979571 -0.06388938 0 0.997957 -0.0638892 0.9998988 0.001373946 0.01416736 0.9998992 0.001347839 0.01413869 0.9998994 0.001336097 0.01412564 0.9999574 -0.003924965 0.008367359 6.84658e-6 -0.001032352 -0.9999995 1.10916e-4 -0.001415848 -0.9999991 1.12477e-4 -0.00142163 -0.999999 1.43662e-4 -0.001536548 -0.9999988 0.4031696 -0.2028464 -0.8923608 0 -0.05155426 -0.9986703 0.7214249 -0.6914951 0.03715777 0.6542754 -0.756127 0.01399171 -0.002834022 0.4486209 0.8937177 -0.002803802 0.4484987 0.893779 -0.002825677 0.4485919 0.8937323 -0.003386676 0.4509257 0.8925551 -0.02578568 -0.6727965 0.7393782 -0.002410829 -0.7679935 0.6404532 -2.30867e-4 0.999999 0.001452803 -1.64871e-4 0.9999995 0.001130163 -2.21138e-4 0.9999991 0.001405239 -1.55085e-4 0.9999994 0.001082301 0 -0.998337 -0.05764758 0 -0.9983371 -0.0576477 0 -0.998337 -0.05764776 0 -0.9983371 -0.05764788 -0.001434266 -0.6187711 0.78557 0.009043514 -0.6268168 0.7791143 -0.001442611 -0.6187627 0.7855766 0.09791767 -0.5933006 0.7990035 0.6722684 -0.4412047 0.5944693 -0.01018381 -0.3095765 0.95082 -0.01013451 -0.309548 0.9508299 -0.01017546 -0.3095714 0.9508218 -4.15887e-4 -0.3039512 0.9526876 0 0 -1 4.40336e-7 0 -1 1.67275e-7 0 -1 -3.18435e-7 0 -1 -2.04257e-7 0 -1 0 0 -1 -4.29161e-6 0 -1 7.24573e-7 0 -1 0 0 -1 0 0 -1 -5.13225e-7 0 -1 -3.42582e-7 0 -1 0 0 -1 1.59276e-7 0 -1 4.34226e-7 0 -1 -1.88471e-7 0 -1 2.19582e-7 0 -1 5.04941e-7 0 -1 -1.02682e-6 0 -1 0.3388677 0.2882014 -0.8956052 0.2642146 0.2642171 -0.9275667 1.8276e-5 0.3699455 -0.9290535 0 0.3699293 -0.9290599 7.98259e-6 0.3699363 -0.9290572 0 0.3699295 -0.9290599 3.1304e-5 0.3699575 -0.9290488 0.3814148 0.2499985 -0.889957 0.4123809 0 -0.9110116 0.4123877 -1.24349e-6 -0.9110085 0.4123956 -1.69314e-6 -0.9110049 0.3712921 0.008004486 -0.9284817 1 1.27262e-6 0 1 0 0 1 0 0 1 0 0 1 2.72986e-7 0 1 1.4052e-7 0 1 7.13804e-6 0 1 1.92661e-7 0 0 -2.50141e-4 1 0 -2.50141e-4 1 0 -2.50141e-4 1 0 1 -1.94469e-5 0 1 -1.93352e-5 0 1 -1.87311e-5 0 1 -1.86194e-5 0 -1 3.31125e-6 0.9978767 -0.04333716 0.04862016 0.997877 -0.04332011 0.04863017 0.9978777 -0.04331797 0.0486167 0.995995 -0.02488905 0.08587527 0.9960958 -0.05564677 0.06853157 0.9960927 -0.05564206 0.0685808 0.1450939 0.4016985 0.9042047 4.9215e-4 0.4253656 0.9050215 4.90785e-4 0.4253747 0.9050172 4.86542e-4 0.425336 0.9050354 -0.0214827 0.4159024 0.9091555 -0.02156317 0.4158992 0.9091551 -0.1376331 -0.2386999 -0.9612905 9.84562e-4 -0.2439783 -0.9697802 -0.9923994 0.08547413 -0.08853095 -0.9923949 0.08542603 -0.08862775 -0.9923985 0.08546167 -0.08855342 -0.992029 0.081914 -0.09575247 0.03618872 -0.3624861 -0.9312863 0.03616875 -0.3624822 -0.9312886 0.03617072 -0.3624829 -0.9312884 0.001013219 -0.3566962 -0.9342199 -0.9964702 0.07971084 -0.02633309 -0.9950072 0.02712416 -0.09604763 3.78169e-5 -1 -5.45286e-5 3.74224e-5 -1 -5.46993e-5 3.61963e-5 -1 -5.52299e-5 3.58489e-5 -1 -5.53802e-5 0.08273541 0.9957122 -0.04137784 0.08273047 0.9957126 -0.04137891 0.08273279 0.9957125 -0.04137837 0.0827279 0.9957128 -0.04137945 -0.9742127 -0.2081406 0.08710461 -0.9496279 -0.2384247 0.2033728 -0.02185219 0.123916 -0.9920521 -0.02151882 0.1239917 -0.9920499 0.9743108 0.1807569 -0.1343336 0.9604921 0.1866412 -0.2064462 -0.9743204 -0.1961333 0.1105962 -0.9743217 -0.1961333 0.1105846 -0.974321 -0.1961321 0.1105936 -0.9766455 -0.1963181 0.08730989 0.03404486 -0.2644113 0.9638089 0.03410607 -0.2643963 0.9638109 0.03405553 -0.2644078 0.9638096 0.07153439 -0.2549567 0.9643029 -0.07961845 0.2005947 -0.9764337 -0.02105134 0.206668 -0.9781847 0.9808356 0.1813247 -0.07129502 0.9685357 0.2099916 -0.1335744 0.1733993 -0.9834616 -0.05230712 0.173435 -0.9834595 -0.0522269 0.03399783 -0.2687056 0.9626222 0.03421193 -0.268661 0.9626271 0.03400522 -0.2687035 0.9626225 0.04689961 -0.2659953 0.9628328 -0.178951 0.9685817 0.1727021 -0.1789513 0.9685816 0.1727024 -0.1789356 0.9685856 0.1726969 -0.1909906 0.965406 0.1775217 0.4467065 0.185032 0.875338 0.4467065 -0.185032 0.875338 0.1837287 -0.4435587 0.8772113 0.1837301 0.4435567 0.877212 0.6826382 -0.7307566 -2.27457e-4 0.6826803 -0.7307173 -1.8488e-4 0.6826441 -0.7307511 -2.21108e-4 0.6817507 -0.7315838 -0.00111103 0.6817385 -0.7315959 -1.4009e-4 0.6817118 -0.7316209 -1.94075e-4 0.6818014 -0.7315374 -7.92323e-6 0.6813892 -0.7319208 -8.63086e-4 0.679651 -0.7335348 -0.001174092 0.6796919 -0.7334969 -0.001087486 0.6798266 -0.7333726 -8.01235e-4 0.6801331 -0.7330887 -1.49677e-4 3.86614e-4 -5.95738e-4 -0.9999998 3.04817e-4 -6.23987e-4 -0.9999998 4.49339e-4 -6.53076e-4 -0.9999997 -0.001057982 0.001817643 -0.9999978 0.009028613 -0.01466459 -0.9998517 0.009011387 -0.01467055 -0.9998519 1.49318e-4 -0.001650929 -0.9999987 1.86608e-4 -0.001660227 -0.9999987 -0.02064645 -0.04145973 -0.9989269 4.42224e-4 -9.20673e-4 0.9999995 4.87768e-4 -8.88467e-4 0.9999996 5.47648e-4 -8.45674e-4 0.9999995 -6.31709e-4 1.81075e-5 0.9999999 -7.84403e-5 -0.001127839 0.9999994 9.42574e-5 0.005490303 0.9999849 -1.78557e-4 0.005558431 0.9999846 0.6890842 0.7246749 -0.003064215 0.6890913 0.7246683 -0.00301218 0.6891356 0.7246274 -0.002690374 0.6891427 0.7246209 -0.002638995 0.9999557 -0.002805769 -0.008990645 0.9999568 -0.002819776 -0.008871495 0.9999556 -0.002806723 -0.008996367 0.9999926 -0.003864586 1.49662e-4 -0.6677597 0.7443345 -0.007952868 -0.6677626 0.7443315 -0.007977128 -0.6677587 0.7443355 -0.007935464 -0.6667413 0.7452791 0.003885328 -0.001019477 -0.9999993 -6.55312e-4 -0.001039803 -0.9999994 -6.59429e-4 -0.001041293 -0.9999993 -6.60302e-4 -0.01099157 -0.9999357 -0.002790033 0.003702819 -0.999993 -6.44303e-4 0.003652513 -0.9999932 -6.37997e-4 0.003644526 -0.9999932 -6.36301e-4 0.01883643 -0.9998192 -0.002602756 0.01751649 -0.9998455 -0.001463413 0.0209012 -0.9997816 1.00695e-4 0.02092415 -0.9997811 1.10856e-4 0.9999615 -0.008764147 6.13786e-4 0.9999637 -0.008467555 9.33597e-4 0.9999617 -0.008725047 6.56087e-4 0.9999657 -0.008198976 0.001223206 0.9999778 -0.006545841 0.001296877 0.9999752 -0.006950557 0.001093029 0.9999777 -0.006560742 0.001291096 0.9999686 -0.007906436 6.11656e-4 0.9999792 -0.006324946 0.001261115 0.9999789 -0.006403505 0.001173794 0.999979 -0.006364047 0.001217722 0.999976 -0.006890356 6.30452e-4 1 2.43634e-5 -2.8474e-5 1 7.22718e-6 -1.85513e-5 1 1.10131e-5 -2.07435e-5 1 -6.03597e-6 -1.08712e-5 -2.30705e-4 0.005742371 0.9999836 -1.91572e-4 0.005565106 0.9999845 -2.29584e-4 0.005750715 0.9999834 1.52833e-4 0.003978967 0.9999921 -3.93088e-5 0.006392478 0.9999796 -6.03497e-5 0.006372928 0.9999797 -0.003142178 0.003456532 0.9999892 -0.9999995 0.00102669 3.48285e-5 -0.9999995 9.68546e-4 -3.81556e-4 -0.9999995 0.001025855 1.58865e-5 -0.999988 3.39927e-4 -0.004880368 -8.65301e-5 8.89601e-5 1 -5.29666e-7 8.07195e-5 1 -7.55527e-5 6.61951e-5 1 9.75567e-6 7.87647e-5 1 -2.21876e-4 2.47895e-4 1 -2.2903e-4 2.58265e-4 1 3.74802e-7 0 1 -5.23486e-7 0 1 5.23486e-7 0 1 1.75795e-7 0 1 2.27363e-6 0 1 0 0 1 -2.27364e-6 0 1 2.06945e-6 0 1 0.9956492 0.02563089 -0.08958649 0.9956493 0.02566045 -0.0895766 0.9956493 0.02562433 -0.08958709 0.9951891 0 -0.09797352 0 -0.9945177 -0.1045691 0 -0.9945178 -0.1045686 0 -0.9945177 -0.1045689 0 -0.9945178 -0.1045684 1 6.66603e-6 0 1 6.02186e-6 0 1 6.25059e-7 0 1 0 0 0.7071068 0.7071068 0 0.7071073 0.7071063 0 0.7071074 0.7071062 0 0.7071079 0.7071057 0 0.7071037 -0.7071099 0 0.7071036 0.7071101 0 0.7071033 0.7071102 0 0.7071032 0.7071104 0 0.6942653 -0.6942719 -0.1896904 0.6942707 -0.6942636 -0.1897005 0.6942619 -0.6942767 -0.1896846 0.7017754 -0.682922 -0.2028027 -8.75436e-7 0 -1 -1.05256e-6 0 -1 1.67246e-6 0 -1 2.30301e-6 0 -1 1.05255e-6 0 -1 8.75433e-7 0 -1 -1.67246e-6 0 -1 -2.303e-6 0 -1 -2.48928e-6 0 1 -2.83314e-6 0 1 -2.05261e-7 0 1 5.07573e-6 0 1 4.8639e-6 0 1 1.01513e-5 0 1 0.3148397 -0.004473924 0.9491343 0.2370491 -0.02898079 0.9710654 0 -1 0 -0.7071053 0.7071083 0 -0.7071058 0.7071079 0 -0.7071072 0.7071065 0 -0.7071076 0.7071061 0 -1 0 0 -0.7071046 -0.707109 0 -0.7071048 -0.7071089 0 -0.7071052 -0.7071084 0 -0.7071053 -0.7071083 0 0.9998947 -0.0144248 -0.001612305 0.9998374 -0.01803332 -3.25727e-4 0.9998981 -0.01383608 -0.00351727 0.9998948 -0.01442122 -0.001612961 0.9998978 -0.01420778 -0.001659572 0.999898 -0.01386415 -0.003448486 0.9998979 -0.01385819 -0.003504455 0.703157 -0.7110332 0.001464128 0.7031374 -0.7110525 0.001472473 0.7030804 -0.7111089 0.001496493 0.7069993 -0.7072144 -1.58416e-4 0 -1 1.55722e-4 0 -1 1.55737e-4 0 -1 1.55743e-4 0 -1 1.55758e-4 0 -0.2483497 0.9686704 0 -0.2483491 0.9686706 0 -0.2483496 0.9686706 0 -0.2483491 0.9686707 0.5263047 -0.4598251 -0.7152373 0.5263031 -0.4598187 -0.7152425 0.5263107 -0.459841 -0.7152226 0.536085 -0.4865457 -0.6898451 0.7594175 0.1789494 -0.6255096 0.7593982 0.1789762 -0.6255254 0.7594124 0.178955 -0.6255142 0.7561305 0.1837177 -0.6281039 0.1756227 -0.175625 0.9686654 0.1755934 -0.1756143 0.9686726 0.1755599 -0.1756021 0.9686809 0.1755421 -0.1755957 0.9686853 0.9350257 0.3545799 0 0.9350253 0.3545811 1.09887e-6 0.9350286 0.3545726 -5.25685e-6 0.9370904 0.3490609 -0.004247069 0.6999713 -0.7141649 0.002974689 0.6999717 -0.7141644 0.00297439 0.6999719 -0.7141643 0.002974271 0.7071073 -0.707102 -0.0024634 0.998817 -0.04855734 0.002611696 0.9988164 -0.04856944 0.002614557 0.9988198 -0.04850131 0.002599179 0.9993305 -0.03658801 1.09254e-4 0.3235326 -0.3235326 -0.889187 0.3235325 -0.3235316 -0.8891873 0.3235324 -0.3235303 -0.8891879 0.3235323 -0.3235297 -0.8891882 0.6167888 -0.4805476 -0.6234144 0.4520463 -0.01655071 -0.8918409 0.002954423 0.9999912 -0.002986013 0.002915143 0.9999913 -0.002982735 0.002968907 0.9999912 -0.002987563 -0.0116716 0.9999305 -0.00166732 0.7276761 0.02845126 0.6853306 0.7277185 0.02836626 0.685289 0.7276776 0.02844595 0.6853292 0.7262503 0.03130221 0.6867174 0.7854804 -0.289402 0.5470532 0.7125748 -0.1712341 0.6803794 0 -0.6957547 0.7182796 0 -0.6957544 0.7182798 0 -0.6957546 0.7182796 0 0.999926 -0.01216655 6.54807e-6 0.9999262 -0.01215356 0 0.999926 -0.0121665 3.83105e-6 0.9999261 -0.01215714 0.001503229 0.9999576 -0.009092628 0 0.9999547 -0.009520769 0 -0.9999971 -0.002409994 0 -0.9999972 -0.002409934 0 -0.9999971 -0.002409934 0 -0.9999972 -0.002409875 0 1 0 0 -0.714284 -0.6998561 0 -0.7142848 -0.6998551 0 -0.714284 -0.699856 0 -0.714285 -0.6998551 0 1 4.68718e-7 0 1 0 0 1 2.50758e-7 0 1 3.20063e-7 0 1 5.11161e-7 0 1 -6.6649e-7 0 1 -8.57173e-7 0 0.345464 0.9384321 0 0.3454636 0.9384322 0 0.3454639 0.938432 0 0.3454635 0.9384322 0 -0.4575356 -0.8891913 0 -0.4575359 -0.8891913 0 -0.4575357 -0.8891913 0 -0.4575359 -0.8891912 -0.9951885 0 -0.09797906 -1 0 0 -1 -2.25707e-7 0 -1 0 0 -0.9861804 -0.0254594 -0.1637075 -1 1.91565e-7 0 -1 0 0 -1 0 0 -0.7071055 0.7071081 0 -0.7071055 0.7071081 0 -0.7071055 0.7071081 0 -0.7071055 0.7071081 0 -0.7071052 -0.7071085 0 -0.7071052 -0.7071084 0 -0.7071053 -0.7071083 0 -0.7071053 -0.7071083 0 -0.6691787 0.6691824 -0.3231019 -0.6691794 0.6691823 -0.3231009 -0.6691791 0.6691823 -0.3231014 -0.6691798 0.6691821 -0.3231003 -0.7071049 0.7071086 0 -0.7071049 0.7071087 0 -0.7071048 0.7071089 0 -0.7071046 0.7071089 0 -0.7017741 -0.6829235 -0.2028023 -0.7017747 -0.6829225 -0.2028034 -0.7017667 -0.6829352 -0.202788 -0.6942666 -0.6942694 -0.1896947 0.7071076 0.7071061 0 0.7071058 0.7071079 0 0.7071071 0.7071065 0 0.7071053 0.7071083 0 0.7071053 -0.7071083 0 0.7071048 -0.7071089 0 0.7071052 -0.7071084 0 0.7071046 -0.707109 0 -0.9998227 -0.01876443 -0.001643538 -0.9998221 -0.01879161 -0.001653552 -0.999823 -0.01874393 -0.001636028 -0.9998992 -0.01420223 4.00166e-5 -0.7031565 -0.7110337 0.001463234 -0.7031447 -0.7110453 0.00146836 -0.7031675 -0.7110229 0.001459062 -0.7069963 -0.7072173 -1.57805e-4 -0.5360826 -0.4865438 -0.6898483 -0.536081 -0.4865406 -0.6898517 -0.5360864 -0.4865555 -0.6898372 -0.5263049 -0.4598275 -0.7152356 -0.7591436 0.2312829 -0.6084483 -0.7891078 0.2064267 -0.57853 -0.003523886 0.9999905 -0.002583503 -0.003430724 0.9999908 -0.002589941 -0.003513276 0.9999905 -0.002584457 -1.12543e-4 0.999996 -0.00281763 -0.1755404 -0.1755957 0.9686856 -0.1755933 -0.1756148 0.9686725 -0.1755588 -0.1756023 0.9686811 -0.1756236 -0.1756257 0.9686651 -0.9369838 0.349357 -0.003326296 -0.936979 0.3493702 -0.003324568 -0.9369639 0.3494107 -0.003319203 -0.9267877 0.3755855 0 -0.6977071 -0.7163786 -0.002549946 -0.6977128 -0.7163732 -0.002547025 -0.6977086 -0.7163771 -0.002549409 -0.7071053 -0.7071018 0.003038465 -0.9988168 -0.0485621 0.002611994 -0.9988195 -0.04850572 0.002600073 -0.9988163 -0.04857271 0.002614617 -0.9993304 -0.03659105 1.0927e-4 -0.3235327 -0.3235307 -0.8891876 -0.3235318 -0.3235303 -0.8891881 -0.3235324 -0.3235306 -0.8891878 -0.3235313 -0.32353 -0.8891884 -0.452043 -0.01655179 -0.8918426 -0.6167841 -0.4805465 -0.62342 -0.002458274 0.999994 -0.002484738 -0.002245545 0.9999944 -0.002503812 -0.002440929 0.9999939 -0.002486824 0.003132879 0.9999907 -0.002986133 -0.7238299 -0.007621943 0.6899364 -0.7674745 0.03230863 0.6402648 -0.7125731 -0.171231 0.6803819 -0.7854816 -0.2893983 0.5470533 -0.3247987 -0.03970789 0.9449492 -0.2470883 -0.003509581 0.9689866 0 0.7277867 0.6858037 0 0.7277874 0.6858028 0 0.7277875 0.6858028 0.51363 0.5152823 0.6860527 0.5136249 0.5152816 0.6860572 0.5136554 0.5152996 0.6860207 0.5179375 0.5179402 0.6807928 0.7331128 -0.003287076 0.6800992 0.7331159 -0.003287613 0.6800959 0.733079 -0.003282666 0.6801357 0.7071202 0 0.7070934 8.08829e-5 0.7160208 0.698079 -0.5146208 0.5146221 0.6858058 -0.5146223 0.5146256 0.6858021 -0.5146063 0.5146022 0.6858316 -0.5172623 0.5189304 0.680552 -0.7324818 0 0.6807867 -0.732487 2.30409e-6 0.6807811 -0.7324789 -4.02913e-7 0.6807897 -0.7086521 -0.003178894 0.705551 -8.10113e-5 0.7160219 0.6980779 0 0.9852011 -0.1714028 0 0.9852011 -0.1714023 0 0.9852011 -0.1714026 0 0.9852012 -0.1714022 0 0.6948206 -0.7191832 0 0.6948206 -0.7191832 -1 0 -3.59454e-4 -1 -1.18944e-5 1.53755e-4 -0.9999997 -2.7159e-5 -8.46987e-4 -0.9999998 1.20634e-4 -6.84884e-4 -0.9999944 1.13924e-4 -0.003367781 -0.9999985 -5.5372e-4 -0.001695275 -1 -4.49358e-5 7.20492e-5 -1 -2.1047e-5 2.64707e-4 -1 -3.63897e-6 -4.79334e-6 -1 0 -5.70261e-6 -6.54675e-7 1.06535e-5 1 -5.82073e-6 -1.88837e-6 1 -1.22443e-5 1.81927e-5 1 -3.6951e-5 -1.37273e-5 1 -1.3198e-4 -4.83712e-5 1 -1.76595e-4 -2.82214e-5 1 -2.03432e-5 4.59998e-5 1 -3.65338e-4 0 1 2.23126e-5 8.2435e-5 1 0 0 -1 0 0 -1 0 0 -1 1.23964e-7 0 -1 -0.9997792 0.02101451 -1.69811e-4 -0.999906 0.01359039 0.001853406 -0.9997798 0.02098786 -1.69206e-4 1.12532e-4 0.9999967 -0.002586126 9.61378e-5 0.9999967 -0.002581477 1.2302e-4 0.9999967 -0.002589821 -0.007023036 0.9999752 -4.60689e-4 0.7587658 -0.01087188 0.6512728 0.6817511 0.7315834 -0.001110732 0.6817733 0.7315628 -0.001087963 0.6818221 0.7315173 -0.001039505 0.6826384 0.7307564 -2.27404e-4 0.6813892 0.7319208 -8.63231e-4 0.6813833 0.7319264 -8.74856e-4 0.6814151 0.7318968 -8.09137e-4 0.6817382 0.7315962 -1.40598e-4 0.6801335 0.7330883 -1.49752e-4 0.6799581 0.7332509 -5.2261e-4 0.6801693 0.7330551 -7.58896e-5 0.679651 0.7335348 -0.001174747 -0.001058042 -0.001817643 -0.9999979 -0.001075744 -0.001806199 -0.9999979 -0.001066267 -0.001786589 -0.9999979 3.8669e-4 5.95738e-4 -0.9999998 -0.001030683 -0.001808404 -0.9999979 0.009011447 0.01467061 -0.9998518 1.49344e-4 0.001650929 -0.9999987 1.86608e-4 0.001660227 -0.9999987 -0.02064645 0.04145967 -0.9989269 -6.31093e-4 -1.78379e-5 0.9999999 -5.96767e-4 9.27923e-6 0.9999998 -6.22302e-4 -3.85041e-5 0.9999999 4.42224e-4 9.20671e-4 0.9999995 -7.84403e-5 0.001127839 0.9999994 0.001629173 -0.005106449 0.9999857 -1.78557e-4 -0.00555849 0.9999846 0.6891427 -0.7246209 -0.002633154 0.689171 -0.7245947 -0.002446711 0.6891358 -0.7246274 -0.002685308 0.6890852 -0.7246739 -0.003064692 0.9999926 0.003864586 1.49673e-4 0.9999926 0.003861963 1.25269e-4 0.9999927 0.003853499 4.82221e-5 0.9999557 0.002805769 -0.008990705 -0.6667413 -0.7452791 0.00388211 -0.6667463 -0.7452747 0.003871858 -0.6667453 -0.7452757 0.00386399 -0.6677625 -0.744332 -0.007953464 -0.01099389 0.9999357 -0.002791702 -0.01096755 0.9999361 -0.002785503 -0.01106727 0.9999349 -0.002807796 -0.001015603 0.9999993 -6.55039e-4 0.003653943 0.9999932 -6.3882e-4 0.003703713 0.999993 -6.45371e-4 0.00364089 0.9999933 -6.35911e-4 0.01881653 0.9998194 -0.002665221 0.02536654 0.9996783 -5.34803e-5 0.01542901 0.9998781 -0.002419352 0.02092146 0.9997811 1.10507e-4 0.02092415 0.9997811 1.11911e-4 0.9999656 0.008198976 0.001223206 0.9999654 0.008240401 0.001180469 0.9999659 0.008172214 0.001254677 0.9999614 0.008764147 6.13786e-4 0.9999687 0.007906436 6.11657e-4 0.9999687 0.007892668 6.19477e-4 0.9999685 0.007930457 6.01043e-4 0.9999778 0.006545901 0.001296877 0.999976 0.006890356 6.3045e-4 0.9999758 0.006947398 5.67136e-4 0.999976 0.006907939 6.11002e-4 0.9999793 0.006324946 0.001261115 1 6.03599e-6 -1.08712e-5 1 -7.22718e-6 -1.85512e-5 1 -1.10131e-5 -2.07434e-5 1 -2.43634e-5 -2.84739e-5 1.5273e-4 -0.003978669 0.9999921 1.37989e-4 -0.004066526 0.9999918 1.57504e-4 -0.003979504 0.9999921 -2.31516e-4 -0.005742371 0.9999835 -0.003139495 -0.003458857 0.9999891 -0.003142356 -0.003456532 0.9999892 -5.9889e-5 -0.006372928 0.9999797 -0.9999881 -3.39926e-4 -0.004880309 -0.9999882 -3.46871e-4 -0.004845619 -0.9999874 -3.2237e-4 -0.005017757 -0.9999995 -0.00102669 3.48282e-5 9.75568e-6 -7.87647e-5 1 -7.69339e-7 -8.07195e-5 1 -7.35644e-5 -6.6195e-5 1 -8.62862e-5 -8.89599e-5 1 -2.21644e-4 -2.47895e-4 1 -2.2903e-4 -2.58265e-4 1 3.74803e-7 0 1 0 0 1 -3.74804e-7 0 1 0 0 1 -1.3298e-7 0 1 5.23485e-7 0 1 0 0 1 -2.06946e-6 0 1 2.27363e-6 0 1 2.36263e-7 0 1 2.06945e-6 0 1 0.9951891 0 -0.09797346 0.960986 0.2204014 -0.1671203 0 0.9945173 -0.1045731 0 0.9945173 -0.1045729 0 0.9945174 -0.1045722 0 0.9945173 -0.104572 1 -6.02195e-6 0 1 -6.2506e-7 0 1 -6.66612e-6 0 0.7071086 -0.707105 0 0.707108 -0.7071056 0 0.7071081 -0.7071055 0 0.7071075 -0.7071061 0 0.7071034 0.7071101 0 0.7071035 0.7071102 0 0.7071034 0.7071102 0 0.7071033 -0.7071103 0 0.7071035 -0.7071101 0 0.7071036 -0.7071101 0 0.7071037 -0.7071098 0 0.7017761 0.6829204 -0.2028056 0.7017747 0.6829226 -0.2028031 0.701766 0.6829358 -0.202789 0.6942648 0.694272 -0.1896914 5.0757e-6 0 1 4.86393e-6 0 1 0.001189589 0 -0.9999993 0.3148396 0.004473924 0.9491344 0.2370486 0.02898079 0.9710655 -0.7071061 -0.7071076 0 -0.7071043 -0.7071093 0 -0.7071056 -0.707108 0 -0.7071039 -0.7071098 0 -0.7071059 0.7071077 0 -0.7071061 0.7071076 0 0.999893 0.01455044 -0.001593828 0.9998947 0.0144248 -0.001612365 0.9998953 0.01438403 -0.001577854 0.9998797 0.0151174 -0.003488659 0.9999542 0.009582221 1.86362e-4 0.9999023 0.01382094 -0.002128005 0.999881 0.01504635 -0.003409981 0.9998794 0.01513445 -0.003503739 0.9999213 0.01243388 -0.001666247 0.7069997 0.7072139 -1.58538e-4 0.7069468 0.7072668 -1.36014e-4 0.706987 0.7072266 -1.53298e-4 0.7031565 0.7110337 0.00146389 0 1 1.5557e-4 0 1 1.55222e-4 0 1 1.55317e-4 0 1 1.54969e-4 0 0.2483481 0.9686709 0 0.248348 0.968671 0 0.2483472 0.9686712 0 0.2483471 0.9686712 0.5360873 0.4865485 -0.6898412 0.5360837 0.4865398 -0.6898502 0.5360783 0.4865263 -0.689864 0.5263071 0.4598251 -0.7152355 0.75613 -0.1837171 -0.6281047 0.7561242 -0.1837279 -0.6281085 0.7561388 -0.1837061 -0.6280972 0.7594187 -0.1789494 -0.6255083 0.1755419 0.1755954 0.9686853 0.1755948 0.1756137 0.9686725 0.1755603 0.1756018 0.9686809 0.1756249 0.1756241 0.9686651 0.9370902 -0.3490617 -0.004246771 0.9370942 -0.3490508 -0.004254877 0.9370976 -0.3490415 -0.00426197 0.9350257 -0.3545799 0 0.7071062 0.7071031 -0.002462446 0.7071118 0.7070975 -0.00246644 0.7071122 0.7070972 -0.002467155 0.699971 0.7141651 0.002975165 0.9993304 0.03658777 1.09245e-4 0.9993299 0.03660464 1.12512e-4 0.9993306 0.03658396 1.07545e-4 0.998817 0.0485574 0.002611756 0.3235318 0.3235309 -0.8891879 0.3235315 0.3235307 -0.8891881 0.3235316 0.3235308 -0.8891879 0.3235313 0.3235307 -0.8891881 0.452046 0.0165506 -0.8918411 0.6167894 0.480548 -0.6234137 -0.01167553 -0.9999305 -0.001666545 -0.01165425 -0.9999307 -0.001669526 -0.01145857 -0.999933 -0.001686036 0.002954185 -0.9999912 -0.002986192 0.7276589 -0.02848339 0.6853476 0.7276768 -0.02845102 0.6853299 0.7276763 -0.02844512 0.6853308 0.7262522 -0.03130275 0.6867153 0.7125751 0.1712344 0.680379 0.7854804 0.2894024 0.5470527 0 0.6957558 0.7182784 0 0.6957558 0.7182785 0 0.6957547 0.7182794 0 0.6957547 0.7182796 1.95589e-5 -0.9999268 -0.01211184 2.63316e-5 -0.9999268 -0.01210957 0 -0.9999261 -0.01216512 0 -0.999926 -0.01216495 -6.4644e-5 -0.9999545 -0.009539186 0 -0.9999547 -0.009520769 0 0.9999972 -0.0024091 0 0.9999972 -0.002409458 0 0.9999971 -0.002409398 0 0.9999971 -0.002409756 0 0.7142888 -0.6998511 0 0.7142889 -0.699851 0 0.71429 -0.69985 0 0.71429 -0.6998499 0 -1 1.00303e-6 0 -1 1.87487e-6 0 -1 0 0 -1 6.40126e-7 0 -1 1.02232e-6 0 -1 -1.33298e-6 0 -1 -1.71435e-6 0 -0.3454642 0.938432 0 -0.3454642 0.938432 0 -0.3454643 0.938432 0 -0.3454644 0.9384319 0 0.4575351 -0.8891916 0 0.4575352 -0.8891915 0 0.4575359 -0.8891912 0 0.457536 -0.8891912 -1 0 0 -1 2.25707e-7 0 -1 0 0 -0.9861804 0.02545958 -0.1637076 -0.9951885 0 -0.097979 -1 0 0 -1 0 0 -1 -1.91565e-7 0 -0.7071064 -0.7071073 0 -0.7071064 -0.7071073 0 -0.7071063 -0.7071074 0 -0.7071062 -0.7071074 0 -0.7071051 0.7071085 0 -0.7071051 0.7071086 0 -0.7071049 0.7071087 0 -0.6691814 -0.6691816 -0.323098 -0.6691805 -0.6691819 -0.3230994 -0.6691796 -0.6691821 -0.3231008 -0.6691787 -0.6691824 -0.3231021 -0.7071049 -0.7071088 0 -0.7071051 -0.7071086 0 -0.7071049 -0.7071087 0 -0.7071051 -0.7071085 0 -0.6942662 0.6942695 -0.1896956 -0.6942711 0.6942623 -0.189704 -0.6942623 0.6942755 -0.1896881 -0.7017749 0.6829221 -0.2028041 0.7071039 -0.7071098 0 0.7071043 -0.7071093 0 0.7071057 -0.707108 0 0.7071061 -0.7071076 0 0.7071061 0.7071076 0 0.7071059 0.7071077 0 0.7071055 0.7071082 0 -0.9998992 0.01420223 4.00292e-5 -0.9998973 0.01433759 -9.88739e-6 -0.9998992 0.01419991 4.05986e-5 -0.9998227 0.01876443 -0.001643538 -0.7069967 0.7072169 -1.58293e-4 -0.7069861 0.7072275 -1.53864e-4 -0.7069442 0.7072693 -1.36086e-4 -0.703156 0.7110341 0.001463115 -0.5263065 0.4598269 -0.7152347 -0.5263035 0.4598211 -0.7152407 -0.5263109 0.4598422 -0.7152217 -0.5360849 0.4865467 -0.6898444 -0.7891079 -0.2064269 -0.5785298 -0.7591441 -0.2312827 -0.6084476 -1.03531e-4 -0.999996 -0.002818226 -1.30751e-4 -0.9999961 -0.002816617 8.19567e-5 -0.9999961 -0.002831637 -0.003523886 -0.9999905 -0.002583622 -0.1756258 0.1756249 0.9686649 -0.1755946 0.1756141 0.9686725 -0.1755589 0.1756018 0.9686812 -0.1755399 0.1755952 0.9686858 -0.9267876 -0.375586 0 -0.9268128 -0.3755239 -7.77949e-6 -0.9267805 -0.3756036 3.1325e-6 -0.9369837 -0.3493575 -0.003326237 -0.7071042 0.7071028 0.003038883 -0.7070915 0.7071156 0.003030717 -0.7070894 0.7071177 0.003029286 -0.6977072 0.7163786 -0.002549052 -0.9993304 0.03659081 1.09261e-4 -0.9993304 0.03658849 1.07806e-4 -0.9993315 0.03656095 1.02984e-4 -0.9988167 0.04856216 0.002612113 -0.3235307 0.3235289 -0.8891889 -0.3235309 0.3235296 -0.8891887 -0.323531 0.3235305 -0.8891883 -0.3235312 0.3235309 -0.8891881 -0.6167846 0.4805469 -0.6234192 -0.4520432 0.01655167 -0.8918425 0.003132641 -0.9999907 -0.002985894 0.003149211 -0.9999906 -0.002987563 0.00295329 -0.9999913 -0.002969384 -0.002458095 -0.999994 -0.002484738 -0.7674743 -0.03230869 0.6402652 -0.7238298 0.007621943 0.6899365 -0.785482 0.2893989 0.5470524 -0.7125735 0.1712312 0.6803815 -0.2470901 0.003509581 0.9689862 -0.3247991 0.03970795 0.9449492 0 -0.7277816 0.685809 0 -0.7277817 0.6858089 0 -0.7277829 0.6858077 0 -0.7277829 0.6858077 0.5179432 -0.5179387 0.6807897 0.5178486 -0.5178792 0.6809067 0.517957 -0.5179472 0.6807725 0.5136248 -0.5152812 0.6860575 0.7071244 0 0.7070893 0.707116 -4.23032e-7 0.7070976 0.7071079 -4.01609e-6 0.7071058 0.7331126 0.003287076 0.6800994 6.94374e-5 -0.7160227 0.698077 -0.5172658 -0.5189299 0.6805498 -0.5172664 -0.5189278 0.6805508 -0.5172639 -0.518931 0.6805503 -0.5146183 -0.5146197 0.6858094 -0.7086559 0.003178894 0.7055471 -0.7086392 0.003180801 0.7055639 -0.7086581 0.003176569 0.705545 -6.94384e-5 -0.7160238 0.698076 0 -0.9852012 -0.1714019 0 -0.9852012 -0.1714017 0 -0.9852012 -0.1714016 0 -0.9852014 -0.1714016 0 -0.6948212 -0.7191826 0 -0.6948211 -0.7191827 0 -0.6948211 -0.7191826 -1 3.95332e-6 5.81936e-5 -1 0 -3.59454e-4 -0.9999996 4.7857e-5 -9.40625e-4 -0.9999998 -1.19537e-4 -6.84886e-4 -0.9999987 5.1072e-4 -0.00155723 -0.9999985 5.53721e-4 -0.001695275 -1 1.81071e-6 -6.51805e-5 -1 2.1047e-5 2.64707e-4 -1 3.63896e-6 -4.79335e-6 -1 0 -5.70262e-6 -7.44137e-6 1.88837e-6 1 -2.21786e-6 -1.06535e-5 1 -1.16345e-5 -1.81925e-5 1 -3.70156e-5 1.37273e-5 1 -1.31725e-4 4.83711e-5 1 -1.75415e-4 2.82212e-5 1 -3.50122e-4 -1.60165e-6 1 -3.62462e-4 0 1 2.39063e-5 -8.24346e-5 1 0 0 -1 0 0 -1 0 0 -1 -0.007023632 -0.9999752 -4.60289e-4 -0.007027983 -0.9999753 -4.59517e-4 -0.006949484 -0.9999758 -4.81884e-4 1.03534e-4 -0.9999967 -0.002583384 0.7587653 0.01087188 0.6512734 -0.2193172 0.007501065 0.9756248 -0.2193018 0.007486402 0.9756284 -0.2193229 0.007506668 0.9756236 -0.2107245 -8.74472e-4 0.9775451 -0.6931315 -0.7206429 0.01557803 -0.693142 -0.7206326 0.01558214 -0.6931419 -0.7206328 0.01558202 -0.7055193 -0.7084078 0.02002483 2.75044e-4 -0.9992988 0.03744417 4.02215e-4 -0.9993012 0.03737825 2.01095e-4 -0.9992973 0.03748255 3.20733e-5 -0.999294 0.03757035 -2.14303e-4 0.9997563 0.02207559 -5.24864e-5 0.9997559 0.02209752 -1.98261e-4 0.9997562 0.02207779 -3.58679e-5 0.9997558 0.02209979 -0.8363549 0.5481877 -8.88177e-4 -0.7616703 0.6479225 0.007404446 -0.7300736 0.683041 0.02115356 -0.9994561 -0.02291989 0.02371442 -0.9994568 -0.02287554 0.023723 -0.9994561 -0.02291935 0.02371466 -0.9995804 -0.01358664 0.02558249 -0.9996783 -0.00799793 0.02407306 -0.5492619 0.4054886 0.730678 -0.2126218 0.3339873 0.9182834 -0.5456433 -0.6855474 0.4819732 -0.2196603 -0.2954375 0.9297667 -0.2196542 -0.295441 0.929767 -0.2196421 -0.2954505 0.9297668 -0.2004198 -0.3088912 0.929741 -1 8.52165e-6 2.13172e-5 -1 1.95116e-6 2.42997e-5 -1 4.98272e-6 2.10075e-5 -1 -8.97783e-7 2.21041e-5 -1 -2.24946e-7 2.59981e-5 4.8059e-5 -1.17743e-4 1 -6.8209e-7 -1.73448e-4 1 -7.16918e-5 -1.42818e-4 1 -1.45719e-5 -2.87865e-5 1 2.18329e-5 -2.16816e-5 1 3.78821e-6 -1.55764e-6 1 2.39849e-5 -1.02827e-4 1 1.44906e-4 -6.21232e-4 0.9999998 1.69597e-4 -7.27083e-4 0.9999998 4.87525e-7 -1.26057e-6 1 -0.2254835 0.02848809 0.9738304 -0.7174446 -0.01418328 0.6964712 -0.1416619 0.1179124 0.9828676 -1.01945e-6 -1.13631e-4 1 -1.48699e-7 -1.13687e-4 1 -8.73658e-7 -1.1364e-4 1 0.9993678 0.0355513 1.46995e-5 0.999368 0.03554689 0 0.999368 0.03555017 8.51289e-6 0.9983822 0.04638373 0.0328893 0.9821872 0.004076063 0.187861 1.05274e-5 1 2.10945e-5 5.21612e-6 1 5.11091e-6 1.31201e-5 1 3.99197e-6 1.24376e-5 1 0 -5.3451e-7 1 -1.36566e-6 -5.2961e-7 1 -1.36379e-6 -0.3797602 -0.005206465 -0.9250704 -0.3797439 -0.005201339 -0.9250771 -0.379787 -0.005212604 -0.9250593 -0.3577806 0 -0.9338057 -0.2707342 -0.2707344 -0.9237997 -0.2706541 -0.270708 -0.9238309 -0.2707374 -0.2707359 -0.9237984 -0.2690904 -0.2701861 -0.9244402 3.53717e-5 -1 3.05769e-5 3.79459e-5 -1 2.71631e-5 1.10488e-4 -1 1.33183e-5 7.29052e-4 -0.9999998 5.91998e-5 3.6e-5 -1 5.5021e-5 8.21978e-5 -1 2.14712e-5 9.65812e-5 -1 0 1 1.94024e-5 6.38637e-5 1 3.75181e-5 4.23046e-5 1 3.45969e-5 1.16247e-5 1 3.90827e-5 5.0536e-6 1 4.70026e-5 4.12906e-5 0.002358615 -0.9816398 0.1907294 0.002370119 -0.9816498 0.1906779 0.002361178 -0.981642 0.1907183 7.47272e-4 -0.9800938 0.1985338 -0.02906727 0.3653585 0.930413 -0.02906209 0.3653587 0.9304131 -0.02903252 0.3653535 0.9304161 -7.7427e-5 0.3606121 0.932716 0.03335291 0.2902922 0.9563567 -0.002670049 0.1970838 0.980383 -0.003250122 0.3115565 0.9502221 -0.1432009 0.3625913 0.9208806 2.11225e-5 0.9997563 0.02207821 -6.24871e-6 0.9997564 0.02207124 -0.03547352 0.9992519 0.0154047 -0.704635 -0.704635 -0.08354073 -0.7046384 -0.7046319 -0.083539 -0.7046281 -0.7046415 -0.08354526 -0.6814699 -0.725194 -0.09844982 -0.9979757 0 -0.06359648 -0.9979725 -3.63591e-5 -0.06364732 -0.997975 -4.02774e-6 -0.06360769 -0.9975873 -0.004128694 -0.06929987 -0.9973665 0 -0.07252806 -0.9973664 0 -0.07252806 -0.9973664 0 -0.07252806 -0.704319 0.7043247 -0.08866572 -0.7043404 0.7043014 -0.08868116 -0.7043401 0.7043016 -0.0886811 -0.7010468 0.7078806 -0.08624684 0 0.997957 -0.06388968 0 0.9979571 -0.06388962 0 0.9979571 -0.06388962 -0.9999573 -0.003925323 0.008367359 -0.9999573 -0.003916621 0.008377194 -0.9999572 -0.003894865 0.008400499 -0.9998987 0.001373946 0.01416772 -6.84658e-6 -0.001032352 -0.9999995 -1.12477e-4 -0.00142163 -0.999999 -1.10916e-4 -0.001415848 -0.9999991 -1.43662e-4 -0.001536548 -0.9999988 -0.4031705 -0.2028468 -0.8923602 0 -0.05155426 -0.9986702 -0.6542763 -0.7561262 0.01399195 -0.7214249 -0.6914951 0.03715777 0.003386676 0.4509257 0.8925551 0.003387153 0.4509264 0.8925547 0.00340873 0.4510196 0.8925076 0.002834022 0.4486207 0.8937178 0.002410829 -0.7679935 0.6404532 0.02578568 -0.6727965 0.7393782 1.55085e-4 0.9999994 0.001082301 1.64871e-4 0.9999995 0.001130163 2.21138e-4 0.9999991 0.001405239 2.30867e-4 0.999999 0.001452803 0 -0.9983371 -0.05764782 0 -0.9983371 -0.0576477 0 -0.998337 -0.0576477 -0.6722681 -0.4412053 0.5944691 -0.009043514 -0.6268168 0.7791142 0.001434266 -0.6187711 0.78557 -0.009053647 -0.6268236 0.7791087 -0.09791779 -0.5933004 0.7990037 4.15887e-4 -0.3039512 0.9526876 4.36467e-4 -0.3039629 0.9526838 4.35815e-4 -0.303963 0.9526839 0.01018381 -0.3095765 0.9508201 -1.67275e-7 0 -1 -4.40336e-7 0 -1 3.18435e-7 0 -1 2.04257e-7 0 -1 -2.0278e-7 0 -1 4.18976e-6 0 -1 -1.23934e-7 0 -1 -7.24573e-7 0 -1 0 0 -1 0 0 -1 5.13225e-7 0 -1 3.42582e-7 0 -1 -1.59276e-7 0 -1 0 0 -1 -4.34226e-7 0 -1 -2.19582e-7 0 -1 1.88471e-7 0 -1 -5.04941e-7 0 -1 1.02682e-6 0 -1 -0.264215 0.2642174 -0.9275665 -0.3388678 0.2882009 -0.8956053 -1.82446e-5 0.3699455 -0.9290535 -3.12502e-5 0.3699572 -0.9290489 -7.96886e-6 0.3699362 -0.9290573 0 0.3699294 -0.9290599 -0.3814151 0.2499984 -0.889957 -0.3712921 0.008004486 -0.9284817 -0.3712876 0.008007109 -0.9284835 -0.371296 0.008003652 -0.9284802 -0.4123809 0 -0.9110116 -1 0 0 -1 0 0 -1 0 0 -1 1.27262e-6 0 -1 2.72986e-7 0 -1 1.4052e-7 0 -1 7.13804e-6 0 -1 1.92661e-7 0 -0.9959963 -0.02489888 0.08585822 -0.9959974 -0.02490657 0.08584183 -0.9959964 -0.02490186 0.08585536 -0.9978771 -0.04333019 0.04861843 -0.997877 -0.04333686 0.04861789 -0.9971626 -0.05750888 0.04857552 -0.9971624 -0.05750852 0.04857945 -0.9960927 -0.05564254 0.06858015 -0.1450948 0.401699 0.9042043 -4.92186e-4 0.4253655 0.9050216 -4.86549e-4 0.4253358 0.9050355 -4.90785e-4 0.4253745 0.9050173 -4.78784e-4 0.4165988 0.9090903 0.02156317 0.4158992 0.9091551 0.137635 -0.2387001 -0.9612902 -9.84566e-4 -0.243978 -0.9697803 0.9923998 0.08547741 -0.08852285 0.9923985 0.08546173 -0.0885533 0.9923951 0.08542954 -0.08862125 0.992029 0.081914 -0.09575247 -0.001013219 -0.3566964 -0.9342199 -0.001008391 -0.3566933 -0.934221 -0.001004874 -0.3566948 -0.9342204 -0.03618878 -0.3624857 -0.9312866 0.9950072 0.02712416 -0.09604763 0.9964702 0.07971084 -0.02633309 -3.58489e-5 -1 -5.53803e-5 -3.74224e-5 -1 -5.4118e-5 -3.61963e-5 -1 -5.51016e-5 -3.78169e-5 -1 -5.38015e-5 -0.08272868 0.9957126 -0.04137986 -0.08273118 0.9957125 -0.04137921 -0.08273339 0.9957124 -0.04137873 -0.08273595 0.9957122 -0.04137808 0.9496295 -0.2384203 0.2033708 0.9742122 -0.208142 0.08710592 0.9742154 -0.2081319 0.08709567 0.9742125 -0.2081409 0.0871061 0.9766446 -0.1963174 0.08732086 0.9743204 -0.1961335 0.1105962 -0.03399801 -0.2687053 0.9626223 -0.04689943 -0.2659966 0.9628325 0.02185225 0.123916 -0.9920521 0.02151882 0.1239917 -0.9920499 -0.9604911 0.1866416 -0.2064509 -0.9743122 0.1807506 -0.134332 -0.9743105 0.1807593 -0.1343326 -0.9743109 0.180757 -0.1343327 -0.968536 0.2099912 -0.1335733 0.02105134 0.2066676 -0.9781848 0.07961875 0.2005948 -0.9764336 -0.9808354 0.1813251 -0.07129573 -0.07153445 -0.254957 0.9643028 -0.07155621 -0.2549539 0.964302 -0.07155436 -0.2549518 0.9643027 -0.03404504 -0.2644113 0.963809 -0.1734355 -0.9834595 -0.05222707 -0.1734234 -0.9834602 -0.05225396 -0.1734114 -0.9834609 -0.05228024 -0.1733993 -0.9834616 -0.05230712 0.1909911 0.965406 0.1775218 0.1909977 0.9654042 0.177524 0.1909407 0.9654196 0.1775016 0.1789512 0.9685817 0.1727023 -0.4467065 0.185032 0.875338 -0.4467065 -0.185032 0.875338 -0.1837287 -0.4435587 0.8772113 -0.1837301 0.4435567 0.877212 -0.6817507 -0.7315838 -0.00111103 -0.6817446 -0.7315895 -0.001116275 -0.6817083 -0.7316232 -0.001152455 -0.6826382 -0.7307566 -2.27457e-4 -0.6813892 -0.7319208 -8.63086e-4 -0.6815189 -0.7318003 -5.94661e-4 -0.6813764 -0.7319327 -8.8864e-4 -0.6817385 -0.7315959 -1.4009e-4 -0.6801331 -0.7330887 -1.49677e-4 -0.6800912 -0.7331275 -2.40175e-4 -0.6800931 -0.7331259 -2.36723e-4 -0.679651 -0.7335348 -0.001174092 0.001057982 0.001817643 -0.9999979 0.001075804 0.001806199 -0.9999978 0.001066267 0.001786589 -0.9999979 -3.86614e-4 -5.95738e-4 -0.9999998 0.00103271 0.001808702 -0.9999979 -0.009011387 -0.01467055 -0.9998518 -1.49318e-4 -0.001650929 -0.9999987 -1.86608e-4 -0.001660227 -0.9999987 0.02064645 -0.04145985 -0.9989269 6.31709e-4 1.80972e-5 0.9999998 5.96766e-4 -9.27847e-6 0.9999998 6.2261e-4 3.86174e-5 0.9999998 -4.42224e-4 -9.20673e-4 0.9999995 7.84403e-5 -0.001127839 0.9999995 -0.00153619 0.005129933 0.9999857 1.78553e-4 0.005558431 0.9999846 -0.6891427 0.7246209 -0.002636075 -0.6891719 0.7245938 -0.002443432 -0.6891356 0.7246275 -0.002687275 -0.6890832 0.7246758 -0.003059744 -0.9999926 -0.003865242 1.56309e-4 -0.9999925 -0.003868103 1.71283e-4 -0.9999927 -0.00382632 -1.8378e-4 -0.9999557 -0.002806425 -0.00899291 0.6667413 0.7452791 0.00388658 0.6667438 0.745277 0.003873407 0.6667438 0.745277 0.003868043 0.6677597 0.7443345 -0.007952213 0.01099157 -0.9999357 -0.002790033 0.01097059 -0.999936 -0.002785503 0.01106584 -0.9999349 -0.002806007 0.001019477 -0.9999994 -6.55306e-4 -0.003652513 -0.9999932 -6.38237e-4 -0.003750383 -0.9999929 -6.50844e-4 -0.003644526 -0.9999932 -6.36284e-4 -0.01881897 -0.9998193 -0.00269699 -0.01751649 -0.9998455 -0.001463592 -0.0209012 -0.9997816 1.0025e-4 -0.02092403 -0.9997811 1.10855e-4 -0.9999657 -0.008198976 0.001223206 -0.9999661 -0.008142709 0.001286029 -0.9999659 -0.008171916 0.001254439 -0.9999615 -0.008764147 6.13786e-4 -0.9999686 -0.00791198 6.09208e-4 -0.9999694 -0.007808506 6.61558e-4 -0.9999678 -0.008019804 5.5592e-4 -0.9999778 -0.006545841 0.001296877 -0.9999762 -0.006889522 6.36462e-4 -0.9999777 -0.006629168 9.27095e-4 -0.9999765 -0.006812691 7.19459e-4 -0.9999792 -0.006329953 0.001261115 -1 -6.03597e-6 -1.08712e-5 -1 7.22718e-6 -1.66368e-5 -1 1.10131e-5 -1.82825e-5 -1 2.43634e-5 -2.4086e-5 -1.04981e-4 0.003976225 0.9999921 -1.3859e-4 0.004066526 0.9999917 -1.23927e-4 0.004013657 0.999992 2.30706e-4 0.005742371 0.9999835 0.003139555 0.003458857 0.9999891 0.003142178 0.003456532 0.9999892 6.03496e-5 0.006372928 0.9999798 0.999988 3.39927e-4 -0.004880368 0.9999882 3.47511e-4 -0.004845678 0.9999879 3.3592e-4 -0.004922807 0.9999995 0.00102669 3.48285e-5 -9.75567e-6 7.87647e-5 1 5.29666e-7 8.07195e-5 1 7.55527e-5 6.61951e-5 1 8.65302e-5 8.89601e-5 1 2.21876e-4 2.47895e-4 1 2.29031e-4 2.58266e-4 1 -3.74802e-7 0 1 5.23486e-7 0 1 -5.23487e-7 0 1 -1.75795e-7 0 1 -2.27364e-6 0 1 0 0 1 2.27363e-6 0 1 -2.06945e-6 0 1 -0.9951887 0 -0.0979771 -0.9951881 -1.74082e-5 -0.09798359 -0.9951888 5.34486e-6 -0.0979759 -0.9956489 0.02563083 -0.08958965 0 -0.9945177 -0.1045687 0 -0.9945177 -0.1045685 0 -0.9945178 -0.1045681 0 -0.9945178 -0.104568 -1 6.02186e-6 0 -1 6.25059e-7 0 -1 6.66603e-6 0 -0.707107 0.7071067 0 -0.707107 0.7071066 0 -0.7071068 0.7071068 0 -0.7071022 -0.7071114 0 -0.7071034 -0.7071102 0 -0.7071042 -0.7071094 0 -0.7071046 -0.707109 0 -0.707104 0.7071095 0 -0.707104 0.7071096 0 -0.707104 0.7071096 0 -0.7017753 -0.6829218 -0.2028037 -0.7017748 -0.6829224 -0.2028034 -0.7017855 -0.6829061 -0.2028212 -0.6942658 -0.6942705 -0.1896935 1.05255e-6 0 -1 8.75434e-7 0 -1 -1.67246e-6 0 -1 -2.303e-6 0 -1 -1.05256e-6 0 -1 -8.75438e-7 0 -1 1.67247e-6 0 -1 2.30302e-6 0 -1 2.83315e-6 0 1 2.48928e-6 0 1 2.05261e-7 0 1 -5.07566e-6 0 1 -4.86383e-6 0 1 -1.01512e-5 0 1 -9.10829e-4 0 -0.9999996 -9.10829e-4 0 -0.9999996 -9.10829e-4 0 -0.9999996 -0.3148388 -0.004473268 0.9491347 -0.237047 -0.02898067 0.9710659 0.7071083 0.7071053 0 0.7071071 0.7071065 0 0.707108 0.7071056 0 0.7071068 -0.7071068 0 0.7071056 -0.707108 0 0.7071065 -0.7071071 0 -0.9998944 -0.01445043 -0.001607358 -0.9998947 -0.01442551 -0.001611948 -0.9998954 -0.01438313 -0.001577556 -0.999879 -0.0151537 -0.003518283 -0.9999542 -0.009582281 1.86553e-4 -0.9999017 -0.01386356 -0.002149939 -0.9998791 -0.01514589 -0.003514111 -0.9998794 -0.01513445 -0.003504395 -0.9999213 -0.01243114 -0.001666247 -0.7069983 -0.7072153 -1.58171e-4 -0.7069457 -0.7072678 -1.35537e-4 -0.7069867 -0.7072269 -1.53027e-4 -0.7031565 -0.7110337 0.001464128 0 -1 1.55758e-4 0 -1 1.55737e-4 0 -1 1.55743e-4 0 -1 1.55722e-4 0 -0.2483493 0.9686706 0 -0.2483493 0.9686706 0 -0.2483493 0.9686706 0 -0.2483493 0.9686706 -0.5360846 -0.4865468 -0.6898446 -0.5360812 -0.48654 -0.6898521 -0.5360874 -0.4865582 -0.6898344 -0.5263045 -0.4598258 -0.7152369 -0.7561305 0.1837216 -0.6281028 -0.7561259 0.1837284 -0.6281063 -0.7561156 0.1837441 -0.6281142 -0.7594205 0.1789452 -0.6255071 -0.1755414 -0.1755954 0.9686855 -0.1755937 -0.1756146 0.9686725 -0.1755596 -0.1756021 0.9686809 -0.1756237 -0.1756256 0.9686651 -0.9370912 0.3490588 -0.004247069 -0.9370955 0.3490474 -0.004254519 -0.9370988 0.3490384 -0.004262089 -0.935027 0.3545768 0 -0.7071073 -0.707102 -0.0024634 -0.7071123 -0.7070971 -0.002467155 -0.7071118 -0.7070975 -0.002467572 -0.6999702 -0.7141659 0.002974867 -0.9993305 -0.03658801 1.09254e-4 -0.9993317 -0.03655791 1.02689e-4 -0.9993306 -0.03658396 1.07472e-4 -0.998817 -0.04855734 0.002611696 -0.3235328 -0.3235301 -0.8891877 -0.3235322 -0.3235309 -0.8891877 -0.3235327 -0.3235304 -0.8891878 -0.3235319 -0.3235313 -0.8891877 -0.4520444 -0.01654952 -0.8918419 -0.6167871 -0.4805489 -0.6234153 0.01167154 0.9999305 -0.00166732 0.0116536 0.9999308 -0.001669585 0.01169353 0.9999303 -0.001665651 -0.002954423 0.9999912 -0.002986133 -0.7276564 0.02848041 0.6853503 -0.7276734 0.02844941 0.6853336 -0.727675 0.02844196 0.6853322 -0.7262483 0.03130215 0.6867195 -0.7125734 -0.1712338 0.6803808 -0.7854824 -0.2894013 0.5470505 0 -0.6957542 0.71828 0 -0.6957542 0.71828 0 -0.6957545 0.7182798 0 -0.6957545 0.7182797 -3.83041e-6 0.9999262 -0.01215714 -6.54871e-6 0.9999262 -0.0121535 0 0.999926 -0.01216608 0 0.999926 -0.01216602 6.45187e-5 0.9999545 -0.009539186 0 0.9999547 -0.009520769 0 -0.9999972 -0.002409934 0 -0.9999972 -0.002409934 0 -0.9999971 -0.002409934 0 -0.9999971 -0.002409994 0 -0.7142838 -0.6998562 0 -0.7142838 -0.6998562 0 -0.7142841 -0.699856 0 -0.7142841 -0.6998559 0 1 -2.50757e-7 0 1 -4.68718e-7 0 1 0 0 0.3454636 0.9384321 0 0.3454637 0.9384322 0 0.3454641 0.9384321 0 0.3454641 0.938432 0 -0.4575353 -0.8891915 0 -0.4575354 -0.8891914 0 -0.4575361 -0.8891912 0 -0.4575361 -0.889191 1 0 0 1 1.66226e-7 0 1 -1.89766e-7 0 1 0 0 0.9861802 -0.02545958 -0.1637087 0.9951884 0 -0.09797984 1 0 0 1 0 0 1 1.91565e-7 0 0.707105 0.7071086 0 0.7071051 0.7071086 0 0.7071052 0.7071084 0 0.7071052 0.7071084 0 0.7071049 -0.7071087 0 0.707105 -0.7071086 0 0.7071049 -0.7071087 0 0.7071052 -0.7071085 0 0.6691789 0.6691826 -0.323101 0.6691786 0.6691826 -0.3231017 0.6691784 0.6691826 -0.3231024 0.669178 0.6691825 -0.323103 0.7071042 0.7071095 0 0.7071043 0.7071092 0 0.7071042 0.7071095 0 0.7071045 0.7071092 0 0.694266 -0.6942697 -0.1896954 0.6942703 -0.6942633 -0.1897032 0.6942614 -0.6942766 -0.1896873 0.7017734 -0.682924 -0.2028026 -0.7071057 0.7071079 0 -0.7071059 0.7071077 0 -0.7071066 0.707107 0 -0.7071042 -0.7071095 0 -0.7071053 -0.7071082 0 -0.7071057 -0.7071079 0 0.9998992 -0.01420277 4.00187e-5 0.9998973 -0.01433819 -9.92564e-6 0.9998992 -0.01420074 4.04883e-5 0.9998226 -0.01876533 -0.001643657 0.7069963 -0.7072173 -1.57438e-4 0.7069876 -0.707226 -1.53697e-4 0.7069119 -0.7073016 -1.21518e-4 0.703158 -0.7110322 0.001463115 0.5263059 -0.4598298 -0.7152333 0.5263024 -0.4598222 -0.7152408 0.5263081 -0.4598379 -0.7152265 0.5360819 -0.4865413 -0.6898505 0.7891087 0.206427 -0.5785288 0.7591466 0.2312805 -0.6084454 1.12543e-4 0.9999961 -0.00281769 1.31006e-4 0.9999961 -0.002816557 -2.16825e-4 0.999996 -0.002840697 0.003523945 0.9999905 -0.002583563 0.1756232 -0.1756255 0.9686651 0.1755931 -0.1756146 0.9686726 0.1755587 -0.1756021 0.9686811 0.1755404 -0.1755955 0.9686856 0.9267886 0.3755834 0 0.9267781 0.3756093 3.47478e-6 0.9267994 0.3755568 -2.47522e-6 0.9369847 0.3493547 -0.003326237 0.7071061 -0.7071009 0.003039181 0.7070928 -0.7071144 0.003031015 0.7071207 -0.7070865 0.003048419 0.6977068 -0.716379 -0.002550542 0.9993304 -0.03659105 1.0927e-4 0.9993306 -0.03658401 1.08669e-4 0.9993315 -0.03656053 1.02657e-4 0.998817 -0.04855734 0.002611339 0.3235327 -0.323532 -0.8891871 0.3235328 -0.3235313 -0.8891873 0.3235329 -0.3235304 -0.8891875 0.3235331 -0.32353 -0.8891877 0.6167872 -0.4805451 -0.623418 0.4520456 -0.01655131 -0.8918413 -0.003132879 0.9999907 -0.002986133 -0.003148972 0.9999907 -0.00298798 -0.003048956 0.999991 -0.002978801 0.002458333 0.999994 -0.002484738 0.7674745 0.03230863 0.6402648 0.7238323 -0.007621109 0.689934 0.7854807 -0.2893993 0.5470541 0.7125733 -0.1712324 0.6803814 0.2470883 -0.003509819 0.9689866 0.3247997 -0.03970843 0.9449489 -1 -8.13514e-7 0 -1 -8.66682e-6 0 -1 -6.53737e-7 0 0 0.7277864 0.6858039 0 0.7277864 0.6858038 -0.5179355 0.5179392 0.680795 -0.5178977 0.5179153 0.6808419 -0.517957 0.5179507 0.6807699 -0.5136294 0.5152808 0.6860544 -0.7071138 0 0.7070999 -0.7071059 3.85422e-7 0.7071076 -0.7071041 3.57395e-6 0.7071095 -0.7331095 -0.003287613 0.6801028 -8.10105e-5 0.7160208 0.6980789 0.5172634 0.5189335 0.6805489 0.5172644 0.518931 0.6805499 0.5172628 0.5189328 0.6805499 0.5146186 0.5146204 0.6858088 0.708653 -0.003178894 0.70555 0.708704 -0.003171622 0.7054989 0.7086613 -0.003176629 0.7055418 0.7324851 0 0.680783 8.10115e-5 0.7160219 0.6980779 0 1 0 0 1 0 0 1 0 0 0.9852012 -0.1714024 0 0.9852011 -0.1714025 0 0.9852012 -0.1714025 0 0.9852012 -0.1714026 0 0.6948211 -0.7191827 0 0.6948207 -0.719183 0 0.6948209 -0.7191829 0 0.6948205 -0.7191832 1 7.27773e-6 -8.75188e-5 1 0 -3.61397e-4 0.9999997 -2.84246e-5 -8.49086e-4 0.9999998 1.18356e-4 -6.87674e-4 0.9999985 -5.38119e-4 -0.001649498 0.9999985 -5.54116e-4 -0.001693546 1 -6.83527e-6 -6.38306e-5 1 -2.47935e-5 2.67294e-4 1 -4.24546e-6 -5.61978e-6 1 0 -6.68583e-6 5.82076e-6 -1.88838e-6 1 6.54675e-7 1.06535e-5 1 1.22443e-5 1.81926e-5 1 3.69512e-5 -1.37274e-5 1 1.31981e-4 -4.83717e-5 1 1.76596e-4 -2.82216e-5 1 3.52966e-4 1.60161e-6 1 3.65341e-4 0 1 -2.23127e-5 8.24348e-5 1 0 0 -1 0 0 -1 0 0 -1 0.007023155 0.9999752 -4.60695e-4 0.007020533 0.9999753 -4.61872e-4 0.007039427 0.9999752 -4.56104e-4 -1.12532e-4 0.9999967 -0.002586126 -0.7587636 -0.01087009 0.6512756 -0.6826384 0.7307564 -2.27404e-4 -0.6825672 0.7308228 -2.9777e-4 -0.6825593 0.7308301 -3.05574e-4 -0.6817511 0.7315834 -0.001110732 -0.6817382 0.7315962 -1.40598e-4 -0.6817502 0.731585 -1.14193e-4 -0.6817433 0.7315914 -1.28477e-4 -0.6813892 0.7319208 -8.63231e-4 -0.679651 0.7335348 -0.001174747 -0.6796923 0.7334967 -0.001087784 -0.679637 0.7335476 -0.001205623 -0.6801335 0.7330883 -1.49752e-4 -3.8669e-4 5.95738e-4 -0.9999998 -3.04904e-4 6.23986e-4 -0.9999998 -4.49298e-4 6.53067e-4 -0.9999997 0.00107783 -0.001773774 -0.9999979 -0.009028553 0.01466464 -0.9998517 -0.009011387 0.01467049 -0.9998518 -1.49344e-4 0.001650929 -0.9999987 -1.86608e-4 0.001660227 -0.9999987 0.02064639 0.04145979 -0.9989269 -4.42224e-4 9.20672e-4 0.9999995 -1.56408e-4 9.41628e-4 0.9999997 -5.49603e-4 8.93653e-4 0.9999995 6.31094e-4 -1.78273e-5 0.9999999 7.84404e-5 0.001127839 0.9999994 -9.42614e-5 -0.005490303 0.999985 1.78554e-4 -0.005558431 0.9999846 -0.6890842 -0.7246748 -0.003060758 -0.6890914 -0.7246682 -0.003007948 -0.6890881 -0.7246714 -0.00301063 -0.6891427 -0.7246209 -0.00262922 -0.9999557 0.002806425 -0.008992969 -0.999956 0.002809882 -0.008968412 -0.9999557 0.002807319 -0.008990347 -0.9999926 0.003865182 1.5632e-4 0.6677625 -0.744332 -0.007953464 0.6677532 -0.7443416 -0.007835209 0.6677601 -0.7443343 -0.007938265 0.6667413 -0.7452791 0.00388211 0.001015543 0.9999994 -6.54487e-4 9.89865e-4 0.9999993 -6.49095e-4 0.001042783 0.9999994 -6.61617e-4 0.01099389 0.9999357 -0.002791702 -0.003751277 0.9999928 -6.51228e-4 -0.003654003 0.9999932 -6.38302e-4 -0.003640949 0.9999932 -6.36011e-4 -0.01881647 0.9998194 -0.002665996 -0.02536654 0.9996783 -5.32315e-5 -0.01542937 0.9998781 -0.002420902 -0.02092128 0.9997811 1.10364e-4 -0.02092403 0.9997811 1.10855e-4 -0.9999614 0.008764147 6.13786e-4 -0.9999637 0.008467555 9.33593e-4 -0.9999618 0.008724808 6.55887e-4 -0.9999656 0.008198976 0.001223206 -0.9999778 0.006545901 0.001296877 -0.9999753 0.006952226 0.001092314 -0.9999771 0.006649971 0.001245737 -0.9999685 0.00791198 6.09208e-4 -0.9999792 0.006329953 0.001261115 -0.9999777 0.006629168 9.27095e-4 -0.9999791 0.006364524 0.001218914 -0.9999762 0.006889522 6.36461e-4 -1 -2.43634e-5 -2.40859e-5 -1 -7.22718e-6 -1.66367e-5 -1 -1.10131e-5 -1.82825e-5 -1 6.03599e-6 -1.08712e-5 2.31517e-4 -0.005742371 0.9999836 1.92172e-4 -0.005565166 0.9999845 2.64391e-4 -0.005661308 0.999984 -1.52476e-4 -0.003978669 0.9999921 3.9682e-5 -0.006392776 0.9999796 5.9889e-5 -0.006372928 0.9999797 0.003142595 -0.003456532 0.9999892 0.9999995 -0.00102669 3.48282e-5 0.9999995 -9.68549e-4 -3.81553e-4 0.9999995 -0.001025855 1.59028e-5 0.9999881 -3.39926e-4 -0.004880309 8.62862e-5 -8.89599e-5 1 7.69339e-7 -8.07195e-5 1 7.35644e-5 -6.6195e-5 1 -9.75568e-6 -7.87647e-5 1 2.21644e-4 -2.47895e-4 1 2.2903e-4 -2.58265e-4 1 0 0 1 0 0 1 3.74804e-7 0 1 -3.74803e-7 0 1 1.3298e-7 0 1 -5.23486e-7 0 1 0 0 1 2.06947e-6 0 1 -2.27364e-6 0 1 -2.36263e-7 0 1 -1 -3.04813e-6 0 -0.9609827 0.2204116 -0.1671256 -0.9951888 0 -0.09797686 0 0.9945172 -0.1045732 0 0.9945173 -0.1045722 0 0.9945174 -0.1045719 -1 -6.66612e-6 0 -1 -6.02195e-6 0 -1 -6.2506e-7 0 -0.7071075 -0.7071061 0 -0.7071077 -0.707106 0 -0.7071077 -0.7071059 0 -0.7071079 -0.7071057 0 -0.7071044 0.7071092 0 -0.7071032 0.7071105 0 -0.7071039 0.7071096 0 -0.707102 0.7071115 0 -0.7071042 -0.7071095 0 -0.6942657 0.6942709 -0.1896926 -0.6942713 0.6942622 -0.1897035 -0.6942625 0.6942753 -0.1896878 -0.701776 0.6829202 -0.2028067 -5.07563e-6 0 1 -4.86386e-6 0 1 -0.001186072 0 -0.9999994 -0.3148387 0.004473268 0.9491348 -0.2370477 0.02898067 0.9710657 -0.9998947 0.0144248 -0.001611948 -0.9998943 0.01445037 -0.001607477 -0.9998953 0.0143826 -0.001577556 -0.9999001 0.01397347 -0.002196609 -0.9998383 0.0179376 -0.001310408 -0.9999016 0.01386356 -0.002149939 -0.9999011 0.01389604 -0.002189695 -0.9998794 0.01513445 -0.003504395 -0.9999213 0.01243114 -0.001666247 -0.703156 0.7110341 0.001464128 -0.7031694 0.711021 0.001458823 -0.7031448 0.7110452 0.001469135 -0.7069987 0.7072149 -1.58293e-4 0 1 1.54969e-4 0 1 1.55222e-4 0 1 1.55317e-4 0 1 1.5557e-4 0 0.2483478 0.9686709 0 0.2483472 0.9686711 0 0.2483477 0.968671 -0.5263054 0.4598246 -0.715237 -0.5263022 0.4598206 -0.715242 -0.5263124 0.4598445 -0.715219 -0.536087 0.4865497 -0.6898407 -0.759421 -0.1789451 -0.6255065 -0.7593998 -0.1789755 -0.6255237 -0.7594135 -0.1789556 -0.6255125 -0.75613 -0.183721 -0.6281037 -0.175626 0.1756248 0.9686648 -0.1755952 0.1756141 0.9686723 -0.1755601 0.1756019 0.9686809 -0.1755414 0.1755954 0.9686855 -0.935027 -0.3545768 0 -0.9350263 -0.3545784 1.55859e-6 -0.9350295 -0.3545703 -5.11832e-6 -0.9370909 -0.3490597 -0.004246771 -0.6999699 0.7141662 0.002975404 -0.6999705 0.7141656 0.002975225 -0.6999706 0.7141656 0.002975046 -0.7071062 0.7071031 -0.002462446 -0.998817 0.0485574 0.002611756 -0.9988164 0.04856926 0.002614617 -0.9988198 0.04850131 0.002599239 -0.9993304 0.03658777 1.09245e-4 -0.3235307 0.3235295 -0.8891888 -0.3235309 0.3235298 -0.8891887 -0.3235311 0.3235301 -0.8891884 -0.3235312 0.3235303 -0.8891883 -0.6167865 0.4805485 -0.623416 -0.4520442 0.0165494 -0.8918421 -0.002954185 -0.9999912 -0.002986133 -0.00296235 -0.9999912 -0.00298655 -0.002965211 -0.9999911 -0.002986788 0.01167541 -0.9999305 -0.001666545 -0.7276747 -0.02844977 0.6853321 -0.7276951 -0.02840179 0.6853126 -0.7276737 -0.0284422 0.6853336 -0.7262509 -0.03130269 0.6867167 -0.7854827 0.2894018 0.5470501 -0.7125725 0.1712337 0.6803819 0 0.695753 0.7182812 0 0.6957554 0.7182788 0 0.6957533 0.7182809 0 0.6957556 0.7182787 0 -0.999926 -0.01216435 -2.63309e-5 -0.9999268 -0.01210927 0 -0.9999261 -0.01216453 -3.07495e-5 -0.9999545 -0.009541213 6.46313e-5 -0.9999545 -0.009539186 0 -0.9999547 -0.009520709 0 0.9999971 -0.002409756 0 0.9999972 -0.002409577 0 0.9999971 -0.002409517 0 0.9999972 -0.002409338 0 0.7142913 -0.6998485 0 0.7142891 -0.6998508 0 0.7142912 -0.6998487 0 0.714289 -0.699851 0 -1 -2.26891e-6 0 -1 0 0 -1 -1.08189e-6 0 -0.3454645 0.9384319 0 -0.3454643 0.9384319 0 -0.3454644 0.9384319 0 -0.3454642 0.9384319 0 0.4575355 -0.8891914 0 0.4575353 -0.8891915 0 0.4575353 -0.8891915 0.9951884 0 -0.09797978 1 0 0 1 1.89766e-7 0 1 -1.66227e-7 0 1 0 0 0.9861801 0.02545976 -0.1637088 1 -1.91565e-7 0 1 0 0 1 0 0 0.7071059 -0.7071076 0 0.7071059 -0.7071077 0 0.7071059 -0.7071077 0 0.7071059 -0.7071077 0 0.7071049 0.7071087 0 0.7071048 0.7071088 0 0.7071047 0.7071089 0 0.7071046 0.707109 0 0.669178 -0.6691825 -0.323103 0.6691796 -0.6691821 -0.3231006 0.6691788 -0.6691824 -0.3231018 0.6691804 -0.669182 -0.3230993 0.7071046 -0.707109 0 0.7071043 -0.7071092 0 0.7071043 -0.7071093 0 0.7017742 0.6829225 -0.2028051 0.7017742 0.6829224 -0.2028051 0.7017841 0.6829068 -0.2028239 0.6942657 0.69427 -0.1896955 -0.7071045 -0.7071092 0 -0.7071042 -0.7071093 0 -0.7071054 0.7071082 0 -0.7071056 0.707108 0 0.9998226 0.01876533 -0.001643657 0.999823 0.01874727 -0.001636981 0.9998247 0.01865482 -0.001602947 0.9998992 0.01420277 4.00292e-5 0.7031576 0.7110326 0.001462876 0.7031456 0.7110445 0.001467764 0.7031352 0.7110548 0.001472115 0.7069967 0.7072169 -1.57804e-4 0.5360854 0.4865452 -0.6898451 0.5360825 0.4865413 -0.68985 0.5360891 0.4865567 -0.6898342 0.5263062 0.459828 -0.7152343 0.7591473 -0.2312803 -0.6084446 0.7891088 -0.2064272 -0.5785286 0.003523945 -0.9999905 -0.002583444 0.003430485 -0.9999908 -0.002589881 0.003504633 -0.9999905 -0.002585172 1.03531e-4 -0.9999961 -0.002818405 0.1755401 0.1755952 0.9686858 0.1755944 0.1756139 0.9686725 0.175559 0.1756017 0.9686812 0.1756255 0.1756247 0.968665 0.9369845 -0.3493552 -0.003326237 0.9369796 -0.3493686 -0.003324627 0.936981 -0.3493644 -0.003325223 0.9267884 -0.3755839 0 0.6977068 0.7163789 -0.002549409 0.6977126 0.7163734 -0.002546131 0.6976768 0.7164081 -0.00256735 0.7071051 0.707102 0.003039479 0.998817 0.0485574 0.002611398 0.9988175 0.04854846 0.00260955 0.9988163 0.04857188 0.002614557 0.9993304 0.03659081 1.09261e-4 0.3235318 0.3235304 -0.8891881 0.323532 0.3235307 -0.8891878 0.3235318 0.3235306 -0.8891879 0.3235321 0.3235309 -0.8891877 0.452045 0.01655119 -0.8918415 0.6167877 0.4805455 -0.6234173 0.002458095 -0.999994 -0.002484738 0.002245426 -0.9999943 -0.002503812 0.002440989 -0.999994 -0.002485811 -0.003132641 -0.9999907 -0.002985894 0.7238324 0.007621109 0.6899338 0.7674743 -0.03230869 0.6402652 0.7125733 0.1712325 0.6803813 0.7854818 0.2894002 0.5470522 0.3248006 0.03970855 0.9449486 0.2470901 0.003509819 0.9689862 -1 8.66688e-6 0 -1 8.13503e-7 0 -1 6.53734e-7 0 0 -0.7277818 0.6858088 0 -0.7277818 0.6858088 0 -0.727783 0.6858076 -0.5136237 -0.515279 0.68606 -0.5136281 -0.5152781 0.6860574 -0.5136518 -0.5152945 0.6860272 -0.5179411 -0.5179374 0.6807922 -0.7331095 0.003287613 0.6801028 -0.7331136 0.003287792 0.6800982 -0.7331082 0.003287255 0.6801041 -0.7071179 0 0.7070957 -7.05555e-5 -0.7160208 0.6980789 0.5146163 -0.5146182 0.6858121 0.5146262 -0.5146265 0.6857984 0.5146729 -0.514712 0.6856991 0.5172667 -0.5189328 0.6805469 0.7324849 0 0.6807832 0.7324917 -2.31899e-6 0.680776 0.7324821 2.03203e-7 0.6807863 0.708657 0.003178894 0.705546 6.94383e-5 -0.716021 0.6980789 0 -1 0 0 -1 0 0 -1 0 0 -0.9852013 -0.1714013 0 -0.9852012 -0.1714025 0 -0.9852013 -0.1714017 0 -0.9852011 -0.1714029 0 -0.6948214 -0.7191823 0 -0.6948212 -0.7191825 0 -0.6948211 -0.7191827 0 -0.694821 -0.7191827 1 0 -3.61397e-4 1 4.76714e-6 5.58132e-5 0.9999997 4.90327e-5 -9.42744e-4 0.9999998 -1.18136e-4 -6.87675e-4 0.9999943 -1.1061e-4 -0.003367722 0.9999985 5.54115e-4 -0.001693546 1 6.83573e-6 -6.38308e-5 1 2.47935e-5 2.67294e-4 1 4.24546e-6 -5.61979e-6 1 0 -6.68582e-6 2.21788e-6 -1.06535e-5 1 7.44142e-6 1.88837e-6 1 1.16345e-5 -1.81924e-5 1 3.70158e-5 1.37274e-5 1 1.31725e-4 4.83717e-5 1 1.75416e-4 2.82214e-5 1 3.50124e-4 -1.60162e-6 1 3.62465e-4 0 1 -2.39063e-5 -8.24344e-5 1 0 0 -1 0 0 -1 0 0 -1 -1.03535e-4 -0.9999967 -0.002583384 -8.86705e-5 -0.9999967 -0.002579152 -1.21316e-4 -0.9999967 -0.002587318 0.007023692 -0.9999752 -4.60295e-4 -0.7587628 0.01087015 0.6512764</float_array>
          <technique_common>
            <accessor source="#missile_battery_0-mesh-normals-array" count="1996" stride="3">
              <param name="X" type="float"/>
              <param name="Y" type="float"/>
              <param name="Z" type="float"/>
            </accessor>
          </technique_common>
        </source>
        <source id="missile_battery_0-mesh-map-0">
          <float_array id="missile_battery_0-mesh-map-0-array" count="9276">1.785635 0.79093 1.819265 0.793772 1.788166 0.757225 1.822812 0.759862 1.788166 0.757225 1.819265 0.793772 1.176652 0.846669 1.177619 0.808631 1.03227 0.841818 1.027176 0.807515 1.03227 0.841818 1.177619 0.808631 1.172842 0.988579 1.174884 0.951711 1.101596 0.984618 1.10352 0.948862 1.101596 0.984618 1.174884 0.951711 1.416644 0.768718 1.395953 0.769091 1.418093 0.913703 1.396572 0.914096 1.418093 0.913703 1.395953 0.769091 1.418093 0.913703 1.457598 0.909353 1.416644 0.768718 1.457806 0.768747 1.448249 0.768747 1.457598 0.909353 1.457598 0.909353 1.448249 0.768747 1.416644 0.768718 1.177619 0.808631 1.178369 0.73024 1.012657 0.76241 1.013424 0.728706 1.012657 0.76241 1.178369 0.73024 1.012657 0.76241 1.027176 0.807515 1.177619 0.808631 1.447977 0.2209219 1.480469 0.245491 1.451564 0.1687999 1.48772 0.165996 1.451564 0.1687999 1.480469 0.245491 1.819265 0.793772 1.785635 0.79093 1.817717 0.841898 1.785635 0.79093 1.785936 0.863242 1.817717 0.841898 1.785936 0.863242 1.792412 0.866477 1.817717 0.841898 1.53519 0.768065 1.457598 0.909353 1.502244 0.934116 1.53519 0.768065 1.502244 0.934116 1.535225 0.933438 1.457598 0.909353 1.53519 0.768065 1.457806 0.768747 1.434338 0.284542 1.36732 0.284688 1.434378 0.30564 1.367363 0.306262 1.434378 0.30564 1.36732 0.284688 1.434378 0.30564 1.367363 0.306262 1.4503 0.323918 1.34881 0.324593 1.4503 0.323918 1.367363 0.306262 1.34881 0.324593 1.367363 0.306262 1.34056 0.306301 1.4503 0.323918 1.459749 0.306771 1.434378 0.30564 1.4503 0.323918 1.450368 0.347564 1.459749 0.306771 1.459859 0.347539 1.459749 0.306771 1.450368 0.347564 1.34056 0.306301 1.340497 0.347757 1.34881 0.324593 1.34877 0.347751 1.34881 0.324593 1.340497 0.347757 1.448831 0.135471 1.451564 0.1687999 1.456408 0.134883 1.456408 0.134883 1.451564 0.1687999 1.485728 0.132948 1.451564 0.1687999 1.48772 0.165996 1.485728 0.132948 0.3680001 0.5225366 0.3683605 0.5469345 0.4703139 0.5214882 0.4698151 0.5464816 0.4703139 0.5214882 0.3683605 0.5469345 1.00578 0.989489 1.039453 0.989441 1.014054 0.985273 1.039453 0.976897 1.014054 0.985273 1.039453 0.989441 1.014054 0.985273 1.039453 0.976897 1.014054 0.976879 1.00578 0.696697 1.013424 0.728706 1.01834 0.696532 1.018614 0.717613 1.01834 0.696532 1.013424 0.728706 1.013424 0.728706 1.178369 0.73024 1.018614 0.717613 1.183876 0.715231 1.018614 0.717613 1.178369 0.73024 1.647998 0.860245 1.664074 0.853912 1.648718 0.7701833 1.665219 0.7705691 1.648718 0.7701833 1.664074 0.853912 1.647998 0.860245 1.672803 0.888678 1.664074 0.853912 1.681355 0.874013 1.664074 0.853912 1.672803 0.888678 1.53519 0.768065 1.535225 0.933438 1.540908 0.763008 1.547867 0.928304 1.540908 0.763008 1.535225 0.933438 1.535225 0.933438 1.540446 0.938816 1.547867 0.928304 1.540446 0.938816 1.569432 0.94302 1.547867 0.928304 1.569447 0.928326 1.547867 0.928304 1.569432 0.94302 1.219696 0.03500294 1.248186 0.02860695 1.219653 0.02030795 1.246464 0.02023094 1.219653 0.02030795 1.248186 0.02860695 1.248186 0.02860695 1.219696 0.03500294 1.252662 0.03394198 1.487933 0.159039 1.529382 0.159785 1.488125 0.150483 1.529571 0.151404 1.488125 0.150483 1.529382 0.159785 1.480469 0.245491 1.502489 0.246116 1.48772 0.165996 1.501625 0.176595 1.48772 0.165996 1.502489 0.246116 1.529376 0.176326 1.52925 0.165807 1.501625 0.176595 1.48772 0.165996 1.501625 0.176595 1.52925 0.165807 1.470009 0.9842756 1.47379 0.9557137 1.402478 0.985344 1.399523 0.953757 1.402478 0.985344 1.47379 0.9557137 1.626057 0.988146 1.626772 0.958936 1.478551 0.98377 1.475548 0.955237 1.478551 0.98377 1.626772 0.958936 1.534305 0.06692475 1.50772 0.06682598 1.533157 0.11953 1.506535 0.119428 1.533157 0.11953 1.50772 0.06682598 1.503892 0.06559896 1.408229 0.064978 1.506535 0.119428 1.408229 0.064978 1.433932 0.119275 1.506535 0.119428 1.366928 0.119373 1.433932 0.119275 1.408229 0.064978 1.293844 0.065961 1.366928 0.119373 1.408229 0.064978 1.290627 0.119521 1.366928 0.119373 1.293844 0.065961 1.290276 0.06691056 1.263918 0.06698876 1.290627 0.119521 1.263984 0.119598 1.290627 0.119521 1.263918 0.06698876 1.260585 0.0669974 1.219642 0.06710118 1.263984 0.119598 1.219776 0.11971 1.263984 0.119598 1.219642 0.06710118 1.175355 0.932934 1.176652 0.846669 1.09712 0.931399 1.03227 0.841818 1.09712 0.931399 1.176652 0.846669 1.686953 0.989616 1.724387 0.9890322 1.67387 0.9761 1.67387 0.9761 1.724387 0.9890322 1.672803 0.888678 1.672803 0.888678 1.724387 0.9890322 1.681355 0.874013 1.681355 0.874013 1.724387 0.9890322 1.725318 0.874161 1.174884 0.951711 1.175355 0.932934 1.10352 0.948862 1.09712 0.931399 1.10352 0.948862 1.175355 0.932934 1.785635 0.79093 1.785039 0.781598 1.743826 0.789622 1.744002 0.780737 1.743826 0.789622 1.785039 0.781598 1.52925 0.165807 1.529382 0.159785 1.48772 0.165996 1.487933 0.159039 1.48772 0.165996 1.529382 0.159785 1.744002 0.780737 1.785039 0.781598 1.744143 0.772483 1.784906 0.773195 1.744143 0.772483 1.785039 0.781598 1.577576 0.06710273 1.537736 0.06693691 1.577354 0.119714 1.533157 0.11953 1.577354 0.119714 1.537736 0.06693691 1.739916 0.990276 1.775956 0.990472 1.741915 0.86332 1.789948 0.977383 1.785936 0.863242 1.741915 0.86332 1.775956 0.990472 1.789948 0.977383 1.741915 0.86332 1.792412 0.866477 1.785936 0.863242 1.789948 0.977383 1.785635 0.79093 1.743826 0.789622 1.785936 0.863242 1.741915 0.86332 1.785936 0.863242 1.743826 0.789622 1.266514 0.009291946 1.273849 0.04941397 1.272686 0.008138954 1.279183 0.04256898 1.272686 0.008138954 1.273849 0.04941397 1.273849 0.04941397 1.293844 0.065961 1.279183 0.04256898 1.302771 0.06217795 1.279183 0.04256898 1.293844 0.065961 1.293844 0.065961 1.408229 0.064978 1.302771 0.06217795 1.379528 0.06214195 1.302771 0.06217795 1.408229 0.064978 1.408229 0.064978 1.400954 0.04068398 1.379528 0.06214195 1.408229 0.064978 1.431656 0.05369997 1.400954 0.04068398 1.408229 0.064978 1.503892 0.06559896 1.431656 0.05369997 1.497106 0.05403494 1.431656 0.05369997 1.503892 0.06559896 1.413437 0.03539794 1.400954 0.04068398 1.431656 0.05369997 1.413437 0.03539794 1.413489 0.005803942 1.400954 0.04068398 1.401024 0.005779981 1.400954 0.04068398 1.413489 0.005803942 1.503892 0.06559896 1.522838 0.04757797 1.497106 0.05403494 1.516698 0.03674095 1.497106 0.05403494 1.522838 0.04757797 1.522838 0.04757797 1.527492 0.008163988 1.516698 0.03674095 1.5204 0.007281959 1.516698 0.03674095 1.527492 0.008163988 0.006542623 0.5686251 0.007843494 0.6046308 0.1352696 0.5685621 0.1348572 0.6035121 0.1352696 0.5685621 0.007843494 0.6046308 0.1348572 0.6035121 0.007843494 0.6046308 0.1123506 0.6293311 0.03388291 0.6280781 0.1123506 0.6293311 0.007843494 0.6046308 0.8251379 0.07992535 0.8256471 0.1091443 0.9285862 0.07991039 0.9277107 0.1090103 0.9285862 0.07991039 0.8256471 0.1091443 0.9277107 0.1090103 0.8256471 0.1091443 0.9121192 0.1274934 0.8422257 0.1274994 0.9121192 0.1274934 0.8256471 0.1091443 1.979454 0.401699 1.973562 0.395913 1.959578 0.426853 1.951537 0.411169 1.959578 0.426853 1.973562 0.395913 1.951537 0.411169 1.907514 0.416721 1.938701 0.429884 1.909632 0.433399 1.938701 0.429884 1.907514 0.416721 1.959578 0.426853 1.951537 0.411169 1.938701 0.429884 1.984493 0.393288 1.973562 0.395913 1.979454 0.401699 1.973562 0.395913 1.984493 0.393288 1.980833 0.315411 1.988466 0.315844 1.980833 0.315411 1.984493 0.393288 1.429724 0.207577 1.395359 0.207647 1.434338 0.284542 1.36732 0.284688 1.434338 0.284542 1.395359 0.207647 1.395359 0.207647 1.395282 0.182409 1.36732 0.284688 1.366928 0.119373 1.36732 0.284688 1.395282 0.182409 1.395282 0.182409 1.429645 0.182352 1.366928 0.119373 1.433932 0.119275 1.366928 0.119373 1.429645 0.182352 1.429645 0.182352 1.429724 0.207577 1.433932 0.119275 1.434338 0.284542 1.433932 0.119275 1.429724 0.207577 1.666365 0.576628 1.666355 0.542264 1.549162 0.576662 1.549153 0.542296 1.549162 0.576662 1.666355 0.542264 1.666355 0.542264 1.666348 0.517025 1.549153 0.542296 1.549145 0.517063 1.549153 0.542296 1.666348 0.517025 1.666348 0.517025 1.666335 0.482659 1.549145 0.517063 1.549133 0.4827 1.549145 0.517063 1.666335 0.482659 1.666372 0.601854 1.666365 0.576628 1.54917 0.601891 1.549162 0.576662 1.54917 0.601891 1.666365 0.576628 1.910727 0.746843 1.877253 0.553932 1.868526 0.76599 1.870333 0.556128 1.868526 0.76599 1.877253 0.553932 1.910727 0.746843 1.868526 0.76599 1.915128 0.907019 1.862153 0.929828 1.915128 0.907019 1.868526 0.76599 1.841123 0.559411 1.837672 0.770334 1.843584 0.561361 1.84663 0.769451 1.843584 0.561361 1.837672 0.770334 1.84663 0.769451 1.837672 0.770334 1.846615 0.932748 1.833563 0.935567 1.846615 0.932748 1.837672 0.770334 0.6352963 0.7792825 0.6445223 0.739593 0.5962824 0.6418288 0.6423061 0.7390966 0.5962824 0.6418288 0.6445223 0.739593 1.937108 0.926347 1.940842 0.927529 1.919343 0.715974 1.957734 0.736036 1.919343 0.715974 1.940842 0.927529 1.979168 0.912161 1.992669 0.912704 1.976508 0.753055 1.985685 0.7452604 1.976508 0.753055 1.992669 0.912704 1.962583 0.572929 1.908045 0.553641 1.957734 0.736036 1.919343 0.715974 1.957734 0.736036 1.908045 0.553641 1.846615 0.932748 1.833563 0.935567 1.853962 0.989196 1.838513 0.99231 1.853962 0.989196 1.833563 0.935567 1.841123 0.559411 1.843584 0.561361 1.841233 0.555534 1.847474 0.555252 1.841233 0.555534 1.843584 0.561361 0.07875305 0.2627646 0.04618471 -7.31968e-4 0.04102575 0.2833449 0.04287981 -3.19267e-5 0.04102575 0.2833449 0.04618471 -7.31968e-4 0.101516 0.3001813 0.1254911 0.2493247 0.07979166 0.07175147 0.1223097 0.2485499 0.07979166 0.07175147 0.1254911 0.2493247 0.05049836 0.2762294 0.04943579 0.005566954 0.07775563 0.2648739 0.05179262 0.004701256 0.07775563 0.2648739 0.04943579 0.005566954 1.041064 0.494158 1.096457 0.489471 1.04663 0.272625 1.088936 0.268451 1.04663 0.272625 1.096457 0.489471 1.01915 0.2855216 1.001766 0.2824363 1.018462 0.4992846 1.002905 0.50179 1.018462 0.4992846 1.001766 0.2824363 1.119126 0.494409 1.132544 0.494633 1.11963 0.273741 1.127791 0.2635393 1.11963 0.273741 1.132544 0.494633 1.207291 0.003957986 1.148361 0.002904951 1.202493 0.231724 1.164461 0.21902 1.202493 0.231724 1.148361 0.002904951 0.06700092 0.01338142 0.07142287 0.01343166 0.07979166 0.07175147 0.07201111 0.01080977 0.07979166 0.07175147 0.07142287 0.01343166 0.05049836 0.2762294 0.03940838 0.2789841 0.04943579 0.005566954 0.04544621 0.005429327 0.04943579 0.005566954 0.03940838 0.2789841 1.01839 0.501754 1.002905 0.50179 1.023302 0.55713 1.007847 0.559636 1.023302 0.55713 1.002905 0.50179 1.61109 0.02750545 1.611092 0.002020955 1.594499 0.008037984 1.61109 0.02750545 1.627685 0.008040964 1.611092 0.002020955 1.61109 0.02750545 1.636345 0.022973 1.627685 0.008040964 1.61109 0.02750545 1.594499 0.008037984 1.585836 0.02296894 1.777371 0.528243 1.686008 0.527562 1.778494 0.402414 1.68725 0.401734 1.778494 0.402414 1.686008 0.527562 1.932498 0.541467 1.852601 0.541485 1.932585 0.488739 1.852646 0.488741 1.932585 0.488739 1.852601 0.541485 1.519688 0.384409 1.599373 0.384393 1.519555 0.435656 1.599288 0.43564 1.519555 0.435656 1.599373 0.384393 1.619291 0.832952 1.634408 0.833452 1.585288 0.90508 1.595673 0.916076 1.585288 0.90508 1.634408 0.833452 1.595673 0.916076 1.577666 0.915298 1.585288 0.90508 1.575144 0.909032 1.585288 0.90508 1.577666 0.915298 1.634408 0.833452 1.619291 0.832952 1.611304 0.774566 1.59843 0.779714 1.611304 0.774566 1.619291 0.832952 1.577666 0.915298 1.595673 0.916076 1.580572 0.92253 1.070377 0.976651 1.062826 0.989705 1.020348 0.914295 1.00578 0.918364 1.020348 0.914295 1.062826 0.989705 1.0686 0.99057 1.062826 0.989705 1.070377 0.976651 1.00578 0.918364 1.014321 0.855491 1.020348 0.914295 1.028046 0.857465 1.020348 0.914295 1.014321 0.855491 1.096517 0.701563 1.096484 0.693848 1.136707 0.701503 1.136675 0.693683 1.136707 0.701503 1.096484 0.693848 1.031811 0.701549 1.031792 0.694055 1.096517 0.701563 1.096484 0.693848 1.096517 0.701563 1.031792 0.694055 1.868318 0.03378999 1.868344 0.02629697 1.932204 0.03387397 1.932278 0.02638 1.932204 0.03387397 1.868344 0.02629697 1.508739 0.384395 1.519688 0.384409 1.508671 0.435542 1.519555 0.435656 1.508671 0.435542 1.519688 0.384409 1.686008 0.527562 1.680169 0.527512 1.680476 0.483014 1.686008 0.527562 1.680476 0.483014 1.68725 0.401734 1.680476 0.483014 1.673542 0.474447 1.68725 0.401734 1.673542 0.474447 1.67052 0.43724 1.68725 0.401734 1.67052 0.43724 1.670827 0.401945 1.68725 0.401734 1.989909 0.541481 1.932498 0.541467 1.989927 0.488439 1.932585 0.488739 1.989927 0.488439 1.932498 0.541467 1.778494 0.402414 1.84175 0.402774 1.777371 0.528243 1.840834 0.52838 1.777371 0.528243 1.84175 0.402774 1.599373 0.384393 1.656475 0.38441 1.599288 0.43564 1.65646 0.435563 1.599288 0.43564 1.656475 0.38441 1.136707 0.701503 1.136675 0.693683 1.143131 0.701498 1.143126 0.693642 1.143131 0.701498 1.136675 0.693683 1.607927 0.268786 1.609801 0.274959 1.579905 0.277295 1.589978 0.309926 1.579905 0.277295 1.609801 0.274959 1.579905 0.277295 1.589978 0.309926 1.551011 0.344793 1.534682 0.291005 1.579905 0.277295 1.551011 0.344793 1.589978 0.309926 1.608983 0.371765 1.551011 0.344793 1.812149 0.03385895 1.812139 0.02601099 1.868318 0.03378999 1.868344 0.02629697 1.868318 0.03378999 1.812139 0.02601099 1.043445 0.677741 1.00578 0.634421 1.0508 0.669839 1.014272 0.627167 1.0508 0.669839 1.00578 0.634421 1.0508 0.669839 1.114661 0.671576 1.043445 0.677741 1.123252 0.681412 1.043445 0.677741 1.114661 0.671576 1.278066 0.445055 1.366634 0.445052 1.278068 0.49529 1.366636 0.495288 1.278068 0.49529 1.366634 0.445052 1.366634 0.445052 1.278066 0.445055 1.366631 0.369057 1.278062 0.369058 1.366631 0.369057 1.278066 0.445055 1.278066 0.445055 1.278068 0.49529 1.259234 0.445057 1.278066 0.445055 1.259234 0.445057 1.278062 0.369058 1.259236 0.476459 1.259234 0.445057 1.278068 0.49529 1.259231 0.387892 1.278062 0.369058 1.259234 0.445057 1.366634 0.445052 1.366631 0.369057 1.385467 0.445052 1.366634 0.445052 1.385467 0.445052 1.366636 0.495288 1.385464 0.387887 1.385467 0.445052 1.366631 0.369057 1.385467 0.476455 1.366636 0.495288 1.385467 0.445052 1.261825 0.504651 1.2581 0.515669 1.224398 0.50289 1.224152 0.508124 1.224398 0.50289 1.2581 0.515669 1.218232 0.635785 1.222037 0.552903 1.250036 0.643101 1.254379 0.548428 1.250036 0.643101 1.222037 0.552903 1.89066 0.471538 1.890778 0.476779 1.85561 0.47074 1.855491 0.475977 1.85561 0.47074 1.890778 0.476779 1.384146 0.933549 1.358667 0.934014 1.383564 0.900668 1.3581 0.901088 1.383564 0.900668 1.358667 0.934014 1.85561 0.47074 1.85644 0.434175 1.89066 0.471538 1.868039 0.434431 1.89066 0.471538 1.85644 0.434175 1.947041 0.076213 1.988023 0.07653898 1.946763 0.112805 1.987745 0.113102 1.946763 0.112805 1.988023 0.07653898 1.223159 0.512179 1.2581 0.515669 1.221423 0.548718 1.254379 0.548428 1.221423 0.548718 1.2581 0.515669 1.407522 0.583546 1.399964 0.58671 1.381472 0.557803 1.378381 0.565401 1.381472 0.557803 1.399964 0.58671 1.399964 0.58671 1.407522 0.583546 1.400592 0.663438 1.408137 0.653791 1.400592 0.663438 1.407522 0.583546 1.381472 0.557803 1.378381 0.565401 1.29847 0.558449 1.301679 0.565999 1.29847 0.558449 1.378381 0.565401 1.301679 0.565999 1.280432 0.587644 1.29847 0.558449 1.272826 0.584598 1.29847 0.558449 1.280432 0.587644 1.280432 0.587644 1.281001 0.664372 1.272826 0.584598 1.273306 0.654844 1.272826 0.584598 1.281001 0.664372 1.695609 0.598287 1.787509 0.597639 1.697311 0.602363 1.785866 0.601736 1.697311 0.602363 1.787509 0.597639 1.695609 0.598287 1.697311 0.602363 1.674491 0.619546 1.6786 0.621317 1.674491 0.619546 1.697311 0.602363 1.785866 0.601736 1.787509 0.597639 1.804844 0.620423 1.808928 0.618593 1.804844 0.620423 1.787509 0.597639 1.674491 0.619546 1.6786 0.621317 1.674936 0.678526 1.678894 0.678512 1.674936 0.678526 1.6786 0.621317 1.804844 0.620423 1.808928 0.618593 1.805358 0.677616 1.809315 0.677575 1.805358 0.677616 1.808928 0.618593 1.805358 0.677616 1.809315 0.677575 1.805487 0.709101 1.678894 0.678512 1.679214 0.709996 1.674936 0.678526 1.661849 0.675444 1.674936 0.678526 1.663062 0.716536 1.679214 0.709996 1.663062 0.716536 1.674936 0.678526 1.278063 0.361271 1.366631 0.361271 1.278062 0.369058 1.366631 0.369057 1.278062 0.369058 1.366631 0.361271 1.25373 0.481965 1.259236 0.476459 1.272563 0.500795 1.278068 0.49529 1.272563 0.500795 1.259236 0.476459 1.251449 0.445057 1.259234 0.445057 1.251451 0.476459 1.259236 0.476459 1.251451 0.476459 1.259234 0.445057 1.251449 0.445057 1.251445 0.387892 1.259234 0.445057 1.259231 0.387892 1.259234 0.445057 1.251445 0.387892 1.272556 0.363553 1.278062 0.369058 1.253726 0.382386 1.259231 0.387892 1.253726 0.382386 1.278062 0.369058 1.809833 0.131824 1.810224 0.176321 1.795205 0.127434 1.824252 0.176204 1.837995 0.254296 1.810224 0.176321 1.795205 0.127434 1.837995 0.254296 1.796875 0.254688 1.837736 0.2288179 1.837995 0.254296 1.824679 0.228946 1.795205 0.127434 1.796875 0.254688 1.756926 0.125626 1.758154 0.255044 1.756926 0.125626 1.796875 0.254688 1.656382 0.126528 1.756926 0.125626 1.657487 0.255951 1.758154 0.255044 1.657487 0.255951 1.756926 0.125626 1.792925 0.744276 1.692276 0.744979 1.786761 0.728053 1.698207 0.728678 1.786761 0.728053 1.692276 0.744979 1.792847 0.117259 1.795205 0.127434 1.759905 0.115618 1.756926 0.125626 1.759905 0.115618 1.795205 0.127434 1.810392 0.120818 1.809833 0.131824 1.799167 0.117769 1.795205 0.127434 1.799167 0.117769 1.809833 0.131824 1.698207 0.728678 1.691201 0.744554 1.679214 0.709996 1.663515 0.717503 1.679214 0.709996 1.691201 0.744554 1.246072 0.254174 1.263029 0.2545 1.245665 0.275813 1.262844 0.270703 1.245665 0.275813 1.263029 0.2545 1.85644 0.434175 1.858209 0.351267 1.868039 0.434431 1.86981 0.351441 1.868039 0.434431 1.858209 0.351267 1.775495 0.378042 1.776141 0.276332 1.818031 0.353648 1.818522 0.276325 1.818031 0.353648 1.776141 0.276332 1.818031 0.353648 1.818522 0.276325 1.834554 0.352982 1.834297 0.276321 1.834554 0.352982 1.818522 0.276325 1.400592 0.663438 1.416306 0.67098 1.379167 0.684761 1.385759 0.700839 1.379167 0.684761 1.416306 0.67098 1.408137 0.653791 1.418464 0.655448 1.400592 0.663438 1.416306 0.67098 1.400592 0.663438 1.418464 0.655448 1.834297 0.276321 1.841857 0.268786 1.834554 0.352982 1.842176 0.361016 1.834554 0.352982 1.841857 0.268786 1.826445 0.364115 1.834554 0.352982 1.834239 0.364049 1.826445 0.364115 1.821206 0.36418 1.834554 0.352982 1.780188 0.387209 1.775495 0.378042 1.817271 0.364579 1.818031 0.353648 1.817271 0.364579 1.775495 0.378042 1.773273 0.388146 1.690303 0.388166 1.775495 0.378042 1.688075 0.378064 1.775495 0.378042 1.690303 0.388166 1.263029 0.2545 1.297716 0.254881 1.262844 0.270703 1.331459 0.271486 1.262844 0.270703 1.297716 0.254881 1.297716 0.254881 1.299012 0.15193 1.331459 0.271486 1.332952 0.152355 1.331459 0.271486 1.299012 0.15193 1.687366 0.276355 1.776141 0.276332 1.688075 0.378064 1.775495 0.378042 1.688075 0.378064 1.776141 0.276332 1.278068 0.49529 1.366636 0.495288 1.278068 0.503074 1.366636 0.503074 1.278068 0.503074 1.366636 0.495288 1.756926 0.125626 1.656382 0.126528 1.753987 0.115607 1.659143 0.116451 1.753987 0.115607 1.656382 0.126528 1.379652 0.893129 1.379467 0.81341 1.383564 0.900668 1.383367 0.805863 1.383564 0.900668 1.379467 0.81341 1.379652 0.893129 1.383564 0.900668 1.357983 0.893498 1.3581 0.901088 1.357983 0.893498 1.383564 0.900668 1.383367 0.805863 1.379467 0.81341 1.234218 0.803348 1.241675 0.811058 1.234218 0.803348 1.379467 0.81341 1.241675 0.811058 1.241004 0.85053 1.234218 0.803348 1.233426 0.850427 1.234218 0.803348 1.241004 0.85053 1.262844 0.270703 1.331459 0.271486 1.257121 0.287664 1.336802 0.288548 1.257121 0.287664 1.331459 0.271486 1.385759 0.700839 1.296418 0.701536 1.379167 0.684761 1.302757 0.685357 1.379167 0.684761 1.296418 0.701536 1.216836 0.68118 1.251202 0.675939 1.215351 0.764137 1.264018 0.713978 1.234761 0.770438 1.251202 0.675939 1.234761 0.770438 1.264018 0.713978 1.383938 0.772975 1.384906 0.716333 1.383938 0.772975 1.264018 0.713978 1.251202 0.675939 1.234761 0.770438 1.215351 0.764137 1.859096 0.231797 1.98694 0.232636 1.89434 0.301905 1.986475 0.302739 1.89434 0.301905 1.98694 0.232636 1.859096 0.231797 1.89434 0.301905 1.858524 0.314742 1.89358 0.315016 1.858524 0.314742 1.89434 0.301905 1.383367 0.805863 1.234218 0.803348 1.383938 0.772975 1.234761 0.770438 1.383938 0.772975 1.234218 0.803348 1.86981 0.351441 1.858209 0.351267 1.89358 0.315016 1.858524 0.314742 1.89358 0.315016 1.858209 0.351267 1.213873 0.804847 1.214474 0.768272 1.234218 0.803348 1.234761 0.770438 1.234218 0.803348 1.214474 0.768272 1.859096 0.231797 1.859331 0.195224 1.98694 0.232636 1.987177 0.1960549 1.98694 0.232636 1.859331 0.195224 1.250036 0.643101 1.251202 0.675939 1.217202 0.640203 1.216092 0.676767 1.217202 0.640203 1.251202 0.675939 1.366636 0.495288 1.385467 0.476455 1.372142 0.500792 1.390973 0.48196 1.372142 0.500792 1.385467 0.476455 1.385467 0.476455 1.385467 0.445052 1.393254 0.476454 1.393253 0.445052 1.393254 0.476454 1.385467 0.445052 1.385467 0.445052 1.385464 0.387887 1.393253 0.445052 1.39325 0.387886 1.393253 0.445052 1.385464 0.387887 1.385464 0.387887 1.366631 0.369057 1.39097 0.382381 1.372136 0.363551 1.39097 0.382381 1.366631 0.369057 1.618141 0.129027 1.61877 0.25629 1.577009 0.1460739 1.577655 0.256647 1.577009 0.1460739 1.61877 0.25629 1.618141 0.129027 1.656382 0.126528 1.61877 0.25629 1.657487 0.255951 1.61877 0.25629 1.656382 0.126528 1.656382 0.126528 1.618141 0.129027 1.653223 0.116574 1.620317 0.118811 1.653223 0.116574 1.618141 0.129027 1.618141 0.129027 1.577009 0.1460739 1.613838 0.119513 1.576051 0.133275 1.613838 0.119513 1.577009 0.1460739 1.569364 0.135766 1.577009 0.1460739 1.570063 0.25669 1.577655 0.256647 1.570063 0.25669 1.577009 0.1460739 1.821291 0.716385 1.793996 0.74383 1.805487 0.709101 1.786761 0.728053 1.805487 0.709101 1.793996 0.74383 1.331459 0.271486 1.332952 0.152355 1.348459 0.277052 1.349526 0.139284 1.348459 0.277052 1.332952 0.152355 1.645523 0.353702 1.644978 0.276379 1.688075 0.378064 1.687366 0.276355 1.688075 0.378064 1.644978 0.276379 1.645523 0.353702 1.629001 0.353048 1.644978 0.276379 1.629199 0.276387 1.644978 0.276379 1.629001 0.353048 1.296418 0.701536 1.265407 0.67216 1.302757 0.685357 1.281001 0.664372 1.302757 0.685357 1.265407 0.67216 1.265407 0.67216 1.263006 0.656662 1.281001 0.664372 1.273306 0.654844 1.281001 0.664372 1.263006 0.656662 1.621631 0.268858 1.629199 0.276387 1.621387 0.36099 1.629001 0.353048 1.621387 0.36099 1.629199 0.276387 1.629001 0.353048 1.645523 0.353702 1.62925 0.36404 1.64236 0.364234 1.62925 0.36404 1.645523 0.353702 1.645523 0.353702 1.688075 0.378064 1.64629 0.364633 1.683391 0.387234 1.64629 0.364633 1.688075 0.378064 1.809315 0.677575 1.822353 0.674304 1.805487 0.709101 1.82173 0.71541 1.805487 0.709101 1.822353 0.674304 1.947041 0.076213 1.947565 0.01304298 1.988023 0.07653898 1.988608 0.006459951 1.988023 0.07653898 1.947565 0.01304298 1.947565 0.01304298 1.896418 0.01253497 1.988608 0.006459951 1.896382 0.005779981 1.988608 0.006459951 1.896418 0.01253497 0.4373455 0.6425869 0.5657848 0.6431764 0.43997 0.7191045 0.5631993 0.7208834 0.43997 0.7191045 0.5657848 0.6431764 0.43997 0.7191045 0.5631993 0.7208834 0.4620225 0.742286 0.5395589 0.7427243 0.4620225 0.742286 0.5631993 0.7208834 0.5657848 0.6431764 0.4373455 0.6425869 0.5440968 0.6199995 0.4599642 0.620371 0.5440968 0.6199995 0.4373455 0.6425869 1.694101 0.593152 1.788945 0.592485 1.695609 0.598287 1.787509 0.597639 1.695609 0.598287 1.788945 0.592485 1.695609 0.598287 1.674491 0.619546 1.693 0.593612 1.66983 0.616987 1.693 0.593612 1.674491 0.619546 1.674491 0.619546 1.674936 0.678526 1.669405 0.618 1.670104 0.674247 1.669405 0.618 1.674936 0.678526 1.674936 0.678526 1.662829 0.674739 1.670104 0.674247 1.790052 0.592927 1.813552 0.615969 1.787509 0.597639 1.808928 0.618593 1.787509 0.597639 1.813552 0.615969 1.813992 0.616975 1.814085 0.673226 1.808928 0.618593 1.809315 0.677575 1.808928 0.618593 1.814085 0.673226 1.814085 0.673226 1.821366 0.673615 1.809315 0.677575 1.358667 0.934014 1.384146 0.933549 1.359745 0.990736 1.385222 0.990186 1.359745 0.990736 1.384146 0.933549 1.946763 0.112805 1.987745 0.113102 1.946469 0.154657 1.987177 0.1960549 1.946469 0.154657 1.987745 0.113102 1.946469 0.154657 1.987177 0.1960549 1.859599 0.154098 1.859331 0.195224 1.859599 0.154098 1.987177 0.1960549 1.213912 0.850079 1.214603 0.808959 1.233426 0.850427 1.234218 0.803348 1.233426 0.850427 1.214603 0.808959 1.299012 0.15193 1.299248 0.132948 1.332952 0.152355 1.338724 0.133451 1.332952 0.152355 1.299248 0.132948 1.220814 0.259774 1.226042 0.259816 1.219653 0.362701 1.223944 0.362749 1.219653 0.362701 1.226042 0.259816 1.220814 0.259774 1.220848 0.246612 1.226042 0.259816 1.239726 0.246643 1.226042 0.259816 1.220848 0.246612 1.239726 0.246643 1.220848 0.246612 1.239735 0.239056 1.220857 0.239038 1.239735 0.239056 1.220848 0.246612 1.239735 0.239056 1.220857 0.239038 1.243092 0.219824 1.22087 0.219813 1.243092 0.219824 1.220857 0.239038 1.243092 0.219824 1.22087 0.219813 1.243125 0.132956 1.220902 0.132948 1.243125 0.132956 1.22087 0.219813 1.785977 0.616264 1.785933 0.620555 1.751307 0.615903 1.751241 0.620195 1.751307 0.615903 1.785933 0.620555 1.751241 0.620195 1.736254 0.622025 1.751307 0.615903 1.736254 0.622025 1.751241 0.620195 1.737816 0.634514 1.736254 0.622025 1.737816 0.634514 1.706543 0.649076 1.714041 0.657281 1.706543 0.649076 1.737816 0.634514 1.706543 0.649076 1.714041 0.657281 1.705202 0.713763 1.712699 0.713992 1.705202 0.713763 1.714041 0.657281 1.745396 0.634674 1.737816 0.634514 1.751241 0.620195 1.736378 0.615607 1.751307 0.615903 1.736254 0.622025 1.345485 0.967404 1.345563 0.989627 1.303643 0.967548 1.345563 0.989627 1.208093 0.990105 1.303643 0.967548 1.208093 0.990105 1.208253 0.933006 1.303643 0.967548 1.208253 0.933006 1.277686 0.941771 1.303643 0.967548 1.277686 0.941771 1.208253 0.933006 1.277459 0.878612 1.26651 0.878641 1.277459 0.878612 1.208253 0.933006 1.824679 0.228946 1.837995 0.254296 1.824252 0.176204 1.810224 0.176321 1.837995 0.254296 1.795205 0.127434 1.845585 0.254192 1.837995 0.254296 1.845234 0.228712 1.837736 0.2288179 1.845234 0.228712 1.837995 0.254296 1.818031 0.353648 1.834554 0.352982 1.821206 0.36418 1.68725 0.401734 1.686008 0.527562 1.778494 0.402414 1.777371 0.528243 1.778494 0.402414 1.686008 0.527562 1.852646 0.488741 1.852601 0.541485 1.932585 0.488739 1.932498 0.541467 1.932585 0.488739 1.852601 0.541485 1.599288 0.43564 1.599373 0.384393 1.519555 0.435656 1.519688 0.384409 1.519555 0.435656 1.599373 0.384393 1.595673 0.916076 1.634408 0.833452 1.585288 0.90508 1.619291 0.832952 1.585288 0.90508 1.634408 0.833452 1.595673 0.916076 1.585288 0.90508 1.577666 0.915298 1.575144 0.909032 1.577666 0.915298 1.585288 0.90508 1.634408 0.833452 1.611304 0.774566 1.619291 0.832952 1.59843 0.779714 1.619291 0.832952 1.611304 0.774566 1.595673 0.916076 1.577666 0.915298 1.580572 0.92253 1.00578 0.918364 1.062826 0.989705 1.020348 0.914295 1.070377 0.976651 1.020348 0.914295 1.062826 0.989705 1.062826 0.989705 1.0686 0.99057 1.070377 0.976651 1.00578 0.918364 1.020348 0.914295 1.014321 0.855491 1.028046 0.857465 1.014321 0.855491 1.020348 0.914295 1.136675 0.693683 1.096484 0.693848 1.136707 0.701503 1.096517 0.701563 1.136707 0.701503 1.096484 0.693848 1.096484 0.693848 1.031792 0.694055 1.096517 0.701563 1.031811 0.701549 1.096517 0.701563 1.031792 0.694055 1.932278 0.02638 1.868344 0.02629697 1.932204 0.03387397 1.868318 0.03378999 1.932204 0.03387397 1.868344 0.02629697 1.519555 0.435656 1.519688 0.384409 1.508671 0.435542 1.508739 0.384395 1.508671 0.435542 1.519688 0.384409 1.680169 0.527512 1.686008 0.527562 1.680476 0.483014 1.680476 0.483014 1.686008 0.527562 1.68725 0.401734 1.673542 0.474447 1.680476 0.483014 1.68725 0.401734 1.673697 0.456498 1.673542 0.474447 1.68725 0.401734 1.67052 0.43724 1.673697 0.456498 1.68725 0.401734 1.670827 0.401945 1.67052 0.43724 1.68725 0.401734 1.932585 0.488739 1.932498 0.541467 1.989927 0.488439 1.989909 0.541481 1.989927 0.488439 1.932498 0.541467 1.840834 0.52838 1.84175 0.402774 1.777371 0.528243 1.778494 0.402414 1.777371 0.528243 1.84175 0.402774 1.65646 0.435563 1.656475 0.38441 1.599288 0.43564 1.599373 0.384393 1.599288 0.43564 1.656475 0.38441 1.143126 0.693642 1.136675 0.693683 1.143131 0.701498 1.136707 0.701503 1.143131 0.701498 1.136675 0.693683 1.589978 0.309926 1.609801 0.274959 1.579905 0.277295 1.607927 0.268786 1.579905 0.277295 1.609801 0.274959 1.589978 0.309926 1.579905 0.277295 1.551011 0.344793 1.608983 0.371765 1.589978 0.309926 1.551011 0.344793 1.579905 0.277295 1.534682 0.291005 1.551011 0.344793 1.868344 0.02629697 1.812139 0.02601099 1.868318 0.03378999 1.812149 0.03385895 1.868318 0.03378999 1.812139 0.02601099 1.014272 0.627167 1.00578 0.634421 1.0508 0.669839 1.043445 0.677741 1.0508 0.669839 1.00578 0.634421 1.0508 0.669839 1.043445 0.677741 1.114661 0.671576 1.123252 0.681412 1.114661 0.671576 1.043445 0.677741 1.366636 0.495288 1.366634 0.445052 1.278068 0.49529 1.278066 0.445055 1.278068 0.49529 1.366634 0.445052 1.366634 0.445052 1.366631 0.369057 1.278066 0.445055 1.278062 0.369058 1.278066 0.445055 1.366631 0.369057 1.278066 0.445055 1.259234 0.445057 1.278068 0.49529 1.278066 0.445055 1.278062 0.369058 1.259234 0.445057 1.259236 0.476459 1.278068 0.49529 1.259234 0.445057 1.259231 0.387892 1.259234 0.445057 1.278062 0.369058 1.366634 0.445052 1.385467 0.445052 1.366631 0.369057 1.366634 0.445052 1.366636 0.495288 1.385467 0.445052 1.385464 0.387887 1.366631 0.369057 1.385467 0.445052 1.385467 0.476455 1.385467 0.445052 1.366636 0.495288 1.224152 0.508124 1.2581 0.515669 1.224398 0.50289 1.261825 0.504651 1.243895 0.503802 1.2581 0.515669 1.2581 0.515669 1.243895 0.503802 1.224398 0.50289 1.218232 0.635785 1.250036 0.643101 1.222037 0.552903 1.254379 0.548428 1.222037 0.552903 1.250036 0.643101 1.855491 0.475977 1.890778 0.476779 1.85561 0.47074 1.89066 0.471538 1.85561 0.47074 1.890778 0.476779 1.3581 0.901088 1.358667 0.934014 1.383564 0.900668 1.384146 0.933549 1.383564 0.900668 1.358667 0.934014 1.868039 0.434431 1.85644 0.434175 1.89066 0.471538 1.85561 0.47074 1.89066 0.471538 1.85644 0.434175 1.987745 0.113102 1.988023 0.07653898 1.946763 0.112805 1.947041 0.076213 1.946763 0.112805 1.988023 0.07653898 1.254379 0.548428 1.2581 0.515669 1.221423 0.548718 1.223159 0.512179 1.221423 0.548718 1.2581 0.515669 1.378381 0.565401 1.399964 0.58671 1.381472 0.557803 1.407522 0.583546 1.381472 0.557803 1.399964 0.58671 1.399964 0.58671 1.400592 0.663438 1.407522 0.583546 1.408137 0.653791 1.407522 0.583546 1.400592 0.663438 1.381472 0.557803 1.29847 0.558449 1.378381 0.565401 1.301679 0.565999 1.378381 0.565401 1.29847 0.558449 1.301679 0.565999 1.29847 0.558449 1.280432 0.587644 1.272826 0.584598 1.280432 0.587644 1.29847 0.558449 1.280432 0.587644 1.272826 0.584598 1.281001 0.664372 1.273306 0.654844 1.281001 0.664372 1.272826 0.584598 1.785866 0.601736 1.787509 0.597639 1.697311 0.602363 1.695609 0.598287 1.697311 0.602363 1.787509 0.597639 1.695609 0.598287 1.674491 0.619546 1.697311 0.602363 1.6786 0.621317 1.697311 0.602363 1.674491 0.619546 1.785866 0.601736 1.804844 0.620423 1.787509 0.597639 1.808928 0.618593 1.787509 0.597639 1.804844 0.620423 1.674491 0.619546 1.674936 0.678526 1.6786 0.621317 1.678894 0.678512 1.6786 0.621317 1.674936 0.678526 1.804844 0.620423 1.805358 0.677616 1.808928 0.618593 1.809315 0.677575 1.808928 0.618593 1.805358 0.677616 1.809315 0.677575 1.805358 0.677616 1.805487 0.709101 1.679214 0.709996 1.678894 0.678512 1.674936 0.678526 1.662664 0.702441 1.663062 0.716536 1.661849 0.675444 1.661849 0.675444 1.663062 0.716536 1.674936 0.678526 1.674936 0.678526 1.663062 0.716536 1.679214 0.709996 1.366631 0.369057 1.366631 0.361271 1.278062 0.369058 1.278063 0.361271 1.278062 0.369058 1.366631 0.361271 1.278068 0.49529 1.259236 0.476459 1.272563 0.500795 1.25373 0.481965 1.272563 0.500795 1.259236 0.476459 1.259236 0.476459 1.259234 0.445057 1.251451 0.476459 1.251449 0.445057 1.251451 0.476459 1.259234 0.445057 1.251449 0.445057 1.259234 0.445057 1.251445 0.387892 1.259231 0.387892 1.251445 0.387892 1.259234 0.445057 1.259231 0.387892 1.278062 0.369058 1.253726 0.382386 1.272556 0.363553 1.253726 0.382386 1.278062 0.369058 1.810224 0.176321 1.809833 0.131824 1.795205 0.127434 1.810224 0.176321 1.795205 0.127434 1.810983 0.254555 1.810224 0.176321 1.810983 0.254555 1.824252 0.176204 1.824679 0.228946 1.824252 0.176204 1.810983 0.254555 1.824679 0.228946 1.810983 0.254555 1.837736 0.2288179 1.837995 0.254296 1.837736 0.2288179 1.810983 0.254555 1.796875 0.254688 1.810983 0.254555 1.795205 0.127434 1.758154 0.255044 1.796875 0.254688 1.756926 0.125626 1.795205 0.127434 1.756926 0.125626 1.796875 0.254688 1.758154 0.255044 1.756926 0.125626 1.657487 0.255951 1.656382 0.126528 1.657487 0.255951 1.756926 0.125626 1.792925 0.744276 1.786761 0.728053 1.692276 0.744979 1.698207 0.728678 1.692276 0.744979 1.786761 0.728053 1.756926 0.125626 1.795205 0.127434 1.759905 0.115618 1.792847 0.117259 1.759905 0.115618 1.795205 0.127434 1.795205 0.127434 1.809833 0.131824 1.799167 0.117769 1.810392 0.120818 1.799167 0.117769 1.809833 0.131824 1.663515 0.717503 1.691201 0.744554 1.679214 0.709996 1.698207 0.728678 1.679214 0.709996 1.691201 0.744554 1.262844 0.270703 1.263029 0.2545 1.245665 0.275813 1.246072 0.254174 1.245665 0.275813 1.263029 0.2545 1.86981 0.351441 1.858209 0.351267 1.868039 0.434431 1.85644 0.434175 1.868039 0.434431 1.858209 0.351267 1.818522 0.276325 1.776141 0.276332 1.818031 0.353648 1.775495 0.378042 1.818031 0.353648 1.776141 0.276332 1.834297 0.276321 1.818522 0.276325 1.834554 0.352982 1.818031 0.353648 1.834554 0.352982 1.818522 0.276325 1.385759 0.700839 1.416306 0.67098 1.379167 0.684761 1.400592 0.663438 1.379167 0.684761 1.416306 0.67098 1.416306 0.67098 1.418464 0.655448 1.400592 0.663438 1.408137 0.653791 1.400592 0.663438 1.418464 0.655448 1.842176 0.361016 1.841857 0.268786 1.834554 0.352982 1.834297 0.276321 1.834554 0.352982 1.841857 0.268786 1.834554 0.352982 1.826445 0.364115 1.834239 0.364049 1.826445 0.364115 1.834554 0.352982 1.821206 0.36418 1.818031 0.353648 1.775495 0.378042 1.817271 0.364579 1.780188 0.387209 1.817271 0.364579 1.775495 0.378042 1.688075 0.378064 1.690303 0.388166 1.775495 0.378042 1.773273 0.388146 1.775495 0.378042 1.690303 0.388166 1.331459 0.271486 1.297716 0.254881 1.262844 0.270703 1.263029 0.2545 1.262844 0.270703 1.297716 0.254881 1.297716 0.254881 1.331459 0.271486 1.299012 0.15193 1.332952 0.152355 1.299012 0.15193 1.331459 0.271486 1.775495 0.378042 1.776141 0.276332 1.688075 0.378064 1.687366 0.276355 1.688075 0.378064 1.776141 0.276332 1.366636 0.503074 1.366636 0.495288 1.278068 0.503074 1.278068 0.49529 1.278068 0.503074 1.366636 0.495288 1.659143 0.116451 1.656382 0.126528 1.753987 0.115607 1.756926 0.125626 1.753987 0.115607 1.656382 0.126528 1.383367 0.805863 1.379467 0.81341 1.383564 0.900668 1.379652 0.893129 1.383564 0.900668 1.379467 0.81341 1.379652 0.893129 1.357983 0.893498 1.383564 0.900668 1.3581 0.901088 1.383564 0.900668 1.357983 0.893498 1.383367 0.805863 1.234218 0.803348 1.379467 0.81341 1.241675 0.811058 1.379467 0.81341 1.234218 0.803348 1.241675 0.811058 1.234218 0.803348 1.241004 0.85053 1.233426 0.850427 1.241004 0.85053 1.234218 0.803348 1.336802 0.288548 1.331459 0.271486 1.257121 0.287664 1.262844 0.270703 1.257121 0.287664 1.331459 0.271486 1.302757 0.685357 1.296418 0.701536 1.379167 0.684761 1.385759 0.700839 1.379167 0.684761 1.296418 0.701536 1.264018 0.713978 1.251202 0.675939 1.234761 0.770438 1.234761 0.770438 1.383938 0.772975 1.264018 0.713978 1.384906 0.716333 1.264018 0.713978 1.383938 0.772975 1.234761 0.770438 1.251202 0.675939 1.215351 0.764137 1.251202 0.675939 1.216836 0.68118 1.215351 0.764137 1.986475 0.302739 1.98694 0.232636 1.89434 0.301905 1.859096 0.231797 1.89434 0.301905 1.98694 0.232636 1.859096 0.231797 1.858524 0.314742 1.89434 0.301905 1.89358 0.315016 1.89434 0.301905 1.858524 0.314742 1.234761 0.770438 1.234218 0.803348 1.383938 0.772975 1.383367 0.805863 1.383938 0.772975 1.234218 0.803348 1.858524 0.314742 1.858209 0.351267 1.89358 0.315016 1.86981 0.351441 1.89358 0.315016 1.858209 0.351267 1.234761 0.770438 1.214474 0.768272 1.234218 0.803348 1.213873 0.804847 1.234218 0.803348 1.214474 0.768272 1.987177 0.1960549 1.859331 0.195224 1.98694 0.232636 1.859096 0.231797 1.98694 0.232636 1.859331 0.195224 1.216092 0.676767 1.251202 0.675939 1.217202 0.640203 1.250036 0.643101 1.217202 0.640203 1.251202 0.675939 1.390973 0.48196 1.385467 0.476455 1.372142 0.500792 1.366636 0.495288 1.372142 0.500792 1.385467 0.476455 1.393253 0.445052 1.385467 0.445052 1.393254 0.476454 1.385467 0.476455 1.393254 0.476454 1.385467 0.445052 1.385467 0.445052 1.393253 0.445052 1.385464 0.387887 1.39325 0.387886 1.385464 0.387887 1.393253 0.445052 1.372136 0.363551 1.366631 0.369057 1.39097 0.382381 1.385464 0.387887 1.39097 0.382381 1.366631 0.369057 1.577655 0.256647 1.61877 0.25629 1.577009 0.1460739 1.618141 0.129027 1.577009 0.1460739 1.61877 0.25629 1.657487 0.255951 1.656382 0.126528 1.61877 0.25629 1.618141 0.129027 1.61877 0.25629 1.656382 0.126528 1.620317 0.118811 1.618141 0.129027 1.653223 0.116574 1.656382 0.126528 1.653223 0.116574 1.618141 0.129027 1.576051 0.133275 1.577009 0.1460739 1.613838 0.119513 1.618141 0.129027 1.613838 0.119513 1.577009 0.1460739 1.577655 0.256647 1.577009 0.1460739 1.570063 0.25669 1.569364 0.135766 1.570063 0.25669 1.577009 0.1460739 1.786761 0.728053 1.793996 0.74383 1.805487 0.709101 1.821291 0.716385 1.805487 0.709101 1.793996 0.74383 1.349526 0.139284 1.332952 0.152355 1.348459 0.277052 1.331459 0.271486 1.348459 0.277052 1.332952 0.152355 1.687366 0.276355 1.644978 0.276379 1.688075 0.378064 1.645523 0.353702 1.688075 0.378064 1.644978 0.276379 1.629199 0.276387 1.629001 0.353048 1.644978 0.276379 1.645523 0.353702 1.644978 0.276379 1.629001 0.353048 1.281001 0.664372 1.265407 0.67216 1.302757 0.685357 1.296418 0.701536 1.302757 0.685357 1.265407 0.67216 1.273306 0.654844 1.263006 0.656662 1.281001 0.664372 1.265407 0.67216 1.281001 0.664372 1.263006 0.656662 1.629001 0.353048 1.629199 0.276387 1.621387 0.36099 1.621631 0.268858 1.621387 0.36099 1.629199 0.276387 1.64236 0.364234 1.645523 0.353702 1.62925 0.36404 1.629001 0.353048 1.62925 0.36404 1.645523 0.353702 1.683391 0.387234 1.688075 0.378064 1.64629 0.364633 1.645523 0.353702 1.64629 0.364633 1.688075 0.378064 1.82173 0.71541 1.822353 0.674304 1.805487 0.709101 1.809315 0.677575 1.805487 0.709101 1.822353 0.674304 1.988608 0.006459951 1.947565 0.01304298 1.988023 0.07653898 1.947041 0.076213 1.988023 0.07653898 1.947565 0.01304298 1.947565 0.01304298 1.988608 0.006459951 1.896418 0.01253497 1.896382 0.005779981 1.896418 0.01253497 1.988608 0.006459951 0.5647594 0.7212678 0.5652649 0.6426443 0.4387694 0.7196446 0.4368667 0.643345 0.4387694 0.7196446 0.5652649 0.6426443 0.4387694 0.7196446 0.461767 0.7432498 0.5647594 0.7212678 0.5419889 0.743347 0.5647594 0.7212678 0.461767 0.7432498 0.5652649 0.6426443 0.5415178 0.6206141 0.4368667 0.643345 0.4600777 0.6197864 0.4368667 0.643345 0.5415178 0.6206141 1.787509 0.597639 1.788945 0.592485 1.695609 0.598287 1.694101 0.593152 1.695609 0.598287 1.788945 0.592485 1.66983 0.616987 1.674491 0.619546 1.693 0.593612 1.695609 0.598287 1.693 0.593612 1.674491 0.619546 1.670104 0.674247 1.674936 0.678526 1.669405 0.618 1.674491 0.619546 1.669405 0.618 1.674936 0.678526 1.662829 0.674739 1.674936 0.678526 1.670104 0.674247 1.808928 0.618593 1.813552 0.615969 1.787509 0.597639 1.790052 0.592927 1.787509 0.597639 1.813552 0.615969 1.809315 0.677575 1.814085 0.673226 1.808928 0.618593 1.813992 0.616975 1.808928 0.618593 1.814085 0.673226 1.821366 0.673615 1.814085 0.673226 1.809315 0.677575 1.385222 0.990186 1.384146 0.933549 1.359745 0.990736 1.358667 0.934014 1.359745 0.990736 1.384146 0.933549 1.987177 0.1960549 1.987745 0.113102 1.946469 0.154657 1.946763 0.112805 1.946469 0.154657 1.987745 0.113102 1.946469 0.154657 1.859599 0.154098 1.987177 0.1960549 1.859331 0.195224 1.987177 0.1960549 1.859599 0.154098 1.234218 0.803348 1.214603 0.808959 1.233426 0.850427 1.213912 0.850079 1.233426 0.850427 1.214603 0.808959 1.299012 0.15193 1.332952 0.152355 1.299248 0.132948 1.338724 0.133451 1.299248 0.132948 1.332952 0.152355 1.223944 0.362749 1.226042 0.259816 1.219653 0.362701 1.220814 0.259774 1.219653 0.362701 1.226042 0.259816 1.220814 0.259774 1.226042 0.259816 1.220848 0.246612 1.239726 0.246643 1.220848 0.246612 1.226042 0.259816 1.239726 0.246643 1.239735 0.239056 1.220848 0.246612 1.220857 0.239038 1.220848 0.246612 1.239735 0.239056 1.239735 0.239056 1.243092 0.219824 1.220857 0.239038 1.22087 0.219813 1.220857 0.239038 1.243092 0.219824 1.243092 0.219824 1.243125 0.132956 1.22087 0.219813 1.220902 0.132948 1.22087 0.219813 1.243125 0.132956 1.751241 0.620195 1.785933 0.620555 1.751307 0.615903 1.785977 0.616264 1.751307 0.615903 1.785933 0.620555 1.751241 0.620195 1.751307 0.615903 1.736254 0.622025 1.736254 0.622025 1.737816 0.634514 1.751241 0.620195 1.736254 0.622025 1.706543 0.649076 1.737816 0.634514 1.714041 0.657281 1.737816 0.634514 1.706543 0.649076 1.706543 0.649076 1.705202 0.713763 1.714041 0.657281 1.712699 0.713992 1.714041 0.657281 1.705202 0.713763 1.745396 0.634674 1.751241 0.620195 1.737816 0.634514 1.736378 0.615607 1.736254 0.622025 1.751307 0.615903 1.277686 0.941771 1.208253 0.933006 1.303643 0.967548 1.208253 0.933006 1.208093 0.990105 1.303643 0.967548 1.208093 0.990105 1.345563 0.989627 1.303643 0.967548 1.345563 0.989627 1.345485 0.967404 1.303643 0.967548 1.277686 0.941771 1.277459 0.878612 1.208253 0.933006 1.26651 0.878641 1.208253 0.933006 1.277459 0.878612 1.837736 0.2288179 1.837995 0.254296 1.845234 0.228712 1.845585 0.254192 1.845234 0.228712 1.837995 0.254296 1.818031 0.353648 1.821206 0.36418 1.834554 0.352982 0.815592 0.759217 0.819265 0.793772 0.788166 0.757225 0.785635 0.79093 0.788166 0.757225 0.819265 0.793772 0.02717596 0.807515 0.177619 0.808631 0.03226995 0.841818 0.176652 0.846669 0.03226995 0.841818 0.177619 0.808631 0.10352 0.948862 0.174884 0.951711 0.1015959 0.984618 0.172842 0.988579 0.1015959 0.984618 0.174884 0.951711 0.396572 0.914096 0.395953 0.769091 0.418093 0.913703 0.416644 0.768718 0.418093 0.913703 0.395953 0.769091 0.457806 0.768747 0.457598 0.909353 0.448249 0.768747 0.448249 0.768747 0.457598 0.909353 0.416644 0.768718 0.457598 0.909353 0.418093 0.913703 0.416644 0.768718 0.007988989 0.724027 0.178369 0.73024 0.01265698 0.76241 0.177619 0.808631 0.01265698 0.76241 0.178369 0.73024 0.02717596 0.807515 0.01265698 0.76241 0.177619 0.808631 0.447977 0.2209219 0.451564 0.1687999 0.480469 0.245491 0.4877205 0.165996 0.480469 0.245491 0.451564 0.1687999 0.792412 0.866477 0.785936 0.863242 0.817717 0.841898 0.785936 0.863242 0.785635 0.79093 0.817717 0.841898 0.785635 0.79093 0.819265 0.793772 0.817717 0.841898 0.457598 0.909353 0.53519 0.768065 0.502244 0.934116 0.502244 0.934116 0.53519 0.768065 0.535225 0.933438 0.53519 0.768065 0.457598 0.909353 0.457806 0.768747 0.367363 0.306262 0.36732 0.284688 0.434378 0.30564 0.434338 0.284542 0.434378 0.30564 0.36732 0.284688 0.434378 0.30564 0.4503 0.323918 0.367363 0.306262 0.34881 0.324593 0.367363 0.306262 0.4503 0.323918 0.367363 0.306262 0.34881 0.324593 0.34056 0.306301 0.459749 0.306771 0.4503 0.323918 0.434378 0.30564 0.4503 0.323918 0.459749 0.306771 0.450368 0.347564 0.459859 0.347539 0.450368 0.347564 0.459749 0.306771 0.34056 0.306301 0.34881 0.324593 0.340497 0.347757 0.34877 0.347751 0.340497 0.347757 0.34881 0.324593 0.4877205 0.165996 0.451564 0.1687999 0.485728 0.132948 0.448831 0.135471 0.456408 0.134883 0.451564 0.1687999 0.451564 0.1687999 0.456408 0.134883 0.485728 0.132948 0.4698151 0.5464816 0.3683605 0.5469345 0.469952 0.5215405 0.368506 0.522217 0.469952 0.5215405 0.3683605 0.5469345 0.03945297 0.976897 0.03945297 0.989441 0.014054 0.985273 0.03945297 0.976897 0.014054 0.985273 0.014054 0.976879 0.005779981 0.989489 0.014054 0.985273 0.03945297 0.989441 0.01861399 0.717613 0.007988989 0.724027 0.01833999 0.696532 0.005779981 0.696697 0.01833999 0.696532 0.007988989 0.724027 0.007988989 0.724027 0.01861399 0.717613 0.178369 0.73024 0.183876 0.715231 0.178369 0.73024 0.01861399 0.717613 0.6477006 0.8591326 0.6462004 0.7854902 0.6643766 0.8543736 0.6639665 0.7843874 0.6643766 0.8543736 0.6462004 0.7854902 0.681355 0.874013 0.672803 0.888678 0.664074 0.853912 0.647998 0.860245 0.664074 0.853912 0.672803 0.888678 0.547867 0.928304 0.535225 0.933438 0.547826 0.763006 0.53519 0.768065 0.547826 0.763006 0.535225 0.933438 0.540446 0.938816 0.535225 0.933438 0.547867 0.928304 0.540446 0.938816 0.547867 0.928304 0.569432 0.94302 0.569447 0.928326 0.569432 0.94302 0.547867 0.928304 0.246464 0.02023094 0.248186 0.02860695 0.219653 0.02030795 0.219696 0.03500294 0.219653 0.02030795 0.248186 0.02860695 0.219696 0.03500294 0.248186 0.02860695 0.252662 0.03394198 0.529571 0.151404 0.529382 0.159785 0.488125 0.150483 0.487933 0.159039 0.488125 0.150483 0.529382 0.159785 0.501625 0.176595 0.502489 0.246116 0.4877205 0.165996 0.480469 0.245491 0.4877205 0.165996 0.502489 0.246116 0.4877205 0.165996 0.52925 0.165807 0.501625 0.176595 0.529376 0.176326 0.501625 0.176595 0.52925 0.165807 0.399523 0.953757 0.4741666 0.9561133 0.398844 0.981489 0.4703813 0.984671 0.398844 0.981489 0.4741666 0.9561133 0.623407 0.990318 0.478551 0.98377 0.626772 0.958936 0.475548 0.955237 0.626772 0.958936 0.478551 0.98377 0.506535 0.119428 0.5077199 0.06682598 0.533157 0.11953 0.5343051 0.06692475 0.533157 0.11953 0.5077199 0.06682598 0.290627 0.119521 0.293844 0.065961 0.366928 0.119373 0.293844 0.065961 0.408229 0.064978 0.366928 0.119373 0.366928 0.119373 0.408229 0.064978 0.433932 0.119275 0.433932 0.119275 0.408229 0.064978 0.506535 0.119428 0.408229 0.064978 0.503892 0.06559896 0.506535 0.119428 0.263984 0.119598 0.2639179 0.06698876 0.290627 0.119521 0.2902761 0.06691056 0.290627 0.119521 0.2639179 0.06698876 0.219776 0.11971 0.2196416 0.06710118 0.263984 0.119598 0.260585 0.0669974 0.263984 0.119598 0.2196416 0.06710118 0.03226995 0.841818 0.176652 0.846669 0.09711998 0.931399 0.175355 0.932934 0.09711998 0.931399 0.176652 0.846669 0.686953 0.989616 0.673255 0.974553 0.7256418 0.9921899 0.673255 0.974553 0.672803 0.888678 0.7256418 0.9921899 0.672803 0.888678 0.681355 0.874013 0.7256418 0.9921899 0.681355 0.874013 0.725318 0.874161 0.7256418 0.9921899 0.09711998 0.931399 0.175355 0.932934 0.10352 0.948862 0.174884 0.951711 0.10352 0.948862 0.175355 0.932934 0.744002 0.780737 0.785039 0.781598 0.743826 0.789622 0.785635 0.79093 0.743826 0.789622 0.785039 0.781598 0.487933 0.159039 0.529382 0.159785 0.4877205 0.165996 0.52925 0.165807 0.4877205 0.165996 0.529382 0.159785 0.784906 0.773195 0.785039 0.781598 0.744143 0.772483 0.744002 0.780737 0.744143 0.772483 0.785039 0.781598 0.533157 0.11953 0.5377363 0.06693691 0.577354 0.119714 0.5775761 0.06710273 0.577354 0.119714 0.5377363 0.06693691 0.792412 0.866477 0.789948 0.977383 0.785936 0.863242 0.785936 0.863242 0.789948 0.977383 0.741915 0.86332 0.775956 0.990472 0.739916 0.990276 0.741915 0.86332 0.789948 0.977383 0.775956 0.990472 0.741915 0.86332 0.741915 0.86332 0.743826 0.789622 0.785936 0.863242 0.785635 0.79093 0.785936 0.863242 0.743826 0.789622 0.279183 0.04256898 0.273849 0.04941397 0.272686 0.008138954 0.266514 0.009291946 0.272686 0.008138954 0.273849 0.04941397 0.273849 0.04941397 0.279183 0.04256898 0.293844 0.065961 0.302771 0.06217795 0.293844 0.065961 0.279183 0.04256898 0.293844 0.065961 0.302771 0.06217795 0.408229 0.064978 0.379528 0.06214195 0.408229 0.064978 0.302771 0.06217795 0.400954 0.04068398 0.408229 0.064978 0.379528 0.06214195 0.408229 0.064978 0.400954 0.04068398 0.431656 0.05369997 0.408229 0.064978 0.431656 0.05369997 0.503892 0.06559896 0.497106 0.05403494 0.503892 0.06559896 0.431656 0.05369997 0.413437 0.03539794 0.431656 0.05369997 0.400954 0.04068398 0.413437 0.03539794 0.400954 0.04068398 0.413489 0.005803942 0.401024 0.005779981 0.413489 0.005803942 0.400954 0.04068398 0.503892 0.06559896 0.497106 0.05403494 0.522838 0.04757797 0.516698 0.03674095 0.522838 0.04757797 0.497106 0.05403494 0.522838 0.04757797 0.516698 0.03674095 0.527492 0.008163988 0.5204 0.007281959 0.527492 0.008163988 0.516698 0.03674095 0.1346879 0.6040257 0.007615208 0.6045758 0.1353785 0.5690343 0.007475912 0.5690973 0.1353785 0.5690343 0.007615208 0.6045758 0.1346879 0.6040257 0.1121723 0.6285908 0.007615208 0.6045758 0.03325402 0.6281388 0.007615208 0.6045758 0.1121723 0.6285908 0.9282229 0.1091333 0.8261602 0.1090214 0.9291289 0.0794031 0.8244123 0.07941806 0.9291289 0.0794031 0.8261602 0.1090214 0.9282229 0.1091333 0.9115394 0.1267621 0.8261602 0.1090214 0.8418881 0.1276515 0.8261602 0.1090214 0.9115394 0.1267621 0.955866 0.419856 0.976565 0.392036 0.959578 0.426853 0.979454 0.401699 0.959578 0.426853 0.976565 0.392036 0.955866 0.419856 0.959578 0.426853 0.938701 0.429884 0.955866 0.419856 0.938701 0.429884 0.907514 0.416721 0.909632 0.433399 0.907514 0.416721 0.938701 0.429884 0.976565 0.392036 0.984493 0.393288 0.979454 0.401699 0.988466 0.315844 0.984493 0.393288 0.97391 0.315029 0.976565 0.392036 0.97391 0.315029 0.984493 0.393288 0.36732 0.284688 0.395359 0.207647 0.434338 0.284542 0.429724 0.207577 0.434338 0.284542 0.395359 0.207647 0.395359 0.207647 0.36732 0.284688 0.395282 0.182409 0.366928 0.119373 0.395282 0.182409 0.36732 0.284688 0.395282 0.182409 0.366928 0.119373 0.429645 0.182352 0.433932 0.119275 0.429645 0.182352 0.366928 0.119373 0.434338 0.284542 0.429724 0.207577 0.433932 0.119275 0.429645 0.182352 0.433932 0.119275 0.429724 0.207577 0.549153 0.542296 0.666355 0.542264 0.549162 0.576662 0.666365 0.576628 0.549162 0.576662 0.666355 0.542264 0.549145 0.517063 0.666348 0.517025 0.549153 0.542296 0.666355 0.542264 0.549153 0.542296 0.666348 0.517025 0.549133 0.4827 0.666335 0.482659 0.549145 0.517063 0.666348 0.517025 0.549145 0.517063 0.666335 0.482659 0.549162 0.576662 0.666365 0.576628 0.54917 0.601891 0.666372 0.601854 0.54917 0.601891 0.666365 0.576628 0.873582 0.555296 0.877253 0.553932 0.865494 0.766191 0.902068 0.744297 0.865494 0.766191 0.877253 0.553932 0.902068 0.744297 0.91804 0.906147 0.865494 0.766191 0.865124 0.928932 0.865494 0.766191 0.91804 0.906147 0.8422948 0.561447 0.8448671 0.559129 0.8382145 0.770334 0.8460875 0.769451 0.8382145 0.770334 0.8448671 0.559129 0.8460875 0.769451 0.848979 0.934821 0.8382145 0.770334 0.835611 0.93333 0.8382145 0.770334 0.848979 0.934821 0.4614354 0.3603078 0.4968397 0.3589563 0.4991402 0.5495735 0.504862 0.5495744 0.4991402 0.5495735 0.4968397 0.3589563 0.934434 0.925857 0.922168 0.715685 0.940842 0.927529 0.965929 0.732288 0.940842 0.927529 0.922168 0.715685 0.987764 0.753688 0.992669 0.912704 0.9794791 0.7449509 0.979168 0.912161 0.9794791 0.7449509 0.992669 0.912704 0.922168 0.715685 0.905036 0.553217 0.965929 0.732288 0.959657 0.571998 0.965929 0.732288 0.905036 0.553217 0.836251 0.990285 0.835611 0.93333 0.852002 0.991481 0.848979 0.934821 0.852002 0.991481 0.835611 0.93333 0.847474 0.555252 0.8448671 0.559129 0.841233 0.555534 0.8422948 0.561447 0.841233 0.555534 0.8448671 0.559129 0.04345798 0.004216969 0.04716396 0.003431975 0.04389899 0.280561 0.08001798 0.264526 0.04389899 0.280561 0.04716396 0.003431975 0.08001798 0.264526 0.09949696 0.489195 0.04389899 0.280561 0.04106396 0.494158 0.04389899 0.280561 0.09949696 0.489195 0.04036277 0.2705613 0.04464441 0.006058096 0.04389899 0.280561 0.04345798 0.004216969 0.04389899 0.280561 0.04464441 0.006058096 0.0517224 0.002425134 0.05276703 0.003034353 0.08102858 0.2646189 0.04376167 0.2804511 0.08102858 0.2646189 0.05276703 0.003034353 0.19246 0.493847 0.188708 0.493418 0.210597 0.227199 0.1683689 0.2267529 0.210597 0.227199 0.188708 0.493418 0.1683689 0.2267529 0.148361 0.002904951 0.210597 0.227199 0.130286 0.271785 0.132544 0.494633 0.1217369 0.2646912 0.119126 0.494409 0.1217369 0.2646912 0.132544 0.494633 0.204082 0.003769993 0.210597 0.227199 0.148361 0.002904951 0.002897799 0.4993919 0.001765906 0.2824363 0.01838999 0.501754 0.01914995 0.2855216 0.01838999 0.501754 0.001765906 0.2824363 0.0517224 0.002425134 0.05089139 0.006129145 0.04547542 0.002350091 0.04464441 0.006058096 0.04547542 0.002350091 0.05089139 0.006129145 0.005512952 0.557448 0.002904951 0.50179 0.02126795 0.559392 0.01838999 0.501754 0.02126795 0.559392 0.002904951 0.50179 0.611092 0.002020955 0.61109 0.02750545 0.594499 0.008037984 0.627685 0.008040964 0.61109 0.02750545 0.611092 0.002020955 0.636345 0.022973 0.61109 0.02750545 0.627685 0.008040964 0.594499 0.008037984 0.61109 0.02750545 0.585836 0.02296894 2.68725 0.401734 2.686008 0.527562 2.778494 0.402414 2.777371 0.528243 2.778494 0.402414 2.686008 0.527562 2.852646 0.488741 2.852601 0.541485 2.932585 0.488739 2.932498 0.541467 2.932585 0.488739 2.852601 0.541485 2.599288 0.43564 2.599373 0.384393 2.519555 0.435656 2.519688 0.384409 2.519555 0.435656 2.599373 0.384393 2.595673 0.916076 2.634408 0.833452 2.585288 0.90508 2.619291 0.832952 2.585288 0.90508 2.634408 0.833452 2.595673 0.916076 2.585288 0.90508 2.577666 0.915298 2.575144 0.909032 2.577666 0.915298 2.585288 0.90508 2.634408 0.833452 2.611304 0.774566 2.619291 0.832952 2.59843 0.779714 2.619291 0.832952 2.611304 0.774566 2.595673 0.916076 2.577666 0.915298 2.580572 0.92253 2.00578 0.918364 2.062826 0.989705 2.020348 0.914295 2.070377 0.976651 2.020348 0.914295 2.062826 0.989705 2.062826 0.989705 2.0686 0.99057 2.070377 0.976651 2.00578 0.918364 2.020348 0.914295 2.014321 0.855491 2.028046 0.857465 2.014321 0.855491 2.020348 0.914295 2.136675 0.693683 2.096484 0.693848 2.136707 0.701503 2.096517 0.701563 2.136707 0.701503 2.096484 0.693848 2.096484 0.693848 2.031792 0.694055 2.096517 0.701563 2.031811 0.701549 2.096517 0.701563 2.031792 0.694055 2.932278 0.02638 2.868344 0.02629697 2.932204 0.03387397 2.868318 0.03378999 2.932204 0.03387397 2.868344 0.02629697 2.519555 0.435656 2.519688 0.384409 2.508671 0.435542 2.508739 0.384395 2.508671 0.435542 2.519688 0.384409 2.680169 0.527512 2.686008 0.527562 2.680476 0.483014 2.680476 0.483014 2.686008 0.527562 2.68725 0.401734 2.673542 0.474447 2.680476 0.483014 2.68725 0.401734 2.67052 0.43724 2.673542 0.474447 2.68725 0.401734 2.670827 0.401945 2.67052 0.43724 2.68725 0.401734 2.932585 0.488739 2.932498 0.541467 2.989927 0.488439 2.989909 0.541481 2.989927 0.488439 2.932498 0.541467 2.840834 0.52838 2.84175 0.402774 2.777371 0.528243 2.778494 0.402414 2.777371 0.528243 2.84175 0.402774 2.65646 0.435563 2.656475 0.38441 2.599288 0.43564 2.599373 0.384393 2.599288 0.43564 2.656475 0.38441 2.143126 0.693642 2.136675 0.693683 2.143131 0.701498 2.136707 0.701503 2.143131 0.701498 2.136675 0.693683 2.589978 0.309926 2.609801 0.274959 2.579905 0.277295 2.607927 0.268786 2.579905 0.277295 2.609801 0.274959 2.589978 0.309926 2.579905 0.277295 2.551011 0.344793 2.608983 0.371765 2.589978 0.309926 2.551011 0.344793 2.579905 0.277295 2.534682 0.291005 2.551011 0.344793 2.868344 0.02629697 2.812139 0.02601099 2.868318 0.03378999 2.812149 0.03385895 2.868318 0.03378999 2.812139 0.02601099 2.014272 0.627167 2.00578 0.634421 2.0508 0.669839 2.043445 0.677741 2.0508 0.669839 2.00578 0.634421 2.0508 0.669839 2.043445 0.677741 2.114661 0.671576 2.123252 0.681412 2.114661 0.671576 2.043445 0.677741 2.366636 0.495288 2.366634 0.445052 2.278068 0.49529 2.278066 0.445055 2.278068 0.49529 2.366634 0.445052 2.366634 0.445052 2.366631 0.369057 2.278066 0.445055 2.278062 0.369058 2.278066 0.445055 2.366631 0.369057 2.278066 0.445055 2.259234 0.445057 2.278068 0.49529 2.278066 0.445055 2.278062 0.369058 2.259234 0.445057 2.259236 0.476459 2.278068 0.49529 2.259234 0.445057 2.259231 0.387892 2.259234 0.445057 2.278062 0.369058 2.366634 0.445052 2.385467 0.445052 2.366631 0.369057 2.366634 0.445052 2.366636 0.495288 2.385467 0.445052 2.385464 0.387887 2.366631 0.369057 2.385467 0.445052 2.385467 0.476455 2.385467 0.445052 2.366636 0.495288 2.224152 0.508124 2.2581 0.515669 2.224398 0.50289 2.261825 0.504651 2.224398 0.50289 2.2581 0.515669 2.218232 0.635785 2.250036 0.643101 2.222037 0.552903 2.254379 0.548428 2.222037 0.552903 2.250036 0.643101 2.855491 0.475977 2.890778 0.476779 2.85561 0.47074 2.89066 0.471538 2.85561 0.47074 2.890778 0.476779 2.3581 0.901088 2.358667 0.934014 2.383564 0.900668 2.384146 0.933549 2.383564 0.900668 2.358667 0.934014 2.868039 0.434431 2.85644 0.434175 2.89066 0.471538 2.85561 0.47074 2.89066 0.471538 2.85644 0.434175 2.987745 0.113102 2.988023 0.07653898 2.946763 0.112805 2.947041 0.076213 2.946763 0.112805 2.988023 0.07653898 2.254379 0.548428 2.2581 0.515669 2.221423 0.548718 2.223159 0.512179 2.221423 0.548718 2.2581 0.515669 2.378381 0.565401 2.399964 0.58671 2.381472 0.557803 2.407522 0.583546 2.381472 0.557803 2.399964 0.58671 2.399964 0.58671 2.400592 0.663438 2.407522 0.583546 2.408137 0.653791 2.407522 0.583546 2.400592 0.663438 2.381472 0.557803 2.29847 0.558449 2.378381 0.565401 2.301679 0.565999 2.378381 0.565401 2.29847 0.558449 2.301679 0.565999 2.29847 0.558449 2.280432 0.587644 2.272826 0.584598 2.280432 0.587644 2.29847 0.558449 2.280432 0.587644 2.272826 0.584598 2.281001 0.664372 2.273306 0.654844 2.281001 0.664372 2.272826 0.584598 2.785866 0.601736 2.787509 0.597639 2.697311 0.602363 2.695609 0.598287 2.697311 0.602363 2.787509 0.597639 2.695609 0.598287 2.674491 0.619546 2.697311 0.602363 2.6786 0.621317 2.697311 0.602363 2.674491 0.619546 2.785866 0.601736 2.804844 0.620423 2.787509 0.597639 2.808928 0.618593 2.787509 0.597639 2.804844 0.620423 2.674491 0.619546 2.674936 0.678526 2.6786 0.621317 2.678894 0.678512 2.6786 0.621317 2.674936 0.678526 2.804844 0.620423 2.805358 0.677616 2.808928 0.618593 2.809315 0.677575 2.808928 0.618593 2.805358 0.677616 2.809315 0.677575 2.805358 0.677616 2.805487 0.709101 2.679214 0.709996 2.678894 0.678512 2.674936 0.678526 2.662664 0.702441 2.663062 0.716536 2.661849 0.675444 2.661849 0.675444 2.663062 0.716536 2.674936 0.678526 2.674936 0.678526 2.663062 0.716536 2.679214 0.709996 2.366631 0.369057 2.366631 0.361271 2.278062 0.369058 2.278063 0.361271 2.278062 0.369058 2.366631 0.361271 2.278068 0.49529 2.259236 0.476459 2.272563 0.500795 2.25373 0.481965 2.272563 0.500795 2.259236 0.476459 2.259236 0.476459 2.259234 0.445057 2.251451 0.476459 2.251449 0.445057 2.251451 0.476459 2.259234 0.445057 2.251449 0.445057 2.259234 0.445057 2.251445 0.387892 2.259231 0.387892 2.251445 0.387892 2.259234 0.445057 2.259231 0.387892 2.278062 0.369058 2.253726 0.382386 2.272556 0.363553 2.253726 0.382386 2.278062 0.369058 2.810224 0.176321 2.809833 0.131824 2.795205 0.127434 2.810224 0.176321 2.795205 0.127434 2.810983 0.254555 2.810224 0.176321 2.810983 0.254555 2.824252 0.176204 2.824679 0.228946 2.824252 0.176204 2.810983 0.254555 2.824679 0.228946 2.810983 0.254555 2.837736 0.2288179 2.837995 0.254296 2.837736 0.2288179 2.810983 0.254555 2.796875 0.254688 2.810983 0.254555 2.795205 0.127434 2.758154 0.255044 2.796875 0.254688 2.756926 0.125626 2.795205 0.127434 2.756926 0.125626 2.796875 0.254688 2.758154 0.255044 2.756926 0.125626 2.657487 0.255951 2.656382 0.126528 2.657487 0.255951 2.756926 0.125626 2.792925 0.744276 2.786761 0.728053 2.692276 0.744979 2.698207 0.728678 2.692276 0.744979 2.786761 0.728053 2.756926 0.125626 2.795205 0.127434 2.759905 0.115618 2.792847 0.117259 2.759905 0.115618 2.795205 0.127434 2.795205 0.127434 2.809833 0.131824 2.799167 0.117769 2.810392 0.120818 2.799167 0.117769 2.809833 0.131824 2.663515 0.717503 2.691201 0.744554 2.679214 0.709996 2.698207 0.728678 2.679214 0.709996 2.691201 0.744554 2.262844 0.270703 2.263029 0.2545 2.245665 0.275813 2.246072 0.254174 2.245665 0.275813 2.263029 0.2545 2.86981 0.351441 2.858209 0.351267 2.868039 0.434431 2.85644 0.434175 2.868039 0.434431 2.858209 0.351267 2.818522 0.276325 2.776141 0.276332 2.818031 0.353648 2.775495 0.378042 2.818031 0.353648 2.776141 0.276332 2.834297 0.276321 2.818522 0.276325 2.834554 0.352982 2.818031 0.353648 2.834554 0.352982 2.818522 0.276325 2.385759 0.700839 2.416306 0.67098 2.379167 0.684761 2.400592 0.663438 2.379167 0.684761 2.416306 0.67098 2.416306 0.67098 2.418464 0.655448 2.400592 0.663438 2.408137 0.653791 2.400592 0.663438 2.418464 0.655448 2.842176 0.361016 2.841857 0.268786 2.834554 0.352982 2.834297 0.276321 2.834554 0.352982 2.841857 0.268786 2.834554 0.352982 2.826445 0.364115 2.834239 0.364049 2.826445 0.364115 2.834554 0.352982 2.821206 0.36418 2.818031 0.353648 2.775495 0.378042 2.817271 0.364579 2.780188 0.387209 2.817271 0.364579 2.775495 0.378042 2.688075 0.378064 2.690303 0.388166 2.775495 0.378042 2.773273 0.388146 2.775495 0.378042 2.690303 0.388166 2.331459 0.271486 2.297716 0.254881 2.262844 0.270703 2.263029 0.2545 2.262844 0.270703 2.297716 0.254881 2.297716 0.254881 2.331459 0.271486 2.299012 0.15193 2.332952 0.152355 2.299012 0.15193 2.331459 0.271486 2.775495 0.378042 2.776141 0.276332 2.688075 0.378064 2.687366 0.276355 2.688075 0.378064 2.776141 0.276332 2.366636 0.503074 2.366636 0.495288 2.278068 0.503074 2.278068 0.49529 2.278068 0.503074 2.366636 0.495288 2.659143 0.116451 2.656382 0.126528 2.753987 0.115607 2.756926 0.125626 2.753987 0.115607 2.656382 0.126528 2.383367 0.805863 2.379467 0.81341 2.383564 0.900668 2.379652 0.893129 2.383564 0.900668 2.379467 0.81341 2.379652 0.893129 2.357983 0.893498 2.383564 0.900668 2.3581 0.901088 2.383564 0.900668 2.357983 0.893498 2.383367 0.805863 2.234218 0.803348 2.379467 0.81341 2.241675 0.811058 2.379467 0.81341 2.234218 0.803348 2.241675 0.811058 2.234218 0.803348 2.241004 0.85053 2.233426 0.850427 2.241004 0.85053 2.234218 0.803348 2.336802 0.288548 2.331459 0.271486 2.257121 0.287664 2.262844 0.270703 2.257121 0.287664 2.331459 0.271486 2.302757 0.685357 2.296418 0.701536 2.379167 0.684761 2.385759 0.700839 2.379167 0.684761 2.296418 0.701536 2.264018 0.713978 2.251202 0.675939 2.234761 0.770438 2.234761 0.770438 2.383938 0.772975 2.264018 0.713978 2.384906 0.716333 2.264018 0.713978 2.383938 0.772975 2.234761 0.770438 2.251202 0.675939 2.215351 0.764137 2.251202 0.675939 2.216836 0.68118 2.215351 0.764137 2.986475 0.302739 2.98694 0.232636 2.89434 0.301905 2.859096 0.231797 2.89434 0.301905 2.98694 0.232636 2.859096 0.231797 2.858524 0.314742 2.89434 0.301905 2.89358 0.315016 2.89434 0.301905 2.858524 0.314742 2.234761 0.770438 2.234218 0.803348 2.383938 0.772975 2.383367 0.805863 2.383938 0.772975 2.234218 0.803348 2.858524 0.314742 2.858209 0.351267 2.89358 0.315016 2.86981 0.351441 2.89358 0.315016 2.858209 0.351267 2.234761 0.770438 2.214474 0.768272 2.234218 0.803348 2.213873 0.804847 2.234218 0.803348 2.214474 0.768272 2.987177 0.1960549 2.859331 0.195224 2.98694 0.232636 2.859096 0.231797 2.98694 0.232636 2.859331 0.195224 2.216092 0.676767 2.251202 0.675939 2.217202 0.640203 2.250036 0.643101 2.217202 0.640203 2.251202 0.675939 2.390973 0.48196 2.385467 0.476455 2.372142 0.500792 2.366636 0.495288 2.372142 0.500792 2.385467 0.476455 2.393253 0.445052 2.385467 0.445052 2.393254 0.476454 2.385467 0.476455 2.393254 0.476454 2.385467 0.445052 2.385467 0.445052 2.393253 0.445052 2.385464 0.387887 2.39325 0.387886 2.385464 0.387887 2.393253 0.445052 2.372136 0.363551 2.366631 0.369057 2.39097 0.382381 2.385464 0.387887 2.39097 0.382381 2.366631 0.369057 2.577655 0.256647 2.61877 0.25629 2.577009 0.1460739 2.618141 0.129027 2.577009 0.1460739 2.61877 0.25629 2.657487 0.255951 2.656382 0.126528 2.61877 0.25629 2.618141 0.129027 2.61877 0.25629 2.656382 0.126528 2.620317 0.118811 2.618141 0.129027 2.653223 0.116574 2.656382 0.126528 2.653223 0.116574 2.618141 0.129027 2.576051 0.133275 2.577009 0.1460739 2.613838 0.119513 2.618141 0.129027 2.613838 0.119513 2.577009 0.1460739 2.577655 0.256647 2.577009 0.1460739 2.570063 0.25669 2.569364 0.135766 2.570063 0.25669 2.577009 0.1460739 2.786761 0.728053 2.793996 0.74383 2.805487 0.709101 2.821291 0.716385 2.805487 0.709101 2.793996 0.74383 2.349526 0.139284 2.332952 0.152355 2.348459 0.277052 2.331459 0.271486 2.348459 0.277052 2.332952 0.152355 2.687366 0.276355 2.644978 0.276379 2.688075 0.378064 2.645523 0.353702 2.688075 0.378064 2.644978 0.276379 2.629199 0.276387 2.629001 0.353048 2.644978 0.276379 2.645523 0.353702 2.644978 0.276379 2.629001 0.353048 2.281001 0.664372 2.265407 0.67216 2.302757 0.685357 2.296418 0.701536 2.302757 0.685357 2.265407 0.67216 2.273306 0.654844 2.263006 0.656662 2.281001 0.664372 2.265407 0.67216 2.281001 0.664372 2.263006 0.656662 2.629001 0.353048 2.629199 0.276387 2.621387 0.36099 2.621631 0.268858 2.621387 0.36099 2.629199 0.276387 2.64236 0.364234 2.645523 0.353702 2.62925 0.36404 2.629001 0.353048 2.62925 0.36404 2.645523 0.353702 2.683391 0.387234 2.688075 0.378064 2.64629 0.364633 2.645523 0.353702 2.64629 0.364633 2.688075 0.378064 2.82173 0.71541 2.822353 0.674304 2.805487 0.709101 2.809315 0.677575 2.805487 0.709101 2.822353 0.674304 2.988608 0.006459951 2.947565 0.01304298 2.988023 0.07653898 2.947041 0.076213 2.988023 0.07653898 2.947565 0.01304298 2.947565 0.01304298 2.988608 0.006459951 2.896418 0.01253497 2.896382 0.005779981 2.896418 0.01253497 2.988608 0.006459951 0.5663198 0.7213888 0.5660057 0.6423359 0.4375192 0.7194533 0.4375683 0.6417484 0.4375192 0.7194533 0.5660057 0.6423359 0.4375192 0.7194533 0.4605558 0.7416923 0.5663198 0.7213888 0.5419877 0.7426873 0.5663198 0.7213888 0.4605558 0.7416923 0.5660057 0.6423359 0.5438589 0.6190175 0.4375683 0.6417484 0.4624189 0.6202978 0.4375683 0.6417484 0.5438589 0.6190175 2.787509 0.597639 2.788945 0.592485 2.695609 0.598287 2.694101 0.593152 2.695609 0.598287 2.788945 0.592485 2.66983 0.616987 2.674491 0.619546 2.693 0.593612 2.695609 0.598287 2.693 0.593612 2.674491 0.619546 2.670104 0.674247 2.674936 0.678526 2.669405 0.618 2.674491 0.619546 2.669405 0.618 2.674936 0.678526 2.662829 0.674739 2.674936 0.678526 2.670104 0.674247 2.808928 0.618593 2.813552 0.615969 2.787509 0.597639 2.790052 0.592927 2.787509 0.597639 2.813552 0.615969 2.809315 0.677575 2.814085 0.673226 2.808928 0.618593 2.813992 0.616975 2.808928 0.618593 2.814085 0.673226 2.821366 0.673615 2.814085 0.673226 2.809315 0.677575 2.385222 0.990186 2.384146 0.933549 2.359745 0.990736 2.358667 0.934014 2.359745 0.990736 2.384146 0.933549 2.987177 0.1960549 2.987745 0.113102 2.946469 0.154657 2.946763 0.112805 2.946469 0.154657 2.987745 0.113102 2.946469 0.154657 2.859599 0.154098 2.987177 0.1960549 2.859331 0.195224 2.987177 0.1960549 2.859599 0.154098 2.234218 0.803348 2.214603 0.808959 2.233426 0.850427 2.213912 0.850079 2.233426 0.850427 2.214603 0.808959 2.299012 0.15193 2.332952 0.152355 2.299248 0.132948 2.338724 0.133451 2.299248 0.132948 2.332952 0.152355 2.223944 0.362749 2.226042 0.259816 2.219653 0.362701 2.220814 0.259774 2.219653 0.362701 2.226042 0.259816 2.220814 0.259774 2.226042 0.259816 2.220848 0.246612 2.239726 0.246643 2.220848 0.246612 2.226042 0.259816 2.239726 0.246643 2.239735 0.239056 2.220848 0.246612 2.220857 0.239038 2.220848 0.246612 2.239735 0.239056 2.239735 0.239056 2.243092 0.219824 2.220857 0.239038 2.22087 0.219813 2.220857 0.239038 2.243092 0.219824 2.243092 0.219824 2.243125 0.132956 2.22087 0.219813 2.220902 0.132948 2.22087 0.219813 2.243125 0.132956 2.751241 0.620195 2.785933 0.620555 2.751307 0.615903 2.785977 0.616264 2.751307 0.615903 2.785933 0.620555 2.751241 0.620195 2.751307 0.615903 2.736254 0.622025 2.736254 0.622025 2.737816 0.634514 2.751241 0.620195 2.736254 0.622025 2.706543 0.649076 2.737816 0.634514 2.714041 0.657281 2.737816 0.634514 2.706543 0.649076 2.706543 0.649076 2.705202 0.713763 2.714041 0.657281 2.712699 0.713992 2.714041 0.657281 2.705202 0.713763 2.745396 0.634674 2.751241 0.620195 2.737816 0.634514 2.736378 0.615607 2.736254 0.622025 2.751307 0.615903 2.277686 0.941771 2.208253 0.933006 2.303643 0.967548 2.208253 0.933006 2.208093 0.990105 2.303643 0.967548 2.208093 0.990105 2.345563 0.989627 2.303643 0.967548 2.345563 0.989627 2.345485 0.967404 2.303643 0.967548 2.277686 0.941771 2.277459 0.878612 2.208253 0.933006 2.26651 0.878641 2.208253 0.933006 2.277459 0.878612 2.837736 0.2288179 2.837995 0.254296 2.845234 0.228712 2.845585 0.254192 2.845234 0.228712 2.837995 0.254296 2.818031 0.353648 2.821206 0.36418 2.834554 0.352982 0.777371 0.528243 0.686008 0.527562 0.778494 0.402414 0.68725 0.401734 0.778494 0.402414 0.686008 0.527562 0.932498 0.541467 0.852601 0.541485 0.932585 0.488739 0.852646 0.488741 0.932585 0.488739 0.852601 0.541485 0.519688 0.384409 0.599373 0.384393 0.519555 0.435656 0.599288 0.43564 0.519555 0.435656 0.599373 0.384393 0.619291 0.832952 0.634408 0.833452 0.585288 0.90508 0.595673 0.916076 0.585288 0.90508 0.634408 0.833452 0.595673 0.916076 0.577666 0.915298 0.585288 0.90508 0.575144 0.909032 0.585288 0.90508 0.577666 0.915298 0.634408 0.833452 0.619291 0.832952 0.611304 0.774566 0.59843 0.779714 0.611304 0.774566 0.619291 0.832952 0.577666 0.915298 0.595673 0.916076 0.580572 0.92253 0.07037699 0.976651 0.06282597 0.989705 0.02034795 0.914295 0.005779981 0.918364 0.02034795 0.914295 0.06282597 0.989705 0.06859999 0.99057 0.06282597 0.989705 0.07037699 0.976651 0.005779981 0.918364 0.01432096 0.855491 0.02034795 0.914295 0.02804595 0.857465 0.02034795 0.914295 0.01432096 0.855491 0.09651696 0.701563 0.096484 0.693848 0.136707 0.701503 0.136675 0.693683 0.136707 0.701503 0.096484 0.693848 0.03181099 0.701549 0.03179198 0.694055 0.09651696 0.701563 0.096484 0.693848 0.09651696 0.701563 0.03179198 0.694055 0.868318 0.03378999 0.868344 0.02629697 0.932204 0.03387397 0.932278 0.02638 0.932204 0.03387397 0.868344 0.02629697 0.508739 0.384395 0.519688 0.384409 0.508671 0.435542 0.519555 0.435656 0.508671 0.435542 0.519688 0.384409 0.686008 0.527562 0.680169 0.527512 0.680476 0.483014 0.686008 0.527562 0.680476 0.483014 0.68725 0.401734 0.680476 0.483014 0.673542 0.474447 0.68725 0.401734 0.673542 0.474447 0.673697 0.456498 0.68725 0.401734 0.673697 0.456498 0.67052 0.43724 0.68725 0.401734 0.67052 0.43724 0.670827 0.401945 0.68725 0.401734 0.989909 0.541481 0.932498 0.541467 0.989927 0.488439 0.932585 0.488739 0.989927 0.488439 0.932498 0.541467 0.778494 0.402414 0.84175 0.402774 0.777371 0.528243 0.840834 0.52838 0.777371 0.528243 0.84175 0.402774 0.599373 0.384393 0.656475 0.38441 0.599288 0.43564 0.65646 0.435563 0.599288 0.43564 0.656475 0.38441 0.136707 0.701503 0.136675 0.693683 0.143131 0.701498 0.143126 0.693642 0.143131 0.701498 0.136675 0.693683 0.607927 0.268786 0.609801 0.274959 0.579905 0.277295 0.589978 0.309926 0.579905 0.277295 0.609801 0.274959 0.579905 0.277295 0.589978 0.309926 0.551011 0.344793 0.534682 0.291005 0.579905 0.277295 0.551011 0.344793 0.589978 0.309926 0.608983 0.371765 0.551011 0.344793 0.812149 0.03385895 0.812139 0.02601099 0.868318 0.03378999 0.868344 0.02629697 0.868318 0.03378999 0.812139 0.02601099 0.04344499 0.677741 0.005779981 0.634421 0.05079996 0.669839 0.01427197 0.627167 0.05079996 0.669839 0.005779981 0.634421 0.05079996 0.669839 0.114661 0.671576 0.04344499 0.677741 0.123252 0.681412 0.04344499 0.677741 0.114661 0.671576 0.278066 0.445055 0.366634 0.445052 0.278068 0.49529 0.366636 0.495288 0.278068 0.49529 0.366634 0.445052 0.366634 0.445052 0.278066 0.445055 0.366631 0.369057 0.278062 0.369058 0.366631 0.369057 0.278066 0.445055 0.278066 0.445055 0.278068 0.49529 0.259234 0.445057 0.278066 0.445055 0.259234 0.445057 0.278062 0.369058 0.259236 0.476459 0.259234 0.445057 0.278068 0.49529 0.259231 0.387892 0.278062 0.369058 0.259234 0.445057 0.366634 0.445052 0.366631 0.369057 0.385467 0.445052 0.366634 0.445052 0.385467 0.445052 0.366636 0.495288 0.385464 0.387887 0.385467 0.445052 0.366631 0.369057 0.385467 0.476455 0.366636 0.495288 0.385467 0.445052 0.261825 0.504651 0.2581 0.515669 0.2438949 0.503802 0.2438949 0.503802 0.2581 0.515669 0.224398 0.50289 0.2581 0.515669 0.224152 0.508124 0.224398 0.50289 0.218232 0.635785 0.222037 0.552903 0.250036 0.643101 0.254379 0.548428 0.250036 0.643101 0.222037 0.552903 0.89066 0.471538 0.890778 0.476779 0.85561 0.47074 0.855491 0.475977 0.85561 0.47074 0.890778 0.476779 0.384146 0.933549 0.358667 0.934014 0.383564 0.900668 0.3581 0.901088 0.383564 0.900668 0.358667 0.934014 0.85561 0.47074 0.85644 0.434175 0.89066 0.471538 0.868039 0.434431 0.89066 0.471538 0.85644 0.434175 0.947041 0.076213 0.988023 0.07653898 0.946763 0.112805 0.987745 0.113102 0.946763 0.112805 0.988023 0.07653898 0.223159 0.512179 0.2581 0.515669 0.221423 0.548718 0.254379 0.548428 0.221423 0.548718 0.2581 0.515669 0.407522 0.583546 0.399964 0.58671 0.381472 0.557803 0.378381 0.565401 0.381472 0.557803 0.399964 0.58671 0.399964 0.58671 0.407522 0.583546 0.400592 0.663438 0.408137 0.653791 0.400592 0.663438 0.407522 0.583546 0.381472 0.557803 0.378381 0.565401 0.29847 0.558449 0.301679 0.565999 0.29847 0.558449 0.378381 0.565401 0.301679 0.565999 0.280432 0.587644 0.29847 0.558449 0.272826 0.584598 0.29847 0.558449 0.280432 0.587644 0.280432 0.587644 0.281001 0.664372 0.272826 0.584598 0.273306 0.654844 0.272826 0.584598 0.281001 0.664372 0.695609 0.598287 0.787509 0.597639 0.697311 0.602363 0.785866 0.601736 0.697311 0.602363 0.787509 0.597639 0.695609 0.598287 0.697311 0.602363 0.674491 0.619546 0.6786 0.621317 0.674491 0.619546 0.697311 0.602363 0.785866 0.601736 0.787509 0.597639 0.804844 0.620423 0.808928 0.618593 0.804844 0.620423 0.787509 0.597639 0.674491 0.619546 0.6786 0.621317 0.674936 0.678526 0.678894 0.678512 0.674936 0.678526 0.6786 0.621317 0.804844 0.620423 0.808928 0.618593 0.805358 0.677616 0.809315 0.677575 0.805358 0.677616 0.808928 0.618593 0.805358 0.677616 0.809315 0.677575 0.805487 0.709101 0.678894 0.678512 0.679214 0.709996 0.674936 0.678526 0.662664 0.702441 0.661849 0.675444 0.663062 0.716536 0.661849 0.675444 0.674936 0.678526 0.663062 0.716536 0.674936 0.678526 0.679214 0.709996 0.663062 0.716536 0.278063 0.361271 0.366631 0.361271 0.278062 0.369058 0.366631 0.369057 0.278062 0.369058 0.366631 0.361271 0.25373 0.481965 0.259236 0.476459 0.272563 0.500795 0.278068 0.49529 0.272563 0.500795 0.259236 0.476459 0.251449 0.445057 0.259234 0.445057 0.251451 0.476459 0.259236 0.476459 0.251451 0.476459 0.259234 0.445057 0.251449 0.445057 0.251445 0.387892 0.259234 0.445057 0.259231 0.387892 0.259234 0.445057 0.251445 0.387892 0.272556 0.363553 0.278062 0.369058 0.253726 0.382386 0.259231 0.387892 0.253726 0.382386 0.278062 0.369058 0.809833 0.131824 0.810224 0.176321 0.795205 0.127434 0.810224 0.176321 0.810983 0.254555 0.795205 0.127434 0.810224 0.176321 0.824252 0.176204 0.810983 0.254555 0.824679 0.228946 0.810983 0.254555 0.824252 0.176204 0.824679 0.228946 0.837736 0.2288179 0.810983 0.254555 0.837995 0.254296 0.810983 0.254555 0.837736 0.2288179 0.796875 0.254688 0.795205 0.127434 0.810983 0.254555 0.795205 0.127434 0.796875 0.254688 0.756926 0.125626 0.758154 0.255044 0.756926 0.125626 0.796875 0.254688 0.656382 0.126528 0.756926 0.125626 0.657487 0.255951 0.758154 0.255044 0.657487 0.255951 0.756926 0.125626 0.792925 0.744276 0.692276 0.744979 0.786761 0.728053 0.698207 0.728678 0.786761 0.728053 0.692276 0.744979 0.792847 0.117259 0.795205 0.127434 0.759905 0.115618 0.756926 0.125626 0.759905 0.115618 0.795205 0.127434 0.810392 0.120818 0.809833 0.131824 0.799167 0.117769 0.795205 0.127434 0.799167 0.117769 0.809833 0.131824 0.698207 0.728678 0.691201 0.744554 0.679214 0.709996 0.663515 0.717503 0.679214 0.709996 0.691201 0.744554 0.2460719 0.254174 0.263029 0.2545 0.245665 0.275813 0.262844 0.270703 0.245665 0.275813 0.263029 0.2545 0.85644 0.434175 0.858209 0.351267 0.868039 0.434431 0.86981 0.351441 0.868039 0.434431 0.858209 0.351267 0.775495 0.378042 0.776141 0.276332 0.818031 0.353648 0.818522 0.276325 0.818031 0.353648 0.776141 0.276332 0.818031 0.353648 0.818522 0.276325 0.834554 0.352982 0.834297 0.276321 0.834554 0.352982 0.818522 0.276325 0.400592 0.663438 0.416306 0.67098 0.379167 0.684761 0.385759 0.700839 0.379167 0.684761 0.416306 0.67098 0.408137 0.653791 0.418464 0.655448 0.400592 0.663438 0.416306 0.67098 0.400592 0.663438 0.418464 0.655448 0.834297 0.276321 0.841857 0.268786 0.834554 0.352982 0.842176 0.361016 0.834554 0.352982 0.841857 0.268786 0.826445 0.364115 0.834554 0.352982 0.834239 0.364049 0.826445 0.364115 0.821206 0.36418 0.834554 0.352982 0.780188 0.387209 0.775495 0.378042 0.817271 0.364579 0.818031 0.353648 0.817271 0.364579 0.775495 0.378042 0.773273 0.388146 0.690303 0.388166 0.775495 0.378042 0.688075 0.378064 0.775495 0.378042 0.690303 0.388166 0.263029 0.2545 0.297716 0.254881 0.262844 0.270703 0.297716 0.254881 0.331459 0.271486 0.262844 0.270703 0.299012 0.15193 0.331459 0.271486 0.297716 0.254881 0.332952 0.152355 0.331459 0.271486 0.299012 0.15193 0.687366 0.276355 0.776141 0.276332 0.688075 0.378064 0.775495 0.378042 0.688075 0.378064 0.776141 0.276332 0.278068 0.49529 0.366636 0.495288 0.278068 0.503074 0.366636 0.503074 0.278068 0.503074 0.366636 0.495288 0.756926 0.125626 0.656382 0.126528 0.753987 0.115607 0.659143 0.116451 0.753987 0.115607 0.656382 0.126528 0.379652 0.893129 0.379467 0.81341 0.383564 0.900668 0.383367 0.805863 0.383564 0.900668 0.379467 0.81341 0.379652 0.893129 0.383564 0.900668 0.357983 0.893498 0.3581 0.901088 0.357983 0.893498 0.383564 0.900668 0.383367 0.805863 0.379467 0.81341 0.234218 0.803348 0.241675 0.811058 0.234218 0.803348 0.379467 0.81341 0.241675 0.811058 0.241004 0.85053 0.234218 0.803348 0.233426 0.850427 0.234218 0.803348 0.241004 0.85053 0.262844 0.270703 0.331459 0.271486 0.257121 0.287664 0.336802 0.288548 0.257121 0.287664 0.331459 0.271486 0.385759 0.700839 0.296418 0.701536 0.379167 0.684761 0.302757 0.685357 0.379167 0.684761 0.296418 0.701536 0.216836 0.68118 0.251202 0.675939 0.215351 0.764137 0.264018 0.713978 0.2347609 0.770438 0.251202 0.675939 0.2347609 0.770438 0.264018 0.713978 0.383938 0.772975 0.384906 0.716333 0.383938 0.772975 0.264018 0.713978 0.251202 0.675939 0.2347609 0.770438 0.215351 0.764137 0.859096 0.231797 0.98694 0.232636 0.89434 0.301905 0.986475 0.302739 0.89434 0.301905 0.98694 0.232636 0.859096 0.231797 0.89434 0.301905 0.858524 0.314742 0.89358 0.315016 0.858524 0.314742 0.89434 0.301905 0.383367 0.805863 0.234218 0.803348 0.383938 0.772975 0.2347609 0.770438 0.383938 0.772975 0.234218 0.803348 0.86981 0.351441 0.858209 0.351267 0.89358 0.315016 0.858524 0.314742 0.89358 0.315016 0.858209 0.351267 0.213873 0.804847 0.214474 0.768272 0.234218 0.803348 0.2347609 0.770438 0.234218 0.803348 0.214474 0.768272 0.859096 0.231797 0.859331 0.195224 0.98694 0.232636 0.987177 0.1960549 0.98694 0.232636 0.859331 0.195224 0.250036 0.643101 0.251202 0.675939 0.217202 0.640203 0.216092 0.676767 0.217202 0.640203 0.251202 0.675939 0.366636 0.495288 0.385467 0.476455 0.372142 0.500792 0.390973 0.48196 0.372142 0.500792 0.385467 0.476455 0.385467 0.476455 0.385467 0.445052 0.393254 0.476454 0.393253 0.445052 0.393254 0.476454 0.385467 0.445052 0.385467 0.445052 0.385464 0.387887 0.393253 0.445052 0.39325 0.387886 0.393253 0.445052 0.385464 0.387887 0.385464 0.387887 0.366631 0.369057 0.39097 0.382381 0.372136 0.363551 0.39097 0.382381 0.366631 0.369057 0.618141 0.129027 0.61877 0.25629 0.577009 0.1460739 0.577655 0.256647 0.577009 0.1460739 0.61877 0.25629 0.618141 0.129027 0.656382 0.126528 0.61877 0.25629 0.657487 0.255951 0.61877 0.25629 0.656382 0.126528 0.656382 0.126528 0.618141 0.129027 0.653223 0.116574 0.620317 0.118811 0.653223 0.116574 0.618141 0.129027 0.618141 0.129027 0.577009 0.1460739 0.613838 0.119513 0.576051 0.133275 0.613838 0.119513 0.577009 0.1460739 0.569364 0.135766 0.577009 0.1460739 0.570063 0.25669 0.577655 0.256647 0.570063 0.25669 0.577009 0.1460739 0.821291 0.716385 0.793996 0.74383 0.805487 0.709101 0.786761 0.728053 0.805487 0.709101 0.793996 0.74383 0.331459 0.271486 0.332952 0.152355 0.348459 0.277052 0.349526 0.139284 0.348459 0.277052 0.332952 0.152355 0.645523 0.353702 0.644978 0.276379 0.688075 0.378064 0.687366 0.276355 0.688075 0.378064 0.644978 0.276379 0.645523 0.353702 0.629001 0.353048 0.644978 0.276379 0.629199 0.276387 0.644978 0.276379 0.629001 0.353048 0.296418 0.701536 0.265407 0.67216 0.302757 0.685357 0.281001 0.664372 0.302757 0.685357 0.265407 0.67216 0.265407 0.67216 0.263006 0.656662 0.281001 0.664372 0.273306 0.654844 0.281001 0.664372 0.263006 0.656662 0.621631 0.268858 0.629199 0.276387 0.621387 0.36099 0.629001 0.353048 0.621387 0.36099 0.629199 0.276387 0.629001 0.353048 0.645523 0.353702 0.62925 0.36404 0.64236 0.364234 0.62925 0.36404 0.645523 0.353702 0.645523 0.353702 0.688075 0.378064 0.64629 0.364633 0.683391 0.387234 0.64629 0.364633 0.688075 0.378064 0.809315 0.677575 0.822353 0.674304 0.805487 0.709101 0.82173 0.71541 0.805487 0.709101 0.822353 0.674304 0.947041 0.076213 0.947565 0.01304298 0.988023 0.07653898 0.988608 0.006459951 0.988023 0.07653898 0.947565 0.01304298 0.947565 0.01304298 0.896418 0.01253497 0.988608 0.006459951 0.896382 0.005779981 0.988608 0.006459951 0.896418 0.01253497 0.4375056 0.642808 0.5650815 0.6422341 0.4399818 0.7196063 0.563394 0.7215495 0.4399818 0.7196063 0.5650815 0.6422341 0.4399818 0.7196063 0.563394 0.7215495 0.4625914 0.7420467 0.5377312 0.7432033 0.4625914 0.7420467 0.563394 0.7215495 0.5650815 0.6422341 0.4375056 0.642808 0.5403016 0.6204785 0.4607597 0.6192104 0.5403016 0.6204785 0.4375056 0.642808 0.694101 0.593152 0.788945 0.592485 0.695609 0.598287 0.787509 0.597639 0.695609 0.598287 0.788945 0.592485 0.695609 0.598287 0.674491 0.619546 0.693 0.593612 0.66983 0.616987 0.693 0.593612 0.674491 0.619546 0.674491 0.619546 0.674936 0.678526 0.669405 0.618 0.670104 0.674247 0.669405 0.618 0.674936 0.678526 0.674936 0.678526 0.662829 0.674739 0.670104 0.674247 0.790052 0.592927 0.813552 0.615969 0.787509 0.597639 0.808928 0.618593 0.787509 0.597639 0.813552 0.615969 0.813992 0.616975 0.814085 0.673226 0.808928 0.618593 0.809315 0.677575 0.808928 0.618593 0.814085 0.673226 0.814085 0.673226 0.821366 0.673615 0.809315 0.677575 0.358667 0.934014 0.384146 0.933549 0.359745 0.990736 0.385222 0.990186 0.359745 0.990736 0.384146 0.933549 0.946763 0.112805 0.987745 0.113102 0.946469 0.154657 0.987177 0.1960549 0.946469 0.154657 0.987745 0.113102 0.946469 0.154657 0.987177 0.1960549 0.859599 0.154098 0.859331 0.195224 0.859599 0.154098 0.987177 0.1960549 0.213912 0.850079 0.214603 0.808959 0.233426 0.850427 0.234218 0.803348 0.233426 0.850427 0.214603 0.808959 0.299012 0.15193 0.299248 0.132948 0.332952 0.152355 0.338724 0.133451 0.332952 0.152355 0.299248 0.132948 0.220814 0.259774 0.226042 0.259816 0.219653 0.362701 0.223944 0.362749 0.219653 0.362701 0.226042 0.259816 0.220814 0.259774 0.220848 0.246612 0.226042 0.259816 0.239726 0.246643 0.226042 0.259816 0.220848 0.246612 0.239726 0.246643 0.220848 0.246612 0.239735 0.239056 0.220857 0.239038 0.239735 0.239056 0.220848 0.246612 0.239735 0.239056 0.220857 0.239038 0.243092 0.219824 0.22087 0.219813 0.243092 0.219824 0.220857 0.239038 0.243092 0.219824 0.22087 0.219813 0.243125 0.132956 0.220902 0.132948 0.243125 0.132956 0.22087 0.219813 0.785977 0.616264 0.785933 0.620555 0.751307 0.615903 0.751241 0.620195 0.751307 0.615903 0.785933 0.620555 0.751241 0.620195 0.736254 0.622025 0.751307 0.615903 0.736254 0.622025 0.751241 0.620195 0.737816 0.634514 0.736254 0.622025 0.737816 0.634514 0.706543 0.649076 0.714041 0.657281 0.706543 0.649076 0.737816 0.634514 0.706543 0.649076 0.714041 0.657281 0.705202 0.713763 0.712699 0.713992 0.705202 0.713763 0.714041 0.657281 0.745396 0.634674 0.737816 0.634514 0.751241 0.620195 0.736378 0.615607 0.751307 0.615903 0.736254 0.622025 0.345485 0.967404 0.345563 0.989627 0.303643 0.967548 0.345563 0.989627 0.208093 0.990105 0.303643 0.967548 0.208093 0.990105 0.208253 0.933006 0.303643 0.967548 0.208253 0.933006 0.277686 0.941771 0.303643 0.967548 0.277686 0.941771 0.208253 0.933006 0.277459 0.878612 0.26651 0.878641 0.277459 0.878612 0.208253 0.933006 0.845585 0.254192 0.837995 0.254296 0.845234 0.228712 0.837736 0.2288179 0.845234 0.228712 0.837995 0.254296 0.818031 0.353648 0.834554 0.352982 0.821206 0.36418</float_array>
          <technique_common>
            <accessor source="#missile_battery_0-mesh-map-0-array" count="4638" stride="2">
              <param name="S" type="float"/>
              <param name="T" type="float"/>
            </accessor>
          </technique_common>
        </source>
        <vertices id="missile_battery_0-mesh-vertices">
          <input semantic="POSITION" source="#missile_battery_0-mesh-positions"/>
        </vertices>
        <triangles material="Missie-material" count="1546">
          <input semantic="VERTEX" source="#missile_battery_0-mesh-vertices" offset="0"/>
          <input semantic="NORMAL" source="#missile_battery_0-mesh-normals" offset="1"/>
          <input semantic="TEXCOORD" source="#missile_battery_0-mesh-map-0" offset="2" set="0"/>
          <p>0 0 0 1 1 1 2 2 2 3 3 3 2 2 4 1 1 5 4 4 6 5 5 7 6 6 8 7 7 9 6 6 10 5 5 11 8 8 12 9 9 13 10 10 14 11 11 15 10 10 16 9 9 17 12 12 18 13 13 19 14 14 20 15 15 21 14 14 22 13 13 23 16 16 24 17 16 25 18 16 26 19 17 27 20 17 28 21 17 29 22 18 30 23 18 31 24 18 32 25 19 33 26 20 34 27 21 35 28 22 36 27 21 37 26 20 38 27 21 39 29 23 40 25 19 41 30 24 42 31 24 43 32 24 44 33 25 45 34 25 46 35 25 47 36 26 48 37 27 49 38 28 50 37 27 51 39 29 52 38 28 53 40 30 54 41 30 55 42 30 56 43 31 57 44 32 58 45 33 59 43 31 60 45 33 61 46 34 62 44 32 63 43 31 64 47 35 65 48 36 66 49 37 67 50 38 68 51 39 69 50 38 70 49 37 71 50 38 72 51 39 73 52 40 74 53 41 75 52 40 76 51 39 77 53 41 78 51 39 79 54 42 80 52 40 81 55 43 82 50 38 83 52 40 84 56 44 85 55 43 86 57 45 87 55 43 88 56 44 89 54 42 90 58 46 91 53 41 92 59 47 93 53 41 94 58 46 95 60 48 96 61 48 97 62 48 98 63 49 99 64 49 100 65 49 101 66 50 102 67 50 103 68 50 104 69 51 105 70 52 106 71 53 107 72 54 108 71 53 109 70 52 110 73 55 111 74 55 112 75 55 113 76 56 114 77 57 115 78 58 116 77 57 117 76 56 118 79 59 119 80 60 120 81 61 121 82 62 122 83 63 123 82 62 124 81 61 125 81 61 126 84 64 127 83 63 128 85 65 129 83 63 130 84 64 131 86 66 132 87 67 133 88 68 134 89 69 135 88 68 136 87 67 137 90 70 138 91 71 139 92 72 140 93 73 141 92 72 142 91 71 143 94 74 144 95 75 145 96 76 146 97 77 147 96 76 148 95 75 149 95 75 150 98 78 151 97 77 152 98 78 153 99 79 154 97 77 155 100 80 156 97 77 157 99 79 158 101 81 159 102 82 160 103 83 161 104 84 162 103 83 163 102 82 164 102 82 165 101 81 166 105 85 167 106 86 168 107 87 169 108 88 170 109 89 171 108 88 172 107 87 173 110 90 174 111 91 175 112 92 176 113 93 177 112 92 178 111 91 179 114 94 180 115 94 181 116 94 182 117 95 183 118 95 184 119 95 185 120 96 186 121 96 187 122 96 188 123 97 189 124 97 190 125 97 191 126 98 192 127 99 193 128 100 194 129 101 195 128 100 196 127 99 197 130 102 198 131 103 199 132 104 200 133 105 201 132 104 202 131 103 203 134 106 204 135 107 205 136 106 206 135 107 207 137 108 208 136 106 209 138 109 210 137 108 211 135 107 212 139 110 213 138 109 214 135 107 215 140 111 216 138 109 217 139 110 218 141 112 219 142 113 220 143 114 221 144 115 222 143 114 223 142 113 224 145 116 225 146 117 226 147 118 227 148 119 228 147 118 229 146 117 230 149 120 231 150 121 232 151 122 233 152 123 234 151 122 235 150 121 236 153 124 237 154 125 238 155 126 239 155 126 240 154 125 241 156 127 242 157 128 243 158 128 244 159 128 245 160 129 246 161 129 247 162 129 248 163 130 249 164 130 250 165 130 251 166 131 252 167 131 253 168 131 254 169 132 255 170 133 256 171 134 257 172 135 258 171 134 259 170 133 260 173 136 261 174 136 262 175 136 263 176 137 264 177 137 265 178 137 266 179 138 267 180 139 268 181 140 269 182 141 270 181 140 271 180 139 272 183 142 273 184 143 274 185 144 275 186 145 276 185 144 277 184 143 278 187 146 279 188 146 280 189 146 281 190 147 282 191 147 283 189 148 284 192 149 285 193 149 286 194 149 287 195 150 288 196 150 289 197 150 290 198 151 291 199 152 292 200 153 293 201 154 294 200 153 295 199 152 296 202 155 297 203 156 298 204 155 299 205 157 300 204 155 301 203 156 302 203 156 303 206 158 304 205 157 305 207 159 306 205 157 307 206 158 308 206 158 309 208 160 310 207 159 311 209 161 312 207 159 313 208 160 314 208 160 315 210 155 316 209 161 317 208 160 318 211 162 319 210 155 320 208 160 321 212 163 322 211 162 323 213 164 324 211 162 325 212 163 326 214 155 327 210 155 328 211 162 329 214 155 330 215 155 331 210 155 332 216 155 333 210 155 334 215 155 335 212 163 336 217 165 337 213 164 338 218 166 339 213 164 340 217 165 341 217 165 342 219 155 343 218 166 344 220 155 345 218 166 346 219 155 347 221 155 348 222 167 349 223 155 350 224 168 351 223 155 352 222 167 353 224 168 354 222 167 355 225 169 356 226 155 357 225 169 358 222 167 359 227 155 360 228 170 361 229 155 362 230 171 363 229 155 364 228 170 365 230 171 366 228 170 367 231 172 368 232 173 369 231 172 370 228 170 371 233 174 372 234 174 373 235 174 374 236 175 375 237 175 376 238 175 377 239 176 378 240 177 379 241 178 380 242 179 381 241 178 382 240 177 383 243 180 384 239 176 385 241 178 386 244 181 387 245 181 388 246 181 389 247 182 390 248 183 391 249 184 392 250 185 393 249 184 394 248 183 395 251 186 396 252 187 397 253 188 398 254 189 399 253 188 400 252 187 401 252 187 402 255 190 403 254 189 404 256 191 405 254 189 406 255 190 407 255 190 408 257 192 409 256 191 410 258 193 411 256 191 412 257 192 413 257 192 414 251 186 415 258 193 416 253 188 417 258 193 418 251 186 419 259 194 420 260 195 421 261 196 422 262 194 423 261 196 424 260 195 425 263 197 426 264 198 427 265 199 428 266 200 429 265 199 430 264 198 431 267 155 432 268 155 433 269 155 434 270 155 435 269 155 436 268 155 437 271 201 438 272 201 439 273 201 440 274 201 441 273 201 442 272 201 443 275 202 444 276 203 445 277 204 446 278 205 447 277 204 448 276 203 449 275 202 450 277 204 451 279 206 452 280 207 453 279 206 454 277 204 455 281 208 456 282 208 457 283 208 458 284 209 459 285 210 460 286 211 461 284 209 462 286 211 463 287 212 464 288 213 465 287 212 466 286 211 467 289 214 468 290 214 469 291 214 470 292 215 471 293 215 472 294 215 473 295 216 474 296 217 475 297 218 476 298 219 477 297 218 478 296 217 479 299 220 480 300 221 481 301 222 482 302 223 483 301 222 484 300 221 485 303 224 486 304 224 487 305 224 488 306 225 489 307 225 490 308 225 491 309 226 492 310 227 493 311 228 494 312 229 495 311 228 496 310 227 497 313 230 498 314 231 499 315 232 500 316 233 501 315 232 502 314 231 503 317 234 504 318 234 505 319 234 506 320 235 507 321 235 508 322 235 509 323 236 510 324 236 511 325 236 512 326 237 513 327 237 514 328 237 515 329 238 516 330 238 517 331 238 518 332 239 519 333 239 520 334 239 521 335 240 522 336 241 523 337 242 524 338 243 525 337 242 526 336 241 527 339 244 528 340 245 529 341 246 530 342 247 531 341 246 532 340 245 533 343 248 534 344 248 535 345 248 536 346 249 537 347 249 538 348 249 539 349 250 540 350 250 541 351 250 542 352 251 543 353 251 544 354 251 545 355 252 546 356 252 547 357 252 548 358 253 549 359 253 550 356 253 551 360 254 552 361 255 553 362 256 554 363 257 555 362 256 556 361 255 557 364 258 558 365 259 559 366 260 560 367 261 561 366 260 562 365 259 563 368 262 564 369 262 565 370 262 566 371 263 567 372 263 568 373 263 569 374 264 570 375 264 571 376 264 572 377 265 573 378 265 574 379 265 575 380 266 576 381 267 577 382 268 578 383 269 579 382 268 580 381 267 581 384 270 582 385 271 583 386 272 584 387 273 585 386 272 586 385 271 587 388 274 588 389 275 589 390 276 590 391 277 591 390 276 592 389 275 593 392 278 594 393 279 595 394 280 596 395 281 597 394 280 598 393 279 599 395 281 600 396 282 601 394 280 602 397 283 603 394 280 604 396 282 605 393 279 606 392 278 607 398 284 608 399 285 609 398 284 610 392 278 611 396 282 612 395 281 613 400 286 614 401 287 615 402 288 616 403 289 617 404 290 618 403 289 619 402 288 620 405 291 621 402 288 622 401 287 623 404 290 624 406 292 625 403 289 626 407 293 627 403 289 628 406 292 629 408 294 630 409 295 631 410 296 632 411 297 633 410 296 634 409 295 635 412 298 636 413 299 637 414 300 638 415 301 639 414 300 640 413 299 641 416 302 642 417 303 643 418 304 644 419 305 645 418 304 646 417 303 647 420 306 648 421 307 649 422 308 650 423 309 651 422 308 652 421 307 653 424 310 654 425 311 655 426 312 656 424 310 657 426 312 658 427 313 659 426 312 660 428 314 661 427 313 662 428 314 663 429 315 664 427 313 665 429 315 666 430 316 667 427 313 668 431 317 669 432 318 670 433 319 671 434 320 672 433 319 673 432 318 674 435 321 675 436 322 676 437 323 677 438 324 678 437 323 679 436 322 680 439 325 681 440 326 682 441 327 683 442 328 684 441 327 685 440 326 686 443 329 687 444 330 688 445 331 689 446 332 690 445 331 691 444 330 692 447 333 693 448 334 694 449 335 695 450 336 696 449 335 697 448 334 698 449 335 699 450 336 700 451 337 701 452 338 702 449 335 703 451 337 704 450 336 705 453 339 706 451 337 707 454 340 708 455 341 709 456 342 710 457 343 711 456 342 712 455 341 713 458 344 714 459 345 715 460 346 716 461 347 717 460 346 718 459 345 719 460 346 720 462 348 721 458 344 722 463 349 723 458 344 724 462 348 725 464 47 726 465 47 727 466 47 728 467 350 729 466 47 730 465 47 731 465 47 732 464 47 733 468 351 734 469 352 735 468 351 736 464 47 737 464 47 738 466 47 739 470 353 740 464 47 741 470 353 742 469 352 743 471 47 744 470 353 745 466 47 746 472 354 747 469 352 748 470 353 749 465 47 750 468 351 751 473 355 752 465 47 753 473 355 754 467 350 755 474 356 756 473 355 757 468 351 758 475 357 759 467 350 760 473 355 761 476 358 762 477 359 763 478 360 764 479 361 765 478 360 766 477 359 767 480 362 768 481 363 769 482 364 770 483 365 771 482 364 772 481 363 773 484 366 774 485 367 775 486 368 776 487 369 777 486 368 778 485 367 779 488 370 780 489 371 781 490 372 782 491 373 783 490 372 784 489 371 785 492 374 786 493 374 787 494 374 788 495 374 789 494 374 790 493 374 791 496 375 792 497 376 793 498 376 794 499 377 795 498 376 796 497 376 797 500 378 798 501 379 799 502 380 800 503 381 801 502 380 802 501 379 803 504 382 804 505 383 805 506 155 806 507 155 807 506 155 808 505 383 809 505 383 810 504 382 811 508 384 812 509 385 813 508 384 814 504 382 815 506 155 816 507 155 817 510 155 818 511 155 819 510 155 820 507 155 821 511 155 822 512 386 823 510 155 824 513 387 825 510 155 826 512 386 827 512 386 828 514 388 829 513 387 830 515 389 831 513 387 832 514 388 833 516 47 834 517 390 835 518 47 836 519 391 837 518 47 838 517 390 839 516 47 840 518 47 841 520 47 842 521 47 843 520 47 844 518 47 845 519 391 846 517 390 847 522 392 848 523 47 849 522 392 850 517 390 851 520 47 852 521 47 853 524 47 854 525 47 855 524 47 856 521 47 857 522 392 858 523 47 859 526 393 860 527 394 861 526 393 862 523 47 863 526 393 864 527 394 865 528 395 866 525 47 867 529 47 868 524 47 869 530 396 870 531 396 871 532 396 872 533 397 873 534 397 874 535 397 875 536 398 876 537 398 877 538 398 878 539 398 879 538 398 880 537 398 881 540 399 882 541 400 883 542 401 884 543 402 885 542 401 886 541 400 887 544 403 888 545 403 889 546 403 890 547 403 891 546 403 892 545 403 893 544 403 894 548 403 895 545 403 896 549 403 897 545 403 898 548 403 899 550 404 900 551 405 901 552 406 902 553 407 903 552 406 904 551 405 905 554 408 906 555 408 907 556 408 908 557 409 909 558 410 910 555 411 911 556 412 912 558 413 913 559 412 914 560 414 915 558 414 916 561 414 917 562 415 918 563 416 919 564 417 920 565 418 921 564 417 922 563 416 923 566 419 924 567 420 925 568 421 926 569 422 927 568 421 928 567 420 929 570 423 930 571 424 931 572 425 932 573 426 933 572 425 934 571 424 935 574 427 936 575 428 937 576 429 938 577 430 939 576 429 940 575 428 941 578 431 942 579 432 943 580 433 944 581 434 945 580 433 946 579 432 947 582 435 948 583 436 949 584 437 950 585 438 951 584 437 952 583 436 953 586 439 954 587 440 955 588 441 956 589 442 957 588 441 958 587 440 959 590 398 960 591 398 961 592 398 962 593 398 963 592 398 964 591 398 965 594 443 966 595 444 967 596 445 968 597 446 969 596 445 970 595 444 971 598 447 972 599 448 973 600 449 974 601 450 975 600 449 976 599 448 977 602 451 978 603 452 979 604 453 980 605 454 981 604 453 982 603 452 983 606 455 984 607 455 985 608 455 986 609 456 987 610 456 988 611 456 989 612 457 990 613 458 991 614 459 992 615 460 993 614 459 994 613 458 995 616 461 996 617 462 997 618 463 998 616 461 999 619 464 1000 617 462 1001 620 465 1002 621 465 1003 622 465 1004 623 466 1005 624 466 1006 625 466 1007 626 467 1008 627 468 1009 628 469 1010 629 468 1011 628 469 1012 627 468 1013 630 470 1014 631 471 1015 632 472 1016 633 473 1017 632 472 1018 631 471 1019 631 471 1020 634 474 1021 633 473 1022 635 475 1023 633 473 1024 634 474 1025 636 476 1026 637 477 1027 638 478 1028 639 479 1029 638 478 1030 637 477 1031 640 480 1032 641 480 1033 642 480 1034 643 480 1035 642 480 1036 641 480 1037 644 481 1038 645 482 1039 646 483 1040 647 484 1041 646 483 1042 645 482 1043 648 480 1044 649 485 1045 650 486 1046 651 487 1047 650 486 1048 649 485 1049 648 480 1050 650 486 1051 652 480 1052 653 480 1053 652 480 1054 650 486 1055 651 487 1056 649 485 1057 654 488 1058 655 489 1059 654 488 1060 649 485 1061 655 489 1062 656 490 1063 654 488 1064 657 491 1065 654 488 1066 656 490 1067 658 492 1068 659 493 1069 660 494 1070 661 495 1071 660 494 1072 659 493 1073 662 496 1074 663 497 1075 664 498 1076 665 499 1077 664 498 1078 663 497 1079 666 500 1080 667 500 1081 668 500 1082 669 501 1083 670 502 1084 671 403 1085 670 502 1086 669 501 1087 672 503 1088 673 403 1089 672 503 1090 669 501 1091 674 504 1092 675 504 1093 676 504 1094 677 505 1095 678 506 1096 679 507 1097 680 403 1098 679 507 1099 678 506 1100 677 505 1101 679 507 1102 681 403 1103 682 403 1104 681 403 1105 679 507 1106 683 508 1107 684 509 1108 685 510 1109 686 511 1110 685 510 1111 684 509 1112 687 512 1113 688 513 1114 689 514 1115 690 515 1116 689 514 1117 688 513 1118 691 516 1119 692 517 1120 693 518 1121 694 519 1122 693 518 1123 692 517 1124 695 520 1125 696 521 1126 697 522 1127 698 523 1128 697 522 1129 696 521 1130 699 524 1131 700 525 1132 701 526 1133 702 527 1134 701 526 1135 700 525 1136 703 528 1137 704 529 1138 705 530 1139 706 531 1140 705 530 1141 704 529 1142 707 369 1143 708 369 1144 709 369 1145 710 369 1146 709 369 1147 708 369 1148 708 369 1149 711 369 1150 710 369 1151 712 369 1152 710 369 1153 711 369 1154 713 532 1155 714 533 1156 715 534 1157 716 535 1158 715 534 1159 714 533 1160 717 536 1161 718 537 1162 719 538 1163 720 539 1164 719 538 1165 718 537 1166 721 540 1167 722 541 1168 723 542 1169 724 543 1170 723 542 1171 722 541 1172 725 544 1173 726 545 1174 727 546 1175 728 547 1176 727 546 1177 726 545 1178 729 548 1179 730 548 1180 731 548 1181 732 549 1182 733 549 1183 734 549 1184 735 550 1185 736 551 1186 737 552 1187 738 553 1188 737 552 1189 736 551 1190 739 554 1191 740 555 1192 741 556 1193 742 557 1194 741 556 1195 740 555 1196 743 558 1197 744 559 1198 745 560 1199 746 561 1200 745 560 1201 744 559 1202 747 562 1203 748 563 1204 749 564 1205 750 565 1206 749 564 1207 748 563 1208 751 566 1209 752 567 1210 753 568 1211 754 569 1212 753 568 1213 752 567 1214 755 570 1215 756 571 1216 757 572 1217 758 573 1218 757 572 1219 756 571 1220 759 574 1221 760 574 1222 761 574 1223 762 575 1224 763 575 1225 764 575 1226 765 576 1227 766 577 1228 767 578 1229 768 579 1230 767 578 1231 766 577 1232 769 580 1233 770 580 1234 771 580 1235 772 581 1236 773 581 1237 774 581 1238 775 582 1239 776 582 1240 777 582 1241 778 583 1242 779 583 1243 780 583 1244 781 584 1245 782 584 1246 783 584 1247 784 585 1248 785 585 1249 786 585 1250 787 369 1251 788 369 1252 789 369 1253 790 369 1254 789 369 1255 788 369 1256 788 369 1257 791 369 1258 790 369 1259 792 369 1260 790 369 1261 791 369 1262 793 155 1263 794 155 1264 795 155 1265 796 155 1266 795 155 1267 794 155 1268 795 155 1269 796 155 1270 797 155 1271 798 155 1272 797 155 1273 796 155 1274 794 155 1275 793 155 1276 799 155 1277 800 155 1278 799 155 1279 793 155 1280 801 586 1281 802 587 1282 803 586 1283 804 588 1284 803 586 1285 802 587 1286 805 589 1287 806 590 1288 807 591 1289 808 592 1290 807 591 1291 806 590 1292 809 593 1293 810 594 1294 811 595 1295 812 596 1296 811 595 1297 810 594 1298 813 597 1299 814 597 1300 815 597 1301 816 598 1302 817 599 1303 818 600 1304 819 601 1305 818 600 1306 817 599 1307 820 602 1308 821 603 1309 822 604 1310 823 605 1311 822 604 1312 821 603 1313 824 606 1314 825 606 1315 826 606 1316 827 369 1317 828 369 1318 829 369 1319 830 369 1320 829 369 1321 828 369 1322 831 480 1323 832 480 1324 833 480 1325 834 480 1326 833 480 1327 832 480 1328 833 480 1329 834 480 1330 835 480 1331 836 480 1332 835 480 1333 834 480 1334 837 607 1335 838 608 1336 839 609 1337 840 610 1338 839 609 1339 838 608 1340 841 611 1341 842 612 1342 843 611 1343 844 611 1344 843 611 1345 842 612 1346 845 613 1347 846 614 1348 847 403 1349 848 403 1350 847 403 1351 846 614 1352 845 613 1353 849 615 1354 846 614 1355 850 616 1356 846 614 1357 849 615 1358 850 616 1359 849 615 1360 851 617 1361 852 618 1362 851 617 1363 849 615 1364 851 617 1365 852 618 1366 853 619 1367 854 620 1368 853 619 1369 852 618 1370 853 619 1371 854 620 1372 855 621 1373 856 622 1374 855 621 1375 854 620 1376 857 47 1377 858 47 1378 859 623 1379 860 624 1380 859 623 1381 858 47 1382 860 624 1383 861 625 1384 859 623 1385 861 625 1386 860 624 1387 862 626 1388 861 625 1389 862 626 1390 863 627 1391 864 628 1392 863 627 1393 862 626 1394 863 627 1395 864 628 1396 865 629 1397 866 630 1398 865 629 1399 864 628 1400 867 47 1401 862 626 1402 860 624 1403 868 631 1404 859 623 1405 861 625 1406 869 155 1407 870 155 1408 871 632 1409 870 155 1410 872 633 1411 871 632 1412 872 633 1413 873 634 1414 871 632 1415 873 634 1416 874 635 1417 871 632 1418 874 635 1419 873 634 1420 875 155 1421 876 155 1422 875 155 1423 873 634 1424 877 636 1425 878 636 1426 879 636 1427 880 637 1428 878 638 1429 881 637 1430 882 639 1431 883 640 1432 884 641 1433 885 642 1434 884 641 1435 883 640 1436 886 643 1437 887 643 1438 888 643 1439 889 644 1440 890 645 1441 891 646 1442 892 647 1443 891 646 1444 890 645 1445 893 648 1446 894 649 1447 895 650 1448 896 651 1449 895 650 1450 894 649 1451 897 652 1452 898 653 1453 899 654 1454 900 655 1455 899 654 1456 898 653 1457 901 656 1458 902 657 1459 903 658 1460 904 659 1461 903 658 1462 902 657 1463 901 656 1464 903 658 1465 905 660 1466 906 661 1467 905 660 1468 903 658 1469 902 657 1470 907 662 1471 904 659 1472 908 663 1473 904 659 1474 907 662 1475 901 656 1476 905 660 1477 909 664 1478 910 665 1479 911 666 1480 912 667 1481 913 668 1482 912 667 1483 911 666 1484 911 666 1485 914 669 1486 913 668 1487 910 665 1488 912 667 1489 915 670 1490 916 671 1491 915 670 1492 912 667 1493 917 672 1494 918 673 1495 919 674 1496 920 675 1497 919 674 1498 918 673 1499 921 676 1500 922 677 1501 923 678 1502 924 679 1503 923 678 1504 922 677 1505 925 680 1506 926 681 1507 927 682 1508 928 683 1509 927 682 1510 926 681 1511 929 684 1512 930 685 1513 931 686 1514 932 687 1515 931 686 1516 930 685 1517 933 688 1518 934 689 1519 935 690 1520 935 690 1521 934 689 1522 936 691 1523 937 692 1524 935 690 1525 936 691 1526 938 693 1527 937 692 1528 936 691 1529 939 694 1530 938 693 1531 936 691 1532 940 695 1533 939 694 1534 936 691 1535 941 696 1536 942 697 1537 943 698 1538 944 699 1539 943 698 1540 942 697 1541 945 700 1542 946 701 1543 947 702 1544 948 703 1545 947 702 1546 946 701 1547 949 704 1548 950 705 1549 951 706 1550 952 707 1551 951 706 1552 950 705 1553 953 708 1554 954 709 1555 955 710 1556 956 711 1557 955 710 1558 954 709 1559 957 712 1560 958 713 1561 959 714 1562 960 715 1563 959 714 1564 958 713 1565 957 712 1566 959 714 1567 961 716 1568 962 717 1569 957 712 1570 961 716 1571 959 714 1572 963 718 1573 961 716 1574 964 719 1575 965 720 1576 966 721 1577 967 722 1578 966 721 1579 965 720 1580 968 723 1581 969 724 1582 970 725 1583 971 726 1584 970 725 1585 969 724 1586 970 725 1587 971 726 1588 972 727 1589 973 728 1590 972 727 1591 971 726 1592 974 729 1593 975 730 1594 976 731 1595 977 732 1596 976 731 1597 975 730 1598 975 730 1599 978 733 1600 977 732 1601 979 734 1602 977 732 1603 978 733 1604 977 732 1605 980 735 1606 976 731 1607 977 732 1608 979 734 1609 980 735 1610 981 736 1611 976 731 1612 980 735 1613 982 737 1614 980 735 1615 979 734 1616 975 730 1617 983 738 1618 978 733 1619 975 730 1620 974 729 1621 983 738 1622 984 47 1623 978 733 1624 983 738 1625 985 739 1626 983 738 1627 974 729 1628 986 740 1629 987 740 1630 988 740 1631 989 369 1632 990 369 1633 991 369 1634 992 741 1635 993 741 1636 994 741 1637 995 742 1638 996 743 1639 997 744 1640 998 745 1641 997 744 1642 996 743 1643 999 369 1644 1000 746 1645 1001 747 1646 1002 748 1647 1001 747 1648 1000 746 1649 1003 749 1650 1004 750 1651 1005 751 1652 1006 752 1653 1005 751 1654 1004 750 1655 1007 753 1656 1008 754 1657 1009 755 1658 1010 755 1659 1009 755 1660 1008 754 1661 1011 756 1662 1012 757 1663 1013 758 1664 1014 759 1665 1013 758 1666 1012 757 1667 1015 760 1668 1016 761 1669 1017 762 1670 1018 763 1671 1017 762 1672 1016 761 1673 1019 155 1674 1020 155 1675 1021 155 1676 1022 155 1677 1021 155 1678 1020 155 1679 1020 155 1680 1023 155 1681 1022 155 1682 1024 155 1683 1022 155 1684 1023 155 1685 1021 155 1686 1025 155 1687 1019 155 1688 1026 155 1689 1019 155 1690 1025 155 1691 1026 155 1692 1025 155 1693 1027 155 1694 1028 155 1695 1027 155 1696 1025 155 1697 1027 155 1698 1028 155 1699 1029 155 1700 1030 155 1701 1029 155 1702 1028 155 1703 1031 47 1704 1032 47 1705 1033 47 1706 1034 47 1707 1033 47 1708 1032 47 1709 1034 47 1710 1035 47 1711 1033 47 1712 1036 47 1713 1033 47 1714 1035 47 1715 1031 47 1716 1037 47 1717 1032 47 1718 1038 47 1719 1032 47 1720 1037 47 1721 1035 47 1722 1039 47 1723 1036 47 1724 1040 47 1725 1036 47 1726 1039 47 1727 1037 47 1728 1041 764 1729 1038 47 1730 1042 765 1731 1038 47 1732 1041 764 1733 1042 765 1734 1041 764 1735 1043 395 1736 1044 47 1737 1040 47 1738 1039 47 1739 1045 766 1740 1046 766 1741 1047 766 1742 1048 767 1743 1049 767 1744 1050 767 1745 1051 768 1746 1052 768 1747 1053 768 1748 1054 480 1749 1055 480 1750 1056 480 1751 1057 480 1752 1056 480 1753 1055 480 1754 1058 769 1755 1059 770 1756 1060 771 1757 1061 772 1758 1060 771 1759 1059 770 1760 1062 403 1761 1063 403 1762 1064 403 1763 1065 403 1764 1064 403 1765 1063 403 1766 1065 403 1767 1063 403 1768 1066 403 1769 1067 403 1770 1066 403 1771 1063 403 1772 1068 399 1773 1069 773 1774 1070 510 1775 1071 774 1776 1070 510 1777 1069 773 1778 1072 775 1779 1073 776 1780 1074 777 1781 1072 775 1782 1074 777 1783 1075 778 1784 1072 775 1785 1075 778 1786 1076 779 1787 1077 780 1788 1076 779 1789 1075 778 1790 1077 780 1791 1075 778 1792 1078 781 1793 1079 782 1794 1078 781 1795 1075 778 1796 1080 783 1797 1075 778 1798 1074 777 1799 1081 784 1800 1082 785 1801 1083 786 1802 1084 787 1803 1083 786 1804 1082 785 1805 1085 788 1806 1086 789 1807 1087 790 1808 1088 791 1809 1087 790 1810 1086 789 1811 1089 792 1812 1090 793 1813 1091 794 1814 1092 795 1815 1091 794 1816 1090 793 1817 1093 796 1818 1094 797 1819 1095 798 1820 1096 799 1821 1095 798 1822 1094 797 1823 1097 800 1824 1098 801 1825 1099 802 1826 1100 803 1827 1099 802 1828 1098 801 1829 1101 804 1830 1102 805 1831 1103 806 1832 1104 807 1833 1103 806 1834 1102 805 1835 1105 808 1836 1106 809 1837 1107 810 1838 1108 811 1839 1107 810 1840 1106 809 1841 1109 480 1842 1110 480 1843 1111 480 1844 1112 480 1845 1111 480 1846 1110 480 1847 1113 812 1848 1114 813 1849 1115 814 1850 1116 815 1851 1115 814 1852 1114 813 1853 1117 816 1854 1118 817 1855 1119 818 1856 1120 819 1857 1119 818 1858 1118 817 1859 1121 820 1860 1122 821 1861 1123 822 1862 1124 823 1863 1123 822 1864 1122 821 1865 1125 824 1866 1126 824 1867 1127 824 1868 1128 825 1869 1129 825 1870 1130 825 1871 1131 826 1872 1132 827 1873 1133 828 1874 1134 829 1875 1133 828 1876 1132 827 1877 1135 830 1878 1136 831 1879 1137 832 1880 1136 831 1881 1135 830 1882 1138 833 1883 1139 834 1884 1140 834 1885 1141 834 1886 1142 835 1887 1143 835 1888 1144 835 1889 1145 836 1890 1146 837 1891 1147 838 1892 1148 839 1893 1147 838 1894 1146 837 1895 1149 840 1896 1150 841 1897 1151 842 1898 1152 843 1899 1151 842 1900 1150 841 1901 1150 841 1902 1149 840 1903 1153 844 1904 1154 845 1905 1153 844 1906 1149 840 1907 1155 846 1908 1156 847 1909 1157 848 1910 1158 849 1911 1157 848 1912 1156 847 1913 1159 398 1914 1160 398 1915 1161 398 1916 1162 398 1917 1161 398 1918 1160 398 1919 1163 850 1920 1164 851 1921 1165 852 1922 1166 853 1923 1165 852 1924 1164 851 1925 1167 854 1926 1168 855 1927 1169 856 1928 1170 398 1929 1169 856 1930 1168 855 1931 1170 398 1932 1171 398 1933 1169 856 1934 1172 398 1935 1169 856 1936 1171 398 1937 1167 854 1938 1173 857 1939 1168 855 1940 1174 858 1941 1168 855 1942 1173 857 1943 1174 858 1944 1173 857 1945 1175 859 1946 1176 860 1947 1175 859 1948 1173 857 1949 1177 861 1950 1178 862 1951 1179 863 1952 1180 864 1953 1179 863 1954 1178 862 1955 1181 865 1956 1182 866 1957 1183 867 1958 1184 868 1959 1183 867 1960 1182 866 1961 1185 869 1962 1186 403 1963 1187 870 1964 1187 870 1965 1188 871 1966 1185 869 1967 1189 403 1968 1185 869 1969 1188 871 1970 1190 872 1971 1191 872 1972 1192 872 1973 1193 873 1974 1194 873 1975 1195 873 1976 1196 403 1977 1197 874 1978 1198 875 1979 1199 876 1980 1198 875 1981 1197 874 1982 1199 876 1983 1200 403 1984 1198 875 1985 1201 403 1986 1198 875 1987 1200 403 1988 1202 877 1989 1203 878 1990 1204 879 1991 1205 880 1992 1204 879 1993 1203 878 1994 1206 881 1995 1207 882 1996 1208 882 1997 1209 883 1998 1208 882 1999 1207 882 2000 1210 884 2001 1211 885 2002 1212 886 2003 1213 887 2004 1212 886 2005 1211 885 2006 1214 888 2007 1215 889 2008 1216 890 2009 1217 891 2010 1216 890 2011 1215 889 2012 1218 892 2013 1219 893 2014 1220 894 2015 1221 895 2016 1220 894 2017 1219 893 2018 1222 896 2019 1223 897 2020 1224 898 2021 1225 899 2022 1224 898 2023 1223 897 2024 1226 369 2025 1227 369 2026 1228 369 2027 1229 369 2028 1228 369 2029 1227 369 2030 1227 369 2031 1226 369 2032 1230 369 2033 1231 369 2034 1230 369 2035 1226 369 2036 1232 900 2037 1233 901 2038 1234 902 2039 1235 531 2040 1234 902 2041 1233 901 2042 1236 903 2043 1237 904 2044 1238 905 2045 1239 906 2046 1238 905 2047 1237 904 2048 1240 907 2049 1241 908 2050 1242 909 2051 1243 910 2052 1242 909 2053 1241 908 2054 1244 911 2055 1245 912 2056 1246 913 2057 1247 914 2058 1246 913 2059 1245 912 2060 1248 915 2061 1249 915 2062 1250 915 2063 1251 916 2064 1252 916 2065 1253 916 2066 1254 917 2067 1255 918 2068 1256 919 2069 1257 920 2070 1256 919 2071 1255 918 2072 1258 921 2073 1259 922 2074 1260 923 2075 1261 924 2076 1260 923 2077 1259 922 2078 1262 925 2079 1263 926 2080 1264 927 2081 1265 928 2082 1264 927 2083 1263 926 2084 1266 929 2085 1267 930 2086 1268 931 2087 1269 932 2088 1268 931 2089 1267 930 2090 1270 933 2091 1271 934 2092 1272 935 2093 1273 936 2094 1272 935 2095 1271 934 2096 1274 937 2097 1275 938 2098 1276 939 2099 1277 940 2100 1276 939 2101 1275 938 2102 1278 941 2103 1279 941 2104 1280 941 2105 1281 942 2106 1282 942 2107 1283 942 2108 1284 943 2109 1285 944 2110 1286 945 2111 1287 946 2112 1286 945 2113 1285 944 2114 1288 947 2115 1289 947 2116 1290 947 2117 1291 948 2118 1292 948 2119 1293 948 2120 1294 949 2121 1295 949 2122 1296 949 2123 1297 950 2124 1298 950 2125 1299 950 2126 1300 951 2127 1301 951 2128 1302 951 2129 1303 952 2130 1304 952 2131 1305 952 2132 1306 369 2133 1307 369 2134 1308 369 2135 1309 369 2136 1308 369 2137 1307 369 2138 1307 369 2139 1306 369 2140 1310 369 2141 1311 369 2142 1310 369 2143 1306 369 2144 1312 155 2145 1313 155 2146 1314 155 2147 1315 155 2148 1314 155 2149 1313 155 2150 1314 155 2151 1316 155 2152 1312 155 2153 1317 155 2154 1312 155 2155 1316 155 2156 1313 155 2157 1318 155 2158 1315 155 2159 1319 155 2160 1315 155 2161 1318 155 2162 1320 953 2163 1321 954 2164 1322 955 2165 1323 956 2166 1322 955 2167 1321 954 2168 1324 957 2169 1325 958 2170 1326 959 2171 1327 960 2172 1326 959 2173 1325 958 2174 1328 961 2175 1329 962 2176 1330 963 2177 1331 964 2178 1330 963 2179 1329 962 2180 1332 965 2181 1333 965 2182 1334 965 2183 1335 966 2184 1336 967 2185 1337 968 2186 1338 969 2187 1337 968 2188 1336 967 2189 1339 970 2190 1340 971 2191 1341 972 2192 1342 602 2193 1341 972 2194 1340 971 2195 1343 973 2196 1344 973 2197 1345 973 2198 1346 369 2199 1347 369 2200 1348 369 2201 1349 369 2202 1348 369 2203 1347 369 2204 1350 398 2205 1351 398 2206 1352 398 2207 1353 398 2208 1352 398 2209 1351 398 2210 1352 398 2211 1354 398 2212 1350 398 2213 1355 398 2214 1350 398 2215 1354 398 2216 1356 974 2217 1357 975 2218 1358 976 2219 1359 977 2220 1358 976 2221 1357 975 2222 1360 978 2223 1361 979 2224 1362 980 2225 1363 979 2226 1362 980 2227 1361 979 2228 1364 403 2229 1365 981 2230 1366 403 2231 1367 982 2232 1366 403 2233 1365 981 2234 1367 982 2235 1365 981 2236 1368 983 2237 1369 984 2238 1368 983 2239 1365 981 2240 1369 984 2241 1370 985 2242 1368 983 2243 1371 986 2244 1368 983 2245 1370 985 2246 1370 985 2247 1372 987 2248 1371 986 2249 1373 988 2250 1371 986 2251 1372 987 2252 1372 987 2253 1374 989 2254 1373 988 2255 1375 990 2256 1373 988 2257 1374 989 2258 1376 991 2259 1377 47 2260 1378 992 2261 1379 47 2262 1378 992 2263 1377 47 2264 1376 991 2265 1378 992 2266 1380 993 2267 1380 993 2268 1381 994 2269 1376 991 2270 1380 993 2271 1382 995 2272 1381 994 2273 1383 996 2274 1381 994 2275 1382 995 2276 1382 995 2277 1384 997 2278 1383 996 2279 1385 998 2280 1383 996 2281 1384 997 2282 1386 47 2283 1376 991 2284 1381 994 2285 1387 999 2286 1380 993 2287 1378 992 2288 1388 155 2289 1389 1000 2290 1390 1001 2291 1389 1000 2292 1391 1002 2293 1390 1001 2294 1391 1002 2295 1392 155 2296 1390 1001 2297 1392 155 2298 1393 155 2299 1390 1001 2300 1388 155 2301 1394 155 2302 1389 1000 2303 1395 155 2304 1389 1000 2305 1394 155 2306 1396 1003 2307 1397 1004 2308 1398 1005 2309 1399 1006 2310 1398 1005 2311 1397 1004 2312 1400 1007 2313 1401 1007 2314 1402 1007 2315 1403 1008 2316 1404 1009 2317 1405 1010 2318 1406 1011 2319 1405 1010 2320 1404 1009 2321 1407 1012 2322 1408 1013 2323 1409 1014 2324 1410 1015 2325 1409 1014 2326 1408 1013 2327 1411 1016 2328 1412 1017 2329 1413 1018 2330 1414 1019 2331 1413 1018 2332 1412 1017 2333 1415 1020 2334 1416 1021 2335 1417 1022 2336 1418 1023 2337 1417 1022 2338 1416 1021 2339 1419 1024 2340 1420 1024 2341 1421 1024 2342 1422 1025 2343 1423 1025 2344 1424 1025 2345 1425 1026 2346 1426 1026 2347 1427 1026 2348 1428 1027 2349 1429 1028 2350 1430 1029 2351 1431 1030 2352 1430 1029 2353 1429 1028 2354 1432 1031 2355 1430 1029 2356 1431 1030 2357 1433 1032 2358 1434 1032 2359 1435 1032 2360 1436 1033 2361 1437 1033 2362 1438 1033 2363 1439 1034 2364 1440 1034 2365 1441 1034 2366 1442 1035 2367 1443 1036 2368 1444 1037 2369 1443 1036 2370 1445 1038 2371 1444 1037 2372 1446 1039 2373 1447 1040 2374 1448 1041 2375 1448 1041 2376 1447 1040 2377 1449 1042 2378 1447 1040 2379 1446 1039 2380 1450 1043 2381 1451 1044 2382 1452 1045 2383 1453 1046 2384 1454 36 2385 1453 1046 2386 1452 1045 2387 1453 1046 2388 1455 1047 2389 1451 1044 2390 1456 1048 2391 1451 1044 2392 1455 1047 2393 1451 1044 2394 1456 1048 2395 1457 1049 2396 1458 1050 2397 1455 1047 2398 1453 1046 2399 1455 1047 2400 1458 1050 2401 1459 1051 2402 1460 1052 2403 1459 1051 2404 1458 1050 2405 1457 1049 2406 1456 1048 2407 1461 1053 2408 1462 47 2409 1461 1053 2410 1456 1048 2411 1463 1054 2412 1464 1054 2413 1465 1054 2414 1466 1055 2415 1467 1055 2416 1468 1055 2417 1469 1056 2418 1470 1056 2419 1471 1056 2420 1472 1057 2421 1473 1058 2422 1474 1059 2423 1475 51 2424 1474 1059 2425 1473 1058 2426 1476 1060 2427 1477 1061 2428 1478 1062 2429 1476 1060 2430 1478 1062 2431 1479 1063 2432 1480 1064 2433 1481 1064 2434 1482 1064 2435 1483 1065 2436 1484 1066 2437 1485 1067 2438 1486 1068 2439 1485 1067 2440 1484 1066 2441 1484 1066 2442 1483 1065 2443 1487 1069 2444 1488 1070 2445 1487 1069 2446 1483 1065 2447 1489 1071 2448 1490 1072 2449 1491 1073 2450 1492 1074 2451 1491 1073 2452 1490 1072 2453 1493 1075 2454 1494 1076 2455 1495 1077 2456 1496 1078 2457 1495 1077 2458 1494 1076 2459 1497 1079 2460 1498 1080 2461 1499 1081 2462 1500 1082 2463 1499 1081 2464 1498 1080 2465 1501 1083 2466 1498 1080 2467 1497 1079 2468 1501 1083 2469 1497 1079 2470 1502 1084 2471 1503 1085 2472 1502 1084 2473 1497 1079 2474 1504 1086 2475 1505 1087 2476 1506 1088 2477 1507 1089 2478 1506 1088 2479 1505 1087 2480 1507 1089 2481 1505 1087 2482 1508 1090 2483 1509 1091 2484 1510 1092 2485 1511 1093 2486 1512 1094 2487 1511 1093 2488 1510 1092 2489 1513 1095 2490 1514 1096 2491 1515 1097 2492 1516 1098 2493 1515 1097 2494 1514 1096 2495 1517 1099 2496 1518 1099 2497 1519 1099 2498 1520 1100 2499 1521 1100 2500 1522 1100 2501 1523 1101 2502 1524 1101 2503 1525 1101 2504 1526 1102 2505 1527 1102 2506 1528 1102 2507 1529 98 2508 1530 1103 2509 1531 1104 2510 1532 1105 2511 1531 1104 2512 1530 1103 2513 1533 1106 2514 1534 1107 2515 1535 1108 2516 1536 1109 2517 1535 1108 2518 1534 1107 2519 1537 1110 2520 1538 1111 2521 1539 1112 2522 1538 1111 2523 1540 1113 2524 1539 1112 2525 1539 1112 2526 1540 1113 2527 1541 1114 2528 1541 1114 2529 1540 1113 2530 1542 1115 2531 1540 1113 2532 1543 1116 2533 1542 1115 2534 1544 1117 2535 1545 1118 2536 1546 1119 2537 1547 1120 2538 1546 1119 2539 1545 1118 2540 1548 1121 2541 1549 1122 2542 1550 1123 2543 1551 116 2544 1550 1123 2545 1549 1122 2546 1552 1124 2547 1553 1125 2548 1554 1126 2549 1555 1127 2550 1554 1126 2551 1553 1125 2552 1556 1128 2553 1557 1129 2554 1558 1130 2555 1557 1129 2556 1559 1131 2557 1558 1130 2558 1560 1132 2559 1561 1132 2560 1562 1132 2561 1563 1133 2562 1564 1133 2563 1565 1133 2564 1566 1134 2565 1567 1134 2566 1568 1134 2567 1569 1135 2568 1570 1135 2569 1571 1135 2570 1572 1136 2571 1573 1137 2572 1574 1138 2573 1575 1139 2574 1574 1138 2575 1573 1137 2576 1576 1140 2577 1577 1140 2578 1578 1140 2579 1579 1141 2580 1580 1141 2581 1581 1141 2582 1582 1142 2583 1583 1143 2584 1584 1144 2585 1585 1145 2586 1584 1144 2587 1583 1143 2588 1586 1146 2589 1587 1147 2590 1588 1148 2591 1589 142 2592 1588 1148 2593 1587 1147 2594 1590 1149 2595 1591 1149 2596 1592 1149 2597 1593 1150 2598 1594 1150 2599 1595 1150 2600 1596 1151 2601 1597 1151 2602 1595 1152 2603 1598 1153 2604 1599 1153 2605 1600 1153 2606 1601 1154 2607 1602 1155 2608 1603 1156 2609 1604 1157 2610 1603 1156 2611 1602 1155 2612 1605 1158 2613 1606 1159 2614 1607 155 2615 1608 155 2616 1607 155 2617 1606 1159 2618 1606 1159 2619 1605 1158 2620 1609 1160 2621 1610 1161 2622 1609 1160 2623 1605 1158 2624 1609 1160 2625 1610 1161 2626 1611 1162 2627 1612 1163 2628 1611 1162 2629 1610 1161 2630 1613 1164 2631 1611 1162 2632 1612 1163 2633 1611 1162 2634 1613 1164 2635 1614 1165 2636 1611 1162 2637 1614 1165 2638 1615 1166 2639 1616 1167 2640 1615 1166 2641 1614 1165 2642 1617 155 2643 1614 1165 2644 1613 1164 2645 1617 155 2646 1613 1164 2647 1618 155 2648 1619 155 2649 1618 155 2650 1613 1164 2651 1615 1166 2652 1616 1167 2653 1620 1168 2654 1621 1169 2655 1620 1168 2656 1616 1167 2657 1620 1168 2658 1621 1169 2659 1622 155 2660 1623 155 2661 1622 155 2662 1621 1169 2663 1624 1170 2664 1625 1171 2665 1626 155 2666 1627 155 2667 1626 155 2668 1625 1171 2669 1624 1170 2670 1628 1172 2671 1625 1171 2672 1629 155 2673 1625 1171 2674 1628 1172 2675 1630 1173 2676 1631 1174 2677 1632 155 2678 1633 155 2679 1632 155 2680 1631 1174 2681 1630 1173 2682 1634 1175 2683 1631 1174 2684 1635 1176 2685 1631 1174 2686 1634 1175 2687 1636 1177 2688 1637 1177 2689 1638 1177 2690 1639 1178 2691 1640 1178 2692 1641 1178 2693 1642 1179 2694 1643 1180 2695 1644 1181 2696 1642 1179 2697 1644 1181 2698 1645 1182 2699 1646 179 2700 1645 1182 2701 1644 1181 2702 1647 1183 2703 1648 1183 2704 1649 1183 2705 1650 1184 2706 1651 1185 2707 1652 1186 2708 1653 1187 2709 1652 1186 2710 1651 1185 2711 1654 1188 2712 1655 1189 2713 1656 1190 2714 1657 1191 2715 1656 1190 2716 1655 1189 2717 1655 1189 2718 1654 1188 2719 1658 1192 2720 1659 1193 2721 1658 1192 2722 1654 1188 2723 1658 1192 2724 1659 1193 2725 1660 1194 2726 1661 1195 2727 1660 1194 2728 1659 1193 2729 1656 1190 2730 1657 1191 2731 1661 1195 2732 1660 1194 2733 1661 1195 2734 1657 1191 2735 1662 194 2736 1663 195 2737 1664 196 2738 1665 194 2739 1664 196 2740 1663 195 2741 1666 200 2742 1667 198 2743 1668 199 2744 1669 197 2745 1668 199 2746 1667 198 2747 1670 155 2748 1671 155 2749 1672 155 2750 1673 155 2751 1672 155 2752 1671 155 2753 1674 201 2754 1675 201 2755 1676 201 2756 1677 201 2757 1676 201 2758 1675 201 2759 1678 1196 2760 1679 1197 2761 1680 1198 2762 1681 1199 2763 1680 1198 2764 1679 1197 2765 1681 1200 2766 1682 1201 2767 1683 1202 2768 1684 1203 2769 1683 1202 2770 1682 1201 2771 1685 1204 2772 1686 1204 2773 1687 1204 2774 1688 1205 2775 1689 1206 2776 1690 1207 2777 1688 1205 2778 1691 1208 2779 1689 1206 2780 1692 1209 2781 1689 1206 2782 1691 1208 2783 1693 1210 2784 1694 1210 2785 1695 1210 2786 1696 1211 2787 1697 1211 2788 1698 1211 2789 1699 1212 2790 1700 1213 2791 1701 1214 2792 1702 1215 2793 1701 1214 2794 1700 1213 2795 1703 1216 2796 1704 1217 2797 1705 1218 2798 1706 1219 2799 1705 1218 2800 1704 1217 2801 1707 1220 2802 1708 1220 2803 1709 1220 2804 1710 1221 2805 1711 1221 2806 1712 1221 2807 1713 1222 2808 1714 1223 2809 1715 1224 2810 1716 1225 2811 1715 1224 2812 1714 1223 2813 1717 1226 2814 1718 1227 2815 1719 1228 2816 1720 1229 2817 1719 1228 2818 1718 1227 2819 1721 1230 2820 1722 1230 2821 1723 1230 2822 1724 1231 2823 1725 1232 2824 1726 1233 2825 1724 1231 2826 1727 1234 2827 1725 1232 2828 1728 1235 2829 1725 1232 2830 1727 1234 2831 1729 1236 2832 1730 1236 2833 1731 1236 2834 1732 1237 2835 1733 1237 2836 1734 1237 2837 1735 1238 2838 1736 1238 2839 1737 1238 2840 1738 1239 2841 1739 1239 2842 1740 1239 2843 1741 1240 2844 1742 1240 2845 1743 1240 2846 1744 1241 2847 1745 1242 2848 1746 1243 2849 1744 1241 2850 1747 1244 2851 1745 1242 2852 1748 1245 2853 1749 1245 2854 1750 1245 2855 1751 1246 2856 1752 1246 2857 1753 1246 2858 1754 1247 2859 1755 1247 2860 1756 1247 2861 1757 1248 2862 1758 1249 2863 1759 1250 2864 1760 1251 2865 1759 1250 2866 1758 1249 2867 1761 1252 2868 1762 1253 2869 1763 1254 2870 1764 1255 2871 1763 1254 2872 1762 1253 2873 1765 1256 2874 1766 1257 2875 1767 1258 2876 1768 1259 2877 1767 1258 2878 1766 1257 2879 1769 1260 2880 1770 1260 2881 1771 1260 2882 1772 1261 2883 1773 1261 2884 1774 1261 2885 1775 1262 2886 1776 1262 2887 1777 1262 2888 1778 1263 2889 1779 1263 2890 1780 1263 2891 1781 1264 2892 1782 1265 2893 1783 1266 2894 1784 1267 2895 1783 1266 2896 1782 1265 2897 1785 1268 2898 1786 1269 2899 1787 1270 2900 1788 1271 2901 1787 1270 2902 1786 1269 2903 1789 1272 2904 1790 1273 2905 1791 1274 2906 1792 1275 2907 1791 1274 2908 1790 1273 2909 1793 1276 2910 1794 1277 2911 1795 1278 2912 1796 1279 2913 1795 1278 2914 1794 1277 2915 1793 1276 2916 1795 1278 2917 1797 1280 2918 1798 1281 2919 1797 1280 2920 1795 1278 2921 1794 1277 2922 1799 1282 2923 1796 1279 2924 1800 1283 2925 1796 1279 2926 1799 1282 2927 1793 1276 2928 1797 1280 2929 1801 1284 2930 1802 1285 2931 1803 1286 2932 1804 1287 2933 1805 1288 2934 1804 1287 2935 1803 1286 2936 1803 1286 2937 1806 1289 2938 1805 1288 2939 1802 1285 2940 1804 1287 2941 1807 1290 2942 1808 1291 2943 1807 1290 2944 1804 1287 2945 1809 1292 2946 1810 1293 2947 1811 1294 2948 1812 1295 2949 1811 1294 2950 1810 1293 2951 1813 1296 2952 1814 1297 2953 1815 1298 2954 1816 1299 2955 1815 1298 2956 1814 1297 2957 1817 1300 2958 1818 1301 2959 1819 1302 2960 1820 1303 2961 1819 1302 2962 1818 1301 2963 1821 1304 2964 1822 1305 2965 1823 1306 2966 1824 1307 2967 1823 1306 2968 1822 1305 2969 1825 1308 2970 1826 1309 2971 1827 1310 2972 1827 1310 2973 1826 1309 2974 1828 1311 2975 1829 1312 2976 1827 1310 2977 1828 1311 2978 1830 1313 2979 1829 1312 2980 1828 1311 2981 1831 1314 2982 1830 1313 2983 1828 1311 2984 1832 1315 2985 1833 1316 2986 1834 1317 2987 1835 1318 2988 1834 1317 2989 1833 1316 2990 1836 1319 2991 1837 1320 2992 1838 1321 2993 1839 1322 2994 1838 1321 2995 1837 1320 2996 1840 1323 2997 1841 1324 2998 1842 1325 2999 1843 1326 3000 1842 1325 3001 1841 1324 3002 1844 1327 3003 1845 1328 3004 1846 1329 3005 1847 1330 3006 1846 1329 3007 1845 1328 3008 1848 1331 3009 1849 1332 3010 1850 1333 3011 1851 1334 3012 1850 1333 3013 1849 1332 3014 1848 1331 3015 1850 1333 3016 1852 1335 3017 1853 1336 3018 1848 1331 3019 1852 1335 3020 1850 1333 3021 1854 1337 3022 1852 1335 3023 1855 1338 3024 1856 1339 3025 1857 1340 3026 1858 1341 3027 1857 1340 3028 1856 1339 3029 1859 1342 3030 1860 1343 3031 1861 1344 3032 1862 1345 3033 1861 1344 3034 1860 1343 3035 1861 1344 3036 1862 1345 3037 1863 1346 3038 1864 1347 3039 1863 1346 3040 1862 1345 3041 1865 1348 3042 1866 47 3043 1867 47 3044 1868 47 3045 1867 47 3046 1866 47 3047 1866 47 3048 1869 1349 3049 1868 47 3050 1870 1350 3051 1868 47 3052 1869 1349 3053 1868 47 3054 1871 1351 3055 1867 47 3056 1868 47 3057 1870 1350 3058 1871 1351 3059 1872 47 3060 1867 47 3061 1871 1351 3062 1873 1352 3063 1871 1351 3064 1870 1350 3065 1866 47 3066 1874 1353 3067 1869 1349 3068 1866 47 3069 1865 1348 3070 1874 1353 3071 1875 1354 3072 1869 1349 3073 1874 1353 3074 1876 1355 3075 1874 1353 3076 1865 1348 3077 1877 1356 3078 1878 1357 3079 1879 1358 3080 1880 1359 3081 1879 1358 3082 1878 1357 3083 1881 1360 3084 1882 1361 3085 1883 1362 3086 1884 1363 3087 1883 1362 3088 1882 1361 3089 1885 403 3090 1886 1364 3091 1887 1365 3092 1888 1366 3093 1887 1365 3094 1886 1364 3095 1889 401 3096 1890 1367 3097 1891 1368 3098 1892 1369 3099 1891 1368 3100 1890 1367 3101 1893 1370 3102 1894 1371 3103 1895 1372 3104 1896 1373 3105 1895 1372 3106 1894 1371 3107 1897 1374 3108 1898 1375 3109 1899 1375 3110 1900 1376 3111 1899 1375 3112 1898 1375 3113 1901 1377 3114 1902 1378 3115 1903 1379 3116 1904 1380 3117 1903 1379 3118 1902 1378 3119 1905 155 3120 1906 1381 3121 1907 155 3122 1908 1382 3123 1907 155 3124 1906 1381 3125 1906 1381 3126 1909 1383 3127 1908 1382 3128 1910 1384 3129 1908 1382 3130 1909 1383 3131 1907 155 3132 1911 155 3133 1905 155 3134 1912 155 3135 1905 155 3136 1911 155 3137 1912 155 3138 1911 155 3139 1913 1385 3140 1914 1386 3141 1913 1385 3142 1911 155 3143 1913 1385 3144 1914 1386 3145 1915 1387 3146 1916 1388 3147 1915 1387 3148 1914 1386 3149 1917 1389 3150 1918 1390 3151 1919 47 3152 1920 47 3153 1919 47 3154 1918 1390 3155 1920 47 3156 1921 47 3157 1919 47 3158 1922 47 3159 1919 47 3160 1921 47 3161 1917 1389 3162 1923 1391 3163 1918 1390 3164 1924 47 3165 1918 1390 3166 1923 1391 3167 1921 47 3168 1925 47 3169 1922 47 3170 1926 47 3171 1922 47 3172 1925 47 3173 1923 1391 3174 1927 1392 3175 1924 47 3176 1928 1393 3177 1924 47 3178 1927 1392 3179 1928 1393 3180 1927 1392 3181 1929 1394 3182 1930 47 3183 1926 47 3184 1925 47 3185 1931 1395 3186 1932 1396 3187 1933 1397 3188 1934 1398 3189 1935 1398 3190 1936 1398 3191 1937 1399 3192 1938 1399 3193 1939 1399 3194 1940 398 3195 1941 398 3196 1942 398 3197 1943 398 3198 1942 398 3199 1941 398 3200 1944 1400 3201 1945 1401 3202 1946 1402 3203 1947 370 3204 1946 1402 3205 1945 1401 3206 1948 369 3207 1949 369 3208 1950 369 3209 1951 369 3210 1950 369 3211 1949 369 3212 1951 369 3213 1949 369 3214 1952 369 3215 1953 369 3216 1952 369 3217 1949 369 3218 1954 1403 3219 1955 1404 3220 1956 1405 3221 1957 532 3222 1956 1405 3223 1955 1404 3224 1958 1406 3225 1959 1407 3226 1960 1408 3227 1958 1406 3228 1960 1408 3229 1961 1409 3230 1958 1406 3231 1961 1409 3232 1962 1410 3233 1963 1411 3234 1962 1410 3235 1961 1409 3236 1963 1411 3237 1961 1409 3238 1964 1412 3239 1965 1413 3240 1964 1412 3241 1961 1409 3242 1966 1414 3243 1961 1409 3244 1960 1408 3245 1967 1415 3246 1968 1416 3247 1969 1417 3248 1970 1418 3249 1969 1417 3250 1968 1416 3251 1971 1419 3252 1972 1420 3253 1973 1421 3254 1974 1422 3255 1973 1421 3256 1972 1420 3257 1975 1423 3258 1976 1424 3259 1977 1425 3260 1978 1426 3261 1977 1425 3262 1976 1424 3263 1979 1427 3264 1980 1428 3265 1981 1429 3266 1982 1430 3267 1981 1429 3268 1980 1428 3269 1983 1431 3270 1984 1432 3271 1985 1433 3272 1986 1434 3273 1985 1433 3274 1984 1432 3275 1987 1435 3276 1988 1436 3277 1989 1437 3278 1990 1438 3279 1989 1437 3280 1988 1436 3281 1991 1439 3282 1992 1440 3283 1993 1441 3284 1994 1442 3285 1993 1441 3286 1992 1440 3287 1995 398 3288 1996 398 3289 1997 398 3290 1998 398 3291 1997 398 3292 1996 398 3293 1999 1443 3294 2000 1444 3295 2001 1445 3296 2002 1446 3297 2001 1445 3298 2000 1444 3299 2003 1447 3300 2004 1448 3301 2005 1449 3302 2006 1450 3303 2005 1449 3304 2004 1448 3305 2007 1451 3306 2008 1452 3307 2009 1453 3308 2010 1454 3309 2009 1453 3310 2008 1452 3311 2011 1455 3312 2012 1455 3313 2013 1455 3314 2014 1456 3315 2015 1456 3316 2016 1456 3317 2017 1457 3318 2018 1458 3319 2019 1459 3320 2020 1460 3321 2019 1459 3322 2018 1458 3323 2021 1461 3324 2022 1462 3325 2023 1463 3326 2022 1462 3327 2021 1461 3328 2024 1464 3329 2025 1465 3330 2026 1465 3331 2027 1465 3332 2028 1466 3333 2029 1466 3334 2030 1466 3335 2031 1467 3336 2032 1468 3337 2033 1469 3338 2034 1470 3339 2033 1469 3340 2032 1468 3341 2035 1471 3342 2036 1472 3343 2037 1473 3344 2038 1474 3345 2037 1473 3346 2036 1472 3347 2036 1472 3348 2035 1471 3349 2039 1475 3350 2040 1476 3351 2039 1475 3352 2035 1471 3353 2041 1477 3354 2042 1478 3355 2043 1479 3356 2044 1480 3357 2043 1479 3358 2042 1478 3359 2045 480 3360 2046 480 3361 2047 480 3362 2048 480 3363 2047 480 3364 2046 480 3365 2049 1481 3366 2050 1482 3367 2051 1483 3368 2052 1484 3369 2051 1483 3370 2050 1482 3371 2053 1485 3372 2054 1486 3373 2055 1487 3374 2056 480 3375 2055 1487 3376 2054 1486 3377 2056 480 3378 2057 480 3379 2055 1487 3380 2058 480 3381 2055 1487 3382 2057 480 3383 2053 1485 3384 2059 480 3385 2054 1486 3386 2060 480 3387 2054 1486 3388 2059 480 3389 2060 480 3390 2059 480 3391 2061 480 3392 2062 480 3393 2061 480 3394 2059 480 3395 2063 1488 3396 2064 1489 3397 2065 1490 3398 2066 1491 3399 2065 1490 3400 2064 1489 3401 2067 1492 3402 2068 1493 3403 2069 1494 3404 2070 1495 3405 2069 1494 3406 2068 1493 3407 2071 1496 3408 2072 1497 3409 2073 1498 3410 2073 1498 3411 2074 1499 3412 2071 1496 3413 2075 369 3414 2071 1496 3415 2074 1499 3416 2076 1500 3417 2077 1500 3418 2078 1500 3419 2079 1501 3420 2080 1501 3421 2081 1501 3422 2082 369 3423 2083 1502 3424 2084 1503 3425 2085 1504 3426 2084 1503 3427 2083 1502 3428 2085 1504 3429 2086 369 3430 2084 1503 3431 2087 369 3432 2084 1503 3433 2086 369 3434 2088 1505 3435 2089 1506 3436 2090 1507 3437 2091 1508 3438 2090 1507 3439 2089 1506 3440 2092 1509 3441 2093 1510 3442 2094 1511 3443 2095 1512 3444 2094 1511 3445 2093 1510 3446 2096 1513 3447 2097 1514 3448 2098 1515 3449 2099 1516 3450 2098 1515 3451 2097 1514 3452 2100 1517 3453 2101 1518 3454 2102 1519 3455 2103 1520 3456 2102 1519 3457 2101 1518 3458 2104 1521 3459 2105 1522 3460 2106 1523 3461 2107 1524 3462 2106 1523 3463 2105 1522 3464 2108 1525 3465 2109 1526 3466 2110 1527 3467 2111 1369 3468 2110 1527 3469 2109 1526 3470 2112 403 3471 2113 403 3472 2114 403 3473 2115 403 3474 2114 403 3475 2113 403 3476 2113 403 3477 2112 403 3478 2116 403 3479 2117 403 3480 2116 403 3481 2112 403 3482 2118 772 3483 2119 1528 3484 2120 1529 3485 2121 1530 3486 2120 1529 3487 2119 1528 3488 2122 1531 3489 2123 1532 3490 2124 1533 3491 2125 1534 3492 2124 1533 3493 2123 1532 3494 2126 1535 3495 2127 1536 3496 2128 1537 3497 2129 1538 3498 2128 1537 3499 2127 1536 3500 2130 1539 3501 2131 1540 3502 2132 1541 3503 2133 1542 3504 2132 1541 3505 2131 1540 3506 2134 1543 3507 2135 1543 3508 2136 1543 3509 2137 1544 3510 2138 1544 3511 2139 1544 3512 2140 1545 3513 2141 1546 3514 2142 1547 3515 2143 1548 3516 2142 1547 3517 2141 1546 3518 2144 1549 3519 2145 1550 3520 2146 1551 3521 2147 1552 3522 2146 1551 3523 2145 1550 3524 2148 1553 3525 2149 1554 3526 2150 1555 3527 2151 1556 3528 2150 1555 3529 2149 1554 3530 2152 1557 3531 2153 1558 3532 2154 1559 3533 2155 1560 3534 2154 1559 3535 2153 1558 3536 2156 1561 3537 2157 1562 3538 2158 1563 3539 2159 1564 3540 2158 1563 3541 2157 1562 3542 2160 1565 3543 2161 1566 3544 2162 1567 3545 2163 1568 3546 2162 1567 3547 2161 1566 3548 2164 1569 3549 2165 1569 3550 2166 1569 3551 2167 1570 3552 2168 1570 3553 2169 1570 3554 2170 1571 3555 2171 1572 3556 2172 1573 3557 2173 1574 3558 2172 1573 3559 2171 1572 3560 2174 1575 3561 2175 1575 3562 2176 1575 3563 2177 1576 3564 2178 1576 3565 2179 1576 3566 2180 1577 3567 2181 1577 3568 2182 1577 3569 2183 1578 3570 2184 1578 3571 2185 1578 3572 2186 1579 3573 2187 1579 3574 2188 1579 3575 2189 1580 3576 2190 1580 3577 2191 1580 3578 2192 1581 3579 2193 1582 3580 2194 403 3581 2195 403 3582 2194 403 3583 2193 1582 3584 2193 1582 3585 2192 1581 3586 2196 1583 3587 2197 403 3588 2196 1583 3589 2192 1581 3590 2198 155 3591 2199 155 3592 2200 155 3593 2201 155 3594 2200 155 3595 2199 155 3596 2200 155 3597 2202 155 3598 2198 155 3599 2203 155 3600 2198 155 3601 2202 155 3602 2199 155 3603 2204 155 3604 2201 155 3605 2205 155 3606 2201 155 3607 2204 155 3608 2206 588 3609 2207 587 3610 2208 1584 3611 2209 1585 3612 2208 1584 3613 2207 587 3614 2210 1586 3615 2211 1587 3616 2212 1588 3617 2213 1589 3618 2212 1588 3619 2211 1587 3620 2214 1590 3621 2215 1591 3622 2216 1592 3623 2217 1593 3624 2216 1592 3625 2215 1591 3626 2218 1594 3627 2219 1594 3628 2220 1594 3629 2221 1595 3630 2222 1596 3631 2223 1597 3632 2224 1598 3633 2223 1597 3634 2222 1596 3635 2225 1599 3636 2226 1600 3637 2227 1601 3638 2228 1602 3639 2227 1601 3640 2226 1600 3641 2229 1603 3642 2230 1603 3643 2231 1603 3644 2232 403 3645 2233 403 3646 2234 403 3647 2235 403 3648 2234 403 3649 2233 403 3650 2236 1604 3651 2237 1605 3652 2238 1606 3653 2239 480 3654 2238 1606 3655 2237 1605 3656 2238 1606 3657 2240 480 3658 2236 1604 3659 2241 480 3660 2236 1604 3661 2240 480 3662 2242 1607 3663 2243 1608 3664 2244 1609 3665 2245 1610 3666 2244 1609 3667 2243 1608 3668 2246 1611 3669 2247 1612 3670 2248 1613 3671 2249 1614 3672 2248 1613 3673 2247 1612 3674 2250 369 3675 2251 1615 3676 2252 369 3677 2253 1616 3678 2252 369 3679 2251 1615 3680 2253 1616 3681 2251 1615 3682 2254 1617 3683 2255 1618 3684 2254 1617 3685 2251 1615 3686 2255 1618 3687 2256 1619 3688 2254 1617 3689 2257 1620 3690 2254 1617 3691 2256 1619 3692 2256 1619 3693 2258 1621 3694 2257 1620 3695 2259 1622 3696 2257 1620 3697 2258 1621 3698 2258 1621 3699 2260 1623 3700 2259 1622 3701 2261 1624 3702 2259 1622 3703 2260 1623 3704 2262 1625 3705 2263 47 3706 2264 1626 3707 2265 47 3708 2264 1626 3709 2263 47 3710 2262 1625 3711 2264 1626 3712 2266 1627 3713 2266 1627 3714 2267 1628 3715 2262 1625 3716 2266 1627 3717 2268 1629 3718 2267 1628 3719 2269 1630 3720 2267 1628 3721 2268 1629 3722 2268 1629 3723 2270 1631 3724 2269 1630 3725 2271 1632 3726 2269 1630 3727 2270 1631 3728 2272 47 3729 2262 1625 3730 2267 1628 3731 2273 1633 3732 2266 1627 3733 2264 1626 3734 2274 155 3735 2275 1634 3736 2276 1635 3737 2275 1634 3738 2277 1636 3739 2276 1635 3740 2277 1636 3741 2278 155 3742 2276 1635 3743 2278 155 3744 2279 155 3745 2276 1635 3746 2274 155 3747 2280 155 3748 2275 1634 3749 2281 155 3750 2275 1634 3751 2280 155 3752 2282 1637 3753 2283 1638 3754 2284 1639 3755 2285 1640 3756 2284 1639 3757 2283 1638 3758 2286 1641 3759 2287 1641 3760 2288 1641 3761 2289 1642 3762 2290 1643 3763 2291 1644 3764 2292 1645 3765 2291 1644 3766 2290 1643 3767 2293 1646 3768 2294 1647 3769 2295 1648 3770 2296 1649 3771 2295 1648 3772 2294 1647 3773 2297 1650 3774 2298 1651 3775 2299 1652 3776 2300 1653 3777 2299 1652 3778 2298 1651 3779 2301 1654 3780 2302 1655 3781 2303 1656 3782 2304 1657 3783 2303 1656 3784 2302 1655 3785 2304 1657 3786 2305 1658 3787 2303 1656 3788 2306 1659 3789 2303 1656 3790 2305 1658 3791 2302 1655 3792 2301 1654 3793 2307 1660 3794 2308 1661 3795 2307 1660 3796 2301 1654 3797 2305 1658 3798 2304 1657 3799 2309 1662 3800 2310 1663 3801 2311 1664 3802 2312 1665 3803 2313 1666 3804 2312 1665 3805 2311 1664 3806 2314 1667 3807 2311 1664 3808 2310 1663 3809 2313 1666 3810 2315 1668 3811 2312 1665 3812 2316 1669 3813 2312 1665 3814 2315 1668 3815 2317 1670 3816 2318 1671 3817 2319 1672 3818 2320 1673 3819 2319 1672 3820 2318 1671 3821 2321 1674 3822 2322 1675 3823 2323 1676 3824 2324 1677 3825 2323 1676 3826 2322 1675 3827 2325 1678 3828 2326 1679 3829 2327 1680 3830 2328 1681 3831 2327 1680 3832 2326 1679 3833 2329 1682 3834 2330 1683 3835 2331 1684 3836 2332 1685 3837 2331 1684 3838 2330 1683 3839 2333 1686 3840 2334 1687 3841 2335 1688 3842 2333 1686 3843 2335 1688 3844 2336 1689 3845 2335 1688 3846 2337 1690 3847 2336 1689 3848 2337 1690 3849 2338 1691 3850 2336 1689 3851 2338 1691 3852 2339 1692 3853 2336 1689 3854 2339 1692 3855 2340 1693 3856 2336 1689 3857 2341 1694 3858 2342 1695 3859 2343 1696 3860 2344 1697 3861 2343 1696 3862 2342 1695 3863 2345 1698 3864 2346 1699 3865 2347 1700 3866 2348 1701 3867 2347 1700 3868 2346 1699 3869 2349 1702 3870 2350 1703 3871 2351 1704 3872 2352 1705 3873 2351 1704 3874 2350 1703 3875 2353 1706 3876 2354 1707 3877 2355 1708 3878 2356 1709 3879 2355 1708 3880 2354 1707 3881 2357 1710 3882 2358 1711 3883 2359 1712 3884 2360 1713 3885 2359 1712 3886 2358 1711 3887 2359 1712 3888 2360 1713 3889 2361 1714 3890 2362 1715 3891 2359 1712 3892 2361 1714 3893 2360 1713 3894 2363 1716 3895 2361 1714 3896 2364 1717 3897 2365 1718 3898 2366 1719 3899 2367 1720 3900 2366 1719 3901 2365 1718 3902 2368 1721 3903 2369 1722 3904 2370 1723 3905 2371 1724 3906 2370 1723 3907 2369 1722 3908 2370 1723 3909 2372 1725 3910 2368 1721 3911 2373 1726 3912 2368 1721 3913 2372 1725 3914 2374 1727 3915 2375 1728 3916 2376 1729 3917 2377 1730 3918 2376 1729 3919 2375 1728 3920 2375 1728 3921 2374 1727 3922 2378 1731 3923 2379 1732 3924 2378 1731 3925 2374 1727 3926 2374 1727 3927 2376 1729 3928 2380 1733 3929 2374 1727 3930 2380 1733 3931 2379 1732 3932 2381 1734 3933 2380 1733 3934 2376 1729 3935 2382 1735 3936 2379 1732 3937 2380 1733 3938 2375 1728 3939 2378 1731 3940 2383 1736 3941 2375 1728 3942 2383 1736 3943 2377 1730 3944 2384 47 3945 2383 1736 3946 2378 1731 3947 2385 1355 3948 2377 1730 3949 2383 1736 3950 2386 1737 3951 2387 1737 3952 2388 1737 3953 2389 1738 3954 2390 1738 3955 2391 1738 3956 2392 1739 3957 2393 1739 3958 2394 1739 3959 2395 1740 3960 2396 1741 3961 2397 743 3962 2398 1742 3963 2397 743 3964 2396 1741 3965 2399 1743 3966 2400 1744 3967 2401 1745 3968 2402 403 3969 2401 1745 3970 2400 1744 3971 2403 1746 3972 2404 1747 3973 2405 1748 3974 2406 1749 3975 2405 1748 3976 2404 1747 3977 2407 1750 3978 2408 1751 3979 2409 1752 3980 2410 1753 3981 2409 1752 3982 2408 1751 3983 2411 1528 3984 2412 1754 3985 2413 1754 3986 2414 1528 3987 2413 1754 3988 2412 1754 3989 2415 1755 3990 2416 1756 3991 2417 1757 3992 2418 1758 3993 2417 1757 3994 2416 1756 3995 2419 155 3996 2420 155 3997 2421 155 3998 2422 155 3999 2421 155 4000 2420 155 4001 2420 155 4002 2419 155 4003 2423 155 4004 2424 155 4005 2423 155 4006 2419 155 4007 2421 155 4008 2422 155 4009 2425 155 4010 2426 155 4011 2425 155 4012 2422 155 4013 2426 155 4014 2427 155 4015 2425 155 4016 2428 155 4017 2425 155 4018 2427 155 4019 2427 155 4020 2429 155 4021 2428 155 4022 2430 155 4023 2428 155 4024 2429 155 4025 2431 47 4026 2432 47 4027 2433 47 4028 2434 47 4029 2433 47 4030 2432 47 4031 2431 47 4032 2433 47 4033 2435 47 4034 2436 47 4035 2435 47 4036 2433 47 4037 2434 47 4038 2432 47 4039 2437 47 4040 2438 47 4041 2437 47 4042 2432 47 4043 2435 47 4044 2436 47 4045 2439 47 4046 2440 47 4047 2439 47 4048 2436 47 4049 2437 47 4050 2438 47 4051 2441 1759 4052 2442 1760 4053 2441 1759 4054 2438 47 4055 2441 1759 4056 2442 1760 4057 2443 1394 4058 2440 47 4059 2444 47 4060 2439 47 4061 2445 1761 4062 2446 1761 4063 2447 1761 4064 2448 1762 4065 2449 1762 4066 2450 1762 4067 2451 1763 4068 2452 1763 4069 2453 1763 4070 2454 480 4071 2455 480 4072 2456 480 4073 2457 480 4074 2456 480 4075 2455 480 4076 2458 532 4077 2459 1404 4078 2460 1405 4079 2461 1403 4080 2460 1405 4081 2459 1404 4082 2462 369 4083 2463 369 4084 2464 369 4085 2465 369 4086 2464 369 4087 2463 369 4088 2462 369 4089 2466 369 4090 2463 369 4091 2467 369 4092 2463 369 4093 2466 369 4094 2468 370 4095 2469 370 4096 2470 370 4097 2471 370 4098 2470 370 4099 2469 370 4100 2472 1764 4101 2473 1765 4102 2474 1766 4103 2473 1765 4104 2475 1767 4105 2474 1766 4106 2473 1765 4107 2476 1768 4108 2475 1767 4109 2477 1769 4110 2475 1767 4111 2476 1768 4112 2477 1769 4113 2478 1770 4114 2475 1767 4115 2479 1771 4116 2475 1767 4117 2478 1770 4118 2480 1772 4119 2474 1766 4120 2475 1767 4121 2481 1773 4122 2482 1774 4123 2483 1775 4124 2484 1776 4125 2483 1775 4126 2482 1774 4127 2485 1777 4128 2486 1778 4129 2487 1779 4130 2488 1780 4131 2487 1779 4132 2486 1778 4133 2489 1781 4134 2490 1782 4135 2491 1783 4136 2492 795 4137 2491 1783 4138 2490 1782 4139 2493 1784 4140 2494 1785 4141 2495 1786 4142 2496 1787 4143 2495 1786 4144 2494 1785 4145 2497 1788 4146 2498 1789 4147 2499 1790 4148 2500 1791 4149 2499 1790 4150 2498 1789 4151 2501 1792 4152 2502 1793 4153 2503 1794 4154 2504 1795 4155 2503 1794 4156 2502 1793 4157 2505 1796 4158 2506 1797 4159 2507 1798 4160 2508 1799 4161 2507 1798 4162 2506 1797 4163 2509 480 4164 2510 480 4165 2511 480 4166 2512 480 4167 2511 480 4168 2510 480 4169 2513 1800 4170 2514 1801 4171 2515 1802 4172 2516 1803 4173 2515 1802 4174 2514 1801 4175 2517 1804 4176 2518 1805 4177 2519 1806 4178 2520 1807 4179 2519 1806 4180 2518 1805 4181 2521 1808 4182 2522 1809 4183 2523 1810 4184 2524 1811 4185 2523 1810 4186 2522 1809 4187 2525 1812 4188 2526 1812 4189 2527 1812 4190 2528 1813 4191 2529 1813 4192 2530 1813 4193 2531 1814 4194 2532 1815 4195 2533 1816 4196 2534 1817 4197 2533 1816 4198 2532 1815 4199 2535 1818 4200 2536 1819 4201 2537 1820 4202 2535 1818 4203 2538 1821 4204 2536 1819 4205 2539 1822 4206 2540 1822 4207 2541 1822 4208 2542 1823 4209 2543 1823 4210 2544 1823 4211 2545 1824 4212 2546 1825 4213 2547 1826 4214 2548 1827 4215 2547 1826 4216 2546 1825 4217 2549 1828 4218 2550 1829 4219 2551 1830 4220 2550 1829 4221 2552 1831 4222 2551 1830 4223 2553 1832 4224 2552 1831 4225 2550 1829 4226 2554 1833 4227 2552 1831 4228 2553 1832 4229 2555 1834 4230 2556 1835 4231 2557 1836 4232 2558 1837 4233 2557 1836 4234 2556 1835 4235 2559 398 4236 2560 398 4237 2561 398 4238 2562 398 4239 2561 398 4240 2560 398 4241 2563 1838 4242 2564 1839 4243 2565 1840 4244 2566 1841 4245 2565 1840 4246 2564 1839 4247 2567 1842 4248 2568 1843 4249 2569 1844 4250 2570 398 4251 2569 1844 4252 2568 1843 4253 2567 1842 4254 2569 1844 4255 2571 398 4256 2572 398 4257 2571 398 4258 2569 1844 4259 2570 398 4260 2568 1843 4261 2573 398 4262 2574 398 4263 2573 398 4264 2568 1843 4265 2574 398 4266 2575 398 4267 2573 398 4268 2576 398 4269 2573 398 4270 2575 398 4271 2577 1845 4272 2578 1846 4273 2579 1847 4274 2580 1848 4275 2579 1847 4276 2578 1846 4277 2581 1849 4278 2582 1850 4279 2583 1849 4280 2584 1851 4281 2583 1849 4282 2582 1850 4283 2585 1852 4284 2586 1852 4285 2587 1852 4286 2588 1853 4287 2589 1854 4288 2590 1855 4289 2589 1854 4290 2588 1853 4291 2591 1856 4292 2592 369 4293 2591 1856 4294 2588 1853 4295 2593 1857 4296 2594 1857 4297 2595 1857 4298 2596 1858 4299 2597 1859 4300 2598 1860 4301 2599 369 4302 2598 1860 4303 2597 1859 4304 2596 1858 4305 2598 1860 4306 2600 369 4307 2601 369 4308 2600 369 4309 2598 1860 4310 2602 1861 4311 2603 1862 4312 2604 1863 4313 2605 1864 4314 2604 1863 4315 2603 1862 4316 2606 1865 4317 2607 1866 4318 2608 1867 4319 2609 1868 4320 2608 1867 4321 2607 1866 4322 2610 1869 4323 2611 1870 4324 2612 1871 4325 2613 1872 4326 2612 1871 4327 2611 1870 4328 2614 535 4329 2615 1873 4330 2616 1874 4331 2617 1875 4332 2616 1874 4333 2615 1873 4334 2618 1876 4335 2619 1877 4336 2620 1878 4337 2621 1879 4338 2620 1878 4339 2619 1877 4340 2622 407 4341 2623 1880 4342 2624 891 4343 2625 1881 4344 2624 891 4345 2623 1880 4346 2626 403 4347 2627 403 4348 2628 403 4349 2629 403 4350 2628 403 4351 2627 403 4352 2627 403 4353 2630 403 4354 2629 403 4355 2631 403 4356 2629 403 4357 2630 403 4358 2632 1525 4359 2633 1882 4360 2634 1883 4361 2635 399 4362 2634 1883 4363 2633 1882 4364 2636 1884 4365 2637 1885 4366 2638 1886 4367 2639 1887 4368 2638 1886 4369 2637 1885 4370 2640 1888 4371 2641 1889 4372 2642 1890 4373 2643 1891 4374 2642 1890 4375 2641 1889 4376 2644 1892 4377 2645 1893 4378 2646 1894 4379 2647 1895 4380 2646 1894 4381 2645 1893 4382 2648 1896 4383 2649 1896 4384 2650 1896 4385 2651 1897 4386 2652 1897 4387 2653 1897 4388 2654 1898 4389 2655 1899 4390 2656 1900 4391 2657 1901 4392 2656 1900 4393 2655 1899 4394 2658 1902 4395 2659 1903 4396 2660 1904 4397 2661 1905 4398 2660 1904 4399 2659 1903 4400 2662 1906 4401 2663 1907 4402 2664 1908 4403 2665 1909 4404 2664 1908 4405 2663 1907 4406 2666 1910 4407 2667 1911 4408 2668 1912 4409 2669 1913 4410 2668 1912 4411 2667 1911 4412 2670 1914 4413 2671 1915 4414 2672 1916 4415 2673 1917 4416 2672 1916 4417 2671 1915 4418 2674 1918 4419 2675 1919 4420 2676 1920 4421 2677 1921 4422 2676 1920 4423 2675 1919 4424 2678 1922 4425 2679 1922 4426 2680 1922 4427 2681 1923 4428 2682 1923 4429 2683 1923 4430 2684 1924 4431 2685 1925 4432 2686 1926 4433 2687 1927 4434 2686 1926 4435 2685 1925 4436 2688 1928 4437 2689 1928 4438 2690 1928 4439 2691 1929 4440 2692 1929 4441 2693 1929 4442 2694 1930 4443 2695 1930 4444 2696 1930 4445 2697 1931 4446 2698 1931 4447 2699 1931 4448 2700 1932 4449 2701 1932 4450 2702 1932 4451 2703 1933 4452 2704 1933 4453 2705 1933 4454 2706 403 4455 2707 1934 4456 2708 403 4457 2709 1935 4458 2708 403 4459 2707 1934 4460 2707 1934 4461 2710 1936 4462 2709 1935 4463 2711 403 4464 2709 1935 4465 2710 1936 4466 2712 155 4467 2713 155 4468 2714 155 4469 2715 155 4470 2714 155 4471 2713 155 4472 2714 155 4473 2715 155 4474 2716 155 4475 2717 155 4476 2716 155 4477 2715 155 4478 2713 155 4479 2712 155 4480 2718 155 4481 2719 155 4482 2718 155 4483 2712 155 4484 2720 1937 4485 2721 956 4486 2722 1938 4487 2723 1939 4488 2722 1938 4489 2721 956 4490 2724 1940 4491 2725 1941 4492 2726 1942 4493 2727 1943 4494 2726 1942 4495 2725 1941 4496 2728 1944 4497 2729 1945 4498 2730 1946 4499 2731 1947 4500 2730 1946 4501 2729 1945 4502 2732 1948 4503 2733 1948 4504 2734 1948 4505 2735 1949 4506 2736 1950 4507 2737 1951 4508 2738 1952 4509 2737 1951 4510 2736 1950 4511 2739 1953 4512 2740 1954 4513 2741 1955 4514 2742 1956 4515 2741 1955 4516 2740 1954 4517 2743 1957 4518 2744 1957 4519 2745 1957 4520 2746 403 4521 2747 403 4522 2748 403 4523 2749 403 4524 2748 403 4525 2747 403 4526 2750 398 4527 2751 1958 4528 2752 1959 4529 2753 1960 4530 2752 1959 4531 2751 1958 4532 2752 1959 4533 2753 1960 4534 2754 398 4535 2755 398 4536 2754 398 4537 2753 1960 4538 2756 1961 4539 2757 1962 4540 2758 1963 4541 2759 1964 4542 2758 1963 4543 2757 1962 4544 2760 1965 4545 2761 1966 4546 2762 1967 4547 2763 1968 4548 2762 1967 4549 2761 1966 4550 2764 1969 4551 2765 1970 4552 2766 369 4553 2767 369 4554 2766 369 4555 2765 1970 4556 2764 1969 4557 2768 1971 4558 2765 1970 4559 2769 1972 4560 2765 1970 4561 2768 1971 4562 2769 1972 4563 2768 1971 4564 2770 1973 4565 2771 1974 4566 2770 1973 4567 2768 1971 4568 2770 1973 4569 2771 1974 4570 2772 1975 4571 2773 1976 4572 2772 1975 4573 2771 1974 4574 2772 1975 4575 2773 1976 4576 2774 1977 4577 2775 1978 4578 2774 1977 4579 2773 1976 4580 2776 47 4581 2777 47 4582 2778 1979 4583 2779 1980 4584 2778 1979 4585 2777 47 4586 2779 1980 4587 2780 1981 4588 2778 1979 4589 2780 1981 4590 2779 1980 4591 2781 1982 4592 2780 1981 4593 2781 1982 4594 2782 1983 4595 2783 1984 4596 2782 1983 4597 2781 1982 4598 2782 1983 4599 2783 1984 4600 2784 1985 4601 2785 1986 4602 2784 1985 4603 2783 1984 4604 2786 47 4605 2781 1982 4606 2779 1980 4607 2787 1987 4608 2778 1979 4609 2780 1981 4610 2788 155 4611 2789 155 4612 2790 1988 4613 2789 155 4614 2791 1989 4615 2790 1988 4616 2791 1989 4617 2792 1990 4618 2790 1988 4619 2792 1990 4620 2793 155 4621 2790 1988 4622 2793 155 4623 2792 1990 4624 2794 155 4625 2795 155 4626 2794 155 4627 2792 1990 4628 2796 1991 4629 2797 1992 4630 2798 1993 4631 2799 1994 4632 2798 1993 4633 2797 1992 4634 2800 1995 4635 2801 1995 4636 2802 1995 4637</p>
        </triangles>
      </mesh>
    </geometry>
  </library_geometries>
  <library_controllers/>
  <library_visual_scenes>
    <visual_scene id="Scene" name="Scene">
      <node id="missile_battery_0" name="missile_battery_0" type="NODE">
        <matrix sid="transform">-1 -1.4243e-14 -8.74228e-8 0 -8.74228e-8 1.62921e-7 1 -0.4709079 0 1 -1.62921e-7 0 0 0 0 1</matrix>
        <instance_geometry url="#missile_battery_0-mesh" name="missile_battery_0">
          <bind_material>
            <technique_common>
              <instance_material symbol="Missie-material" target="#Missie-material"/>
            </technique_common>
          </bind_material>
        </instance_geometry>
      </node>
    </visual_scene>
  </library_visual_scenes>
  <scene>
    <instance_visual_scene url="#Scene"/>
  </scene>
</COLLADA>