<?xml version="1.0" encoding="utf-8"?>
<COLLADA xmlns="http://www.collada.org/2005/11/COLLADASchema" version="1.4.1" xmlns:xsi="http://www.w3.org/2001/XMLSchema-instance">
  <asset>
    <contributor>
      <author>Blender User</author>
      <authoring_tool>Blender 2.79.0 commit date:2018-03-22, commit time:14:10, hash:f4dc9f9d68b</authoring_tool>
    </contributor>
    <created>2022-09-23T00:55:01</created>
    <modified>2022-09-23T00:55:01</modified>
    <unit name="meter" meter="1"/>
    <up_axis>Z_UP</up_axis>
  </asset>
  <library_images/>
  <library_effects>
    <effect id="Starbase-effect">
      <profile_COMMON>
        <technique sid="common">
          <phong>
            <emission>
              <color sid="emission">0 0 0 1</color>
            </emission>
            <ambient>
              <color sid="ambient">0 0 0 1</color>
            </ambient>
            <diffuse>
              <color sid="diffuse">0.64 0.64 0.64 1</color>
            </diffuse>
            <specular>
              <color sid="specular">0.5 0.5 0.5 1</color>
            </specular>
            <shininess>
              <float sid="shininess">50</float>
            </shininess>
            <index_of_refraction>
              <float sid="index_of_refraction">1</float>
            </index_of_refraction>
          </phong>
        </technique>
      </profile_COMMON>
    </effect>
  </library_effects>
  <library_materials>
    <material id="Starbase-material" name="Starbase">
      <instance_effect url="#Starbase-effect"/>
    </material>
  </library_materials>
  <library_geometries>
    <geometry id="StarBase_0_2815-mesh" name="StarBase_0.2815">
      <mesh>
        <source id="StarBase_0_2815-mesh-positions">
          <float_array id="StarBase_0_2815-mesh-positions-array" count="17976">1.112692 6.958203 9.796451 0.9276675 5.801351 10.60588 3.304425 6.223762 9.796451 2.755009 5.18902 10.60588 4.981582 4.995409 9.796451 4.15337 4.153377 10.60588 6.223758 3.318253 9.796451 5.189018 2.768836 10.60588 6.958199 1.126519 9.796451 5.801344 0.9414947 10.60588 3.568137 6.720533 9.161644 1.201503 7.513555 9.161644 0.8018503 5.014614 10.91016 2.381399 4.485373 10.91016 0.6307917 3.944542 10.91016 1.873246 3.528203 10.91016 3.590131 3.590133 10.91016 2.82406 2.824064 10.91016 3.528201 1.873248 10.91016 4.485367 2.395226 10.91016 3.944538 0.6307942 10.91016 5.014608 0.8156797 10.91016 7.51355 1.21533 9.161644 5.379208 5.393037 9.161644 6.720532 3.581966 9.161644 -3.568141 -6.720532 8.45918 -3.568141 -6.720532 9.161644 -5.379212 -5.379208 8.45918 -5.379212 -5.393033 9.161644 -6.720533 -3.581961 9.161644 -6.720533 -3.568137 8.45918 -1.506761 -7.411263 8.862533 -1.201506 -7.51355 9.161644 -1.304701 -7.478988 9.067384 -1.201506 -7.51355 9.068294 -1.491401 -7.416429 8.45918 -7.411267 -1.506758 8.862533 -7.513555 -1.215328 9.161644 -7.478994 -1.304699 9.067384 -7.513555 -1.201503 9.068294 -7.416433 -1.491399 8.45918 -1.873248 -3.528201 6.849049 -1.379129 -3.693814 6.849049 -2.381401 -4.485367 6.849049 -1.408663 -4.81129 6.849049 -2.824064 -2.82406 6.849049 -3.590133 -3.590131 6.849049 -4.485373 -2.381399 6.849049 -3.528203 -1.873246 6.849049 -3.693817 -1.379126 6.849049 -4.81129 -1.408661 6.849049 -0.6307942 -3.944538 11.83367 -1.873248 -3.528201 11.83367 -0.6307942 -3.944538 10.91016 -1.873248 -3.528201 10.91016 -2.824064 -2.82406 10.91016 -2.824064 -2.82406 11.83367 -1.812716 -3.414184 11.94706 -0.6104075 -3.817117 11.94706 -2.732809 -2.732805 11.94706 3.40507e-5 -3.945516 11.83367 3.40507e-5 -3.818025 11.94706 -0.3802101 -3.944751 11.12772 3.40507e-5 -3.945516 11.12772 -0.4752335 -3.944538 11.06271 -3.528203 -1.873246 11.83367 -3.528203 -1.873246 10.91016 -3.944542 -0.6307917 10.91016 -3.944542 -0.6307917 11.83367 -3.414186 -1.812711 11.94706 -3.817119 -0.6104027 11.94706 -3.94552 -3.40507e-5 11.83367 -3.818027 -3.40507e-5 11.94706 -3.94552 -3.40507e-5 11.12772 -3.944752 -0.3802052 11.12772 -3.944542 -0.475231 11.06271 -0.4138619 -2.588276 14.3278 -1.229155 -2.315072 14.3278 -0.459665 -2.874471 13.5132 -1.365095 -2.571101 13.5132 -2.057924 -2.05792 13.5132 -1.853 -1.852998 14.3278 -0.3806965 -2.380631 14.51108 -1.130568 -2.129346 14.51108 3.40507e-5 -3.40507e-5 14.51694 -1.704354 -1.704349 14.51108 3.40507e-5 -2.875169 13.5132 3.40507e-5 -2.588907 14.3278 3.40507e-5 -2.381191 14.51108 -2.315073 -1.229153 14.3278 -2.571105 -1.365093 13.5132 -2.874475 -0.4596601 13.5132 -2.588282 -0.4138594 14.3278 -2.129352 -1.130566 14.51108 -2.380635 -0.3806942 14.51108 -2.875173 -3.40507e-5 13.5132 -2.381192 -3.40507e-5 14.51108 -2.588909 -3.40507e-5 14.3278 -2.875173 -3.40507e-5 13.5132 -1.112694 -6.958199 9.796451 -0.92767 -5.801344 10.60588 -3.304428 -6.223758 9.796451 -2.755011 -5.189018 10.60588 -4.981584 -4.995407 9.796451 -4.153377 -4.15337 10.60588 -6.223762 -3.31825 9.796451 -5.18902 -2.768832 10.60588 -6.958203 -1.126516 9.796451 -5.801351 -0.9414922 10.60588 -3.568141 -6.720532 9.161644 -1.201506 -7.51355 9.161644 -0.8018552 -5.014608 10.91016 -2.381401 -4.485367 10.91016 -0.6307942 -3.944538 10.91016 -1.873248 -3.528201 10.91016 -3.590133 -3.590131 10.91016 -2.824064 -2.82406 10.91016 -3.528203 -1.873246 10.91016 -4.485373 -2.395224 10.91016 -3.944542 -0.6307917 10.91016 -5.014614 -0.8156748 10.91016 -7.513555 -1.215328 9.161644 -5.379212 -5.393033 9.161644 -6.720533 -3.581961 9.161644 -1.046227 -7.70444 9.219664 -1.201506 -7.51355 9.161644 -1.046227 -7.70444 9.051398 -1.201506 -7.51355 9.068294 -0.92767 -5.801344 10.60588 -1.112694 -6.958199 9.796451 -0.7723211 -5.918295 10.7199 -0.9574157 -7.125071 9.872626 -0.8018552 -5.014608 10.91016 -0.6465037 -5.097624 11.04987 -0.4752335 -3.944538 11.06271 -0.6307942 -3.944538 10.91016 -1.201506 -7.51355 9.161644 -1.046227 -7.70444 9.219664 -0.6104075 -3.817117 12.13481 -1.812716 -3.414184 12.13481 -0.6104075 -3.817117 11.94706 -1.812716 -3.414184 11.94706 -2.732809 -2.732805 11.94706 -2.732809 -2.732805 12.13481 3.40507e-5 -3.818025 12.13481 3.40507e-5 -3.818025 11.94706 -3.414186 -1.812711 12.13481 -3.414186 -1.812711 11.94706 -3.817119 -0.6104027 11.94706 -3.817119 -0.6104027 12.13481 -3.818027 -3.40507e-5 12.13481 -3.818027 -3.40507e-5 11.94706 -0.5512687 -3.447279 13.00156 -1.637116 -3.083444 13.00156 -0.4800516 -3.001963 13.52507 -1.42563 -2.685117 13.52507 -2.467979 -2.467975 13.00156 -2.149181 -2.149175 13.52507 3.40507e-5 -3.448116 13.00156 3.40507e-5 -3.002661 13.52507 -3.083446 -1.637114 13.00156 -3.447281 -0.5512663 13.00156 -2.685122 -1.425628 13.52507 -3.001965 -0.4800493 13.52507 -3.44812 -3.40507e-5 13.00156 -3.002663 -3.40507e-5 13.52507 -0.459665 -2.874471 13.5132 -1.365095 -2.571101 13.5132 -0.4800516 -3.001963 13.52507 -1.42563 -2.685117 13.52507 3.40507e-5 -2.875169 13.5132 3.40507e-5 -3.002661 13.52507 -2.149181 -2.149175 13.52507 -2.057924 -2.05792 13.5132 -2.571105 -1.365093 13.5132 -2.685122 -1.425628 13.52507 -3.001965 -0.4800493 13.52507 -2.874475 -0.4596601 13.5132 -2.875173 -3.40507e-5 13.5132 -3.002663 -3.40507e-5 13.52507 -0.8369736 -7.704789 9.054538 3.40507e-5 -7.706256 9.066896 -0.8369736 -7.704789 9.284667 3.40507e-5 -7.706185 9.284667 -1.046227 -7.70444 9.219664 -1.046227 -7.70444 9.051398 -0.7658976 -7.12542 9.937558 3.40507e-5 -7.126746 9.937558 -0.6178768 -5.918572 10.78483 3.40507e-5 -5.91969 10.78483 3.40507e-5 -5.09881 11.1148 -0.5171962 -5.097832 11.1148 -0.8369736 -7.704789 9.284667 3.40507e-5 -7.706185 9.284667 -0.7723211 -5.918295 10.7199 -0.9574157 -7.125071 9.872626 -0.6465037 -5.097624 11.04987 -0.4752335 -3.944538 11.06271 -0.3802101 -3.944751 11.12772 3.40507e-5 -5.09881 11.1148 -1.046227 -7.70444 9.219664 3.40507e-5 -3.945516 11.12772 3.40507e-5 -5.09881 11.1148 -1.116046 -1.116043 2.726502 3.40507e-5 -3.40507e-5 2.450082 -0.4947834 -1.476597 2.726502 -1.956964 -1.956959 3.322629 -0.8676264 -2.589184 3.322629 3.40507e-5 -2.734133 3.322629 3.40507e-5 -1.559264 2.726502 3.40507e-5 -3.40507e-5 2.450082 -2.614465 -2.614459 4.269114 -1.648917 -3.295 4.269114 -0.6692665 -3.623295 4.269114 3.40507e-5 -3.65269 4.269114 -1.873248 -3.528201 5.660845 -2.824064 -2.82406 5.660845 -1.873248 -3.528201 6.849049 -2.824064 -2.82406 6.849049 -0.7848882 -3.834992 5.399299 -0.6213694 -3.885819 5.381705 3.40507e-5 -3.890498 5.399508 -0.7844699 -3.893083 5.660845 -0.7761614 -3.895874 6.134578 -1.377385 -3.694372 6.207609 -1.379129 -3.693814 6.849049 -3.528203 -1.873246 6.849049 -3.528203 -1.873246 5.660845 -3.295003 -1.648913 4.269114 -2.589188 -0.8676216 3.322629 -1.476599 -0.4947811 2.726502 3.40507e-5 -3.40507e-5 2.450082 -2.734135 -3.40507e-5 3.322629 -1.559267 -3.40507e-5 2.726502 3.40507e-5 -3.40507e-5 2.450082 -3.6233 -0.6692617 4.269114 -3.652694 -3.40507e-5 4.269114 -3.834994 -0.7848857 5.399299 -3.885825 -0.6213644 5.381705 -3.890501 -3.40507e-5 5.399508 -3.893085 -0.784465 5.660845 -3.895878 -0.7761566 6.134578 -3.694374 -1.37738 6.207609 -3.693817 -1.379126 6.849049 -3.568141 -6.720532 8.45918 -3.690396 -6.952054 8.158533 -1.491401 -7.416429 8.45918 -1.494193 -7.701019 8.158533 -5.379212 -5.379208 8.45918 -5.557746 -5.55774 8.158533 -6.95094 -3.692348 8.158533 -6.720533 -3.568137 8.45918 -7.416433 -1.491399 8.45918 -7.701023 -1.494191 8.158533 -5.648024 -5.64802 8.081661 -4.157985 -6.766749 8.08215 -6.76494 -4.160354 8.08215 -3.274266 -7.235037 8.085151 -1.925404 -7.690685 8.084874 -7.690687 -1.925331 8.084874 -7.233784 -3.277755 8.085151 -3.644663 -7.383962 7.934829 -1.64382 -8.051099 7.942928 -1.502434 -8.520571 7.716919 -1.648429 -8.499625 7.702187 -1.502991 -10.22328 6.992461 -1.94691 -10.19075 6.985339 -2.176759 -11.49422 6.757725 -1.501524 -11.34977 6.796893 -1.380038 -11.61529 6.749487 -2.273391 -12.89315 6.516496 -1.399168 -13.18779 6.466154 -2.375888 -13.47447 6.411414 -5.399809 -11.73154 6.411414 -5.635035 -12.17406 6.411414 -5.553835 -12.38024 6.411414 -1.402799 -13.49095 6.411557 -2.67004 -12.59187 6.534161 -2.337557 -12.40531 6.595741 -5.109007 -11.37434 6.517753 -5.006722 -10.62028 6.718136 -4.804033 -10.55458 6.735383 -4.880623 -10.38331 6.75954 -4.318573 -9.300745 6.992531 -4.929429 -11.75172 6.455192 -5.399809 -11.73154 6.411414 -11.49423 -2.176755 6.757725 -10.22329 -1.502988 6.992461 -11.34977 -1.501522 6.796893 -11.6153 -1.380034 6.749487 -12.86215 -2.267939 6.522082 -13.18758 -1.399165 6.466154 -13.47448 -2.375884 6.411414 -11.73092 -5.399456 6.411414 -12.17407 -5.635101 6.411414 -12.38025 -5.553831 6.411414 -13.49095 -1.402796 6.411557 -10.19075 -1.946907 6.985339 -8.520576 -1.502429 7.716919 -8.49963 -1.648424 7.702187 -12.37599 -2.332385 6.601048 -11.74725 -4.927821 6.456031 -8.051032 -1.643815 7.942928 -12.56506 -2.665778 6.538978 -12.86215 -2.267939 6.522082 -10.61973 -5.007555 6.718277 -10.55367 -4.804866 6.735521 -11.37232 -5.108515 6.518171 -11.73092 -5.399456 6.411414 -10.38248 -4.881878 6.75961 -9.298794 -4.322827 6.99267 -4.471689 -9.282593 7.135104 -5.171217 -8.901372 7.136362 -4.966086 -10.2348 6.930671 -5.707579 -9.835221 6.91133 -4.294553 -7.459092 7.71587 -3.769573 -7.73942 7.71671 -4.072033 -7.156348 7.932384 -5.656468 -10.01871 6.890034 -5.149224 -10.29275 6.905045 -9.280918 -4.476151 7.135034 -10.23376 -4.967689 6.930809 -8.900259 -5.17338 7.136432 -9.835151 -5.707156 6.911401 -7.73628 -3.778925 7.7165 -7.453995 -4.300415 7.716012 -7.153353 -4.07587 7.932384 -7.381871 -3.650525 7.934829 -10.29185 -5.150549 6.905187 -10.01885 -5.655698 6.890175 -3.966606 -9.499034 4.916768 -4.817718 -9.112789 4.8813 -4.051507 -7.619818 4.064261 -5.467887 -8.733734 4.91684 -4.673537 -7.427045 4.172694 -6.086421 -6.086421 4.064261 -6.2431 -6.2431 4.174648 -3.37397 -8.086218 4.172694 -1.463193 -8.499834 4.064469 -3.959834 -7.447431 4.085417 -1.464659 -8.306571 4.085417 -1.77187 -8.63787 4.172694 -1.801822 -10.21874 4.91272 -1.491331 -10.22377 4.91251 -2.244833 -12.73088 5.252954 -1.505087 -11.60957 5.099771 -2.042634 -10.17183 4.925009 -2.438446 -12.41515 5.221326 -5.397159 -11.72666 5.353638 -5.635035 -12.17406 5.353638 -5.553835 -12.38024 5.353638 -2.375888 -13.47447 5.353638 -5.047497 -11.58541 5.311116 -1.39826 -12.54376 5.225655 -1.394909 -11.86329 5.133771 -1.193338 -12.64305 5.238572 -1.19662 -13.49479 5.353638 -5.561725 -11.63819 5.184599 -6.535438 -11.12047 5.184599 -6.764732 -10.68089 5.312094 -6.703777 -11.03194 5.353638 -9.146584 -9.146579 5.351681 -7.158027 -11.52732 5.353638 -6.941654 -11.47935 5.353638 -9.649711 -9.649706 5.353638 -8.973571 -8.973496 5.315792 -11.52732 -7.158025 5.353638 -11.03146 -6.703565 5.353638 -11.47936 -6.941652 5.353638 -10.68089 -6.764726 5.312094 -8.733736 -5.467881 4.91684 -9.119357 -4.821553 4.885001 -11.12013 -6.534948 5.184252 -7.619822 -4.051504 4.064261 -9.499036 -3.966604 4.916768 -7.427047 -4.673533 4.172694 -8.08622 -3.373968 4.172694 -8.499838 -1.46319 4.064469 -7.447433 -3.95983 4.085417 -8.306577 -1.464657 4.085417 -8.637875 -1.771867 4.172694 -10.21875 -1.80182 4.91272 -10.22377 -1.491328 4.91251 -12.73089 -2.244762 5.252954 -11.60957 -1.505082 5.099771 -10.1719 -2.042632 4.925009 -12.41516 -2.438441 5.221326 -11.7261 -5.396872 5.353638 -12.17407 -5.635101 5.353638 -12.38025 -5.553831 5.353638 -13.47448 -2.375884 5.353638 -11.58541 -5.047494 5.311116 -12.54377 -1.398258 5.225655 -11.8633 -1.394906 5.133771 -12.64306 -1.193334 5.238572 -13.49479 -1.196617 5.353638 -11.63764 -5.561441 5.184111 -5.94874 -5.948736 4.085417 -5.553835 -12.38024 6.411414 -5.553835 -12.38024 5.353638 -2.375888 -13.47447 6.411414 -2.375888 -13.47447 5.353638 -1.404893 -13.49144 5.453757 -1.402799 -13.49095 6.411557 -1.19662 -13.49479 5.353638 -6.703777 -11.03194 5.353638 -6.706431 -11.03683 6.411414 -6.941654 -11.47935 5.353638 -6.941654 -11.47935 6.411414 -5.399809 -11.73154 6.411414 -5.397159 -11.72666 5.353638 -5.635035 -12.17406 6.411414 -5.635035 -12.17406 5.353638 -5.635035 -12.17406 5.353638 -5.553835 -12.38024 5.353638 -5.635035 -12.17406 6.411414 -5.553835 -12.38024 6.411414 -6.941654 -11.47935 6.411414 -7.158027 -11.52732 6.411414 -6.941654 -11.47935 5.353638 -7.158027 -11.52732 5.353638 -5.070115 -11.64413 5.075473 -3.989298 -9.557753 4.681125 -2.461138 -12.47387 4.985682 -2.065254 -10.23054 4.689363 -1.794491 -8.696518 3.936979 -3.396662 -8.144867 3.936979 -4.673537 -7.427045 4.172694 -4.71878 -7.470613 3.936979 -6.2431 -6.2431 4.174648 -6.28737 -6.287365 3.939003 -7.470613 -4.718779 3.936979 -7.427047 -4.673533 4.172694 -6.810042 -10.72445 5.07645 -5.513196 -8.777301 4.681194 -6.764732 -10.68089 5.312094 -5.467887 -8.733734 4.91684 -6.764732 -10.68089 5.312094 -5.513196 -8.777301 4.681194 -4.71878 -7.470613 3.936979 -4.673537 -7.427045 4.172694 -5.467887 -8.733734 4.91684 -2.461138 -12.47387 4.985682 -2.065254 -10.23054 4.689363 -2.438446 -12.41515 5.221326 -2.042634 -10.17183 4.925009 -1.794491 -8.696518 3.936979 -1.77187 -8.63787 4.172694 -1.794491 -8.696518 3.936979 -3.396662 -8.144867 3.936979 -1.77187 -8.63787 4.172694 -3.37397 -8.086218 4.172694 -3.396662 -8.144867 3.936979 -3.989298 -9.557753 4.681125 -3.37397 -8.086218 4.172694 -3.966606 -9.499034 4.916768 -5.070115 -11.64413 5.075473 -5.047497 -11.58541 5.311116 -5.070115 -11.64413 5.075473 -2.461138 -12.47387 4.985682 -5.047497 -11.58541 5.311116 -2.438446 -12.41515 5.221326 -8.49963 -12.15975 6.007924 -8.353985 -12.27384 6.007924 -8.49963 -12.15975 6.206493 -8.353985 -12.27384 6.206493 -7.171852 -10.36886 6.206493 -7.171852 -10.36886 6.007924 -8.49963 -12.15975 6.206493 -8.49963 -12.15975 6.007924 -7.026207 -10.48295 6.206493 -7.171852 -10.36886 6.206493 -8.353985 -12.27384 6.206493 -8.49963 -12.15975 6.206493 -7.026207 -10.48295 6.007924 -7.026207 -10.48295 6.206493 -8.353985 -12.27384 6.007924 -8.353985 -12.27384 6.206493 -7.171852 -10.36886 6.007924 -7.026207 -10.48295 6.007924 -8.49963 -12.15975 6.007924 -8.353985 -12.27384 6.007924 -5.893442 -13.96901 6.007924 -5.730198 -14.05608 6.007924 -5.893442 -13.96901 6.206493 -5.730198 -14.05608 6.206493 -4.896822 -11.97473 6.206493 -4.896822 -11.97473 6.007924 -5.893442 -13.96901 6.206493 -5.893442 -13.96901 6.007924 -4.733582 -12.0618 6.206493 -4.896822 -11.97473 6.206493 -5.730198 -14.05608 6.206493 -5.893442 -13.96901 6.206493 -4.733582 -12.0618 6.007924 -4.733582 -12.0618 6.206493 -5.730198 -14.05608 6.007924 -5.730198 -14.05608 6.206493 -4.896822 -11.97473 6.007924 -4.733582 -12.0618 6.007924 -5.893442 -13.96901 6.007924 -5.730198 -14.05608 6.007924 -9.649711 -9.649706 6.411414 -9.649711 -9.649706 5.353638 -7.158027 -11.52732 6.411414 -7.158027 -11.52732 5.353638 -11.52732 -7.158025 6.411414 -11.52732 -7.158025 5.353638 -3.561718 -3.561714 6.57291 -2.370928 -4.459046 6.57291 -5.94874 -5.948736 4.085417 -3.959834 -7.447431 4.085417 -1.464659 -8.306571 4.085417 -1.38681 -4.797886 6.57291 -4.459052 -2.370926 6.57291 -7.447433 -3.95983 4.085417 -8.306577 -1.464657 4.085417 -4.79789 -1.386807 6.57291 -7.363298 -7.363296 4.677357 -6.28737 -6.287365 3.939003 -5.513196 -8.777301 4.681194 -4.71878 -7.470613 3.936979 -6.810042 -10.72445 5.07645 -9.017837 -9.017833 5.080149 -8.777303 -5.513195 4.681194 -7.470613 -4.718779 3.936979 -10.72446 -6.809971 5.07645 -9.017837 -9.017833 5.080149 -6.810042 -10.72445 5.07645 -8.973571 -8.973496 5.315792 -6.764732 -10.68089 5.312094 -10.72446 -6.809971 5.07645 -10.68089 -6.764726 5.312094 -2.381401 -4.485367 6.849049 -2.370928 -4.459046 6.57291 -3.590133 -3.590131 6.849049 -3.561718 -3.561714 6.57291 -1.408663 -4.81129 6.849049 -1.38681 -4.797886 6.57291 -4.459052 -2.370926 6.57291 -4.485373 -2.381399 6.849049 -4.81129 -1.408661 6.849049 -4.79789 -1.386807 6.57291 -0.3985027 -11.21627 8.7157 -1.244796 -11.21787 8.74677 -1.273842 -13.1533 8.61865 -1.36377 -11.26528 8.613552 -1.393722 -13.1896 8.454083 -1.380038 -11.61529 6.749487 -1.399168 -13.18779 6.466154 -1.402799 -13.49095 6.411557 -1.402728 -13.57878 6.411557 -1.404754 -13.73301 5.454386 -1.404893 -13.49144 5.453757 3.40507e-5 -13.1533 8.621303 3.40507e-5 -11.22437 8.715631 -0.163976 -9.35011 8.827831 3.40507e-5 -9.35011 8.827831 3.40507e-5 -8.794617 2.704439 3.40507e-5 -11.94128 2.895816 -1.499989 -8.794617 2.704439 -1.501106 -11.94128 2.895816 3.40507e-5 -16.84533 9.397567 3.40507e-5 -14.40951 9.535811 -0.7832124 -16.84533 9.397567 -0.7812568 -14.40951 9.535811 -2.015823 -17.08796 6.302145 -2.014007 -14.61457 6.302145 -2.016032 -17.08796 4.409665 -2.013797 -14.62099 4.409665 -1.372428 -17.52154 8.578504 -0.9183158 -16.8276 8.608736 -1.313151 -13.41212 8.764925 -0.91601 -14.00154 8.738951 3.40507e-5 -17.52154 8.577037 3.40507e-5 -16.8276 8.608736 -1.508368 -17.52154 8.349633 3.40507e-5 -14.00154 8.738951 3.40507e-5 -13.41212 8.764925 -1.505297 -13.44354 8.541569 -1.508368 -17.52154 8.349633 -1.505924 -14.39659 6.708222 -1.507738 -17.08796 6.708222 -1.508368 -17.52154 3.233748 -1.50795 -17.08796 4.409665 -1.505297 -14.41677 2.985747 -1.505715 -14.39736 4.409665 -1.505297 -13.82169 6.610753 -0.9183158 -16.8276 8.608736 -0.7832124 -16.84533 9.397567 -0.91601 -14.00154 8.738951 -0.7812568 -14.40951 9.535811 3.40507e-5 -16.84533 9.397567 -0.7832124 -16.84533 9.397567 3.40507e-5 -16.8276 8.608736 -0.9183158 -16.8276 8.608736 -1.50006 -9.126543 8.773162 -1.307914 -9.103853 8.99931 -1.506761 -7.411263 8.862533 -1.304701 -7.478988 9.067384 -1.201506 -7.51355 9.068294 -1.30931 -10.96889 8.884387 -1.501456 -11.01428 8.658168 -0.3876793 -9.103853 8.99931 -0.6221379 -10.96889 8.884387 -0.8369736 -7.704789 9.054538 -1.046227 -7.70444 9.051398 -1.502991 -10.22328 6.992461 -1.501524 -11.34977 6.796893 -1.491401 -7.416429 8.45918 -1.494193 -7.701019 8.158533 -1.502434 -8.520571 7.716919 3.40507e-5 -7.706256 9.066896 3.40507e-5 -9.103853 8.99931 -1.50795 -17.08796 4.409665 -2.016032 -17.08796 4.409665 -1.505715 -14.39736 4.409665 -2.013797 -14.62099 4.409665 -1.507738 -17.08796 6.708222 -2.015823 -17.08796 6.302145 -1.50795 -17.08796 4.409665 -2.016032 -17.08796 4.409665 -1.505924 -14.39659 6.708222 -2.014007 -14.61457 6.302145 -1.507738 -17.08796 6.708222 -2.015823 -17.08796 6.302145 -1.505715 -14.39736 4.409665 -2.013797 -14.62099 4.409665 -1.505924 -14.39659 6.708222 -2.014007 -14.61457 6.302145 3.40507e-5 -4.916089 5.039933 3.40507e-5 -6.445994 3.880704 -0.8051362 -4.916089 5.039933 -0.8490543 -6.446066 3.880704 3.40507e-5 -7.140848 3.359912 -0.8930405 -7.140848 3.359912 -0.6213694 -3.885819 5.381705 -0.7848882 -3.834992 5.399299 3.40507e-5 -3.890498 5.399508 -0.8051362 -5.152781 5.75259 -0.8490543 -7.193213 4.27477 -1.389325 -5.133163 5.774374 -1.444691 -7.218421 4.22457 -0.8930405 -8.312296 3.225577 -1.499989 -8.794617 2.704439 3.40507e-5 -8.794617 2.704439 3.40507e-5 -8.312296 3.225577 -1.377385 -3.694372 6.207609 -0.7761614 -3.895874 6.134578 -0.8051362 -4.916089 5.039933 -0.8490543 -6.446066 3.880704 -0.8051362 -5.152781 5.75259 -0.8490543 -7.193213 4.27477 -0.8930405 -7.140848 3.359912 -0.8930405 -8.312296 3.225577 -0.7844699 -3.893083 5.660845 -0.7848882 -3.834992 5.399299 -0.7761614 -3.895874 6.134578 -0.6628431 -16.64055 10.4684 -0.6628431 -16.78396 10.4684 -0.5294156 -16.64055 10.4684 -0.5294156 -16.78396 10.4684 -0.5294156 -16.78396 10.4684 -0.5730538 -16.78138 9.071295 -0.5294156 -16.64055 10.4684 -0.5730538 -16.63797 9.071295 -0.5294156 -16.64055 10.4684 -0.5730538 -16.63797 9.071295 -0.6628431 -16.64055 10.4684 -0.706479 -16.63797 9.071295 -0.6628431 -16.64055 10.4684 -0.706479 -16.63797 9.071295 -0.6628431 -16.78396 10.4684 -0.706479 -16.78138 9.071295 -0.6628431 -16.78396 10.4684 -0.706479 -16.78138 9.071295 -0.5294156 -16.78396 10.4684 -0.5730538 -16.78138 9.071295 -1.505297 -14.41677 2.985747 3.40507e-5 -14.41677 2.985747 -1.508368 -17.52154 3.233748 3.40507e-5 -17.52154 3.233748 -0.91601 -14.00154 8.738951 -0.7812568 -14.40951 9.535811 3.40507e-5 -14.00154 8.738951 3.40507e-5 -14.40951 9.535811 -0.8930405 -7.140848 3.359912 3.40507e-5 -7.140848 3.359912 -0.8930405 -8.312296 3.225577 3.40507e-5 -8.312296 3.225577 3.40507e-5 -11.94128 2.895816 3.40507e-5 -12.19208 3.016535 -1.501106 -11.94128 2.895816 -1.407199 -12.19208 3.016535 -0.3876793 -9.103853 8.99931 -0.163976 -9.35011 8.827831 3.40507e-5 -9.103853 8.99931 3.40507e-5 -9.35011 8.827831 -0.6221379 -10.96889 8.884387 -0.3985027 -11.21627 8.7157 -0.3876793 -9.103853 8.99931 -0.163976 -9.35011 8.827831 -1.30931 -10.96889 8.884387 -1.244796 -11.21787 8.74677 -0.6221379 -10.96889 8.884387 -0.3985027 -11.21627 8.7157 -1.36377 -11.26528 8.613552 -1.501456 -11.01428 8.658168 -1.501524 -11.34977 6.796893 -1.380038 -11.61529 6.749487 -1.505297 -13.44354 8.541569 -1.393722 -13.1896 8.454083 -1.505297 -13.82169 6.610753 -1.402728 -13.57878 6.411557 -1.273842 -13.1533 8.61865 -1.313151 -13.41212 8.764925 3.40507e-5 -13.1533 8.621303 3.40507e-5 -13.41212 8.764925 -1.404754 -13.73301 5.454386 -1.505297 -14.41677 2.985747 -1.415855 -14.16151 3.07295 -1.505297 -14.41677 2.985747 -1.415855 -14.16151 3.07295 3.40507e-5 -14.41677 2.985747 3.40507e-5 -14.16346 3.070576 3.40507e-5 -12.19208 3.016535 3.40507e-5 -12.92156 3.042789 -1.407199 -12.19208 3.016535 -1.411526 -12.92156 3.042789 -1.404754 -13.73301 5.454386 -1.197736 -13.7532 5.344489 -1.415855 -14.16151 3.07295 -1.274189 -14.12764 3.262512 3.40507e-5 -14.16346 3.070576 3.40507e-5 -14.12743 3.262374 -1.411526 -12.92156 3.042789 -1.255479 -12.98922 3.22118 -1.39826 -12.54376 5.225655 -1.193338 -12.64305 5.238572 3.40507e-5 -12.98971 3.218597 3.40507e-5 -12.92156 3.042789 -1.407199 -12.19208 3.016535 -1.394909 -11.86329 5.133771 -1.501106 -11.94128 2.895816 -1.505087 -11.60957 5.099771 -1.39826 -12.54376 5.225655 -1.411526 -12.92156 3.042789 -1.491331 -10.22377 4.91251 -1.463193 -8.499834 4.064469 -1.499989 -8.794617 2.704439 -1.464659 -8.306571 4.085417 -1.444691 -7.218421 4.22457 -1.38681 -4.797886 6.57291 -1.389325 -5.133163 5.774374 -1.377385 -3.694372 6.207609 -1.379129 -3.693814 6.849049 -1.408663 -4.81129 6.849049 -1.193338 -12.64305 5.238572 -1.255479 -12.98922 3.22118 -1.19662 -13.49479 5.353638 -1.258759 -13.84089 3.336174 -1.274189 -14.12764 3.262512 -1.197736 -13.7532 5.344489 -1.255479 -12.98922 3.22118 3.40507e-5 -12.98971 3.218597 -1.258759 -13.84089 3.336174 3.40507e-5 -13.84145 3.333591 3.40507e-5 -14.12743 3.262374 -1.274189 -14.12764 3.262512 -1.197736 -13.7532 5.344489 -1.404754 -13.73301 5.454386 -1.19662 -13.49479 5.353638 -1.404893 -13.49144 5.453757 -7.513555 -1.201503 9.068294 -7.513555 -1.215328 9.161644 -7.704444 -1.046222 9.051398 -7.704444 -1.046222 9.219664 -5.801351 -0.9414922 10.60588 -5.918299 -0.7723162 10.7199 -6.958203 -1.126516 9.796451 -7.125074 -0.9574108 9.872626 -5.014614 -0.8156748 10.91016 -5.097628 -0.6465013 11.04987 -3.944542 -0.475231 11.06271 -3.944542 -0.6307917 10.91016 -7.513555 -1.215328 9.161644 -7.704444 -1.046222 9.219664 -7.706189 -3.40507e-5 9.284667 -7.706189 -3.40507e-5 9.066896 -7.704793 -0.8369711 9.284667 -7.704793 -0.8369711 9.054538 -7.704444 -1.046222 9.219664 -7.704444 -1.046222 9.051398 -7.126749 -3.40507e-5 9.937558 -7.125422 -0.7659632 9.937558 -5.919694 -3.40507e-5 10.78483 -5.918576 -0.6178743 10.78483 -5.097838 -0.5171937 11.1148 -5.098816 -3.40507e-5 11.1148 -3.94552 -3.40507e-5 11.12772 -3.944752 -0.3802052 11.12772 -7.706189 -3.40507e-5 9.284667 -7.704793 -0.8369711 9.284667 -5.918299 -0.7723162 10.7199 -7.125074 -0.9574108 9.872626 -3.944542 -0.475231 11.06271 -5.097628 -0.6465013 11.04987 -7.704444 -1.046222 9.219664 -13.47448 -2.375884 5.353638 -12.38025 -5.553831 5.353638 -13.47448 -2.375884 6.411414 -12.38025 -5.553831 6.411414 -13.49144 -1.404891 5.453757 -13.49095 -1.402796 6.411557 -13.49479 -1.196617 5.353638 -11.47936 -6.941652 6.411414 -11.03627 -6.706076 6.411414 -11.47936 -6.941652 5.353638 -11.03146 -6.703565 5.353638 -12.17407 -5.635101 5.353638 -11.7261 -5.396872 5.353638 -12.17407 -5.635101 6.411414 -11.73092 -5.399456 6.411414 -12.38025 -5.553831 6.411414 -12.38025 -5.553831 5.353638 -12.17407 -5.635101 6.411414 -12.17407 -5.635101 5.353638 -11.52732 -7.158025 5.353638 -11.52732 -7.158025 6.411414 -11.47936 -6.941652 5.353638 -11.47936 -6.941652 6.411414 -10.23055 -2.065253 4.689363 -9.557756 -3.989296 4.681125 -12.47388 -2.461134 4.985682 -11.64414 -5.070115 5.075473 -8.69652 -1.794489 3.936979 -8.14487 -3.396658 3.936979 -8.733736 -5.467881 4.91684 -8.777303 -5.513195 4.681194 -10.68089 -6.764726 5.312094 -7.470613 -4.718779 3.936979 -7.427047 -4.673533 4.172694 -10.72446 -6.809971 5.07645 -10.68089 -6.764726 5.312094 -8.777303 -5.513195 4.681194 -10.1719 -2.042632 4.925009 -10.23055 -2.065253 4.689363 -12.41516 -2.438441 5.221326 -12.47388 -2.461134 4.985682 -8.69652 -1.794489 3.936979 -8.637875 -1.771867 4.172694 -8.08622 -3.373968 4.172694 -8.14487 -3.396658 3.936979 -8.637875 -1.771867 4.172694 -8.69652 -1.794489 3.936979 -9.499036 -3.966604 4.916768 -9.557756 -3.989296 4.681125 -8.08622 -3.373968 4.172694 -8.14487 -3.396658 3.936979 -11.64414 -5.070115 5.075473 -11.58541 -5.047494 5.311116 -12.41516 -2.438441 5.221326 -12.47388 -2.461134 4.985682 -11.58541 -5.047494 5.311116 -11.64414 -5.070115 5.075473 -12.27384 -8.353979 6.206493 -12.27384 -8.353979 6.007924 -12.15975 -8.499625 6.206493 -12.15975 -8.499625 6.007924 -12.15975 -8.499625 6.007924 -10.36886 -7.17185 6.007924 -12.15975 -8.499625 6.206493 -10.36886 -7.17185 6.206493 -12.15975 -8.499625 6.206493 -10.36886 -7.17185 6.206493 -12.27384 -8.353979 6.206493 -10.48295 -7.026205 6.206493 -12.27384 -8.353979 6.206493 -10.48295 -7.026205 6.206493 -12.27384 -8.353979 6.007924 -10.48295 -7.026205 6.007924 -12.27384 -8.353979 6.007924 -10.48295 -7.026205 6.007924 -12.15975 -8.499625 6.007924 -10.36886 -7.17185 6.007924 -14.05608 -5.730198 6.206493 -14.05608 -5.730198 6.007924 -13.96901 -5.893438 6.206493 -13.96901 -5.893438 6.007924 -13.96901 -5.893438 6.007924 -11.97473 -4.896819 6.007924 -13.96901 -5.893438 6.206493 -11.97473 -4.896819 6.206493 -13.96901 -5.893438 6.206493 -11.97473 -4.896819 6.206493 -14.05608 -5.730198 6.206493 -12.0618 -4.733581 6.206493 -14.05608 -5.730198 6.206493 -12.0618 -4.733581 6.206493 -14.05608 -5.730198 6.007924 -12.0618 -4.733581 6.007924 -14.05608 -5.730198 6.007924 -12.0618 -4.733581 6.007924 -13.96901 -5.893438 6.007924 -11.97473 -4.896819 6.007924 -11.21627 -0.3984978 8.7157 -13.1533 -3.40507e-5 8.621303 -13.1533 -1.273837 8.61865 -11.22437 -3.40507e-5 8.715631 -9.35011 -0.1639711 8.827831 -9.35011 -3.40507e-5 8.827831 -11.21788 -1.244792 8.74677 -11.26528 -1.363767 8.613552 -13.18961 -1.39372 8.454083 -11.6153 -1.380034 6.749487 -13.18758 -1.399165 6.466154 -13.49095 -1.402796 6.411557 -13.57879 -1.402726 6.411557 -13.73309 -1.404749 5.454386 -13.49144 -1.404891 5.453757 -11.94129 -1.501103 2.895816 -11.94129 -3.40507e-5 2.895816 -8.794621 -1.499987 2.704439 -8.794621 -3.40507e-5 2.704439 -14.40951 -0.7812544 9.535811 -14.40951 -3.40507e-5 9.535811 -16.84534 -0.78321 9.397567 -16.84534 -3.40507e-5 9.397567 -14.621 -2.013795 4.409665 -14.61457 -2.014004 6.302145 -17.08796 -2.016028 4.409665 -17.08796 -2.015819 6.302145 -14.00154 -0.9160076 8.738951 -16.8276 -0.9183111 8.615369 -13.41212 -1.313146 8.764925 -17.52155 -1.372423 8.585137 -17.52155 -3.40507e-5 8.583741 -16.8276 -3.40507e-5 8.615369 -17.52155 -1.508363 8.349633 -13.44354 -1.505292 8.541569 -14.39659 -1.505921 6.708222 -17.08796 -1.507736 6.708222 -17.52155 -1.508363 3.233748 -17.08796 -1.507945 4.409665 -14.41677 -1.505292 2.985747 -14.39736 -1.50571 4.409665 -13.82169 -1.505292 6.610753 -14.00154 -3.40507e-5 8.738951 -13.41212 -3.40507e-5 8.764925 -14.40951 -0.7812544 9.535811 -16.84534 -0.78321 9.397567 -14.00154 -0.9160076 8.738951 -16.8276 -0.9183111 8.615369 -16.8276 -0.9183111 8.615369 -16.84534 -0.78321 9.397567 -16.8276 -3.40507e-5 8.615369 -16.84534 -3.40507e-5 9.397567 -7.478994 -1.304699 9.067384 -9.103855 -1.307909 8.99931 -7.411267 -1.506758 8.862533 -9.126546 -1.500055 8.773162 -7.513555 -1.201503 9.068294 -10.9689 -1.309305 8.884387 -11.01428 -1.501451 8.658168 -9.103855 -0.387677 8.99931 -10.9689 -0.6222036 8.884387 -7.704793 -0.8369711 9.054538 -7.704444 -1.046222 9.051398 -10.22329 -1.502988 6.992461 -11.34977 -1.501522 6.796893 -7.416433 -1.491399 8.45918 -7.701023 -1.494191 8.158533 -8.520576 -1.502429 7.716919 -7.706189 -3.40507e-5 9.066896 -9.103855 -3.40507e-5 8.99931 -14.621 -2.013795 4.409665 -17.08796 -2.016028 4.409665 -14.39736 -1.50571 4.409665 -17.08796 -1.507945 4.409665 -17.08796 -2.016028 4.409665 -17.08796 -2.015819 6.302145 -17.08796 -1.507945 4.409665 -17.08796 -1.507736 6.708222 -17.08796 -2.015819 6.302145 -14.61457 -2.014004 6.302145 -17.08796 -1.507736 6.708222 -14.39659 -1.505921 6.708222 -14.61457 -2.014004 6.302145 -14.621 -2.013795 4.409665 -14.39659 -1.505921 6.708222 -14.39736 -1.50571 4.409665 -4.916095 -3.40507e-5 5.039933 -4.916095 -0.8051337 5.039933 -6.445997 -3.40507e-5 3.880704 -6.44607 -0.8490493 3.880704 -7.14085 -3.40507e-5 3.359912 -7.14085 -0.8930355 3.359912 -3.885825 -0.6213644 5.381705 -3.834994 -0.7848857 5.399299 -3.890501 -3.40507e-5 5.399508 -7.218423 -1.444689 4.22457 -7.193216 -0.8490493 4.27477 -5.133168 -1.38932 5.774374 -5.152785 -0.8051337 5.75259 -8.312303 -0.8930355 3.225577 -8.794621 -1.499987 2.704439 -8.794621 -3.40507e-5 2.704439 -8.312303 -3.40507e-5 3.225577 -7.14085 -3.40507e-5 3.359912 -7.14085 -0.8930355 3.359912 -3.694374 -1.37738 6.207609 -3.895878 -0.7761566 6.134578 -7.193216 -0.8490493 4.27477 -6.44607 -0.8490493 3.880704 -5.152785 -0.8051337 5.75259 -4.916095 -0.8051337 5.039933 -7.14085 -0.8930355 3.359912 -8.312303 -0.8930355 3.225577 -3.893085 -0.784465 5.660845 -3.834994 -0.7848857 5.399299 -3.895878 -0.7761566 6.134578 -16.78397 -0.5294106 10.78706 -16.78397 -0.6628383 10.78706 -16.64056 -0.5294106 10.78706 -16.64056 -0.6628383 10.78706 -16.63797 -0.573049 9.389957 -16.78138 -0.573049 9.389957 -16.64056 -0.5294106 10.78706 -16.78397 -0.5294106 10.78706 -16.63797 -0.7064766 9.389957 -16.63797 -0.573049 9.389957 -16.64056 -0.6628383 10.78706 -16.64056 -0.5294106 10.78706 -16.78138 -0.7064766 9.389957 -16.63797 -0.7064766 9.389957 -16.78397 -0.6628383 10.78706 -16.64056 -0.6628383 10.78706 -16.78138 -0.573049 9.389957 -16.78138 -0.7064766 9.389957 -16.78397 -0.5294106 10.78706 -16.78397 -0.6628383 10.78706 -17.52155 -3.40507e-5 3.233748 -14.41677 -3.40507e-5 2.985747 -17.52155 -1.508363 3.233748 -14.41677 -1.505292 2.985747 -14.40951 -3.40507e-5 9.535811 -14.40951 -0.7812544 9.535811 -14.00154 -3.40507e-5 8.738951 -14.00154 -0.9160076 8.738951 -12.19208 -1.407194 3.016535 -12.19208 -3.40507e-5 3.016535 -11.94129 -1.501103 2.895816 -11.94129 -3.40507e-5 2.895816 -9.35011 -3.40507e-5 8.827831 -9.35011 -0.1639711 8.827831 -9.103855 -3.40507e-5 8.99931 -9.103855 -0.387677 8.99931 -9.35011 -0.1639711 8.827831 -11.21627 -0.3984978 8.7157 -9.103855 -0.387677 8.99931 -10.9689 -0.6222036 8.884387 -11.21627 -0.3984978 8.7157 -11.21788 -1.244792 8.74677 -10.9689 -0.6222036 8.884387 -10.9689 -1.309305 8.884387 -11.26528 -1.363767 8.613552 -11.01428 -1.501451 8.658168 -11.34977 -1.501522 6.796893 -11.6153 -1.380034 6.749487 -13.57879 -1.402726 6.411557 -13.18961 -1.39372 8.454083 -13.82169 -1.505292 6.610753 -13.44354 -1.505292 8.541569 -13.1533 -1.273837 8.61865 -13.41212 -1.313146 8.764925 -13.1533 -3.40507e-5 8.621303 -13.41212 -3.40507e-5 8.764925 -13.73309 -1.404749 5.454386 -14.41677 -1.505292 2.985747 -14.16151 -1.415852 3.07295 -14.16346 -3.40507e-5 3.070576 -14.16151 -1.415852 3.07295 -14.41677 -3.40507e-5 2.985747 -14.41677 -1.505292 2.985747 -12.92156 -1.411523 3.042789 -12.92156 -3.40507e-5 3.042789 -12.19208 -1.407194 3.016535 -12.19208 -3.40507e-5 3.016535 -14.12765 -1.274187 3.262512 -13.7532 -1.197733 5.344489 -14.16151 -1.415852 3.07295 -13.73309 -1.404749 5.454386 -14.16346 -3.40507e-5 3.070576 -14.12744 -3.40507e-5 3.262374 -12.64306 -1.193334 5.238572 -12.98922 -1.255474 3.22118 -12.54377 -1.398258 5.225655 -12.92156 -1.411523 3.042789 -12.98971 -3.40507e-5 3.218597 -12.92156 -3.40507e-5 3.042789 -11.60957 -1.505082 5.099771 -11.8633 -1.394906 5.133771 -11.94129 -1.501103 2.895816 -12.19208 -1.407194 3.016535 -12.54377 -1.398258 5.225655 -12.92156 -1.411523 3.042789 -10.22377 -1.491328 4.91251 -8.499838 -1.46319 4.064469 -8.794621 -1.499987 2.704439 -8.306577 -1.464657 4.085417 -7.218423 -1.444689 4.22457 -4.79789 -1.386807 6.57291 -5.133168 -1.38932 5.774374 -3.694374 -1.37738 6.207609 -3.693817 -1.379126 6.849049 -4.81129 -1.408661 6.849049 -13.84096 -1.258757 3.336174 -12.98922 -1.255474 3.22118 -13.49479 -1.196617 5.353638 -12.64306 -1.193334 5.238572 -14.12765 -1.274187 3.262512 -13.7532 -1.197733 5.344489 -13.84145 -3.40507e-5 3.333591 -12.98971 -3.40507e-5 3.218597 -13.84096 -1.258757 3.336174 -12.98922 -1.255474 3.22118 -14.12744 -3.40507e-5 3.262374 -14.12765 -1.274187 3.262512 -13.49144 -1.404891 5.453757 -13.73309 -1.404749 5.454386 -13.49479 -1.196617 5.353638 -13.7532 -1.197733 5.344489 -5.827252 -10.02974 6.71353 -6.006338 -10.08197 6.694189 -5.063835 -10.44133 6.733987 -6.541514 -11.1255 6.580591 -5.564795 -11.64483 6.580591 -5.006722 -10.62028 6.718136 -4.880623 -10.38331 6.75954 -4.804033 -10.55458 6.735383 -4.318573 -9.300745 6.992531 -4.471689 -9.282593 7.135104 -4.966086 -10.2348 6.930671 -3.769573 -7.73942 7.71671 -5.87843 -9.846252 6.735174 -6.006338 -10.08197 6.694189 -6.117631 -9.949866 6.686089 -5.707579 -9.835221 6.91133 -5.268548 -8.784352 6.991834 -5.171217 -8.901372 7.136362 -4.294553 -7.459092 7.71587 -10.44064 -5.064808 6.734196 -10.61973 -5.007555 6.718277 -10.03002 -5.826132 6.713598 -11.6442 -5.564444 6.581219 -11.12487 -6.541232 6.581289 -10.08218 -6.005359 6.694327 -10.38248 -4.881878 6.75961 -10.55367 -4.804866 6.735521 -10.23376 -4.967689 6.930809 -9.298794 -4.322827 6.99267 -9.280918 -4.476151 7.135034 -7.73628 -3.778925 7.7165 -5.397159 -11.72666 5.353638 -5.561725 -11.63819 5.184599 -3.966606 -9.499034 4.916768 -5.467887 -8.733734 4.91684 -6.535438 -11.12047 5.184599 -6.703777 -11.03194 5.353638 -11.03146 -6.703565 5.353638 -11.12013 -6.534948 5.184252 -8.733736 -5.467881 4.91684 -10.85509 -6.309076 6.264445 -10.88623 -6.251197 6.32407 -10.85167 -6.307262 5.671807 -11.26612 -5.527019 5.611483 -11.29712 -5.469347 5.670899 -11.30054 -5.471163 6.264584 -11.27024 -5.528905 6.323998 -10.88316 -6.247358 5.611552 -9.499036 -3.966604 4.916768 -11.63764 -5.561441 5.184111 -11.7261 -5.396872 5.353638 -6.541514 -11.1255 6.580591 -6.006338 -10.08197 6.694189 -6.706431 -11.03683 6.411414 -5.527162 -11.26675 5.61204 -5.469633 -11.29768 5.671179 -6.247851 -10.88351 5.61204 -5.529119 -11.27087 6.323511 -5.471514 -11.30117 6.264445 -6.307548 -10.85216 5.671948 -6.309361 -10.85565 6.264304 -6.251622 -10.88671 6.323511 -5.564795 -11.64483 6.580591 -5.399809 -11.73154 6.411414 -5.006722 -10.62028 6.718136 -11.6442 -5.564444 6.581219 -10.61973 -5.007555 6.718277 -11.73092 -5.399456 6.411414 -11.12487 -6.541232 6.581289 -11.03627 -6.706076 6.411414 -10.08218 -6.005359 6.694327 -6.703777 -11.03194 5.353638 -6.573352 -11.10169 5.420036 -6.706431 -11.03683 6.411414 -6.575658 -11.10595 6.345713 -6.486076 -11.14756 5.332412 -6.535438 -11.12047 5.184599 -5.612411 -11.61208 5.332412 -5.561725 -11.63819 5.184599 -5.527932 -11.65753 5.419267 -5.397159 -11.72666 5.353638 -5.530233 -11.66186 6.345923 -5.399809 -11.73154 6.411414 -5.614927 -11.61732 6.43271 -5.564795 -11.64483 6.580591 -6.541514 -11.1255 6.580591 -6.490895 -11.15154 6.43271 -11.03627 -6.706076 6.411414 -11.1054 -6.575303 6.345923 -11.03146 -6.703565 5.353638 -11.10121 -6.573069 5.419965 -11.15106 -6.490401 6.43341 -11.12487 -6.541232 6.581289 -11.6442 -5.564444 6.581219 -11.61662 -5.614645 6.433339 -11.66124 -5.529882 6.346064 -11.73092 -5.399456 6.411414 -11.65698 -5.527648 5.419059 -11.7261 -5.396872 5.353638 -11.61146 -5.612339 5.331782 -11.63764 -5.561441 5.184111 -11.14722 -6.485515 5.331923 -11.12013 -6.534948 5.184252 -6.573352 -11.10169 5.420036 -6.307548 -10.85216 5.671948 -6.575658 -11.10595 6.345713 -6.309361 -10.85565 6.264304 -6.490895 -11.15154 6.43271 -6.251622 -10.88671 6.323511 -5.614927 -11.61732 6.43271 -5.529119 -11.27087 6.323511 -5.530233 -11.66186 6.345923 -5.471514 -11.30117 6.264445 -5.527932 -11.65753 5.419267 -5.469633 -11.29768 5.671179 -6.486076 -11.14756 5.332412 -6.247851 -10.88351 5.61204 -6.573352 -11.10169 5.420036 -6.307548 -10.85216 5.671948 -5.527162 -11.26675 5.61204 -5.612411 -11.61208 5.332412 -5.469633 -11.29768 5.671179 -5.527932 -11.65753 5.419267 -11.1054 -6.575303 6.345923 -10.85509 -6.309076 6.264445 -11.10121 -6.573069 5.419965 -10.85167 -6.307262 5.671807 -10.88623 -6.251197 6.32407 -11.15106 -6.490401 6.43341 -11.27024 -5.528905 6.323998 -11.61662 -5.614645 6.433339 -11.30054 -5.471163 6.264584 -11.66124 -5.529882 6.346064 -11.29712 -5.469347 5.670899 -11.65698 -5.527648 5.419059 -11.61146 -5.612339 5.331782 -11.26612 -5.527019 5.611483 -11.65698 -5.527648 5.419059 -11.29712 -5.469347 5.670899 -10.88316 -6.247358 5.611552 -11.14722 -6.485515 5.331923 -10.85167 -6.307262 5.671807 -11.10121 -6.573069 5.419965 -6.502274 -9.807503 6.811627 -6.280524 -9.776153 6.847373 -8.385333 -8.379395 6.814699 -8.262588 -8.25665 6.851214 -9.808063 -6.501712 6.811627 -9.776716 -6.279543 6.847373 -7.323295 -7.31219 7.12456 -5.483174 -8.683742 7.123026 -6.105067 -6.105063 7.849019 -4.508624 -7.357779 7.846294 -8.683398 -5.485826 7.122746 -7.352407 -4.514345 7.846783 -5.818663 -5.81866 8.096811 -4.381412 -6.898782 8.098557 -4.333235 -7.119066 8.015121 -7.114948 -4.33707 8.025384 -6.896692 -4.384059 8.108332 -4.88181 -11.40981 6.684064 -4.7819 -11.61892 6.64678 -4.609234 -10.67705 6.87977 -2.414288 -11.49534 6.890034 -2.557211 -12.3047 6.746972 -2.709068 -12.3903 6.721838 -2.18409 -10.19012 7.117162 -4.122864 -9.420905 7.135034 -1.887073 -8.509609 7.822138 -3.57268 -7.85602 7.858864 -2.075591 -7.893863 8.115244 -1.883023 -8.140539 8.018334 -3.474303 -7.57625 8.030412 -3.265048 -7.492256 8.115734 -11.52732 -7.158025 6.411414 -9.649711 -9.649706 6.411414 -11.47936 -6.941652 6.411414 -11.03627 -6.706076 6.411414 -9.171582 -9.169553 6.407715 -6.706431 -11.03683 6.411414 -6.941654 -11.47935 6.411414 -7.158027 -11.52732 6.411414 -8.509333 -8.503327 6.622133 -10.00817 -6.525453 6.619968 -6.526085 -10.00761 6.620038 -9.950495 -6.116793 6.686019 -10.08218 -6.005359 6.694327 -6.006338 -10.08197 6.694189 -6.117631 -9.949866 6.686089 -6.706431 -11.03683 6.411414 -5.87843 -9.846252 6.735174 -5.268548 -8.784352 6.991834 -9.846393 -5.87759 6.735242 -8.783589 -5.270778 6.991693 -10.67586 -4.609928 6.870207 -11.49541 -2.414355 6.880259 -11.40716 -4.881251 6.674778 -12.36398 -2.706483 6.71674 -12.27601 -2.55218 6.742434 -11.6132 -4.781406 6.638054 -10.19019 -2.184155 7.107316 -9.418464 -4.126979 7.125538 -8.509684 -1.88707 7.812363 -7.853508 -3.582241 7.84853 -8.140681 -1.883021 8.008488 -7.49093 -3.269096 8.105958 -7.575065 -3.48128 8.019939 -7.893934 -2.075584 8.105399 -10.00817 -6.525453 6.619968 -9.808063 -6.501712 6.811627 -9.950495 -6.116793 6.686019 -9.776716 -6.279543 6.847373 -8.509333 -8.503327 6.622133 -8.385333 -8.379395 6.814699 -10.00817 -6.525453 6.619968 -9.808063 -6.501712 6.811627 -6.502274 -9.807503 6.811627 -6.526085 -10.00761 6.620038 -6.117631 -9.949866 6.686089 -6.280524 -9.776153 6.847373 -6.526085 -10.00761 6.620038 -6.502274 -9.807503 6.811627 -5.268548 -8.784352 6.991834 -5.483174 -8.683742 7.123026 -6.117631 -9.949866 6.686089 -6.280524 -9.776153 6.847373 -4.508624 -7.357779 7.846294 -4.294553 -7.459092 7.71587 -4.333235 -7.119066 8.015121 -4.072033 -7.156348 7.932384 -4.157985 -6.766749 8.08215 -4.381412 -6.898782 8.098557 -4.072033 -7.156348 7.932384 -4.333235 -7.119066 8.015121 -5.648024 -5.64802 8.081661 -5.818663 -5.81866 8.096811 -4.157985 -6.766749 8.08215 -4.381412 -6.898782 8.098557 -6.896692 -4.384059 8.108332 -6.76494 -4.160354 8.08215 -7.153353 -4.07587 7.932384 -7.114948 -4.33707 8.025384 -6.76494 -4.160354 8.08215 -6.896692 -4.384059 8.108332 -7.453995 -4.300415 7.716012 -7.352407 -4.514345 7.846783 -7.153353 -4.07587 7.932384 -7.114948 -4.33707 8.025384 -8.683398 -5.485826 7.122746 -8.783589 -5.270778 6.991693 -9.776716 -6.279543 6.847373 -9.950495 -6.116793 6.686019 -1.648429 -8.499625 7.702187 -1.887073 -8.509609 7.822138 -1.94691 -10.19075 6.985339 -2.18409 -10.19012 7.117162 -1.883023 -8.140539 8.018334 -1.64382 -8.051099 7.942928 -2.176759 -11.49422 6.757725 -2.414288 -11.49534 6.890034 -2.337557 -12.40531 6.595741 -2.557211 -12.3047 6.746972 -1.925404 -7.690685 8.084874 -2.075591 -7.893863 8.115244 -1.64382 -8.051099 7.942928 -1.883023 -8.140539 8.018334 -3.274266 -7.235037 8.085151 -3.265048 -7.492256 8.115734 -1.925404 -7.690685 8.084874 -2.075591 -7.893863 8.115244 -3.644663 -7.383962 7.934829 -3.474303 -7.57625 8.030412 -3.274266 -7.235037 8.085151 -3.265048 -7.492256 8.115734 -3.769573 -7.73942 7.71671 -3.57268 -7.85602 7.858864 -3.644663 -7.383962 7.934829 -3.474303 -7.57625 8.030412 -4.122864 -9.420905 7.135034 -4.318573 -9.300745 6.992531 -4.609234 -10.67705 6.87977 -4.804033 -10.55458 6.735383 -4.88181 -11.40981 6.684064 -5.109007 -11.37434 6.517753 -4.929429 -11.75172 6.455192 -4.7819 -11.61892 6.64678 -5.109007 -11.37434 6.517753 -4.88181 -11.40981 6.684064 -2.67004 -12.59187 6.534161 -2.709068 -12.3903 6.721838 -4.929429 -11.75172 6.455192 -4.7819 -11.61892 6.64678 -2.337557 -12.40531 6.595741 -2.557211 -12.3047 6.746972 -2.67004 -12.59187 6.534161 -2.709068 -12.3903 6.721838 -10.19075 -1.946907 6.985339 -10.19019 -2.184155 7.107316 -8.49963 -1.648424 7.702187 -8.509684 -1.88707 7.812363 -11.49541 -2.414355 6.880259 -11.49423 -2.176755 6.757725 -12.27601 -2.55218 6.742434 -12.37599 -2.332385 6.601048 -8.051032 -1.643815 7.942928 -8.140681 -1.883021 8.008488 -12.56506 -2.665778 6.538978 -12.36398 -2.706483 6.71674 -12.37599 -2.332385 6.601048 -12.27601 -2.55218 6.742434 -11.74725 -4.927821 6.456031 -11.6132 -4.781406 6.638054 -12.56506 -2.665778 6.538978 -12.36398 -2.706483 6.71674 -11.37232 -5.108515 6.518171 -11.40716 -4.881251 6.674778 -11.74725 -4.927821 6.456031 -11.6132 -4.781406 6.638054 -10.55367 -4.804866 6.735521 -10.67586 -4.609928 6.870207 -11.37232 -5.108515 6.518171 -11.40716 -4.881251 6.674778 -9.418464 -4.126979 7.125538 -9.298794 -4.322827 6.99267 -7.853508 -3.582241 7.84853 -7.73628 -3.778925 7.7165 -7.575065 -3.48128 8.019939 -7.381871 -3.650525 7.934829 -7.233784 -3.277755 8.085151 -7.49093 -3.269096 8.105958 -7.381871 -3.650525 7.934829 -7.575065 -3.48128 8.019939 -7.690687 -1.925331 8.084874 -7.893934 -2.075584 8.105399 -7.233784 -3.277755 8.085151 -7.49093 -3.269096 8.105958 -8.051032 -1.643815 7.942928 -8.140681 -1.883021 8.008488 -7.690687 -1.925331 8.084874 -7.893934 -2.075584 8.105399 -5.149224 -10.29275 6.905045 -5.656468 -10.01871 6.890034 -5.063835 -10.44133 6.733987 -5.827252 -10.02974 6.71353 -8.783589 -5.270778 6.991693 -8.900259 -5.17338 7.136432 -9.846393 -5.87759 6.735242 -9.835151 -5.707156 6.911401 -7.453995 -4.300415 7.716012 -10.08218 -6.005359 6.694327 -9.950495 -6.116793 6.686019 -10.03002 -5.826132 6.713598 -10.01885 -5.655698 6.890175 -10.29185 -5.150549 6.905187 -10.03002 -5.826132 6.713598 -10.44064 -5.064808 6.734196 -4.880623 -10.38331 6.75954 -4.966086 -10.2348 6.930671 -5.063835 -10.44133 6.733987 -5.149224 -10.29275 6.905045 -5.827252 -10.02974 6.71353 -5.656468 -10.01871 6.890034 -5.87843 -9.846252 6.735174 -5.707579 -9.835221 6.91133 -9.846393 -5.87759 6.735242 -9.835151 -5.707156 6.911401 -10.03002 -5.826132 6.713598 -10.01885 -5.655698 6.890175 -10.44064 -5.064808 6.734196 -10.29185 -5.150549 6.905187 -10.38248 -4.881878 6.75961 -10.23376 -4.967689 6.930809 5.379208 -5.393033 9.161644 3.568137 -6.720532 9.161644 5.379208 -5.379208 8.45918 3.568137 -6.720532 8.45918 6.720532 -3.581961 9.161644 6.720532 -3.568137 8.45918 1.506758 -7.411263 8.862533 1.201503 -7.51355 9.161644 1.304699 -7.478988 9.067384 1.201503 -7.51355 9.068294 1.491328 -7.416429 8.45918 7.411263 -1.506758 8.862533 7.51355 -1.215328 9.161644 7.478988 -1.304699 9.067384 7.51355 -1.201503 9.068294 7.416429 -1.491399 8.45918 1.408661 -4.81129 6.849049 1.379126 -3.693814 6.849049 2.381399 -4.485367 6.849049 1.873246 -3.528201 6.849049 2.82406 -2.82406 6.849049 3.590131 -3.590131 6.849049 4.485367 -2.381399 6.849049 3.528201 -1.873246 6.849049 3.693814 -1.379126 6.849049 4.81129 -1.408661 6.849049 1.873246 -3.528201 10.91016 1.873246 -3.528201 11.83367 0.6307917 -3.944538 10.91016 0.6307917 -3.944538 11.83367 2.82406 -2.82406 10.91016 2.82406 -2.82406 11.83367 1.812711 -3.414184 11.94706 0.6104027 -3.817117 11.94706 2.732805 -2.732805 11.94706 3.40507e-5 -3.945516 11.83367 3.40507e-5 -3.818025 11.94706 0.3802052 -3.944751 11.12772 3.40507e-5 -3.945516 11.12772 0.475231 -3.944538 11.06271 3.528201 -1.873246 11.83367 3.528201 -1.873246 10.91016 3.944538 -0.6307917 10.91016 3.944538 -0.6307917 11.83367 3.414184 -1.812711 11.94706 3.817117 -0.6104027 11.94706 3.945516 -3.40507e-5 11.83367 3.818025 -3.40507e-5 11.94706 3.945516 -3.40507e-5 11.12772 3.944751 -0.3802052 11.12772 3.944538 -0.475231 11.06271 1.365093 -2.571101 13.5132 1.229153 -2.315072 14.3278 0.4596601 -2.874471 13.5132 0.4138594 -2.588276 14.3278 2.05792 -2.05792 13.5132 1.852998 -1.852998 14.3278 0.3806942 -2.380631 14.51108 1.130566 -2.129346 14.51108 3.40507e-5 -3.40507e-5 14.51694 1.704349 -1.704349 14.51108 3.40507e-5 -2.875169 13.5132 3.40507e-5 -2.588907 14.3278 3.40507e-5 -2.381191 14.51108 2.315072 -1.229153 14.3278 2.571101 -1.365093 13.5132 2.874471 -0.4596601 13.5132 2.588276 -0.4138594 14.3278 2.129346 -1.130566 14.51108 2.380631 -0.3806942 14.51108 2.875169 -3.40507e-5 13.5132 2.381191 -3.40507e-5 14.51108 2.588907 -3.40507e-5 14.3278 2.875169 -3.40507e-5 13.5132 2.755009 -5.189018 10.60588 0.9276675 -5.801344 10.60588 3.304425 -6.223758 9.796451 1.112692 -6.958199 9.796451 4.981582 -4.995407 9.796451 4.15337 -4.15337 10.60588 6.223758 -3.31825 9.796451 5.189018 -2.768832 10.60588 6.958199 -1.126516 9.796451 5.801344 -0.9414922 10.60588 3.568137 -6.720532 9.161644 1.201503 -7.51355 9.161644 0.8018503 -5.014608 10.91016 2.381399 -4.485367 10.91016 0.6307917 -3.944538 10.91016 1.873246 -3.528201 10.91016 3.590131 -3.590131 10.91016 2.82406 -2.82406 10.91016 3.528201 -1.873246 10.91016 4.485367 -2.395224 10.91016 3.944538 -0.6307917 10.91016 5.014608 -0.8156748 10.91016 7.51355 -1.215328 9.161644 6.720532 -3.581961 9.161644 5.379208 -5.393033 9.161644 1.201503 -7.51355 9.068294 1.201503 -7.51355 9.161644 1.046222 -7.70444 9.051398 1.046222 -7.70444 9.219664 0.9574108 -7.125071 9.872626 1.112692 -6.958199 9.796451 0.7723162 -5.918295 10.7199 0.9276675 -5.801344 10.60588 0.8018503 -5.014608 10.91016 0.6465013 -5.097624 11.04987 0.475231 -3.944538 11.06271 0.6307917 -3.944538 10.91016 1.201503 -7.51355 9.161644 1.046222 -7.70444 9.219664 1.812711 -3.414184 11.94706 1.812711 -3.414184 12.13481 0.6104027 -3.817117 11.94706 0.6104027 -3.817117 12.13481 2.732805 -2.732805 11.94706 2.732805 -2.732805 12.13481 3.40507e-5 -3.818025 12.13481 3.40507e-5 -3.818025 11.94706 3.414184 -1.812711 12.13481 3.414184 -1.812711 11.94706 3.817117 -0.6104027 11.94706 3.817117 -0.6104027 12.13481 3.818025 -3.40507e-5 12.13481 3.818025 -3.40507e-5 11.94706 0.5512663 -3.447279 13.00156 1.637114 -3.083444 13.00156 0.4800493 -3.001963 13.52507 1.425628 -2.685117 13.52507 2.467975 -2.467975 13.00156 2.149175 -2.149175 13.52507 3.40507e-5 -3.448116 13.00156 3.40507e-5 -3.002661 13.52507 3.083444 -1.637114 13.00156 3.447279 -0.5512663 13.00156 2.685117 -1.425628 13.52507 3.001963 -0.4800493 13.52507 3.448116 -3.40507e-5 13.00156 3.002661 -3.40507e-5 13.52507 1.425628 -2.685117 13.52507 1.365093 -2.571101 13.5132 0.4800493 -3.001963 13.52507 0.4596601 -2.874471 13.5132 3.40507e-5 -2.875169 13.5132 3.40507e-5 -3.002661 13.52507 2.149175 -2.149175 13.52507 2.05792 -2.05792 13.5132 2.571101 -1.365093 13.5132 2.685117 -1.425628 13.52507 3.001963 -0.4800493 13.52507 2.874471 -0.4596601 13.5132 2.875169 -3.40507e-5 13.5132 3.002661 -3.40507e-5 13.52507 3.40507e-5 -7.706185 9.284667 3.40507e-5 -7.706256 9.066896 0.8369711 -7.704789 9.284667 0.8369711 -7.704789 9.054538 1.046222 -7.70444 9.219664 1.046222 -7.70444 9.051398 3.40507e-5 -5.91969 10.78483 3.40507e-5 -7.126746 9.937558 0.6178743 -5.918572 10.78483 0.7658928 -7.12542 9.937558 3.40507e-5 -5.09881 11.1148 0.5171937 -5.097832 11.1148 0.8369711 -7.704789 9.284667 3.40507e-5 -7.706185 9.284667 0.7723162 -5.918295 10.7199 0.9574108 -7.125071 9.872626 0.6465013 -5.097624 11.04987 0.475231 -3.944538 11.06271 0.3802052 -3.944751 11.12772 3.40507e-5 -5.09881 11.1148 1.046222 -7.70444 9.219664 3.40507e-5 -3.945516 11.12772 3.40507e-5 -5.09881 11.1148 3.40507e-5 -3.40507e-5 2.450082 1.116043 -1.116043 2.726502 0.4947811 -1.476597 2.726502 1.956959 -1.956959 3.322629 0.8676216 -2.589184 3.322629 3.40507e-5 -2.734133 3.322629 3.40507e-5 -1.559264 2.726502 3.40507e-5 -3.40507e-5 2.450082 2.614459 -2.614459 4.269114 1.648913 -3.295 4.269114 0.6692617 -3.623295 4.269114 3.40507e-5 -3.65269 4.269114 1.873246 -3.528201 5.660845 2.82406 -2.82406 5.660845 1.873246 -3.528201 6.849049 2.82406 -2.82406 6.849049 0.7848857 -3.834992 5.399299 0.6213644 -3.885819 5.381705 3.40507e-5 -3.890498 5.399508 0.784465 -3.893083 5.660845 0.7761566 -3.895874 6.134578 1.37738 -3.694372 6.207609 1.379126 -3.693814 6.849049 3.528201 -1.873246 6.849049 3.528201 -1.873246 5.660845 3.295 -1.648913 4.269114 2.589184 -0.8676216 3.322629 1.476597 -0.4947811 2.726502 3.40507e-5 -3.40507e-5 2.450082 2.734133 -3.40507e-5 3.322629 1.559264 -3.40507e-5 2.726502 3.40507e-5 -3.40507e-5 2.450082 3.623295 -0.6692617 4.269114 3.65269 -3.40507e-5 4.269114 3.834992 -0.7848857 5.399299 3.885819 -0.6213644 5.381705 3.890498 -3.40507e-5 5.399508 3.893083 -0.784465 5.660845 3.895874 -0.7761566 6.134578 3.694372 -1.37738 6.207609 3.693814 -1.379126 6.849049 1.494191 -7.701019 8.158533 3.690394 -6.952054 8.158533 1.491328 -7.416429 8.45918 3.568137 -6.720532 8.45918 5.379208 -5.379208 8.45918 5.55774 -5.55774 8.158533 6.950937 -3.692348 8.158533 6.720532 -3.568137 8.45918 7.416429 -1.491399 8.45918 7.701019 -1.494191 8.158533 5.64802 -5.64802 8.081661 4.157979 -6.766749 8.08215 6.764935 -4.160354 8.08215 3.274262 -7.235037 8.085151 1.925402 -7.690685 8.084874 7.690685 -1.925331 8.084874 7.23378 -3.277755 8.085151 3.644661 -7.383962 7.934829 1.643815 -8.051099 7.942928 7.153347 -4.07587 7.932384 8.051099 -1.643815 7.942928 8.499625 -1.648424 7.702187 8.520571 -1.502429 7.716919 10.19075 -1.946907 6.985339 10.22328 -1.502988 6.992461 11.49422 -2.176755 6.757725 11.34977 -1.501522 6.796893 11.61529 -1.380034 6.749487 12.86215 -2.267939 6.522082 13.18758 -1.399165 6.466154 13.47447 -2.375884 6.411414 11.73091 -5.399456 6.411414 12.17406 -5.635101 6.411414 12.38024 -5.553831 6.411414 13.49095 -1.402796 6.411557 12.37599 -2.332385 6.601048 11.74725 -4.927821 6.456031 12.56506 -2.665778 6.538978 12.86215 -2.267939 6.522082 10.55367 -4.804866 6.735521 10.61965 -5.007555 6.718277 11.37225 -5.108515 6.518171 11.73091 -5.399456 6.411414 9.29879 -4.322827 6.99267 10.38247 -4.881878 6.75961 1.501522 -11.34977 6.796893 2.176755 -11.49422 6.757725 1.502988 -10.22328 6.992461 1.380034 -11.61529 6.749487 2.273389 -12.89315 6.516496 1.399165 -13.18779 6.466154 2.375884 -13.47447 6.411414 5.399806 -11.73154 6.411414 5.635032 -12.17406 6.411414 5.553831 -12.38024 6.411414 1.402796 -13.49095 6.411557 2.670038 -12.59187 6.534161 2.337551 -12.40531 6.595741 1.946907 -10.19075 6.985339 1.648424 -8.499625 7.702187 1.502429 -8.520571 7.716919 5.006718 -10.62028 6.718136 5.109005 -11.37434 6.517753 4.803957 -10.55458 6.735383 4.880621 -10.38331 6.75954 4.318567 -9.300745 6.992531 4.929426 -11.75172 6.455192 5.399806 -11.73154 6.411414 5.707576 -9.835221 6.91133 5.171215 -8.901372 7.136362 4.966082 -10.2348 6.930671 4.471683 -9.282593 7.135104 4.294551 -7.459092 7.71587 3.769569 -7.73942 7.71671 4.072031 -7.156348 7.932384 5.656467 -10.01871 6.890034 5.149221 -10.29275 6.905045 9.835151 -5.707156 6.911401 10.23376 -4.967689 6.930809 8.900256 -5.17338 7.136432 9.280915 -4.476151 7.135034 7.736279 -3.778925 7.7165 7.453993 -4.300415 7.716012 7.381869 -3.650525 7.934829 10.29185 -5.150549 6.905187 10.01885 -5.655698 6.890175 4.817715 -9.112789 4.8813 3.966604 -9.499034 4.916768 4.051504 -7.619818 4.064261 5.467881 -8.733734 4.91684 4.673533 -7.427045 4.172694 6.086421 -6.086421 4.064261 6.2431 -6.2431 4.174648 3.373968 -8.086218 4.172694 1.46319 -8.499834 4.064469 3.95983 -7.447431 4.085417 1.464657 -8.306571 4.085417 1.771867 -8.63787 4.172694 1.80182 -10.21874 4.91272 1.491328 -10.22377 4.91251 2.244762 -12.73088 5.252954 1.505082 -11.60957 5.099771 2.042632 -10.17183 4.925009 2.438441 -12.41515 5.221326 5.397152 -11.72666 5.353638 5.635032 -12.17406 5.353638 5.553831 -12.38024 5.353638 2.375884 -13.47447 5.353638 5.047494 -11.58541 5.311116 1.398258 -12.54376 5.225655 1.394906 -11.86329 5.133771 1.193334 -12.64305 5.238572 1.196617 -13.49479 5.353638 5.561721 -11.63819 5.184599 6.535436 -11.12047 5.184599 6.764726 -10.68089 5.312094 6.703773 -11.03194 5.353638 9.146579 -9.146579 5.351681 7.158025 -11.52732 5.353638 6.941652 -11.47935 5.353638 9.649706 -9.649706 5.353638 8.973496 -8.973496 5.315792 11.52732 -7.158025 5.353638 11.03146 -6.703565 5.353638 11.47935 -6.941652 5.353638 10.68089 -6.764726 5.312094 8.733734 -5.467881 4.91684 9.119353 -4.821553 4.885001 11.12013 -6.534948 5.184252 7.619818 -4.051504 4.064261 9.499034 -3.966604 4.916768 7.427045 -4.673533 4.172694 8.086218 -3.373968 4.172694 8.499834 -1.46319 4.064469 7.447431 -3.95983 4.085417 8.306571 -1.464657 4.085417 8.63787 -1.771867 4.172694 10.21874 -1.80182 4.91272 10.22377 -1.491328 4.91251 12.73088 -2.244762 5.252954 11.60957 -1.505082 5.099771 10.17183 -2.042632 4.925009 12.41515 -2.438441 5.221326 11.7261 -5.396872 5.353638 12.17406 -5.635101 5.353638 12.38024 -5.553831 5.353638 13.47447 -2.375884 5.353638 11.58541 -5.047494 5.311116 12.54376 -1.398258 5.225655 11.86329 -1.394906 5.133771 12.64305 -1.193334 5.238572 13.49479 -1.196617 5.353638 11.63763 -5.561441 5.184111 5.948736 -5.948736 4.085417 2.375884 -13.47447 5.353638 5.553831 -12.38024 5.353638 2.375884 -13.47447 6.411414 5.553831 -12.38024 6.411414 1.404891 -13.49144 5.453757 1.402796 -13.49095 6.411557 1.196617 -13.49479 5.353638 6.941652 -11.47935 6.411414 6.706427 -11.03683 6.411414 6.941652 -11.47935 5.353638 6.703773 -11.03194 5.353638 5.635032 -12.17406 5.353638 5.397152 -11.72666 5.353638 5.635032 -12.17406 6.411414 5.399806 -11.73154 6.411414 5.553831 -12.38024 6.411414 5.553831 -12.38024 5.353638 5.635032 -12.17406 6.411414 5.635032 -12.17406 5.353638 7.158025 -11.52732 5.353638 7.158025 -11.52732 6.411414 6.941652 -11.47935 5.353638 6.941652 -11.47935 6.411414 2.065253 -10.23054 4.689363 3.989296 -9.557753 4.681125 2.461134 -12.47387 4.985682 5.070115 -11.64413 5.075473 1.794489 -8.696518 3.936979 3.396658 -8.144867 3.936979 6.287365 -6.287365 3.939003 4.718779 -7.470613 3.936979 6.2431 -6.2431 4.174648 4.673533 -7.427045 4.172694 7.470613 -4.718779 3.936979 7.427045 -4.673533 4.172694 5.467881 -8.733734 4.91684 5.513195 -8.777301 4.681194 6.764726 -10.68089 5.312094 4.718779 -7.470613 3.936979 4.673533 -7.427045 4.172694 5.467881 -8.733734 4.91684 6.809971 -10.72445 5.07645 6.764726 -10.68089 5.312094 5.513195 -8.777301 4.681194 2.042632 -10.17183 4.925009 2.065253 -10.23054 4.689363 2.438441 -12.41515 5.221326 2.461134 -12.47387 4.985682 1.794489 -8.696518 3.936979 1.771867 -8.63787 4.172694 3.373968 -8.086218 4.172694 3.396658 -8.144867 3.936979 1.771867 -8.63787 4.172694 1.794489 -8.696518 3.936979 3.966604 -9.499034 4.916768 3.989296 -9.557753 4.681125 3.373968 -8.086218 4.172694 3.396658 -8.144867 3.936979 5.070115 -11.64413 5.075473 5.047494 -11.58541 5.311116 2.438441 -12.41515 5.221326 2.461134 -12.47387 4.985682 5.047494 -11.58541 5.311116 5.070115 -11.64413 5.075473 8.353979 -12.27384 6.206493 8.353979 -12.27384 6.007924 8.499625 -12.15975 6.206493 8.499625 -12.15975 6.007924 8.499625 -12.15975 6.007924 7.17185 -10.36886 6.007924 8.499625 -12.15975 6.206493 7.17185 -10.36886 6.206493 8.499625 -12.15975 6.206493 7.17185 -10.36886 6.206493 8.353979 -12.27384 6.206493 7.026205 -10.48295 6.206493 8.353979 -12.27384 6.206493 7.026205 -10.48295 6.206493 8.353979 -12.27384 6.007924 7.026205 -10.48295 6.007924 8.353979 -12.27384 6.007924 7.026205 -10.48295 6.007924 8.499625 -12.15975 6.007924 7.17185 -10.36886 6.007924 5.730198 -14.05608 6.206493 5.730198 -14.05608 6.007924 5.893438 -13.96901 6.206493 5.893438 -13.96901 6.007924 5.893438 -13.96901 6.007924 4.896819 -11.97473 6.007924 5.893438 -13.96901 6.206493 4.896819 -11.97473 6.206493 5.893438 -13.96901 6.206493 4.896819 -11.97473 6.206493 5.730198 -14.05608 6.206493 4.733581 -12.0618 6.206493 5.730198 -14.05608 6.206493 4.733581 -12.0618 6.206493 5.730198 -14.05608 6.007924 4.733581 -12.0618 6.007924 5.730198 -14.05608 6.007924 4.733581 -12.0618 6.007924 5.893438 -13.96901 6.007924 4.896819 -11.97473 6.007924 7.158025 -11.52732 5.353638 9.649706 -9.649706 5.353638 7.158025 -11.52732 6.411414 9.649706 -9.649706 6.411414 11.52732 -7.158025 6.411414 11.52732 -7.158025 5.353638 3.95983 -7.447431 4.085417 2.370926 -4.459046 6.57291 5.948736 -5.948736 4.085417 3.561714 -3.561714 6.57291 1.464657 -8.306571 4.085417 1.386807 -4.797886 6.57291 4.459046 -2.370926 6.57291 7.447431 -3.95983 4.085417 8.306571 -1.464657 4.085417 4.797886 -1.386807 6.57291 4.718779 -7.470613 3.936979 6.287365 -6.287365 3.939003 5.513195 -8.777301 4.681194 7.363296 -7.363296 4.677357 6.809971 -10.72445 5.07645 9.017833 -9.017833 5.080149 8.777301 -5.513195 4.681194 7.470613 -4.718779 3.936979 10.72445 -6.809971 5.07645 6.764726 -10.68089 5.312094 6.809971 -10.72445 5.07645 8.973496 -8.973496 5.315792 9.017833 -9.017833 5.080149 10.72445 -6.809971 5.07645 10.68089 -6.764726 5.312094 3.561714 -3.561714 6.57291 2.370926 -4.459046 6.57291 3.590131 -3.590131 6.849049 2.381399 -4.485367 6.849049 1.408661 -4.81129 6.849049 1.386807 -4.797886 6.57291 4.459046 -2.370926 6.57291 4.485367 -2.381399 6.849049 4.81129 -1.408661 6.849049 4.797886 -1.386807 6.57291 1.244792 -11.21787 8.74677 0.3984978 -11.21627 8.7157 1.273837 -13.1533 8.61865 1.363767 -11.26528 8.613552 1.39372 -13.1896 8.454083 1.380034 -11.61529 6.749487 1.399165 -13.18779 6.466154 1.402796 -13.49095 6.411557 1.402726 -13.57878 6.411557 1.404749 -13.73301 5.454386 1.404891 -13.49144 5.453757 3.40507e-5 -13.1533 8.621303 3.40507e-5 -11.22437 8.715631 0.1639711 -9.35011 8.827831 3.40507e-5 -9.35011 8.827831 1.508363 -17.52154 3.233748 1.508363 -17.52154 8.349633 1.029744 -17.52154 3.75 1.029744 -17.52154 7.860189 3.40507e-5 -17.52154 3.233748 1.372423 -17.52154 8.578504 0.8375987 -17.52154 8.08194 3.40507e-5 -17.52154 8.577037 -1.508368 -17.52154 8.349633 -1.508368 -17.52154 3.233748 3.40507e-5 -17.52154 3.233748 3.40507e-5 -17.52154 3.75 -1.372428 -17.52154 8.578504 -0.8376034 -17.52154 8.08194 3.40507e-5 -17.52154 8.577037 3.40507e-5 -17.52154 8.08194 -1.029749 -17.52154 7.860189 -1.029749 -17.52154 3.75 1.501103 -11.94128 2.895816 3.40507e-5 -11.94128 2.895816 1.499987 -8.794617 2.704439 3.40507e-5 -8.794617 2.704439 0.7812544 -14.40951 9.535811 3.40507e-5 -14.40951 9.535811 0.78321 -16.84533 9.397567 3.40507e-5 -16.84533 9.397567 2.013795 -14.62099 4.409665 2.014004 -14.61457 6.302145 2.016028 -17.08796 4.409665 2.015819 -17.08796 6.302145 0.9160076 -14.00154 8.738951 0.9183111 -16.8276 8.608736 1.313146 -13.41212 8.764925 1.372423 -17.52154 8.578504 3.40507e-5 -17.52154 8.577037 3.40507e-5 -16.8276 8.608736 1.508363 -17.52154 8.349633 3.40507e-5 -14.00154 8.738951 3.40507e-5 -13.41212 8.764925 1.505292 -13.44354 8.541569 1.508363 -17.52154 8.349633 1.505921 -14.39659 6.708222 1.507736 -17.08796 6.708222 1.508363 -17.52154 3.233748 1.507945 -17.08796 4.409665 1.505292 -14.41677 2.985747 1.50571 -14.39736 4.409665 1.505292 -13.82169 6.610753 0.7812544 -14.40951 9.535811 0.78321 -16.84533 9.397567 0.9160076 -14.00154 8.738951 0.9183111 -16.8276 8.608736 0.9183111 -16.8276 8.608736 0.78321 -16.84533 9.397567 3.40507e-5 -16.8276 8.608736 3.40507e-5 -16.84533 9.397567 1.304699 -7.478988 9.067384 1.307909 -9.103853 8.99931 1.506758 -7.411263 8.862533 1.500055 -9.126543 8.773162 1.201503 -7.51355 9.068294 1.309305 -10.96889 8.884387 1.501451 -11.01428 8.658168 0.387677 -9.103853 8.99931 0.622133 -10.96889 8.884387 0.8369711 -7.704789 9.054538 1.046222 -7.70444 9.051398 1.502988 -10.22328 6.992461 1.501522 -11.34977 6.796893 1.491328 -7.416429 8.45918 1.494191 -7.701019 8.158533 1.502429 -8.520571 7.716919 3.40507e-5 -7.706256 9.066896 3.40507e-5 -9.103853 8.99931 2.013795 -14.62099 4.409665 2.016028 -17.08796 4.409665 1.50571 -14.39736 4.409665 1.507945 -17.08796 4.409665 2.016028 -17.08796 4.409665 2.015819 -17.08796 6.302145 1.507945 -17.08796 4.409665 1.507736 -17.08796 6.708222 2.015819 -17.08796 6.302145 2.014004 -14.61457 6.302145 1.507736 -17.08796 6.708222 1.505921 -14.39659 6.708222 2.014004 -14.61457 6.302145 2.013795 -14.62099 4.409665 1.505921 -14.39659 6.708222 1.50571 -14.39736 4.409665 0.8490493 -6.446066 3.880704 3.40507e-5 -6.445994 3.880704 0.8051337 -4.916089 5.039933 3.40507e-5 -4.916089 5.039933 3.40507e-5 -7.140848 3.359912 0.8930355 -7.140848 3.359912 0.6213644 -3.885819 5.381705 0.7848857 -3.834992 5.399299 3.40507e-5 -3.890498 5.399508 1.444689 -7.218421 4.22457 0.8490493 -7.193213 4.27477 1.38932 -5.133163 5.774374 0.8051337 -5.152781 5.75259 0.8930355 -8.312296 3.225577 1.499987 -8.794617 2.704439 3.40507e-5 -8.794617 2.704439 3.40507e-5 -8.312296 3.225577 1.37738 -3.694372 6.207609 0.7761566 -3.895874 6.134578 0.8490493 -7.193213 4.27477 0.8490493 -6.446066 3.880704 0.8051337 -5.152781 5.75259 0.8051337 -4.916089 5.039933 0.8930355 -7.140848 3.359912 0.8930355 -8.312296 3.225577 0.784465 -3.893083 5.660845 0.7848857 -3.834992 5.399299 0.7761566 -3.895874 6.134578 0.5294106 -16.78396 10.4684 0.6628383 -16.78396 10.4684 0.5294106 -16.64055 10.4684 0.6628383 -16.64055 10.4684 0.573049 -16.63797 9.071295 0.573049 -16.78138 9.071295 0.5294106 -16.64055 10.4684 0.5294106 -16.78396 10.4684 0.7064766 -16.63797 9.071295 0.573049 -16.63797 9.071295 0.6628383 -16.64055 10.4684 0.5294106 -16.64055 10.4684 0.7064766 -16.78138 9.071295 0.7064766 -16.63797 9.071295 0.6628383 -16.78396 10.4684 0.6628383 -16.64055 10.4684 0.573049 -16.78138 9.071295 0.7064766 -16.78138 9.071295 0.5294106 -16.78396 10.4684 0.6628383 -16.78396 10.4684 3.40507e-5 -17.52154 3.233748 3.40507e-5 -14.41677 2.985747 1.508363 -17.52154 3.233748 1.505292 -14.41677 2.985747 3.40507e-5 -14.40951 9.535811 0.7812544 -14.40951 9.535811 3.40507e-5 -14.00154 8.738951 0.9160076 -14.00154 8.738951 3.40507e-5 -8.312296 3.225577 3.40507e-5 -7.140848 3.359912 0.8930355 -8.312296 3.225577 0.8930355 -7.140848 3.359912 1.407194 -12.19208 3.016535 3.40507e-5 -12.19208 3.016535 1.501103 -11.94128 2.895816 3.40507e-5 -11.94128 2.895816 3.40507e-5 -9.35011 8.827831 0.1639711 -9.35011 8.827831 3.40507e-5 -9.103853 8.99931 0.387677 -9.103853 8.99931 0.1639711 -9.35011 8.827831 0.3984978 -11.21627 8.7157 0.387677 -9.103853 8.99931 0.622133 -10.96889 8.884387 0.3984978 -11.21627 8.7157 1.244792 -11.21787 8.74677 0.622133 -10.96889 8.884387 1.309305 -10.96889 8.884387 1.363767 -11.26528 8.613552 1.501451 -11.01428 8.658168 1.501522 -11.34977 6.796893 1.380034 -11.61529 6.749487 1.402726 -13.57878 6.411557 1.39372 -13.1896 8.454083 1.505292 -13.82169 6.610753 1.505292 -13.44354 8.541569 1.273837 -13.1533 8.61865 1.313146 -13.41212 8.764925 3.40507e-5 -13.1533 8.621303 3.40507e-5 -13.41212 8.764925 1.404749 -13.73301 5.454386 1.505292 -14.41677 2.985747 1.415852 -14.16151 3.07295 3.40507e-5 -14.16346 3.070576 1.415852 -14.16151 3.07295 3.40507e-5 -14.41677 2.985747 1.505292 -14.41677 2.985747 1.411523 -12.92156 3.042789 3.40507e-5 -12.92156 3.042789 1.407194 -12.19208 3.016535 3.40507e-5 -12.19208 3.016535 1.274187 -14.12764 3.262512 1.197733 -13.7532 5.344489 1.415852 -14.16151 3.07295 1.404749 -13.73301 5.454386 3.40507e-5 -14.16346 3.070576 3.40507e-5 -14.12743 3.262374 1.193334 -12.64305 5.238572 1.255474 -12.98922 3.22118 1.398258 -12.54376 5.225655 1.411523 -12.92156 3.042789 3.40507e-5 -12.98971 3.218597 3.40507e-5 -12.92156 3.042789 1.505082 -11.60957 5.099771 1.394906 -11.86329 5.133771 1.501103 -11.94128 2.895816 1.407194 -12.19208 3.016535 1.398258 -12.54376 5.225655 1.411523 -12.92156 3.042789 1.491328 -10.22377 4.91251 1.46319 -8.499834 4.064469 1.499987 -8.794617 2.704439 1.464657 -8.306571 4.085417 1.444689 -7.218421 4.22457 1.386807 -4.797886 6.57291 1.38932 -5.133163 5.774374 1.37738 -3.694372 6.207609 1.379126 -3.693814 6.849049 1.408661 -4.81129 6.849049 1.258757 -13.84089 3.336174 1.255474 -12.98922 3.22118 1.196617 -13.49479 5.353638 1.193334 -12.64305 5.238572 1.274187 -14.12764 3.262512 1.197733 -13.7532 5.344489 3.40507e-5 -13.84145 3.333591 3.40507e-5 -12.98971 3.218597 1.258757 -13.84089 3.336174 1.255474 -12.98922 3.22118 3.40507e-5 -14.12743 3.262374 1.274187 -14.12764 3.262512 1.404891 -13.49144 5.453757 1.404749 -13.73301 5.454386 1.196617 -13.49479 5.353638 1.197733 -13.7532 5.344489 7.70444 -1.046222 9.219664 7.51355 -1.215328 9.161644 7.70444 -1.046222 9.051398 7.51355 -1.201503 9.068294 7.125071 -0.9574108 9.872626 5.918295 -0.7723162 10.7199 6.958199 -1.126516 9.796451 5.801344 -0.9414922 10.60588 5.014608 -0.8156748 10.91016 5.097624 -0.6465013 11.04987 3.944538 -0.475231 11.06271 3.944538 -0.6307917 10.91016 7.51355 -1.215328 9.161644 7.70444 -1.046222 9.219664 7.704789 -0.8369711 9.054538 7.706256 -3.40507e-5 9.066896 7.704789 -0.8369711 9.284667 7.706185 -3.40507e-5 9.284667 7.70444 -1.046222 9.219664 7.70444 -1.046222 9.051398 5.918572 -0.6178743 10.78483 7.12542 -0.7659632 9.937558 5.91969 -3.40507e-5 10.78483 7.126746 -3.40507e-5 9.937558 5.097832 -0.5171937 11.1148 5.09881 -3.40507e-5 11.1148 3.945516 -3.40507e-5 11.12772 3.944751 -0.3802052 11.12772 7.706185 -3.40507e-5 9.284667 7.704789 -0.8369711 9.284667 5.918295 -0.7723162 10.7199 7.125071 -0.9574108 9.872626 3.944538 -0.475231 11.06271 5.097624 -0.6465013 11.04987 7.70444 -1.046222 9.219664 12.38024 -5.553831 6.411414 12.38024 -5.553831 5.353638 13.47447 -2.375884 6.411414 13.47447 -2.375884 5.353638 13.49144 -1.404891 5.453757 13.49095 -1.402796 6.411557 13.49479 -1.196617 5.353638 11.03146 -6.703565 5.353638 11.03627 -6.706076 6.411414 11.47935 -6.941652 5.353638 11.47935 -6.941652 6.411414 11.73091 -5.399456 6.411414 11.7261 -5.396872 5.353638 12.17406 -5.635101 6.411414 12.17406 -5.635101 5.353638 12.17406 -5.635101 5.353638 12.38024 -5.553831 5.353638 12.17406 -5.635101 6.411414 12.38024 -5.553831 6.411414 11.47935 -6.941652 6.411414 11.52732 -7.158025 6.411414 11.47935 -6.941652 5.353638 11.52732 -7.158025 5.353638 11.64413 -5.070115 5.075473 9.557753 -3.989296 4.681125 12.47387 -2.461134 4.985682 10.23054 -2.065253 4.689363 8.696518 -1.794489 3.936979 8.144867 -3.396658 3.936979 10.72445 -6.809971 5.07645 8.777301 -5.513195 4.681194 10.68089 -6.764726 5.312094 8.733734 -5.467881 4.91684 10.68089 -6.764726 5.312094 8.777301 -5.513195 4.681194 7.470613 -4.718779 3.936979 7.427045 -4.673533 4.172694 12.47387 -2.461134 4.985682 10.23054 -2.065253 4.689363 12.41515 -2.438441 5.221326 10.17183 -2.042632 4.925009 8.696518 -1.794489 3.936979 8.63787 -1.771867 4.172694 8.696518 -1.794489 3.936979 8.144867 -3.396658 3.936979 8.63787 -1.771867 4.172694 8.086218 -3.373968 4.172694 8.144867 -3.396658 3.936979 9.557753 -3.989296 4.681125 8.086218 -3.373968 4.172694 9.499034 -3.966604 4.916768 11.64413 -5.070115 5.075473 11.58541 -5.047494 5.311116 11.64413 -5.070115 5.075473 12.47387 -2.461134 4.985682 11.58541 -5.047494 5.311116 12.41515 -2.438441 5.221326 12.15975 -8.499625 6.007924 12.27384 -8.353979 6.007924 12.15975 -8.499625 6.206493 12.27384 -8.353979 6.206493 10.36886 -7.17185 6.206493 10.36886 -7.17185 6.007924 12.15975 -8.499625 6.206493 12.15975 -8.499625 6.007924 10.48295 -7.026205 6.206493 10.36886 -7.17185 6.206493 12.27384 -8.353979 6.206493 12.15975 -8.499625 6.206493 10.48295 -7.026205 6.007924 10.48295 -7.026205 6.206493 12.27384 -8.353979 6.007924 12.27384 -8.353979 6.206493 10.36886 -7.17185 6.007924 10.48295 -7.026205 6.007924 12.15975 -8.499625 6.007924 12.27384 -8.353979 6.007924 13.96901 -5.893438 6.007924 14.05608 -5.730198 6.007924 13.96901 -5.893438 6.206493 14.05608 -5.730198 6.206493 11.97473 -4.896819 6.206493 11.97473 -4.896819 6.007924 13.96901 -5.893438 6.206493 13.96901 -5.893438 6.007924 12.0618 -4.733581 6.206493 11.97473 -4.896819 6.206493 14.05608 -5.730198 6.206493 13.96901 -5.893438 6.206493 12.0618 -4.733581 6.007924 12.0618 -4.733581 6.206493 14.05608 -5.730198 6.007924 14.05608 -5.730198 6.206493 11.97473 -4.896819 6.007924 12.0618 -4.733581 6.007924 13.96901 -5.893438 6.007924 14.05608 -5.730198 6.007924 13.1533 -3.40507e-5 8.621303 11.21627 -0.3984978 8.7157 13.1533 -1.273837 8.61865 11.22437 -3.40507e-5 8.715631 9.35011 -0.1639711 8.827831 9.35011 -3.40507e-5 8.827831 11.21787 -1.244792 8.74677 11.26528 -1.363767 8.613552 13.1896 -1.39372 8.454083 11.61529 -1.380034 6.749487 13.18758 -1.399165 6.466154 13.49095 -1.402796 6.411557 13.57878 -1.402726 6.411557 13.73301 -1.404749 5.454386 13.49144 -1.404891 5.453757 8.794617 -3.40507e-5 2.704439 11.94128 -3.40507e-5 2.895816 8.794617 -1.499987 2.704439 11.94128 -1.501103 2.895816 16.84533 -3.40507e-5 9.397567 14.40951 -3.40507e-5 9.535811 16.84533 -0.78321 9.397567 14.40951 -0.7812544 9.535811 17.08796 -2.015819 6.302145 14.61457 -2.014004 6.302145 17.08796 -2.016028 4.409665 14.62099 -2.013795 4.409665 17.52154 -1.372423 8.585137 16.8276 -0.9183111 8.615369 13.41212 -1.313146 8.764925 14.00154 -0.9160076 8.738951 17.52154 -3.40507e-5 8.583741 16.8276 -3.40507e-5 8.615369 17.52154 -1.508363 8.349633 13.44354 -1.505292 8.541569 14.39659 -1.505921 6.708222 17.08796 -1.507736 6.708222 17.52154 -1.508363 3.233748 17.08796 -1.507945 4.409665 14.41677 -1.505292 2.985747 14.39736 -1.50571 4.409665 13.82169 -1.505292 6.610753 14.00154 -3.40507e-5 8.738951 13.41212 -3.40507e-5 8.764925 16.8276 -0.9183111 8.615369 16.84533 -0.78321 9.397567 14.00154 -0.9160076 8.738951 14.40951 -0.7812544 9.535811 16.84533 -3.40507e-5 9.397567 16.84533 -0.78321 9.397567 16.8276 -3.40507e-5 8.615369 16.8276 -0.9183111 8.615369 9.126543 -1.500055 8.773162 9.103853 -1.307909 8.99931 7.411263 -1.506758 8.862533 7.478988 -1.304699 9.067384 7.51355 -1.201503 9.068294 10.96889 -1.309305 8.884387 11.01428 -1.501451 8.658168 9.103853 -0.387677 8.99931 10.96889 -0.6222036 8.884387 7.704789 -0.8369711 9.054538 7.70444 -1.046222 9.051398 10.22328 -1.502988 6.992461 11.34977 -1.501522 6.796893 7.416429 -1.491399 8.45918 7.701019 -1.494191 8.158533 8.520571 -1.502429 7.716919 7.706256 -3.40507e-5 9.066896 9.103853 -3.40507e-5 8.99931 17.08796 -1.507945 4.409665 17.08796 -2.016028 4.409665 14.39736 -1.50571 4.409665 14.62099 -2.013795 4.409665 17.08796 -1.507736 6.708222 17.08796 -2.015819 6.302145 17.08796 -1.507945 4.409665 17.08796 -2.016028 4.409665 14.39659 -1.505921 6.708222 14.61457 -2.014004 6.302145 17.08796 -1.507736 6.708222 17.08796 -2.015819 6.302145 14.39736 -1.50571 4.409665 14.62099 -2.013795 4.409665 14.39659 -1.505921 6.708222 14.61457 -2.014004 6.302145 6.446066 -0.8490493 3.880704 4.916089 -0.8051337 5.039933 6.445994 -3.40507e-5 3.880704 4.916089 -3.40507e-5 5.039933 7.140848 -3.40507e-5 3.359912 7.140848 -0.8930355 3.359912 3.885819 -0.6213644 5.381705 3.834992 -0.7848857 5.399299 3.890498 -3.40507e-5 5.399508 5.152781 -0.8051337 5.75259 7.193213 -0.8490493 4.27477 5.133163 -1.38932 5.774374 7.218421 -1.444689 4.22457 8.312296 -0.8930355 3.225577 8.794617 -1.499987 2.704439 8.794617 -3.40507e-5 2.704439 8.312296 -3.40507e-5 3.225577 7.140848 -3.40507e-5 3.359912 7.140848 -0.8930355 3.359912 3.694372 -1.37738 6.207609 3.895874 -0.7761566 6.134578 4.916089 -0.8051337 5.039933 6.446066 -0.8490493 3.880704 5.152781 -0.8051337 5.75259 7.193213 -0.8490493 4.27477 7.140848 -0.8930355 3.359912 8.312296 -0.8930355 3.225577 3.893083 -0.784465 5.660845 3.834992 -0.7848857 5.399299 3.895874 -0.7761566 6.134578 16.64055 -0.6628383 10.78706 16.78396 -0.6628383 10.78706 16.64055 -0.5294106 10.78706 16.78396 -0.5294106 10.78706 16.78396 -0.5294106 10.78706 16.78138 -0.573049 9.389957 16.64055 -0.5294106 10.78706 16.63797 -0.573049 9.389957 16.64055 -0.5294106 10.78706 16.63797 -0.573049 9.389957 16.64055 -0.6628383 10.78706 16.63797 -0.7064766 9.389957 16.64055 -0.6628383 10.78706 16.63797 -0.7064766 9.389957 16.78396 -0.6628383 10.78706 16.78138 -0.7064766 9.389957 16.78396 -0.6628383 10.78706 16.78138 -0.7064766 9.389957 16.78396 -0.5294106 10.78706 16.78138 -0.573049 9.389957 14.41677 -1.505292 2.985747 14.41677 -3.40507e-5 2.985747 17.52154 -1.508363 3.233748 17.52154 -3.40507e-5 3.233748 14.00154 -0.9160076 8.738951 14.40951 -0.7812544 9.535811 14.00154 -3.40507e-5 8.738951 14.40951 -3.40507e-5 9.535811 11.94128 -3.40507e-5 2.895816 12.19208 -3.40507e-5 3.016535 11.94128 -1.501103 2.895816 12.19208 -1.407194 3.016535 9.103853 -0.387677 8.99931 9.35011 -0.1639711 8.827831 9.103853 -3.40507e-5 8.99931 9.35011 -3.40507e-5 8.827831 10.96889 -0.6222036 8.884387 11.21627 -0.3984978 8.7157 9.103853 -0.387677 8.99931 9.35011 -0.1639711 8.827831 10.96889 -1.309305 8.884387 11.21787 -1.244792 8.74677 10.96889 -0.6222036 8.884387 11.21627 -0.3984978 8.7157 11.26528 -1.363767 8.613552 11.01428 -1.501451 8.658168 11.34977 -1.501522 6.796893 11.61529 -1.380034 6.749487 13.44354 -1.505292 8.541569 13.1896 -1.39372 8.454083 13.82169 -1.505292 6.610753 13.57878 -1.402726 6.411557 13.1533 -1.273837 8.61865 13.41212 -1.313146 8.764925 13.1533 -3.40507e-5 8.621303 13.41212 -3.40507e-5 8.764925 13.73301 -1.404749 5.454386 14.41677 -1.505292 2.985747 14.16151 -1.415852 3.07295 14.41677 -1.505292 2.985747 14.16151 -1.415852 3.07295 14.41677 -3.40507e-5 2.985747 14.16346 -3.40507e-5 3.070576 12.19208 -3.40507e-5 3.016535 12.92156 -3.40507e-5 3.042789 12.19208 -1.407194 3.016535 12.92156 -1.411523 3.042789 13.73301 -1.404749 5.454386 13.7532 -1.197733 5.344489 14.16151 -1.415852 3.07295 14.12764 -1.274187 3.262512 14.16346 -3.40507e-5 3.070576 14.12743 -3.40507e-5 3.262374 12.92156 -1.411523 3.042789 12.98922 -1.255474 3.22118 12.54376 -1.398258 5.225655 12.64305 -1.193334 5.238572 12.98971 -3.40507e-5 3.218597 12.92156 -3.40507e-5 3.042789 12.19208 -1.407194 3.016535 11.86329 -1.394906 5.133771 11.94128 -1.501103 2.895816 11.60957 -1.505082 5.099771 12.54376 -1.398258 5.225655 12.92156 -1.411523 3.042789 10.22377 -1.491328 4.91251 8.499834 -1.46319 4.064469 8.794617 -1.499987 2.704439 8.306571 -1.464657 4.085417 7.218421 -1.444689 4.22457 4.797886 -1.386807 6.57291 5.133163 -1.38932 5.774374 3.694372 -1.37738 6.207609 3.693814 -1.379126 6.849049 4.81129 -1.408661 6.849049 12.64305 -1.193334 5.238572 12.98922 -1.255474 3.22118 13.49479 -1.196617 5.353638 13.84089 -1.258757 3.336174 14.12764 -1.274187 3.262512 13.7532 -1.197733 5.344489 12.98922 -1.255474 3.22118 12.98971 -3.40507e-5 3.218597 13.84089 -1.258757 3.336174 13.84145 -3.40507e-5 3.333591 14.12743 -3.40507e-5 3.262374 14.12764 -1.274187 3.262512 13.7532 -1.197733 5.344489 13.73301 -1.404749 5.454386 13.49479 -1.196617 5.353638 13.49144 -1.404891 5.453757 5.827248 -10.02974 6.71353 5.063831 -10.44133 6.733987 6.006337 -10.08197 6.694189 6.54151 -11.1255 6.580591 5.564791 -11.64483 6.580591 5.006718 -10.62028 6.718136 4.880621 -10.38331 6.75954 4.803957 -10.55458 6.735383 4.966082 -10.2348 6.930671 4.471683 -9.282593 7.135104 4.318567 -9.300745 6.992531 3.769569 -7.73942 7.71671 5.878426 -9.846252 6.735174 6.006337 -10.08197 6.694189 6.11763 -9.949866 6.686089 5.268544 -8.784352 6.991834 5.707576 -9.835221 6.91133 5.171215 -8.901372 7.136362 4.294551 -7.459092 7.71587 10.44063 -5.064808 6.734196 10.03002 -5.826132 6.713598 10.61965 -5.007555 6.718277 11.6442 -5.564444 6.581219 11.12487 -6.541232 6.581289 10.08217 -6.005359 6.694327 10.38247 -4.881878 6.75961 10.55367 -4.804866 6.735521 9.29879 -4.322827 6.99267 10.23376 -4.967689 6.930809 9.280915 -4.476151 7.135034 7.736279 -3.778925 7.7165 5.561721 -11.63819 5.184599 5.397152 -11.72666 5.353638 3.966604 -9.499034 4.916768 6.535436 -11.12047 5.184599 5.467881 -8.733734 4.91684 6.703773 -11.03194 5.353638 11.12013 -6.534948 5.184252 11.03146 -6.703565 5.353638 8.733734 -5.467881 4.91684 10.88315 -6.247358 5.611552 11.26612 -5.527019 5.611483 10.85167 -6.307262 5.671807 10.88622 -6.251197 6.32407 11.29712 -5.469347 5.670899 11.30054 -5.471163 6.264584 11.27024 -5.528905 6.323998 10.85509 -6.309076 6.264445 11.63763 -5.561441 5.184111 9.499034 -3.966604 4.916768 11.7261 -5.396872 5.353638 6.006337 -10.08197 6.694189 6.54151 -11.1255 6.580591 6.706427 -11.03683 6.411414 6.251616 -10.88671 6.323511 5.529115 -11.27087 6.323511 6.309357 -10.85565 6.264304 6.307542 -10.85216 5.671948 6.247848 -10.88351 5.61204 5.469627 -11.29768 5.671179 5.471512 -11.30117 6.264445 5.527159 -11.26675 5.61204 5.399806 -11.73154 6.411414 5.564791 -11.64483 6.580591 5.006718 -10.62028 6.718136 10.61965 -5.007555 6.718277 11.6442 -5.564444 6.581219 11.73091 -5.399456 6.411414 11.03627 -6.706076 6.411414 11.12487 -6.541232 6.581289 10.08217 -6.005359 6.694327 6.575652 -11.10595 6.345713 6.57335 -11.10169 5.420036 6.706427 -11.03683 6.411414 6.703773 -11.03194 5.353638 6.486072 -11.14756 5.332412 6.535436 -11.12047 5.184599 5.612409 -11.61208 5.332412 5.561721 -11.63819 5.184599 5.527928 -11.65753 5.419267 5.397152 -11.72666 5.353638 5.530231 -11.66186 6.345923 5.399806 -11.73154 6.411414 5.614925 -11.61732 6.43271 5.564791 -11.64483 6.580591 6.54151 -11.1255 6.580591 6.490891 -11.15154 6.43271 11.1012 -6.573069 5.419965 11.10539 -6.575303 6.345923 11.03146 -6.703565 5.353638 11.03627 -6.706076 6.411414 11.15106 -6.490401 6.43341 11.12487 -6.541232 6.581289 11.6442 -5.564444 6.581219 11.61662 -5.614645 6.433339 11.66123 -5.529882 6.346064 11.73091 -5.399456 6.411414 11.65698 -5.527648 5.419059 11.7261 -5.396872 5.353638 11.61145 -5.612339 5.331782 11.63763 -5.561441 5.184111 11.14721 -6.485515 5.331923 11.12013 -6.534948 5.184252 6.309357 -10.85565 6.264304 6.307542 -10.85216 5.671948 6.575652 -11.10595 6.345713 6.57335 -11.10169 5.420036 6.490891 -11.15154 6.43271 6.251616 -10.88671 6.323511 5.614925 -11.61732 6.43271 5.529115 -11.27087 6.323511 5.530231 -11.66186 6.345923 5.471512 -11.30117 6.264445 5.527928 -11.65753 5.419267 5.469627 -11.29768 5.671179 6.307542 -10.85216 5.671948 6.247848 -10.88351 5.61204 6.57335 -11.10169 5.420036 6.486072 -11.14756 5.332412 5.527159 -11.26675 5.61204 5.612409 -11.61208 5.332412 5.469627 -11.29768 5.671179 5.527928 -11.65753 5.419267 10.85167 -6.307262 5.671807 10.85509 -6.309076 6.264445 11.1012 -6.573069 5.419965 11.10539 -6.575303 6.345923 10.88622 -6.251197 6.32407 11.15106 -6.490401 6.43341 11.27024 -5.528905 6.323998 11.61662 -5.614645 6.433339 11.30054 -5.471163 6.264584 11.66123 -5.529882 6.346064 11.29712 -5.469347 5.670899 11.65698 -5.527648 5.419059 11.29712 -5.469347 5.670899 11.26612 -5.527019 5.611483 11.65698 -5.527648 5.419059 11.61145 -5.612339 5.331782 10.88315 -6.247358 5.611552 11.14721 -6.485515 5.331923 10.85167 -6.307262 5.671807 11.1012 -6.573069 5.419965 8.262585 -8.25665 6.851214 6.280521 -9.776153 6.847373 8.385328 -8.379395 6.814699 6.502272 -9.807503 6.811627 9.80806 -6.501712 6.811627 9.776712 -6.279543 6.847373 7.323289 -7.31219 7.12456 5.483172 -8.683742 7.123026 6.105063 -6.105063 7.849019 4.50862 -7.357779 7.846294 8.683392 -5.485826 7.122746 7.352406 -4.514345 7.846783 5.81866 -5.81866 8.096811 4.381336 -6.898782 8.098557 4.333228 -7.119066 8.015121 7.114944 -4.33707 8.025384 6.896689 -4.384059 8.108332 2.709066 -12.3903 6.721838 4.781825 -11.61892 6.64678 2.557207 -12.3047 6.746972 2.414286 -11.49534 6.890034 4.60923 -10.67705 6.87977 4.881808 -11.40981 6.684064 2.184088 -10.19012 7.117162 4.122862 -9.420905 7.135034 1.88707 -8.509609 7.822138 3.572674 -7.85602 7.858864 2.075584 -7.893863 8.115244 1.883021 -8.140539 8.018334 3.474299 -7.57625 8.030412 3.265046 -7.492256 8.115734 9.171577 -9.169553 6.407715 9.649706 -9.649706 6.411414 11.03627 -6.706076 6.411414 11.47935 -6.941652 6.411414 11.52732 -7.158025 6.411414 6.706427 -11.03683 6.411414 6.941652 -11.47935 6.411414 7.158025 -11.52732 6.411414 8.50933 -8.503327 6.622133 10.00817 -6.525453 6.619968 6.52601 -10.00761 6.620038 9.950493 -6.116793 6.686019 10.08217 -6.005359 6.694327 6.006337 -10.08197 6.694189 6.11763 -9.949866 6.686089 6.706427 -11.03683 6.411414 5.268544 -8.784352 6.991834 5.878426 -9.846252 6.735174 9.846391 -5.87759 6.735242 8.783585 -5.270778 6.991693 12.276 -2.55218 6.742434 11.49541 -2.414355 6.880259 12.36398 -2.706483 6.71674 11.40716 -4.881251 6.674778 10.67586 -4.609928 6.870207 11.6132 -4.781406 6.638054 10.19019 -2.184155 7.107316 9.41846 -4.126979 7.125538 8.509678 -1.88707 7.812363 7.853508 -3.582241 7.84853 8.14061 -1.883021 8.008488 7.490928 -3.269096 8.105958 7.575063 -3.48128 8.019939 7.893932 -2.075584 8.105399 9.776712 -6.279543 6.847373 9.80806 -6.501712 6.811627 9.950493 -6.116793 6.686019 10.00817 -6.525453 6.619968 9.80806 -6.501712 6.811627 8.385328 -8.379395 6.814699 10.00817 -6.525453 6.619968 8.50933 -8.503327 6.622133 6.502272 -9.807503 6.811627 6.52601 -10.00761 6.620038 6.502272 -9.807503 6.811627 6.280521 -9.776153 6.847373 6.52601 -10.00761 6.620038 6.11763 -9.949866 6.686089 6.280521 -9.776153 6.847373 5.483172 -8.683742 7.123026 6.11763 -9.949866 6.686089 5.268544 -8.784352 6.991834 4.50862 -7.357779 7.846294 4.294551 -7.459092 7.71587 4.333228 -7.119066 8.015121 4.072031 -7.156348 7.932384 4.333228 -7.119066 8.015121 4.381336 -6.898782 8.098557 4.072031 -7.156348 7.932384 4.157979 -6.766749 8.08215 4.381336 -6.898782 8.098557 5.81866 -5.81866 8.096811 4.157979 -6.766749 8.08215 5.64802 -5.64802 8.081661 6.896689 -4.384059 8.108332 6.764935 -4.160354 8.08215 6.896689 -4.384059 8.108332 7.114944 -4.33707 8.025384 6.764935 -4.160354 8.08215 7.153347 -4.07587 7.932384 7.114944 -4.33707 8.025384 7.352406 -4.514345 7.846783 7.153347 -4.07587 7.932384 7.453993 -4.300415 7.716012 8.683392 -5.485826 7.122746 8.783585 -5.270778 6.991693 9.776712 -6.279543 6.847373 9.950493 -6.116793 6.686019 2.184088 -10.19012 7.117162 1.88707 -8.509609 7.822138 1.946907 -10.19075 6.985339 1.648424 -8.499625 7.702187 1.883021 -8.140539 8.018334 1.643815 -8.051099 7.942928 2.176755 -11.49422 6.757725 2.414286 -11.49534 6.890034 2.337551 -12.40531 6.595741 2.557207 -12.3047 6.746972 1.883021 -8.140539 8.018334 2.075584 -7.893863 8.115244 1.643815 -8.051099 7.942928 1.925402 -7.690685 8.084874 2.075584 -7.893863 8.115244 3.265046 -7.492256 8.115734 1.925402 -7.690685 8.084874 3.274262 -7.235037 8.085151 3.265046 -7.492256 8.115734 3.474299 -7.57625 8.030412 3.274262 -7.235037 8.085151 3.644661 -7.383962 7.934829 3.474299 -7.57625 8.030412 3.572674 -7.85602 7.858864 3.644661 -7.383962 7.934829 3.769569 -7.73942 7.71671 4.122862 -9.420905 7.135034 4.318567 -9.300745 6.992531 4.60923 -10.67705 6.87977 4.803957 -10.55458 6.735383 4.881808 -11.40981 6.684064 5.109005 -11.37434 6.517753 4.881808 -11.40981 6.684064 4.781825 -11.61892 6.64678 5.109005 -11.37434 6.517753 4.929426 -11.75172 6.455192 4.781825 -11.61892 6.64678 2.709066 -12.3903 6.721838 4.929426 -11.75172 6.455192 2.670038 -12.59187 6.534161 2.709066 -12.3903 6.721838 2.557207 -12.3047 6.746972 2.670038 -12.59187 6.534161 2.337551 -12.40531 6.595741 8.509678 -1.88707 7.812363 10.19019 -2.184155 7.107316 8.499625 -1.648424 7.702187 10.19075 -1.946907 6.985339 11.49541 -2.414355 6.880259 11.49422 -2.176755 6.757725 12.276 -2.55218 6.742434 12.37599 -2.332385 6.601048 8.051099 -1.643815 7.942928 8.14061 -1.883021 8.008488 12.276 -2.55218 6.742434 12.36398 -2.706483 6.71674 12.37599 -2.332385 6.601048 12.56506 -2.665778 6.538978 12.36398 -2.706483 6.71674 11.6132 -4.781406 6.638054 12.56506 -2.665778 6.538978 11.74725 -4.927821 6.456031 11.6132 -4.781406 6.638054 11.40716 -4.881251 6.674778 11.74725 -4.927821 6.456031 11.37225 -5.108515 6.518171 11.40716 -4.881251 6.674778 10.67586 -4.609928 6.870207 11.37225 -5.108515 6.518171 10.55367 -4.804866 6.735521 9.41846 -4.126979 7.125538 9.29879 -4.322827 6.99267 7.853508 -3.582241 7.84853 7.736279 -3.778925 7.7165 7.575063 -3.48128 8.019939 7.381869 -3.650525 7.934829 7.575063 -3.48128 8.019939 7.490928 -3.269096 8.105958 7.381869 -3.650525 7.934829 7.23378 -3.277755 8.085151 7.490928 -3.269096 8.105958 7.893932 -2.075584 8.105399 7.23378 -3.277755 8.085151 7.690685 -1.925331 8.084874 7.893932 -2.075584 8.105399 8.14061 -1.883021 8.008488 7.690685 -1.925331 8.084874 8.051099 -1.643815 7.942928 5.827248 -10.02974 6.71353 5.656467 -10.01871 6.890034 5.063831 -10.44133 6.733987 5.149221 -10.29275 6.905045 9.835151 -5.707156 6.911401 8.900256 -5.17338 7.136432 9.846391 -5.87759 6.735242 8.783585 -5.270778 6.991693 7.453993 -4.300415 7.716012 10.08217 -6.005359 6.694327 9.950493 -6.116793 6.686019 10.03002 -5.826132 6.713598 10.44063 -5.064808 6.734196 10.29185 -5.150549 6.905187 10.03002 -5.826132 6.713598 10.01885 -5.655698 6.890175 5.149221 -10.29275 6.905045 4.966082 -10.2348 6.930671 5.063831 -10.44133 6.733987 4.880621 -10.38331 6.75954 5.707576 -9.835221 6.91133 5.656467 -10.01871 6.890034 5.878426 -9.846252 6.735174 5.827248 -10.02974 6.71353 10.01885 -5.655698 6.890175 9.835151 -5.707156 6.911401 10.03002 -5.826132 6.713598 9.846391 -5.87759 6.735242 10.23376 -4.967689 6.930809 10.29185 -5.150549 6.905187 10.38247 -4.881878 6.75961 10.44063 -5.064808 6.734196 -5.379212 5.393037 9.161644 -3.568141 6.720533 9.161644 -5.379212 5.379212 8.45918 -3.568141 6.720533 8.45918 -6.720533 3.581966 9.161644 -6.720533 3.568141 8.45918 -1.506761 7.411267 8.862533 -1.201506 7.513555 9.161644 -1.304701 7.478994 9.067384 -1.201506 7.513555 9.068294 -1.491401 7.416433 8.45918 -7.411267 1.506761 8.862533 -7.513555 1.21533 9.161644 -7.478994 1.304701 9.067384 -7.513555 1.201506 9.068294 -7.416433 1.491401 8.45918 -1.408663 4.81129 6.849049 -1.379129 3.693817 6.849049 -2.381401 4.485373 6.849049 -1.873248 3.528203 6.849049 -2.824064 2.824064 6.849049 -3.590133 3.590133 6.849049 -4.485373 2.381401 6.849049 -3.528203 1.873248 6.849049 -3.693817 1.379129 6.849049 -4.81129 1.408663 6.849049 -1.873248 3.528203 10.91016 -1.873248 3.528203 11.83367 -0.6307942 3.944542 10.91016 -0.6307942 3.944542 11.83367 -2.824064 2.824064 10.91016 -2.824064 2.824064 11.83367 -1.812716 3.414186 11.94706 -0.6104075 3.817119 11.94706 -2.732809 2.732809 11.94706 3.40507e-5 3.94552 11.83367 3.40507e-5 3.818027 11.94706 -0.3802101 3.944752 11.12772 3.40507e-5 3.94552 11.12772 -0.4752335 3.944542 11.06271 -3.528203 1.873248 11.83367 -3.528203 1.873248 10.91016 -3.944542 0.6307942 10.91016 -3.944542 0.6307942 11.83367 -3.414186 1.812716 11.94706 -3.817119 0.6104075 11.94706 -3.94552 -3.40507e-5 11.83367 -3.818027 -3.40507e-5 11.94706 -3.94552 -3.40507e-5 11.12772 -3.944752 0.3802101 11.12772 -3.944542 0.4752335 11.06271 -1.365095 2.571105 13.5132 -1.229155 2.315073 14.3278 -0.459665 2.874475 13.5132 -0.4138619 2.588282 14.3278 -2.057924 2.057924 13.5132 -1.853 1.853 14.3278 -0.3806965 2.380635 14.51108 -1.130568 2.129352 14.51108 3.40507e-5 -3.40507e-5 14.51694 -1.704354 1.704354 14.51108 3.40507e-5 2.875173 13.5132 3.40507e-5 2.588909 14.3278 3.40507e-5 2.381192 14.51108 -2.315073 1.229155 14.3278 -2.571105 1.365095 13.5132 -2.874475 0.459665 13.5132 -2.588282 0.4138619 14.3278 -2.129352 1.130568 14.51108 -2.380635 0.3806965 14.51108 -2.875173 -3.40507e-5 13.5132 -2.381192 -3.40507e-5 14.51108 -2.588909 -3.40507e-5 14.3278 -2.875173 -3.40507e-5 13.5132 -2.755011 5.18902 10.60588 -0.92767 5.801351 10.60588 -3.304428 6.223762 9.796451 -1.112694 6.958203 9.796451 -4.981584 4.995409 9.796451 -4.153377 4.153377 10.60588 -6.223762 3.318253 9.796451 -5.18902 2.768836 10.60588 -6.958203 1.126519 9.796451 -5.801351 0.9414947 10.60588 -3.568141 6.720533 9.161644 -1.201506 7.513555 9.161644 -0.8018552 5.014614 10.91016 -2.381401 4.485373 10.91016 -0.6307942 3.944542 10.91016 -1.873248 3.528203 10.91016 -3.590133 3.590133 10.91016 -2.824064 2.824064 10.91016 -3.528203 1.873248 10.91016 -4.485373 2.395226 10.91016 -3.944542 0.6307942 10.91016 -5.014614 0.8156797 10.91016 -7.513555 1.21533 9.161644 -6.720533 3.581966 9.161644 -5.379212 5.393037 9.161644 -1.201506 7.513555 9.068294 -1.201506 7.513555 9.161644 -1.046227 7.704444 9.051398 -1.046227 7.704444 9.219664 -0.9574157 7.125074 9.872626 -1.112694 6.958203 9.796451 -0.7723211 5.918299 10.7199 -0.92767 5.801351 10.60588 -0.8018552 5.014614 10.91016 -0.6465037 5.097628 11.04987 -0.4752335 3.944542 11.06271 -0.6307942 3.944542 10.91016 -1.201506 7.513555 9.161644 -1.046227 7.704444 9.219664 -1.812716 3.414186 11.94706 -1.812716 3.414186 12.13481 -0.6104075 3.817119 11.94706 -0.6104075 3.817119 12.13481 -2.732809 2.732809 11.94706 -2.732809 2.732809 12.13481 3.40507e-5 3.818027 12.13481 3.40507e-5 3.818027 11.94706 -3.414186 1.812716 12.13481 -3.414186 1.812716 11.94706 -3.817119 0.6104075 11.94706 -3.817119 0.6104075 12.13481 -3.818027 -3.40507e-5 12.13481 -3.818027 -3.40507e-5 11.94706 -0.5512687 3.447281 13.00156 -1.637116 3.083446 13.00156 -0.4800516 3.001965 13.52507 -1.42563 2.685122 13.52507 -2.467979 2.467979 13.00156 -2.149181 2.149181 13.52507 3.40507e-5 3.44812 13.00156 3.40507e-5 3.002663 13.52507 -3.083446 1.637116 13.00156 -3.447281 0.5512687 13.00156 -2.685122 1.42563 13.52507 -3.001965 0.4800516 13.52507 -3.44812 -3.40507e-5 13.00156 -3.002663 -3.40507e-5 13.52507 -1.42563 2.685122 13.52507 -1.365095 2.571105 13.5132 -0.4800516 3.001965 13.52507 -0.459665 2.874475 13.5132 3.40507e-5 2.875173 13.5132 3.40507e-5 3.002663 13.52507 -2.149181 2.149181 13.52507 -2.057924 2.057924 13.5132 -2.571105 1.365095 13.5132 -2.685122 1.42563 13.52507 -3.001965 0.4800516 13.52507 -2.874475 0.459665 13.5132 -2.875173 -3.40507e-5 13.5132 -3.002663 -3.40507e-5 13.52507 3.40507e-5 7.706189 9.284667 3.40507e-5 7.706189 9.066896 -0.8369736 7.704793 9.284667 -0.8369736 7.704793 9.054538 -1.046227 7.704444 9.219664 -1.046227 7.704444 9.051398 3.40507e-5 5.919694 10.78483 3.40507e-5 7.126749 9.937558 -0.6178768 5.918576 10.78483 -0.7658976 7.125422 9.937558 3.40507e-5 5.098816 11.1148 -0.5171962 5.097838 11.1148 -0.8369736 7.704793 9.284667 3.40507e-5 7.706189 9.284667 -0.7723211 5.918299 10.7199 -0.9574157 7.125074 9.872626 -0.6465037 5.097628 11.04987 -0.4752335 3.944542 11.06271 -0.3802101 3.944752 11.12772 3.40507e-5 5.098816 11.1148 -1.046227 7.704444 9.219664 3.40507e-5 3.94552 11.12772 3.40507e-5 5.098816 11.1148 3.40507e-5 -3.40507e-5 2.450082 -1.116046 1.116046 2.726502 -0.4947834 1.476599 2.726502 -1.956964 1.956964 3.322629 -0.8676264 2.589188 3.322629 3.40507e-5 2.734135 3.322629 3.40507e-5 1.559267 2.726502 3.40507e-5 -3.40507e-5 2.450082 -2.614465 2.614465 4.269114 -1.648917 3.295003 4.269114 -0.6692665 3.6233 4.269114 3.40507e-5 3.652694 4.269114 -1.873248 3.528203 5.660845 -2.824064 2.824064 5.660845 -1.873248 3.528203 6.849049 -2.824064 2.824064 6.849049 -0.7848882 3.834994 5.399299 -0.6213694 3.885825 5.381705 3.40507e-5 3.890501 5.399508 -0.7844699 3.893085 5.660845 -0.7761614 3.895878 6.134578 -1.377385 3.694374 6.207609 -1.379129 3.693817 6.849049 -3.528203 1.873248 6.849049 -3.528203 1.873248 5.660845 -3.295003 1.648917 4.269114 -2.589188 0.8676264 3.322629 -1.476599 0.4947834 2.726502 3.40507e-5 -3.40507e-5 2.450082 -2.734135 -3.40507e-5 3.322629 -1.559267 -3.40507e-5 2.726502 3.40507e-5 -3.40507e-5 2.450082 -3.6233 0.6692665 4.269114 -3.652694 -3.40507e-5 4.269114 -3.834994 0.7848882 5.399299 -3.885825 0.6213694 5.381705 -3.890501 -3.40507e-5 5.399508 -3.893085 0.7844699 5.660845 -3.895878 0.7761614 6.134578 -3.694374 1.377385 6.207609 -3.693817 1.379129 6.849049 -1.494193 7.701023 8.158533 -3.690396 6.95206 8.158533 -1.491401 7.416433 8.45918 -3.568141 6.720533 8.45918 -5.379212 5.379212 8.45918 -5.557746 5.557746 8.158533 -6.95094 3.692351 8.158533 -6.720533 3.568141 8.45918 -7.416433 1.491401 8.45918 -7.701023 1.494193 8.158533 -5.648024 5.648024 8.081661 -4.157985 6.766756 8.08215 -6.76494 4.160358 8.08215 -3.274266 7.235039 8.085151 -1.925404 7.690687 8.084874 -7.690687 1.925404 8.084874 -7.233784 3.277757 8.085151 -3.644663 7.383968 7.934829 -1.64382 8.051105 7.942928 -7.153353 4.075874 7.932384 -8.051032 1.64382 7.942928 -8.49963 1.648429 7.702187 -8.520576 1.502434 7.716919 -10.19075 1.94691 6.985339 -10.22329 1.502991 6.992461 -11.49423 2.176759 6.757725 -11.34977 1.501524 6.796893 -11.6153 1.380038 6.749487 -12.86215 2.267945 6.522082 -13.18758 1.399168 6.466154 -13.47448 2.375888 6.411414 -11.73092 5.399457 6.411414 -12.17407 5.635105 6.411414 -12.38025 5.553835 6.411414 -13.49095 1.402799 6.411557 -12.37599 2.332387 6.601048 -11.74725 4.927823 6.456031 -12.56506 2.66578 6.538978 -12.86215 2.267945 6.522082 -10.55367 4.80487 6.735521 -10.61973 5.00756 6.718277 -11.37232 5.108519 6.518171 -11.73092 5.399457 6.411414 -9.298794 4.322829 6.99267 -10.38248 4.881884 6.75961 -1.501524 11.34977 6.796893 -2.176759 11.49423 6.757725 -1.502991 10.22329 6.992461 -1.380038 11.6153 6.749487 -2.273391 12.89315 6.516496 -1.399168 13.18779 6.466154 -2.375888 13.47448 6.411414 -5.399809 11.73155 6.411414 -5.635035 12.17407 6.411414 -5.553835 12.38025 6.411414 -1.402799 13.49095 6.411557 -2.67004 12.59187 6.534161 -2.337557 12.40531 6.595741 -1.94691 10.19075 6.985339 -1.648429 8.49963 7.702187 -1.502434 8.520576 7.716919 -5.006722 10.62028 6.718136 -5.109007 11.37434 6.517753 -4.804033 10.55459 6.735383 -4.880623 10.38331 6.75954 -4.318573 9.300751 6.992531 -4.929429 11.75172 6.455192 -5.399809 11.73155 6.411414 -5.707579 9.835225 6.91133 -5.171217 8.901374 7.136362 -4.966086 10.23481 6.930671 -4.471689 9.282596 7.135104 -4.294553 7.459093 7.71587 -3.769573 7.739422 7.71671 -4.072033 7.156354 7.932384 -5.656468 10.01871 6.890034 -5.149224 10.29276 6.905045 -9.835151 5.707161 6.911401 -10.23376 4.967691 6.930809 -8.900259 5.173381 7.136432 -9.280918 4.476155 7.135034 -7.73628 3.778928 7.7165 -7.453995 4.300419 7.716012 -7.381871 3.650529 7.934829 -10.29185 5.150553 6.905187 -10.01885 5.655699 6.890175 -4.817718 9.112792 4.8813 -3.966606 9.499036 4.916768 -4.051507 7.619822 4.064261 -5.467887 8.733736 4.91684 -4.673537 7.427047 4.172694 -6.086421 6.086421 4.064261 -6.2431 6.2431 4.174648 -3.37397 8.08622 4.172694 -1.463193 8.499838 4.064469 -3.959834 7.447433 4.085417 -1.464659 8.306577 4.085417 -1.77187 8.637875 4.172694 -1.801822 10.21875 4.91272 -1.491331 10.22377 4.91251 -2.244833 12.73089 5.252954 -1.505087 11.60957 5.099771 -2.042634 10.1719 4.925009 -2.438446 12.41516 5.221326 -5.397159 11.72666 5.353638 -5.635035 12.17407 5.353638 -5.553835 12.38025 5.353638 -2.375888 13.47448 5.353638 -5.047497 11.58541 5.311116 -1.39826 12.54377 5.225655 -1.394909 11.8633 5.133771 -1.193338 12.64306 5.238572 -1.19662 13.49479 5.353638 -5.561725 11.63819 5.184599 -6.535438 11.12048 5.184599 -6.764732 10.68089 5.312094 -6.703777 11.03194 5.353638 -9.146584 9.146584 5.351681 -7.158027 11.52732 5.353638 -6.941654 11.47936 5.353638 -9.649711 9.649711 5.353638 -8.973571 8.973571 5.315792 -11.52732 7.158027 5.353638 -11.03146 6.703567 5.353638 -11.47936 6.941654 5.353638 -10.68089 6.764732 5.312094 -8.733736 5.467887 4.91684 -9.119357 4.821555 4.885001 -11.12013 6.534952 5.184252 -7.619822 4.051507 4.064261 -9.499036 3.966606 4.916768 -7.427047 4.673537 4.172694 -8.08622 3.37397 4.172694 -8.499838 1.463193 4.064469 -7.447433 3.959834 4.085417 -8.306577 1.464659 4.085417 -8.637875 1.77187 4.172694 -10.21875 1.801822 4.91272 -10.22377 1.491331 4.91251 -12.73089 2.244833 5.252954 -11.60957 1.505087 5.099771 -10.1719 2.042634 4.925009 -12.41516 2.438446 5.221326 -11.7261 5.396874 5.353638 -12.17407 5.635105 5.353638 -12.38025 5.553835 5.353638 -13.47448 2.375888 5.353638 -11.58541 5.047497 5.311116 -12.54377 1.39826 5.225655 -11.8633 1.394909 5.133771 -12.64306 1.193338 5.238572 -13.49479 1.19662 5.353638 -11.63764 5.561443 5.184111 -5.94874 5.94874 4.085417 -2.375888 13.47448 5.353638 -5.553835 12.38025 5.353638 -2.375888 13.47448 6.411414 -5.553835 12.38025 6.411414 -1.404893 13.49144 5.453757 -1.402799 13.49095 6.411557 -1.19662 13.49479 5.353638 -6.941654 11.47936 6.411414 -6.706431 11.03683 6.411414 -6.941654 11.47936 5.353638 -6.703777 11.03194 5.353638 -5.635035 12.17407 5.353638 -5.397159 11.72666 5.353638 -5.635035 12.17407 6.411414 -5.399809 11.73155 6.411414 -5.553835 12.38025 6.411414 -5.553835 12.38025 5.353638 -5.635035 12.17407 6.411414 -5.635035 12.17407 5.353638 -7.158027 11.52732 5.353638 -7.158027 11.52732 6.411414 -6.941654 11.47936 5.353638 -6.941654 11.47936 6.411414 -2.065254 10.23055 4.689363 -3.989298 9.557756 4.681125 -2.461138 12.47388 4.985682 -5.070115 11.64414 5.075473 -1.794491 8.69652 3.936979 -3.396662 8.14487 3.936979 -6.28737 6.28737 3.939003 -4.71878 7.470613 3.936979 -6.2431 6.2431 4.174648 -4.673537 7.427047 4.172694 -7.470613 4.71878 3.936979 -7.427047 4.673537 4.172694 -5.467887 8.733736 4.91684 -5.513196 8.777303 4.681194 -6.764732 10.68089 5.312094 -4.71878 7.470613 3.936979 -4.673537 7.427047 4.172694 -5.467887 8.733736 4.91684 -6.810042 10.72446 5.07645 -6.764732 10.68089 5.312094 -5.513196 8.777303 4.681194 -2.042634 10.1719 4.925009 -2.065254 10.23055 4.689363 -2.438446 12.41516 5.221326 -2.461138 12.47388 4.985682 -1.794491 8.69652 3.936979 -1.77187 8.637875 4.172694 -3.37397 8.08622 4.172694 -3.396662 8.14487 3.936979 -1.77187 8.637875 4.172694 -1.794491 8.69652 3.936979 -3.966606 9.499036 4.916768 -3.989298 9.557756 4.681125 -3.37397 8.08622 4.172694 -3.396662 8.14487 3.936979 -5.070115 11.64414 5.075473 -5.047497 11.58541 5.311116 -2.438446 12.41516 5.221326 -2.461138 12.47388 4.985682 -5.047497 11.58541 5.311116 -5.070115 11.64414 5.075473 -8.353985 12.27384 6.206493 -8.353985 12.27384 6.007924 -8.49963 12.15975 6.206493 -8.49963 12.15975 6.007924 -8.49963 12.15975 6.007924 -7.171852 10.36886 6.007924 -8.49963 12.15975 6.206493 -7.171852 10.36886 6.206493 -8.49963 12.15975 6.206493 -7.171852 10.36886 6.206493 -8.353985 12.27384 6.206493 -7.026207 10.48295 6.206493 -8.353985 12.27384 6.206493 -7.026207 10.48295 6.206493 -8.353985 12.27384 6.007924 -7.026207 10.48295 6.007924 -8.353985 12.27384 6.007924 -7.026207 10.48295 6.007924 -8.49963 12.15975 6.007924 -7.171852 10.36886 6.007924 -5.730198 14.05608 6.206493 -5.730198 14.05608 6.007924 -5.893442 13.96901 6.206493 -5.893442 13.96901 6.007924 -5.893442 13.96901 6.007924 -4.896822 11.97473 6.007924 -5.893442 13.96901 6.206493 -4.896822 11.97473 6.206493 -5.893442 13.96901 6.206493 -4.896822 11.97473 6.206493 -5.730198 14.05608 6.206493 -4.733582 12.0618 6.206493 -5.730198 14.05608 6.206493 -4.733582 12.0618 6.206493 -5.730198 14.05608 6.007924 -4.733582 12.0618 6.007924 -5.730198 14.05608 6.007924 -4.733582 12.0618 6.007924 -5.893442 13.96901 6.007924 -4.896822 11.97473 6.007924 -7.158027 11.52732 5.353638 -9.649711 9.649711 5.353638 -7.158027 11.52732 6.411414 -9.649711 9.649711 6.411414 -11.52732 7.158027 6.411414 -11.52732 7.158027 5.353638 -3.959834 7.447433 4.085417 -2.370928 4.459052 6.57291 -5.94874 5.94874 4.085417 -3.561718 3.561718 6.57291 -1.464659 8.306577 4.085417 -1.38681 4.79789 6.57291 -4.459052 2.370928 6.57291 -7.447433 3.959834 4.085417 -8.306577 1.464659 4.085417 -4.79789 1.38681 6.57291 -4.71878 7.470613 3.936979 -6.28737 6.28737 3.939003 -5.513196 8.777303 4.681194 -7.363298 7.363298 4.677357 -6.810042 10.72446 5.07645 -9.017837 9.017837 5.080149 -8.777303 5.513196 4.681194 -7.470613 4.71878 3.936979 -10.72446 6.810042 5.07645 -6.764732 10.68089 5.312094 -6.810042 10.72446 5.07645 -8.973571 8.973571 5.315792 -9.017837 9.017837 5.080149 -10.72446 6.810042 5.07645 -10.68089 6.764732 5.312094 -3.561718 3.561718 6.57291 -2.370928 4.459052 6.57291 -3.590133 3.590133 6.849049 -2.381401 4.485373 6.849049 -1.408663 4.81129 6.849049 -1.38681 4.79789 6.57291 -4.459052 2.370928 6.57291 -4.485373 2.381401 6.849049 -4.81129 1.408663 6.849049 -4.79789 1.38681 6.57291 -1.244796 11.21788 8.74677 -0.3985027 11.21627 8.7157 -1.273842 13.1533 8.61865 -1.36377 11.26528 8.613552 -1.393722 13.18961 8.454083 -1.380038 11.6153 6.749487 -1.399168 13.18779 6.466154 -1.402799 13.49095 6.411557 -1.402728 13.57879 6.411557 -1.404754 13.73302 5.454386 -1.404893 13.49144 5.453757 3.40507e-5 13.1533 8.621303 3.40507e-5 11.22437 8.715631 -0.163976 9.35011 8.827831 3.40507e-5 9.35011 8.827831 -1.501106 11.94129 2.895816 3.40507e-5 11.94129 2.895816 -1.499989 8.794621 2.704439 3.40507e-5 8.794621 2.704439 -0.7812568 14.40951 9.535811 3.40507e-5 14.40951 9.535811 -0.7832124 16.84534 9.397567 3.40507e-5 16.84534 9.397567 -2.013797 14.621 4.409665 -2.014007 14.61457 6.302145 -2.016032 17.08796 4.409665 -2.015823 17.08796 6.302145 -0.91601 14.00154 8.738951 -0.9183158 16.8276 8.608736 -1.313151 13.41212 8.764925 -1.372428 17.52155 8.578504 3.40507e-5 17.52155 8.577037 3.40507e-5 16.8276 8.608736 -1.508368 17.52155 8.349633 3.40507e-5 14.00154 8.738951 3.40507e-5 13.41212 8.764925 -1.505297 13.44354 8.541569 -1.508368 17.52155 8.349633 -1.505924 14.39659 6.708222 -1.507738 17.08796 6.708222 -1.508368 17.52155 3.233748 -1.50795 17.08796 4.409665 -1.505297 14.41677 2.985747 -1.505715 14.39736 4.409665 -1.505297 13.82169 6.610753 -0.7812568 14.40951 9.535811 -0.7832124 16.84534 9.397567 -0.91601 14.00154 8.738951 -0.9183158 16.8276 8.608736 -0.9183158 16.8276 8.608736 -0.7832124 16.84534 9.397567 3.40507e-5 16.8276 8.608736 3.40507e-5 16.84534 9.397567 -1.304701 7.478994 9.067384 -1.307914 9.103855 8.99931 -1.506761 7.411267 8.862533 -1.50006 9.126546 8.773162 -1.201506 7.513555 9.068294 -1.30931 10.9689 8.884387 -1.501456 11.01428 8.658168 -0.3876793 9.103855 8.99931 -0.6221379 10.9689 8.884387 -0.8369736 7.704793 9.054538 -1.046227 7.704444 9.051398 -1.502991 10.22329 6.992461 -1.501524 11.34977 6.796893 -1.491401 7.416433 8.45918 -1.494193 7.701023 8.158533 -1.502434 8.520576 7.716919 3.40507e-5 7.706189 9.066896 3.40507e-5 9.103855 8.99931 -2.013797 14.621 4.409665 -2.016032 17.08796 4.409665 -1.505715 14.39736 4.409665 -1.50795 17.08796 4.409665 -2.016032 17.08796 4.409665 -2.015823 17.08796 6.302145 -1.50795 17.08796 4.409665 -1.507738 17.08796 6.708222 -2.015823 17.08796 6.302145 -2.014007 14.61457 6.302145 -1.507738 17.08796 6.708222 -1.505924 14.39659 6.708222 -2.014007 14.61457 6.302145 -2.013797 14.621 4.409665 -1.505924 14.39659 6.708222 -1.505715 14.39736 4.409665 -0.8490543 6.44607 3.880704 3.40507e-5 6.445997 3.880704 -0.8051362 4.916095 5.039933 3.40507e-5 4.916095 5.039933 3.40507e-5 7.14085 3.359912 -0.8930405 7.14085 3.359912 -0.6213694 3.885825 5.381705 -0.7848882 3.834994 5.399299 3.40507e-5 3.890501 5.399508 -1.444691 7.218423 4.22457 -0.8490543 7.193216 4.27477 -1.389325 5.133168 5.774374 -0.8051362 5.152785 5.75259 -0.8930405 8.312303 3.225577 -1.499989 8.794621 2.704439 3.40507e-5 8.794621 2.704439 3.40507e-5 8.312303 3.225577 -1.377385 3.694374 6.207609 -0.7761614 3.895878 6.134578 -0.8490543 7.193216 4.27477 -0.8490543 6.44607 3.880704 -0.8051362 5.152785 5.75259 -0.8051362 4.916095 5.039933 -0.8930405 7.14085 3.359912 -0.8930405 8.312303 3.225577 -0.7844699 3.893085 5.660845 -0.7848882 3.834994 5.399299 -0.7761614 3.895878 6.134578 -0.5294156 16.78397 10.4684 -0.6628431 16.78397 10.4684 -0.5294156 16.64056 10.4684 -0.6628431 16.64056 10.4684 -0.5730538 16.63797 9.071295 -0.5730538 16.78138 9.071295 -0.5294156 16.64056 10.4684 -0.5294156 16.78397 10.4684 -0.706479 16.63797 9.071295 -0.5730538 16.63797 9.071295 -0.6628431 16.64056 10.4684 -0.5294156 16.64056 10.4684 -0.706479 16.78138 9.071295 -0.706479 16.63797 9.071295 -0.6628431 16.78397 10.4684 -0.6628431 16.64056 10.4684 -0.5730538 16.78138 9.071295 -0.706479 16.78138 9.071295 -0.5294156 16.78397 10.4684 -0.6628431 16.78397 10.4684 3.40507e-5 17.52155 3.233748 3.40507e-5 14.41677 2.985747 -1.508368 17.52155 3.233748 -1.505297 14.41677 2.985747 3.40507e-5 14.40951 9.535811 -0.7812568 14.40951 9.535811 3.40507e-5 14.00154 8.738951 -0.91601 14.00154 8.738951 3.40507e-5 8.312303 3.225577 3.40507e-5 7.14085 3.359912 -0.8930405 8.312303 3.225577 -0.8930405 7.14085 3.359912 -1.407199 12.19208 3.016535 3.40507e-5 12.19208 3.016535 -1.501106 11.94129 2.895816 3.40507e-5 11.94129 2.895816 3.40507e-5 9.35011 8.827831 -0.163976 9.35011 8.827831 3.40507e-5 9.103855 8.99931 -0.3876793 9.103855 8.99931 -0.163976 9.35011 8.827831 -0.3985027 11.21627 8.7157 -0.3876793 9.103855 8.99931 -0.6221379 10.9689 8.884387 -0.3985027 11.21627 8.7157 -1.244796 11.21788 8.74677 -0.6221379 10.9689 8.884387 -1.30931 10.9689 8.884387 -1.36377 11.26528 8.613552 -1.501456 11.01428 8.658168 -1.501524 11.34977 6.796893 -1.380038 11.6153 6.749487 -1.402728 13.57879 6.411557 -1.393722 13.18961 8.454083 -1.505297 13.82169 6.610753 -1.505297 13.44354 8.541569 -1.273842 13.1533 8.61865 -1.313151 13.41212 8.764925 3.40507e-5 13.1533 8.621303 3.40507e-5 13.41212 8.764925 -1.404754 13.73302 5.454386 -1.505297 14.41677 2.985747 -1.415855 14.16151 3.07295 3.40507e-5 14.16346 3.070576 -1.415855 14.16151 3.07295 3.40507e-5 14.41677 2.985747 -1.505297 14.41677 2.985747 -1.411526 12.92156 3.042789 3.40507e-5 12.92156 3.042789 -1.407199 12.19208 3.016535 3.40507e-5 12.19208 3.016535 -1.274189 14.12765 3.262512 -1.197736 13.7532 5.344489 -1.415855 14.16151 3.07295 -1.404754 13.73302 5.454386 3.40507e-5 14.16346 3.070576 3.40507e-5 14.12744 3.262374 -1.193338 12.64306 5.238572 -1.255479 12.98922 3.22118 -1.39826 12.54377 5.225655 -1.411526 12.92156 3.042789 3.40507e-5 12.98971 3.218597 3.40507e-5 12.92156 3.042789 -1.505087 11.60957 5.099771 -1.394909 11.8633 5.133771 -1.501106 11.94129 2.895816 -1.407199 12.19208 3.016535 -1.39826 12.54377 5.225655 -1.411526 12.92156 3.042789 -1.491331 10.22377 4.91251 -1.463193 8.499838 4.064469 -1.499989 8.794621 2.704439 -1.464659 8.306577 4.085417 -1.444691 7.218423 4.22457 -1.38681 4.79789 6.57291 -1.389325 5.133168 5.774374 -1.377385 3.694374 6.207609 -1.379129 3.693817 6.849049 -1.408663 4.81129 6.849049 -1.258759 13.84096 3.336174 -1.255479 12.98922 3.22118 -1.19662 13.49479 5.353638 -1.193338 12.64306 5.238572 -1.274189 14.12765 3.262512 -1.197736 13.7532 5.344489 3.40507e-5 13.84145 3.333591 3.40507e-5 12.98971 3.218597 -1.258759 13.84096 3.336174 -1.255479 12.98922 3.22118 3.40507e-5 14.12744 3.262374 -1.274189 14.12765 3.262512 -1.404893 13.49144 5.453757 -1.404754 13.73302 5.454386 -1.19662 13.49479 5.353638 -1.197736 13.7532 5.344489 -7.704444 1.046227 9.219664 -7.513555 1.21533 9.161644 -7.704444 1.046227 9.051398 -7.513555 1.201506 9.068294 -7.125074 0.9574157 9.872626 -5.918299 0.7723211 10.7199 -6.958203 1.126519 9.796451 -5.801351 0.9414947 10.60588 -5.014614 0.8156797 10.91016 -5.097628 0.6465037 11.04987 -3.944542 0.4752335 11.06271 -3.944542 0.6307942 10.91016 -7.513555 1.21533 9.161644 -7.704444 1.046227 9.219664 -7.704793 0.8369736 9.054538 -7.706189 -3.40507e-5 9.066896 -7.704793 0.8369736 9.284667 -7.706189 -3.40507e-5 9.284667 -7.704444 1.046227 9.219664 -7.704444 1.046227 9.051398 -5.918576 0.6178768 10.78483 -7.125422 0.765968 9.937558 -5.919694 -3.40507e-5 10.78483 -7.126749 -3.40507e-5 9.937558 -5.097838 0.5171962 11.1148 -5.098816 -3.40507e-5 11.1148 -3.94552 -3.40507e-5 11.12772 -3.944752 0.3802101 11.12772 -7.706189 -3.40507e-5 9.284667 -7.704793 0.8369736 9.284667 -5.918299 0.7723211 10.7199 -7.125074 0.9574157 9.872626 -3.944542 0.4752335 11.06271 -5.097628 0.6465037 11.04987 -7.704444 1.046227 9.219664 -12.38025 5.553835 6.411414 -12.38025 5.553835 5.353638 -13.47448 2.375888 6.411414 -13.47448 2.375888 5.353638 -13.49144 1.404893 5.453757 -13.49095 1.402799 6.411557 -13.49479 1.19662 5.353638 -11.03146 6.703567 5.353638 -11.03627 6.706082 6.411414 -11.47936 6.941654 5.353638 -11.47936 6.941654 6.411414 -11.73092 5.399457 6.411414 -11.7261 5.396874 5.353638 -12.17407 5.635105 6.411414 -12.17407 5.635105 5.353638 -12.17407 5.635105 5.353638 -12.38025 5.553835 5.353638 -12.17407 5.635105 6.411414 -12.38025 5.553835 6.411414 -11.47936 6.941654 6.411414 -11.52732 7.158027 6.411414 -11.47936 6.941654 5.353638 -11.52732 7.158027 5.353638 -11.64414 5.070115 5.075473 -9.557756 3.989298 4.681125 -12.47388 2.461138 4.985682 -10.23055 2.065254 4.689363 -8.69652 1.794491 3.936979 -8.14487 3.396662 3.936979 -10.72446 6.810042 5.07645 -8.777303 5.513196 4.681194 -10.68089 6.764732 5.312094 -8.733736 5.467887 4.91684 -10.68089 6.764732 5.312094 -8.777303 5.513196 4.681194 -7.470613 4.71878 3.936979 -7.427047 4.673537 4.172694 -12.47388 2.461138 4.985682 -10.23055 2.065254 4.689363 -12.41516 2.438446 5.221326 -10.1719 2.042634 4.925009 -8.69652 1.794491 3.936979 -8.637875 1.77187 4.172694 -8.69652 1.794491 3.936979 -8.14487 3.396662 3.936979 -8.637875 1.77187 4.172694 -8.08622 3.37397 4.172694 -8.14487 3.396662 3.936979 -9.557756 3.989298 4.681125 -8.08622 3.37397 4.172694 -9.499036 3.966606 4.916768 -11.64414 5.070115 5.075473 -11.58541 5.047497 5.311116 -11.64414 5.070115 5.075473 -12.47388 2.461138 4.985682 -11.58541 5.047497 5.311116 -12.41516 2.438446 5.221326 -12.15975 8.49963 6.007924 -12.27384 8.353985 6.007924 -12.15975 8.49963 6.206493 -12.27384 8.353985 6.206493 -10.36886 7.171852 6.206493 -10.36886 7.171852 6.007924 -12.15975 8.49963 6.206493 -12.15975 8.49963 6.007924 -10.48295 7.026207 6.206493 -10.36886 7.171852 6.206493 -12.27384 8.353985 6.206493 -12.15975 8.49963 6.206493 -10.48295 7.026207 6.007924 -10.48295 7.026207 6.206493 -12.27384 8.353985 6.007924 -12.27384 8.353985 6.206493 -10.36886 7.171852 6.007924 -10.48295 7.026207 6.007924 -12.15975 8.49963 6.007924 -12.27384 8.353985 6.007924 -13.96901 5.893442 6.007924 -14.05608 5.730198 6.007924 -13.96901 5.893442 6.206493 -14.05608 5.730198 6.206493 -11.97473 4.896822 6.206493 -11.97473 4.896822 6.007924 -13.96901 5.893442 6.206493 -13.96901 5.893442 6.007924 -12.0618 4.733582 6.206493 -11.97473 4.896822 6.206493 -14.05608 5.730198 6.206493 -13.96901 5.893442 6.206493 -12.0618 4.733582 6.007924 -12.0618 4.733582 6.206493 -14.05608 5.730198 6.007924 -14.05608 5.730198 6.206493 -11.97473 4.896822 6.007924 -12.0618 4.733582 6.007924 -13.96901 5.893442 6.007924 -14.05608 5.730198 6.007924 -13.1533 -3.40507e-5 8.621303 -11.21627 0.3985027 8.7157 -13.1533 1.273842 8.61865 -11.22437 -3.40507e-5 8.715631 -9.35011 0.163976 8.827831 -9.35011 -3.40507e-5 8.827831 -11.21788 1.244796 8.74677 -11.26528 1.36377 8.613552 -13.18961 1.393722 8.454083 -11.6153 1.380038 6.749487 -13.18758 1.399168 6.466154 -13.49095 1.402799 6.411557 -13.57879 1.402728 6.411557 -13.73309 1.404754 5.454386 -13.49144 1.404893 5.453757 -17.52155 1.029749 7.860189 -17.52155 1.508368 8.349633 -17.52155 1.029749 3.75 -17.52155 1.508368 3.233748 -17.52155 0.8376034 8.08194 -17.52155 1.372428 8.585137 -17.52155 -3.40507e-5 8.583741 -17.52155 1.508368 3.233748 -17.52155 -3.40507e-5 3.233748 -17.52155 -1.508363 3.233748 -17.52155 -1.508363 8.349633 -17.52155 -1.029744 7.860189 -17.52155 -1.372423 8.585137 -17.52155 -3.40507e-5 8.583741 -17.52155 -3.40507e-5 8.08194 -17.52155 -3.40507e-5 3.75 -17.52155 -3.40507e-5 3.233748 -17.52155 -1.508363 3.233748 -17.52155 -0.8375987 8.08194 -17.52155 -1.029744 3.75 -8.794621 -3.40507e-5 2.704439 -11.94129 -3.40507e-5 2.895816 -8.794621 1.499989 2.704439 -11.94129 1.501176 2.895816 -16.84534 -3.40507e-5 9.397567 -14.40951 -3.40507e-5 9.535811 -16.84534 0.7832124 9.397567 -14.40951 0.7812568 9.535811 -17.08796 2.015823 6.302145 -14.61457 2.014007 6.302145 -17.08796 2.016032 4.409665 -14.621 2.013797 4.409665 -17.52155 1.372428 8.585137 -16.8276 0.9183158 8.615369 -13.41212 1.313151 8.764925 -14.00154 0.91601 8.738951 -17.52155 -3.40507e-5 8.583741 -16.8276 -3.40507e-5 8.615369 -17.52155 1.508368 8.349633 -13.44354 1.505297 8.541569 -14.39659 1.505924 6.708222 -17.08796 1.507738 6.708222 -17.52155 1.508368 3.233748 -17.08796 1.50795 4.409665 -14.41677 1.505297 2.985747 -14.39736 1.505715 4.409665 -13.82169 1.505297 6.610753 -14.00154 -3.40507e-5 8.738951 -13.41212 -3.40507e-5 8.764925 -16.8276 0.9183158 8.615369 -16.84534 0.7832124 9.397567 -14.00154 0.91601 8.738951 -14.40951 0.7812568 9.535811 -16.84534 -3.40507e-5 9.397567 -16.84534 0.7832124 9.397567 -16.8276 -3.40507e-5 8.615369 -16.8276 0.9183158 8.615369 -9.126546 1.50006 8.773162 -9.103855 1.307914 8.99931 -7.411267 1.506761 8.862533 -7.478994 1.304701 9.067384 -7.513555 1.201506 9.068294 -10.9689 1.30931 8.884387 -11.01428 1.501456 8.658168 -9.103855 0.3876793 8.99931 -10.9689 0.622206 8.884387 -7.704793 0.8369736 9.054538 -7.704444 1.046227 9.051398 -10.22329 1.502991 6.992461 -11.34977 1.501524 6.796893 -7.416433 1.491401 8.45918 -7.701023 1.494193 8.158533 -8.520576 1.502434 7.716919 -7.706189 -3.40507e-5 9.066896 -9.103855 -3.40507e-5 8.99931 -17.08796 1.50795 4.409665 -17.08796 2.016032 4.409665 -14.39736 1.505715 4.409665 -14.621 2.013797 4.409665 -17.08796 1.507738 6.708222 -17.08796 2.015823 6.302145 -17.08796 1.50795 4.409665 -17.08796 2.016032 4.409665 -14.39659 1.505924 6.708222 -14.61457 2.014007 6.302145 -17.08796 1.507738 6.708222 -17.08796 2.015823 6.302145 -14.39736 1.505715 4.409665 -14.621 2.013797 4.409665 -14.39659 1.505924 6.708222 -14.61457 2.014007 6.302145 -6.44607 0.8490543 3.880704 -4.916095 0.8051362 5.039933 -6.445997 -3.40507e-5 3.880704 -4.916095 -3.40507e-5 5.039933 -7.14085 -3.40507e-5 3.359912 -7.14085 0.8930405 3.359912 -3.885825 0.6213694 5.381705 -3.834994 0.7848882 5.399299 -3.890501 -3.40507e-5 5.399508 -5.152785 0.8051362 5.75259 -7.193216 0.8490543 4.27477 -5.133168 1.389325 5.774374 -7.218423 1.444691 4.22457 -8.312303 0.8930405 3.225577 -8.794621 1.499989 2.704439 -8.794621 -3.40507e-5 2.704439 -8.312303 -3.40507e-5 3.225577 -7.14085 -3.40507e-5 3.359912 -7.14085 0.8930405 3.359912 -3.694374 1.377385 6.207609 -3.895878 0.7761614 6.134578 -4.916095 0.8051362 5.039933 -6.44607 0.8490543 3.880704 -5.152785 0.8051362 5.75259 -7.193216 0.8490543 4.27477 -7.14085 0.8930405 3.359912 -8.312303 0.8930405 3.225577 -3.893085 0.7844699 5.660845 -3.834994 0.7848882 5.399299 -3.895878 0.7761614 6.134578 -16.64056 0.6628431 10.78706 -16.78397 0.6628431 10.78706 -16.64056 0.5294156 10.78706 -16.78397 0.5294156 10.78706 -16.78397 0.5294156 10.78706 -16.78138 0.5730538 9.389957 -16.64056 0.5294156 10.78706 -16.63797 0.5730538 9.389957 -16.64056 0.5294156 10.78706 -16.63797 0.5730538 9.389957 -16.64056 0.6628431 10.78706 -16.63797 0.706479 9.389957 -16.64056 0.6628431 10.78706 -16.63797 0.706479 9.389957 -16.78397 0.6628431 10.78706 -16.78138 0.706479 9.389957 -16.78397 0.6628431 10.78706 -16.78138 0.706479 9.389957 -16.78397 0.5294156 10.78706 -16.78138 0.5730538 9.389957 -14.41677 1.505297 2.985747 -14.41677 -3.40507e-5 2.985747 -17.52155 1.508368 3.233748 -17.52155 -3.40507e-5 3.233748 -14.00154 0.91601 8.738951 -14.40951 0.7812568 9.535811 -14.00154 -3.40507e-5 8.738951 -14.40951 -3.40507e-5 9.535811 -11.94129 -3.40507e-5 2.895816 -12.19208 -3.40507e-5 3.016535 -11.94129 1.501176 2.895816 -12.19208 1.407199 3.016535 -9.103855 0.3876793 8.99931 -9.35011 0.163976 8.827831 -9.103855 -3.40507e-5 8.99931 -9.35011 -3.40507e-5 8.827831 -10.9689 0.622206 8.884387 -11.21627 0.3985027 8.7157 -9.103855 0.3876793 8.99931 -9.35011 0.163976 8.827831 -10.9689 1.30931 8.884387 -11.21788 1.244796 8.74677 -10.9689 0.622206 8.884387 -11.21627 0.3985027 8.7157 -11.26528 1.36377 8.613552 -11.01428 1.501456 8.658168 -11.34977 1.501524 6.796893 -11.6153 1.380038 6.749487 -13.44354 1.505297 8.541569 -13.18961 1.393722 8.454083 -13.82169 1.505297 6.610753 -13.57879 1.402728 6.411557 -13.1533 1.273842 8.61865 -13.41212 1.313151 8.764925 -13.1533 -3.40507e-5 8.621303 -13.41212 -3.40507e-5 8.764925 -13.73309 1.404754 5.454386 -14.41677 1.505297 2.985747 -14.16151 1.415855 3.07295 -14.41677 1.505297 2.985747 -14.16151 1.415855 3.07295 -14.41677 -3.40507e-5 2.985747 -14.16346 -3.40507e-5 3.070576 -12.19208 -3.40507e-5 3.016535 -12.92156 -3.40507e-5 3.042789 -12.19208 1.407199 3.016535 -12.92156 1.411526 3.042789 -13.73309 1.404754 5.454386 -13.7532 1.197736 5.344489 -14.16151 1.415855 3.07295 -14.12765 1.274189 3.262512 -14.16346 -3.40507e-5 3.070576 -14.12744 -3.40507e-5 3.262374 -12.92156 1.411526 3.042789 -12.98922 1.255479 3.22118 -12.54377 1.39826 5.225655 -12.64306 1.193338 5.238572 -12.98971 -3.40507e-5 3.218597 -12.92156 -3.40507e-5 3.042789 -12.19208 1.407199 3.016535 -11.8633 1.394909 5.133771 -11.94129 1.501176 2.895816 -11.60957 1.505087 5.099771 -12.54377 1.39826 5.225655 -12.92156 1.411526 3.042789 -10.22377 1.491331 4.91251 -8.499838 1.463193 4.064469 -8.794621 1.499989 2.704439 -8.306577 1.464659 4.085417 -7.218423 1.444691 4.22457 -4.79789 1.38681 6.57291 -5.133168 1.389325 5.774374 -3.694374 1.377385 6.207609 -3.693817 1.379129 6.849049 -4.81129 1.408663 6.849049 -12.64306 1.193338 5.238572 -12.98922 1.255479 3.22118 -13.49479 1.19662 5.353638 -13.84096 1.258759 3.336174 -14.12765 1.274189 3.262512 -13.7532 1.197736 5.344489 -12.98922 1.255479 3.22118 -12.98971 -3.40507e-5 3.218597 -13.84096 1.258759 3.336174 -13.84145 -3.40507e-5 3.333591 -14.12744 -3.40507e-5 3.262374 -14.12765 1.274189 3.262512 -13.7532 1.197736 5.344489 -13.73309 1.404754 5.454386 -13.49479 1.19662 5.353638 -13.49144 1.404893 5.453757 -5.827252 10.02974 6.71353 -5.063835 10.44134 6.733987 -6.006338 10.08197 6.694189 -6.541514 11.12551 6.580591 -5.564795 11.64483 6.580591 -5.006722 10.62028 6.718136 -4.880623 10.38331 6.75954 -4.804033 10.55459 6.735383 -4.966086 10.23481 6.930671 -4.471689 9.282596 7.135104 -4.318573 9.300751 6.992531 -3.769573 7.739422 7.71671 -5.87843 9.846257 6.735174 -6.006338 10.08197 6.694189 -6.117631 9.94987 6.686089 -5.268548 8.784357 6.991834 -5.707579 9.835225 6.91133 -5.171217 8.901374 7.136362 -4.294553 7.459093 7.71587 -10.44064 5.064812 6.734196 -10.03002 5.826134 6.713598 -10.61973 5.00756 6.718277 -11.6442 5.564448 6.581219 -11.12487 6.541232 6.581289 -10.08218 6.005361 6.694327 -10.38248 4.881884 6.75961 -10.55367 4.80487 6.735521 -9.298794 4.322829 6.99267 -10.23376 4.967691 6.930809 -9.280918 4.476155 7.135034 -7.73628 3.778928 7.7165 -5.561725 11.63819 5.184599 -5.397159 11.72666 5.353638 -3.966606 9.499036 4.916768 -6.535438 11.12048 5.184599 -5.467887 8.733736 4.91684 -6.703777 11.03194 5.353638 -11.12013 6.534952 5.184252 -11.03146 6.703567 5.353638 -8.733736 5.467887 4.91684 -10.88316 6.24736 5.611552 -11.26612 5.527022 5.611483 -10.85167 6.307264 5.671807 -10.88623 6.251197 6.32407 -11.29712 5.46935 5.670899 -11.30054 5.471165 6.264584 -11.27024 5.528909 6.323998 -10.85509 6.30908 6.264445 -11.63764 5.561443 5.184111 -9.499036 3.966606 4.916768 -11.7261 5.396874 5.353638 -6.006338 10.08197 6.694189 -6.541514 11.12551 6.580591 -6.706431 11.03683 6.411414 -6.251622 10.88672 6.323511 -5.529119 11.27087 6.323511 -6.309361 10.85565 6.264304 -6.307548 10.85216 5.671948 -6.247851 10.88351 5.61204 -5.469633 11.29768 5.671179 -5.471514 11.30117 6.264445 -5.527162 11.26675 5.61204 -5.399809 11.73155 6.411414 -5.564795 11.64483 6.580591 -5.006722 10.62028 6.718136 -10.61973 5.00756 6.718277 -11.6442 5.564448 6.581219 -11.73092 5.399457 6.411414 -11.03627 6.706082 6.411414 -11.12487 6.541232 6.581289 -10.08218 6.005361 6.694327 -6.575658 11.10596 6.345713 -6.573352 11.1017 5.420036 -6.706431 11.03683 6.411414 -6.703777 11.03194 5.353638 -6.486076 11.14757 5.332412 -6.535438 11.12048 5.184599 -5.612411 11.61208 5.332412 -5.561725 11.63819 5.184599 -5.527932 11.65754 5.419267 -5.397159 11.72666 5.353638 -5.530233 11.66186 6.345923 -5.399809 11.73155 6.411414 -5.614927 11.61732 6.43271 -5.564795 11.64483 6.580591 -6.541514 11.12551 6.580591 -6.490895 11.15155 6.43271 -11.10121 6.573075 5.419965 -11.1054 6.575307 6.345923 -11.03146 6.703567 5.353638 -11.03627 6.706082 6.411414 -11.15106 6.490405 6.43341 -11.12487 6.541232 6.581289 -11.6442 5.564448 6.581219 -11.61662 5.614649 6.433339 -11.66124 5.529888 6.346064 -11.73092 5.399457 6.411414 -11.65698 5.52765 5.419059 -11.7261 5.396874 5.353638 -11.61146 5.612344 5.331782 -11.63764 5.561443 5.184111 -11.14722 6.485588 5.331923 -11.12013 6.534952 5.184252 -6.309361 10.85565 6.264304 -6.307548 10.85216 5.671948 -6.575658 11.10596 6.345713 -6.573352 11.1017 5.420036 -6.490895 11.15155 6.43271 -6.251622 10.88672 6.323511 -5.614927 11.61732 6.43271 -5.529119 11.27087 6.323511 -5.530233 11.66186 6.345923 -5.471514 11.30117 6.264445 -5.527932 11.65754 5.419267 -5.469633 11.29768 5.671179 -6.307548 10.85216 5.671948 -6.247851 10.88351 5.61204 -6.573352 11.1017 5.420036 -6.486076 11.14757 5.332412 -5.527162 11.26675 5.61204 -5.612411 11.61208 5.332412 -5.469633 11.29768 5.671179 -5.527932 11.65754 5.419267 -10.85167 6.307264 5.671807 -10.85509 6.30908 6.264445 -11.10121 6.573075 5.419965 -11.1054 6.575307 6.345923 -10.88623 6.251197 6.32407 -11.15106 6.490405 6.43341 -11.27024 5.528909 6.323998 -11.61662 5.614649 6.433339 -11.30054 5.471165 6.264584 -11.66124 5.529888 6.346064 -11.29712 5.46935 5.670899 -11.65698 5.52765 5.419059 -11.29712 5.46935 5.670899 -11.26612 5.527022 5.611483 -11.65698 5.52765 5.419059 -11.61146 5.612344 5.331782 -10.88316 6.24736 5.611552 -11.14722 6.485588 5.331923 -10.85167 6.307264 5.671807 -11.10121 6.573075 5.419965 -8.262588 8.256654 6.851214 -6.280524 9.776157 6.847373 -8.385333 8.379397 6.814699 -6.502274 9.807507 6.811627 -9.808063 6.501715 6.811627 -9.776716 6.279547 6.847373 -7.323295 7.312194 7.12456 -5.483174 8.683746 7.123026 -6.105067 6.105067 7.849019 -4.508624 7.357784 7.846294 -8.683398 5.485831 7.122746 -7.352407 4.514345 7.846783 -5.818663 5.818663 8.096811 -4.381412 6.898784 8.098557 -4.333235 7.119068 8.015121 -7.114948 4.337072 8.025384 -6.896692 4.384062 8.108332 -2.709068 12.3903 6.721838 -4.7819 11.61893 6.64678 -2.557211 12.3047 6.746972 -2.414288 11.49534 6.890034 -4.609234 10.67705 6.87977 -4.88181 11.40982 6.684064 -2.18409 10.19012 7.117162 -4.122864 9.420911 7.135034 -1.887073 8.509612 7.822138 -3.57268 7.856022 7.858864 -2.075591 7.893867 8.115244 -1.883023 8.140541 8.018334 -3.474303 7.576252 8.030412 -3.265048 7.492258 8.115734 -9.171582 9.169557 6.407715 -9.649711 9.649711 6.411414 -11.03627 6.706082 6.411414 -11.47936 6.941654 6.411414 -11.52732 7.158027 6.411414 -6.706431 11.03683 6.411414 -6.941654 11.47936 6.411414 -7.158027 11.52732 6.411414 -8.509333 8.503332 6.622133 -10.00817 6.525457 6.619968 -6.526085 10.00761 6.620038 -9.950495 6.116795 6.686019 -10.08218 6.005361 6.694327 -6.006338 10.08197 6.694189 -6.117631 9.94987 6.686089 -6.706431 11.03683 6.411414 -5.268548 8.784357 6.991834 -5.87843 9.846257 6.735174 -9.846393 5.87759 6.735242 -8.783589 5.270782 6.991693 -12.27601 2.552112 6.742434 -11.49541 2.414288 6.880259 -12.36398 2.706485 6.71674 -11.40716 4.881256 6.674778 -10.67586 4.60993 6.870207 -11.6132 4.781409 6.638054 -10.19019 2.184159 7.107316 -9.418464 4.126984 7.125538 -8.509684 1.887073 7.812363 -7.853508 3.582243 7.84853 -8.140681 1.883023 8.008488 -7.49093 3.269098 8.105958 -7.575065 3.481282 8.019939 -7.893934 2.075591 8.105399 -9.776716 6.279547 6.847373 -9.808063 6.501715 6.811627 -9.950495 6.116795 6.686019 -10.00817 6.525457 6.619968 -9.808063 6.501715 6.811627 -8.385333 8.379397 6.814699 -10.00817 6.525457 6.619968 -8.509333 8.503332 6.622133 -6.502274 9.807507 6.811627 -6.526085 10.00761 6.620038 -6.502274 9.807507 6.811627 -6.280524 9.776157 6.847373 -6.526085 10.00761 6.620038 -6.117631 9.94987 6.686089 -6.280524 9.776157 6.847373 -5.483174 8.683746 7.123026 -6.117631 9.94987 6.686089 -5.268548 8.784357 6.991834 -4.508624 7.357784 7.846294 -4.294553 7.459093 7.71587 -4.333235 7.119068 8.015121 -4.072033 7.156354 7.932384 -4.333235 7.119068 8.015121 -4.381412 6.898784 8.098557 -4.072033 7.156354 7.932384 -4.157985 6.766756 8.08215 -4.381412 6.898784 8.098557 -5.818663 5.818663 8.096811 -4.157985 6.766756 8.08215 -5.648024 5.648024 8.081661 -6.896692 4.384062 8.108332 -6.76494 4.160358 8.08215 -6.896692 4.384062 8.108332 -7.114948 4.337072 8.025384 -6.76494 4.160358 8.08215 -7.153353 4.075874 7.932384 -7.114948 4.337072 8.025384 -7.352407 4.514345 7.846783 -7.153353 4.075874 7.932384 -7.453995 4.300419 7.716012 -8.683398 5.485831 7.122746 -8.783589 5.270782 6.991693 -9.776716 6.279547 6.847373 -9.950495 6.116795 6.686019 -2.18409 10.19012 7.117162 -1.887073 8.509612 7.822138 -1.94691 10.19075 6.985339 -1.648429 8.49963 7.702187 -1.883023 8.140541 8.018334 -1.64382 8.051105 7.942928 -2.176759 11.49423 6.757725 -2.414288 11.49534 6.890034 -2.337557 12.40531 6.595741 -2.557211 12.3047 6.746972 -1.883023 8.140541 8.018334 -2.075591 7.893867 8.115244 -1.64382 8.051105 7.942928 -1.925404 7.690687 8.084874 -2.075591 7.893867 8.115244 -3.265048 7.492258 8.115734 -1.925404 7.690687 8.084874 -3.274266 7.235039 8.085151 -3.265048 7.492258 8.115734 -3.474303 7.576252 8.030412 -3.274266 7.235039 8.085151 -3.644663 7.383968 7.934829 -3.474303 7.576252 8.030412 -3.57268 7.856022 7.858864 -3.644663 7.383968 7.934829 -3.769573 7.739422 7.71671 -4.122864 9.420911 7.135034 -4.318573 9.300751 6.992531 -4.609234 10.67705 6.87977 -4.804033 10.55459 6.735383 -4.88181 11.40982 6.684064 -5.109007 11.37434 6.517753 -4.88181 11.40982 6.684064 -4.7819 11.61893 6.64678 -5.109007 11.37434 6.517753 -4.929429 11.75172 6.455192 -4.7819 11.61893 6.64678 -2.709068 12.3903 6.721838 -4.929429 11.75172 6.455192 -2.67004 12.59187 6.534161 -2.709068 12.3903 6.721838 -2.557211 12.3047 6.746972 -2.67004 12.59187 6.534161 -2.337557 12.40531 6.595741 -8.509684 1.887073 7.812363 -10.19019 2.184159 7.107316 -8.49963 1.648429 7.702187 -10.19075 1.94691 6.985339 -11.49541 2.414288 6.880259 -11.49423 2.176759 6.757725 -12.27601 2.552112 6.742434 -12.37599 2.332387 6.601048 -8.051032 1.64382 7.942928 -8.140681 1.883023 8.008488 -12.27601 2.552112 6.742434 -12.36398 2.706485 6.71674 -12.37599 2.332387 6.601048 -12.56506 2.66578 6.538978 -12.36398 2.706485 6.71674 -11.6132 4.781409 6.638054 -12.56506 2.66578 6.538978 -11.74725 4.927823 6.456031 -11.6132 4.781409 6.638054 -11.40716 4.881256 6.674778 -11.74725 4.927823 6.456031 -11.37232 5.108519 6.518171 -11.40716 4.881256 6.674778 -10.67586 4.60993 6.870207 -11.37232 5.108519 6.518171 -10.55367 4.80487 6.735521 -9.418464 4.126984 7.125538 -9.298794 4.322829 6.99267 -7.853508 3.582243 7.84853 -7.73628 3.778928 7.7165 -7.575065 3.481282 8.019939 -7.381871 3.650529 7.934829 -7.575065 3.481282 8.019939 -7.49093 3.269098 8.105958 -7.381871 3.650529 7.934829 -7.233784 3.277757 8.085151 -7.49093 3.269098 8.105958 -7.893934 2.075591 8.105399 -7.233784 3.277757 8.085151 -7.690687 1.925404 8.084874 -7.893934 2.075591 8.105399 -8.140681 1.883023 8.008488 -7.690687 1.925404 8.084874 -8.051032 1.64382 7.942928 -5.827252 10.02974 6.71353 -5.656468 10.01871 6.890034 -5.063835 10.44134 6.733987 -5.149224 10.29276 6.905045 -9.835151 5.707161 6.911401 -8.900259 5.173381 7.136432 -9.846393 5.87759 6.735242 -8.783589 5.270782 6.991693 -7.453995 4.300419 7.716012 -10.08218 6.005361 6.694327 -9.950495 6.116795 6.686019 -10.03002 5.826134 6.713598 -10.44064 5.064812 6.734196 -10.29185 5.150553 6.905187 -10.03002 5.826134 6.713598 -10.01885 5.655699 6.890175 -5.149224 10.29276 6.905045 -4.966086 10.23481 6.930671 -5.063835 10.44134 6.733987 -4.880623 10.38331 6.75954 -5.707579 9.835225 6.91133 -5.656468 10.01871 6.890034 -5.87843 9.846257 6.735174 -5.827252 10.02974 6.71353 -10.01885 5.655699 6.890175 -9.835151 5.707161 6.911401 -10.03002 5.826134 6.713598 -9.846393 5.87759 6.735242 -10.23376 4.967691 6.930809 -10.29185 5.150553 6.905187 -10.38248 4.881884 6.75961 -10.44064 5.064812 6.734196 3.568137 6.720533 8.45918 3.568137 6.720533 9.161644 5.379208 5.379212 8.45918 5.379208 5.393037 9.161644 6.720532 3.581966 9.161644 6.720532 3.568141 8.45918 1.506758 7.411267 8.862533 1.201503 7.513555 9.161644 1.304699 7.478994 9.067384 1.201503 7.513555 9.068294 1.491328 7.416433 8.45918 7.411263 1.506761 8.862533 7.51355 1.21533 9.161644 7.478988 1.304701 9.067384 7.51355 1.201506 9.068294 7.416429 1.491401 8.45918 1.873246 3.528203 6.849049 1.379126 3.693817 6.849049 2.381399 4.485373 6.849049 1.408661 4.81129 6.849049 2.82406 2.824064 6.849049 3.590131 3.590133 6.849049 4.485367 2.381401 6.849049 3.528201 1.873248 6.849049 3.693814 1.379129 6.849049 4.81129 1.408663 6.849049 0.6307917 3.944542 11.83367 1.873246 3.528203 11.83367 0.6307917 3.944542 10.91016 1.873246 3.528203 10.91016 2.82406 2.824064 10.91016 2.82406 2.824064 11.83367 1.812711 3.414186 11.94706 0.6104027 3.817119 11.94706 2.732805 2.732809 11.94706 3.40507e-5 3.94552 11.83367 3.40507e-5 3.818027 11.94706 0.3802052 3.944752 11.12772 3.40507e-5 3.94552 11.12772 0.475231 3.944542 11.06271 3.528201 1.873248 11.83367 3.528201 1.873248 10.91016 3.944538 0.6307942 10.91016 3.944538 0.6307942 11.83367 3.414184 1.812716 11.94706 3.817117 0.6104075 11.94706 3.945516 -3.40507e-5 11.83367 3.818025 -3.40507e-5 11.94706 3.945516 -3.40507e-5 11.12772 3.944751 0.3802101 11.12772 3.944538 0.4752335 11.06271 0.4138594 2.588282 14.3278 1.229153 2.315073 14.3278 0.4596601 2.874475 13.5132 1.365093 2.571105 13.5132 2.05792 2.057924 13.5132 1.852998 1.853 14.3278 0.3806942 2.380635 14.51108 1.130566 2.129352 14.51108 3.40507e-5 -3.40507e-5 14.51694 1.704349 1.704354 14.51108 3.40507e-5 2.875173 13.5132 3.40507e-5 2.588909 14.3278 3.40507e-5 2.381192 14.51108 2.315072 1.229155 14.3278 2.571101 1.365095 13.5132 2.874471 0.459665 13.5132 2.588276 0.4138619 14.3278 2.129346 1.130568 14.51108 2.380631 0.3806965 14.51108 2.875169 -3.40507e-5 13.5132 2.381191 -3.40507e-5 14.51108 2.588907 -3.40507e-5 14.3278 2.875169 -3.40507e-5 13.5132 1.046222 7.704444 9.219664 1.201503 7.513555 9.161644 1.046222 7.704444 9.051398 1.201503 7.513555 9.068294 0.9276675 5.801351 10.60588 1.112692 6.958203 9.796451 0.7723162 5.918299 10.7199 0.9574108 7.125074 9.872626 0.8018503 5.014614 10.91016 0.6465013 5.097628 11.04987 0.475231 3.944542 11.06271 0.6307917 3.944542 10.91016 1.201503 7.513555 9.161644 1.046222 7.704444 9.219664 0.6104027 3.817119 12.13481 1.812711 3.414186 12.13481 0.6104027 3.817119 11.94706 1.812711 3.414186 11.94706 2.732805 2.732809 11.94706 2.732805 2.732809 12.13481 3.40507e-5 3.818027 12.13481 3.40507e-5 3.818027 11.94706 3.414184 1.812716 12.13481 3.414184 1.812716 11.94706 3.817117 0.6104075 11.94706 3.817117 0.6104075 12.13481 3.818025 -3.40507e-5 12.13481 3.818025 -3.40507e-5 11.94706 0.5512663 3.447281 13.00156 1.637114 3.083446 13.00156 0.4800493 3.001965 13.52507 1.425628 2.685122 13.52507 2.467975 2.467979 13.00156 2.149175 2.149181 13.52507 3.40507e-5 3.44812 13.00156 3.40507e-5 3.002663 13.52507 3.083444 1.637116 13.00156 3.447279 0.5512687 13.00156 2.685117 1.42563 13.52507 3.001963 0.4800516 13.52507 3.448116 -3.40507e-5 13.00156 3.002661 -3.40507e-5 13.52507 0.4596601 2.874475 13.5132 1.365093 2.571105 13.5132 0.4800493 3.001965 13.52507 1.425628 2.685122 13.52507 3.40507e-5 2.875173 13.5132 3.40507e-5 3.002663 13.52507 2.149175 2.149181 13.52507 2.05792 2.057924 13.5132 2.571101 1.365095 13.5132 2.685117 1.42563 13.52507 3.001963 0.4800516 13.52507 2.874471 0.459665 13.5132 2.875169 -3.40507e-5 13.5132 3.002661 -3.40507e-5 13.52507 0.8369711 7.704793 9.054538 3.40507e-5 7.706189 9.066896 0.8369711 7.704793 9.284667 3.40507e-5 7.706189 9.284667 1.046222 7.704444 9.219664 1.046222 7.704444 9.051398 0.7658928 7.125422 9.937558 3.40507e-5 7.126749 9.937558 0.6178743 5.918576 10.78483 3.40507e-5 5.919694 10.78483 3.40507e-5 5.098816 11.1148 0.5171937 5.097838 11.1148 0.8369711 7.704793 9.284667 3.40507e-5 7.706189 9.284667 0.7723162 5.918299 10.7199 0.9574108 7.125074 9.872626 0.6465013 5.097628 11.04987 0.475231 3.944542 11.06271 0.3802052 3.944752 11.12772 3.40507e-5 5.098816 11.1148 1.046222 7.704444 9.219664 3.40507e-5 3.94552 11.12772 3.40507e-5 5.098816 11.1148 1.116043 1.116046 2.726502 3.40507e-5 -3.40507e-5 2.450082 0.4947811 1.476599 2.726502 1.956959 1.956964 3.322629 0.8676216 2.589188 3.322629 3.40507e-5 2.734135 3.322629 3.40507e-5 1.559267 2.726502 3.40507e-5 -3.40507e-5 2.450082 2.614459 2.614465 4.269114 1.648913 3.295003 4.269114 0.6692617 3.6233 4.269114 3.40507e-5 3.652694 4.269114 1.873246 3.528203 5.660845 2.82406 2.824064 5.660845 1.873246 3.528203 6.849049 2.82406 2.824064 6.849049 0.7848857 3.834994 5.399299 0.6213644 3.885825 5.381705 3.40507e-5 3.890501 5.399508 0.784465 3.893085 5.660845 0.7761566 3.895878 6.134578 1.37738 3.694374 6.207609 1.379126 3.693817 6.849049 3.528201 1.873248 6.849049 3.528201 1.873248 5.660845 3.295 1.648917 4.269114 2.589184 0.8676264 3.322629 1.476597 0.4947834 2.726502 3.40507e-5 -3.40507e-5 2.450082 2.734133 -3.40507e-5 3.322629 1.559264 -3.40507e-5 2.726502 3.40507e-5 -3.40507e-5 2.450082 3.623295 0.6692665 4.269114 3.65269 -3.40507e-5 4.269114 3.834992 0.7848882 5.399299 3.885819 0.6213694 5.381705 3.890498 -3.40507e-5 5.399508 3.893083 0.7844699 5.660845 3.895874 0.7761614 6.134578 3.694372 1.377385 6.207609 3.693814 1.379129 6.849049 3.568137 6.720533 8.45918 3.690394 6.95206 8.158533 1.491328 7.416433 8.45918 1.494191 7.701023 8.158533 5.379208 5.379212 8.45918 5.55774 5.557746 8.158533 6.950937 3.692351 8.158533 6.720532 3.568141 8.45918 7.416429 1.491401 8.45918 7.701019 1.494193 8.158533 5.64802 5.648024 8.081661 4.157979 6.766756 8.08215 6.764935 4.160358 8.08215 3.274262 7.235039 8.085151 1.925402 7.690687 8.084874 7.690685 1.925404 8.084874 7.23378 3.277757 8.085151 3.644661 7.383968 7.934829 1.643815 8.051105 7.942928 1.502429 8.520576 7.716919 1.648424 8.49963 7.702187 1.502988 10.22329 6.992461 1.946907 10.19075 6.985339 2.176755 11.49423 6.757725 1.501522 11.34977 6.796893 1.380034 11.6153 6.749487 2.273389 12.89315 6.516496 1.399165 13.18779 6.466154 2.375884 13.47448 6.411414 5.399806 11.73155 6.411414 5.635032 12.17407 6.411414 5.553831 12.38025 6.411414 1.402796 13.49095 6.411557 2.670038 12.59187 6.534161 2.337551 12.40531 6.595741 5.109005 11.37434 6.517753 5.006718 10.62028 6.718136 4.803957 10.55459 6.735383 4.880621 10.38331 6.75954 4.318567 9.300751 6.992531 4.929426 11.75172 6.455192 5.399806 11.73155 6.411414 11.49422 2.176759 6.757725 10.22328 1.502991 6.992461 11.34977 1.501524 6.796893 11.61529 1.380038 6.749487 12.86215 2.267945 6.522082 13.18758 1.399168 6.466154 13.47447 2.375888 6.411414 11.73091 5.399457 6.411414 12.17406 5.635105 6.411414 12.38024 5.553835 6.411414 13.49095 1.402799 6.411557 10.19075 1.94691 6.985339 8.520571 1.502434 7.716919 8.499625 1.648429 7.702187 12.37599 2.332387 6.601048 11.74725 4.927823 6.456031 8.051099 1.64382 7.942928 12.56506 2.66578 6.538978 12.86215 2.267945 6.522082 10.61965 5.00756 6.718277 10.55367 4.80487 6.735521 11.37225 5.108519 6.518171 11.73091 5.399457 6.411414 10.38247 4.881884 6.75961 9.29879 4.322829 6.99267 4.471683 9.282596 7.135104 5.171215 8.901374 7.136362 4.966082 10.23481 6.930671 5.707576 9.835225 6.91133 4.294551 7.459093 7.71587 3.769569 7.739422 7.71671 4.072031 7.156354 7.932384 5.656467 10.01871 6.890034 5.149221 10.29276 6.905045 9.280915 4.476155 7.135034 10.23376 4.967691 6.930809 8.900256 5.173381 7.136432 9.835151 5.707161 6.911401 7.736279 3.778928 7.7165 7.453993 4.300419 7.716012 7.153347 4.075874 7.932384 7.381869 3.650529 7.934829 10.29185 5.150553 6.905187 10.01885 5.655699 6.890175 3.966604 9.499036 4.916768 4.817715 9.112792 4.8813 4.051504 7.619822 4.064261 5.467881 8.733736 4.91684 4.673533 7.427047 4.172694 6.086421 6.086421 4.064261 6.2431 6.2431 4.174648 3.373968 8.08622 4.172694 1.46319 8.499838 4.064469 3.95983 7.447433 4.085417 1.464657 8.306577 4.085417 1.771867 8.637875 4.172694 1.80182 10.21875 4.91272 1.491328 10.22377 4.91251 2.244762 12.73089 5.252954 1.505082 11.60957 5.099771 2.042632 10.1719 4.925009 2.438441 12.41516 5.221326 5.397152 11.72666 5.353638 5.635032 12.17407 5.353638 5.553831 12.38025 5.353638 2.375884 13.47448 5.353638 5.047494 11.58541 5.311116 1.398258 12.54377 5.225655 1.394906 11.8633 5.133771 1.193334 12.64306 5.238572 1.196617 13.49479 5.353638 5.561721 11.63819 5.184599 6.535436 11.12048 5.184599 6.764726 10.68089 5.312094 6.703773 11.03194 5.353638 9.146579 9.146584 5.351681 7.158025 11.52732 5.353638 6.941652 11.47936 5.353638 9.649706 9.649711 5.353638 8.973496 8.973571 5.315792 11.52732 7.158027 5.353638 11.03146 6.703567 5.353638 11.47935 6.941654 5.353638 10.68089 6.764732 5.312094 8.733734 5.467887 4.91684 9.119353 4.821555 4.885001 11.12013 6.534952 5.184252 7.619818 4.051507 4.064261 9.499034 3.966606 4.916768 7.427045 4.673537 4.172694 8.086218 3.37397 4.172694 8.499834 1.463193 4.064469 7.447431 3.959834 4.085417 8.306571 1.464659 4.085417 8.63787 1.77187 4.172694 10.21874 1.801822 4.91272 10.22377 1.491331 4.91251 12.73088 2.244833 5.252954 11.60957 1.505087 5.099771 10.17183 2.042634 4.925009 12.41515 2.438446 5.221326 11.7261 5.396874 5.353638 12.17406 5.635105 5.353638 12.38024 5.553835 5.353638 13.47447 2.375888 5.353638 11.58541 5.047497 5.311116 12.54376 1.39826 5.225655 11.86329 1.394909 5.133771 12.64305 1.193338 5.238572 13.49479 1.19662 5.353638 11.63763 5.561443 5.184111 5.948736 5.94874 4.085417 5.553831 12.38025 6.411414 5.553831 12.38025 5.353638 2.375884 13.47448 6.411414 2.375884 13.47448 5.353638 1.404891 13.49144 5.453757 1.402796 13.49095 6.411557 1.196617 13.49479 5.353638 6.703773 11.03194 5.353638 6.706427 11.03683 6.411414 6.941652 11.47936 5.353638 6.941652 11.47936 6.411414 5.399806 11.73155 6.411414 5.397152 11.72666 5.353638 5.635032 12.17407 6.411414 5.635032 12.17407 5.353638 5.635032 12.17407 5.353638 5.553831 12.38025 5.353638 5.635032 12.17407 6.411414 5.553831 12.38025 6.411414 6.941652 11.47936 6.411414 7.158025 11.52732 6.411414 6.941652 11.47936 5.353638 7.158025 11.52732 5.353638 5.070115 11.64414 5.075473 3.989296 9.557756 4.681125 2.461134 12.47388 4.985682 2.065253 10.23055 4.689363 1.794489 8.69652 3.936979 3.396658 8.14487 3.936979 4.673533 7.427047 4.172694 4.718779 7.470613 3.936979 6.2431 6.2431 4.174648 6.287365 6.28737 3.939003 7.470613 4.71878 3.936979 7.427045 4.673537 4.172694 6.809971 10.72446 5.07645 5.513195 8.777303 4.681194 6.764726 10.68089 5.312094 5.467881 8.733736 4.91684 6.764726 10.68089 5.312094 5.513195 8.777303 4.681194 4.718779 7.470613 3.936979 4.673533 7.427047 4.172694 5.467881 8.733736 4.91684 2.461134 12.47388 4.985682 2.065253 10.23055 4.689363 2.438441 12.41516 5.221326 2.042632 10.1719 4.925009 1.794489 8.69652 3.936979 1.771867 8.637875 4.172694 1.794489 8.69652 3.936979 3.396658 8.14487 3.936979 1.771867 8.637875 4.172694 3.373968 8.08622 4.172694 3.396658 8.14487 3.936979 3.989296 9.557756 4.681125 3.373968 8.08622 4.172694 3.966604 9.499036 4.916768 5.070115 11.64414 5.075473 5.047494 11.58541 5.311116 5.070115 11.64414 5.075473 2.461134 12.47388 4.985682 5.047494 11.58541 5.311116 2.438441 12.41516 5.221326 8.499625 12.15975 6.007924 8.353979 12.27384 6.007924 8.499625 12.15975 6.206493 8.353979 12.27384 6.206493 7.17185 10.36886 6.206493 7.17185 10.36886 6.007924 8.499625 12.15975 6.206493 8.499625 12.15975 6.007924 7.026205 10.48295 6.206493 7.17185 10.36886 6.206493 8.353979 12.27384 6.206493 8.499625 12.15975 6.206493 7.026205 10.48295 6.007924 7.026205 10.48295 6.206493 8.353979 12.27384 6.007924 8.353979 12.27384 6.206493 7.17185 10.36886 6.007924 7.026205 10.48295 6.007924 8.499625 12.15975 6.007924 8.353979 12.27384 6.007924 5.893438 13.96901 6.007924 5.730198 14.05608 6.007924 5.893438 13.96901 6.206493 5.730198 14.05608 6.206493 4.896819 11.97473 6.206493 4.896819 11.97473 6.007924 5.893438 13.96901 6.206493 5.893438 13.96901 6.007924 4.733581 12.0618 6.206493 4.896819 11.97473 6.206493 5.730198 14.05608 6.206493 5.893438 13.96901 6.206493 4.733581 12.0618 6.007924 4.733581 12.0618 6.206493 5.730198 14.05608 6.007924 5.730198 14.05608 6.206493 4.896819 11.97473 6.007924 4.733581 12.0618 6.007924 5.893438 13.96901 6.007924 5.730198 14.05608 6.007924 9.649706 9.649711 6.411414 9.649706 9.649711 5.353638 7.158025 11.52732 6.411414 7.158025 11.52732 5.353638 11.52732 7.158027 6.411414 11.52732 7.158027 5.353638 3.561714 3.561718 6.57291 2.370926 4.459052 6.57291 5.948736 5.94874 4.085417 3.95983 7.447433 4.085417 1.464657 8.306577 4.085417 1.386807 4.79789 6.57291 4.459046 2.370928 6.57291 7.447431 3.959834 4.085417 8.306571 1.464659 4.085417 4.797886 1.38681 6.57291 7.363296 7.363298 4.677357 6.287365 6.28737 3.939003 5.513195 8.777303 4.681194 4.718779 7.470613 3.936979 6.809971 10.72446 5.07645 9.017833 9.017837 5.080149 8.777301 5.513196 4.681194 7.470613 4.71878 3.936979 10.72445 6.810042 5.07645 9.017833 9.017837 5.080149 6.809971 10.72446 5.07645 8.973496 8.973571 5.315792 6.764726 10.68089 5.312094 10.72445 6.810042 5.07645 10.68089 6.764732 5.312094 2.381399 4.485373 6.849049 2.370926 4.459052 6.57291 3.590131 3.590133 6.849049 3.561714 3.561718 6.57291 1.408661 4.81129 6.849049 1.386807 4.79789 6.57291 4.459046 2.370928 6.57291 4.485367 2.381401 6.849049 4.81129 1.408663 6.849049 4.797886 1.38681 6.57291 0.3984978 11.21627 8.7157 1.244792 11.21788 8.74677 1.273837 13.1533 8.61865 1.363767 11.26528 8.613552 1.39372 13.18961 8.454083 1.380034 11.6153 6.749487 1.399165 13.18779 6.466154 1.402796 13.49095 6.411557 1.402726 13.57879 6.411557 1.404749 13.73302 5.454386 1.404891 13.49144 5.453757 3.40507e-5 13.1533 8.621303 3.40507e-5 11.22437 8.715631 0.1639711 9.35011 8.827831 3.40507e-5 9.35011 8.827831 3.40507e-5 8.794621 2.704439 3.40507e-5 11.94129 2.895816 1.499987 8.794621 2.704439 1.501103 11.94129 2.895816 3.40507e-5 16.84534 9.397567 3.40507e-5 14.40951 9.535811 0.78321 16.84534 9.397567 0.7812544 14.40951 9.535811 2.015819 17.08796 6.302145 2.014004 14.61457 6.302145 2.016028 17.08796 4.409665 2.013795 14.621 4.409665 1.372423 17.52155 8.578504 0.9183111 16.8276 8.608736 1.313146 13.41212 8.764925 0.9160076 14.00154 8.738951 3.40507e-5 17.52155 8.577037 3.40507e-5 16.8276 8.608736 1.508363 17.52155 8.349633 3.40507e-5 14.00154 8.738951 3.40507e-5 13.41212 8.764925 1.505292 13.44354 8.541569 1.508363 17.52155 8.349633 1.505921 14.39659 6.708222 1.507736 17.08796 6.708222 1.508363 17.52155 3.233748 1.507945 17.08796 4.409665 1.505292 14.41677 2.985747 1.50571 14.39736 4.409665 1.505292 13.82169 6.610753 0.9183111 16.8276 8.608736 0.78321 16.84534 9.397567 0.9160076 14.00154 8.738951 0.7812544 14.40951 9.535811 3.40507e-5 16.84534 9.397567 0.78321 16.84534 9.397567 3.40507e-5 16.8276 8.608736 0.9183111 16.8276 8.608736 1.500055 9.126546 8.773162 1.307909 9.103855 8.99931 1.506758 7.411267 8.862533 1.304699 7.478994 9.067384 1.201503 7.513555 9.068294 1.309305 10.9689 8.884387 1.501451 11.01428 8.658168 0.387677 9.103855 8.99931 0.622133 10.9689 8.884387 0.8369711 7.704793 9.054538 1.046222 7.704444 9.051398 1.502988 10.22329 6.992461 1.501522 11.34977 6.796893 1.491328 7.416433 8.45918 1.494191 7.701023 8.158533 1.502429 8.520576 7.716919 3.40507e-5 7.706189 9.066896 3.40507e-5 9.103855 8.99931 1.507945 17.08796 4.409665 2.016028 17.08796 4.409665 1.50571 14.39736 4.409665 2.013795 14.621 4.409665 1.507736 17.08796 6.708222 2.015819 17.08796 6.302145 1.507945 17.08796 4.409665 2.016028 17.08796 4.409665 1.505921 14.39659 6.708222 2.014004 14.61457 6.302145 1.507736 17.08796 6.708222 2.015819 17.08796 6.302145 1.50571 14.39736 4.409665 2.013795 14.621 4.409665 1.505921 14.39659 6.708222 2.014004 14.61457 6.302145 3.40507e-5 4.916095 5.039933 3.40507e-5 6.445997 3.880704 0.8051337 4.916095 5.039933 0.8490493 6.44607 3.880704 3.40507e-5 7.14085 3.359912 0.8930355 7.14085 3.359912 0.6213644 3.885825 5.381705 0.7848857 3.834994 5.399299 3.40507e-5 3.890501 5.399508 0.8051337 5.152785 5.75259 0.8490493 7.193216 4.27477 1.38932 5.133168 5.774374 1.444689 7.218423 4.22457 0.8930355 8.312303 3.225577 1.499987 8.794621 2.704439 3.40507e-5 8.794621 2.704439 3.40507e-5 8.312303 3.225577 1.37738 3.694374 6.207609 0.7761566 3.895878 6.134578 0.8051337 4.916095 5.039933 0.8490493 6.44607 3.880704 0.8051337 5.152785 5.75259 0.8490493 7.193216 4.27477 0.8930355 7.14085 3.359912 0.8930355 8.312303 3.225577 0.784465 3.893085 5.660845 0.7848857 3.834994 5.399299 0.7761566 3.895878 6.134578 0.6628383 16.64056 10.4684 0.6628383 16.78397 10.4684 0.5294106 16.64056 10.4684 0.5294106 16.78397 10.4684 0.5294106 16.78397 10.4684 0.573049 16.78138 9.071295 0.5294106 16.64056 10.4684 0.573049 16.63797 9.071295 0.5294106 16.64056 10.4684 0.573049 16.63797 9.071295 0.6628383 16.64056 10.4684 0.7064766 16.63797 9.071295 0.6628383 16.64056 10.4684 0.7064766 16.63797 9.071295 0.6628383 16.78397 10.4684 0.7064766 16.78138 9.071295 0.6628383 16.78397 10.4684 0.7064766 16.78138 9.071295 0.5294106 16.78397 10.4684 0.573049 16.78138 9.071295 1.029744 17.52155 3.75 1.029744 17.52155 7.860189 1.508363 17.52155 8.349633 1.508363 17.52155 3.233748 3.40507e-5 17.52155 3.233748 1.372423 17.52155 8.578504 0.8375987 17.52155 8.08194 3.40507e-5 17.52155 8.577037 -1.508368 17.52155 3.233748 -1.508368 17.52155 8.349633 -1.029749 17.52155 7.860189 3.40507e-5 17.52155 3.233748 3.40507e-5 17.52155 3.75 -1.372428 17.52155 8.578504 3.40507e-5 17.52155 8.577037 -0.8376034 17.52155 8.08194 3.40507e-5 17.52155 8.08194 -1.029749 17.52155 3.75 1.505292 14.41677 2.985747 3.40507e-5 14.41677 2.985747 1.508363 17.52155 3.233748 3.40507e-5 17.52155 3.233748 0.9160076 14.00154 8.738951 0.7812544 14.40951 9.535811 3.40507e-5 14.00154 8.738951 3.40507e-5 14.40951 9.535811 0.8930355 7.14085 3.359912 3.40507e-5 7.14085 3.359912 0.8930355 8.312303 3.225577 3.40507e-5 8.312303 3.225577 3.40507e-5 11.94129 2.895816 3.40507e-5 12.19208 3.016535 1.501103 11.94129 2.895816 1.407194 12.19208 3.016535 0.387677 9.103855 8.99931 0.1639711 9.35011 8.827831 3.40507e-5 9.103855 8.99931 3.40507e-5 9.35011 8.827831 0.622133 10.9689 8.884387 0.3984978 11.21627 8.7157 0.387677 9.103855 8.99931 0.1639711 9.35011 8.827831 1.309305 10.9689 8.884387 1.244792 11.21788 8.74677 0.622133 10.9689 8.884387 0.3984978 11.21627 8.7157 1.363767 11.26528 8.613552 1.501451 11.01428 8.658168 1.501522 11.34977 6.796893 1.380034 11.6153 6.749487 1.505292 13.44354 8.541569 1.39372 13.18961 8.454083 1.505292 13.82169 6.610753 1.402726 13.57879 6.411557 1.273837 13.1533 8.61865 1.313146 13.41212 8.764925 3.40507e-5 13.1533 8.621303 3.40507e-5 13.41212 8.764925 1.404749 13.73302 5.454386 1.505292 14.41677 2.985747 1.415852 14.16151 3.07295 1.505292 14.41677 2.985747 1.415852 14.16151 3.07295 3.40507e-5 14.41677 2.985747 3.40507e-5 14.16346 3.070576 3.40507e-5 12.19208 3.016535 3.40507e-5 12.92156 3.042789 1.407194 12.19208 3.016535 1.411523 12.92156 3.042789 1.404749 13.73302 5.454386 1.197733 13.7532 5.344489 1.415852 14.16151 3.07295 1.274187 14.12765 3.262512 3.40507e-5 14.16346 3.070576 3.40507e-5 14.12744 3.262374 1.411523 12.92156 3.042789 1.255474 12.98922 3.22118 1.398258 12.54377 5.225655 1.193334 12.64306 5.238572 3.40507e-5 12.98971 3.218597 3.40507e-5 12.92156 3.042789 1.407194 12.19208 3.016535 1.394906 11.8633 5.133771 1.501103 11.94129 2.895816 1.505082 11.60957 5.099771 1.398258 12.54377 5.225655 1.411523 12.92156 3.042789 1.491328 10.22377 4.91251 1.46319 8.499838 4.064469 1.499987 8.794621 2.704439 1.464657 8.306577 4.085417 1.444689 7.218423 4.22457 1.386807 4.79789 6.57291 1.38932 5.133168 5.774374 1.37738 3.694374 6.207609 1.379126 3.693817 6.849049 1.408661 4.81129 6.849049 1.193334 12.64306 5.238572 1.255474 12.98922 3.22118 1.196617 13.49479 5.353638 1.258757 13.84096 3.336174 1.274187 14.12765 3.262512 1.197733 13.7532 5.344489 1.255474 12.98922 3.22118 3.40507e-5 12.98971 3.218597 1.258757 13.84096 3.336174 3.40507e-5 13.84145 3.333591 3.40507e-5 14.12744 3.262374 1.274187 14.12765 3.262512 1.197733 13.7532 5.344489 1.404749 13.73302 5.454386 1.196617 13.49479 5.353638 1.404891 13.49144 5.453757 7.51355 1.201506 9.068294 7.51355 1.21533 9.161644 7.70444 1.046227 9.051398 7.70444 1.046227 9.219664 5.801344 0.9414947 10.60588 5.918295 0.7723211 10.7199 6.958199 1.126519 9.796451 7.125071 0.9574157 9.872626 5.014608 0.8156797 10.91016 5.097624 0.6465037 11.04987 3.944538 0.4752335 11.06271 3.944538 0.6307942 10.91016 7.51355 1.21533 9.161644 7.70444 1.046227 9.219664 7.706185 -3.40507e-5 9.284667 7.706256 -3.40507e-5 9.066896 7.704789 0.8369736 9.284667 7.704789 0.8369736 9.054538 7.70444 1.046227 9.219664 7.70444 1.046227 9.051398 7.126746 -3.40507e-5 9.937558 7.12542 0.765968 9.937558 5.91969 -3.40507e-5 10.78483 5.918572 0.6178768 10.78483 5.097832 0.5171962 11.1148 5.09881 -3.40507e-5 11.1148 3.945516 -3.40507e-5 11.12772 3.944751 0.3802101 11.12772 7.706185 -3.40507e-5 9.284667 7.704789 0.8369736 9.284667 5.918295 0.7723211 10.7199 7.125071 0.9574157 9.872626 3.944538 0.4752335 11.06271 5.097624 0.6465037 11.04987 7.70444 1.046227 9.219664 13.47447 2.375888 5.353638 12.38024 5.553835 5.353638 13.47447 2.375888 6.411414 12.38024 5.553835 6.411414 13.49144 1.404893 5.453757 13.49095 1.402799 6.411557 13.49479 1.19662 5.353638 11.47935 6.941654 6.411414 11.03627 6.706082 6.411414 11.47935 6.941654 5.353638 11.03146 6.703567 5.353638 12.17406 5.635105 5.353638 11.7261 5.396874 5.353638 12.17406 5.635105 6.411414 11.73091 5.399457 6.411414 12.38024 5.553835 6.411414 12.38024 5.553835 5.353638 12.17406 5.635105 6.411414 12.17406 5.635105 5.353638 11.52732 7.158027 5.353638 11.52732 7.158027 6.411414 11.47935 6.941654 5.353638 11.47935 6.941654 6.411414 10.23054 2.065254 4.689363 9.557753 3.989298 4.681125 12.47387 2.461138 4.985682 11.64413 5.070115 5.075473 8.696518 1.794491 3.936979 8.144867 3.396662 3.936979 8.733734 5.467887 4.91684 8.777301 5.513196 4.681194 10.68089 6.764732 5.312094 7.470613 4.71878 3.936979 7.427045 4.673537 4.172694 10.72445 6.810042 5.07645 10.68089 6.764732 5.312094 8.777301 5.513196 4.681194 10.17183 2.042634 4.925009 10.23054 2.065254 4.689363 12.41515 2.438446 5.221326 12.47387 2.461138 4.985682 8.696518 1.794491 3.936979 8.63787 1.77187 4.172694 8.086218 3.37397 4.172694 8.144867 3.396662 3.936979 8.63787 1.77187 4.172694 8.696518 1.794491 3.936979 9.499034 3.966606 4.916768 9.557753 3.989298 4.681125 8.086218 3.37397 4.172694 8.144867 3.396662 3.936979 11.64413 5.070115 5.075473 11.58541 5.047497 5.311116 12.41515 2.438446 5.221326 12.47387 2.461138 4.985682 11.58541 5.047497 5.311116 11.64413 5.070115 5.075473 12.27384 8.353985 6.206493 12.27384 8.353985 6.007924 12.15975 8.49963 6.206493 12.15975 8.49963 6.007924 12.15975 8.49963 6.007924 10.36886 7.171852 6.007924 12.15975 8.49963 6.206493 10.36886 7.171852 6.206493 12.15975 8.49963 6.206493 10.36886 7.171852 6.206493 12.27384 8.353985 6.206493 10.48295 7.026207 6.206493 12.27384 8.353985 6.206493 10.48295 7.026207 6.206493 12.27384 8.353985 6.007924 10.48295 7.026207 6.007924 12.27384 8.353985 6.007924 10.48295 7.026207 6.007924 12.15975 8.49963 6.007924 10.36886 7.171852 6.007924 14.05608 5.730198 6.206493 14.05608 5.730198 6.007924 13.96901 5.893442 6.206493 13.96901 5.893442 6.007924 13.96901 5.893442 6.007924 11.97473 4.896822 6.007924 13.96901 5.893442 6.206493 11.97473 4.896822 6.206493 13.96901 5.893442 6.206493 11.97473 4.896822 6.206493 14.05608 5.730198 6.206493 12.0618 4.733582 6.206493 14.05608 5.730198 6.206493 12.0618 4.733582 6.206493 14.05608 5.730198 6.007924 12.0618 4.733582 6.007924 14.05608 5.730198 6.007924 12.0618 4.733582 6.007924 13.96901 5.893442 6.007924 11.97473 4.896822 6.007924 11.21627 0.3985027 8.7157 13.1533 -3.40507e-5 8.621303 13.1533 1.273842 8.61865 11.22437 -3.40507e-5 8.715631 9.35011 0.163976 8.827831 9.35011 -3.40507e-5 8.827831 11.21787 1.244796 8.74677 11.26528 1.36377 8.613552 13.1896 1.393722 8.454083 11.61529 1.380038 6.749487 13.18758 1.399168 6.466154 13.49095 1.402799 6.411557 13.57878 1.402728 6.411557 13.73301 1.404754 5.454386 13.49144 1.404893 5.453757 17.52154 1.508368 3.233748 17.52154 1.508368 8.349633 17.52154 1.029749 3.75 17.52154 1.029749 7.860189 17.52154 0.8376034 8.08194 17.52154 1.372428 8.585137 17.52154 -3.40507e-5 8.583741 17.52154 -3.40507e-5 3.233748 17.52154 1.508368 3.233748 17.52154 -3.40507e-5 3.75 17.52154 -1.029744 7.860189 17.52154 -1.508363 8.349633 17.52154 -1.029744 3.75 17.52154 -1.508363 3.233748 17.52154 -1.372423 8.585137 17.52154 -3.40507e-5 8.583741 17.52154 -3.40507e-5 8.08194 17.52154 -1.508363 3.233748 17.52154 -3.40507e-5 3.233748 17.52154 -0.8375987 8.08194 11.94128 1.501176 2.895816 11.94128 -3.40507e-5 2.895816 8.794617 1.499989 2.704439 8.794617 -3.40507e-5 2.704439 14.40951 0.7812568 9.535811 14.40951 -3.40507e-5 9.535811 16.84533 0.7832124 9.397567 16.84533 -3.40507e-5 9.397567 14.62099 2.013797 4.409665 14.61457 2.014007 6.302145 17.08796 2.016032 4.409665 17.08796 2.015823 6.302145 14.00154 0.91601 8.738951 16.8276 0.9183158 8.615369 13.41212 1.313151 8.764925 17.52154 1.372428 8.585137 17.52154 -3.40507e-5 8.583741 16.8276 -3.40507e-5 8.615369 17.52154 1.508368 8.349633 13.44354 1.505297 8.541569 14.39659 1.505924 6.708222 17.08796 1.507738 6.708222 17.52154 1.508368 3.233748 17.08796 1.50795 4.409665 14.41677 1.505297 2.985747 14.39736 1.505715 4.409665 13.82169 1.505297 6.610753 14.00154 -3.40507e-5 8.738951 13.41212 -3.40507e-5 8.764925 14.40951 0.7812568 9.535811 16.84533 0.7832124 9.397567 14.00154 0.91601 8.738951 16.8276 0.9183158 8.615369 16.8276 0.9183158 8.615369 16.84533 0.7832124 9.397567 16.8276 -3.40507e-5 8.615369 16.84533 -3.40507e-5 9.397567 7.478988 1.304701 9.067384 9.103853 1.307914 8.99931 7.411263 1.506761 8.862533 9.126543 1.50006 8.773162 7.51355 1.201506 9.068294 10.96889 1.30931 8.884387 11.01428 1.501456 8.658168 9.103853 0.3876793 8.99931 10.96889 0.622206 8.884387 7.704789 0.8369736 9.054538 7.70444 1.046227 9.051398 10.22328 1.502991 6.992461 11.34977 1.501524 6.796893 7.416429 1.491401 8.45918 7.701019 1.494193 8.158533 8.520571 1.502434 7.716919 7.706256 -3.40507e-5 9.066896 9.103853 -3.40507e-5 8.99931 14.62099 2.013797 4.409665 17.08796 2.016032 4.409665 14.39736 1.505715 4.409665 17.08796 1.50795 4.409665 17.08796 2.016032 4.409665 17.08796 2.015823 6.302145 17.08796 1.50795 4.409665 17.08796 1.507738 6.708222 17.08796 2.015823 6.302145 14.61457 2.014007 6.302145 17.08796 1.507738 6.708222 14.39659 1.505924 6.708222 14.61457 2.014007 6.302145 14.62099 2.013797 4.409665 14.39659 1.505924 6.708222 14.39736 1.505715 4.409665 4.916089 -3.40507e-5 5.039933 4.916089 0.8051362 5.039933 6.445994 -3.40507e-5 3.880704 6.446066 0.8490543 3.880704 7.140848 -3.40507e-5 3.359912 7.140848 0.8930405 3.359912 3.885819 0.6213694 5.381705 3.834992 0.7848882 5.399299 3.890498 -3.40507e-5 5.399508 7.218421 1.444691 4.22457 7.193213 0.8490543 4.27477 5.133163 1.389325 5.774374 5.152781 0.8051362 5.75259 8.312296 0.8930405 3.225577 8.794617 1.499989 2.704439 8.794617 -3.40507e-5 2.704439 8.312296 -3.40507e-5 3.225577 7.140848 -3.40507e-5 3.359912 7.140848 0.8930405 3.359912 3.694372 1.377385 6.207609 3.895874 0.7761614 6.134578 7.193213 0.8490543 4.27477 6.446066 0.8490543 3.880704 5.152781 0.8051362 5.75259 4.916089 0.8051362 5.039933 7.140848 0.8930405 3.359912 8.312296 0.8930405 3.225577 3.893083 0.7844699 5.660845 3.834992 0.7848882 5.399299 3.895874 0.7761614 6.134578 16.78396 0.5294156 10.78706 16.78396 0.6628431 10.78706 16.64055 0.5294156 10.78706 16.64055 0.6628431 10.78706 16.63797 0.5730538 9.389957 16.78138 0.5730538 9.389957 16.64055 0.5294156 10.78706 16.78396 0.5294156 10.78706 16.63797 0.706479 9.389957 16.63797 0.5730538 9.389957 16.64055 0.6628431 10.78706 16.64055 0.5294156 10.78706 16.78138 0.706479 9.389957 16.63797 0.706479 9.389957 16.78396 0.6628431 10.78706 16.64055 0.6628431 10.78706 16.78138 0.5730538 9.389957 16.78138 0.706479 9.389957 16.78396 0.5294156 10.78706 16.78396 0.6628431 10.78706 17.52154 -3.40507e-5 3.233748 14.41677 -3.40507e-5 2.985747 17.52154 1.508368 3.233748 14.41677 1.505297 2.985747 14.40951 -3.40507e-5 9.535811 14.40951 0.7812568 9.535811 14.00154 -3.40507e-5 8.738951 14.00154 0.91601 8.738951 12.19208 1.407199 3.016535 12.19208 -3.40507e-5 3.016535 11.94128 1.501176 2.895816 11.94128 -3.40507e-5 2.895816 9.35011 -3.40507e-5 8.827831 9.35011 0.163976 8.827831 9.103853 -3.40507e-5 8.99931 9.103853 0.3876793 8.99931 9.35011 0.163976 8.827831 11.21627 0.3985027 8.7157 9.103853 0.3876793 8.99931 10.96889 0.622206 8.884387 11.21627 0.3985027 8.7157 11.21787 1.244796 8.74677 10.96889 0.622206 8.884387 10.96889 1.30931 8.884387 11.26528 1.36377 8.613552 11.01428 1.501456 8.658168 11.34977 1.501524 6.796893 11.61529 1.380038 6.749487 13.57878 1.402728 6.411557 13.1896 1.393722 8.454083 13.82169 1.505297 6.610753 13.44354 1.505297 8.541569 13.1533 1.273842 8.61865 13.41212 1.313151 8.764925 13.1533 -3.40507e-5 8.621303 13.41212 -3.40507e-5 8.764925 13.73301 1.404754 5.454386 14.41677 1.505297 2.985747 14.16151 1.415855 3.07295 14.16346 -3.40507e-5 3.070576 14.16151 1.415855 3.07295 14.41677 -3.40507e-5 2.985747 14.41677 1.505297 2.985747 12.92156 1.411526 3.042789 12.92156 -3.40507e-5 3.042789 12.19208 1.407199 3.016535 12.19208 -3.40507e-5 3.016535 14.12764 1.274189 3.262512 13.7532 1.197736 5.344489 14.16151 1.415855 3.07295 13.73301 1.404754 5.454386 14.16346 -3.40507e-5 3.070576 14.12743 -3.40507e-5 3.262374 12.64305 1.193338 5.238572 12.98922 1.255479 3.22118 12.54376 1.39826 5.225655 12.92156 1.411526 3.042789 12.98971 -3.40507e-5 3.218597 12.92156 -3.40507e-5 3.042789 11.60957 1.505087 5.099771 11.86329 1.394909 5.133771 11.94128 1.501176 2.895816 12.19208 1.407199 3.016535 12.54376 1.39826 5.225655 12.92156 1.411526 3.042789 10.22377 1.491331 4.91251 8.499834 1.463193 4.064469 8.794617 1.499989 2.704439 8.306571 1.464659 4.085417 7.218421 1.444691 4.22457 4.797886 1.38681 6.57291 5.133163 1.389325 5.774374 3.694372 1.377385 6.207609 3.693814 1.379129 6.849049 4.81129 1.408663 6.849049 13.84089 1.258759 3.336174 12.98922 1.255479 3.22118 13.49479 1.19662 5.353638 12.64305 1.193338 5.238572 14.12764 1.274189 3.262512 13.7532 1.197736 5.344489 13.84145 -3.40507e-5 3.333591 12.98971 -3.40507e-5 3.218597 13.84089 1.258759 3.336174 12.98922 1.255479 3.22118 14.12743 -3.40507e-5 3.262374 14.12764 1.274189 3.262512 13.49144 1.404893 5.453757 13.73301 1.404754 5.454386 13.49479 1.19662 5.353638 13.7532 1.197736 5.344489 5.827248 10.02974 6.71353 6.006337 10.08197 6.694189 5.063831 10.44134 6.733987 6.54151 11.12551 6.580591 5.564791 11.64483 6.580591 5.006718 10.62028 6.718136 4.880621 10.38331 6.75954 4.803957 10.55459 6.735383 4.318567 9.300751 6.992531 4.471683 9.282596 7.135104 4.966082 10.23481 6.930671 3.769569 7.739422 7.71671 5.878426 9.846257 6.735174 6.006337 10.08197 6.694189 6.11763 9.94987 6.686089 5.707576 9.835225 6.91133 5.268544 8.784357 6.991834 5.171215 8.901374 7.136362 4.294551 7.459093 7.71587 10.44063 5.064812 6.734196 10.61965 5.00756 6.718277 10.03002 5.826134 6.713598 11.6442 5.564448 6.581219 11.12487 6.541232 6.581289 10.08217 6.005361 6.694327 10.38247 4.881884 6.75961 10.55367 4.80487 6.735521 10.23376 4.967691 6.930809 9.29879 4.322829 6.99267 9.280915 4.476155 7.135034 7.736279 3.778928 7.7165 5.397152 11.72666 5.353638 5.561721 11.63819 5.184599 3.966604 9.499036 4.916768 5.467881 8.733736 4.91684 6.535436 11.12048 5.184599 6.703773 11.03194 5.353638 11.03146 6.703567 5.353638 11.12013 6.534952 5.184252 8.733734 5.467887 4.91684 10.85509 6.30908 6.264445 10.88622 6.251197 6.32407 10.85167 6.307264 5.671807 11.26612 5.527022 5.611483 11.29712 5.46935 5.670899 11.30054 5.471165 6.264584 11.27024 5.528909 6.323998 10.88315 6.24736 5.611552 9.499034 3.966606 4.916768 11.63763 5.561443 5.184111 11.7261 5.396874 5.353638 6.54151 11.12551 6.580591 6.006337 10.08197 6.694189 6.706427 11.03683 6.411414 5.527159 11.26675 5.61204 5.469627 11.29768 5.671179 6.247848 10.88351 5.61204 5.529115 11.27087 6.323511 5.471512 11.30117 6.264445 6.307542 10.85216 5.671948 6.309357 10.85565 6.264304 6.251616 10.88672 6.323511 5.564791 11.64483 6.580591 5.399806 11.73155 6.411414 5.006718 10.62028 6.718136 11.6442 5.564448 6.581219 10.61965 5.00756 6.718277 11.73091 5.399457 6.411414 11.12487 6.541232 6.581289 11.03627 6.706082 6.411414 10.08217 6.005361 6.694327 6.703773 11.03194 5.353638 6.57335 11.1017 5.420036 6.706427 11.03683 6.411414 6.575652 11.10596 6.345713 6.486072 11.14757 5.332412 6.535436 11.12048 5.184599 5.612409 11.61208 5.332412 5.561721 11.63819 5.184599 5.527928 11.65754 5.419267 5.397152 11.72666 5.353638 5.530231 11.66186 6.345923 5.399806 11.73155 6.411414 5.614925 11.61732 6.43271 5.564791 11.64483 6.580591 6.54151 11.12551 6.580591 6.490891 11.15155 6.43271 11.03627 6.706082 6.411414 11.10539 6.575307 6.345923 11.03146 6.703567 5.353638 11.1012 6.573075 5.419965 11.15106 6.490405 6.43341 11.12487 6.541232 6.581289 11.6442 5.564448 6.581219 11.61662 5.614649 6.433339 11.66123 5.529888 6.346064 11.73091 5.399457 6.411414 11.65698 5.52765 5.419059 11.7261 5.396874 5.353638 11.61145 5.612344 5.331782 11.63763 5.561443 5.184111 11.14721 6.485588 5.331923 11.12013 6.534952 5.184252 6.57335 11.1017 5.420036 6.307542 10.85216 5.671948 6.575652 11.10596 6.345713 6.309357 10.85565 6.264304 6.490891 11.15155 6.43271 6.251616 10.88672 6.323511 5.614925 11.61732 6.43271 5.529115 11.27087 6.323511 5.530231 11.66186 6.345923 5.471512 11.30117 6.264445 5.527928 11.65754 5.419267 5.469627 11.29768 5.671179 6.486072 11.14757 5.332412 6.247848 10.88351 5.61204 6.57335 11.1017 5.420036 6.307542 10.85216 5.671948 5.527159 11.26675 5.61204 5.612409 11.61208 5.332412 5.469627 11.29768 5.671179 5.527928 11.65754 5.419267 11.10539 6.575307 6.345923 10.85509 6.30908 6.264445 11.1012 6.573075 5.419965 10.85167 6.307264 5.671807 10.88622 6.251197 6.32407 11.15106 6.490405 6.43341 11.27024 5.528909 6.323998 11.61662 5.614649 6.433339 11.30054 5.471165 6.264584 11.66123 5.529888 6.346064 11.29712 5.46935 5.670899 11.65698 5.52765 5.419059 11.61145 5.612344 5.331782 11.26612 5.527022 5.611483 11.65698 5.52765 5.419059 11.29712 5.46935 5.670899 10.88315 6.24736 5.611552 11.14721 6.485588 5.331923 10.85167 6.307264 5.671807 11.1012 6.573075 5.419965 6.502272 9.807507 6.811627 6.280521 9.776157 6.847373 8.385328 8.379397 6.814699 8.262585 8.256654 6.851214 9.80806 6.501715 6.811627 9.776712 6.279547 6.847373 7.323289 7.312194 7.12456 5.483172 8.683746 7.123026 6.105063 6.105067 7.849019 4.50862 7.357784 7.846294 8.683392 5.485831 7.122746 7.352406 4.514345 7.846783 5.81866 5.818663 8.096811 4.381336 6.898784 8.098557 4.333228 7.119068 8.015121 7.114944 4.337072 8.025384 6.896689 4.384062 8.108332 4.881808 11.40982 6.684064 4.781825 11.61893 6.64678 4.60923 10.67705 6.87977 2.414286 11.49534 6.890034 2.557207 12.3047 6.746972 2.709066 12.3903 6.721838 2.184088 10.19012 7.117162 4.122862 9.420911 7.135034 1.88707 8.509612 7.822138 3.572674 7.856022 7.858864 2.075584 7.893867 8.115244 1.883021 8.140541 8.018334 3.474299 7.576252 8.030412 3.265046 7.492258 8.115734 11.52732 7.158027 6.411414 9.649706 9.649711 6.411414 11.47935 6.941654 6.411414 11.03627 6.706082 6.411414 9.171577 9.169557 6.407715 6.706427 11.03683 6.411414 6.941652 11.47936 6.411414 7.158025 11.52732 6.411414 8.50933 8.503332 6.622133 10.00817 6.525457 6.619968 6.52601 10.00761 6.620038 9.950493 6.116795 6.686019 10.08217 6.005361 6.694327 6.006337 10.08197 6.694189 6.11763 9.94987 6.686089 6.706427 11.03683 6.411414 5.878426 9.846257 6.735174 5.268544 8.784357 6.991834 9.846391 5.87759 6.735242 8.783585 5.270782 6.991693 10.67586 4.60993 6.870207 11.49541 2.414288 6.880259 11.40716 4.881256 6.674778 12.36398 2.706485 6.71674 12.276 2.552112 6.742434 11.6132 4.781409 6.638054 10.19019 2.184159 7.107316 9.41846 4.126984 7.125538 8.509678 1.887073 7.812363 7.853508 3.582243 7.84853 8.14061 1.883023 8.008488 7.490928 3.269098 8.105958 7.575063 3.481282 8.019939 7.893932 2.075591 8.105399 10.00817 6.525457 6.619968 9.80806 6.501715 6.811627 9.950493 6.116795 6.686019 9.776712 6.279547 6.847373 8.50933 8.503332 6.622133 8.385328 8.379397 6.814699 10.00817 6.525457 6.619968 9.80806 6.501715 6.811627 6.502272 9.807507 6.811627 6.52601 10.00761 6.620038 6.11763 9.94987 6.686089 6.280521 9.776157 6.847373 6.52601 10.00761 6.620038 6.502272 9.807507 6.811627 5.268544 8.784357 6.991834 5.483172 8.683746 7.123026 6.11763 9.94987 6.686089 6.280521 9.776157 6.847373 4.50862 7.357784 7.846294 4.294551 7.459093 7.71587 4.333228 7.119068 8.015121 4.072031 7.156354 7.932384 4.157979 6.766756 8.08215 4.381336 6.898784 8.098557 4.072031 7.156354 7.932384 4.333228 7.119068 8.015121 5.64802 5.648024 8.081661 5.81866 5.818663 8.096811 4.157979 6.766756 8.08215 4.381336 6.898784 8.098557 6.896689 4.384062 8.108332 6.764935 4.160358 8.08215 7.153347 4.075874 7.932384 7.114944 4.337072 8.025384 6.764935 4.160358 8.08215 6.896689 4.384062 8.108332 7.453993 4.300419 7.716012 7.352406 4.514345 7.846783 7.153347 4.075874 7.932384 7.114944 4.337072 8.025384 8.683392 5.485831 7.122746 8.783585 5.270782 6.991693 9.776712 6.279547 6.847373 9.950493 6.116795 6.686019 1.648424 8.49963 7.702187 1.88707 8.509612 7.822138 1.946907 10.19075 6.985339 2.184088 10.19012 7.117162 1.883021 8.140541 8.018334 1.643815 8.051105 7.942928 2.176755 11.49423 6.757725 2.414286 11.49534 6.890034 2.337551 12.40531 6.595741 2.557207 12.3047 6.746972 1.925402 7.690687 8.084874 2.075584 7.893867 8.115244 1.643815 8.051105 7.942928 1.883021 8.140541 8.018334 3.274262 7.235039 8.085151 3.265046 7.492258 8.115734 1.925402 7.690687 8.084874 2.075584 7.893867 8.115244 3.644661 7.383968 7.934829 3.474299 7.576252 8.030412 3.274262 7.235039 8.085151 3.265046 7.492258 8.115734 3.769569 7.739422 7.71671 3.572674 7.856022 7.858864 3.644661 7.383968 7.934829 3.474299 7.576252 8.030412 4.122862 9.420911 7.135034 4.318567 9.300751 6.992531 4.60923 10.67705 6.87977 4.803957 10.55459 6.735383 4.881808 11.40982 6.684064 5.109005 11.37434 6.517753 4.929426 11.75172 6.455192 4.781825 11.61893 6.64678 5.109005 11.37434 6.517753 4.881808 11.40982 6.684064 2.670038 12.59187 6.534161 2.709066 12.3903 6.721838 4.929426 11.75172 6.455192 4.781825 11.61893 6.64678 2.337551 12.40531 6.595741 2.557207 12.3047 6.746972 2.670038 12.59187 6.534161 2.709066 12.3903 6.721838 10.19075 1.94691 6.985339 10.19019 2.184159 7.107316 8.499625 1.648429 7.702187 8.509678 1.887073 7.812363 11.49541 2.414288 6.880259 11.49422 2.176759 6.757725 12.276 2.552112 6.742434 12.37599 2.332387 6.601048 8.051099 1.64382 7.942928 8.14061 1.883023 8.008488 12.56506 2.66578 6.538978 12.36398 2.706485 6.71674 12.37599 2.332387 6.601048 12.276 2.552112 6.742434 11.74725 4.927823 6.456031 11.6132 4.781409 6.638054 12.56506 2.66578 6.538978 12.36398 2.706485 6.71674 11.37225 5.108519 6.518171 11.40716 4.881256 6.674778 11.74725 4.927823 6.456031 11.6132 4.781409 6.638054 10.55367 4.80487 6.735521 10.67586 4.60993 6.870207 11.37225 5.108519 6.518171 11.40716 4.881256 6.674778 9.41846 4.126984 7.125538 9.29879 4.322829 6.99267 7.853508 3.582243 7.84853 7.736279 3.778928 7.7165 7.575063 3.481282 8.019939 7.381869 3.650529 7.934829 7.23378 3.277757 8.085151 7.490928 3.269098 8.105958 7.381869 3.650529 7.934829 7.575063 3.481282 8.019939 7.690685 1.925404 8.084874 7.893932 2.075591 8.105399 7.23378 3.277757 8.085151 7.490928 3.269098 8.105958 8.051099 1.64382 7.942928 8.14061 1.883023 8.008488 7.690685 1.925404 8.084874 7.893932 2.075591 8.105399 5.149221 10.29276 6.905045 5.656467 10.01871 6.890034 5.063831 10.44134 6.733987 5.827248 10.02974 6.71353 8.783585 5.270782 6.991693 8.900256 5.173381 7.136432 9.846391 5.87759 6.735242 9.835151 5.707161 6.911401 7.453993 4.300419 7.716012 10.08217 6.005361 6.694327 9.950493 6.116795 6.686019 10.03002 5.826134 6.713598 10.01885 5.655699 6.890175 10.29185 5.150553 6.905187 10.03002 5.826134 6.713598 10.44063 5.064812 6.734196 4.880621 10.38331 6.75954 4.966082 10.23481 6.930671 5.063831 10.44134 6.733987 5.149221 10.29276 6.905045 5.827248 10.02974 6.71353 5.656467 10.01871 6.890034 5.878426 9.846257 6.735174 5.707576 9.835225 6.91133 9.846391 5.87759 6.735242 9.835151 5.707161 6.911401 10.03002 5.826134 6.713598 10.01885 5.655699 6.890175 10.44063 5.064812 6.734196 10.29185 5.150553 6.905187 10.38247 4.881884 6.75961 10.23376 4.967691 6.930809</float_array>
          <technique_common>
            <accessor source="#StarBase_0_2815-mesh-positions-array" count="5992" stride="3">
              <param name="X" type="float"/>
              <param name="Y" type="float"/>
              <param name="Z" type="float"/>
            </accessor>
          </technique_common>
        </source>
        <source id="StarBase_0_2815-mesh-normals">
          <float_array id="StarBase_0_2815-mesh-normals-array" count="18234">0.2156549 0.6392388 0.738151 0.1529364 0.4587708 0.8752942 0.3097774 0.5921875 0.7438763 0.2156963 0.4196113 0.8817039 0.4744658 0.4744983 0.7414402 0.3333377 0.3333424 0.8819121 0.5921468 0.3098018 0.7438986 0.4196075 0.2235228 0.879754 0.6392318 0.2156612 0.7381552 0.4587705 0.1529365 0.8752944 0.3411831 0.6627447 0.666606 0.2392141 0.7176468 0.6540335 0.06659805 0.1921455 0.9791041 0.09020596 0.1764686 0.9801642 -0.003931701 0.003932237 0.9999846 -0.003931701 0.003931939 0.9999846 0.1372763 0.1372846 0.9809731 -0.00393337 0.003931879 0.9999846 -0.003932774 0.003931939 0.9999846 0.1764704 0.09016889 0.9801672 -0.003930628 0.003932178 0.9999846 0.1921519 0.06665712 0.9790989 0.7176422 0.2392138 0.6540386 0.5293649 0.5294418 0.6629211 0.6627454 0.3490003 0.6625462 -0.4581543 -0.8888728 2.29917e-6 -0.4581561 -0.8888718 -5.61075e-6 -0.7071074 -0.7071062 2.57976e-7 -0.701958 -0.7097973 -0.05867624 -0.8823474 -0.466663 -0.06073641 -0.8888772 -0.4581454 -3.9814e-6 -0.3176409 -0.9450929 0.07683604 -0.3176454 -0.9450889 0.07686626 0.3176129 0.9451109 0.07673025 -0.3176412 -0.945091 -0.07685792 -0.3176447 -0.945089 -0.07686901 -0.9450899 -0.3176469 -0.0768482 -0.9510047 -0.3091766 -1.7662e-5 -0.6863345 0.3882781 -0.6149677 -0.9450886 -0.3176534 -0.07683789 -0.9450905 -0.3176429 0.07685756 -0.003931224 0.003932178 -0.9999846 -0.00393182 0.003932356 -0.9999846 -0.003931999 0.003931999 -0.9999846 -0.003932058 0.003932118 -0.9999846 -0.003931879 0.003932237 -0.9999846 -0.003932654 0.003932058 -0.9999846 -0.003932178 0.003931879 -0.9999846 -0.003931999 0.003931939 -0.9999846 -0.00393182 0.003932297 -0.9999846 -0.003932237 0.003931879 -0.9999846 -0.1450973 -0.9058755 0.3979151 -0.4274153 -0.8117768 0.3979129 -0.2156529 -0.9764701 0 -0.4581255 -0.8888875 0 -0.7071069 -0.7071067 0 -0.6470628 -0.6470671 0.4032543 -0.301967 -0.584312 0.7532566 -0.105881 -0.6548997 0.7482618 -0.4667189 -0.4667229 0.7512279 -0.003907203 -0.9137109 0.4063462 -0.003893554 -0.6627559 0.7488254 -0.003884077 -0.9999926 -5.50965e-6 -0.003881633 -0.9999926 0 -0.003900408 -0.9999924 -1.64087e-6 -0.8117468 -0.4274657 0.39792 -0.8888644 -0.4581705 0 -0.9764702 -0.2156525 -8.51731e-5 -0.905879 -0.145047 0.3979256 -0.5843067 -0.3019641 0.7532619 -0.6548943 -0.1058825 0.7482662 -0.913724 0.003943443 0.4063164 -0.662747 0.00390464 0.7488332 -0.9999924 0.003902733 -3.44717e-4 -0.9999924 -0.003896892 -3.45046e-4 -0.9999924 -0.003887951 -3.42078e-4 -0.1372423 -0.819623 0.5562219 -0.3882238 -0.7411679 0.5476793 -0.1529372 -0.9294061 0.335879 -0.4352881 -0.8352867 0.3358875 -0.6627417 -0.6627407 0.3486379 -0.5921587 -0.5921588 0.5465309 -0.05883139 -0.3803821 0.9229564 -0.1764666 -0.3411611 0.9232923 -0.003913462 0.003903985 0.9999848 -0.270564 -0.2705641 0.9238994 -0.003917217 -0.9450884 0.3267917 -0.003910541 -0.8274532 0.5615211 -0.003953278 -0.3568798 0.9341419 -0.7411684 -0.3882268 0.5476763 -0.8352869 -0.4352865 0.3358893 -0.9294236 -0.1529024 0.335846 -0.8196281 -0.1372386 0.5562151 -0.3411664 -0.1764695 0.9232898 -0.380383 -0.05883204 0.9229559 -0.9450878 0.003909826 0.3267934 -0.3568559 0.003909468 0.9341512 -0.8274445 0.003923237 0.5615339 -0.9450879 0.003911077 0.326793 -0.215654 -0.6392381 0.7381519 -0.1529362 -0.4587711 0.875294 -0.309805 -0.5921475 0.7438967 -0.2157365 -0.4196346 0.8816828 -0.4744659 -0.4744982 0.7414402 -0.3333379 -0.3333421 0.8819121 -0.5921472 -0.309802 0.7438982 -0.4196069 -0.2235228 0.8797544 -0.6391997 -0.2156962 0.7381727 -0.4587711 -0.1529363 0.8752941 -0.3411816 -0.6627435 0.666608 -0.239214 -0.717647 0.6540333 -0.0666483 -0.192153 0.9790992 -0.09020578 -0.1764687 0.9801642 -0.003931939 0.003931879 0.9999846 -0.003931939 0.003932178 0.9999846 -0.1372471 -0.1372444 0.9809828 -0.003933608 0.003932237 0.9999846 -0.003932535 0.003932178 0.9999846 -0.1764693 -0.09016972 0.9801673 -0.00393337 0.003932118 0.9999846 -0.1921318 -0.06660979 0.9791061 -0.7176422 -0.2392141 0.6540385 -0.5293651 -0.5294414 0.6629213 -0.6627301 -0.349049 0.6625358 -0.7725422 -0.6313702 0.06745511 -0.7725471 -0.6313642 0.06745523 -0.7725446 -0.6313673 0.06745511 -0.7725487 -0.6313624 -0.06745523 -0.6862468 -0.2470891 0.6841143 -0.7098289 -0.3960141 0.5825082 -0.6940987 -0.2549291 0.6732298 -0.7176463 -0.411732 0.5616589 -0.6784027 -0.02750396 0.7341753 -0.6862584 -0.05098628 0.7255686 -0.6862666 0.1058769 0.7196029 -0.6941064 0.1137369 0.7108308 -0.7411514 -0.4509761 0.497308 -0.7411736 -0.4509797 0.4972716 -0.1607794 -0.9686183 0.1895485 -0.4509748 -0.8666582 0.2133666 -0.1607674 -0.984309 -0.07273143 -0.4581374 -0.8888815 0 -0.7071071 -0.7071065 0 -0.6941224 -0.6941003 0.1908374 -0.003922998 -0.97646 0.215663 -0.003883779 -0.9999926 0 -0.8666565 -0.4509733 0.2133769 -0.8888821 -0.4581363 0 -0.9843045 -0.1607947 -0.07273161 -0.9686214 -0.1607862 0.1895269 -0.9764668 0.00391817 0.2156319 -0.9999923 0.003919482 -3.44626e-4 -0.1372568 -0.8431116 0.5199264 -0.3960627 -0.7568487 0.5199178 -0.1215809 -0.7489982 0.6513216 -0.3490145 -0.6705784 0.6546094 -0.5999996 -0.5999998 0.5291511 -0.5372366 -0.537236 0.6501956 -0.003904759 -0.8509706 0.5251989 -0.003898859 -0.764671 0.6444092 -0.7568548 -0.3960723 0.5199014 -0.8431341 -0.1372535 0.5198908 -0.6705771 -0.3490131 0.6546116 -0.7489936 -0.1215844 0.6513263 -0.850973 0.003912031 0.525195 -0.7647 0.003920376 0.6443746 0.01174837 0.0901966 0.9958547 0.04316169 0.08237701 0.9956662 0.01177567 0.09019809 0.9958543 0.04314613 0.08235687 0.9956686 -0.003904163 0.09020829 0.9959153 -0.003944277 0.09018433 0.9959173 0.06666177 0.06666719 0.9955459 0.0666626 0.0666697 0.9955457 0.08231145 0.04309558 0.9956745 0.08240652 0.04316353 0.9956637 0.0901876 0.01177668 0.9958552 0.09018486 0.01179701 0.9958552 0.09022712 0.003895521 0.9959136 0.0902341 0.003892838 0.995913 -0.00386697 -0.9999926 0 -0.003918588 -0.9999924 -2.35008e-6 -0.003959953 -0.9999923 -9.06352e-7 -0.00389713 -0.9999924 4.01138e-7 -0.003921091 -0.9999923 0 -0.003873169 -0.9999926 0 -0.129418 -0.6470403 0.751392 -0.003905296 -0.6627577 0.7488238 -0.1842768 -0.4431501 0.8773028 -0.003929555 -0.4744991 0.8802472 -0.003926873 -0.192136 0.9813604 -0.2235463 -0.1607693 0.9613431 -0.1215428 -0.7333384 0.6689112 -0.00394082 -0.749021 0.6625346 -0.3489826 -0.4275323 0.8339229 -0.247066 -0.647058 0.7213004 -0.443107 -0.1450651 0.8846538 -0.55296 0.0588088 0.8311298 -0.2705738 0.01960468 0.9624996 -0.003912329 -0.1921694 0.9813541 -0.2079144 -0.7177568 0.6645275 -0.00391221 -0.01176398 0.9999232 -0.2705785 0.01962304 0.962498 -0.003924965 -0.1921697 0.9813539 -0.2391937 -0.2391924 -0.9410491 -0.003907263 0.003928184 -0.9999848 -0.1137174 -0.3098316 -0.9439665 -0.4274677 -0.4274674 -0.7965821 -0.1999555 -0.5607766 -0.8034597 -0.003936767 -0.6078352 -0.7940535 -0.0039348 -0.33333 -0.9428021 -0.003912866 0.003915905 -0.9999847 -0.623525 -0.6235232 -0.4716305 -0.4038985 -0.7803878 -0.4773479 -0.1529435 -0.8666418 -0.474911 -0.003937602 -0.8745031 -0.4850041 -0.4587982 -0.8823599 -0.10462 -0.7019578 -0.7019575 -0.1204616 -0.4581457 -0.8888772 1.73929e-6 -0.7071074 -0.7071063 0 -0.3097957 -0.9294118 -0.2005501 -0.1529384 -0.960774 -0.231351 -0.003946602 -0.97646 -0.2156626 -0.3176457 -0.9450923 -0.07682442 -0.3176454 -0.9450893 0.07686167 -0.3170364 -0.945293 0.07687115 -0.3176458 -0.94509 -0.0768519 -0.888877 -0.4581459 -1.19838e-5 -0.8823378 -0.4588335 -0.1046518 -0.7803845 -0.4039429 -0.4773157 -0.5607929 -0.2001589 -0.8033977 -0.3098282 -0.1137183 -0.9439675 -0.003934562 0.003914117 -0.9999846 -0.6078361 0.003916382 -0.794053 -0.3333295 0.003910362 -0.9428023 -0.003899157 0.003913223 -0.9999848 -0.8666688 -0.1529386 -0.4748631 -0.8745025 0.003918945 -0.4850054 -0.9293991 -0.3098059 -0.2005934 -0.9607736 -0.1529393 -0.2313523 -0.9764641 0.003936767 -0.2156441 -0.9450924 -0.3176454 -0.07682323 -0.9450894 -0.3176459 0.07685816 -0.9450906 -0.3176398 0.07686817 -0.9450906 -0.3176402 0.07686674 -0.3490189 -0.670589 0.6545963 -0.2940947 -0.5529755 0.7795682 -0.2392175 -0.7019668 0.6708335 -0.1921712 -0.576458 0.7942081 -0.5372627 -0.5372639 0.650151 -0.4509595 -0.4509577 0.770242 -0.5529561 -0.2941085 0.7795768 -0.6705833 -0.3490185 0.6546024 -0.7019716 -0.2392185 0.6708282 -0.5764631 -0.1999914 0.7922713 -0.3646408 -0.3647205 0.8567475 -0.301917 -0.396115 0.8671443 -0.4039049 -0.3019477 0.8635325 -0.1607586 -0.4588258 0.8738624 -0.1607685 -0.4744719 0.8654651 -0.4666738 -0.1607739 0.8696938 -0.458788 -0.1529575 0.8752814 -0.2235123 -0.4588093 0.859963 -0.160777 -0.4666637 0.8696987 -0.1529185 -0.4274152 0.8910288 -0.1450772 -0.4274409 0.8923268 -0.03529047 -0.2705788 0.9620508 -0.0353018 -0.2706369 0.9620341 -0.01960927 -0.1685908 0.985491 -0.019584 -0.1765093 0.9841042 -0.01185977 -0.1764519 0.9842379 -0.0431239 -0.1686107 0.984739 -0.003923296 -0.176466 0.984299 -0.04309421 -0.1607114 0.9860603 -0.01960515 -0.05880707 0.9980769 0.003932118 0.003931999 0.9999846 -0.003931701 0.003932416 0.9999846 -0.003834903 -0.1765496 0.9842844 -0.09804666 -0.1921375 0.9764579 -0.05889099 -0.1685682 0.9839292 -0.01960366 -0.05882692 0.9980758 -0.05882298 -0.2392137 0.9691835 -0.003921329 -0.2549028 0.9669588 -0.03528791 -0.2156868 0.9758248 -0.07450532 -0.1686249 0.9828604 -0.03530269 -0.2156697 0.9758281 -0.07450526 -0.1686249 0.9828605 -0.09807318 -0.1842668 0.9779711 -0.09805029 -0.2000064 0.9748762 -0.09803992 -0.1921722 0.9764518 -0.05884069 -0.2392017 0.9691854 -0.1686687 -0.01960569 0.9854778 -0.2784567 -0.03531074 0.9597995 -0.1765109 -0.01958471 0.9841039 -0.1764603 -0.01181375 0.9842368 -0.1686256 -0.03529304 0.9850482 -0.176581 -0.003798782 0.9842788 -0.1607142 -0.043096 0.9860598 -0.05882543 -0.01960772 0.9980757 0.003934621 0.003931939 0.9999846 -0.003925144 0.003932297 0.9999846 -0.1764943 -0.003888726 0.9842941 -0.2705972 -0.03530907 0.9620449 -0.4196147 -0.1451007 0.8960298 -0.4196037 -0.1529359 0.894731 -0.1686303 -0.05883771 0.9839218 -0.1843252 -0.09803801 0.9779636 -0.4666485 -0.1608354 0.8696961 -0.1921479 -0.09807634 0.9764529 -0.1764668 -0.09019356 0.9801656 -0.1842986 -0.09803098 0.9779694 -0.1686292 -0.05883353 0.9839221 -0.2705675 0.003936409 0.962693 -0.2235144 -0.03530222 0.9740611 -0.05881667 -0.01960253 0.9980763 -0.2235264 -0.08235549 0.9712125 -0.2156872 -0.09019184 0.9722883 -0.2235327 -0.03531658 0.9740564 -0.1843239 -0.09803891 0.9779638 -0.1686158 -0.07450532 0.9828619 -0.1686157 -0.07450574 0.982862 -0.2235278 -0.03529655 0.9740583 -0.121556 -0.2235401 0.9670853 -0.1293818 -0.223553 0.9660665 -0.105894 -0.1529294 0.9825472 -0.1137254 -0.1607845 0.9804157 -0.1921589 -0.3647009 0.9110809 -0.1921737 -0.3646914 0.9110816 -0.2627061 -0.4353067 0.8611003 -0.1058539 -0.1450731 0.9837423 -0.0980364 -0.1293901 0.9867357 -0.2234778 -0.1216253 0.967091 -0.1529279 -0.1058955 0.9825474 -0.2235371 -0.1294003 0.9660677 -0.160768 -0.1137133 0.9804198 -0.3647156 -0.2000088 0.909384 -0.3647044 -0.1999993 0.9093905 -0.4355458 -0.2627228 0.8609743 -0.4587347 -0.2235112 0.860003 -0.1294295 -0.09803152 0.9867309 -0.1450996 -0.1058844 0.9837351 -0.08235871 -0.2706041 -0.9591614 -0.1294313 -0.2391624 -0.9623144 -0.0902059 -0.1764594 -0.9801658 -0.1764656 -0.2156814 -0.960386 -0.2627581 -0.3490326 -0.8995191 -0.1450592 -0.1450595 -0.9787316 -0.317608 -0.3176097 -0.893448 -0.1372416 -0.4117563 -0.9009004 -0.05883175 -0.2156724 -0.9746919 0.05097657 0.09802687 -0.9938774 0.03531986 0.1059104 -0.9937483 -0.1294213 -0.4117563 -0.902057 -0.05100452 -0.2784021 -0.9591094 -0.003928244 -0.294103 -0.9557657 -0.02745389 -0.1294158 -0.9912104 -0.003922343 -0.1372559 -0.9905279 -0.09805446 -0.270602 -0.9576848 -0.05882966 -0.1371999 -0.9887949 -0.0431925 -0.05100584 -0.997764 -0.0274769 0.003897905 -0.999615 -0.03529244 -0.02744865 -0.9990001 -0.01961982 -0.1294142 -0.9913966 -0.06667762 -0.137248 -0.98829 -0.08235317 -0.270594 -0.9591647 -0.003908514 -0.1372242 -0.9905323 -0.003913044 -0.1372417 -0.9905298 -0.003914952 -0.1372401 -0.9905301 -0.003904104 -0.1372182 -0.9905332 -0.04317754 -0.1058802 -0.9934411 -0.05885159 -0.09803062 -0.9934417 -0.09805649 -0.1372313 -0.9856737 -0.1764703 -0.2156868 -0.9603841 -0.04314726 -0.05883157 -0.997335 -0.05096536 -0.05096638 -0.9973992 0.003934621 -0.003933191 -0.9999846 -0.003931939 0.003932178 -0.9999846 -0.003911137 -0.003911018 -0.9999848 -0.1058714 -0.1058738 -0.9887275 -0.003900825 0.003899216 -0.9999848 -0.05880975 -0.04312151 -0.9973375 0.003932058 -0.003932058 -0.9999846 -0.1372473 -0.098046 -0.9856725 -0.2156757 -0.1764705 -0.9603865 -0.239229 -0.1293632 -0.9623069 -0.2157092 -0.1764872 -0.960376 -0.09802794 -0.05883723 -0.9934429 -0.1764609 -0.09020608 -0.9801656 -0.2706105 -0.08236622 -0.959159 -0.3490338 -0.2627594 -0.8995182 -0.4117728 -0.1372846 -0.9008863 -0.2156718 -0.0588321 -0.974692 0.09797883 0.05096906 -0.9938824 0.1058745 0.03528779 -0.9937533 -0.411756 -0.1294199 -0.9020575 -0.2784288 -0.05098235 -0.9591029 -0.2941046 -0.003927946 -0.9557652 -0.1294158 -0.02745312 -0.9912104 -0.1372125 -0.003901302 -0.990534 -0.2705819 -0.09803563 -0.9576923 -0.1371816 -0.05883145 -0.9887973 -0.05095273 -0.0430777 -0.9977716 0.003897666 -0.02747756 -0.9996149 -0.02745431 -0.0352959 -0.9989998 -0.1294131 -0.01962006 -0.9913967 -0.1372727 -0.06663525 -0.9882895 -0.2705837 -0.08235388 -0.9591675 -0.1372248 -0.003908336 -0.9905322 -0.1372426 -0.003916025 -0.9905297 -0.1372399 -0.003915309 -0.9905301 -0.1372175 -0.003904581 -0.9905332 -0.1058827 -0.0431351 -0.9934426 0.07450097 0.07450062 -0.9944342 -0.3254206 -0.9451142 -0.02933406 -0.3254871 -0.9450914 -0.02933394 -0.1764501 -0.9843097 9.8387e-7 -0.1764348 -0.9843124 -1.85146e-6 -0.0195657 -0.9998086 -1.78745e-5 -0.01960963 -0.9998077 -4.90923e-7 -0.01957166 -0.9998084 -2.57076e-5 0.8823456 -0.4666633 -0.06075924 0.8823464 -0.4666637 -0.06074601 0.8823463 -0.4666602 -0.06077224 0.8823449 -0.4666643 -0.06076091 -0.8823465 0.4666623 -0.06075578 -0.8823444 0.4666641 -0.06076979 -0.8823456 0.4666653 -0.06074202 -0.8823463 0.4666624 -0.06075733 -0.9294024 -0.3647066 -0.05657142 -0.9294046 -0.3647011 -0.05657142 -0.9294044 -0.3647013 -0.05657142 -0.9294056 -0.3646984 -0.05657136 0.2157644 -0.9764455 0 0.2158582 -0.9764248 0 0.2158588 -0.9764246 0 0.2157652 -0.9764453 0 -0.08232283 -0.145095 -0.9859871 -0.09803205 -0.2705874 -0.9576911 -0.05884236 -0.137241 -0.9887885 -0.09017664 -0.2627251 -0.9606476 -0.1450951 -0.4117636 -0.8996657 -0.1451296 -0.4117349 -0.8996732 0.5843042 0.7725439 -0.2485252 0.5843051 0.7725442 -0.248522 0.6862686 0.686268 -0.2409808 0.6862714 0.6862721 -0.2409611 0.7725423 0.584309 -0.2485187 0.7725424 0.5843078 -0.248521 0.8274447 -0.5607801 -0.02934664 0.8338507 -0.5519902 -4.85033e-6 0.8274446 -0.5607801 -0.02934664 0.8338517 -0.5519886 -2.00495e-5 0.8274444 -0.5607805 -0.02934592 0.833854 -0.5519852 -8.15466e-6 0.83529 -0.5450915 -0.0718742 0.8352903 -0.5450916 -0.07186973 0.8338518 -0.5519883 1.47708e-5 0.8352902 -0.5450918 -0.07186973 0.9843057 -0.1764723 -2.31192e-5 0.9829164 -0.1840526 1.53296e-5 0.9843063 -0.176469 -4.96255e-6 0.9829167 -0.1840513 1.14217e-5 0.9764649 -0.1921586 -0.09793573 0.9764643 -0.1921597 -0.0979399 0.3176519 0.9137206 -0.253401 0.3176397 0.9137182 -0.2534246 0.3176476 0.9137203 -0.2534071 0.3176355 0.9137181 -0.2534308 -0.9215615 0.3803926 -0.07762801 -0.905875 0.419602 -0.05766117 -0.9215633 0.3803863 -0.07763636 -0.9058759 0.419602 -0.0576452 -0.8888795 0.4581412 -7.73894e-6 -0.8888767 0.4581465 2.16439e-5 -0.2862625 -0.9215682 0.2622326 -0.2862747 -0.9215617 0.2622417 -0.2862638 -0.9215669 0.2622359 -0.2862759 -0.9215605 0.262245 -0.6155554 -0.7880938 0 -0.6155553 -0.7880937 0 -0.6155553 -0.7880937 0 -0.6155931 -0.7880643 0 -0.8039169 0.5921517 -0.05544459 -0.8039184 0.5921496 -0.05544447 -0.8039157 0.5921533 -0.05544459 -0.8039141 0.5921555 -0.05544477 -0.003932297 0.00393182 0.9999846 -0.00393182 0.003932297 0.9999846 -0.003931283 0.003932893 0.9999846 -0.003931343 0.003932774 0.9999846 0.8039138 -0.5921559 -0.05544477 0.8039155 -0.5921537 -0.05544459 0.8039155 -0.5921534 0.05544465 0.8039172 -0.5921512 0.05544447 -0.00393182 0.003932297 -0.9999846 -0.003932297 0.00393182 -0.9999846 -0.003931939 0.003932178 -0.9999846 -0.003931999 0.003932118 -0.9999846 -0.4736115 -0.8807339 1.62595e-7 -0.4736104 -0.8807346 0 -0.4736102 -0.8807346 -1.63366e-7 -0.4736089 -0.8807353 0 -0.896759 0.4425193 0 -0.8967592 0.4425192 0 -0.8967597 0.4425181 -2.40456e-7 -0.8967598 0.442518 2.41597e-7 -0.003931939 0.003932178 0.9999846 -0.003932476 0.003931879 0.9999846 -0.003936529 0.003931999 0.9999846 -0.003936827 0.003931999 0.9999846 0.8967605 -0.4425162 2.41596e-7 0.8967606 -0.4425162 -2.40456e-7 0.8967606 -0.4425163 0 0.8967605 -0.4425162 0 -0.003932237 0.003931879 -0.9999846 -0.003931939 0.003932178 -0.9999846 -0.003931045 0.003933072 -0.9999846 -0.003931224 0.003932952 -0.9999846 -0.7071068 -0.7071068 0 -0.7071067 -0.7071068 0 -0.5999956 -0.7960727 -0.07920694 -0.5999985 -0.7960705 -0.07920694 -0.7961272 -0.5999233 -0.079207 -0.7960699 -0.5999992 -0.07920688 0.4194646 0.4194656 -0.8050456 0.2784184 0.5216008 -0.8064838 0.4196529 0.419653 -0.8048495 0.2784163 0.5216081 -0.8064796 0.19216 0.5607879 -0.8053518 0.1921584 0.560785 -0.8053542 0.521679 0.2783943 -0.8064415 0.5215693 0.2784279 -0.8065008 0.5607879 0.1921603 -0.8053518 0.5607845 0.1921581 -0.8053547 -0.2078869 -0.2078863 -0.9558067 -0.3097929 -0.3097932 -0.8989197 -0.1842899 -0.2392114 -0.953318 -0.262752 -0.3490208 -0.8995254 -0.105857 -0.1372278 -0.9848669 -0.1215426 -0.1215423 -0.9851168 -0.2392114 -0.1842902 -0.9533179 -0.3490207 -0.2627521 -0.8995254 -0.137229 -0.1058579 -0.9848667 -0.6862704 -0.6862689 0.2409732 -0.5921404 -0.7647054 0.2541565 -0.6862717 -0.6862699 0.2409664 -0.5921372 -0.7647069 0.2541593 -0.7646895 -0.5921705 0.2541342 -0.7647074 -0.5921353 0.2541623 0.4588214 0.8823491 0.1046092 0.4588221 0.8823451 0.1046392 0.7019532 0.7019542 0.1205079 0.7019558 0.7019554 0.1204853 0.3254861 0.9450907 0.02936697 0.3254874 0.9450907 0.02935028 0.8823462 0.4588205 0.1046386 0.88235 0.4588195 0.1046091 0.9450906 0.3254875 0.02935463 0.9450913 0.3254873 0.02933579 0.01174408 -0.05881118 0.9982001 -0.3332787 -0.05884873 0.94099 -0.4744752 -0.05099081 0.8787907 -0.9058662 -0.01178532 0.4234002 -0.9686223 -0.01176619 0.2482588 -0.9999309 0.0117563 -2.09997e-5 -0.9999309 0.01176536 -2.35061e-5 -0.9999923 0.003921985 -3.44721e-4 -0.9999924 -0.003902375 -3.22479e-4 -0.9999923 -0.003905415 -3.31355e-4 -0.9999922 -0.003936171 -3.54349e-4 -0.00392729 -0.05098682 0.9986917 -0.003936707 -0.05096185 0.9986929 -0.003898501 -0.05882877 0.9982605 -0.003917038 -0.05882406 0.9982607 -0.003931045 -0.05881834 -0.998261 -0.003887891 -0.05883908 -0.99826 -0.003931045 -0.05881828 -0.998261 -0.003930985 -0.05881816 -0.998261 -0.003903388 -0.05881297 0.9982615 -0.003903329 -0.05881315 0.9982614 -0.003903269 -0.05881327 0.9982615 -0.003903388 -0.05881297 0.9982615 -0.9999924 0.003913998 -3.43895e-4 -0.9999925 0.003885686 -3.41103e-4 -0.9999924 0.003900885 -3.42621e-4 -0.9999925 0.003869175 -3.40752e-4 -0.5058599 -0.03526502 0.8618946 0.003892183 -0.0431627 0.9990605 -0.3960851 -0.04315304 0.9171993 -0.003909647 -0.0431469 0.9990611 -0.003903508 -0.04314482 0.9990612 -0.003922522 -0.04313689 0.9990615 -0.9686229 -0.003932416 0.248504 -0.003927648 -0.04313552 0.9990616 -0.003927648 -0.04313546 0.9990615 -0.9215636 -0.01961195 0.3877317 -0.9686222 -0.003896653 0.2485072 -0.3960769 -0.04310542 0.917205 -0.9215539 -0.01962029 0.3877546 -0.9999924 0.003886759 -3.42443e-4 -0.9686161 -0.003905713 0.2485309 -0.9999924 0.003898441 -3.42743e-4 -0.9999924 0.003889024 -3.40931e-4 -0.9999924 0.003904461 -3.42975e-4 -0.9999923 0.00394088 -3.45667e-4 -0.9999925 0.003882229 -3.44108e-4 -0.9999924 0.003913283 -3.44507e-4 -0.9843087 -0.00392729 0.1764113 -0.9843071 -0.003923714 0.1764209 -0.984306 -0.01176583 0.1760776 -0.9843069 -0.01176369 0.1760731 -0.003919184 -0.9999923 -5.99027e-6 0.003922045 -0.9999923 -2.72801e-6 -0.003921329 -0.9999924 -2.8871e-6 0.003921926 -0.9999924 4.00469e-7 -0.9372925 -0.01959848 0.3479927 -0.411738 -0.05099666 0.9098743 -0.9450851 -0.01960235 0.3262363 -0.4588075 -0.03528892 0.8878347 -0.003889083 -0.04313886 0.9990616 -0.4431273 -0.05099534 0.8950071 -0.9529379 -0.01960015 0.3025314 -0.00390768 -0.05097037 0.9986926 -0.003916203 -0.05882662 0.9982606 -0.01176637 -0.04311877 0.9990007 0.01964157 -0.04311621 0.998877 -0.9999923 -0.003934562 -3.49052e-4 -0.9999923 -0.003912985 -3.4213e-4 -0.9999923 0.003921627 -3.43392e-4 -0.9999923 0.003919064 -3.50685e-4 -0.9999923 0.003919541 -3.3178e-4 -0.003916323 -0.04313707 0.9990615 -0.003917336 -0.0509777 0.9986922 -0.003932058 0.003932118 -0.9999846 -0.003931641 0.003932297 -0.9999846 -0.003930926 0.003931939 -0.9999846 -0.003930568 0.003932058 -0.9999846 -0.003882944 -0.9999925 3.06987e-7 -0.003882944 -0.9999925 2.09778e-7 -0.003882944 -0.9999925 0 -0.003882944 -0.9999926 0 -0.6235254 0.003922879 0.7817934 -0.6235225 0.00393325 0.7817956 -0.6235203 0.003940343 0.7817974 -0.6235173 0.003952503 0.7817996 -0.4039201 0.9137185 -0.04435276 -0.4039185 0.9137192 -0.04435169 -0.3948627 0.9187403 -1.02103e-5 -0.3882333 0.9215611 -3.4795e-4 -0.003890573 0.4666679 -0.8844241 -0.003928482 0.5999918 -0.7999966 -0.003897666 0.4666692 -0.8844234 -0.003903627 0.6000036 -0.7999877 -0.003896653 0.5999944 -0.7999948 -0.003873705 0.5999932 -0.7999957 0.003970444 0.3176851 -0.948188 -0.003926455 0.3176378 -0.9482041 -0.003934741 0.3333314 -0.9428015 -0.01958483 0.44317 -0.8962237 0.03529149 0.6392042 -0.7682269 -0.01176124 0.4431353 -0.8963776 0.04312461 0.647032 -0.7612425 0.03528869 0.7098008 -0.703518 0.02745574 0.7176368 -0.6958762 -0.003888189 0.7333312 -0.6798605 -0.003935098 0.7333242 -0.6798677 -0.0196107 0.2941073 -0.9555712 -0.0195989 0.2940881 -0.9555774 -0.9998079 0.01960426 3.24519e-6 -0.9998078 0.01960277 7.51019e-6 -0.999808 0.01960116 1.46022e-5 -0.9999309 0.01176303 1.59908e-5 -0.9999923 0.003923773 -3.3167e-4 -0.9999923 -0.003923594 -3.27751e-4 -0.9998068 0.019656 2.79294e-5 -0.9998083 0.0195856 3.72073e-5 -0.9998079 0.01960486 4.63488e-6 -0.003932356 0.00393176 0.9999846 -0.003931999 0.003932178 0.9999846 -0.003932178 0.003931999 0.9999846 0.9999923 -0.003920555 -2.29062e-5 0.9999924 0.003918588 -2.1955e-5 0.9999924 -0.003920495 -2.28509e-5 0.9999923 0.003917038 -2.17135e-5 -0.00389111 0.9999924 -3.27861e-4 -0.003933012 0.9999922 -3.51186e-4 -0.003890931 0.9999924 -3.28168e-4 -0.003891229 0.9999924 -3.27712e-4 -0.9999923 -0.003923952 -3.64909e-4 -0.9999923 -0.003923416 -3.65745e-4 -0.9999923 -0.003923833 -3.64978e-4 -0.9999923 -0.003926336 -3.65433e-4 -0.003902554 -0.9999924 -9.76286e-6 -0.00390166 -0.9999925 -7.90809e-6 -0.003902494 -0.9999924 -9.63837e-6 -0.0039016 -0.9999924 -7.83597e-6 -0.003891348 -0.08233094 -0.9965975 -0.003930509 -0.08235859 -0.996595 -0.003930628 -0.08235841 -0.9965951 -0.003930628 -0.08235847 -0.9965951 -0.003928005 0.8901889 0.4555748 -0.003928065 0.8901887 0.4555752 -0.003928005 0.8901888 0.455575 -0.003928124 0.8901884 0.4555758 -0.003925621 0.1137243 -0.9935047 -0.003877699 0.1137268 -0.9935045 -0.003877758 0.1137272 -0.9935045 -0.003925621 0.1137245 -0.9935045 -0.003895759 -0.4352812 -0.9002861 -0.003895759 -0.4352809 -0.9002864 -0.003896057 -0.435278 -0.9002878 -0.003896176 -0.4352774 -0.9002881 -0.003930509 -0.5686169 0.8225932 0.00389564 -0.5686412 0.8225765 -0.003894984 -0.5686416 0.8225762 -0.003896951 -0.5686395 0.8225777 0.5137269 -0.1137058 0.8503856 0.5137194 -0.1137076 0.8503899 0.5215708 -0.1137151 0.8455961 0.5215712 -0.1137034 0.8455975 -0.3019447 -0.5059483 0.8079888 -0.2941319 -0.529367 0.7957746 0.02742588 -0.5294387 0.8479048 0.03530204 -0.5450972 0.8376294 -0.7803837 -0.5058702 0.367555 -0.7725372 -0.4980142 0.3939137 -0.8980333 -0.4352897 0.06371122 -0.8980306 -0.427447 0.1040685 -0.8666596 0.4352918 0.243767 -0.8745022 0.4509776 0.1785081 -0.9371332 0.348972 -1.11702e-5 -0.9371321 0.3489751 -1.31864e-5 -0.4117516 0.5215567 0.747288 -0.3804377 0.498005 0.7792679 -0.00391221 0.4823601 0.8759643 -0.003910064 0.4823588 0.8759651 -0.9372503 0.3411723 -0.07185679 -0.9371325 0.3489739 -2.33871e-5 -0.9371318 0.3489758 -3.95998e-6 -0.003951132 0.3255084 -0.945531 -0.003907978 0.3254812 -0.9455406 -0.003919005 0.3176468 -0.9482011 -0.003930509 0.3176463 -0.9482012 -0.003921508 -0.03529441 -0.9993693 -0.003921508 -0.03529441 -0.9993693 -0.003921508 -0.03529453 -0.9993693 -0.003921449 -0.03529423 -0.9993693 0.003881037 0.9843036 -0.1764412 0.003965497 0.9843083 -0.1764129 0.003883242 0.9843022 -0.1764488 0.003892898 0.9843025 -0.1764467 -0.003924548 0.9843077 -0.1764175 -0.003914773 0.9843045 -0.1764352 -0.2783988 -0.9529474 -0.1199386 -0.2862713 -0.9529338 -0.09982973 -0.4431395 -0.8823382 0.1584511 -0.4352957 -0.8823456 0.1788406 -0.003921508 -0.9294044 -0.369042 -0.003931403 -0.9293978 -0.3690585 -0.9843064 -0.1686269 0.05201905 -0.9764658 -0.1999934 0.08073008 -0.9843078 -0.1529398 0.08802121 -0.9814723 -0.1916048 -4.17233e-6 -0.9999923 0.003930509 -3.18979e-4 -0.9999923 0.003919422 -3.51255e-4 -0.9999308 0.01176339 1.24462e-5 -0.9999923 -0.003919363 -3.44614e-4 -0.9999923 0.003922939 -3.23478e-4 -0.9999923 0.003922164 -3.49376e-4 -0.9998079 0.01960486 -2.06707e-6 -0.9998078 0.01960176 -1.78934e-5 -0.9996235 0.02744108 -6.59376e-6 -0.9999312 0.01174211 -1.08597e-5 -0.9999309 0.01176273 -1.02667e-5 -0.9996234 0.02744209 -1.77249e-5 -0.9999923 0.003920018 -3.52845e-4 -0.9999923 0.003921687 -3.53724e-4 -0.9999923 0.003925144 -3.21537e-4 -0.9996234 0.02744156 1.17049e-5 -0.9990711 0.0430954 3.9317e-6 -0.9999923 0.003921806 -3.59196e-4 -0.003918051 -0.1372469 -0.9905291 -0.003895461 -0.1372042 -0.9905352 -0.003910899 0.05883365 -0.9982602 -0.003910064 0.05880147 -0.9982621 -0.003923833 0.2392104 -0.9709599 -0.00390625 0.2470644 -0.9689912 -0.4666849 0.03535217 -0.8837169 -0.4509667 0.019629 -0.892325 -0.450972 0.011774 -0.8924604 -0.4353179 -0.003943562 -0.9002682 -0.6235213 -0.7725462 -0.1199738 -0.6392064 -0.7647064 -0.08148276 -0.6543358 -0.7562042 1.95615e-5 -0.662746 -0.7488443 0 -0.2627457 -0.6549132 0.7085574 -0.2784017 -0.6627433 0.6951718 -0.4117779 -0.6862517 0.5995811 -0.4352977 -0.6862637 0.5827161 -0.04313474 -0.6470549 0.7612223 -0.05883485 -0.6548908 0.7534299 0.1137334 -0.6862506 0.7184183 0.1215271 -0.6941398 0.7095078 -0.4745023 -0.7097837 0.5206291 -0.4745059 -0.7097993 0.5206046 -0.9999923 0.00393027 -3.45285e-4 -0.9999923 0.003930091 -3.45814e-4 -0.9999924 -0.003893554 -3.40214e-4 -0.9999926 -0.003846406 -3.32883e-4 -0.9999924 -0.003891885 -3.39964e-4 -0.9999922 -0.003940463 -3.467e-4 -0.6627544 0.003897845 0.7488267 -0.6470572 -0.1294086 0.7513791 -0.4744997 0.003935039 0.8802469 -0.4431771 -0.1842251 0.8773001 -0.1607896 -0.2235208 0.9613456 -0.1921503 0.003928005 0.9813577 -0.01176381 0.003916561 0.9999232 0.01960539 -0.270585 0.9624965 -0.7490062 0.003885626 0.6625517 -0.7333244 -0.1215789 0.66892 -0.4275209 -0.3489894 0.8339259 -0.6470531 -0.2470552 0.7213087 0.05881178 -0.5529627 0.8311278 -0.1451013 -0.4431389 0.8846319 -0.7177538 -0.2079266 0.6645268 -0.984305 -0.1764755 -3.43108e-4 -0.9450911 -0.3254877 -0.02933394 -0.9843068 -0.1764654 -3.4348e-4 -0.9450907 -0.3254891 -0.02933394 -0.9998095 -0.01951688 -4.81077e-5 -0.9998078 -0.01960384 -2.02788e-7 -0.999808 -0.01959341 -8.53161e-6 -0.4666636 0.8823456 -0.06075757 -0.4666621 0.8823456 -0.06077039 -0.4666647 0.8823461 -0.06074112 -0.4666634 0.8823461 -0.06075245 0.4666589 -0.8823484 -0.06075388 0.4666657 -0.8823443 -0.06075906 0.4666648 -0.8823443 -0.06076693 0.4666635 -0.8823446 -0.06077235 -0.3647006 -0.9294052 -0.05656415 -0.3647104 -0.9294014 -0.05656445 -0.3647035 -0.9294041 -0.05656427 -0.3647083 -0.9294022 -0.05656433 -0.9764384 0.2157961 -2.02632e-4 -0.9764794 0.2156109 -2.60606e-4 -0.9764781 0.2156167 -2.60567e-4 -0.9764402 0.2157884 -2.02662e-4 -0.2627248 -0.09017699 -0.9606477 -0.2705873 -0.09803223 -0.9576911 -0.137267 -0.05880194 -0.9887872 -0.1450946 -0.08232259 -0.9859871 -0.4117636 -0.1450953 -0.8996657 -0.4117935 -0.1450554 -0.8996583 -0.5519841 0.8338547 -9.86084e-6 -0.5519834 0.8338552 2.53171e-5 -0.5607824 0.8274427 -0.02935594 -0.5450945 0.8352857 -0.07190179 -0.5450906 0.8352904 -0.07187694 -0.5607798 0.827444 -0.02937072 -0.5607805 0.8274434 -0.02937072 -0.551989 0.8338514 -2.37413e-5 -0.1840519 0.9829165 7.38353e-6 -0.1840517 0.9829167 1.03265e-5 -0.1764681 0.9843063 -3.53247e-4 -0.1764695 0.9843061 -3.68653e-4 -0.1921547 0.9764651 -0.09794253 -0.1921596 0.976464 -0.09794205 0.9137179 0.3176401 -0.2534253 0.9137182 0.3176442 -0.2534193 0.9137191 0.3176525 -0.2534055 0.9137184 0.3176283 -0.2534383 0.4196029 -0.9058758 -0.0576421 0.4196058 -0.9058763 -0.05761134 0.380392 -0.9215602 -0.0776453 0.380389 -0.9215621 -0.07763731 0.4581422 -0.888879 -7.25128e-6 0.4581398 -0.8888803 -2.57265e-5 -0.9215618 -0.2862728 0.2622441 -0.9215629 -0.2862715 0.2622412 -0.9215648 -0.2862692 0.2622373 -0.921566 -0.2862684 0.2622342 -0.7880805 -0.6155723 0 -0.7880831 -0.6155689 0 -0.7881419 -0.6154936 0 -0.7880856 -0.6155658 0 0.5921542 -0.8039152 -0.05544477 0.5921555 -0.8039141 -0.05544489 0.5921519 -0.8039168 -0.05544465 0.5921533 -0.8039157 -0.05544477 -0.00393182 0.003932297 0.9999846 -0.003929972 0.003931999 0.9999846 -0.003932178 0.00393182 0.9999846 -0.003929853 0.003931939 0.9999846 -0.5921517 0.8039168 -0.05544477 -0.5921578 0.8039123 -0.05544501 -0.592154 0.8039152 -0.05544495 -0.5921536 0.8039155 -0.05544477 -0.003932297 0.00393182 -0.9999846 -0.003932178 0.003931939 -0.9999846 -0.00393182 0.003932297 -0.9999846 -0.003932118 0.003931999 -0.9999846 -0.8807465 -0.4735881 0 -0.880721 -0.4736355 0 -0.8807439 -0.4735928 -1.14206e-6 -0.8807185 -0.4736403 1.65667e-7 0.4425184 -0.8967595 2.40456e-7 0.4425184 -0.8967595 0 0.4425184 -0.8967595 -2.41596e-7 0.4425184 -0.8967595 0 -0.003932118 0.003931999 0.9999846 -0.003931999 0.003932118 0.9999846 -0.003931879 0.003932297 0.9999846 -0.003931939 0.003932178 0.9999846 -0.4425188 0.8967592 0 -0.4425172 0.8967601 -2.41597e-7 -0.4425188 0.8967593 0 -0.4425171 0.8967601 2.40456e-7 -0.003931879 0.003932297 -0.9999846 -0.003932535 0.003931581 -0.9999846 -0.003932118 0.003931999 -0.9999846 -0.003932535 0.003931581 -0.9999846 -0.05881136 0.01174461 0.9982001 -0.05097705 0.003913462 0.9986922 -0.05097609 -0.4745183 0.8787684 -0.0509864 0.003914356 0.9986917 -0.05882894 -0.003898143 0.9982605 -0.05883544 0.003870487 0.9982602 -0.05882531 -0.3333272 0.9409743 -0.01178765 -0.9058666 0.4233992 -0.01176625 -0.9686214 0.2482622 0.01177269 -0.9999308 2.46389e-5 0.01176548 -0.9999309 -2.20162e-5 0.00391519 -0.9999924 1.45412e-5 -0.003913283 -0.9999924 9.13962e-6 -0.003876626 -0.9999926 3.00049e-5 -0.003908216 -0.9999924 8.66763e-6 -0.05883884 0.003887772 -0.99826 -0.05883884 0.003887772 -0.99826 -0.05883914 0.003887951 -0.9982599 -0.05881845 0.003931164 -0.998261 -0.05881309 0.003903388 0.9982615 -0.05881315 0.003903329 0.9982615 -0.05881315 0.00390321 0.9982615 -0.05881315 0.00390321 0.9982615 0.003923118 -0.9999924 0 0.00390172 -0.9999924 0 0.00387305 -0.9999926 1.72898e-5 0.003943443 -0.9999923 -8.72604e-7 -0.04313302 0.003940403 0.9990617 -0.04314333 0.003897964 0.9990614 -0.04311501 -0.3960781 0.917204 -0.02747511 -0.5059053 0.8621513 -0.04315018 0.003897666 0.999061 -0.04313546 0.003927409 0.9990616 -0.003918826 -0.968626 0.2484926 -0.01961928 -0.9215745 0.3877056 0.003895223 -0.9999925 -1.00822e-6 0.003906965 -0.9999924 -5.11478e-7 0.003909826 -0.9999924 0 0.003880381 -0.9999925 4.92039e-7 0.003933846 -0.9999923 9.33942e-7 0.003864526 -0.9999926 -7.21411e-6 0.003919661 -0.9999924 0 -0.04313462 0.003927588 0.9990617 -0.04314506 0.003880798 0.9990614 -0.01176375 -0.9843068 0.1760734 -0.003929316 -0.9843099 0.1764054 -0.01176673 -0.9843054 0.1760808 -0.003928005 -0.9843091 0.1764096 -0.9999926 0.00385791 -3.26959e-4 -0.9999923 0.003922462 -3.38195e-4 -0.9999923 0.003922343 -3.38167e-4 -0.9999923 0.00392127 -3.37979e-4 -0.03529983 -0.458849 0.8878129 -0.05096888 -0.4117788 0.9098574 -0.01960235 -0.9450864 0.3262321 -0.01960247 -0.9372739 0.348042 -0.0431382 -0.003872036 0.9990617 -0.05099552 -0.4431276 0.895007 -0.01960074 -0.9529378 0.3025318 -0.05099803 -0.003946244 0.998691 -0.05882656 0.003916084 0.9982606 -0.04316681 -0.01176416 0.9989987 -0.04311609 0.01963675 0.9988771 -0.003899633 -0.9999924 6.25817e-6 -0.003876566 -0.9999926 5.03504e-6 0.003921866 -0.9999924 -7.18687e-6 0.003928184 -0.9999924 1.41764e-5 0.003920316 -0.9999924 7.62544e-6 -0.04313904 0.003900527 0.9990615 -0.05097621 0.003916263 0.9986922 -0.00393182 0.003932297 -0.9999846 -0.003931999 0.003932118 -0.9999846 -0.003932058 0.003932058 -0.9999846 -0.003932297 0.00393182 -0.9999846 -0.9999924 0.003915786 -3.44417e-4 -0.9999924 0.003915727 -3.44964e-4 -0.9999924 0.003915786 -3.4445e-4 -0.9999924 0.003915727 -3.44981e-4 0.00395137 -0.623517 0.7817998 0.003933429 -0.6235219 0.7817962 0.003939449 -0.6235198 0.7817977 0.003968656 -0.6235125 0.7818034 0.9215574 -0.3882424 -9.54141e-6 0.9137196 -0.4039174 -0.04435336 0.9187408 -0.3948612 3.78068e-5 0.9137198 -0.403917 -0.04435533 0.4666159 0.00388801 -0.8844516 0.4666693 -0.003897249 -0.8844234 0.6000043 0.003903448 -0.7999873 0.6000037 -0.003904402 -0.7999877 0.5999939 0.003894746 -0.7999952 0.5999956 -0.003921627 -0.7999938 0.3176577 0.00393784 -0.9481974 0.3176367 -0.003922522 -0.9482044 0.3333316 0.00391227 -0.9428017 0.6470316 0.04312437 -0.7612427 0.6392038 0.03529089 -0.7682273 0.4431152 -0.01179999 -0.8963871 0.4431352 -0.01960754 -0.8962404 0.5843403 0.02743387 -0.811045 0.7176373 0.02745658 -0.6958756 0.7333327 0.003887891 -0.6798589 0.4509789 0.003916323 -0.892526 0.1137244 0.003925621 -0.9935046 0.113725 -0.003925681 -0.9935046 0.2941071 -0.01960992 -0.9555714 0.2941319 -0.0196129 -0.9555637 0.01176279 -0.9999309 1.56686e-5 0.01960241 -0.9998078 6.99609e-6 0.01960182 -0.999808 1.46241e-5 0.0196042 -0.9998079 3.81889e-6 0.003919422 -0.9999924 6.63102e-6 -0.003918111 -0.9999924 8.20309e-6 0.01959955 -0.9998079 1.91651e-5 0.01960253 -0.9998078 2.65086e-6 0.01960414 -0.9998079 4.65661e-6 -0.003932356 0.00393176 0.9999846 0.003919601 0.9999923 -3.61227e-4 0.003919601 0.9999923 -3.61161e-4 -0.003918647 0.9999923 -3.60201e-4 -0.003918766 0.9999923 -3.60156e-4 0.9999924 0.003902494 1.00923e-5 0.9999925 -0.003902375 9.86713e-6 0.9999924 -0.003902494 1.00753e-5 0.9999924 -0.003902494 1.00667e-5 -0.003919422 -0.9999923 2.17818e-5 -0.003916561 -0.9999924 2.1504e-5 0.003918707 -0.9999923 2.29369e-5 0.003917098 -0.9999924 2.28304e-5 -0.9999924 0.003892719 -3.57052e-4 -0.9999924 0.00389266 -3.56889e-4 -0.9999924 0.003892719 -3.57011e-4 -0.9999924 0.00389266 -3.56847e-4 -0.08235847 0.00393033 -0.9965951 -0.08233112 0.00389117 -0.9965975 -0.08235865 0.00393027 -0.996595 -0.0823583 0.003930628 -0.996595 0.8901892 0.003928005 0.4555741 0.8901889 -0.003880083 0.4555752 0.8901896 0.003927946 0.4555733 0.8901899 -0.003927946 0.4555727 -0.4352839 -0.003896355 -0.9002848 -0.4352803 0.003897845 -0.9002866 -0.4353008 0.003940403 -0.9002765 -0.4352795 0.003898203 -0.9002869 -0.5686174 0.003929913 0.8225929 -0.5686147 0.003930091 0.8225947 -0.5686139 0.003930211 0.8225952 -0.5686121 0.003930211 0.8225964 -0.1137043 0.5215721 0.8455969 -0.1137096 0.5137217 0.8503883 -0.1137274 0.5215612 0.8456005 -0.1137176 0.5137241 0.8503858 -0.5450994 0.03530085 0.837628 -0.5293681 -0.2941278 0.7957754 -0.5294027 0.02745443 0.8479264 -0.5059458 -0.3019441 0.8079906 -0.5058875 -0.7803951 0.3675069 -0.4980116 -0.7725385 0.3939148 -0.4352937 -0.8980314 0.06371223 -0.4274513 -0.8980338 0.1040229 0.3489769 -0.9371315 1.89591e-5 0.4509755 -0.8745008 0.1785201 0.3489758 -0.9371318 -1.82726e-5 0.4352913 -0.8666588 0.2437703 0.5215526 -0.4117469 0.7472934 0.4980347 -0.3803919 0.7792711 0.4823637 0.003907501 0.8759624 0.4823592 0.003910243 0.8759648 0.3411737 -0.9372484 -0.07187563 0.3489703 -0.9371338 -1.25021e-5 0.3489746 -0.9371322 9.80671e-6 0.3176424 0.003880858 -0.9482026 0.3254798 -0.003907561 -0.9455409 0.3176426 0.003930389 -0.9482024 0.3254606 -0.00386852 -0.9455477 -0.03529244 0.00392121 -0.9993694 -0.03529417 0.003921449 -0.9993693 -0.03530156 0.003874123 -0.9993693 -0.03529518 0.003921627 -0.9993693 0.9843057 0.003914654 -0.1764284 0.9843076 0.003961324 -0.176417 0.9843055 0.0038805 -0.1764305 0.9843053 0.00391227 -0.1764304 0.9843077 0.003925442 -0.1764177 0.9843038 0.003914952 -0.1764395 -0.8823478 -0.4352918 0.1788396 -0.9529303 -0.2862787 -0.09984177 -0.8823506 -0.4431307 0.1584066 -0.9529291 -0.27844 -0.1199884 -0.9293965 0.003930866 -0.369062 -0.9294133 0.003909885 -0.3690202 -0.1916077 -0.9814717 -2.94671e-6 -0.2000001 -0.9764645 0.08072954 -0.152938 -0.984308 0.08802169 -0.1686254 -0.9843067 0.05201834 0.003933429 -0.9999923 3.43805e-5 0.003926038 -0.9999923 1.10227e-5 0.01176387 -0.9999308 1.29174e-5 -0.003921508 -0.9999924 -1.01198e-5 0.003921389 -0.9999924 1.22832e-5 0.00392127 -0.9999924 -6.94022e-6 0.0196045 -0.9998078 -2.5793e-6 0.01960313 -0.9998078 -2.02451e-5 0.02744185 -0.9996235 -1.12858e-5 0.01174122 -0.9999312 -1.15486e-5 0.01176327 -0.9999308 -1.38003e-5 0.02744293 -0.9996234 -1.83485e-5 0.02744072 -0.9996235 1.05016e-5 0.003917694 -0.9999923 -1.50462e-5 0.003922998 -0.9999924 1.64062e-5 0.003919243 -0.9999924 -1.43833e-5 0.04309594 -0.999071 9.68575e-7 0.003920257 -0.9999924 2.42895e-5 0.05882513 0.003923416 -0.9982606 -0.1372538 0.003922045 -0.9905282 0.05885106 -0.003892242 -0.9982593 -0.1372376 -0.003913581 -0.9905304 0.2392207 0.003911256 -0.9709573 0.2470732 -0.00388354 -0.9689891 -0.003900766 -0.4352487 -0.9003018 0.01957952 -0.4509786 -0.89232 0.01176756 -0.4509762 -0.8924585 0.03526777 -0.4666618 -0.8837324 -0.08235245 -0.09798926 0.9917743 -0.07451194 -0.08235514 0.9938138 -0.05882573 -0.09019851 0.994185 -0.05883771 -0.09019845 0.9941843 -0.05880832 -0.1058727 0.9926392 -0.05097627 -0.1058793 0.9930715 0.1999924 -0.2784168 0.9394079 -0.03524816 -0.152989 0.9875991 0.5686268 -0.4745245 0.6719301 0.568626 -0.4745048 0.6719447 0.1999868 -0.2784332 0.9394043 0.5843096 -0.4509741 0.6746886 0.5529736 -0.5058465 0.6620722 -0.08236116 -0.09802073 0.9917705 -0.3882291 0.04311805 0.9205538 -0.1294183 -0.105897 0.9859193 -0.168659 -0.08238941 0.9822251 -0.3882646 0.04311817 0.9205387 -0.7019652 0.239232 0.67083 -0.7176607 0.2156797 0.6621522 -0.7176245 0.2156814 0.6621909 -0.7411668 0.1843125 0.6455237 -0.1137239 -0.0901941 0.9894099 -0.0980494 -0.07450836 0.9923885 -0.08235335 -0.07450222 0.9938145 -0.09030681 -0.05869352 0.994183 -0.09018665 -0.05097717 0.9946194 -0.05885607 -0.09018027 0.9941849 -0.2784434 0.2000097 0.9393963 -0.1529836 -0.03524136 0.9876002 -0.2784274 0.2000181 0.9393993 -0.4431449 0.5843005 0.6798644 -0.4744443 0.568653 0.6719647 -0.4745113 0.568618 0.6719469 -0.4980381 0.5607753 0.6614297 0.4980301 -0.4666665 -0.7308819 0.4980302 -0.4666666 -0.7308819 0.4980301 -0.4666665 -0.730882 -0.6392062 0.2000305 -0.7425653 -0.6392061 0.2000305 -0.7425654 -0.6392062 0.2000305 -0.7425653 0.2000212 -0.6392108 -0.7425639 0.2000212 -0.6392108 -0.7425639 0.2000212 -0.6392107 -0.742564 -0.8823474 -0.4666614 -0.06074798 -0.8823466 -0.4666596 -0.06077361 -0.8823472 -0.4666614 -0.06074982 -0.8823412 -0.4666724 -0.06075477 -0.8823419 -0.466673 -0.06073993 -0.8823471 -0.4666644 -0.06072753 -0.8823509 -0.4666576 -0.06072586 -0.882345 -0.4666668 -0.06074094 -0.4666586 0.4980415 -0.7308793 -0.4666587 0.4980415 -0.7308791 -0.4666585 0.4980415 -0.7308794 -0.631375 0.239216 0.7376595 -0.631375 0.239216 0.7376595 -0.631375 0.2392159 0.7376595 -0.4666726 -0.8823369 -0.06081473 -0.4666656 -0.8823446 -0.06075656 -0.4666628 -0.8823457 -0.060763 -0.466662 -0.882347 -0.06074845 -0.4736255 -0.8807263 -2.80121e-5 -0.4666636 -0.8823465 -0.06074386 -0.4666622 -0.882348 -0.06073349 -0.466661 -0.8823506 -0.06070286 0.5451029 -0.3960814 0.7389062 0.545103 -0.3960813 0.7389062 0.5451029 -0.3960816 0.7389062 -0.3960759 0.5451056 0.7389072 -0.3960759 0.5451056 0.7389073 -0.3960762 0.5451054 0.7389072 0.2470353 -0.6313534 0.7350963 0.2470353 -0.6313533 0.7350963 0.2470354 -0.6313532 0.7350964 -0.4666641 -0.882346 -0.06074851 -0.466661 -0.8823484 -0.06073725 -0.466664 -0.8823471 -0.06073278 -0.4666636 -0.8823447 -0.06077045 -0.4666678 -0.8823457 -0.06072318 -0.4666608 -0.8823463 -0.0607683 -0.4666622 -0.882346 -0.06076252 -0.4666696 -0.8823432 -0.06074565 -0.4666667 -0.882344 -0.06075733 -0.4666671 -0.8823429 -0.06077063 -0.4666631 -0.8823456 -0.06076014 -0.4666643 -0.8823451 -0.06075853 -0.4666649 -0.8823453 -0.06075018 -0.4666621 -0.8823462 -0.06075972 -0.4666647 -0.8823457 -0.06074732 -0.4666647 -0.8823462 -0.06074106 -0.8823428 -0.4666674 -0.06076848 -0.8823431 -0.4666681 -0.060759 -0.8823481 -0.4666584 -0.06076157 -0.8823463 -0.4666625 -0.06075483 -0.8823475 -0.4666608 -0.06075066 -0.8823478 -0.4666628 -0.06073206 -0.8823498 -0.4666563 -0.06075251 -0.8823516 -0.4666545 -0.06073975 -0.8823497 -0.4666566 -0.06075066 -0.8823503 -0.466658 -0.06073099 -0.8823469 -0.4666602 -0.06076353 -0.8823445 -0.4666652 -0.06076151 -0.8823468 -0.4666628 -0.06074756 -0.8823457 -0.4666616 -0.06077027 -0.882342 -0.4666721 -0.06074339 -0.8823458 -0.4666647 -0.06074696 0.686272 -0.7254818 -0.05202913 0.6862709 -0.7254819 -0.05204039 0.5607689 -0.7254804 -0.3990194 0.5764747 -0.7333236 -0.3604352 0.1450932 -0.4823486 -0.8638795 0.1059056 -0.4588521 -0.8821785 -0.4824494 -0.1527356 -0.8625048 -0.4431383 -0.1686269 -0.8804507 -0.921557 0.05882668 -0.3837605 -0.9294074 0.07450699 -0.3614563 -0.9843068 0.1607825 -0.07272738 -0.9843065 0.1607832 -0.07272851 -0.06667989 -0.6941325 0.7167524 -0.05880087 -0.7019605 0.7097845 0.176465 -0.7882226 0.5895467 0.176481 -0.7882354 0.5895248 -0.5529488 -0.4353026 0.7104641 -0.545062 -0.4431447 0.7117093 -0.7568713 -0.286314 0.5875118 -0.7568719 -0.2863132 0.5875115 -0.7254849 0.5607858 -0.3989874 -0.7333341 0.576449 -0.3604547 -0.7254846 0.6862706 -0.05200684 -0.72549 0.6862636 -0.0520249 -0.4588535 0.1059046 -0.8821779 -0.4823557 0.1450911 -0.863876 -0.1686015 -0.4430166 -0.8805168 -0.1529257 -0.4823882 -0.8625053 0.0745216 -0.9293977 -0.361478 0.0588268 -0.9215565 -0.3837615 0.1607822 -0.9843077 -0.07271552 0.1607825 -0.9843075 -0.07271724 -0.4431349 -0.5450873 0.7116961 -0.4352896 -0.5529366 0.7104817 -0.2862872 -0.7568714 0.5875248 -0.2862997 -0.7568908 0.5874937 -0.7019549 -0.0587911 0.7097908 -0.6941397 -0.06667768 0.7167456 -0.7882297 0.1764641 0.5895374 -0.7882335 0.1764525 0.5895358 -0.1294206 -0.176468 0.9757609 -0.1215794 -0.1686108 0.9781559 -0.1452966 -0.1451731 0.9786795 -0.1450259 -0.1449905 0.9787468 -0.1764573 -0.1294277 0.9757619 -0.1685918 -0.1216 0.9781566 -0.1999825 -0.1999837 0.9591734 -0.1842904 -0.239215 0.953317 -0.3176461 -0.3176453 0.8934218 -0.2784271 -0.3568595 0.8917005 -0.2392137 -0.1843066 0.9533142 -0.3646968 -0.2784428 0.888519 -0.364731 -0.3647346 0.8567029 -0.3019867 -0.3960823 0.8671349 -0.3019824 -0.3960804 0.8671371 -0.4039229 -0.3098336 0.8607262 -0.3960771 -0.3019614 0.8671461 -0.09805071 -0.2235116 0.969757 -0.09019041 -0.2078378 0.9739965 -0.07451826 -0.1999785 0.9769625 -0.08234435 -0.168623 0.9822351 -0.09019863 -0.1529126 0.9841148 -0.0901826 -0.1372504 0.9864226 -0.09802043 -0.2548891 0.9619894 -0.09804064 -0.2784341 0.9554384 -0.1451011 -0.4117669 0.8996632 -0.1450302 -0.4274357 0.8923368 -0.160785 -0.4666668 0.8696956 -0.152941 -0.4588299 0.8752624 -0.160697 -0.4746482 0.8653817 -0.1607775 -0.4745557 0.8654175 -0.00393182 0.003932297 0.9999846 0.003949999 0.00394982 0.9999845 0.003932237 0.003931879 0.9999846 -0.08226001 -0.0666759 0.994378 -0.06664925 -0.06664758 0.9955481 -0.05880242 -0.07448863 0.9954867 0.003931999 0.003932118 0.9999846 -0.003931999 0.003932118 0.9999846 -0.1529473 -0.1607761 0.9750683 -0.1764608 -0.1294231 0.975762 -0.137244 -0.1764656 0.9746918 -0.1529159 -0.1764916 0.9723516 -0.121554 -0.2235403 0.9670855 -0.2235095 -0.1215777 0.9670897 -0.17647 -0.1529316 0.972353 -0.05883288 -0.07449924 0.9954842 -0.1764699 -0.1529376 0.972352 -0.1372427 -0.1764641 0.9746922 -0.1294143 -0.1764681 0.9757618 -0.1294811 -0.1608067 0.9784559 -0.1294811 -0.1608068 0.9784559 -0.1764859 -0.1529389 0.9723489 -0.1607762 -0.1293964 0.9784722 -0.1529378 -0.1764523 0.9723553 -0.160776 -0.1293964 0.9784722 -0.1999607 -0.07453447 0.976965 -0.1686394 -0.07450073 0.9828583 -0.2156 -0.09798383 0.9715534 -0.160807 -0.08232146 0.9835468 -0.1607841 -0.07449597 0.9841743 -0.2313331 -0.1215086 0.9652568 -0.2548749 -0.09799611 0.9619957 -0.2783312 -0.09798628 0.955474 -0.4117245 -0.1450793 0.8996861 -0.427569 -0.1450702 0.8922665 -0.4666481 -0.1607756 0.8697074 -0.4744476 -0.1608657 0.8654605 -0.4744956 -0.1608017 0.865446 -0.4666454 -0.1529781 0.8711142 -0.6940997 -0.01960289 0.719612 -0.686288 -0.01960289 0.7270658 -0.6862844 -0.01960307 0.7270691 -0.6862776 -0.01960295 0.7270756 -0.521573 -0.5215717 0.6752219 -0.5215801 -0.521579 0.6752109 -0.5921412 -0.4431629 0.6730346 -0.5921533 -0.4431295 0.673046 -0.4509727 -0.5921528 0.6678164 -0.4509605 -0.5921468 0.6678299 -0.0196079 -0.6862938 0.7270601 -0.0196073 -0.6862828 0.7270705 -0.01960527 -0.6863033 0.7270512 -0.01960575 -0.6941052 0.7196066 0.2548937 -0.5137179 0.8192211 0.2627432 -0.5137196 0.8167362 0.3333724 -0.4509657 0.8279449 0.3333366 -0.4509854 0.8279487 0.1764956 -0.6156519 0.7679988 0.1764673 -0.6078389 0.7742035 0.1450951 -0.6470556 0.7485094 0.145103 -0.647036 0.748525 0.2470645 -0.3019675 0.9207469 0.2470589 -0.3019637 0.9207497 0.24706 -0.2941188 0.9232853 0.2470808 -0.2941173 0.9232801 0.05099385 0.04313629 0.997767 0.04313129 0.0431388 0.9981377 0.04312825 0.05881124 0.9973371 0.04312515 0.05880737 0.9973375 0.08234304 0.06666964 0.9943716 0.09016805 0.06665515 0.9936936 -0.2940938 0.2862505 0.9119043 -0.2941152 0.2784285 0.9143161 -0.2862686 0.2784274 0.9168035 -0.2862388 0.2784464 0.9168069 -0.6156617 0.1764918 0.7679919 -0.6235347 0.176462 0.7616204 -0.6627322 0.1529453 0.7330715 -0.6705844 0.1607827 0.7241999 -0.5137128 0.2627394 0.8167418 -0.5136945 0.2626766 0.8167735 -0.4509837 0.3254938 0.8310641 -0.4588254 0.3333342 0.8236308 0.4196082 -0.4196401 0.8048796 0.4195944 -0.4195928 0.8049114 0.4587925 -0.3254429 0.8267989 0.4588251 -0.3254578 0.826775 0.4196099 -0.4352946 0.7965214 0.4117918 -0.4352704 0.8006044 0.4744899 -0.2314187 0.8492966 0.4745001 -0.2314258 0.849289 0.4745228 -0.2314024 0.8492828 0.474501 -0.2313612 0.849306 0.3333212 -0.1058749 0.9368498 0.3333328 -0.105885 0.9368445 0.3333871 -0.1059178 0.9368215 0.3333182 -0.1058747 0.9368509 0.04313528 0.1215668 0.9916455 0.04311984 0.1215534 0.9916479 0.04313939 0.1215718 0.9916447 0.04312551 0.1215562 0.9916473 -0.4039368 0.09021103 0.9103281 -0.4039064 0.09018486 0.9103442 -0.4038992 0.09018021 0.9103478 -0.40393 0.09020805 0.9103313 -0.6392074 -0.1686261 0.7503194 -0.6392163 -0.1764709 0.7485056 -0.6549059 -0.2156835 0.7242783 -0.6548951 -0.2156866 0.7242871 -0.6000058 -0.03530317 0.7992164 -0.6078441 -0.03529042 0.793272 -0.5842808 0.02748227 0.8110862 -0.5842911 0.02747815 0.8110789 -0.5921475 0.003927111 0.80582 -0.5921586 0.003918528 0.805812 -0.5764654 -0.3960593 0.7147201 -0.5764579 -0.3960719 0.7147191 -0.57646 -0.3960714 0.7147177 -0.5843018 -0.4039196 0.7038753 -0.2784242 -0.6862554 0.6719625 -0.2784283 -0.6862705 0.6719454 -0.2784299 -0.678427 0.679863 -0.2784451 -0.67844 0.6798438 0.2156838 -0.6313689 0.7448852 0.2235419 -0.639195 0.7358388 0.223524 -0.6392176 0.7358247 0.2391948 -0.6391879 0.7309068 -0.3254863 0.4352621 0.8394079 -0.3254687 0.4274771 0.8434059 -0.4274166 0.3960527 0.8126853 -0.4274303 0.3960239 0.8126921 -0.2313653 0.4431594 0.8660717 -0.2313634 0.4509347 0.8620493 -0.2313742 0.450966 0.86203 -0.2313843 0.4509525 0.8620343 -0.4353007 0.3882319 0.8122743 -0.435271 0.3882786 0.8122677 -0.6235147 0.2156617 0.7514783 -0.6156869 0.2156735 0.7579014 -0.6156928 0.215653 0.7579025 -0.60781 0.2157137 0.7642216 -0.6627271 -0.2627926 0.7012367 -0.6627352 -0.2627839 0.7012323 -0.6705796 -0.2705845 0.6907294 -0.6705872 -0.2705916 0.6907192 -0.3882432 -0.5607809 0.7312948 -0.396086 -0.5607877 0.7270717 -0.3960625 -0.5529602 0.7330551 -0.3960736 -0.5529342 0.7330685 0.01955866 -0.5607492 0.8277546 0.01957827 -0.5607826 0.8277317 -0.01177972 -0.5686197 0.8225162 -0.01176136 -0.56862 0.8225162 -0.05100911 -0.5842812 0.8099467 -0.05101966 -0.5842928 0.8099376 -0.1921204 -0.6235202 0.7578341 -0.1843435 -0.6234796 0.7597965 -0.2235176 -0.6313651 0.7425754 -0.223501 -0.6313591 0.7425854 0.05880469 -0.3960949 0.9163246 0.05880969 -0.3960963 0.9163238 0.05881488 -0.3960927 0.9163249 0.05881184 -0.396056 0.9163411 0.08224397 0.02744585 0.9962343 0.08226162 0.02744913 0.9962328 0.0823431 0.02745771 0.9962258 0.08227264 0.02751201 0.9962301 -0.1294494 0.3097468 0.9419659 -0.1294341 0.3097647 0.9419622 -0.1294164 0.3097914 0.9419559 -0.1294322 0.3097592 0.9419643 -0.4352837 -0.7725487 0.4622736 -0.4274511 -0.7725453 0.4695309 -0.4352717 -0.7725596 0.4622666 -0.4274486 -0.7725433 0.4695364 0.2156765 -0.7254674 0.6535907 0.2156794 -0.7176656 0.6621469 0.04314732 -0.388232 0.9205511 0.2392237 -0.7019663 0.6708319 0.1843196 -0.7411663 0.6455222 0.0431208 -0.3882505 0.9205445 -0.0980587 -0.1294074 0.9867311 -0.08235895 -0.1686315 0.9822325 -0.1372073 -0.066675 0.9882959 -0.7725431 -0.4352737 0.4622921 -0.7725383 -0.4274411 0.4695519 -0.7725468 -0.4352794 0.4622805 -0.780394 -0.427441 0.4563766 0.1294138 -0.7176302 0.6842947 0.1294041 -0.7176522 0.6842733 0.1294052 -0.7176487 0.6842768 0.1294065 -0.7176544 0.6842706 -0.6862723 -0.2705873 0.6751391 -0.6862515 -0.2705825 0.6751621 -0.6862584 -0.270585 0.6751543 -0.6862641 -0.2705841 0.6751488 -0.2705835 -0.6862833 0.6751296 -0.2705875 -0.6862565 0.6751551 -0.2705891 -0.6862426 0.6751687 -0.2705854 -0.6862586 0.6751538 -0.7176399 0.1294116 0.6842848 -0.717629 0.129418 0.6842951 -0.7176423 0.1294102 0.6842825 -0.7176636 0.1293982 0.6842625 0.7019577 -0.7097976 -0.05867624 0.4581564 -0.8888717 -5.3799e-6 0.7071069 -0.7071067 2.70084e-7 0.4581538 -0.8888729 -2.95398e-6 0.8823488 -0.4666603 -0.06073671 0.8888776 -0.4581449 -4.20585e-6 0.3176487 -0.9450879 0.07686436 0.3176458 -0.9450889 0.07686501 -0.3176211 0.9451081 0.07672983 0.3176415 -0.945091 -0.07685792 0.3176418 -0.9450935 -0.07682496 0.9450907 -0.3176437 -0.07685041 0.9510042 -0.3091782 -2.148e-5 0.6864017 0.3881689 -0.6149615 0.9450908 -0.3176457 -0.07684081 0.945091 -0.3176414 0.07685649 -0.003932237 0.003931879 -0.9999846 -0.003932356 0.00393176 -0.9999846 -0.003932118 0.003932118 -0.9999846 -0.003932893 0.003931999 -0.9999846 -0.003931879 0.003932237 -0.9999846 -0.003931283 0.003932237 -0.9999846 -0.003932237 0.003931999 -0.9999846 -0.003932178 0.003932178 -0.9999846 -0.003932297 0.00393182 -0.9999846 -0.003931879 0.003932237 -0.9999846 0.4581259 -0.8888874 1.55413e-6 0.4274158 -0.8117757 0.3979145 0.2156529 -0.9764701 0 0.1451538 -0.9058722 0.3979021 0.7071066 -0.707107 0 0.6470639 -0.6470658 0.4032547 0.3019636 -0.5843086 0.7532606 0.1058813 -0.6548989 0.7482624 0.4667183 -0.4667232 0.751228 -0.003906667 -0.9137147 0.4063378 -0.003903567 -0.6627458 0.7488343 0.003884255 -0.9999926 -5.49341e-6 -0.003883898 -0.9999926 1.97849e-6 0.003900408 -0.9999924 -1.12562e-6 0.8117898 -0.4274271 0.3978737 0.888888 -0.4581249 0 0.9764704 -0.2156519 0 0.9058755 -0.145104 0.3979127 0.5843067 -0.3019635 0.7532621 0.6549 -0.1058806 0.7482616 0.9137127 0.003897726 0.4063421 0.6627483 0.003901839 0.748832 0.9999924 0.003903985 -5.7595e-7 0.9999926 -0.003868281 -1.18347e-5 0.9999924 -0.003900647 -1.23226e-6 0.4353336 -0.8352993 0.3357973 0.388224 -0.7411677 0.5476792 0.1529018 -0.9294236 0.3358466 0.1372423 -0.8196229 0.556222 0.662741 -0.6627418 0.3486369 0.5921584 -0.5921581 0.546532 0.05887055 -0.3803467 0.9229684 0.1764667 -0.3411611 0.9232922 -0.003905236 0.003905534 0.9999848 0.2705976 -0.2705978 0.9238798 -0.003909587 -0.9450868 0.3267964 -0.003917932 -0.8274468 0.5615304 -0.003911852 -0.3568558 0.9341514 0.7411679 -0.3882251 0.5476784 0.8353127 -0.4353778 0.3357068 0.9294235 -0.1529024 0.3358463 0.8196287 -0.1372385 0.5562145 0.3411621 -0.1764688 0.9232916 0.3803476 -0.05887115 0.922968 0.9450871 0.003908634 0.3267954 0.3568555 0.003907859 0.9341515 0.8274466 0.003917098 0.5615308 0.9450867 0.003908455 0.3267967 0.2157365 -0.4196345 0.8816829 0.1529363 -0.4587707 0.8752942 0.3098047 -0.592148 0.7438964 0.2156541 -0.639238 0.7381518 0.4745063 -0.4745067 0.7414089 0.3333376 -0.3333422 0.8819122 0.5921877 -0.3097993 0.7438671 0.419607 -0.2235228 0.8797544 0.6392319 -0.2156613 0.7381551 0.4587705 -0.1529363 0.8752943 0.3411823 -0.6627442 0.666607 0.2392137 -0.717646 0.6540345 0.06659764 -0.1921455 0.9791041 0.09020584 -0.1764687 0.9801642 -0.003932654 0.00393182 0.9999846 -0.003931999 0.003932118 0.9999846 0.1372477 -0.1372445 0.9809827 -0.003930568 0.003931879 0.9999846 -0.003931522 0.003931999 0.9999846 0.176468 -0.09022015 0.980163 -0.003930807 0.003931999 0.9999846 0.1921522 -0.06665688 0.9790988 0.717642 -0.2392138 0.6540389 0.6627449 -0.3490006 0.6625464 0.5293649 -0.5294418 0.6629211 0.7725499 -0.6313608 -0.06745558 0.772548 -0.6313632 0.06745553 0.7725459 -0.6313657 0.06745547 0.7725436 -0.6313686 0.06745541 0.7176456 -0.4117338 0.5616584 0.7097843 -0.3961094 0.5824978 0.694118 -0.2548882 0.6732252 0.686298 -0.2470156 0.6840894 0.6784414 -0.02741092 0.734143 0.6862633 -0.05098289 0.7255643 0.6862661 0.1058773 0.7196032 0.6941316 0.1136997 0.710812 0.7411745 -0.4509775 0.4972723 0.7411538 -0.4509633 0.4973159 0.4581372 -0.8888815 -2.15704e-6 0.4509747 -0.8666585 0.2133659 0.1607688 -0.9843087 -0.07273143 0.1607796 -0.9686183 0.1895483 0.7071064 -0.7071072 0 0.6941116 -0.6941111 0.1908374 -0.003917753 -0.9764668 0.2156324 -0.003929913 -0.9999923 2.58777e-7 0.866657 -0.4509724 0.2133768 0.8888817 -0.4581368 0 0.9843068 -0.160781 -0.07273149 0.9686215 -0.1607858 0.1895267 0.9764667 0.003915905 0.215633 0.9999923 0.003930449 2.60004e-7 0.137257 -0.8431116 0.5199263 0.3960626 -0.7568493 0.5199171 0.1215554 -0.7490291 0.6512908 0.3490298 -0.6706076 0.6545714 0.599999 -0.5999997 0.5291518 0.5372359 -0.5372354 0.6501968 -0.003914654 -0.8509722 0.5251962 -0.00391817 -0.7646996 0.644375 0.756855 -0.3960718 0.5199018 0.8431057 -0.1372587 0.5199354 0.670576 -0.3490129 0.6546128 0.7489938 -0.1215845 0.651326 0.8509725 0.003914535 0.5251957 0.7647012 0.003919661 0.6443731 -0.04314607 0.08235687 0.9956686 -0.04316169 0.08237695 0.9956662 -0.01177579 0.09019815 0.9958543 -0.01174807 0.09019702 0.9958547 -0.003936886 0.09018754 0.9959171 -0.003934562 0.09018933 0.9959169 -0.06662893 0.06663435 0.9955504 -0.06662976 0.06663686 0.9955502 -0.08234852 0.04312527 0.9956701 -0.08240652 0.04316365 0.9956637 -0.09018748 0.01177644 0.9958552 -0.09018266 0.0117492 0.995856 -0.09020006 0.003935933 0.995916 -0.09020709 0.003933191 0.9959154 -0.003931522 -0.9999924 -3.96747e-6 -0.003920257 -0.9999923 -2.65113e-6 0.003912091 -0.9999924 -2.69984e-7 0.003914952 -0.9999924 0 0.003873169 -0.9999926 0 0.003921151 -0.9999923 0 -0.003944993 -0.4744958 0.880249 -0.003933608 -0.6627333 0.7488452 0.1843261 -0.4431256 0.8773047 0.1294179 -0.6470401 0.7513922 -0.003927171 -0.1921643 0.981355 0.2235466 -0.1607697 0.9613429 0.1215441 -0.7333379 0.6689115 -0.003912746 -0.7490119 0.6625451 0.3490127 -0.427441 0.8339571 0.2470665 -0.6470577 0.7213006 0.443136 -0.1451027 0.8846331 0.5529521 0.05881243 0.8311348 0.27058 0.01959878 0.962498 -0.003931999 -0.1921681 0.9813542 0.2077317 -0.7174859 0.6648771 -0.003917098 -0.01176398 0.9999232 -0.003919959 -0.192169 0.9813541 0.270582 0.01959079 0.9624976 -0.003907263 0.003906846 -0.9999848 0.239229 -0.2392293 -0.9410308 0.1137177 -0.3098308 -0.9439668 0.4274979 -0.4274979 -0.7965494 0.2001597 -0.560793 -0.8033974 -0.003915011 -0.6078368 -0.7940524 -0.003909528 -0.3333328 -0.9428011 -0.003910064 0.003899574 -0.9999848 0.6235242 -0.6235238 -0.471631 0.4038988 -0.7803876 -0.477348 0.1529379 -0.8666689 -0.4748633 -0.003919243 -0.8745025 -0.4850053 0.4588698 -0.8823151 -0.1046836 0.7019528 -0.7019535 -0.1205142 0.4581459 -0.8888771 -1.14229e-5 0.7071071 -0.7071066 0 0.3097958 -0.9294123 -0.2005482 0.1529381 -0.9607739 -0.2313513 -0.003934979 -0.9764643 -0.2156431 0.3176422 -0.9450894 -0.07687264 0.317645 -0.9450895 0.07685995 0.3176493 -0.9450875 0.07686758 0.3166453 -0.9454253 -0.07685685 0.8888773 -0.4581456 -1.59124e-6 0.8823151 -0.4588698 -0.1046836 0.7803875 -0.4038987 -0.4773481 0.560801 -0.2002602 -0.8033667 0.3098309 -0.1137176 -0.9439668 -0.003906965 0.003907442 -0.9999848 0.6078368 0.003914833 -0.7940524 0.3333327 0.003909587 -0.9428012 -0.003946721 0.003918826 -0.9999846 0.8666417 -0.1529436 -0.474911 0.8745025 0.003919363 -0.4850054 0.9294123 -0.3097956 -0.2005481 0.960774 -0.1529381 -0.2313514 0.9764643 0.003934562 -0.2156431 0.9450887 -0.3176447 -0.07687175 0.9450894 -0.3176454 0.07686054 0.9452967 -0.3170365 0.07682436 0.9450915 -0.3176488 0.07682132 0.1921725 -0.5764581 0.7942076 0.2940949 -0.5529756 0.779568 0.2392113 -0.7019432 0.6708605 0.3490054 -0.6705587 0.6546345 0.5372648 -0.5372644 0.6501488 0.4509587 -0.4509562 0.7702432 0.5529564 -0.2941085 0.7795765 0.6705839 -0.3490193 0.6546013 0.7019409 -0.2392088 0.6708638 0.5764664 -0.1999996 0.7922668 0.3646376 -0.3647193 0.8567492 0.301979 -0.3960439 0.8671551 0.4039431 -0.3019682 0.8635076 0.1607584 -0.4588248 0.8738631 0.1607682 -0.4744721 0.8654651 0.4666659 -0.1607854 0.8696959 0.4587897 -0.1529569 0.8752808 0.2234757 -0.458786 0.8599849 0.1606871 -0.4666942 0.8696988 0.4353708 -0.2627368 0.8610585 0.4666666 -0.1607802 0.8696965 0.419597 -0.1529356 0.8947342 0.4196137 -0.1451033 0.8960298 0.2705975 -0.0353074 0.962045 0.2784572 -0.03530907 0.9597994 0.1686211 -0.01960772 0.985486 0.1765103 -0.01958495 0.984104 0.1764597 -0.01181375 0.984237 0.1686263 -0.03529351 0.985048 0.1764844 -0.003904461 0.9842957 0.1607562 -0.0431208 0.9860517 0.05882549 -0.01960688 0.9980758 -0.003934323 0.003932178 0.9999846 -0.003938794 0.003932058 0.9999845 0.1764928 -0.003890097 0.9842944 0.1686211 -0.05879199 0.9839261 0.1843304 -0.09803795 0.9779627 0.1921478 -0.0980755 0.976453 0.1842928 -0.09802818 0.9779707 0.1765038 -0.09022086 0.9801564 0.1686284 -0.05883514 0.9839223 0.2235351 -0.03529059 0.9740568 0.2705694 0.003933966 0.9626924 0.0588423 -0.01959198 0.998075 0.2235367 -0.08233457 0.9712118 0.223525 -0.03528302 0.9740595 0.2156922 -0.09018379 0.9722879 0.1843309 -0.09803652 0.9779627 0.1686154 -0.07450205 0.9828624 0.1686153 -0.07450222 0.9828624 0.2235255 -0.03529995 0.9740588 0.01956051 -0.1765495 0.9840974 0.01960718 -0.1686379 0.9854831 0.03529042 -0.2705788 0.9620509 0.01185959 -0.1764507 0.984238 0.04312407 -0.1686109 0.984739 0.003855526 -0.1765323 0.9842873 0.04311865 -0.1607523 0.9860525 0.01960533 -0.05880713 0.9980769 -0.003931939 0.003931999 0.9999846 -0.003932356 0.00393176 0.9999846 0.003835082 -0.1765483 0.9842845 0.09804767 -0.1921393 0.9764574 0.05889165 -0.1685686 0.9839291 0.03529125 -0.2705497 0.962059 0.1450775 -0.4274405 0.8923269 0.152919 -0.4274151 0.8910288 0.01960396 -0.05882751 0.9980757 0.003921747 -0.2549025 0.9669589 0.05882179 -0.2392137 0.9691836 0.03529179 -0.2156891 0.9758241 0.03528171 -0.215693 0.9758237 0.0745126 -0.1686331 0.9828585 0.07451289 -0.1686331 0.9828585 0.09804403 -0.1843028 0.9779673 0.09803783 -0.1921689 0.9764526 0.09805065 -0.200006 0.9748763 0.05884182 -0.2392017 0.9691853 0.113725 -0.160784 0.9804158 0.1293814 -0.2235532 0.9660665 0.1058556 -0.1529583 0.9825469 0.1215883 -0.2235079 0.9670887 0.1921582 -0.3647004 0.9110811 0.1921729 -0.3646913 0.9110817 0.2627066 -0.4353057 0.8611006 0.1058532 -0.1450716 0.9837426 0.09803634 -0.1293904 0.9867356 0.1608049 -0.1137412 0.9804106 0.1529529 -0.1058545 0.9825478 0.2235371 -0.1294007 0.9660677 0.2235375 -0.1215549 0.9670861 0.3646835 -0.1999804 0.909403 0.3647025 -0.1999983 0.9093915 0.4587749 -0.2235187 0.8599796 0.1294302 -0.09803211 0.9867308 0.1450597 -0.1059092 0.9837383 0.1294316 -0.239162 -0.9623144 0.08235841 -0.2706039 -0.9591615 0.09020584 -0.1764596 -0.9801658 0.1764661 -0.2156817 -0.9603859 0.2627278 -0.3490028 -0.8995395 0.1450595 -0.1450607 -0.9787315 0.3176394 -0.3176412 -0.8934256 0.1372416 -0.4117562 -0.9009005 0.05883139 -0.2156722 -0.9746919 -0.05096739 0.09797978 -0.9938824 -0.03528767 0.1058751 -0.9937532 0.1294213 -0.4117563 -0.9020571 0.05100417 -0.2784019 -0.9591096 0.003928303 -0.2941029 -0.9557658 0.02743047 -0.1293737 -0.9912164 0.003901898 -0.1372132 -0.9905339 0.0980243 -0.2705718 -0.9576963 0.058829 -0.1372107 -0.9887935 0.04319262 -0.0510056 -0.997764 0.0274409 0.003930211 -0.9996157 0.03529238 -0.02744793 -0.9990001 0.01962035 -0.1294137 -0.9913966 0.06663423 -0.1372668 -0.9882903 0.082354 -0.2705929 -0.959165 0.003908812 -0.1372244 -0.9905323 0.003914058 -0.1372417 -0.9905298 0.003915846 -0.1372401 -0.9905301 0.003905057 -0.1372181 -0.9905332 0.0431295 -0.1058816 -0.993443 0.05880528 -0.09804338 -0.9934433 0.1764726 -0.215687 -0.9603835 0.0980578 -0.1372312 -0.9856735 0.04314738 -0.05883169 -0.9973351 0.05095666 -0.05095773 -0.9974001 -0.003899037 -0.003901064 -0.9999848 0.003932237 0.003931939 -0.9999846 0.003945291 -0.003944873 -0.9999845 0.1058514 -0.1058538 -0.9887318 0.003932952 0.0039348 -0.9999846 0.05880999 -0.04312121 -0.9973374 -0.003932058 -0.003932118 -0.9999846 0.1372469 -0.09804451 -0.9856727 0.2156766 -0.1764688 -0.9603866 0.2156746 -0.1764623 -0.9603883 0.239229 -0.1293633 -0.9623069 0.09802812 -0.05883687 -0.9934429 0.1764607 -0.09020596 -0.9801656 0.27061 -0.08236658 -0.959159 0.3490335 -0.2627588 -0.8995184 0.4117726 -0.1372838 -0.9008865 0.2157147 -0.0588029 -0.9746842 -0.0979793 0.05096912 -0.9938825 -0.1059095 0.03531926 -0.9937484 0.411754 -0.129422 -0.902058 0.2784366 -0.05097442 -0.959101 0.2941037 -0.003929078 -0.9557656 0.1294156 -0.02745306 -0.9912104 0.137212 -0.003900349 -0.990534 0.2706019 -0.0980525 -0.9576849 0.1372276 -0.05882698 -0.9887912 0.05095267 -0.04307776 -0.9977716 -0.003929853 -0.02744168 -0.9996157 0.02745425 -0.03529578 -0.9989998 0.1294134 -0.01962012 -0.9913966 0.1372495 -0.06667715 -0.9882898 0.2705847 -0.08235412 -0.9591673 0.1372256 -0.003908693 -0.9905322 0.1372417 -0.003915548 -0.9905299 0.1372412 -0.003915607 -0.99053 0.1372609 -0.003924608 -0.9905272 0.1058618 -0.04317808 -0.9934431 -0.07449984 0.07449966 -0.9944344 0.1764855 -0.9843033 1.55837e-6 0.3254872 -0.9450913 -0.02933394 0.1764501 -0.9843097 6.2857e-7 0.3254886 -0.9450909 -0.02933394 0.01955902 -0.9998088 -6.37243e-6 0.01960963 -0.9998077 -2.53578e-6 0.01959258 -0.999808 2.11908e-5 -0.8823476 -0.4666595 -0.06076061 -0.8823487 -0.4666591 -0.06074547 -0.8823445 -0.466664 -0.06077164 -0.8823434 -0.4666675 -0.06075829 0.8823454 0.4666637 -0.06075739 0.8823439 0.4666651 -0.06077075 0.8823454 0.4666658 -0.06074452 0.8823448 0.4666647 -0.06075954 0.9294042 -0.3647019 -0.05657136 0.9294044 -0.3647016 -0.05657136 0.9294033 -0.3647044 -0.05657142 0.9294055 -0.3646991 -0.0565713 -0.2159525 -0.9764039 0 -0.2160922 -0.976373 0 -0.2160928 -0.9763729 0 -0.2159516 -0.9764041 0 0.09017693 -0.2627242 -0.9606478 0.09803205 -0.2705875 -0.9576911 0.05884253 -0.1372413 -0.9887884 0.08232265 -0.1450949 -0.9859871 0.1450951 -0.4117633 -0.8996657 0.1450932 -0.4117653 -0.8996651 -0.6862657 0.6862661 -0.2409945 -0.5843032 0.7725448 -0.2485243 -0.6862697 0.6862702 -0.2409715 -0.5843174 0.7725475 -0.248483 -0.7725424 0.5843072 -0.2485228 -0.7725418 0.5843063 -0.2485268 -0.8338544 -0.5519846 1.42753e-5 -0.8338516 -0.5519888 -2.16998e-5 -0.8274468 -0.5607763 -0.0293594 -0.835286 -0.5450957 -0.07188832 -0.83529 -0.5450915 -0.07187443 -0.83529 -0.5450916 -0.07187438 -0.8338519 -0.5519884 1.00769e-5 -0.8274437 -0.5607825 -0.02932637 -0.8274453 -0.5607802 -0.02932661 -0.833849 -0.5519927 -2.74368e-5 -0.9829169 -0.1840503 1.13323e-5 -0.9829167 -0.1840516 1.5039e-5 -0.9843065 -0.1764672 -3.49682e-4 -0.9843062 -0.1764692 -3.68477e-4 -0.9764605 -0.1921561 -0.09798443 -0.976464 -0.1921601 -0.09794104 -0.3176391 0.9137173 -0.2534288 -0.3176431 0.9137175 -0.2534229 -0.317622 0.9137181 -0.2534473 -0.3176262 0.9137182 -0.2534416 0.9058761 0.419602 -0.05764329 0.9058751 0.4196018 -0.05765986 0.9215599 0.3803929 -0.07764315 0.9215619 0.38039 -0.07763499 0.888879 0.4581421 1.71177e-6 0.8888801 0.4581399 -1.58036e-5 0.2862593 -0.9215776 0.2622027 0.2862719 -0.9215624 0.2622426 0.2862666 -0.9215651 0.2622392 0.2862651 -0.9215663 0.2622362 0.6155112 -0.7881281 0 0.6154767 -0.7881551 0 0.6155143 -0.7881258 0 0.6155554 -0.7880938 0 0.8039149 0.5921545 -0.05544477 0.8039147 0.5921546 -0.05544489 0.8039166 0.5921522 -0.05544459 0.8039163 0.5921524 -0.05544477 -0.003932952 0.003931164 0.9999846 -0.003932178 0.003931939 0.9999846 -0.003933012 0.003931105 0.9999846 -0.003932297 0.00393182 0.9999846 -0.8039135 -0.5921562 0.05544495 -0.8039168 -0.5921519 -0.05544459 -0.8039152 -0.5921541 0.05544483 -0.8039151 -0.5921541 -0.05544477 -0.003931879 0.003932237 -0.9999846 -0.003932297 0.00393182 -0.9999846 -0.003931999 0.003932118 -0.9999846 -0.003932178 0.003931939 -0.9999846 0.473617 -0.8807309 0 0.4736184 -0.8807303 0 0.4736183 -0.8807303 -1.62595e-7 0.4736196 -0.8807295 1.63366e-7 0.8967598 0.442518 1.68896e-6 0.896759 0.4425194 0 0.8967597 0.4425181 -2.41597e-7 0.8967589 0.4425194 0 -0.00392735 0.003932178 0.9999846 -0.003931581 0.003932297 0.9999846 -0.003927588 0.003932178 0.9999846 -0.003932118 0.003932058 0.9999846 -0.8967604 -0.4425167 0 -0.8967602 -0.4425171 -2.41597e-7 -0.8967602 -0.4425168 0 -0.8967601 -0.4425171 2.40456e-7 -0.003933131 0.003931045 -0.9999846 -0.003932118 0.003932058 -0.9999846 -0.003932952 0.003931224 -0.9999846 -0.00393182 0.003932297 -0.9999846 0.599999 -0.79607 -0.07920688 0.7071068 -0.7071067 0 0.5999233 -0.7961272 -0.079207 0.7071069 -0.7071067 0 0.7960724 -0.5999958 -0.07920694 0.7960703 -0.5999988 -0.07920694 -0.278428 0.521569 -0.806501 -0.2784184 0.5216007 -0.8064838 -0.4196529 0.4196528 -0.8048497 -0.419465 0.4194653 -0.8050455 -0.1921601 0.560788 -0.8053517 -0.1921583 0.5607851 -0.8053543 -0.5215613 0.2784302 -0.8065052 -0.5215691 0.2784279 -0.8065009 -0.560788 0.1921599 -0.8053517 -0.5607852 0.1921584 -0.8053541 0.2627122 -0.3490024 -0.8995441 0.3097615 -0.3097618 -0.8989413 0.1842903 -0.2392113 -0.953318 0.2081058 -0.2081059 -0.9557113 0.1058584 -0.1372287 -0.9848667 0.1215427 -0.1215424 -0.9851167 0.2392114 -0.1842905 -0.9533179 0.3490211 -0.2627524 -0.8995252 0.1372291 -0.1058578 -0.9848667 0.5921483 -0.7647033 0.2541443 0.5921079 -0.7647238 0.254177 0.686276 -0.686273 0.2409453 0.6862719 -0.6862688 0.2409689 0.7647199 -0.5921092 0.2541859 0.764699 -0.5921497 0.2541541 -0.7019542 0.7019563 0.1204893 -0.4588214 0.8823458 0.1046378 -0.7019565 0.7019578 0.1204672 -0.4588214 0.8823492 0.1046081 -0.325486 0.9450907 0.02936965 -0.3254872 0.9450907 0.02935361 -0.8823459 0.4588208 0.1046386 -0.8823501 0.4588198 0.1046086 -0.9450904 0.3254871 0.02936559 -0.9450905 0.3254886 0.0293489 0.3333244 -0.05882579 0.9409753 -0.01174396 -0.05881118 0.9982001 0.4745174 -0.05097621 0.8787689 0.9058651 -0.01178795 0.4234024 0.9686213 -0.01176613 0.2482625 0.9999308 0.01177245 2.38851e-5 0.9999309 0.01176208 2.42647e-5 0.9999923 0.003914713 1.33873e-5 0.9999924 -0.003914058 9.72472e-6 0.9999924 -0.003917157 3.59956e-6 0.9999924 -0.003908872 8.69833e-6 -0.003913879 -0.05097782 0.9986922 -0.003914296 -0.05098617 0.9986917 0.003898501 -0.05882877 0.9982605 -0.003917098 -0.05882424 0.9982607 -0.003882944 -0.9999925 -2.56754e-6 0.003882944 -0.9999925 3.90387e-6 0.002639889 -0.9999925 -0.002848923 0.002133429 -0.9999925 0.003243565 -0.003882944 -0.9999925 -1.26388e-6 0 -0.9999925 -0.003882944 -0.003882944 -0.9999926 -6.32087e-7 0.002574145 -0.9999924 -0.002973675 -0.003930926 -0.9999923 1.06059e-6 0 -0.9999926 0.003882944 0.003794312 -0.9999926 -8.22959e-4 -0.003882944 -0.9999925 8.52868e-7 -0.003362894 -0.9999925 -0.001942694 -0.003882944 -0.9999925 -2.38175e-6 -0.003882944 -0.9999925 -1.44939e-6 -0.003930926 -0.9999923 -1.30385e-7 -0.002845585 -0.9999925 0.002646028 -0.003882944 -0.9999925 3.1963e-6 -0.003931045 -0.05881828 -0.998261 -0.003887772 -0.05883884 -0.99826 -0.003931105 -0.05881845 -0.998261 -0.003887951 -0.05883926 -0.99826 -0.003903269 -0.05881321 0.9982615 -0.003903329 -0.05881315 0.9982615 -0.00390321 -0.05881327 0.9982614 -0.00390321 -0.05881333 0.9982615 0.9999925 0.003875136 -1.98136e-6 0.9999927 0.003853797 -6.8983e-7 0.9999925 0.00387305 1.73522e-5 0.9999925 0.00389558 9.74809e-7 0.003873169 -0.04317784 0.9990599 -0.003892123 -0.04316276 0.9990605 0.396085 -0.0431531 0.9171993 0.5058903 -0.03531032 0.8618749 -0.003884375 -0.04315841 0.9990608 -0.003922641 -0.04313701 0.9990615 0.9686229 -0.003932356 0.248504 -0.003927648 -0.04313534 0.9990615 -0.003927588 -0.04313528 0.9990615 0.9215636 -0.01961201 0.3877317 0.3960769 -0.04310518 0.917205 0.9686222 -0.003897547 0.2485072 0.9215534 -0.01961928 0.3877556 0.9686158 -0.003906488 0.2485322 0.9999924 0.003895342 -1.03294e-6 0.9999924 0.003907144 -5.14432e-7 0.9999924 0.003909707 0 0.9999925 0.003879964 0 0.9999926 0.003886044 -2.89569e-6 0.9999926 0.003864526 -7.19135e-6 0.9999924 0.003919899 0 0.9843069 -0.01176363 0.1760731 0.9843075 -0.00392425 0.1764186 0.9843061 -0.01176404 0.1760774 0.9843093 -0.003927946 0.1764084 -0.003850698 -0.9999926 1.35507e-5 -0.003922045 -0.9999923 -1.77138e-6 -0.003921329 -0.9999924 -1.93529e-6 -0.003920257 -0.9999924 -5.10737e-6 0.458806 -0.03528916 0.8878355 0.4117378 -0.05099624 0.9098744 0.9450951 -0.01961219 0.3262068 0.9372928 -0.01959812 0.3479919 0.003885388 -0.04313892 0.9990616 0.4431475 -0.05094516 0.8949999 0.9529377 -0.01960098 0.3025323 0.00390768 -0.05097043 0.9986925 -0.003916025 -0.05882638 0.9982606 0.01176625 -0.04311895 0.9990007 -0.01964128 -0.04311639 0.9988771 0.9999924 -0.003899574 6.28372e-6 0.9999925 -0.003876507 5.13018e-6 0.9999923 0.003923654 1.04889e-5 0.9999923 0.003919363 -4.509e-6 0.9999924 0.003920316 7.58632e-6 -0.003898859 -0.04314059 0.9990614 -0.003917455 -0.05097752 0.9986921 -0.003933787 0.003931879 -0.9999846 -0.003932237 0.003932058 -0.9999846 -0.003933608 0.00393182 -0.9999846 -0.003931879 0.003932237 -0.9999846 -0.003882944 -0.9999925 0 -0.003882944 -0.9999925 1.2255e-6 -0.003930926 -0.9999924 0 -0.003930926 -0.9999924 1.59948e-6 0.6235174 0.003951489 0.7817995 0.6235227 0.003933072 0.7817955 0.6235204 0.003939568 0.7817972 0.6235134 0.003968298 0.7818025 0.3882398 0.9215584 -2.5165e-4 0.4039175 0.9137197 -0.04435169 0.3948628 0.9187401 -1.02124e-5 0.403919 0.9137189 -0.04435276 0.003945171 0.5999842 -0.8000022 -0.003903985 0.6000034 -0.799988 0.003897666 0.466669 -0.8844236 -0.003958761 0.4667157 -0.8843986 -0.003942787 0.5999968 -0.7999927 0.003873705 0.5999932 -0.7999958 -0.003934383 0.3176566 -0.9481977 0.003926455 0.3176375 -0.9482042 -0.003914058 0.3333324 -0.9428013 -0.04312443 0.6470319 -0.7612424 -0.03530633 0.6392378 -0.7681984 0.01176118 0.4431352 -0.8963778 0.01958453 0.4431698 -0.8962239 -0.03525614 0.7098259 -0.7034943 -0.02745568 0.7176373 -0.6958757 -0.003935098 0.7333247 -0.6798673 -0.003888189 0.7333311 -0.6798606 0.0196107 0.2941074 -0.9555712 0.0195989 0.2940881 -0.9555773 0.9999309 0.01176285 1.56462e-5 0.9998078 0.01960259 6.97002e-6 0.999808 0.01960182 1.46036e-5 0.9998078 0.0196042 3.83193e-6 0.9999923 0.003919422 6.59004e-6 0.9999924 -0.003918051 8.18074e-6 0.999808 0.01959955 1.88329e-5 0.9998083 0.01958119 4.51751e-5 0.9998078 0.01960408 4.21703e-6 -0.9999923 0.003919661 -3.60865e-4 -0.9999923 0.00391972 -3.60847e-4 -0.9999923 -0.003918647 -3.6032e-4 -0.9999923 -0.003918707 -3.60304e-4 0.003890275 0.9999924 -3.29432e-4 0.003932058 0.9999923 -3.52902e-4 0.003932178 0.9999923 -3.52692e-4 0.003890216 0.9999924 -3.29509e-4 0.9999923 -0.003919422 2.19755e-5 0.9999923 -0.003916561 2.16622e-5 0.9999924 -0.003916978 2.24234e-5 0.9999923 -0.003918647 2.26796e-5 -0.003903269 -0.9999924 -1.38492e-5 -0.00390315 -0.9999924 -1.34774e-5 -0.003902554 -0.9999924 -9.86212e-6 -0.003902375 -0.9999924 -9.40822e-6 -0.00393033 -0.08235883 -0.996595 -0.003930509 -0.08235859 -0.996595 -0.003930687 -0.08235836 -0.996595 -0.00389117 -0.08233124 -0.9965974 -0.003928005 0.8901907 0.4555711 0.003928005 0.8901894 0.4555739 -0.003928065 0.8901892 0.4555743 0.003880202 0.890187 0.4555786 -0.003925621 0.1137248 -0.9935045 -0.003877699 0.1137268 -0.9935045 0.003877758 0.1137272 -0.9935045 0.003925621 0.1137243 -0.9935047 -0.003896355 -0.4352777 -0.9002879 -0.003896117 -0.4352814 -0.9002861 -0.003896355 -0.4352782 -0.9002876 -0.003896176 -0.4352817 -0.900286 -0.003895282 -0.5686371 0.8225793 -0.003895163 -0.5686386 0.8225783 -0.003895163 -0.568639 0.822578 -0.003894686 -0.5686397 0.8225775 -0.5215517 -0.1137484 0.8456035 -0.5137193 -0.113707 0.85039 -0.5215691 -0.1137164 0.8455972 -0.5137272 -0.113705 0.8503856 -0.03530353 -0.5450953 0.8376306 0.2941458 -0.5293211 0.7957999 -0.02742439 -0.5294381 0.8479053 0.3019555 -0.5059008 0.8080145 0.7803822 -0.5058714 0.3675563 0.7725428 -0.4980407 0.3938694 0.8980329 -0.4352907 0.0637111 0.8980354 -0.4274482 0.1040217 0.9371335 0.3489712 -1.27769e-5 0.8745008 0.4509755 0.1785205 0.937132 0.3489755 -1.04527e-5 0.8666585 0.4352913 0.243772 0.4117473 0.5215544 0.7472919 0.3803901 0.498036 0.7792712 -0.003907322 0.4823639 0.8759622 -0.003910243 0.4823591 0.8759649 0.9372504 0.341172 -0.07185661 0.9371321 0.348975 -2.13906e-5 0.9371324 0.3489744 -1.4843e-6 -0.003880441 0.3176461 -0.9482014 0.00390917 0.3254774 -0.9455418 -0.003882825 0.3176506 -0.9481999 0.003911077 0.3254809 -0.9455406 -0.003921449 -0.03529429 -0.9993693 -0.003921449 -0.03529423 -0.9993693 -0.003921449 -0.03529411 -0.9993693 -0.003921508 -0.03529465 -0.9993693 -0.003937959 0.9843056 -0.1764284 -0.004011094 0.9843109 -0.1763975 -0.003929853 0.9843048 -0.1764335 -0.003926634 0.9843062 -0.1764256 -0.00391978 0.9843047 -0.1764338 -0.003930032 0.9843087 -0.1764116 0.4352952 -0.8823457 0.1788413 0.2862716 -0.9529328 -0.09983801 0.4431332 -0.8823499 0.1584039 0.2784273 -0.9529331 -0.1199867 -0.003912329 -0.9294169 -0.3690109 -0.00391227 -0.9294179 -0.3690084 0.9814723 -0.1916043 -3.69735e-6 0.9764654 -0.1999961 0.08072894 0.9843079 -0.1529388 0.08802181 0.9843065 -0.1686264 0.05201858 0.9999923 0.003933608 3.43627e-5 0.9999923 0.003925919 1.11954e-5 0.9999308 0.01176333 1.29472e-5 0.9999923 -0.003924906 -9.90555e-6 0.9999923 0.003921389 1.24192e-5 0.9999924 0.003918588 -6.38142e-6 0.9998079 0.01960468 -2.53506e-6 0.9998078 0.01960277 -2.0314e-5 0.9996234 0.02744168 -1.13435e-5 0.9999312 0.01174128 -1.13004e-5 0.9999309 0.01176327 -1.34613e-5 0.9996234 0.02744233 -1.81928e-5 0.9996234 0.02744346 1.17514e-5 0.9999924 0.003917932 -1.47856e-5 0.9999924 0.00392282 1.65515e-5 0.9999924 0.003919422 -1.44728e-5 0.9990709 0.04309982 4.28595e-6 0.9999924 0.003919541 2.4374e-5 -0.003928661 0.05882865 -0.9982604 -0.003919899 -0.1372529 -0.9905283 0.003910779 0.05883419 -0.9982602 0.00391817 -0.1372472 -0.9905291 -0.003923714 0.2392135 -0.9709592 0.003906011 0.2470656 -0.9689909 0.4352859 -0.003921151 -0.9002838 0.4509791 0.01957935 -0.8923198 0.4509753 0.01177161 -0.8924588 0.4666594 0.03526329 -0.8837338 0.6627474 -0.7488431 0 0.6392077 -0.7647053 -0.08148247 0.6546036 -0.7559723 2.19513e-5 0.6235237 -0.7725446 -0.1199715 0.4352966 -0.6862651 0.5827155 0.2784491 -0.6627389 0.695157 0.4117442 -0.6862876 0.5995633 0.2627465 -0.6549133 0.708557 0.04313451 -0.6470547 0.7612226 0.05883502 -0.6548901 0.7534305 -0.1137334 -0.6862506 0.7184183 -0.1215272 -0.69414 0.7095075 0.4745103 -0.7098074 0.5205895 0.4745085 -0.709797 0.5206053 0.9999924 -0.003914773 8.4679e-7 0.9999924 0.003920078 -3.19978e-7 0.9999924 -0.003912448 1.26252e-7 0.9999924 0.003931343 -1.32268e-6 0.9999925 -0.003872334 0 0.9999923 -0.003918826 0 0.4431073 -0.1843656 0.8773058 0.6470568 -0.1294078 0.7513795 0.4744993 0.003935456 0.8802471 0.6627537 0.003898262 0.7488274 0.1607565 -0.2235643 0.961341 0.1921498 0.003928363 0.9813578 0.0117644 0.003916501 0.9999232 -0.01963132 -0.2706314 0.9624829 0.7490165 0.003932654 0.6625397 0.7333446 -0.1215379 0.6689054 0.427476 -0.3490034 0.8339431 0.6470551 -0.2470547 0.721307 -0.05881184 -0.5529613 0.8311288 0.1450638 -0.4431105 0.8846523 0.717485 -0.2077416 0.664875 0.9451143 -0.3254207 -0.02933406 0.9450913 -0.3254873 -0.02933394 0.9843097 -0.1764498 8.22649e-7 0.9843124 -0.1764346 -9.61438e-7 0.9998087 -0.01956456 -2.35314e-5 0.9998078 -0.01960867 -1.58686e-6 0.9998078 -0.01960474 -2.12213e-6 0.4666649 0.8823453 -0.06075155 0.4666636 0.8823447 -0.06077015 0.4666662 0.8823454 -0.06074053 0.4666625 0.8823461 -0.06075745 -0.4666634 -0.882348 -0.06072545 -0.466667 -0.8823437 -0.0607593 -0.4666635 -0.8823449 -0.06076759 -0.4666696 -0.8823426 -0.06075412 0.3647027 -0.9294044 -0.05656439 0.3646984 -0.9294061 -0.05656415 0.3647052 -0.9294035 -0.05656421 0.3647059 -0.9294031 -0.05656433 0.9764038 0.2159528 0 0.976404 0.2159518 0 0.976426 0.2158524 0 0.9764263 0.2158514 0 0.1450948 -0.08232301 -0.9859871 0.2705791 -0.09807646 -0.9576889 0.1372409 -0.05884259 -0.9887885 0.2627246 -0.09017729 -0.9606477 0.4117638 -0.1450954 -0.8996655 0.4117646 -0.1450929 -0.8996655 0.560783 0.8274417 -0.0293743 0.5519921 0.8338493 -2.74703e-5 0.5607806 0.8274433 -0.02937448 0.5519888 0.8338516 -8.41543e-6 0.5607817 0.8274432 -0.02935588 0.5519885 0.8338517 -2.14726e-5 0.5450971 0.8352844 -0.07189702 0.5450932 0.835289 -0.07187199 0.176469 0.9843062 -3.68565e-4 0.1840515 0.9829167 1.43014e-5 0.1764671 0.9843065 -3.49865e-4 0.1840501 0.9829169 1.06134e-5 0.1921561 0.9764608 -0.09798228 0.1921603 0.9764643 -0.09793877 -0.913718 0.317654 -0.2534077 -0.9137183 0.3176445 -0.2534182 -0.9137178 0.3176504 -0.2534129 -0.9137185 0.3176405 -0.253423 -0.3803892 -0.9215623 -0.07763493 -0.419606 -0.9058761 -0.05761289 -0.3803923 -0.9215602 -0.07764315 -0.4196033 -0.9058755 -0.05764359 -0.4581431 -0.8888785 -4.45195e-6 -0.4581409 -0.8888796 -2.25045e-5 0.9215681 -0.2862668 0.2622283 0.9215621 -0.2862718 0.262244 0.921583 -0.286255 0.2621887 0.9215608 -0.2862725 0.2622476 0.7881276 -0.615512 0 0.7880957 -0.6155529 0 0.7881546 -0.6154775 0 0.788093 -0.6155562 0 -0.5921527 -0.8039162 -0.05544477 -0.5921549 -0.8039145 -0.05544495 -0.5921514 -0.8039171 -0.05544459 -0.5921536 -0.8039155 -0.05544477 -0.003934144 0.003932297 0.9999846 -0.003934144 0.003932178 0.9999846 -0.003932416 0.003931879 0.9999846 -0.003932118 0.003931999 0.9999846 0.5921546 0.8039147 -0.05544477 0.5921524 0.8039163 -0.05544459 0.592155 0.8039145 -0.05544489 0.5921527 0.8039162 -0.05544477 -0.003931939 0.003932178 -0.9999846 -0.00393182 0.003932297 -0.9999846 -0.003932118 0.003931999 -0.9999846 -0.003932237 0.003931879 -0.9999846 0.8807303 -0.4736183 1.62595e-7 0.8807328 -0.4736135 0 0.8807331 -0.4736131 -1.63365e-7 0.8807357 -0.4736083 0 -0.4425184 -0.8967595 0 -0.4425184 -0.8967595 0 -0.4425184 -0.8967595 -1.68896e-6 -0.4425184 -0.8967595 2.41596e-7 -0.003932058 0.003932118 0.9999846 -0.003932297 0.00393182 0.9999846 -0.003932178 0.003931999 0.9999846 -0.003932178 0.003931999 0.9999846 0.4425167 0.8967604 2.41597e-7 0.4425168 0.8967602 -2.40456e-7 0.4425183 0.8967596 0 0.4425184 0.8967595 0 -0.00393176 0.003932356 -0.9999846 -0.003931462 0.003932654 -0.9999846 -0.003931939 0.003932178 -0.9999846 -0.003932178 0.003931939 -0.9999846 0.05097782 0.003913104 0.9986922 0.05881142 0.01174432 0.9982001 0.05097645 -0.4745165 0.8787693 0.05098646 0.003913819 0.9986917 0.058829 -0.003898262 0.9982605 0.05882441 0.003917098 0.9982607 0.05882596 -0.3333255 0.9409748 0.01178795 -0.9058665 0.4233993 0.01176637 -0.968621 0.2482637 -0.01175636 -0.9999309 -2.04479e-5 -0.0117653 -0.9999309 -2.19615e-5 -0.003915131 -0.9999924 1.45317e-5 0.003913104 -0.9999924 9.16797e-6 0.00391674 -0.9999924 3.44004e-6 0.003908395 -0.9999924 8.506e-6 0.05881845 0.003931164 -0.998261 0.05883884 0.003887772 -0.99826 0.05881845 0.003931105 -0.998261 0.0588389 0.003887772 -0.99826 0.05881315 0.00390321 0.9982614 0.05881315 0.003903329 0.9982615 0.05881315 0.00390321 0.9982615 0.05881327 0.003903269 0.9982614 -0.003895521 -0.9999925 9.92368e-7 -0.00390172 -0.9999925 0 -0.00387299 -0.9999925 5.56225e-7 -0.003923118 -0.9999924 1.63294e-7 0.02747559 -0.5059053 0.8621514 0.04314363 0.003897845 0.9990613 0.04311484 -0.3960775 0.9172044 0.04313296 0.003940403 0.9990617 0.04315042 0.003897666 0.999061 0.04313576 0.003927409 0.9990615 0.00391829 -0.968626 0.2484923 0.01960134 -0.9215544 0.387754 -0.003895223 -0.9999924 -1.05349e-6 -0.003907024 -0.9999924 -5.989e-7 -0.003909885 -0.9999924 1.78328e-7 -0.003880441 -0.9999925 1.94728e-5 -0.003886103 -0.9999925 -2.76224e-6 -0.003864586 -0.9999926 -7.12798e-6 -0.003919661 -0.9999923 0 0.04313451 0.003927588 0.9990616 0.04313492 0.003927707 0.9990615 0.003928005 -0.9843089 0.17641 0.003929316 -0.9843098 0.1764057 0.01176673 -0.9843054 0.1760808 0.01176375 -0.9843069 0.1760732 0.9999923 0.003920614 2.75858e-6 0.9999924 0.003914535 3.79961e-6 0.9999923 0.003921687 2.56673e-6 0.9999923 0.003921806 2.5481e-6 0.01960635 -0.9372557 0.3480913 0.05096888 -0.4117789 0.9098574 0.01960235 -0.9450861 0.326233 0.03528845 -0.4588017 0.8878377 0.0431382 -0.003872692 0.9990617 0.0509454 -0.443148 0.8949998 0.01960098 -0.9529377 0.3025318 0.05097055 -0.003907918 0.9986926 0.05882656 0.003916084 0.9982606 0.04311919 -0.01176607 0.9990007 0.04311609 0.01963692 0.9988771 0.003899633 -0.9999924 6.3027e-6 0.003876566 -0.9999926 5.03458e-6 -0.003921806 -0.9999924 -7.24941e-6 -0.003928184 -0.9999923 1.4642e-5 -0.003920316 -0.9999924 7.61333e-6 0.04314088 0.003897607 0.9990614 0.05097687 0.003917455 0.9986922 -0.003932237 0.003931879 -0.9999846 -0.003932058 0.003932058 -0.9999846 -0.003932416 0.003931701 -0.9999846 -0.003932416 0.00393176 -0.9999846 0.9999924 0.003930926 3.06638e-7 0.9999925 0.003882944 0 0.9999924 0.003930926 0 0.9999925 0.003882944 0 -0.003922998 -0.623524 0.7817944 -0.00393325 -0.6235215 0.7817964 -0.003939568 -0.6235202 0.7817973 -0.00395143 -0.6235173 0.7817996 -0.9137155 -0.403927 -0.0443533 -0.9137164 -0.4039251 -0.04435187 -0.9187387 -0.3948662 -9.97453e-6 -0.9215578 -0.3882412 -2.48755e-4 -0.5999845 -0.003945529 -0.800002 -0.4666692 -0.003897488 -0.8844233 -0.6000037 0.003903925 -0.7999878 -0.4667158 0.003958761 -0.8843986 -0.5999965 0.003942489 -0.799993 -0.5999954 -0.003921508 -0.7999939 -0.317686 0.003973305 -0.9481877 -0.3176378 -0.003922641 -0.9482041 -0.3333323 0.00391376 -0.9428013 -0.443135 -0.01960593 -0.8962405 -0.6392376 0.03530544 -0.7681984 -0.4431354 -0.01176112 -0.8963776 -0.6470318 0.04312372 -0.7612425 -0.5843077 0.02745133 -0.8110679 -0.7176376 0.02745538 -0.6958754 -0.7333256 0.003935337 -0.6798663 -0.4509772 0.003916084 -0.892527 -0.1137267 0.003877699 -0.9935045 -0.1137273 -0.003877758 -0.9935045 -0.2940634 -0.01962423 -0.9555845 -0.2940886 -0.01959866 -0.9555773 -0.0196042 -0.9998079 3.76906e-6 -0.01960217 -0.9998078 7.03707e-6 -0.01960182 -0.999808 1.45864e-5 -0.01176279 -0.9999309 1.56928e-5 -0.003919363 -0.9999923 6.56769e-6 0.003918051 -0.9999924 8.04104e-6 -0.01965618 -0.9998068 3.11937e-5 -0.01960259 -0.9998079 2.00886e-6 -0.01960408 -0.9998078 4.28452e-6 -0.003932178 0.003931999 0.9999846 0.003918707 0.9999923 -3.59549e-4 -0.00391972 0.9999923 -3.60385e-4 0.003918588 0.9999923 -3.59584e-4 -0.003919661 0.9999923 -3.60423e-4 -0.9999922 -0.003932952 -3.50891e-4 -0.9999922 -0.003933012 -3.50848e-4 -0.9999923 -0.003932774 -3.51199e-4 -0.9999923 0.003932714 -3.51408e-4 -0.003917098 -0.9999924 2.09853e-5 -0.003920555 -0.9999924 2.21003e-5 -0.003918588 -0.9999924 2.1223e-5 -0.003920555 -0.9999923 2.21443e-5 0.9999925 0.003902375 -9.86727e-6 0.9999924 0.003902494 -1.00653e-5 0.9999924 0.003902554 -1.01632e-5 0.9999924 0.003902494 -1.00744e-5 0.08235841 0.003930628 -0.9965951 0.08235859 0.003930509 -0.9965951 0.08235877 0.00393027 -0.996595 0.08235865 0.00393033 -0.996595 -0.8901888 -0.003880143 0.4555751 -0.8901892 -0.003928065 0.4555742 -0.8901894 0.003928065 0.455574 -0.8901892 0.003928005 0.4555743 0.4352784 0.003897428 -0.9002876 0.4352787 0.003897368 -0.9002875 0.4352821 0.003895878 -0.9002858 0.4352827 -0.003895699 -0.9002854 0.5686367 0.003895819 0.8225796 0.5686395 0.003895878 0.8225777 0.5686383 0.00389564 0.8225786 0.5686423 0.003895819 0.8225758 0.1137179 0.5137234 0.8503861 0.1137098 0.5137214 0.8503885 0.1137279 0.5215618 0.8456 0.1137484 0.5215545 0.8456018 0.5058505 -0.3019633 0.808043 0.5293677 -0.2941273 0.7957757 0.5294373 0.02742946 0.8479055 0.5451015 0.03530263 0.8376266 0.5058704 -0.780382 0.3675583 0.4980389 -0.7725437 0.3938701 0.4352933 -0.8980316 0.06371182 0.4274491 -0.8980293 0.1040703 -0.4352917 -0.8666584 0.2437714 -0.450976 -0.8745004 0.1785213 -0.3489761 -0.9371317 -1.07004e-5 -0.3489719 -0.9371333 -1.31481e-5 -0.521553 -0.4117478 0.7472928 -0.4980052 -0.3804386 0.7792673 -0.4823641 0.00390625 0.8759621 -0.4823591 0.003908812 0.8759649 -0.3411726 -0.9372466 -0.07190406 -0.3489703 -0.9371339 -2.06829e-5 -0.3489726 -0.937133 -9.61125e-7 -0.3254837 -0.003909647 -0.9455397 -0.3254797 -0.003907561 -0.945541 -0.317641 0.00393033 -0.948203 -0.3176413 0.003880858 -0.948203 0.03530311 0.003874361 -0.9993692 0.03529459 0.003921568 -0.9993693 0.03530144 0.003874123 -0.9993692 0.0352925 0.00392121 -0.9993694 -0.9843044 0.003895103 -0.1764366 -0.9843065 0.003933429 -0.1764239 -0.9843065 0.003926873 -0.1764236 -0.9843068 0.00393182 -0.1764227 -0.9843063 0.003920674 -0.176425 -0.9843026 0.003910899 -0.176446 0.9529778 -0.2783351 -0.1198457 0.9529352 -0.2862681 -0.09982508 0.882354 -0.443124 0.1584063 0.882351 -0.4352853 0.1788394 0.929399 0.003930687 -0.3690559 0.9293989 0.003930628 -0.369056 0.1686264 -0.9843065 0.05201846 0.199991 -0.9764663 0.08072948 0.1529389 -0.9843078 0.08802181 0.1915974 -0.9814737 -3.14973e-6 -0.00393337 -0.9999923 3.44124e-5 -0.003925979 -0.9999923 1.10729e-5 -0.01176327 -0.9999308 1.30287e-5 0.003921627 -0.9999923 -9.83477e-6 -0.003921389 -0.9999923 1.23139e-5 -0.00392127 -0.9999924 -6.85547e-6 -0.01960456 -0.9998079 -2.58395e-6 -0.01960277 -0.9998079 -2.03517e-5 -0.02744179 -0.9996234 -1.12983e-5 -0.01174122 -0.9999312 -1.15965e-5 -0.01176327 -0.9999308 -1.37926e-5 -0.02744245 -0.9996234 -1.81049e-5 -0.003919184 -0.9999923 -1.45087e-5 -0.003917992 -0.9999924 -1.48062e-5 -0.003922939 -0.9999924 1.66521e-5 -0.0274406 -0.9996235 1.18371e-5 -0.04309493 -0.999071 4.09398e-6 -0.003920316 -0.9999923 2.46949e-5 0.1372038 -0.003896176 -0.9905351 0.1372526 0.003920137 -0.9905284 -0.05883294 -0.003910183 -0.9982602 -0.05882829 0.003929078 -0.9982604 -0.2392138 0.003922462 -0.970959 -0.2470614 -0.003904819 -0.9689921 -0.0352655 -0.4666553 -0.8837361 -0.01957899 -0.4509699 -0.8923244 -0.01177036 -0.4509738 -0.8924596 0.003899633 -0.4352505 -0.900301 0.08238279 -0.09804666 0.9917661 0.05882608 -0.09019857 0.994185 0.07454055 -0.08239227 0.9938085 0.05883771 -0.09019833 0.9941844 0.05880832 -0.1058728 0.9926392 0.05097681 -0.1058806 0.9930714 -0.200009 -0.278418 0.939404 0.03530317 -0.1529296 0.9876064 -0.5843132 -0.4509778 0.6746831 -0.5688166 -0.4744622 0.6718136 -0.1999925 -0.2784345 0.9394027 -0.5686295 -0.4745618 0.6719016 -0.5529394 -0.5058782 0.6620765 0.3882289 0.04311835 0.9205538 0.08236414 -0.09802299 0.99177 0.1294028 -0.1058511 0.9859262 0.1686602 -0.08238756 0.9822251 0.3882284 0.04309862 0.9205549 0.717632 0.2156845 0.6621817 0.7019665 0.2392353 0.6708275 0.7176602 0.2156857 0.6621508 0.7411681 0.1843117 0.6455224 0.1137247 -0.09019339 0.9894099 0.08235478 -0.07450002 0.9938146 0.09802585 -0.07451057 0.9923906 0.09030818 -0.05869096 0.9941831 0.09014123 -0.05096209 0.9946243 0.05885702 -0.09018063 0.9941849 0.2784392 0.2000131 0.9393968 0.1529688 -0.03526312 0.9876018 0.2784143 0.1999782 0.9394116 0.4744436 0.5686522 0.6719658 0.4431443 0.584298 0.6798669 0.4744691 0.5686349 0.6719624 0.4980357 0.5607771 0.6614299 -0.4980286 -0.4666656 -0.7308835 -0.4980288 -0.4666658 -0.7308833 -0.4980286 -0.4666656 -0.7308834 0.6392154 0.1999862 -0.7425693 0.6392155 0.1999862 -0.7425693 0.6392155 0.1999863 -0.7425693 -0.2000201 -0.6392084 -0.7425662 -0.2000201 -0.6392084 -0.7425663 -0.2000201 -0.6392085 -0.7425662 0.8823448 -0.4666649 -0.06075888 0.8823378 -0.4666785 -0.06075543 0.8823463 -0.4666627 -0.06075394 0.8823384 -0.4666752 -0.06077349 0.8823396 -0.466677 -0.06074059 0.8823473 -0.4666643 -0.06072795 0.8823518 -0.4666557 -0.06072556 0.8823241 -0.4667052 -0.06074923 0.4666604 0.4980391 -0.7308797 0.4666605 0.4980391 -0.7308797 0.4666606 0.4980391 -0.7308796 0.6313761 0.2392113 0.73766 0.6313762 0.2392116 0.7376597 0.6313762 0.2392115 0.7376598 0.466661 -0.8823441 -0.06079906 0.4666666 -0.8823444 -0.06075185 0.4666622 -0.8823469 -0.06074941 0.4666625 -0.8823446 -0.06078058 0.466666 -0.8823449 -0.06074899 0.466666 -0.8823451 -0.06074726 0.4736337 -0.880722 -2.75665e-5 0.4666736 -0.882339 -0.06077516 -0.5451045 -0.3960813 0.7389051 -0.5451046 -0.396081 0.7389052 -0.5451045 -0.3960812 0.7389052 0.3960785 0.5451096 0.7389028 0.3960789 0.5451095 0.7389027 0.3960788 0.5451095 0.7389027 -0.2470307 -0.631352 0.735099 -0.2470306 -0.631352 0.735099 -0.2470305 -0.6313521 0.735099 0.46666 -0.8823465 -0.06077253 0.4666635 -0.8823461 -0.06074965 0.4666606 -0.8823487 -0.06073588 0.4666673 -0.8823438 -0.060754 0.4666643 -0.8823445 -0.06076836 0.4666661 -0.8823438 -0.06076282 0.4666654 -0.8823443 -0.06076246 0.466666 -0.8823451 -0.06074655 0.4666619 -0.8823463 -0.06075918 0.4666615 -0.8823456 -0.06077313 0.4666658 -0.882345 -0.06074947 0.4666605 -0.8823477 -0.06075114 0.4666641 -0.8823471 -0.06073188 0.4666613 -0.8823478 -0.0607419 0.4666643 -0.8823451 -0.06076014 0.4666646 -0.8823451 -0.06075567 0.8823514 -0.4666541 -0.06074529 0.8823491 -0.4666561 -0.06076437 0.8823518 -0.4666526 -0.06075143 0.8823499 -0.4666593 -0.06072789 0.882346 -0.4666616 -0.06076735 0.8823468 -0.4666622 -0.06075036 0.8823471 -0.4666619 -0.06074923 0.882346 -0.4666653 -0.06073707 0.8823493 -0.4666578 -0.06074738 0.8823514 -0.4666566 -0.06072568 0.8823478 -0.4666597 -0.06075602 0.882345 -0.4666646 -0.0607593 0.8823477 -0.4666605 -0.0607506 0.8823485 -0.4666617 -0.06072831 0.8823415 -0.466674 -0.06073832 0.8823448 -0.4666674 -0.06073999 -0.5765044 -0.7333133 -0.3604084 -0.6862685 -0.7254841 -0.05204212 -0.5607852 -0.7254882 -0.3989824 -0.6862675 -0.7254858 -0.05203193 -0.1450675 -0.4823799 -0.8638664 -0.1059172 -0.4588831 -0.8821609 0.4823602 -0.1529151 -0.8625229 0.4430691 -0.1686198 -0.880487 0.9215565 0.05882781 -0.3837617 0.9294081 0.07450747 -0.3614544 0.984306 0.1607849 -0.07273203 0.9843068 0.1607787 -0.07273435 -0.1764889 -0.7882382 0.5895186 0.05879735 -0.7019637 0.7097815 -0.1764661 -0.788226 0.5895419 0.06667953 -0.6941332 0.7167516 0.5529029 -0.4352586 0.7105269 0.5450941 -0.4431334 0.7116919 0.7568669 -0.2863144 0.5875173 0.7568604 -0.2862674 0.5875486 0.72549 0.6862636 -0.05202496 0.7333204 0.5764994 -0.3604023 0.7254883 0.6862668 -0.0520069 0.7254877 0.5607808 -0.3989896 0.4588544 0.1059027 -0.8821776 0.4823562 0.1450969 -0.8638747 0.1685808 -0.4429099 -0.8805744 0.1529407 -0.482353 -0.8625223 -0.0745213 -0.9293966 -0.361481 -0.05882483 -0.9215568 -0.3837614 -0.1607835 -0.9843075 -0.07271444 -0.1607842 -0.9843073 -0.07271581 0.2862997 -0.7568908 0.5874937 0.4352917 -0.5529382 0.7104791 0.2862868 -0.7568756 0.5875197 0.4431354 -0.5450891 0.7116944 0.7019528 -0.05882483 0.7097901 0.6941348 -0.06667625 0.7167504 0.7882389 0.1764206 0.5895382 0.7882403 0.1764343 0.5895321 0.1450266 -0.1449911 0.9787466 0.1215801 -0.1686113 0.9781557 0.1451645 -0.1451222 0.9787067 0.1294205 -0.1764692 0.9757608 0.1764578 -0.1294276 0.9757618 0.168592 -0.1216001 0.9781566 0.2000157 -0.2000148 0.95916 0.1842905 -0.2392152 0.9533169 0.3176461 -0.3176459 0.8934216 0.2783815 -0.3568665 0.8917119 0.239215 -0.1842617 0.9533226 0.3646968 -0.2784427 0.888519 0.3647293 -0.3647325 0.8567045 0.301966 -0.3960763 0.8671448 0.3019738 -0.3960754 0.8671425 0.4039239 -0.3098326 0.8607261 0.3960798 -0.3019617 0.8671448 0.09018284 -0.1372492 0.9864227 0.09019184 -0.2078401 0.9739959 0.09019905 -0.1529107 0.9841152 0.08234584 -0.1686239 0.9822348 0.07451677 -0.1999818 0.9769619 0.09805566 -0.2235121 0.9697564 0.09798198 -0.2548665 0.9619992 0.09802103 -0.2783954 0.9554518 0.145101 -0.411767 0.8996632 0.1449405 -0.42742 0.8923589 0.160785 -0.466667 0.8696954 0.1529427 -0.4588716 0.8752403 0.160697 -0.4746505 0.8653805 0.1607798 -0.4745199 0.8654369 0.06667959 -0.06668198 0.9955438 -0.003916144 0.003916025 0.9999847 0.08239585 -0.06666123 0.9943678 -0.003932535 0.003931879 0.9999846 -0.003932178 0.003931939 0.9999846 0.05880218 -0.07448798 0.9954867 -0.003931999 0.003932118 0.9999846 -0.003931939 0.003932178 0.9999846 0.1529456 -0.1607774 0.9750684 0.1764604 -0.1294229 0.975762 0.1372376 -0.176463 0.9746932 0.1529508 -0.1764589 0.972352 0.1215569 -0.2235411 0.967085 0.2235105 -0.1215772 0.9670895 0.05883407 -0.07449823 0.9954841 0.1764711 -0.1529312 0.9723529 0.1372156 -0.17645 0.9746986 0.1764537 -0.1529452 0.9723538 0.1293984 -0.1764766 0.9757623 0.1293448 -0.1607628 0.9784811 0.1293448 -0.1607628 0.9784811 0.1764833 -0.1529412 0.9723491 0.152937 -0.1764517 0.9723554 0.1607762 -0.1293956 0.9784722 0.1607762 -0.1293956 0.9784722 0.1607896 -0.07445055 0.9841768 0.1686394 -0.07450073 0.9828584 0.1607776 -0.08236056 0.9835484 0.216068 -0.09828513 0.971419 0.1999208 -0.07456123 0.976971 0.2313823 -0.1215825 0.9652357 0.2548748 -0.09799623 0.9619957 0.2784469 -0.09804785 0.955434 0.4117367 -0.1450853 0.8996796 0.4275682 -0.145062 0.8922682 0.4666722 -0.160787 0.8696923 0.4744048 -0.16093 0.865472 0.474495 -0.1608057 0.8654456 0.4666653 -0.1529425 0.8711098 0.6862735 -0.01960593 0.7270794 0.6862868 -0.01960712 0.7270668 0.6862826 -0.019607 0.7270706 0.6941002 -0.01960879 0.7196114 0.5921536 -0.4431298 0.6730455 0.5215776 -0.5215758 0.6752152 0.5921415 -0.4431632 0.6730341 0.5215975 -0.521594 0.6751858 0.4509779 -0.5921534 0.6678123 0.4509703 -0.5921497 0.6678208 0.01960724 -0.6941123 0.7195998 0.0196073 -0.6862844 0.727069 0.01960837 -0.6862707 0.7270819 0.01960778 -0.6862921 0.7270617 -0.3333387 -0.4509865 0.8279472 -0.2627019 -0.5137407 0.8167365 -0.3333291 -0.4509781 0.8279557 -0.2549257 -0.5137376 0.8191987 -0.1764956 -0.6156515 0.7679991 -0.1764677 -0.6078397 0.7742029 -0.1450953 -0.6470558 0.7485094 -0.1450929 -0.6470731 0.7484948 -0.2470881 -0.2941185 0.9232778 -0.2470577 -0.3019371 0.9207587 -0.2470639 -0.2941476 0.9232749 -0.2470257 -0.3019328 0.9207687 -0.04313284 0.05881685 0.9973365 -0.04313135 0.04313862 0.9981377 -0.04313468 0.05882012 0.9973363 -0.05099362 0.04313611 0.997767 -0.08234339 0.06666988 0.9943716 -0.09021019 0.06667697 0.9936882 0.286282 0.2784254 0.9167999 0.294115 0.2784298 0.9143158 0.2862699 0.2784287 0.9168027 0.2941241 0.286286 0.9118835 0.6705856 0.1607819 0.7241989 0.6235342 0.1764628 0.7616207 0.6627301 0.1529472 0.733073 0.6156613 0.1764927 0.7679919 0.5137105 0.2627382 0.8167437 0.5137229 0.262749 0.8167325 0.4509823 0.325493 0.8310651 0.4588236 0.3333343 0.8236318 -0.4588249 -0.3254577 0.8267751 -0.4196146 -0.4196242 0.8048845 -0.4588324 -0.325509 0.8267508 -0.4196077 -0.4196398 0.8048801 -0.4196082 -0.4352941 0.7965224 -0.4117899 -0.4352744 0.8006032 -0.4744891 -0.2314184 0.8492972 -0.4745057 -0.2313782 0.8492988 -0.4745219 -0.2314009 0.8492835 -0.4745 -0.2313603 0.8493069 -0.3333159 -0.1058744 0.9368518 -0.3333323 -0.105885 0.9368447 -0.3333485 -0.1058936 0.936838 -0.3333208 -0.1058737 0.9368501 -0.04312592 0.1215563 0.9916473 -0.0431559 0.1215845 0.9916425 -0.04313981 0.1215718 0.9916447 -0.04313528 0.1215667 0.9916456 0.4038996 0.09018361 0.9103473 0.403907 0.0901854 0.9103438 0.4039343 0.09021043 0.9103292 0.403936 0.0902096 0.9103285 0.6548932 -0.2156846 0.7242894 0.6392144 -0.1764693 0.7485076 0.6549035 -0.2156822 0.7242808 0.6392319 -0.1686548 0.7502922 0.6000084 -0.0353046 0.7992144 0.607826 -0.03530961 0.7932849 0.5842633 0.02750802 0.8110979 0.5842851 0.02748864 0.8110828 0.5921672 0.003908157 0.8058058 0.5921719 0.00390923 0.8058024 0.584298 -0.4039213 0.7038776 0.5764743 -0.3960795 0.7147018 0.5764715 -0.3960802 0.7147036 0.5764665 -0.396067 0.7147149 0.2784315 -0.6784255 0.6798638 0.2784288 -0.6862698 0.6719458 0.2784227 -0.6784194 0.6798735 0.2784261 -0.6862579 0.6719591 -0.2392145 -0.6392185 0.7308736 -0.223541 -0.6391959 0.7358384 -0.223523 -0.6392183 0.7358244 -0.2156822 -0.6313675 0.7448868 0.4274352 0.3960408 0.8126813 0.3254677 0.427477 0.8434063 0.4273991 0.3960452 0.8126981 0.3254867 0.4352622 0.8394078 0.2313665 0.4431573 0.8660722 0.2313705 0.4509736 0.8620269 0.2313747 0.4509651 0.8620303 0.2313599 0.4509904 0.862021 0.4353649 0.3882286 0.8122414 0.4353018 0.3882083 0.8122848 0.6078371 0.2156862 0.7642078 0.6156651 0.2157196 0.757906 0.6156908 0.2156558 0.7579033 0.6235285 0.2157071 0.7514538 0.6705894 -0.2705942 0.6907162 0.6627343 -0.2627816 0.701234 0.6705814 -0.2705866 0.6907269 0.6627377 -0.2627444 0.7012448 0.3960749 -0.552937 0.7330658 0.396079 -0.5607846 0.7270778 0.3960801 -0.5529319 0.7330668 0.3882189 -0.5607777 0.7313101 0.01171278 -0.568617 0.8225191 -0.01957845 -0.5607808 0.8277329 0.01177918 -0.5686207 0.8225155 -0.01955932 -0.5607478 0.8277556 0.05100923 -0.5842826 0.8099457 0.0510196 -0.5842938 0.809937 0.1921214 -0.6235138 0.757839 0.1842969 -0.6235461 0.7597532 0.2235172 -0.6313638 0.7425765 0.2235422 -0.6313709 0.7425629 -0.05879038 -0.3960201 0.916358 -0.05883425 -0.3960591 0.9163383 -0.05883359 -0.3960533 0.9163408 -0.05887079 -0.3960301 0.9163484 -0.08231163 0.02748471 0.9962276 -0.0823571 0.02745044 0.9962248 -0.08238595 0.02743709 0.9962228 -0.08229166 0.02744805 0.9962303 0.1294265 0.3097714 0.9419611 0.1294332 0.3097686 0.9419611 0.1294281 0.3097738 0.94196 0.1294345 0.3097712 0.94196 0.4274513 -0.7725474 0.4695273 0.4274529 -0.7725483 0.4695244 0.4352729 -0.7725577 0.4622688 0.4352864 -0.7725424 0.4622814 -0.2392243 -0.7019637 0.6708345 -0.2156865 -0.717633 0.66218 -0.04314374 -0.3882318 0.9205514 -0.2156747 -0.725468 0.6535905 -0.1843187 -0.7411641 0.6455249 0.0980609 -0.1294069 0.9867309 -0.04311841 -0.3882497 0.9205451 0.08236253 -0.1686316 0.982232 0.1373026 -0.06666278 0.9882834 0.7803919 -0.4274414 0.4563798 0.7725384 -0.4274406 0.4695519 0.7725463 -0.435282 0.4622792 0.7725428 -0.4352788 0.4622879 -0.129418 -0.7176174 0.6843071 -0.129403 -0.7176507 0.684275 -0.1294043 -0.7176481 0.6842776 -0.129414 -0.7176321 0.6842925 0.6862716 -0.2705756 0.6751446 0.6862581 -0.2705767 0.6751579 0.6862645 -0.2705806 0.6751497 0.6862442 -0.2705851 0.6751686 0.270583 -0.6862576 0.6751559 0.2705867 -0.6862574 0.6751545 0.2705888 -0.6862444 0.675167 0.2705926 -0.6862531 0.6751565 0.7176376 0.129419 0.6842858 0.7176276 0.1294211 0.6842959 0.7176386 0.1294134 0.6842858 0.7176284 0.1294161 0.6842959 -0.7019585 0.7097966 -0.05867749 -0.4581563 0.8888717 -5.31401e-6 -0.7071076 0.7071061 -7.56234e-7 -0.458154 0.8888729 1.95089e-6 -0.8823491 0.4666596 -0.06073707 -0.8888771 0.4581457 -4.30085e-6 -0.3176426 0.9450924 0.07683587 -0.3176416 0.9450899 0.07686901 0.3176704 -0.9450855 0.07680493 -0.3176463 0.9450893 -0.07685768 -0.3176457 0.9450889 -0.07686465 -0.94509 0.3176463 -0.07684838 -0.9510049 0.3091757 -1.7643e-5 -0.6863469 -0.3882883 -0.6149474 -0.945089 0.3176521 -0.07683795 -0.9450909 0.3176415 0.07685732 -0.003932237 0.003931879 -0.9999846 -0.003932058 0.003932058 -0.9999846 -0.003932654 0.003931879 -0.9999846 -0.003932654 0.003932237 -0.9999846 -0.003932654 0.003931879 -0.9999846 -0.003932297 0.003931879 -0.9999846 -0.003931939 0.003932237 -0.9999846 -0.003932416 0.003931879 -0.9999846 -0.003932058 0.003932058 -0.9999846 -0.003931879 0.003932237 -0.9999846 -0.4581249 0.8888878 -4.30881e-7 -0.4274146 0.8117761 0.397915 -0.2156907 0.9764617 -2.44894e-4 -0.1450972 0.9058751 0.3979162 -0.7071067 0.707107 0 -0.6470642 0.6470655 0.4032544 -0.3020057 0.5843276 0.753229 -0.105886 0.6548904 0.7482693 -0.4667187 0.4667226 0.7512281 -0.003907859 0.9137099 0.4063483 -0.003935098 0.6627283 0.7488497 -0.003935277 0.9999923 -3.46624e-4 -0.003857314 0.9999925 -3.33494e-4 -0.003889083 0.9999924 -3.43661e-4 -0.8117924 0.4274263 0.3978693 -0.8888881 0.4581246 0 -0.9764724 0.2156425 -2.31966e-4 -0.9058744 0.1451036 0.3979154 -0.5843117 0.3019667 0.753257 -0.6548913 0.1058824 0.7482689 -0.9137072 0.003900349 0.4063547 -0.6627291 0.00393629 0.748849 -0.9999924 0.003906905 -3.44069e-4 -0.9999923 0.003945708 -3.44379e-4 -0.9999924 0.003888666 -3.42736e-4 -0.4353773 0.8353119 0.3357094 -0.3882259 0.7411683 0.547677 -0.1529023 0.9294237 0.3358461 -0.1372603 0.8195918 0.5562633 -0.6627417 0.6627401 0.3486391 -0.5921379 0.5921391 0.5465748 -0.05883103 0.380382 0.9229564 -0.1764695 0.3411649 0.9232904 -0.003893494 0.003893911 0.9999849 -0.2705648 0.2705662 0.9238986 -0.003917455 0.9450883 0.326792 -0.003910183 0.8274543 0.5615196 -0.003903687 0.3568538 0.9341522 -0.741168 0.3882269 0.5476769 -0.8353118 0.4353774 0.3357092 -0.9293885 0.1529728 0.3359116 -0.8196279 0.1372389 0.5562157 -0.3411659 0.1764693 0.9232901 -0.3803821 0.05883246 0.9229563 -0.9450885 0.003919005 0.3267914 -0.3568528 0.003905653 0.9341525 -0.8274535 0.003910183 0.5615207 -0.9450876 0.003916561 0.3267937 -0.2156961 0.4196115 0.8817037 -0.1529365 0.458771 0.875294 -0.3098045 0.5921479 0.7438966 -0.2157239 0.6391749 0.7381861 -0.4745064 0.4745056 0.7414095 -0.3333613 0.3333811 0.8818885 -0.5921473 0.3098021 0.743898 -0.4196072 0.2235227 0.8797542 -0.6392314 0.2156612 0.7381554 -0.458771 0.1529364 0.8752941 -0.3411826 0.6627444 0.6666067 -0.2392137 0.7176461 0.6540343 -0.06659817 0.1921455 0.9791041 -0.0902059 0.1764686 0.9801642 -0.003932297 0.003932058 0.9999846 -0.003932714 0.003931939 0.9999846 -0.1372757 0.1372845 0.9809733 -0.003931164 0.003931879 0.9999846 -0.003931343 0.003932237 0.9999846 -0.1764703 0.0901696 0.9801672 -0.003933489 0.003931999 0.9999846 -0.1921517 0.066657 0.9790989 -0.7176425 0.2392141 0.6540382 -0.662745 0.3490014 0.6625459 -0.5294041 0.5294101 0.6629151 -0.7725485 0.6313624 -0.06745523 -0.7725471 0.6313643 0.06745523 -0.7725446 0.6313673 0.06745511 -0.7725422 0.6313702 0.06745511 -0.7176459 0.4117322 0.5616591 -0.7098075 0.3960597 0.5825033 -0.6940985 0.2549302 0.6732295 -0.6862459 0.2470903 0.6841146 -0.6784237 0.02745962 0.7341576 -0.6862609 0.05098646 0.7255663 -0.6862627 -0.1058773 0.7196066 -0.6941016 -0.113738 0.7108352 -0.7411767 0.4509786 0.4972681 -0.7411546 0.4509654 0.4973131 -0.4581374 0.8888815 1.55411e-6 -0.4509744 0.8666585 0.2133665 -0.1607949 0.9843044 -0.07273161 -0.1607795 0.9686184 0.1895482 -0.7071071 0.7071065 0 -0.6941119 0.6941108 0.1908375 -0.003926455 0.9764602 0.2156621 -0.003859996 0.9999925 -3.36701e-4 -0.8666659 0.4509796 0.2133251 -0.8888821 0.4581363 0 -0.9843092 0.160766 -0.07273143 -0.9686215 0.1607854 0.1895271 -0.97646 0.003922343 0.215663 -0.9999924 0.003906965 -3.43087e-4 -0.1372574 0.8431118 0.5199261 -0.396063 0.7568488 0.5199174 -0.1215802 0.7489982 0.6513217 -0.3490151 0.6705799 0.6546075 -0.6000002 0.5999997 0.5291504 -0.5372371 0.5372371 0.6501943 -0.003907859 0.8509705 0.525199 -0.003918826 0.764697 0.6443781 -0.7568544 0.3960725 0.5199021 -0.8431342 0.1372534 0.5198907 -0.670577 0.3490129 0.6546118 -0.7489937 0.1215842 0.6513261 -0.8509707 0.003907442 0.5251987 -0.7646987 0.003919064 0.6443762 0.04314512 -0.08235764 0.9956685 0.04313135 -0.08234065 0.9956706 0.01177603 -0.09019839 0.9958542 0.01179629 -0.09019911 0.9958539 -0.003903448 -0.09020805 0.9959153 -0.003902792 -0.09020894 0.9959153 0.0666626 -0.06666481 0.9955461 0.06666332 -0.06666725 0.9955458 0.08235573 -0.04312384 0.9956696 0.08237487 -0.04313641 0.9956675 0.09017252 -0.01172947 0.9958571 0.09016674 -0.01175016 0.9958574 0.0901972 0.003944873 0.9959162 0.09022927 0.003903388 0.9959135 -0.003895163 0.9999924 -3.41182e-4 -0.003895163 0.9999924 -3.41072e-4 -0.00389415 0.9999924 -3.40909e-4 -0.003846645 0.9999926 -3.33718e-4 -0.003892898 0.9999924 -3.40861e-4 -0.003892898 0.9999924 -3.40763e-4 -0.003931045 0.4744992 0.8802472 -0.003905892 0.6627575 0.7488239 -0.1842741 0.4431496 0.8773036 -0.1294173 0.6470406 0.7513919 -0.003928184 0.1921371 0.9813603 -0.223546 0.1607694 0.9613431 -0.1215456 0.7333386 0.6689104 -0.003899574 0.749005 0.662553 -0.3489916 0.4274881 0.8339417 -0.2470635 0.6470568 0.7213025 -0.4431071 0.1450637 0.8846539 -0.5529683 -0.0588088 0.8311243 -0.2705814 -0.01960504 0.9624975 -0.003912389 0.1921694 0.9813541 -0.2077345 0.7174858 0.6648764 -0.00391221 0.01176375 0.9999232 -0.003924906 0.1921697 0.9813539 -0.2705783 -0.01962387 0.962498 -0.00391674 0.003899753 -0.9999848 -0.2391925 0.23919 -0.9410501 -0.113718 0.3098291 -0.9439674 -0.4274371 0.4274372 -0.7966148 -0.2002561 0.5608013 -0.8033676 -0.003935337 0.6078348 -0.7940537 -0.003934562 0.3333316 -0.9428015 -0.003916144 0.003922879 -0.9999847 -0.6235246 0.623524 -0.4716301 -0.4038989 0.7803874 -0.4773483 -0.1529436 0.8666419 -0.4749107 -0.003937423 0.8745032 -0.4850038 -0.4588687 0.8823157 -0.1046835 -0.7019529 0.7019535 -0.120513 -0.4581004 0.8889005 -1.1627e-5 -0.707107 0.7071067 0 -0.3098055 0.9293988 -0.2005953 -0.1529383 0.9607737 -0.231352 -0.00390315 0.9764651 -0.2156404 -0.3176453 0.9450922 -0.07682561 -0.3176462 0.9450892 0.07685881 -0.3176409 0.9450904 0.07686758 -0.316648 0.9454243 -0.07685762 -0.8888772 0.4581459 -4.45186e-7 -0.8823155 0.4588689 -0.1046834 -0.7803874 0.4038988 -0.4773483 -0.5607928 0.2001557 -0.8033985 -0.3098291 0.113718 -0.9439672 -0.003899872 0.003917038 -0.9999848 -0.6078344 0.003935337 -0.794054 -0.3333317 0.003934383 -0.9428014 -0.00392276 0.003916144 -0.9999848 -0.8666418 0.1529442 -0.4749105 -0.8745032 0.0039379 -0.485004 -0.9294117 0.3097965 -0.2005493 -0.9607738 0.1529384 -0.231352 -0.9764652 0.003903865 -0.2156398 -0.9450921 0.317646 -0.07682508 -0.9450893 0.3176464 0.07685792 -0.9452925 0.3170374 0.07687246 -0.9450905 0.3176401 0.07686781 -0.1921713 0.5764576 0.7942083 -0.2940953 0.5529743 0.7795689 -0.2392161 0.7019665 0.6708344 -0.3490173 0.6705839 0.6546024 -0.5372622 0.5372619 0.6501531 -0.450983 0.4509881 0.7702105 -0.5529561 0.294108 0.7795768 -0.6705843 0.3490185 0.6546013 -0.7019392 0.2392097 0.6708652 -0.5764564 0.1999822 0.7922785 -0.3646467 0.3647177 0.8567461 -0.3019515 0.3960822 0.8671472 -0.4039006 0.3019477 0.8635345 -0.1607591 0.4588251 0.8738628 -0.1607846 0.4745157 0.8654382 -0.4666677 0.1607807 0.8696959 -0.4587957 0.1529551 0.8752779 -0.2235122 0.4588105 0.8599624 -0.1606848 0.4666958 0.8696985 -0.4355457 0.2627228 0.8609743 -0.4666662 0.1607807 0.8696967 -0.4196033 0.1529359 0.8947311 -0.419581 0.1450746 0.8960498 -0.2705971 0.03530907 0.962045 -0.2784181 0.03529006 0.9598115 -0.1686214 0.01960784 0.9854859 -0.1765533 0.01956182 0.9840967 -0.1764513 0.01186078 0.984238 -0.1686251 0.03529322 0.9850482 -0.1764855 0.003904104 0.9842956 -0.1607551 0.0431205 0.986052 -0.05882495 0.01960664 0.9980758 0.003932178 -0.003931939 0.9999846 -0.003932058 0.003932118 0.9999846 -0.1765261 0.003850936 0.9842884 -0.1686204 0.05879265 0.9839262 -0.1843249 0.0980376 0.9779637 -0.1921637 0.09802848 0.9764546 -0.1843071 0.09802979 0.9779679 -0.1765078 0.0902208 0.9801557 -0.1686298 0.05883407 0.983922 -0.2235141 0.03530216 0.9740613 -0.2705679 -0.003937721 0.9626929 -0.05881655 0.01960307 0.9980764 -0.2235277 0.08235573 0.9712122 -0.223536 0.03531765 0.9740557 -0.2156623 0.09023249 0.97229 -0.1843244 0.09803926 0.9779637 -0.168615 0.07450574 0.9828621 -0.1686149 0.07450598 0.9828621 -0.2235271 0.03529578 0.9740585 -0.01958435 0.1765092 0.9841042 -0.01960593 0.168638 0.9854831 -0.03531271 0.2706164 0.9620394 -0.01185965 0.1764518 0.9842379 -0.04312312 0.1686103 0.9847391 -0.003923952 0.1764667 0.9842988 -0.04311776 0.1607513 0.9860528 -0.01960515 0.05880725 0.9980769 0.003932118 -0.003931999 0.9999846 -0.003932178 0.003931939 0.9999846 -0.003833711 0.1765527 0.9842838 -0.09802633 0.1921809 0.9764513 -0.05880814 0.1686308 0.9839235 -0.03527522 0.2704191 0.9620963 -0.1450309 0.4274236 0.8923425 -0.1529389 0.4274497 0.8910088 -0.01960372 0.05882638 0.9980757 -0.003917634 0.254899 0.9669598 -0.05882304 0.239213 0.9691838 -0.0352897 0.2156852 0.9758251 -0.03530728 0.215668 0.9758283 -0.07450205 0.168625 0.9828607 -0.07450211 0.168625 0.9828607 -0.09804433 0.1843072 0.9779664 -0.09803932 0.1921759 0.9764512 -0.0980497 0.2000066 0.9748763 -0.05880188 0.239229 0.9691811 -0.1136819 0.1607642 0.9804241 -0.1293821 0.2235524 0.9660666 -0.1058558 0.1529582 0.9825469 -0.1216215 0.2234743 0.9670923 -0.1921592 0.3647014 0.9110805 -0.1921733 0.3646916 0.9110816 -0.262619 0.4353464 0.8611067 -0.1058529 0.1450706 0.9837428 -0.09803611 0.1293901 0.9867356 -0.160768 0.1137135 0.9804198 -0.1529321 0.1058951 0.9825468 -0.2235368 0.1294003 0.9660677 -0.2234777 0.1216254 0.967091 -0.3647146 0.2000091 0.9093843 -0.364703 0.1999992 0.9093911 -0.4587759 0.2235193 0.859979 -0.1294391 0.09803152 0.9867297 -0.1450561 0.1059116 0.9837386 -0.1293987 0.239246 -0.9622979 -0.08235871 0.2706042 -0.9591614 -0.0902059 0.1764593 -0.9801659 -0.1764654 0.2156819 -0.960386 -0.2627587 0.3490327 -0.8995187 -0.1450936 0.1450951 -0.9787213 -0.3176397 0.3176407 -0.8934257 -0.1372843 0.4117753 -0.9008852 -0.05883073 0.2156717 -0.9746921 0.05097615 -0.09802699 -0.9938774 0.03528761 -0.1058752 -0.9937531 -0.1294172 0.411756 -0.9020578 -0.05098122 0.2784276 -0.9591033 -0.003925383 0.2941042 -0.9557654 -0.02745449 0.1294154 -0.9912104 -0.003902852 0.1372124 -0.990534 -0.09806591 0.2706129 -0.9576804 -0.05882978 0.1372016 -0.9887946 -0.04306679 0.05094832 -0.9977723 -0.02747678 -0.003898024 -0.999615 -0.03529179 0.02744865 -0.999 -0.01962012 0.1294139 -0.9913966 -0.0666362 0.1372687 -0.98829 -0.08235621 0.2705934 -0.9591646 -0.003907501 0.1372243 -0.9905323 -0.003916144 0.1372414 -0.99053 -0.0039137 0.1372401 -0.9905301 -0.003904104 0.1372187 -0.9905332 -0.04317724 0.1058799 -0.9934412 -0.05880492 0.09804379 -0.9934433 -0.1764732 0.2156869 -0.9603835 -0.0980578 0.1372316 -0.9856735 -0.04314738 0.05883163 -0.997335 -0.05094164 0.05094212 -0.9974017 0.003935217 0.003933191 -0.9999846 -0.003931939 -0.003932178 -0.9999846 -0.003911137 0.003911197 -0.9999848 -0.1058598 0.1058614 -0.98873 -0.003932952 -0.003934741 -0.9999846 -0.05883967 0.0431568 -0.9973342 0.003932058 0.003932058 -0.9999846 -0.1372485 0.09804511 -0.9856724 -0.215678 0.176469 -0.9603863 -0.2156745 0.1764618 -0.9603883 -0.2392289 0.1293627 -0.962307 -0.09802776 0.05883705 -0.993443 -0.1764979 0.09016788 -0.9801625 -0.2706107 0.08236616 -0.9591589 -0.3490028 0.2627285 -0.8995393 -0.4117742 0.1372841 -0.9008858 -0.2156723 0.05883264 -0.9746918 0.09797906 -0.050969 -0.9938825 0.1059098 -0.03531968 -0.9937483 -0.4117581 0.1294211 -0.9020563 -0.2784284 0.05098211 -0.9591031 -0.2941045 0.003927946 -0.9557653 -0.1294149 0.02745318 -0.9912105 -0.1372555 0.003921747 -0.9905279 -0.2706123 0.09806549 -0.9576807 -0.1371703 0.05883252 -0.9887988 -0.05105042 0.04328829 -0.9977575 0.003927171 0.02744215 -0.9996157 -0.02745962 0.03529703 -0.9989996 -0.129413 0.0196197 -0.9913967 -0.1372724 0.06663542 -0.9882894 -0.2705852 0.08235365 -0.9591671 -0.1372691 0.003927767 -0.9905261 -0.1372423 0.003916382 -0.9905298 -0.1372416 0.003915607 -0.9905298 -0.1372188 0.003904104 -0.9905331 -0.1058615 0.04317826 -0.993443 0.07450288 -0.07450163 -0.9944339 -0.1764746 0.9843052 -3.46582e-4 -0.3254879 0.9450912 -0.02933394 -0.176415 0.9843158 -3.3629e-4 -0.3254892 0.9450907 -0.02933394 -0.0195648 0.9998087 -3.81726e-5 -0.01960366 0.9998079 2.65788e-7 -0.01960527 0.9998078 -2.54742e-5 0.8823457 0.4666628 -0.06076091 0.8823475 0.4666613 -0.06074655 0.8823439 0.4666646 -0.06077384 0.8823476 0.4666592 -0.06076103 -0.882347 -0.4666609 -0.06075733 -0.8823454 -0.4666622 -0.06077003 -0.8823469 -0.4666631 -0.06074267 -0.8823465 -0.4666621 -0.06075674 -0.9294052 0.3646994 -0.05657136 -0.9294039 0.3647028 -0.05657136 -0.9294041 0.3647025 -0.05657142 -0.9294018 0.3647084 -0.05657142 0.2155739 0.9764876 0 0.2155731 0.9764877 0 0.2155738 0.9764876 0 0.2155731 0.9764878 0 -0.09017682 0.2627249 -0.9606476 -0.09803205 0.2705873 -0.9576911 -0.05884236 0.137241 -0.9887884 -0.08232277 0.1450949 -0.9859871 -0.1450951 0.4117633 -0.8996657 -0.145092 0.4117642 -0.899666 0.6862708 -0.6862688 -0.2409724 0.5843071 -0.7725446 -0.2485157 0.6862674 -0.6862657 -0.2409908 0.584306 -0.7725451 -0.2485172 0.7725427 -0.5843095 -0.2485162 0.7725424 -0.5843093 -0.2485177 0.8338513 0.5519891 -2.11336e-5 0.8338536 0.5519858 -9.48459e-6 0.8274444 0.5607805 -0.02934592 0.8352892 0.5450924 -0.07187664 0.8352905 0.5450913 -0.0718702 0.8352906 0.5450913 -0.0718702 0.8338512 0.5519894 1.47186e-5 0.8274438 0.5607816 -0.02933973 0.8274438 0.5607816 -0.02933967 0.8338516 0.5519887 1.89617e-6 0.9829164 0.184053 1.01626e-5 0.9829165 0.1840527 1.32918e-5 0.9843061 0.1764698 -9.77889e-6 0.9843056 0.1764724 -2.48044e-5 0.976465 0.1921545 -0.09794342 0.9764655 0.1921524 -0.09794294 0.3176642 -0.9137188 -0.253392 0.3176409 -0.9137181 -0.2534238 0.3176536 -0.9137206 -0.2533989 0.3176584 -0.9137208 -0.2533921 -0.9058746 -0.4196052 -0.05764287 -0.9058766 -0.4196051 -0.05761164 -0.9215596 -0.3803943 -0.07764077 -0.9215614 -0.3803915 -0.07763272 -0.8888775 -0.458145 -1.40555e-5 -0.8888767 -0.4581466 1.50081e-5 -0.2862738 0.9215609 0.2622458 -0.2862722 0.9215623 0.2622427 -0.2862663 0.9215666 0.2622342 -0.2862779 0.9215517 0.2622741 -0.6155754 0.7880781 0 -0.6155744 0.7880789 0 -0.6155745 0.7880788 0 -0.615649 0.7880206 0 -0.8039141 -0.5921555 -0.05544477 -0.8039122 -0.592158 -0.05544495 -0.8039156 -0.5921534 -0.05544459 -0.8039138 -0.5921559 -0.05544477 -0.003936946 0.00393182 0.9999846 -0.003928899 0.003931105 0.9999846 -0.00393635 0.003931879 0.9999846 -0.003928363 0.003931164 0.9999846 0.8039172 0.5921512 0.05544453 0.8039169 0.5921518 -0.05544465 0.8039157 0.5921533 0.05544471 0.8039153 0.5921538 -0.05544477 -0.003932237 0.003931879 -0.9999846 -0.003931999 0.003932118 -0.9999846 -0.003932297 0.00393182 -0.9999846 -0.003931879 0.003932237 -0.9999846 -0.4736258 0.8807262 0 -0.4736286 0.8807247 0 -0.4736284 0.8807249 -1.15814e-6 -0.4736311 0.8807234 1.65667e-7 -0.8967598 -0.442518 2.40456e-7 -0.8967599 -0.4425175 0 -0.8967598 -0.4425179 -2.41597e-7 -0.8967599 -0.4425175 0 -0.003933131 0.003930985 0.9999846 -0.003931939 0.003932178 0.9999846 -0.003932833 0.003931283 0.9999846 -0.003932178 0.003931999 0.9999846 0.8967597 0.4425179 0 0.8967605 0.4425164 -2.41597e-7 0.8967598 0.4425178 0 0.8967605 0.4425162 2.40456e-7 -0.003932297 0.00393182 -0.9999846 -0.003932893 0.003931224 -0.9999846 -0.003931999 0.003932118 -0.9999846 -0.003933131 0.003931045 -0.9999846 -0.5999985 0.7960705 -0.07920694 -0.7071068 0.7071067 0 -0.5999228 0.7961276 -0.079207 -0.7071069 0.7071067 0 -0.7960726 0.5999956 -0.07920694 -0.7960703 0.5999987 -0.07920688 0.2784279 -0.5215693 -0.8065009 0.2784303 -0.5215616 -0.8065049 0.4196529 -0.4196531 -0.8048496 0.4196496 -0.4196494 -0.8048532 0.1921601 -0.5607881 -0.8053517 0.1921584 -0.5607848 -0.8053545 0.5215224 -0.2784422 -0.8065262 0.5215693 -0.2784281 -0.8065007 0.560788 -0.1921602 -0.8053517 0.5607847 -0.1921581 -0.8053544 -0.2627516 0.3490205 -0.8995256 -0.3097932 0.3097931 -0.8989197 -0.1842895 0.239211 -0.9533182 -0.2081054 0.2081056 -0.9557114 -0.1058566 0.1372277 -0.984867 -0.1215763 0.121576 -0.9851084 -0.2392114 0.1842899 -0.953318 -0.3490211 0.2627521 -0.8995253 -0.1372278 0.105857 -0.984867 -0.5920911 0.7647312 0.2541936 -0.5921004 0.7647269 0.2541849 -0.6862676 0.686268 0.2409837 -0.6862693 0.6862697 0.2409738 -0.7647233 0.5921006 0.2541952 -0.7647114 0.5921249 0.2541742 0.7019557 -0.7019567 0.1204785 0.45885 -0.8823345 0.1046065 0.701954 -0.7019545 0.120502 0.4588209 -0.8823493 0.1046093 0.3254877 -0.9450906 0.02935314 0.3254876 -0.9450913 0.02933371 0.882347 -0.458819 0.1046378 0.882351 -0.458818 0.1046088 0.9450904 -0.3254882 0.02935475 0.9450908 -0.3254884 0.02933597 -0.3333311 0.05882376 0.940973 0.01174479 0.05881118 0.9982001 -0.4744763 0.05099016 0.8787903 -0.9058684 0.01178485 0.4233953 -0.9686225 0.01176756 0.2482582 -0.9999308 -0.01177263 2.40876e-5 -0.9999309 -0.0117653 -2.35213e-5 -0.9999924 -0.003905475 -2.9964e-4 -0.9999924 0.003902018 -3.22824e-4 -0.9999924 0.003905057 -3.31859e-4 -0.9999923 0.003935813 -3.54839e-4 -0.003927886 0.050987 0.9986917 -0.003936827 0.05096179 0.9986929 -0.003897905 0.05882871 0.9982605 -0.003917038 0.058824 0.9982607 -0.003887832 0.05883884 -0.9982599 -0.003931045 0.05881822 -0.998261 -0.003931045 0.05881822 -0.998261 -0.003931045 0.05881822 -0.998261 -0.003903388 0.05881297 0.9982615 -0.003903329 0.05881315 0.9982614 -0.003903269 0.05881327 0.9982614 -0.003903388 0.05881297 0.9982615 -0.9999925 -0.003869235 -3.40327e-4 -0.9999924 -0.003885746 -3.40664e-4 -0.9999924 -0.003901004 -3.41731e-4 -0.9999923 -0.003914117 -3.43133e-4 -0.003909647 0.04314702 0.9990611 0.003926813 0.04313105 0.9990617 -0.3960861 0.04315328 0.9171988 -0.5058587 0.03526496 0.8618952 -0.003904044 0.04314476 0.9990612 -0.00388211 0.04316234 0.9990605 -0.9686219 0.003932535 0.2485082 -0.003927648 0.04313558 0.9990616 -0.003927648 0.0431357 0.9990615 -0.9215636 0.01961308 0.3877317 -0.3960772 0.04316908 0.9172019 -0.9686223 0.003897845 0.2485072 -0.9215538 0.01962041 0.3877546 -0.9686161 0.003905594 0.2485309 -0.9999924 -0.003886818 -3.41595e-4 -0.9999924 -0.003898501 -3.4208e-4 -0.9999924 -0.003889083 -3.40522e-4 -0.9999924 -0.003904521 -3.42529e-4 -0.9999924 -0.003893017 -3.4302e-4 -0.9999925 -0.003882229 -3.43431e-4 -0.9999924 -0.003913342 -3.43703e-4 -0.9843068 0.01176369 0.1760733 -0.984307 0.003923714 0.1764214 -0.9843059 0.01176393 0.1760784 -0.9843087 0.00392729 0.1764117 0.003794133 0.9999927 -3.20675e-4 0.0039227 0.9999923 -3.42187e-4 -0.003922045 0.9999923 -3.41989e-4 -0.003922045 0.9999923 -3.40993e-4 -0.4588549 0.03530019 0.8878098 -0.4117787 0.05096805 0.9098574 -0.9450854 0.01960331 0.3262353 -0.9372556 0.01960599 0.3480913 -0.003888428 0.04313874 0.9990616 -0.4431273 0.05099529 0.8950071 -0.9529379 0.01960015 0.3025314 -0.003946006 0.05099785 0.998691 -0.003916025 0.05882644 0.9982606 -0.01176649 0.04311859 0.9990007 0.01964133 0.04311591 0.998877 -0.9999924 0.003889441 -3.32722e-4 -0.9999926 0.003866255 -3.31207e-4 -0.9999923 -0.003921687 -3.43406e-4 -0.9999923 -0.003918588 -3.50427e-4 -0.9999923 -0.003919601 -3.31789e-4 -0.003913402 0.04313546 0.9990616 -0.003916561 0.05097645 0.9986922 -0.003931879 0.003932297 -0.9999846 -0.003931879 0.003932237 -0.9999846 -0.003932118 0.003931999 -0.9999846 -0.003932118 0.003931999 -0.9999846 -0.003915607 0.9999923 -3.46193e-4 -0.003915846 0.9999924 -3.43775e-4 -0.003915667 0.9999924 -3.46091e-4 -0.003915846 0.9999924 -3.4369e-4 -0.6235176 -0.003952622 0.7817994 -0.6235225 -0.00393325 0.7817956 -0.6235206 -0.003940522 0.7817971 -0.6235134 -0.003968358 0.7818025 -0.3882437 -0.9215568 -7.69017e-6 -0.4039168 -0.9137199 -0.04435336 -0.3948633 -0.9187399 -9.379e-6 -0.4039171 -0.9137197 -0.04435503 -0.003904044 -0.6000034 -0.7999879 -0.00388801 -0.6000115 -0.799982 -0.003939688 -0.4666589 -0.8844286 -0.003934621 -0.4666616 -0.8844273 -0.003897309 -0.599994 -0.7999951 -0.003921627 -0.599995 -0.7999942 0.003935813 -0.3176576 -0.9481974 -0.003924548 -0.3176369 -0.9482043 -0.003936171 -0.3333309 -0.9428018 0.04314327 -0.6470639 -0.7612142 0.03529185 -0.6392039 -0.7682271 -0.01176172 -0.4431354 -0.8963776 -0.01960706 -0.4431352 -0.8962405 0.03529006 -0.7098011 -0.7035177 0.02745664 -0.7176365 -0.6958764 -0.003887712 -0.7333322 -0.6798594 -0.003887534 -0.7333329 -0.6798586 -0.01961064 -0.294107 -0.9555714 -0.0195989 -0.294088 -0.9555774 -0.9999309 -0.01176297 1.60299e-5 -0.9998078 -0.01960283 7.61077e-6 -0.999808 -0.01960116 1.45878e-5 -0.9998078 -0.01960426 3.22284e-6 -0.9999923 -0.003923833 -3.31661e-4 -0.9999923 0.003923654 -3.27863e-4 -0.999808 -0.01960039 1.57916e-5 -0.9998082 -0.01958543 3.72129e-5 -0.9998078 -0.01960486 4.76465e-6 0.9999924 -0.003916978 -2.13739e-5 0.9999924 -0.003918468 -2.15939e-5 0.9999923 0.003920555 -2.22672e-5 0.9999923 0.003926575 2.525e-5 -0.003902792 -0.9999924 1.2861e-5 -0.003902912 -0.9999924 1.28902e-5 -0.003902196 -0.9999924 8.01145e-6 -0.003902077 -0.9999924 7.41822e-6 -0.9999923 0.003921806 -3.65736e-4 -0.9999923 0.003923416 -3.65573e-4 -0.9999923 0.003923714 -3.66084e-4 -0.9999923 0.003923892 -3.66095e-4 -0.003892123 0.9999924 -3.56043e-4 -0.003892183 0.9999924 -3.56187e-4 -0.003893315 0.9999924 -3.56797e-4 -0.003893435 0.9999924 -3.56872e-4 -0.003930628 0.0823583 -0.996595 -0.003930509 0.08235847 -0.996595 -0.003891348 0.08233094 -0.9965975 -0.00393027 0.08235877 -0.996595 -0.003928005 -0.8901883 0.455576 -0.003927946 -0.8901891 0.4555743 -0.003927946 -0.8901891 0.4555744 -0.003927886 -0.89019 0.4555727 -0.003925621 -0.1137246 -0.9935046 -0.003925621 -0.1137243 -0.9935046 -0.003925621 -0.1137243 -0.9935046 -0.003877758 -0.113727 -0.9935045 -0.003896355 0.4352846 -0.9002846 -0.003898024 0.4352805 -0.9002866 -0.003896594 0.435284 -0.9002849 -0.003898203 0.4352799 -0.9002867 -0.003930687 0.5686181 0.8225923 0.003930985 0.5686174 0.8225928 -0.003931045 0.568617 0.822593 -0.003931045 0.5686165 0.8225935 0.5215701 0.1137029 0.8455983 0.5137237 0.1137071 0.8503873 0.5215709 0.1137146 0.8455961 0.5137322 0.1137056 0.8503825 0.03530222 0.5450932 0.837632 -0.2941188 0.5294156 0.7957471 0.02745038 0.529401 0.8479276 -0.3019443 0.5059515 0.807987 -0.7803956 0.5058887 0.3675042 -0.7725434 0.4980421 0.3938664 -0.8980326 0.4352911 0.06371229 -0.89803 0.4274482 0.1040696 -0.9371322 -0.3489744 -1.29659e-5 -0.8745024 -0.450975 0.1785137 -0.937132 -0.3489755 -1.16056e-5 -0.8666605 -0.4352908 0.2437657 -0.4117485 -0.5215551 0.7472908 -0.3804903 -0.4979748 0.7792614 -0.003910958 -0.4823587 0.8759651 -0.003908216 -0.4823568 0.8759662 -0.93725 -0.3411732 -0.07185697 -0.9371325 -0.3489739 -2.3365e-5 -0.9371319 -0.3489755 -3.90573e-6 -0.003930211 -0.3176463 -0.9482012 -0.003911077 -0.3254746 -0.9455427 -0.003918588 -0.317646 -0.9482014 -0.003913223 -0.3254772 -0.9455418 -0.003921449 0.03529435 -0.9993693 -0.003921449 0.03529423 -0.9993693 -0.003921449 0.03529405 -0.9993693 -0.003921508 0.03529441 -0.9993693 0.003865301 -0.9843048 -0.1764349 0.00390923 -0.9843056 -0.1764293 0.003895521 -0.984307 -0.1764214 0.003914296 -0.9843059 -0.1764276 -0.00392872 -0.9843105 -0.1764016 -0.003918647 -0.984307 -0.1764215 -0.4352927 0.8823476 0.1788384 -0.2862777 0.9529309 -0.09983992 -0.4431316 0.8823499 0.1584076 -0.2784105 0.9529433 -0.1199452 -0.003922581 0.9294042 -0.3690426 -0.003931403 0.929398 -0.3690585 -0.9814724 0.1916041 -3.69921e-6 -0.9764649 0.1999974 0.08073019 -0.9843076 0.1529405 0.08802157 -0.9843066 0.1686258 0.05201929 -0.9999923 -0.003929734 -3.18733e-4 -0.9999923 -0.003918647 -3.5094e-4 -0.9999308 -0.01176393 1.24308e-5 -0.9999923 0.003919363 -3.4445e-4 -0.9999923 -0.003922939 -3.23467e-4 -0.9999923 -0.003922045 -3.49212e-4 -0.9998078 -0.01960474 -1.97068e-6 -0.9998079 -0.01960211 -1.7941e-5 -0.9996234 -0.02744114 -6.64778e-6 -0.9999311 -0.01174235 -1.13523e-5 -0.9999309 -0.01176279 -1.02911e-5 -0.9996234 -0.02744263 -1.83114e-5 -0.9996234 -0.02744156 1.02837e-5 -0.9999923 -0.003921389 -3.53839e-4 -0.9999923 -0.003925204 -3.21642e-4 -0.9999923 -0.003920018 -3.5291e-4 -0.999071 -0.04309618 5.53206e-7 -0.9999923 -0.003921747 -3.59129e-4 -0.003908455 -0.05879706 -0.9982624 -0.003914713 0.1372409 -0.99053 -0.003892779 -0.05885183 -0.9982591 -0.003913462 0.1372387 -0.9905303 -0.003924071 -0.2392111 -0.9709597 -0.00392729 -0.2470555 -0.9689934 -0.4352843 0.003918707 -0.9002845 -0.4509739 -0.01958149 -0.8923223 -0.4509695 -0.01177352 -0.8924618 -0.4666503 -0.035263 -0.8837387 -0.6626679 0.7489134 0 -0.6392098 0.7647039 -0.0814805 -0.6545976 0.7559776 2.17743e-5 -0.623526 0.772543 -0.1199693 -0.4352924 0.6862674 0.5827156 -0.2784475 0.6627395 0.6951571 -0.4117735 0.6862564 0.599579 -0.262746 0.6549176 0.7085531 -0.0431382 0.6470523 0.7612243 -0.05883848 0.6548894 0.753431 0.1137164 0.6862837 0.7183895 0.1215283 0.6941391 0.7095081 -0.4745022 0.7097868 0.5206252 -0.4745042 0.7098037 0.5206001 -0.9999924 0.003893613 -3.40643e-4 -0.9999926 0.003847599 -3.33501e-4 -0.9999924 0.003893315 -3.40909e-4 -0.9999924 0.003894865 -3.40862e-4 -0.9999924 0.003891766 -3.40561e-4 -0.9999924 0.003892958 -3.4012e-4 -0.443155 0.1842699 0.8773018 -0.6470572 0.1294087 0.7513791 -0.4745109 0.00391668 0.880241 -0.6627462 0.003914654 0.7488339 -0.1607565 0.2235642 0.961341 -0.1921644 0.003912508 0.981355 -0.011765 0.003912627 0.9999232 0.01960653 0.2705893 0.9624952 -0.7490069 0.003905177 0.6625507 -0.7333448 0.1215348 0.6689057 -0.4275225 0.3489888 0.8339252 -0.6470531 0.2470551 0.7213087 0.05880737 0.5529705 0.831123 -0.145101 0.443139 0.8846319 -0.7177523 0.2079278 0.6645281 -0.9451141 0.3254209 -0.02933406 -0.9450913 0.3254875 -0.02933394 -0.9843077 0.1764611 -3.69955e-4 -0.9843145 0.1764222 -3.66447e-4 -0.9998087 0.01955866 -2.44814e-5 -0.9998088 0.01955687 9.46189e-6 -0.9998081 0.01959341 -8.46665e-6 -0.4666634 -0.8823462 -0.06074982 -0.4666652 -0.8823439 -0.06076991 -0.466663 -0.8823472 -0.06073921 -0.4666624 -0.8823462 -0.06075775 0.4666635 0.8823447 -0.0607714 0.4666599 0.8823475 -0.06075847 0.4666594 0.8823473 -0.06076598 0.4666606 0.8823474 -0.06075388 -0.3647045 0.9294037 -0.05656433 -0.3647067 0.9294029 -0.05656445 -0.3646996 0.9294056 -0.05656427 -0.3646992 0.9294058 -0.05656421 -0.976446 -0.2157621 -7.71413e-5 -0.9764868 -0.2155772 -9.92229e-5 -0.9764651 -0.2156759 -8.81619e-5 -0.9764237 -0.2158629 -6.60937e-5 -0.1450952 0.08232271 -0.985987 -0.2705875 0.09803223 -0.957691 -0.1372409 0.05884248 -0.9887884 -0.2627245 0.09017693 -0.9606478 -0.4117965 0.1450616 -0.8996559 -0.4117948 0.1450555 -0.8996578 -0.5607806 -0.8274444 -0.02934283 -0.5519877 -0.8338524 -1.16229e-6 -0.5607806 -0.8274444 -0.02934283 -0.5519863 -0.8338531 2.61515e-6 -0.5607814 -0.8274437 -0.0293461 -0.5519856 -0.8338537 -9.49949e-6 -0.5450935 -0.8352868 -0.0718978 -0.5450895 -0.8352913 -0.07187438 -0.1764699 -0.984306 2.28584e-5 -0.1840523 -0.9829165 1.25095e-5 -0.1764706 -0.9843059 -1.00313e-5 -0.1840525 -0.9829165 9.22009e-6 -0.1921536 -0.976465 -0.09794437 -0.1921585 -0.9764641 -0.09794431 0.9137198 -0.3176559 -0.253399 0.9137189 -0.3176413 -0.2534203 0.9137188 -0.3176231 -0.2534436 0.9137187 -0.317637 -0.2534264 0.3803911 0.9215619 -0.07763034 0.4196057 0.9058763 -0.05761426 0.3803849 0.9215638 -0.0776385 0.4196059 0.9058742 -0.05764555 0.4581457 0.8888772 -1.42462e-5 0.4581472 0.8888764 1.50576e-5 -0.9215665 0.286268 0.2622327 -0.9215638 0.2862709 0.2622389 -0.9215654 0.2862688 0.2622358 -0.9215627 0.2862716 0.262242 -0.7880253 0.6156429 0 -0.7880223 0.6156468 0 -0.7880516 0.6156094 0 -0.7880486 0.6156132 0 0.5921561 0.8039137 -0.05544483 0.592158 0.8039121 -0.05544495 0.5921521 0.8039166 -0.05544465 0.5921542 0.8039152 -0.05544477 -0.003929197 0.003932595 0.9999846 -0.003929615 0.003932476 0.9999846 -0.003933966 0.003932237 0.9999846 -0.003934144 0.003932297 0.9999846 -0.5921536 -0.8039155 -0.05544477 -0.5921515 -0.8039171 -0.05544465 -0.5921566 -0.8039133 -0.05544495 -0.5921545 -0.8039148 -0.05544477 -0.003932237 0.003931879 -0.9999846 -0.003932118 0.003931999 -0.9999846 -0.00393182 0.003932297 -0.9999846 -0.003931879 0.003932237 -0.9999846 -0.8807234 0.4736309 1.64885e-7 -0.880748 0.4735852 0 -0.8807482 0.4735849 -1.63366e-7 -0.8807275 0.4736235 0 0.4425184 0.8967595 0 0.4425184 0.8967595 0 0.4425184 0.8967595 -2.40456e-7 0.4425184 0.8967595 2.41596e-7 -0.003934264 0.003932178 0.9999846 -0.003934323 0.003931939 0.9999846 -0.003931999 0.003932297 0.9999846 -0.003932118 0.003931999 0.9999846 -0.4425171 -0.8967601 2.41596e-7 -0.4425172 -0.8967601 -2.40456e-7 -0.4425172 -0.8967601 0 -0.4425171 -0.8967601 0 -0.003932178 0.003931939 -0.9999846 -0.003931999 0.003932178 -0.9999846 -0.003932118 0.003931999 -0.9999846 -0.003931879 0.003932297 -0.9999846 -0.05098706 0.003927946 0.9986916 -0.05881118 -0.01174473 0.9982001 -0.05099028 0.4744766 0.8787901 -0.05096161 0.003936588 0.9986929 -0.05882859 0.003898143 0.9982606 -0.05882388 0.003917038 0.9982607 -0.0588237 0.333329 0.9409737 -0.01178437 0.905867 0.4233984 -0.01176613 0.9686225 0.2482581 0.01177287 0.9999307 2.4972e-5 0.01176548 0.9999308 -2.18265e-5 0.003921508 0.9999923 -3.441e-4 -0.003900945 0.9999923 -3.23165e-4 -0.003903865 0.9999924 -3.3199e-4 -0.003934681 0.9999922 -3.55075e-4 -0.9999923 -0.003918528 -2.82181e-4 -0.9999924 0.003914415 -3.43987e-4 -0.9999924 -0.001142144 -0.003762006 -0.9999924 0.003909587 -3.4418e-4 -0.9999924 -6.65631e-5 0.00393033 -0.9999924 0.0039137 -3.44018e-4 -0.9999924 0.00391674 -3.44404e-4 -0.9999923 1.6181e-7 0.003930926 -0.9999923 0.003915786 -3.44526e-4 -0.9999924 0.003915786 -3.44409e-4 -0.9999924 0 -0.003930926 -0.9999923 0.003922045 -3.44328e-4 -0.9999924 0.003917157 -3.44584e-4 -0.9999924 -0.002670228 -0.002882659 -0.9999924 -2.07371e-6 -0.003930926 -0.9999924 -0.002576589 -0.002970814 -0.9999923 0.003917932 -3.44582e-4 -0.9999923 0.003914833 -3.4416e-4 -0.9999924 0.003915786 -3.4422e-4 -0.9999924 0.003915786 -3.44748e-4 -0.05881822 0.003931045 -0.998261 -0.05881851 0.003931164 -0.998261 -0.05881816 0.003931045 -0.998261 -0.05883949 0.00388807 -0.99826 -0.05881261 0.003903388 0.9982615 -0.05881303 0.003903329 0.9982614 -0.05881297 0.003903269 0.9982615 -0.05881291 0.003903388 0.9982614 0.003961443 0.9999922 -3.51045e-4 0.003885805 0.9999924 -3.41574e-4 0.003900945 0.9999924 -3.43108e-4 0.003917157 0.9999924 -3.44862e-4 -0.02747583 0.5059052 0.8621515 -0.04314357 -0.003898024 0.9990614 -0.04311573 0.3960784 0.917204 -0.04313451 -0.003940403 0.9990616 -0.04314458 0.003904819 0.9990612 -0.04313522 0.003927588 0.9990615 -0.003918468 0.968626 0.248492 -0.01960128 0.9215545 0.387754 0.003886818 0.9999924 -3.4278e-4 0.003898501 0.9999924 -3.42949e-4 0.003889083 0.9999924 -3.41397e-4 0.003905177 0.9999924 -3.43407e-4 0.003893017 0.9999924 -3.44232e-4 0.003882288 0.9999924 -3.44797e-4 0.003913462 0.9999924 -3.44664e-4 -0.04313564 0.003927648 0.9990616 -0.04313433 0.003927528 0.9990617 -0.003927052 0.9843086 0.1764124 -0.00392878 0.9843093 0.1764077 -0.01176655 0.9843053 0.1760814 -0.01176375 0.9843069 0.1760732 -0.9999923 0.003923416 -3.3835e-4 -0.9999923 -0.003922522 -3.38193e-4 -0.9999923 0.003922343 -3.38163e-4 -0.9999923 -0.003922879 -3.38255e-4 -0.01959872 0.9372924 0.3479929 -0.05096852 0.4117786 0.9098575 -0.01960301 0.945086 0.3262335 -0.0352993 0.4588479 0.8878133 -0.04313778 0.003872096 0.9990617 -0.05099475 0.4431273 0.8950072 -0.01960015 0.9529379 0.3025314 -0.05096989 0.003907024 0.9986926 -0.05882495 0.003916144 0.9982606 -0.04316616 0.01176393 0.9989987 -0.04311591 -0.01963722 0.9988771 -0.003889203 0.9999924 -3.33089e-4 -0.00391227 0.9999924 -3.43356e-4 0.003921687 0.9999923 -3.43271e-4 0.003919184 0.9999923 -3.50311e-4 0.003919601 0.9999923 -3.31684e-4 -0.0431351 0.003914713 0.9990616 -0.05097585 0.003916561 0.9986923 -0.003932356 0.003932118 -0.9999846 -0.003931999 0.003932416 -0.9999846 -0.003932058 0.003932118 -0.9999846 -0.003932297 0.003931879 -0.9999846 -0.9999924 0.003915846 -3.4369e-4 -0.9999924 0.003915786 -3.44256e-4 -0.9999924 -0.003915846 -3.4389e-4 -0.9999923 -0.003915846 -3.43853e-4 0.003922998 0.6235242 0.7817942 0.00393337 0.6235215 0.7817964 0.003940403 0.6235198 0.7817978 0.003906428 0.6235275 0.7817918 0.9137216 0.4039129 -0.04435515 0.9137216 0.4039131 -0.04435348 0.9187408 0.3948612 3.80294e-5 0.9215674 0.3882182 -4.46942e-5 0.6000034 0.003904223 -0.7999881 0.4666588 0.003939747 -0.8844287 0.6000112 0.003887653 -0.7999823 0.4666612 0.003934621 -0.8844274 0.5999939 0.003897011 -0.7999951 0.5999929 0.003873765 -0.799996 0.3176572 -0.003936827 -0.9481974 0.3176825 0.003920137 -0.9481891 0.3333311 0.003936529 -0.9428017 0.4431701 0.01958596 -0.8962236 0.6392039 -0.03529071 -0.7682272 0.4431149 0.01179975 -0.8963872 0.6470637 -0.04314267 -0.7612143 0.58434 -0.02743399 -0.8110452 0.7176371 -0.02745664 -0.6958759 0.7333324 0.003887832 -0.6798592 0.4509781 0.003916084 -0.8925264 0.1137246 0.003925621 -0.9935046 0.1137252 0.003925681 -0.9935045 0.2940633 0.01962381 -0.9555845 0.2940884 0.01959848 -0.9555773 0.01960432 0.9998078 3.20515e-6 0.01960277 0.9998078 7.53254e-6 0.01960122 0.999808 1.45556e-5 0.01176297 0.9999309 1.59461e-5 0.003923773 0.9999923 -3.31767e-4 -0.003923714 0.9999923 -3.2788e-4 0.01965594 0.9998069 2.79658e-5 0.01960688 0.9998078 -5.65313e-6 0.0196048 0.9998078 4.75114e-6 -0.003920614 -0.9999924 -2.20818e-5 0.003918468 -0.9999923 -2.27783e-5 -0.003920495 -0.9999924 -2.21394e-5 0.003916978 -0.9999924 -2.26636e-5 0.9999924 0.003902494 1.00656e-5 0.9999925 0.003902375 9.86329e-6 0.9999924 0.003902494 1.00691e-5 0.9999924 0.003902554 1.01549e-5 0.003924012 0.9999923 -3.64573e-4 -0.003923416 0.9999923 -3.6576e-4 0.003924131 0.9999923 -3.64633e-4 -0.003921806 0.9999923 -3.66034e-4 -0.9999924 -0.003892421 -3.56288e-4 -0.9999924 -0.003892421 -3.56337e-4 -0.9999924 -0.003892481 -3.56444e-4 -0.9999924 0.0038926 -3.56773e-4 -0.08235824 0.003930687 -0.996595 -0.0823583 0.003930628 -0.996595 -0.0823583 0.003930628 -0.9965951 -0.08235889 0.003930211 -0.996595 0.8901888 0.003880083 0.4555754 0.8901894 0.003928005 0.455574 0.8901892 0.003928005 0.4555742 0.8901885 0.003880083 0.4555758 -0.4352778 0.003898262 -0.9002878 -0.4352785 0.003898024 -0.9002875 -0.4352843 0.003895759 -0.9002846 -0.4353029 0.003939211 -0.9002755 -0.5686151 0.003929972 0.8225944 -0.5686172 -0.003930091 0.822593 -0.5686165 0.003930032 0.8225935 -0.5686194 0.003930211 0.8225914 -0.1137169 -0.5137249 0.8503854 -0.1137104 -0.5137219 0.850388 -0.1137254 -0.5215629 0.8455997 -0.113703 -0.5215725 0.8455968 -0.5059509 0.3019437 0.8079876 -0.5293709 0.2941265 0.7957739 -0.5293996 -0.02745455 0.8479283 -0.5450733 -0.03526061 0.8376466 -0.5058894 0.7803951 0.3675045 -0.4980406 0.772545 0.3938655 -0.4352937 0.8980312 0.06371259 -0.427451 0.8980284 0.10407 0.4352911 0.8666598 0.2437675 0.4509757 0.8745023 0.1785131 0.3489724 0.937133 -1.87246e-5 0.3489749 0.9371321 1.90046e-5 0.5215526 0.4117492 0.7472921 0.4980034 0.3804396 0.779268 0.4823617 0.003912448 0.8759635 0.4823609 0.003910064 0.8759639 0.3411749 0.9372479 -0.07187587 0.3489693 0.9371342 -1.4184e-5 0.3489728 0.9371328 7.78213e-6 0.325459 0.003869891 -0.9455483 0.3254784 0.003909111 -0.9455414 0.3176431 0.003917872 -0.9482024 0.3176419 0.00393033 -0.9482026 -0.03529381 0.003921389 -0.9993693 -0.03529399 0.003921449 -0.9993693 -0.03529393 0.003921449 -0.9993693 -0.03529417 0.003921449 -0.9993693 0.9843053 -0.003912329 -0.1764306 0.9843055 -0.00391525 -0.1764299 0.9843064 -0.003927946 -0.176424 0.9843057 -0.003914654 -0.1764286 0.984309 0.003932297 -0.1764099 0.9843055 0.003921806 -0.17643 -0.9529566 0.2783814 -0.1199065 -0.9529299 0.2862794 -0.09984397 -0.8823391 0.4431368 0.1584536 -0.8823478 0.4352919 0.1788387 -0.9294037 0.003921806 -0.369044 -0.9293976 0.003930211 -0.3690593 -0.1686252 0.9843063 0.05202674 -0.1999997 0.9764631 0.08074587 -0.1529408 0.9843048 0.08805221 -0.1916101 0.9814711 2.69637e-5 0.003930687 0.9999922 -3.19041e-4 0.003919363 0.9999923 -3.51269e-4 0.01176416 0.9999309 -8.84756e-6 -0.003920912 0.9999923 -3.39648e-4 0.003920555 0.9999923 -3.26786e-4 0.003921806 0.9999923 -3.49086e-4 0.0196042 0.9998078 -1.79978e-6 0.01960217 0.9998078 -1.78205e-5 0.02744096 0.9996235 -6.78468e-6 0.01174187 0.9999311 -1.11794e-5 0.01176261 0.9999309 -1.05486e-5 0.02744293 0.9996234 -1.75685e-5 0.003920078 0.9999923 -3.52756e-4 0.003921568 0.9999923 -3.53988e-4 0.003925025 0.9999923 -3.21653e-4 0.02744203 0.9996234 1.04457e-5 0.04309678 0.999071 9.69565e-7 0.00392121 0.9999923 -3.59293e-4 -0.1372386 0.003913462 -0.9905303 -0.1372409 0.003914713 -0.99053 0.05885171 0.00389266 -0.9982591 0.05879706 0.003907322 -0.9982624 0.2392107 0.003924369 -0.9709598 0.2470549 0.003927052 -0.9689936 0.03531527 0.4666736 -0.8837243 0.01958537 0.4509735 -0.8923224 0.01177406 0.4509747 -0.8924592 -0.003920614 0.4352841 -0.9002847 -0.08233547 0.09803289 0.9917714 -0.05882894 0.09019696 0.994185 -0.07451117 0.08235418 0.9938139 -0.05883777 0.09019827 0.9941843 -0.05880826 0.105873 0.9926392 -0.05097883 0.105879 0.9930714 0.1999831 0.2784188 0.9394093 -0.03525429 0.1529873 0.9875991 0.5843142 0.4509815 0.6746797 0.5686956 0.4744879 0.6718978 0.1999913 0.2784426 0.9394004 0.5686241 0.4745215 0.6719346 0.5529708 0.5058478 0.6620735 -0.388229 -0.0431171 0.9205538 -0.08236074 0.09802377 0.9917702 -0.1294208 0.1058975 0.9859189 -0.1686315 0.08235424 0.9822328 -0.388264 -0.04311966 0.9205389 -0.7176308 -0.2156865 0.6621825 -0.7019498 -0.2391971 0.6708586 -0.7176274 -0.2156826 0.6621873 -0.7411711 -0.1843165 0.6455175 -0.1137193 0.09019374 0.9894105 -0.08235412 0.07450217 0.9938145 -0.09804826 0.07450866 0.9923886 -0.09024453 0.058766 0.9941844 -0.09023225 0.05099183 0.9946145 -0.05885976 0.0901792 0.9941848 -0.2784416 -0.2000104 0.9393967 -0.1529848 0.03524184 0.9875999 -0.2784086 -0.1999875 0.9394114 -0.4744454 -0.5686546 0.6719624 -0.4431462 -0.5843016 0.6798626 -0.4745116 -0.5686203 0.6719448 -0.4980404 -0.5607742 0.6614289 0.4980687 0.4666417 -0.7308715 0.4980686 0.4666416 -0.7308716 0.4980686 0.4666416 -0.7308717 -0.6392136 -0.1999822 -0.742572 -0.6392133 -0.1999822 -0.7425723 -0.6392135 -0.1999822 -0.7425721 0.1999769 0.6392109 -0.7425757 0.1999769 0.6392111 -0.7425757 0.1999769 0.6392109 -0.7425757 -0.8823442 0.4666671 -0.06074953 -0.8823382 0.4666782 -0.06075459 -0.8823446 0.4666663 -0.06075102 -0.8823447 0.4666631 -0.06077414 -0.8823417 0.4666731 -0.06074035 -0.8823482 0.4666613 -0.06073623 -0.8823472 0.4666608 -0.06075501 -0.8823478 0.4666604 -0.06074959 -0.466643 -0.4980826 -0.7308612 -0.4666433 -0.4980826 -0.730861 -0.4666432 -0.4980826 -0.7308611 -0.6313721 -0.2392119 0.7376632 -0.6313722 -0.2392122 0.737663 -0.6313723 -0.2392124 0.7376628 -0.4666594 0.8823475 -0.06076043 -0.4666614 0.8823474 -0.06074929 -0.4666642 0.8823463 -0.06074023 -0.4666584 0.88235 -0.06073349 -0.4666542 0.8823512 -0.06074869 -0.4666603 0.8823475 -0.06075662 -0.4736327 0.8807225 -6.22405e-6 -0.4666623 0.8823457 -0.06076657 0.5451054 0.3960835 0.7389032 0.5451053 0.3960837 0.7389032 0.5451055 0.3960835 0.7389033 -0.3960759 -0.5451019 0.73891 -0.3960756 -0.545102 0.73891 -0.3960753 -0.5451021 0.7389101 0.2470225 0.6313513 0.7351024 0.2470223 0.6313515 0.7351022 0.2470223 0.6313515 0.7351022 -0.4666646 0.8823438 -0.06077575 -0.4666655 0.882345 -0.0607503 -0.4666644 0.8823467 -0.06073462 -0.4666624 0.8823467 -0.06075078 -0.4666614 0.8823458 -0.06077051 -0.4666628 0.8823456 -0.06076353 -0.4666584 0.8823465 -0.06078469 -0.4666624 0.8823457 -0.06076455 -0.4666618 0.8823461 -0.06076377 -0.4666584 0.8823471 -0.06077438 -0.4666646 0.8823482 -0.0607115 -0.4666622 0.8823462 -0.06075811 -0.4666636 0.8823466 -0.06074172 -0.4666634 0.8823464 -0.06074851 -0.4666626 0.8823454 -0.06076699 -0.4666629 0.8823453 -0.06076866 -0.8823458 0.4666622 -0.06076383 -0.882342 0.46667 -0.06075978 -0.882349 0.4666563 -0.06076425 -0.8823413 0.4666706 -0.06076604 -0.882347 0.466663 -0.06074094 -0.8823478 0.4666581 -0.06076759 -0.882349 0.4666584 -0.06074696 -0.8823522 0.4666536 -0.06073623 -0.8823481 0.4666597 -0.06074994 -0.8823495 0.4666599 -0.0607286 -0.8823472 0.4666602 -0.06076043 -0.8823453 0.4666637 -0.06075918 -0.8823458 0.4666653 -0.06074088 -0.8823455 0.4666673 -0.06073045 -0.8823431 0.4666708 -0.06073933 -0.8823453 0.4666672 -0.06073337 0.5764482 0.7333334 -0.3604575 0.6862675 0.725485 -0.05204337 0.5607737 0.7254831 -0.3990079 0.6862674 0.7254859 -0.05203235 0.1450952 0.4823519 -0.8638773 0.1059077 0.4588543 -0.8821771 -0.4823571 0.152917 -0.8625243 -0.4431311 0.1686267 -0.8804544 -0.9215546 -0.05882787 -0.3837665 -0.9294065 -0.07450824 -0.3614584 -0.9843067 -0.1607829 -0.0727272 -0.9843067 -0.1607828 -0.07272797 0.1764262 0.7882422 0.5895322 -0.05880665 0.7019528 0.7097916 0.1764583 0.7882291 0.58954 -0.06666737 0.6941091 0.7167761 -0.5529273 0.4352796 0.710495 -0.5450616 0.4431443 0.7117099 -0.7568713 0.2863121 0.5875128 -0.7568719 0.2863132 0.5875115 -0.7254873 -0.6862667 -0.05202215 -0.7333244 -0.5764707 -0.36044 -0.7254879 -0.6862673 -0.05200612 -0.725486 -0.5607852 -0.3989863 -0.4588429 -0.1058992 -0.882184 -0.4823942 -0.1450738 -0.8638573 -0.168626 0.4431484 -0.8804458 -0.1529189 0.4823907 -0.8625051 0.07450443 0.929409 -0.3614528 0.05882865 0.9215559 -0.3837628 0.1607854 0.9843069 -0.07271778 0.1607832 0.9843072 -0.07271999 -0.2862779 0.75687 0.5875312 -0.4352889 0.5529362 0.7104824 -0.2862823 0.756864 0.5875367 -0.4431374 0.5450708 0.7117071 -0.701955 0.05880719 0.7097893 -0.6941057 0.06666505 0.7167797 -0.7882351 -0.1764536 0.5895335 -0.7882355 -0.1764559 0.5895323 -0.1450258 0.1449916 0.9787467 -0.1215811 0.1686111 0.9781556 -0.1451633 0.1451225 0.9787069 -0.1293779 0.1764686 0.9757665 -0.1764817 0.1293867 0.975763 -0.168592 0.1215998 0.9781566 -0.1999824 0.199984 0.9591733 -0.1843354 0.2392128 0.9533088 -0.3176451 0.3176454 0.8934221 -0.2784256 0.356861 0.8917003 -0.239214 0.1843065 0.9533142 -0.3647145 0.2783994 0.8885253 -0.3647301 0.3647345 0.8567034 -0.3019418 0.3960711 0.8671556 -0.3019321 0.3960593 0.8671644 -0.4039188 0.3097913 0.8607433 -0.3960543 0.3020027 0.8671421 -0.0902273 0.1372617 0.9864169 -0.09018957 0.2078377 0.9739966 -0.09019917 0.1529123 0.9841148 -0.08234405 0.168623 0.9822351 -0.07451826 0.1999786 0.9769625 -0.09805035 0.223511 0.9697573 -0.09798192 0.2548667 0.9619993 -0.09798133 0.2783175 0.9554786 -0.1451018 0.4117664 0.8996633 -0.1450299 0.4274365 0.8923364 -0.1607868 0.4666666 0.8696953 -0.1529473 0.4588294 0.8752616 -0.1606977 0.4746491 0.8653811 -0.1607778 0.4745547 0.865418 -0.06668013 0.06668198 0.9955437 0.003848493 -0.003848254 0.9999852 -0.08235096 0.06666624 0.9943711 0.003930747 -0.003932356 0.9999846 -0.003932237 0.003931879 0.9999846 -0.05880308 0.07448858 0.9954867 0.003933012 -0.003931641 0.9999846 -0.003927767 0.003932714 0.9999846 -0.152947 0.1607763 0.9750683 -0.1764611 0.1294226 0.9757619 -0.1372442 0.1764656 0.9746918 -0.1529491 0.1764585 0.9723524 -0.1215528 0.2235404 0.9670857 -0.223513 0.1215809 0.9670884 -0.05883383 0.07449972 0.9954841 -0.176475 0.1529388 0.9723509 -0.1372442 0.176464 0.9746921 -0.1764717 0.1529368 0.9723519 -0.1293741 0.1764906 0.975763 -0.1294343 0.1607932 0.9784643 -0.1294343 0.1607932 0.9784644 -0.1764841 0.1529394 0.9723492 -0.1529402 0.1764504 0.9723551 -0.1607865 0.1294412 0.9784646 -0.1607865 0.1294411 0.9784645 -0.1607881 0.07445967 0.9841763 -0.1686404 0.07449942 0.9828582 -0.1608131 0.08231419 0.9835465 -0.2155195 0.09793335 0.9715763 -0.2000021 0.07450628 0.9769585 -0.2313558 0.121548 0.9652464 -0.2548739 0.09799546 0.961996 -0.2783312 0.09798622 0.955474 -0.4117625 0.1450974 0.8996657 -0.4275694 0.1450701 0.8922663 -0.4666869 0.1607931 0.8696832 -0.4744472 0.1608654 0.8654608 -0.4744921 0.1608005 0.8654481 -0.4666731 0.1529378 0.8711064 -0.6862755 0.01960313 0.7270776 -0.6862863 0.01960295 0.7270674 -0.6862826 0.01960319 0.7270709 -0.6940981 0.01960289 0.7196136 -0.5921555 0.4431279 0.673045 -0.5215763 0.5215766 0.6752156 -0.5921589 0.4431183 0.6730483 -0.5215933 0.5215935 0.6751894 -0.4509741 0.5921506 0.6678175 -0.4509622 0.5921447 0.6678307 -0.01960551 0.6941088 0.7196031 -0.01960796 0.6862828 0.7270706 -0.01960909 0.6862689 0.7270836 -0.01961112 0.6862566 0.7270951 0.3333621 0.4510158 0.8279218 0.262741 0.5137197 0.816737 0.333283 0.4509932 0.827966 0.2549257 0.513738 0.8191985 0.1765003 0.6156483 0.7680006 0.1764907 0.6078696 0.7741742 0.1451258 0.6470257 0.7485295 0.1451046 0.6470366 0.7485241 0.2470734 0.2941179 0.923282 0.2470592 0.3019642 0.9207494 0.2470605 0.294119 0.9232851 0.2470309 0.3019368 0.9207659 0.04312556 -0.05880784 0.9973375 0.04313129 -0.0431385 0.9981377 0.0431286 -0.05881166 0.9973371 0.05099385 -0.04313611 0.997767 0.08234316 -0.0666697 0.9943716 0.09021097 -0.06667751 0.9936882 -0.2863243 -0.278404 0.9167931 -0.2941141 -0.2784284 0.9143165 -0.2862692 -0.2784265 0.9168035 -0.2940942 -0.2862497 0.9119045 -0.6705887 -0.1607825 0.7241959 -0.6235011 -0.1764839 0.7616429 -0.6627333 -0.1529456 0.7330705 -0.6156601 -0.1764923 0.7679929 -0.5137127 -0.2627397 0.8167418 -0.5136954 -0.262676 0.8167732 -0.4509837 -0.3254923 0.8310648 -0.4588255 -0.3333325 0.8236314 0.4588254 0.3254573 0.8267749 0.4196162 0.4196223 0.8048847 0.4588539 0.3255438 0.8267251 0.4196099 0.4196385 0.8048795 0.4196076 0.4352919 0.7965241 0.4117872 0.4352747 0.8006044 0.474506 0.2313743 0.8492997 0.4745064 0.2313797 0.8492981 0.4745032 0.231364 0.8493042 0.4744999 0.2313612 0.8493067 0.3333174 0.1058738 0.9368513 0.3333334 0.1058844 0.9368444 0.3333495 0.1058927 0.9368377 0.3333519 0.1059088 0.9368351 0.04312527 -0.1215555 0.9916474 0.04311954 -0.1215536 0.9916478 0.04313915 -0.1215712 0.9916449 0.04313498 -0.1215672 0.9916456 -0.4039296 -0.09020864 0.9103315 -0.4039052 -0.09018576 0.9103446 -0.4039323 -0.0902096 0.9103301 -0.4039027 -0.09018158 0.9103462 -0.6548951 0.2156867 0.724287 -0.6392171 0.1764705 0.7485049 -0.6548694 0.2156925 0.7243086 -0.6392084 0.1686261 0.7503186 -0.6000052 0.03530311 0.7992168 -0.6078433 0.03529036 0.7932724 -0.5843103 -0.02744901 0.811066 -0.5842918 -0.02747803 0.8110783 -0.5921492 -0.003927648 0.8058188 -0.5921604 -0.003918886 0.8058107 -0.5843048 0.4039177 0.703874 -0.5764626 0.3960716 0.7147156 -0.5764631 0.3960724 0.7147148 -0.5764705 0.3960576 0.7147169 -0.2784231 0.6784216 0.6798712 -0.2784287 0.6862707 0.6719449 -0.2784664 0.6784474 0.6798277 -0.2784249 0.6862551 0.6719624 0.2392169 0.6392161 0.7308749 0.2235383 0.6391938 0.735841 0.2235205 0.6392166 0.7358267 0.2156845 0.631366 0.7448874 -0.4274459 -0.396064 0.8126644 -0.3254674 -0.4274808 0.8434046 -0.4274182 -0.396054 0.8126838 -0.3254871 -0.4352664 0.8394053 -0.2313646 -0.443171 0.8660658 -0.231368 -0.450955 0.8620374 -0.2313721 -0.4509728 0.862027 -0.2314133 -0.450913 0.8620472 -0.435299 -0.3882324 0.8122749 -0.4352865 -0.3882386 0.8122786 -0.6078326 -0.2157002 0.7642076 -0.6156795 -0.2156923 0.7579021 -0.6157027 -0.2156329 0.7579002 -0.6235153 -0.2156612 0.7514778 -0.6705874 0.2705913 0.6907192 -0.6627352 0.2627839 0.7012323 -0.6705795 0.2705845 0.6907294 -0.6627271 0.2627927 0.7012367 -0.3960796 0.5529333 0.733066 -0.3960641 0.560762 0.7271034 -0.3960646 0.5529591 0.7330546 -0.3882095 0.5607675 0.731323 -0.01176118 0.5686236 0.8225138 0.01957792 0.5607829 0.8277316 -0.0117318 0.5686271 0.8225118 0.01955765 0.5607479 0.8277557 -0.05100625 0.5842842 0.8099446 -0.05097448 0.5843104 0.8099278 -0.1921212 0.6235193 0.7578346 -0.1843213 0.6235125 0.7597749 -0.2235186 0.6313658 0.7425743 -0.2235459 0.6313679 0.7425644 0.05881321 0.3960546 0.9163416 0.05881053 0.3960956 0.916324 0.05881619 0.3960922 0.9163252 0.05880498 0.396094 0.9163251 0.08227306 -0.02751219 0.99623 0.08227121 -0.02744948 0.9962319 0.08221513 -0.02751958 0.9962347 0.08230233 -0.02744853 0.9962294 -0.1294183 -0.3097862 0.9419572 -0.1293931 -0.3098316 0.9419459 -0.1294157 -0.3097937 0.9419552 -0.1294156 -0.3097974 0.941954 -0.4274563 0.772545 0.4695267 -0.4274582 0.7725477 0.4695208 -0.4353058 0.7725344 0.4622765 -0.4352894 0.7725543 0.4622586 0.2392118 0.7019524 0.6708507 0.2156771 0.7176625 0.6621509 0.04313361 0.3882066 0.9205624 0.2156853 0.7254907 0.6535618 0.1843184 0.7411632 0.645526 -0.09805589 0.1294065 0.9867315 0.04312413 0.3882497 0.9205447 -0.08231186 0.1686106 0.98224 -0.1372064 0.06667518 0.9882959 -0.7803635 0.4274729 0.4563989 -0.7725375 0.4274433 0.4695509 -0.7725449 0.4352802 0.462283 -0.7725384 0.4353111 0.4622646 0.1294113 0.7176564 0.6842675 0.1294083 0.7176558 0.6842687 0.1294087 0.7176527 0.6842719 0.1294172 0.7176352 0.6842886 -0.6862595 0.2705823 0.6751543 -0.6862823 0.2705911 0.6751275 -0.6862593 0.2705855 0.6751531 -0.6862436 0.2705883 0.675168 -0.2705828 0.6862588 0.6751548 -0.2705848 0.686261 0.6751517 -0.2705857 0.6862493 0.6751632 -0.2705842 0.6862623 0.6751506 -0.7176326 -0.1294158 0.6842917 -0.7176299 -0.1294177 0.6842941 -0.7176433 -0.1294099 0.6842815 -0.7176405 -0.1294117 0.6842841 0.4581536 0.8888731 -6.38637e-7 0.4581563 0.8888718 -5.54509e-6 0.7071075 0.7071062 -1.01421e-6 0.7019584 0.7097967 -0.05867773 0.8823475 0.4666627 -0.06073683 0.8888775 0.458145 -4.6473e-6 0.3176416 0.9450902 0.07686644 0.317642 0.9450898 0.07687026 -0.3176785 -0.9450829 0.07680451 0.3176468 0.9450892 -0.07685768 0.3176428 0.9450933 -0.07682275 0.9450905 0.317645 -0.07684862 0.9510042 0.3091785 -2.13139e-5 0.6864018 -0.388172 -0.6149594 0.9450907 0.3176463 -0.07684081 0.9450916 0.3176401 0.07685625 -0.003931224 0.003932178 -0.9999846 -0.003932297 0.00393182 -0.9999846 -0.003931462 0.003932237 -0.9999846 -0.003931879 0.003932237 -0.9999846 -0.003931879 0.003931879 -0.9999846 -0.003932058 0.003932058 -0.9999846 -0.003931879 0.003932118 -0.9999846 -0.003931999 0.003931939 -0.9999846 -0.003932297 0.00393182 -0.9999846 -0.003932118 0.003932058 -0.9999846 0.1450977 0.9058753 0.3979154 0.4274655 0.8117479 0.397918 0.215654 0.9764699 0 0.4581708 0.8888643 0 0.7071064 0.7071072 0 0.6470493 0.6470488 0.4033052 0.3019643 0.5843103 0.7532591 0.1058866 0.6548909 0.7482687 0.4667186 0.4667233 0.7512279 -0.003904104 0.9137142 0.4063388 -0.003903031 0.6627439 0.7488361 0.003935396 0.9999922 -3.46139e-4 -0.003916203 0.9999923 -3.44894e-4 0.003889083 0.9999924 -3.43146e-4 0.811777 0.4274143 0.3979135 0.8888882 0.4581244 0 0.9764703 0.2156519 0 0.9058744 0.1451041 0.397915 0.584312 0.3019661 0.7532569 0.6548971 0.1058809 0.748264 0.9137081 0.003902852 0.4063524 0.6627547 0.003895938 0.7488266 0.9999925 0.003894627 -2.47241e-6 0.9999926 0.003869235 -1.19986e-5 0.9999924 0.003901422 -1.24436e-6 0.1372421 0.8196229 0.5562221 0.3882262 0.7411682 0.547677 0.1529721 0.9293885 0.3359116 0.4352868 0.8352864 0.3358901 0.6627419 0.6627404 0.348638 0.5921587 0.5921591 0.5465307 0.05883222 0.3803824 0.9229562 0.1764695 0.3411649 0.9232904 -0.003903985 0.003913879 0.9999848 0.2705284 0.2705296 0.92392 -0.003910779 0.9450877 0.3267936 -0.003923594 0.8274444 0.561534 -0.003909289 0.3568557 0.9341514 0.7411676 0.3882252 0.5476787 0.8352996 0.4353326 0.3357977 0.9294059 0.1529378 0.3358793 0.8195972 0.1372564 0.5562564 0.3411618 0.1764689 0.9232917 0.3803824 0.0588327 0.9229562 0.945088 0.003917813 0.3267923 0.3568539 0.003908216 0.9341521 0.8274526 0.003911197 0.5615218 0.9450892 0.003918349 0.3267892 0.7725436 0.6313686 0.06745541 0.772548 0.6313632 0.06745553 0.7725459 0.6313657 0.06745547 0.7725499 0.6313608 -0.06745558 0.6862697 0.2470559 0.6841033 0.7098044 0.3960647 0.5825036 0.6940963 0.2549341 0.6732302 0.717641 0.4117769 0.5616327 0.678425 0.02745664 0.7341564 0.6862656 0.05098342 0.725562 0.6862634 -0.1058773 0.7196059 0.6941276 -0.1137006 0.7108158 0.7411475 0.4509767 0.4973133 0.7411714 0.4509794 0.4972752 0.1607793 0.9686183 0.1895482 0.4509742 0.8666587 0.213366 0.1607936 0.9843046 -0.07273161 0.4581372 0.8888815 0 0.7071063 0.7071073 0 0.6941216 0.6941012 0.1908374 -0.003917098 0.9764669 0.2156323 -0.003918886 0.9999923 -3.45403e-4 0.8666648 0.4509817 0.2133253 0.8888817 0.4581368 4.30878e-7 0.9843069 0.1607797 -0.07273155 0.9686214 0.1607856 0.189527 0.9764599 0.003921568 0.2156632 0.9999923 0.003931164 0 0.1372523 0.84314 0.5198817 0.3960888 0.7568653 0.5198736 0.1215546 0.7490291 0.651291 0.3490152 0.6705797 0.6546078 0.5999994 0.5999998 0.5291512 0.5372363 0.5372361 0.6501958 -0.003911554 0.8509733 0.5251947 -0.00391972 0.7646995 0.6443752 0.7568546 0.3960716 0.5199024 0.8431059 0.1372582 0.5199354 0.6706054 0.3490279 0.6545746 0.7489632 0.1216101 0.6513565 0.8509702 0.003905236 0.5251997 0.7646992 0.003921389 0.6443755 -0.01179599 -0.09019905 0.995854 -0.04313135 -0.08234089 0.9956706 -0.01172858 -0.09019601 0.995855 -0.04314506 -0.08235782 0.9956685 -0.003896534 -0.09021419 0.9959148 -0.003893852 -0.09021532 0.9959148 -0.0666632 -0.06666547 0.9955459 -0.06666415 -0.06666785 0.9955458 -0.08239287 -0.04315334 0.9956653 -0.08241468 -0.04316228 0.995663 -0.09017479 -0.01177668 0.9958564 -0.09016871 -0.01179748 0.9958567 -0.09022194 0.00390464 0.9959141 -0.09022861 0.003903746 0.9959135 0.003846704 0.9999926 -3.33817e-4 -0.003929853 0.9999923 -3.45814e-4 0.003894269 0.9999924 -3.40916e-4 -0.003929853 0.9999923 -3.4609e-4 0.003892898 0.9999924 -3.40863e-4 0.003892958 0.9999924 -3.40763e-4 0.1294176 0.6470403 0.7513921 -0.00393176 0.6627328 0.7488457 0.1842764 0.4431487 0.8773035 -0.003942131 0.4744946 0.8802496 -0.0039258 0.1921657 0.9813547 0.223546 0.1607695 0.9613431 0.1215902 0.733318 0.6689251 -0.003912746 0.7490112 0.6625458 0.3490066 0.4274417 0.8339594 0.2470638 0.6470562 0.7213028 0.4431359 0.1451013 0.8846334 0.5529602 -0.05881243 0.8311295 0.2705876 -0.01959908 0.9624958 -0.003931879 0.1921681 0.9813542 0.2077369 0.7174854 0.6648761 -0.003917038 0.01176452 0.9999232 0.270582 -0.01959156 0.9624976 -0.00391978 0.1921689 0.9813541 0.239193 0.239193 -0.9410491 -0.003914356 0.003934562 -0.9999846 0.1137183 0.3098282 -0.9439676 0.4274373 0.4274376 -0.7966145 0.2002593 0.5608009 -0.803367 -0.003916442 0.607836 -0.794053 -0.003910183 0.3333297 -0.9428023 -0.003913283 0.003899037 -0.9999848 0.6235244 0.6235238 -0.4716305 0.4038987 0.7803875 -0.477348 0.1529442 0.8666417 -0.4749109 -0.003919422 0.8745025 -0.4850053 0.4588333 0.8823379 -0.1046518 0.7019574 0.701958 -0.1204616 0.458146 0.888877 -1.92274e-6 0.7071067 0.707107 0 0.3098056 0.9293992 -0.2005934 0.1529381 0.9607737 -0.2313525 -0.003937542 0.976464 -0.2156446 0.3176448 0.9450927 -0.07682311 0.3176457 0.9450896 0.07685756 0.3170377 0.9452924 0.07687181 0.3176448 0.9450901 -0.07685482 0.8888772 0.4581455 -1.09639e-5 0.8823598 0.4587984 -0.1046198 0.7803879 0.4038985 -0.4773477 0.5607762 0.1999556 -0.8034599 0.3098319 0.1137178 -0.9439665 -0.003928124 0.003906786 -0.9999847 0.6078354 0.003936946 -0.7940534 0.3333303 0.00393486 -0.942802 -0.003916025 0.003912806 -0.9999848 0.8666418 0.1529435 -0.4749109 0.8745032 0.003937542 -0.4850038 0.9293991 0.3098052 -0.2005944 0.9607739 0.1529383 -0.2313513 0.97646 0.003947079 -0.2156625 0.9450922 0.3176463 -0.07682365 0.9450892 0.317646 0.0768603 0.9450876 0.3176492 0.07686734 0.9450913 0.3176487 0.0768224 0.3490168 0.6705827 0.6546038 0.2940957 0.5529741 0.7795687 0.2392183 0.7019737 0.670826 0.1921719 0.5764571 0.7942086 0.5372406 0.5372394 0.6501895 0.4509613 0.4509572 0.7702412 0.5529567 0.2941082 0.7795764 0.670585 0.3490196 0.6546 0.7019702 0.2392182 0.6708298 0.5764601 0.1999905 0.7922737 0.3646903 0.3647065 0.8567323 0.301918 0.396117 0.867143 0.4039392 0.3019688 0.8635092 0.1607598 0.4588277 0.8738613 0.1607828 0.4745107 0.8654413 0.466661 0.160792 0.8696974 0.4587968 0.1529539 0.8752775 0.2235122 0.4588101 0.8599626 0.1607763 0.4666647 0.8696982 0.1529175 0.4274129 0.8910301 0.1450309 0.4274224 0.8923432 0.03531277 0.2706162 0.9620395 0.03523266 0.27007 0.9621959 0.01960593 0.1686382 0.985483 0.01958423 0.1765099 0.9841041 0.0118125 0.1764605 0.9842369 0.04312336 0.1686109 0.984739 0.003923952 0.1764664 0.984299 0.04309386 0.1607111 0.9860603 0.01960504 0.05880713 0.9980769 -0.003932118 -0.003932058 0.9999846 -0.003932118 0.003931999 0.9999846 0.003902792 0.1764858 0.9842954 0.09802621 0.1921808 0.9764515 0.05888175 0.1685686 0.9839297 0.01960378 0.05882698 0.9980758 0.05882155 0.2392132 0.9691838 0.003915727 0.2548996 0.9669596 0.0352835 0.2156824 0.975826 0.07450932 0.1686332 0.9828588 0.0352863 0.2156914 0.9758239 0.07450968 0.1686331 0.9828587 0.0980724 0.1842693 0.9779707 0.09805017 0.2000067 0.9748762 0.09803932 0.1921762 0.976451 0.05884045 0.2392012 0.9691857 0.1686209 0.01960772 0.985486 0.2783798 0.03526782 0.9598234 0.1765525 0.01956194 0.9840969 0.1764602 0.01181387 0.9842369 0.1686256 0.03529369 0.9850482 0.1765178 0.003869473 0.9842899 0.1607143 0.04309666 0.9860597 0.05882525 0.01960682 0.9980758 -0.003931939 -0.003932178 0.9999846 -0.003931879 0.003932297 0.9999846 0.1765247 0.003852307 0.9842888 0.2705975 0.03530734 0.962045 0.4195798 0.1450772 0.89605 0.4195964 0.1529355 0.8947344 0.1686216 0.05879366 0.9839259 0.18433 0.09803754 0.9779628 0.4666554 0.1608167 0.8696959 0.1921563 0.09807515 0.9764513 0.1765068 0.09022015 0.980156 0.1843433 0.0980494 0.977959 0.1686289 0.05883526 0.9839221 0.2705663 -0.003934979 0.9626933 0.2235314 0.03529065 0.9740577 0.05883908 0.0195927 0.9980752 0.2235183 0.08237844 0.9712123 0.2156919 0.09018391 0.972288 0.2235282 0.0352841 0.9740586 0.1843313 0.09803748 0.9779626 0.1686126 0.07450288 0.9828628 0.1686126 0.074503 0.9828628 0.2235232 0.03529876 0.9740592 0.1215885 0.2235073 0.9670889 0.1293816 0.2235526 0.9660666 0.1058554 0.1529579 0.982547 0.1137247 0.1607835 0.9804159 0.1921586 0.364701 0.9110808 0.1921729 0.3646922 0.9110814 0.2626634 0.4353257 0.8611037 0.1058524 0.1450704 0.9837428 0.09803521 0.1293889 0.9867359 0.2234776 0.1216261 0.9670909 0.1529324 0.105895 0.9825467 0.2235043 0.1294338 0.9660708 0.1607681 0.1137132 0.9804198 0.3647137 0.2000089 0.9093846 0.3647017 0.1999984 0.9093918 0.4351974 0.2627503 0.861142 0.4587746 0.2235186 0.8599798 0.1294397 0.09803193 0.9867296 0.1450966 0.1058838 0.9837356 0.08235859 0.2706042 -0.9591614 0.1293818 0.239287 -0.9622901 0.09020614 0.1764597 -0.9801658 0.1764657 0.215682 -0.960386 0.2627283 0.3490027 -0.8995393 0.1450591 0.1450601 -0.9787316 0.3176089 0.3176101 -0.8934475 0.1372847 0.4117748 -0.9008854 0.05883115 0.2156719 -0.9746921 -0.05097591 -0.09802651 -0.9938775 -0.03528779 -0.105875 -0.9937532 0.1294178 0.4117568 -0.9020573 0.05098092 0.2784275 -0.9591034 0.003925681 0.2941041 -0.9557654 0.02745407 0.1294152 -0.9912105 0.003902673 0.1372128 -0.9905339 0.09806656 0.2706128 -0.9576804 0.05882883 0.1372117 -0.9887933 0.04319351 0.05100584 -0.9977639 0.02744054 -0.003930449 -0.9996158 0.03529143 0.02744781 -0.9990001 0.01962035 0.1294136 -0.9913966 0.06663596 0.1372672 -0.9882902 0.08235675 0.2705919 -0.959165 0.003907442 0.1372244 -0.9905323 0.003915727 0.1372421 -0.9905298 0.003893911 0.137197 -0.9905362 0.003904104 0.1372185 -0.9905331 0.04312908 0.1058819 -0.993443 0.05885118 0.09803056 -0.9934418 0.09805941 0.1372327 -0.9856732 0.1764743 0.2156877 -0.9603831 0.0431478 0.0588321 -0.9973351 0.05093228 0.05093324 -0.9974026 -0.003899633 0.003901064 -0.9999848 0.003931939 -0.003932178 -0.9999846 0.003910958 0.003911197 -0.9999848 0.1058728 0.1058743 -0.9887273 0.00393337 -0.003934383 -0.9999846 0.05881053 0.04312133 -0.9973374 -0.003932058 0.003932118 -0.9999846 0.137248 0.09804457 -0.9856725 0.2156777 0.1764686 -0.9603863 0.2392154 0.1294062 -0.9623046 0.2157089 0.1764868 -0.960376 0.098028 0.05883681 -0.9934429 0.1764606 0.09020572 -0.9801657 0.2705734 0.0823453 -0.9591712 0.3490328 0.2627583 -0.899519 0.4117559 0.1372415 -0.9009007 0.215672 0.0588321 -0.9746919 -0.09802585 -0.05097788 -0.9938774 -0.1059448 -0.03535121 -0.9937435 0.4117798 0.1293815 -0.9020521 0.2784026 0.05100429 -0.9591093 0.2941033 0.003929138 -0.9557656 0.1294148 0.02745318 -0.9912105 0.1372554 0.003920793 -0.9905279 0.270602 0.09805226 -0.9576849 0.1372163 0.05882769 -0.9887927 0.05095332 0.0430774 -0.9977716 -0.003927111 0.02744209 -0.9996157 0.02745956 0.03529691 -0.9989995 0.1294131 0.01961976 -0.9913967 0.1372722 0.06663554 -0.9882895 0.2705856 0.08235406 -0.959167 0.1372256 0.003908693 -0.9905321 0.1372424 0.003915369 -0.9905298 0.1372416 0.003915488 -0.9905299 0.1372187 0.003904104 -0.9905332 0.1058617 0.04317808 -0.993443 -0.07450169 -0.07450073 -0.9944341 0.3254215 0.945114 -0.02933406 0.3254879 0.9450911 -0.02933394 0.1764648 0.9843069 -3.45852e-4 0.1764748 0.9843052 -3.45712e-4 0.01951652 0.9998096 -5.05797e-5 0.01955604 0.9998088 4.7629e-6 0.0195921 0.9998081 -1.2371e-5 -0.8823455 0.4666634 -0.06076014 -0.8823459 0.4666644 -0.06074631 -0.8823461 0.4666606 -0.06077295 -0.882347 0.4666606 -0.06076073 0.8823449 -0.4666647 -0.0607596 0.8823448 -0.4666633 -0.06077075 0.8823465 -0.4666634 -0.06074452 0.8823463 -0.4666623 -0.06075739 0.9294047 0.3647008 -0.0565713 0.9294038 0.3647032 -0.05657136 0.9294029 0.3647055 -0.05657142 0.9294039 0.3647029 -0.05657136 -0.2155701 0.9764884 -2.82607e-4 -0.2155702 0.9764884 -2.82566e-4 -0.2155709 0.9764882 -2.82649e-4 -0.215571 0.9764882 -2.82607e-4 0.08232265 0.1450945 -0.9859872 0.09798789 0.2705954 -0.9576933 0.05880182 0.1372672 -0.9887872 0.09020727 0.2627551 -0.9606364 0.1450615 0.4117959 -0.8996562 0.1450926 0.4117649 -0.8996653 -0.5843046 -0.772545 -0.2485205 -0.5843053 -0.7725453 -0.2485181 -0.6862684 -0.6862679 -0.2409815 -0.6862727 -0.6862705 -0.240962 -0.7725424 -0.5843074 -0.248522 -0.7725419 -0.5843068 -0.2485251 -0.8274427 0.560782 -0.02936422 -0.83385 0.5519912 -1.74232e-5 -0.8274421 0.5607828 -0.02936416 -0.833854 0.5519851 1.31875e-5 -0.8274468 0.5607763 -0.0293594 -0.8338549 0.5519838 2.50526e-5 -0.8352852 0.5450967 -0.07189083 -0.83529 0.5450912 -0.07187724 -0.8338511 0.5519894 7.62567e-6 -0.83529 0.5450911 -0.07187724 -0.9843061 0.1764693 -3.68483e-4 -0.9829166 0.1840517 1.22748e-5 -0.9843063 0.176468 -3.5298e-4 -0.9829166 0.1840519 9.2499e-6 -0.9764648 0.1921551 -0.09794342 -0.9764639 0.19216 -0.09794324 -0.3176295 -0.9137203 -0.2534303 -0.3176438 -0.9137176 -0.2534217 -0.3176252 -0.9137198 -0.2534372 -0.3176397 -0.9137171 -0.2534288 0.921562 -0.3803889 -0.07763975 0.9058768 -0.4196049 -0.05761307 0.9215601 -0.3803919 -0.07764744 0.9058761 -0.419602 -0.05764365 0.888879 -0.4581423 -7.50867e-6 0.8888762 -0.4581475 2.15862e-5 0.2862674 0.9215661 0.2622346 0.2862695 0.9215629 0.2622435 0.2862551 0.9215813 0.2621947 0.2862707 0.9215617 0.2622466 0.6156112 0.78805 0 0.6155714 0.7880812 0 0.6155712 0.7880814 0 0.6155691 0.7880829 0 0.8039149 -0.5921545 -0.05544477 0.8039132 -0.5921565 -0.05544495 0.8039165 -0.5921523 -0.05544459 0.8039149 -0.5921545 -0.05544477 -0.003935992 0.003932774 0.9999846 -0.003935396 0.003932893 0.9999846 -0.003927648 0.003932297 0.9999846 -0.003927648 0.00393182 0.9999846 -0.8039167 0.5921521 -0.05544477 -0.8039182 0.59215 -0.05544465 -0.8039152 0.592154 0.05544483 -0.8039135 0.5921562 0.05544495 -0.003931999 0.003932118 -0.9999846 -0.003931939 0.003932178 -0.9999846 -0.003932297 0.00393182 -0.9999846 -0.00393182 0.003932297 -0.9999846 0.4736391 0.8807191 1.64885e-7 0.4735944 0.8807432 0 0.4735942 0.8807433 -1.63366e-7 0.473634 0.8807218 0 0.8967598 -0.4425177 0 0.8967598 -0.4425178 0 0.8967597 -0.4425179 -2.40456e-7 0.8967598 -0.442518 2.41596e-7 -0.003932178 0.003931939 0.9999846 -0.003931939 0.003932178 0.9999846 -0.003931164 0.003933012 0.9999846 -0.003930866 0.00393325 0.9999846 -0.8967601 0.4425171 2.41597e-7 -0.8967601 0.4425171 -2.40456e-7 -0.8967595 0.4425183 0 -0.8967595 0.4425184 0 -0.003931224 0.003932952 -0.9999846 -0.003931045 0.003933072 -0.9999846 -0.003931999 0.003932118 -0.9999846 -0.003932297 0.003931879 -0.9999846 0.707107 0.7071066 0 0.7071071 0.7071065 0 0.599996 0.7960723 -0.07920694 0.599999 0.79607 -0.07920688 0.7961277 0.5999225 -0.079207 0.7960706 0.5999983 -0.07920694 -0.4194657 -0.4194649 -0.8050453 -0.2784183 -0.5216007 -0.8064838 -0.4194673 -0.4194672 -0.8050432 -0.2784159 -0.5216084 -0.8064797 -0.1921603 -0.5607882 -0.8053515 -0.1921582 -0.5607846 -0.8053545 -0.5216008 -0.2784183 -0.8064837 -0.5216081 -0.2784162 -0.8064796 -0.5607877 -0.1921605 -0.8053518 -0.5607852 -0.1921584 -0.8053541 0.2078861 0.2078868 -0.9558067 0.3097931 0.3097929 -0.8989197 0.1842898 0.2392113 -0.9533181 0.2627519 0.3490205 -0.8995256 0.1058579 0.1372285 -0.9848668 0.1215428 0.1215422 -0.9851168 0.2392162 0.1843339 -0.9533082 0.3490214 0.2627524 -0.899525 0.1372624 0.1058893 -0.9848586 0.6862704 0.6862691 0.2409722 0.5921356 0.7647094 0.2541553 0.6862714 0.6862706 0.2409652 0.592205 0.764674 0.2541003 0.7646892 0.5921743 0.2541265 0.7647064 0.5921375 0.2541602 -0.4588207 -0.8823444 0.104652 -0.4588214 -0.8823457 0.1046373 -0.7019533 -0.7019545 0.1205055 -0.7019542 -0.7019575 0.1204826 -0.3254876 -0.9450905 0.02935534 -0.3254874 -0.9450912 0.02933704 -0.8823468 -0.4588193 0.1046378 -0.8823509 -0.4588181 0.1046082 -0.9450902 -0.3254877 0.02936607 -0.94509 -0.3254896 0.02934956 -0.01174473 0.05881118 0.9982001 0.3333281 0.05882513 0.940974 0.4745187 0.05097591 0.8787682 0.9058672 0.01178747 0.4233977 0.9686216 0.01176607 0.2482614 0.9999308 -0.01177239 2.38672e-5 0.9999309 -0.0117622 2.42626e-5 0.9999924 -0.003914594 1.32798e-5 0.9999924 0.003913998 9.69542e-6 0.9999924 0.003917157 3.57197e-6 0.9999924 0.003908872 8.67574e-6 -0.003913462 0.05097717 0.9986922 -0.003953695 0.05095916 0.9986929 0.003897905 0.05882871 0.9982605 -0.003917098 0.05882418 0.9982607 -0.003931164 0.05881845 -0.998261 -0.003887772 0.05883884 -0.99826 -0.003931105 0.05881839 -0.998261 -0.003887891 0.05883902 -0.99826 -0.003903508 0.05881273 0.9982615 -0.003903329 0.05881315 0.9982615 -0.00390321 0.05881327 0.9982614 -0.003903388 0.05881303 0.9982615 0.9999925 -0.00389558 9.74825e-7 0.9999924 -0.00390172 -3.77753e-7 0.9999926 -0.00387299 1.43247e-7 0.9999925 -0.003875136 -1.9775e-6 0.505859 0.03526473 0.861895 -0.003854572 0.04319405 0.9990593 0.396086 0.04315304 0.9171988 0.003909647 0.0431469 0.9990611 -0.003925979 0.04313504 0.9990615 -0.003922283 0.04313617 0.9990615 0.9686218 0.003932356 0.2485082 -0.003927648 0.04313546 0.9990616 -0.003927588 0.04313528 0.9990615 0.9215636 0.0196129 0.3877316 0.9686222 0.003896653 0.2485073 0.3960772 0.04316914 0.9172019 0.9215534 0.01961952 0.3877556 0.9999925 -0.003895342 -1.03663e-6 0.9686158 0.003906548 0.2485321 0.9999924 -0.003907144 -5.14804e-7 0.9999924 -0.003909707 0 0.9999925 -0.003880023 1.94646e-5 0.9999925 -0.003886044 -2.89147e-6 0.9999924 -0.003912091 -1.15329e-6 0.9999923 -0.003919899 0 0.9843092 0.003927946 0.1764088 0.9843074 0.00392425 0.176419 0.984306 0.01176404 0.1760777 0.9843068 0.01176363 0.1760733 -0.003923118 0.9999923 -3.40113e-4 -0.0039227 0.9999923 -3.42677e-4 -0.003921031 0.9999923 -3.42164e-4 -0.003921926 0.9999923 -3.44705e-4 0.9372743 0.01960194 0.3480413 0.4117786 0.05096769 0.9098575 0.9450953 0.01961314 0.3262059 0.4588075 0.03528881 0.8878347 0.003937542 0.04313677 0.9990615 0.4431475 0.05094516 0.895 0.9529376 0.01960098 0.3025321 0.003946006 0.05099797 0.998691 -0.003916025 0.05882626 0.9982606 0.0117644 0.04316657 0.9989987 -0.01964104 0.04311609 0.998877 0.9999924 0.003899574 6.28401e-6 0.9999925 0.003876507 5.12795e-6 0.9999923 -0.003923654 1.04737e-5 0.9999924 -0.003919363 -4.49293e-6 0.9999924 -0.003920435 7.56909e-6 -0.003901839 0.04313874 0.9990615 -0.003916263 0.05097687 0.9986922 -0.00393182 0.003932297 -0.9999846 -0.003932118 0.003931999 -0.9999846 -0.003932058 0.003932058 -0.9999846 -0.003932058 0.003932058 -0.9999846 -0.003915727 0.9999924 -3.44981e-4 -0.003915786 0.9999924 -3.44696e-4 -0.003915727 0.9999924 -3.45014e-4 -0.003915727 0.9999924 -3.44979e-4 0.6235138 -0.003968477 0.7818022 0.6235109 -0.00397861 0.7818046 0.6235205 -0.003939568 0.7817972 0.6235173 -0.00395143 0.7817996 0.4039218 -0.9137176 -0.04435479 0.4039216 -0.9137179 -0.04435288 0.3948631 -0.91874 -9.37717e-6 0.3882185 -0.9215673 -4.40625e-5 -0.003887832 -0.466616 -0.8844516 -0.00390315 -0.6000043 -0.7999873 0.003939688 -0.4666589 -0.8844287 0.003904104 -0.6000035 -0.7999879 -0.003894448 -0.5999937 -0.7999953 0.003873825 -0.5999924 -0.7999963 -0.003937065 -0.3176582 -0.9481972 0.00392276 -0.3176823 -0.9481891 -0.003912627 -0.3333318 -0.9428015 0.01958554 -0.44317 -0.8962237 -0.03529173 -0.6392039 -0.7682272 0.01176178 -0.4431354 -0.8963776 -0.04312491 -0.6470317 -0.7612426 -0.03528988 -0.7098015 -0.7035173 -0.02745664 -0.7176373 -0.6958757 -0.003887891 -0.7333329 -0.6798586 -0.003887832 -0.7333329 -0.6798586 0.01961064 -0.294107 -0.9555713 0.0195989 -0.2940878 -0.9555775 0.9998078 -0.0196042 3.80911e-6 0.9998078 -0.01960235 7.03149e-6 0.999808 -0.01960182 1.45892e-5 0.9999309 -0.01176279 1.56648e-5 0.9999924 -0.003919482 6.60122e-6 0.9999924 0.003918051 8.06712e-6 0.9998069 -0.01965618 3.12999e-5 0.9998079 -0.01960253 2.24495e-6 0.9998078 -0.01960414 4.3691e-6 -0.9999923 0.003918766 -3.60911e-4 -0.9999923 -0.003919601 -3.60012e-4 -0.9999923 0.003918647 -3.60822e-4 -0.9999923 -0.003919601 -3.59937e-4 0.003902494 -0.9999924 8.33192e-6 0.003902912 -0.9999924 1.16519e-5 0.003902494 -0.9999924 8.49296e-6 0.003902792 -0.9999924 1.15495e-5 0.9999923 0.003924548 -2.60606e-5 0.9999924 0.003916561 2.18321e-5 0.9999924 0.003916859 2.13292e-5 0.9999923 0.003919363 2.22348e-5 -0.003893494 0.9999924 -3.59635e-4 -0.003892183 0.9999924 -3.56175e-4 -0.003893315 0.9999924 -3.59265e-4 -0.003936827 0.9999922 -3.38727e-4 -0.003920912 0.9999924 -2.80167e-4 0.003915727 0.9999924 -3.41098e-4 -4.59502e-4 0.9999923 0.003903985 -0.003915727 0.9999924 -3.44971e-4 -0.003915786 0.9999924 -3.44783e-4 -0.00229144 0.9999924 0.003193914 -0.003915727 0.9999923 -3.41769e-4 0.002880692 0.9999924 0.002673566 -0.003915786 0.9999923 -3.43834e-4 0 0.9999923 0.003931105 -0.003915548 0.9999924 -3.47036e-4 -0.003915727 0.9999924 -3.48711e-4 0.003908693 0.9999924 -4.17142e-4 -0.002604782 0.9999924 0.002943933 -0.003915667 0.9999924 -3.46097e-4 -0.003915786 0.9999923 -3.47628e-4 -0.002574145 0.9999924 -0.002968192 -0.003915786 0.9999924 -3.44777e-4 -0.003930509 0.08235841 -0.9965951 -0.003930509 0.08235841 -0.996595 -0.003930687 0.08235818 -0.9965951 -0.00393033 0.08235865 -0.996595 0.003927946 -0.8901894 0.4555739 0.003880083 -0.8901886 0.4555757 -0.003880083 -0.8901885 0.455576 -0.003928065 -0.8901889 0.4555748 0.003877758 -0.1137269 -0.9935045 -0.003877758 -0.1137269 -0.9935045 0.003877758 -0.1137267 -0.9935045 -0.003925621 -0.1137242 -0.9935046 -0.003942251 0.4352946 -0.9002795 -0.003941893 0.4352957 -0.9002789 -0.00389564 0.4352862 -0.9002838 -0.003895223 0.4352876 -0.900283 -0.003929078 0.5686111 0.8225972 -0.003929138 0.5686134 0.8225956 -0.003929257 0.5686128 0.8225961 -0.003929376 0.568616 0.8225937 -0.5137327 0.1137048 0.8503823 -0.5137234 0.1137541 0.8503813 -0.5215395 0.1137507 0.8456107 -0.5215512 0.1137481 0.8456038 0.3019542 0.5059031 0.8080135 0.2941328 0.5293689 0.7957729 -0.02742499 0.529436 0.8479066 -0.035304 0.5450909 0.8376333 0.7803943 0.5058899 0.3675056 0.7725425 0.4980422 0.3938682 0.8980321 0.4352921 0.06371217 0.8980347 0.4274494 0.1040229 0.8666595 -0.4352905 0.2437693 0.8745016 -0.4509732 0.1785226 0.9371325 -0.3489739 -1.07972e-5 0.9371319 -0.3489755 -1.30014e-5 0.4117463 -0.5215529 0.7472936 0.3803942 -0.4980349 0.7792699 -0.003908157 -0.4823639 0.8759622 -0.003910243 -0.4823591 0.8759649 0.9372501 -0.3411728 -0.07185685 0.9371321 -0.348975 -2.1368e-5 0.9371324 -0.3489741 -1.44914e-6 0.003911077 -0.3254837 -0.9455397 0.003908753 -0.3254801 -0.9455409 -0.003930747 -0.3176431 -0.9482022 -0.00392872 -0.3176439 -0.948202 -0.003921449 0.03529405 -0.9993693 -0.003921449 0.03529429 -0.9993693 -0.003921449 0.03529423 -0.9993693 -0.003921449 0.03529447 -0.9993693 -0.003914773 -0.9843057 -0.1764288 -0.003909647 -0.9843054 -0.1764305 -0.003895819 -0.9843072 -0.1764203 -0.003958165 -0.9843089 -0.1764097 -0.003925025 -0.9843072 -0.1764199 -0.003913342 -0.9843033 -0.1764419 0.2784391 0.9529287 -0.1199943 0.286278 0.9529297 -0.09984934 0.4431315 0.8823502 0.1584066 0.4352922 0.8823477 0.1788392 -0.003929674 0.9293999 -0.3690538 -0.003929376 0.9294012 -0.3690501 0.9843063 0.1686275 0.05201894 0.9764658 0.1999936 0.08072942 0.9843077 0.1529395 0.08802211 0.9814726 0.1916029 -3.37325e-6 0.9999923 -0.003933608 3.43504e-5 0.9999923 -0.003925979 1.11948e-5 0.9999308 -0.01176333 1.29221e-5 0.9999924 0.003924906 -9.74722e-6 0.9999923 -0.003921389 1.24369e-5 0.9999924 -0.003918528 -6.20633e-6 0.999808 -0.01959508 4.44893e-5 0.9998078 -0.01960313 -2.03403e-5 0.9996235 -0.02744174 -1.13621e-5 0.9999312 -0.01174128 -1.12805e-5 0.9999309 -0.01176327 -1.34999e-5 0.9996235 -0.02744281 -1.87457e-5 0.9999924 -0.003919422 -1.45446e-5 0.9999923 -0.003917694 -1.50111e-5 0.9999924 -0.00392282 1.64285e-5 0.9996234 -0.02744346 1.0265e-5 0.999071 -0.04309689 9.54722e-7 0.9999923 -0.003919482 2.44379e-5 0.003913104 0.1372388 -0.9905303 -0.003922045 0.1372539 -0.9905282 0.003924429 -0.0588203 -0.9982609 -0.003886699 -0.05880171 -0.9982621 -0.003910481 -0.2392216 -0.9709572 0.003926992 -0.2470542 -0.9689938 0.4666478 -0.03526443 -0.88374 0.4509685 -0.01957929 -0.8923252 0.4509729 -0.01177102 -0.8924601 0.4352927 0.003920912 -0.9002804 0.6235291 0.7725411 -0.1199665 0.639211 0.7647027 -0.0814802 0.6543346 0.7562052 1.94646e-5 0.6626693 0.7489122 0 0.262741 0.6548824 0.7085875 0.2784474 0.6627388 0.695158 0.4117722 0.6862579 0.599578 0.4352913 0.6862686 0.5827151 0.04313796 0.6470524 0.7612242 0.0588386 0.6548889 0.7534313 -0.1137164 0.6862837 0.7183895 -0.1215284 0.6941391 0.7095081 0.4745045 0.7097848 0.5206257 0.4745064 0.7098016 0.520601 0.9999925 0.003897488 3.3397e-6 0.9999924 0.003918945 1.64859e-7 0.9999923 0.003960311 -5.01819e-7 0.9999926 0.003866732 0 0.9999923 0.003920197 0 0.9999926 0.003870844 0 0.6627466 0.003914356 0.7488335 0.6470569 0.129408 0.7513794 0.4745104 0.0039168 0.8802413 0.443155 0.1842696 0.8773018 0.1607562 0.2235639 0.9613411 0.1921633 0.003911137 0.9813552 0.01177191 0.003960013 0.9999229 -0.01960718 0.2705898 0.9624951 0.7490069 0.003904581 0.6625507 0.7333245 0.1215797 0.6689198 0.4275225 0.3489879 0.8339257 0.6470555 0.2470543 0.7213068 -0.05880743 0.5529691 0.831124 0.1451013 0.443139 0.8846319 0.7177516 0.2079328 0.6645274 0.9843124 0.1764345 -1.03049e-6 0.9450914 0.325487 -0.02933394 0.9843097 0.1764498 1.85291e-6 0.9450911 0.3254882 -0.02933394 0.9998086 0.01956462 -2.35039e-5 0.9998087 0.0195617 8.01476e-6 0.9998079 0.01960492 -2.07941e-6 0.466664 -0.8823454 -0.06075775 0.466659 -0.8823472 -0.06076931 0.4666645 -0.8823463 -0.06073856 0.4666649 -0.8823454 -0.06074893 -0.4666636 0.8823459 -0.06075382 -0.466661 0.8823468 -0.06075924 -0.4666658 0.8823437 -0.06076818 -0.4666603 0.8823462 -0.06077402 0.3647045 0.9294037 -0.05656439 0.3647022 0.9294046 -0.05656439 0.3647012 0.929405 -0.05656421 0.3646989 0.9294059 -0.05656439 0.9764677 -0.2156642 0 0.9764455 -0.2157645 0 0.9764674 -0.2156652 0 0.9764452 -0.2157655 0 0.262755 0.09020793 -0.9606365 0.2705793 0.09807652 -0.9576889 0.1372409 0.05884259 -0.9887884 0.1450952 0.08232301 -0.985987 0.4117639 0.1450953 -0.8996654 0.4117655 0.1450928 -0.8996652 0.551986 -0.8338534 3.8594e-6 0.5519854 -0.8338539 -8.20309e-6 0.5607808 -0.8274443 -0.02934604 0.5450946 -0.8352863 -0.07189345 0.5450922 -0.83529 -0.07186943 0.5607807 -0.8274443 -0.0293433 0.5607807 -0.8274443 -0.02934324 0.5519908 -0.8338503 -1.56835e-6 0.1840507 -0.9829168 9.22382e-6 0.184052 -0.9829165 1.32285e-5 0.1764697 -0.9843061 -5.25266e-6 0.176473 -0.9843056 -2.31897e-5 0.1921582 -0.9764651 -0.09793478 0.1921591 -0.9764645 -0.09793877 -0.9137191 -0.3176379 -0.2534239 -0.9137191 -0.3176419 -0.2534188 -0.9137182 -0.3176497 -0.253412 -0.9137181 -0.3176539 -0.253407 -0.4196062 0.9058741 -0.05764389 -0.419606 0.9058731 -0.0576595 -0.3803852 0.9215638 -0.0776363 -0.3803912 0.921562 -0.07762795 -0.4581429 0.8888785 -1.06171e-5 -0.4581449 0.8888776 1.86518e-5 0.9215614 0.286272 0.2622459 0.9215793 0.2862575 0.2621995 0.9215672 0.2862669 0.2622312 0.9215685 0.2862663 0.2622275 0.7880316 0.6156349 0 0.7880939 0.6155552 0 0.7880347 0.615631 0 0.7880674 0.6155891 0 -0.5921536 0.8039155 -0.05544477 -0.5921576 0.8039126 -0.05544495 -0.5921516 0.8039169 -0.05544465 -0.5921555 0.8039141 -0.05544483 -0.003929913 0.003931939 0.9999846 -0.003934383 0.00393182 0.9999846 -0.003930091 0.003931999 0.9999846 -0.003934681 0.00393176 0.9999846 0.5921533 -0.8039156 -0.05544465 0.5921525 -0.8039162 -0.05544465 0.5921512 -0.8039174 -0.05544453 0.5921546 -0.8039147 -0.05544477 -0.003932118 0.003931999 -0.9999846 -0.003932178 0.003931939 -0.9999846 -0.003932297 0.00393182 -0.9999846 0.8807166 0.4736437 0 0.8807372 0.4736053 0 0.8807374 0.473605 -1.62594e-7 0.8807353 0.4736089 1.63366e-7 -0.4425184 0.8967595 2.40456e-7 -0.4425184 0.8967595 0 -0.4425184 0.8967595 -2.41596e-7 -0.4425184 0.8967595 0 -0.003931939 0.003932178 0.9999846 -0.003929674 0.003932237 0.9999846 -0.003931879 0.003932118 0.9999846 -0.003929853 0.003931939 0.9999846 0.4425167 -0.8967604 0 0.4425166 -0.8967604 -2.41596e-7 0.4425167 -0.8967604 0 0.4425167 -0.8967604 2.40456e-7 -0.003931999 0.003932118 -0.9999846 -0.003932178 0.003931939 -0.9999846 -0.003931939 0.003932178 -0.9999846 -0.003931879 0.003932237 -0.9999846 0.05881124 -0.01174443 0.9982001 0.05102008 0.003962635 0.9986898 0.05097484 0.4745219 0.8787666 0.05096167 0.003937244 0.9986929 0.05882871 0.003898262 0.9982606 0.05883508 0.003870427 0.9982603 0.05882477 0.3333275 0.9409743 0.01178491 0.9058669 0.4233986 0.01176631 0.9686223 0.2482592 -0.01175653 0.999931 -2.01466e-5 -0.01176524 0.9999308 -2.1962e-5 -0.003904759 0.9999924 -2.98864e-4 0.003901124 0.9999924 -3.22725e-4 0.003903925 0.9999923 -3.32251e-4 0.00393486 0.9999922 -3.55234e-4 0.9999924 0.003930926 0 0.9999925 0.003881454 -1.50409e-7 0.9999925 0.002639889 -0.002847492 0.9999925 0.002131164 0.00324434 0.9999924 0.003467857 0.001848876 0.9999925 0.003883957 3.53107e-7 0.9999925 0.003883898 0 0.9999926 0 0.003882944 0.9999925 0.00132811 0.003648757 0.9999926 0.003882944 2.20607e-7 0.9999923 -0.002746045 0.002810478 0.9999925 0.003884494 1.48294e-7 0.9999926 0.003519117 0.001641035 0.9999925 0.003882944 0 0.9999924 -0.00364983 0.001456975 0.9999925 0.00388199 0 0.9999926 0.00388199 -3.86398e-7 0.9999925 0.003882944 1.86375e-7 0.05883955 0.00388807 -0.9982599 0.05883932 0.003887951 -0.99826 0.05881822 0.003931045 -0.998261 0.05881828 0.003931045 -0.998261 0.05881291 0.003903388 0.9982615 0.05881303 0.003903329 0.9982614 0.05881303 0.003903269 0.9982615 0.05881267 0.003903388 0.9982615 -0.003917157 0.9999924 -3.44864e-4 -0.003885805 0.9999925 -3.41575e-4 -0.003900945 0.9999924 -3.43106e-4 -0.003913998 0.9999924 -3.44259e-4 0.04314351 -0.003893315 0.9990614 0.04314368 -0.003897845 0.9990614 0.04306137 0.3960842 0.9172039 0.02747595 0.505905 0.8621515 0.04314464 0.003904759 0.9990612 0.04313492 0.00392729 0.9990615 0.003918468 0.9686261 0.248492 0.01960128 0.9215548 0.3877533 -0.003886818 0.9999924 -3.42909e-4 -0.003898501 0.9999924 -3.43033e-4 -0.003889083 0.9999924 -3.41397e-4 -0.003905177 0.9999924 -3.43408e-4 -0.003893017 0.9999924 -3.44219e-4 -0.003882288 0.9999925 -3.44711e-4 -0.003913462 0.9999924 -3.44864e-4 0.04313564 0.003927648 0.9990616 0.04313474 0.003927648 0.9990615 0.01176375 0.9843069 0.1760732 0.00392878 0.9843094 0.1764079 0.01176655 0.9843053 0.1760814 0.003908812 0.9843007 0.1764563 0.9999924 -0.003915071 3.7197e-6 0.9999923 -0.003920853 2.72319e-6 0.9999924 0.003921687 2.57231e-6 0.9999923 0.00392276 2.38605e-6 0.03529965 0.4588494 0.8878127 0.05099707 0.4117376 0.9098745 0.019602 0.9450859 0.3262338 0.01959878 0.9372923 0.3479931 0.04313594 0.003921091 0.9990616 0.05099475 0.4431272 0.8950073 0.01960039 0.9529379 0.3025313 0.05097043 0.00390768 0.9986925 0.05882501 0.003916144 0.9982606 0.04311853 0.01176619 0.9990007 0.04311615 -0.01963722 0.9988771 0.003934025 0.9999923 -3.50146e-4 0.003865778 0.9999925 -3.31632e-4 -0.003921687 0.9999923 -3.43264e-4 -0.003919184 0.9999923 -3.50287e-4 -0.003919601 0.9999923 -3.31661e-4 0.04313552 0.003917872 0.9990617 0.05097711 0.003917336 0.9986922 -0.003932058 0.003932058 -0.9999846 -0.003931999 0.00393182 -0.9999846 -0.003931879 0.003932237 -0.9999846 -0.003931939 0.00393182 -0.9999846 0.9999926 -0.003882944 0 0.9999925 0.003882944 2.09315e-7 0.9999925 -0.003882944 0 0.9999925 0.003882944 3.07416e-7 -0.003906607 0.623528 0.7817913 -0.00393337 0.6235212 0.7817965 -0.003894507 0.6235307 0.7817893 -0.003922998 0.6235239 0.7817945 -0.9215524 0.3882539 -3.99568e-4 -0.9137157 0.4039264 -0.04435151 -0.9187386 0.3948662 -9.83675e-6 -0.9137172 0.4039229 -0.04435312 -0.4666611 0.003934442 -0.8844275 -0.4666691 0.003897488 -0.8844235 -0.5999919 0.00392878 -0.7999966 -0.6000034 0.003903746 -0.7999879 -0.5999966 0.003944754 -0.7999929 -0.5999952 0.003921508 -0.799994 -0.317656 -0.003935158 -0.9481979 -0.3176378 0.003922641 -0.9482041 -0.333332 0.003935039 -0.9428014 -0.6470319 -0.04312384 -0.7612425 -0.6392042 -0.03529053 -0.7682269 -0.4431355 0.01176106 -0.8963775 -0.4431698 0.01958435 -0.8962237 -0.5843075 -0.02745145 -0.8110679 -0.7176374 -0.02745544 -0.6958757 -0.7333249 0.003935158 -0.679867 -0.4509778 0.003916323 -0.8925267 -0.1137271 0.003877758 -0.9935045 -0.1137281 0.003877758 -0.9935044 -0.2940633 0.01962363 -0.9555845 -0.2940887 0.01959866 -0.9555772 -0.01176297 0.9999309 1.5948e-5 -0.01960253 0.9998079 7.42823e-6 -0.01960116 0.999808 1.46292e-5 -0.01960432 0.9998078 3.30666e-6 -0.003923773 0.9999923 -3.31691e-4 0.003923654 0.9999923 -3.27814e-4 -0.01960051 0.9998079 1.57984e-5 -0.01958566 0.9998083 3.73349e-5 -0.01960474 0.9998078 4.57838e-6 -0.003917038 -0.9999924 -2.17892e-5 -0.003918588 -0.9999924 -2.19268e-5 0.003920495 -0.9999924 -2.14499e-5 0.003920555 -0.9999924 -2.14055e-5 -0.9999924 0.003890872 -3.2794e-4 -0.9999923 0.003932714 -3.51411e-4 -0.9999924 0.003890633 -3.28361e-4 -0.9999924 0.003890812 -3.28043e-4 -0.003922939 0.9999923 -3.65669e-4 -0.003922939 0.9999923 -3.65729e-4 -0.003924012 0.9999923 -3.66352e-4 -0.003923952 0.9999923 -3.66418e-4 0.9999924 0.003902435 -9.96957e-6 0.9999924 -0.003902494 -1.00611e-5 0.9999924 -0.003902554 -1.01607e-5 0.9999924 -0.003902375 -9.8648e-6 0.08235847 0.003930628 -0.996595 0.08235841 0.003930628 -0.9965951 0.08235841 0.003930628 -0.9965951 0.08235836 0.003930687 -0.9965951 -0.8901891 0.003928005 0.4555745 -0.8901883 0.003880143 0.4555763 -0.8901891 0.003928005 0.4555743 -0.8901891 0.003928065 0.4555744 0.4353017 0.003938496 -0.9002761 0.4352774 0.003897249 -0.9002881 0.4352833 0.003894984 -0.9002852 0.4352767 0.003897547 -0.9002884 0.568644 0.003895819 0.8225745 0.568642 -0.003895878 0.8225759 0.5686414 0.003895938 0.8225764 0.5686398 0.00389558 0.8225775 0.1137034 -0.5215738 0.8455959 0.1137106 -0.5137214 0.8503884 0.113726 -0.5215635 0.8455991 0.113717 -0.5137239 0.850386 0.5450963 -0.03530281 0.8376299 0.5293242 0.2941398 0.7958002 0.5294342 -0.02742958 0.8479076 0.5059952 0.3019336 0.8079635 0.5058723 0.7803819 0.367556 0.4980139 0.7725376 0.3939137 0.4352933 0.8980315 0.06371217 0.4274489 0.8980351 0.1040221 -0.3489693 0.9371342 -1.30809e-5 -0.4509761 0.8745018 0.1785141 -0.348972 0.9371331 -1.12269e-5 -0.4352915 0.8666594 0.2437686 -0.5215529 0.41175 0.7472915 -0.4980337 0.3803902 0.7792727 -0.4823623 0.003911375 0.8759631 -0.4823613 0.00390917 0.8759637 -0.3411696 0.9372512 -0.07185661 -0.3489693 0.9371343 -2.25268e-5 -0.3489743 0.9371324 -3.22273e-6 -0.3176408 0.00393033 -0.948203 -0.3254783 0.003909111 -0.9455415 -0.3176417 0.003917813 -0.9482027 -0.325459 0.003869891 -0.9455483 0.03529399 0.003921449 -0.9993693 0.03529405 0.003921449 -0.9993693 0.03529435 0.003921508 -0.9993693 0.03529423 0.003921508 -0.9993693 -0.9843067 -0.00393182 -0.1764227 -0.9843064 -0.003933489 -0.1764243 -0.9843065 -0.003926813 -0.1764238 -0.9843068 -0.003940522 -0.1764218 -0.9843075 0.003926217 -0.1764186 -0.9843039 0.003917515 -0.1764384 0.8823512 0.4352853 0.1788386 0.9529349 0.2862685 -0.09982728 0.8823541 0.4431237 0.158407 0.9529627 0.2783669 -0.1198918 0.929406 0.003921091 -0.3690382 0.9293993 0.003930211 -0.3690549 0.1915938 0.9814743 -2.51122e-5 0.199999 0.9764633 0.08074516 0.1529416 0.9843047 0.08805227 0.1686263 0.9843061 0.05202686 -0.003930628 0.9999923 -3.19007e-4 -0.003919363 0.9999923 -3.51218e-4 -0.01176422 0.9999309 -8.73115e-6 0.003921031 0.9999923 -3.39726e-4 -0.003920555 0.9999923 -3.27115e-4 -0.003919422 0.9999923 -3.48736e-4 -0.01960426 0.9998078 -1.97347e-6 -0.01960182 0.9998079 -1.79149e-5 -0.0274409 0.9996235 -6.81263e-6 -0.01174187 0.9999312 -1.10212e-5 -0.01176261 0.9999309 -1.02641e-5 -0.02744257 0.9996235 -1.73359e-5 -0.02744191 0.9996234 1.18986e-5 -0.003921806 0.9999923 -3.53724e-4 -0.003924965 0.9999923 -3.21474e-4 -0.003920018 0.9999923 -3.52819e-4 -0.04309576 0.9990711 4.26359e-6 -0.00392127 0.9999923 -3.59104e-4 -0.05880188 0.003910779 -0.9982621 0.1372039 0.003895223 -0.9905351 -0.05883359 0.003910601 -0.9982602 0.1372051 0.00389558 -0.9905351 -0.2392113 0.003925085 -0.9709597 -0.2470637 0.003905355 -0.9689915 0.003919124 0.4352861 -0.9002838 -0.01958483 0.4509764 -0.892321 -0.01177698 0.4509722 -0.8924604 -0.03531289 0.4666666 -0.8837282 0.08234983 0.0979858 0.9917749 0.0745114 0.082354 0.9938138 0.05883008 0.09019744 0.9941849 0.05888473 0.0902087 0.9941806 0.05880886 0.1058727 0.9926393 0.05098098 0.1058802 0.9930712 -0.1999995 0.2784201 0.9394053 0.0353102 0.1529282 0.9876064 -0.568629 0.4745988 0.6718759 -0.5686957 0.4744892 0.6718968 -0.1999958 0.2784426 0.9393995 -0.5843164 0.4509837 0.6746763 -0.5529359 0.5058808 0.6620774 0.08236265 0.09802311 0.9917701 0.3882288 -0.04311835 0.9205538 0.1294032 0.1058521 0.9859261 0.1686309 0.08235412 0.9822329 0.3882655 -0.04312199 0.9205382 0.7019504 -0.2391995 0.6708571 0.717633 -0.2156844 0.6621806 0.7176613 -0.2156857 0.6621495 0.741171 -0.1843113 0.6455191 0.1137196 0.09019249 0.9894106 0.09802341 0.07451063 0.9923909 0.08235478 0.0745002 0.9938146 0.09024614 0.05876368 0.9941844 0.09018653 0.05097723 0.9946194 0.05885833 0.09018069 0.9941847 0.2784343 -0.2000147 0.9393979 0.1529651 0.03526329 0.9876022 0.2784158 -0.1999883 0.939409 0.4431067 -0.5843271 0.6798666 0.4744452 -0.5686545 0.6719626 0.47447 -0.5686377 0.6719595 0.4980387 -0.5607761 0.6614285 -0.4980304 0.4666718 -0.7308784 -0.4980303 0.4666717 -0.7308786 -0.4980304 0.4666718 -0.7308783 0.6392129 -0.199985 -0.7425718 0.6392127 -0.199985 -0.742572 0.6392129 -0.199985 -0.7425718 -0.1999762 0.639212 -0.7425749 -0.1999762 0.6392119 -0.7425751 -0.1999762 0.639212 -0.742575 0.8823257 0.466702 -0.06075114 0.8823396 0.4666728 -0.0607742 0.8823473 0.4666606 -0.06075561 0.882338 0.4666786 -0.06075173 0.8823397 0.4666773 -0.06073796 0.8823483 0.4666612 -0.06073665 0.8823481 0.466659 -0.06075477 0.8823446 0.4666641 -0.06076806 0.4666625 -0.4980393 -0.7308783 0.4666625 -0.4980394 -0.7308782 0.4666623 -0.4980393 -0.7308784 0.6313714 -0.2392095 0.7376645 0.6313714 -0.2392094 0.7376646 0.6313716 -0.2392097 0.7376643 0.4666622 0.8823457 -0.06076681 0.4666603 0.8823475 -0.06075555 0.4666626 0.8823467 -0.06074869 0.466666 0.8823449 -0.06074994 0.4736402 0.8807185 -5.48712e-6 0.46666 0.882349 -0.06073427 0.4666646 0.8823462 -0.06074005 0.466664 0.8823456 -0.06075298 -0.5451415 0.3960978 0.7388689 -0.5451414 0.396098 0.7388689 -0.5451415 0.3960978 0.7388689 0.396079 -0.5451065 0.7389049 0.3960789 -0.5451065 0.7389049 0.3960791 -0.5451065 0.7389049 -0.2470559 0.6313658 0.7350786 -0.2470561 0.6313657 0.7350787 -0.2470561 0.6313657 0.7350787 0.4666658 0.8823448 -0.06075155 0.4666624 0.8823466 -0.0607509 0.4666644 0.8823465 -0.06073558 0.466664 0.8823473 -0.06072878 0.466661 0.8823465 -0.06076389 0.4666623 0.8823462 -0.06075781 0.4666614 0.8823447 -0.06078767 0.4666588 0.8823474 -0.06076681 0.466657 0.8823484 -0.06076669 0.4666589 0.8823466 -0.06077718 0.466664 0.8823451 -0.06076103 0.4666644 0.8823455 -0.06075274 0.4666599 0.8823464 -0.06077516 0.4666596 0.8823463 -0.06077796 0.4666627 0.8823458 -0.06076186 0.4666634 0.8823453 -0.06076371 0.8823466 0.4666594 -0.06077367 0.8823459 0.4666614 -0.0607683 0.8823527 0.4666505 -0.06075417 0.882351 0.4666538 -0.06075406 0.8823455 0.4666637 -0.06075769 0.8823468 0.466664 -0.06073665 0.8823463 0.466664 -0.06074553 0.8823466 0.4666643 -0.060736 0.8823509 0.4666548 -0.06074643 0.8823489 0.4666556 -0.06077086 0.8823476 0.4666595 -0.06075912 0.8823456 0.466663 -0.06076061 0.8823466 0.4666629 -0.06074708 0.8823466 0.4666643 -0.06073772 0.8823425 0.4666727 -0.06073248 0.8823427 0.4666669 -0.06077271 -0.6862689 0.7254841 -0.05203616 -0.6862697 0.7254827 -0.05204588 -0.5607753 0.7254822 -0.3990071 -0.5764471 0.7333357 -0.3604547 -0.1450683 0.4823816 -0.8638653 -0.105919 0.4588851 -0.8821597 0.4822877 0.1530612 -0.8625376 0.4430609 0.1686193 -0.8804911 0.92157 -0.05881875 -0.3837305 0.9294068 -0.07450878 -0.3614574 0.9843059 -0.1607853 -0.07273191 0.984307 -0.1607782 -0.07273441 0.06666684 0.6941123 0.7167732 0.05880361 0.7019505 0.7097941 -0.1764593 0.7882351 0.5895316 -0.176469 0.7882187 0.5895507 0.5529253 0.4352805 0.710496 0.5450932 0.4431318 0.7116935 0.7568708 0.286314 0.5875123 0.7568587 0.2862667 0.5875513 0.7254882 -0.5607789 -0.3989912 0.733327 -0.5764663 -0.3604416 0.7254914 -0.6862635 -0.05200612 0.7254872 -0.6862667 -0.05202215 0.4588124 -0.1058754 -0.8822028 0.4823585 -0.1450948 -0.8638738 0.1686126 0.4430809 -0.8804824 0.1529184 0.4823903 -0.8625054 -0.07450526 0.9294095 -0.3614515 -0.05882686 0.9215554 -0.3837644 -0.1607779 0.9843083 -0.07271677 -0.1607849 0.9843071 -0.07271856 0.4431397 0.5450747 0.7117028 0.4352908 0.5529378 0.7104799 0.2862823 0.756872 0.5875265 0.2862793 0.7568692 0.5875316 0.7019492 0.0588417 0.7097922 0.6941313 0.066675 0.716754 0.7882243 -0.1764538 0.5895476 0.7882262 -0.1764808 0.5895373 0.1294227 0.1764683 0.9757606 0.1215814 0.1686108 0.9781556 0.1452092 0.1451406 0.9786974 0.1450532 0.1450315 0.9787367 0.1764568 0.1294271 0.9757621 0.168592 0.1215997 0.9781566 0.200016 0.2000145 0.95916 0.1842905 0.2392148 0.953317 0.3176456 0.3176454 0.893422 0.2784247 0.3568609 0.8917006 0.2392143 0.1843065 0.9533141 0.3646975 0.2784423 0.8885189 0.364728 0.3647324 0.8567053 0.3019623 0.3960774 0.8671456 0.3019256 0.3960529 0.8671696 0.4039181 0.3097903 0.8607439 0.3960541 0.3020032 0.8671421 0.09805399 0.2235092 0.9697573 0.090191 0.2078397 0.973996 0.07451653 0.1999815 0.976962 0.08230143 0.1686063 0.9822416 0.09020024 0.1529107 0.984115 0.09022808 0.1372646 0.9864164 0.09798198 0.2548667 0.9619992 0.09800118 0.2783563 0.9554652 0.1450738 0.4117342 0.8996825 0.1449401 0.4274196 0.8923593 0.1607867 0.4666666 0.8696954 0.1529489 0.458871 0.8752395 0.1607888 0.474495 0.8654487 0.1607793 0.4745151 0.8654394 -0.003932118 0.003931999 0.9999846 -0.003848135 -0.003848314 0.9999853 -0.003930747 -0.003931879 0.9999846 0.08235168 0.06666606 0.9943711 0.06664913 0.06664729 0.9955482 0.0588026 0.07448798 0.9954867 -0.003932535 -0.003932118 0.9999846 -0.003936409 0.003931343 0.9999846 0.1529456 0.1607781 0.9750683 0.1764615 0.1294223 0.9757619 0.1372373 0.176463 0.9746932 0.1529172 0.176492 0.9723513 0.121554 0.2235409 0.9670854 0.2235139 0.1215804 0.9670882 0.1764761 0.1529383 0.9723508 0.05883496 0.07449895 0.9954841 0.176455 0.1529446 0.9723537 0.1372588 0.1764709 0.9746888 0.1293998 0.1764761 0.9757623 0.129435 0.1607924 0.9784643 0.129435 0.1607924 0.9784643 0.1764839 0.1529412 0.972349 0.1607861 0.1294404 0.9784647 0.1529395 0.1764498 0.9723554 0.160786 0.1294404 0.9784646 0.2000023 0.07450628 0.9769585 0.1686406 0.07449966 0.9828581 0.2157928 0.09810799 0.971498 0.1607834 0.08235317 0.9835481 0.1607828 0.0745092 0.9841734 0.2313801 0.1215836 0.9652361 0.2548738 0.09799551 0.961996 0.2784084 0.09802734 0.9554472 0.4117749 0.1451031 0.8996592 0.4275686 0.145062 0.892268 0.4666734 0.1607871 0.8696915 0.4744581 0.1608515 0.8654573 0.4744928 0.1608049 0.865447 0.4666683 0.1529421 0.8711081 0.6940975 0.01960873 0.719614 0.6862838 0.01960712 0.7270696 0.6862798 0.01960706 0.7270733 0.6863049 0.01960051 0.7270498 0.5215698 0.521569 0.6752266 0.5215744 0.5215741 0.675219 0.5921591 0.4431185 0.6730481 0.5921554 0.4431282 0.6730449 0.4509786 0.5921523 0.6678129 0.4509708 0.5921491 0.667821 0.01961106 0.6862593 0.7270926 0.01960736 0.6862886 0.727065 0.01960837 0.6862754 0.7270776 0.01960784 0.6941197 0.7195925 -0.2549242 0.5137372 0.8191995 -0.2626997 0.5137408 0.8167371 -0.3332841 0.4509922 0.8279661 -0.3333384 0.4509853 0.827948 -0.1765012 0.6156487 0.7680001 -0.1764914 0.6078711 0.774173 -0.1450958 0.6470571 0.7485081 -0.1450949 0.6470748 0.748493 -0.247058 0.3019613 0.9207507 -0.2470582 0.3019384 0.9207581 -0.2470648 0.2941488 0.9232743 -0.2470831 0.2941192 0.9232789 -0.0509935 -0.04313606 0.997767 -0.04313129 -0.0431385 0.9981377 -0.04313522 -0.05882072 0.9973362 -0.04313319 -0.05881774 0.9973365 -0.08234274 -0.06666946 0.9943717 -0.09021055 -0.06667721 0.9936882 0.2941252 -0.2862856 0.9118832 0.2941145 -0.2784305 0.9143157 0.2862708 -0.2784281 0.9168025 0.286283 -0.2784264 0.9167992 0.6156593 -0.1764929 0.7679935 0.623534 -0.1764619 0.7616209 0.66273 -0.1529471 0.7330731 0.6705882 -0.1607813 0.7241967 0.5137104 -0.2627382 0.8167437 0.5136942 -0.2626728 0.816775 0.4509822 -0.3254914 0.8310658 0.4588236 -0.3333327 0.8236323 -0.4196094 0.4196383 0.8048798 -0.4196149 0.4196214 0.8048859 -0.458813 0.3254771 0.8267741 -0.4588251 0.3254571 0.8267752 -0.4195753 0.4352678 0.7965541 -0.4117437 0.4353006 0.8006126 -0.4745054 0.2313741 0.8493001 -0.474506 0.2313788 0.8492985 -0.4745017 0.2313623 0.8493055 -0.4744982 0.23136 0.849308 -0.3333501 0.1059072 0.936836 -0.3333334 0.1058841 0.9368444 -0.3333505 0.1058931 0.9368373 -0.3333615 0.1058884 0.936834 -0.04313498 -0.1215671 0.9916455 -0.04315561 -0.1215848 0.9916425 -0.04310733 -0.121537 0.9916504 -0.04312545 -0.1215566 0.9916472 0.4039344 -0.09021097 0.9103292 0.4039058 -0.09018629 0.9103442 0.4038999 -0.09018182 0.9103473 0.4039339 -0.09021162 0.9103292 0.6392088 0.168625 0.7503184 0.6392504 0.1764724 0.748476 0.6548676 0.2156921 0.7243103 0.6548933 0.2156856 0.724289 0.6000068 0.03530496 0.7992155 0.6078248 0.03530955 0.7932858 0.5842648 -0.02750879 0.8110968 0.58431 -0.02744919 0.8110663 0.5921376 -0.003938019 0.8058273 0.5921386 -0.003932416 0.8058266 0.5764732 0.3960666 0.7147096 0.5765104 0.3960959 0.7146635 0.5764754 0.3960816 0.7146996 0.584301 0.4039187 0.7038764 0.2784249 0.6862551 0.6719624 0.2784281 0.6862677 0.6719483 0.2784261 0.6784266 0.679865 0.2784008 0.6784583 0.6798436 -0.2156838 0.6313639 0.7448893 -0.2235379 0.6391956 0.7358396 -0.2235204 0.6392183 0.7358251 -0.2392174 0.6392198 0.7308715 0.3254874 -0.4352665 0.8394052 0.3254659 -0.4274805 0.8434053 0.4273677 -0.3960257 0.8127243 0.4274363 -0.3960434 0.8126794 0.2313743 -0.4431266 0.8660859 0.231368 -0.4509531 0.8620383 0.2313921 -0.4509315 0.8620432 0.231414 -0.4509126 0.8620473 0.4353206 -0.3882303 0.8122643 0.4352805 -0.3882544 0.8122742 0.6235293 -0.2157062 0.7514533 0.6156773 -0.2156946 0.7579032 0.6157007 -0.2156357 0.757901 0.6078596 -0.2156723 0.7641939 0.662737 0.2627443 0.7012454 0.6627385 0.2627357 0.7012473 0.6705818 0.2705868 0.6907264 0.6705899 0.2705941 0.6907157 0.3882199 0.5607773 0.73131 0.396079 0.5607852 0.7270773 0.3960802 0.5529299 0.7330682 0.3960779 0.5529358 0.733065 -0.01955819 0.5607455 0.8277572 -0.01957803 0.5607803 0.8277333 0.01173132 0.5686295 0.8225101 0.01176011 0.5686276 0.822511 0.05100643 0.5842855 0.8099437 0.0509746 0.5843117 0.8099269 0.1921223 0.6235127 0.7578396 0.184321 0.6235107 0.7597765 0.2235183 0.6313646 0.7425755 0.2235441 0.6313719 0.7425616 -0.05883842 0.3960619 0.9163368 -0.05883562 0.3960586 0.9163385 -0.05883508 0.3960526 0.916341 -0.05877023 0.3959795 0.9163768 -0.08234995 -0.02745062 0.9962254 -0.08236664 -0.02745062 0.9962241 -0.08234417 -0.02745747 0.9962257 -0.08231186 -0.02748471 0.9962276 0.1294002 -0.3098213 0.9419482 0.1294167 -0.3097956 0.9419544 0.1294035 -0.3098165 0.9419493 0.1294129 -0.3097987 0.9419539 0.4352893 0.7725551 0.4622575 0.4274396 0.7725353 0.4695578 0.4353042 0.7725356 0.4622761 0.4274578 0.7725471 0.4695219 -0.2156833 0.7254921 0.6535609 -0.2156763 0.7176634 0.6621504 -0.04315239 0.3882452 0.9205453 -0.2392131 0.7019493 0.6708534 -0.1843177 0.7411625 0.6455271 -0.04312324 0.3882493 0.9205449 0.09805619 0.1294065 0.9867315 0.08231306 0.1686109 0.9822397 0.137301 0.06666225 0.9882837 0.7725413 0.43528 0.4622894 0.7725376 0.4274414 0.4695526 0.7725445 0.4352829 0.4622812 0.78039 0.4274422 0.4563822 -0.1294186 0.7176352 0.6842885 -0.1294082 0.7176536 0.684271 -0.1294089 0.717651 0.6842737 -0.1294102 0.7176527 0.6842717 0.6862875 0.2705879 0.6751236 0.6862881 0.270585 0.675124 0.6862663 0.2705807 0.6751478 0.6862623 0.2705717 0.6751555 0.2705857 0.6862644 0.6751478 0.2705836 0.6862609 0.6751521 0.2705853 0.6862498 0.6751629 0.2705709 0.6862266 0.6751922 0.7176608 -0.1293953 0.6842659 0.7176604 -0.1294007 0.6842653 0.7176393 -0.1294125 0.6842854 0.7176386 -0.1294174 0.6842851</float_array>
          <technique_common>
            <accessor source="#StarBase_0_2815-mesh-normals-array" count="6078" stride="3">
              <param name="X" type="float"/>
              <param name="Y" type="float"/>
              <param name="Z" type="float"/>
            </accessor>
          </technique_common>
        </source>
        <source id="StarBase_0_2815-mesh-map-0">
          <float_array id="StarBase_0_2815-mesh-map-0-array" count="28416">0.2370647 0.8327667 0.2577122 0.8449872 0.2217081 0.8678502 0.2442068 0.8738796 0.2217081 0.8678502 0.2577122 0.8449872 0.2217081 0.8678502 0.2442068 0.8738796 0.2167004 0.9018816 0.2402514 0.9022661 0.2167004 0.9018816 0.2442068 0.8738796 0.2167004 0.9018816 0.2402514 0.9022661 0.220919 0.9361559 0.2436302 0.9304401 0.220919 0.9361559 0.2402514 0.9022661 0.220919 0.9361559 0.2436302 0.9304401 0.2355574 0.9715429 0.2563161 0.9596764 0.2355574 0.9715429 0.2436302 0.9304401 0.2217081 0.8678502 0.2082027 0.8642083 0.2370647 0.8327667 0.2246924 0.8258875 0.2370647 0.8327667 0.2082027 0.8642083 0.2577122 0.8449872 0.2699226 0.8530095 0.2442068 0.8738796 0.2575807 0.8777136 0.2442068 0.8738796 0.2699226 0.8530095 0.2442068 0.8738796 0.2575807 0.8777136 0.2402514 0.9022661 0.2699226 0.8530095 0.2842879 0.8640971 0.2575807 0.8777136 0.2746875 0.8832271 0.2575807 0.8777136 0.2842879 0.8640971 0.2575807 0.8777136 0.2746875 0.8832271 0.2540501 0.9022964 0.2540501 0.9022964 0.2402514 0.9022661 0.2575807 0.8777136 0.2402514 0.9022661 0.2540501 0.9022964 0.2436302 0.9304401 0.2717739 0.9025696 0.2540501 0.9022964 0.2746875 0.8832271 0.2717739 0.9025696 0.274384 0.9220132 0.2540501 0.9022964 0.2570748 0.9268286 0.2540501 0.9022964 0.274384 0.9220132 0.2436302 0.9304401 0.2570748 0.9268286 0.2563161 0.9596764 0.2570748 0.9268286 0.2436302 0.9304401 0.2540501 0.9022964 0.274384 0.9220132 0.2836809 0.9415883 0.2570748 0.9268286 0.2685873 0.9518363 0.2570748 0.9268286 0.2836809 0.9415883 0.2685873 0.9518363 0.2563161 0.9596764 0.2570748 0.9268286 0.2355574 0.9715429 0.2230232 0.978159 0.220919 0.9361559 0.2082027 0.8642083 0.2217081 0.8678502 0.2027298 0.90174 0.2167004 0.9018816 0.2027298 0.90174 0.2217081 0.8678502 0.2027298 0.90174 0.2167004 0.9018816 0.2073428 0.9395145 0.2073428 0.9395145 0.220919 0.9361559 0.2230232 0.978159 0.220919 0.9361559 0.2073428 0.9395145 0.2167004 0.9018816 0.1539385 0.6602523 0.1539891 0.6722503 0.1154357 0.6604041 0.1156279 0.6724021 0.1154357 0.6604041 0.1539891 0.6722503 0.1156279 0.6724021 0.07714521 0.6724021 0.1154357 0.6604041 0.07693278 0.6604041 0.1154357 0.6604041 0.07714521 0.6724021 0.1539891 0.6722503 0.1539385 0.6602523 0.1911061 0.6669999 0.1539891 0.6722503 0.1911061 0.6669999 0.1966195 0.6720885 0.1947581 0.67048 0.1966195 0.6720885 0.1911061 0.6669999 0.1966195 0.6704901 0.1966195 0.6720885 0.1947581 0.67048 0.1913489 0.6601107 0.1911061 0.6669999 0.1539385 0.6602523 0.07714521 0.6724021 0.0397855 0.6672933 0.07693278 0.6604041 0.07714521 0.6724021 0.03450477 0.6724021 0.0397855 0.6672933 0.0361436 0.6707936 0.0397855 0.6672933 0.03450477 0.6724021 0.03450477 0.6724021 0.0342822 0.6708138 0.0361436 0.6707936 0.03951233 0.6604041 0.07693278 0.6604041 0.0397855 0.6672933 0.1279698 0.8620839 0.11929 0.8638644 0.1245708 0.8445218 0.1089005 0.8496609 0.1245708 0.8445218 0.11929 0.8638644 0.1279698 0.8620839 0.1245708 0.8445218 0.1483948 0.8607789 0.1484656 0.84262 0.1483948 0.8607789 0.1245708 0.8445218 0.1484656 0.84262 0.1723402 0.8447141 0.1483948 0.8607789 0.1688095 0.8622356 0.1483948 0.8607789 0.1723402 0.8447141 0.1688095 0.8622356 0.1723402 0.8447141 0.1774793 0.8640869 0.18797 0.8499644 0.1774793 0.8640869 0.1723402 0.8447141 0.3013238 0.6728169 0.2836202 0.6719368 0.3020927 0.6602119 0.2841058 0.6593216 0.3020927 0.6602119 0.2836202 0.6719368 0.2841058 0.6593216 0.2836202 0.6719368 0.2678387 0.6588967 0.2676566 0.671522 0.2678387 0.6588967 0.2836202 0.6719368 0.2836202 0.6719368 0.3013238 0.6728169 0.2835494 0.6742736 0.2836202 0.6719368 0.2835494 0.6742736 0.2676566 0.671522 0.3011417 0.6751234 0.2835494 0.6742736 0.3013238 0.6728169 0.267606 0.6738588 0.2676566 0.671522 0.2835494 0.6742736 0.3013238 0.6728169 0.3098317 0.6735654 0.3011417 0.6751234 0.3095788 0.6759226 0.3011417 0.6751234 0.3098317 0.6735654 0.3013238 0.6728169 0.3054513 0.6634693 0.3098317 0.6735654 0.3106511 0.6639144 0.3098317 0.6735654 0.3054513 0.6634693 0.3020927 0.6602119 0.3041564 0.6624577 0.3013238 0.6728169 0.3041564 0.6624577 0.3054513 0.6634693 0.3013238 0.6728169 0.2676566 0.671522 0.2516423 0.6715118 0.2678387 0.6588967 0.2516626 0.6588967 0.2678387 0.6588967 0.2516423 0.6715118 0.2516626 0.6588967 0.2516423 0.6715118 0.2338173 0.6588967 0.2338679 0.671522 0.2338173 0.6588967 0.2516423 0.6715118 0.2516423 0.6715118 0.2516221 0.6738386 0.2338679 0.671522 0.267606 0.6738588 0.2516221 0.6738386 0.2676566 0.671522 0.2516423 0.6715118 0.2676566 0.671522 0.2516221 0.6738386 0.2339286 0.6738285 0.2338679 0.671522 0.2516221 0.6738386 0.2338679 0.671522 0.2339286 0.6738285 0.2253296 0.6716029 0.2254208 0.6739802 0.2253296 0.6716029 0.2339286 0.6738285 0.2253296 0.6716029 0.2252792 0.6619013 0.2338679 0.671522 0.2304587 0.6618912 0.2338679 0.671522 0.2252792 0.6619013 0.2317334 0.6609807 0.2338173 0.6588967 0.2338679 0.671522 0.2317334 0.6609807 0.2338679 0.671522 0.2304587 0.6618912 0.05239051 0.9137582 0.05209714 0.9283662 0.03705406 0.9134346 0.03749918 0.9305008 0.03705406 0.9134346 0.05209714 0.9283662 0.03749918 0.9305008 0.05209714 0.9283662 0.040959 0.9457057 0.05479818 0.9410117 0.040959 0.9457057 0.05209714 0.9283662 0.05239051 0.9137582 0.05742841 0.9143956 0.05209714 0.9283662 0.05648761 0.9278706 0.05209714 0.9283662 0.05742841 0.9143956 0.09833902 0.9262519 0.05648761 0.9278706 0.05742841 0.9143956 0.09833902 0.9262519 0.05888521 0.9396359 0.05648761 0.9278706 0.05648761 0.9278706 0.05888521 0.9396359 0.05209714 0.9283662 0.05479818 0.9410117 0.05209714 0.9283662 0.05888521 0.9396359 0.03705406 0.9134346 0.03800499 0.9053313 0.05239051 0.9137582 0.05373597 0.9067881 0.05239051 0.9137582 0.03800499 0.9053313 0.05239051 0.9137582 0.05373597 0.9067881 0.05742841 0.9143956 0.09833902 0.9262519 0.05742841 0.9143956 0.05954277 0.9082246 0.05954277 0.9082246 0.05742841 0.9143956 0.05373597 0.9067881 0.05479818 0.9410117 0.06035208 0.9526961 0.040959 0.9457057 0.05479818 0.9410117 0.05888521 0.9396359 0.06035208 0.9526961 0.04746383 0.9598889 0.040959 0.9457057 0.06035208 0.9526961 0.04746383 0.9598889 0.06035208 0.9526961 0.05749922 0.9736977 0.06947702 0.9641175 0.05749922 0.9736977 0.06035208 0.9526961 0.05888521 0.9396359 0.09833902 0.9262519 0.06413561 0.95042 0.06413561 0.95042 0.06035208 0.9526961 0.05888521 0.9396359 0.06413561 0.95042 0.09833902 0.9262519 0.07307845 0.9605363 0.06947702 0.9641175 0.06035208 0.9526961 0.07307845 0.9605363 0.06413561 0.95042 0.07307845 0.9605363 0.06035208 0.9526961 0.05749922 0.9736977 0.06947702 0.9641175 0.06318461 0.9795551 0.07307845 0.9605363 0.09833902 0.9262519 0.07851094 0.964158 0.06947702 0.9641175 0.07307845 0.9605363 0.07478809 0.9688317 0.07851094 0.964158 0.07478809 0.9688317 0.07307845 0.9605363 0.07478809 0.9688317 0.06318461 0.9795551 0.06947702 0.9641175 0.2370647 0.8327667 0.2577122 0.8449872 0.2217081 0.8678502 0.2442068 0.8738796 0.2217081 0.8678502 0.2577122 0.8449872 0.2217081 0.8678502 0.2442068 0.8738796 0.2167004 0.9018816 0.2402514 0.9022661 0.2167004 0.9018816 0.2442068 0.8738796 0.2167004 0.9018816 0.2402514 0.9022661 0.220919 0.9361559 0.2436302 0.9304401 0.220919 0.9361559 0.2402514 0.9022661 0.220919 0.9361559 0.2436302 0.9304401 0.2355574 0.9715429 0.2563161 0.9596764 0.2355574 0.9715429 0.2436302 0.9304401 0.2217081 0.8678502 0.2082027 0.8642083 0.2370647 0.8327667 0.2246924 0.8258875 0.2370647 0.8327667 0.2082027 0.8642083 0.2577122 0.8449872 0.2699226 0.8530095 0.2442068 0.8738796 0.2575807 0.8777136 0.2442068 0.8738796 0.2699226 0.8530095 0.2442068 0.8738796 0.2575807 0.8777136 0.2402514 0.9022661 0.2699226 0.8530095 0.2842879 0.8640971 0.2575807 0.8777136 0.2746875 0.8832271 0.2575807 0.8777136 0.2842879 0.8640971 0.2575807 0.8777136 0.2746875 0.8832271 0.2540501 0.9022964 0.2540501 0.9022964 0.2402514 0.9022661 0.2575807 0.8777136 0.2402514 0.9022661 0.2540501 0.9022964 0.2436302 0.9304401 0.2717739 0.9025696 0.2540501 0.9022964 0.2746875 0.8832271 0.2717739 0.9025696 0.274384 0.9220132 0.2540501 0.9022964 0.2570748 0.9268286 0.2540501 0.9022964 0.274384 0.9220132 0.2436302 0.9304401 0.2570748 0.9268286 0.2563161 0.9596764 0.2570748 0.9268286 0.2436302 0.9304401 0.2540501 0.9022964 0.274384 0.9220132 0.2836809 0.9415883 0.2570748 0.9268286 0.2685873 0.9518363 0.2570748 0.9268286 0.2836809 0.9415883 0.2685873 0.9518363 0.2563161 0.9596764 0.2570748 0.9268286 0.2355574 0.9715429 0.2230232 0.978159 0.220919 0.9361559 0.2082027 0.8642083 0.2217081 0.8678502 0.2027298 0.90174 0.2167004 0.9018816 0.2027298 0.90174 0.2217081 0.8678502 0.2027298 0.90174 0.2167004 0.9018816 0.2073428 0.9395145 0.2073428 0.9395145 0.220919 0.9361559 0.2230232 0.978159 0.220919 0.9361559 0.2073428 0.9395145 0.2167004 0.9018816 0.2008178 0.6730799 0.1966195 0.6720885 0.2008178 0.6702068 0.1966195 0.6704901 0.2008178 0.6702068 0.1966195 0.6720885 0.2577122 0.8449872 0.2370647 0.8327667 0.2593005 0.8416589 0.2382584 0.8289933 0.2593005 0.8416589 0.2370647 0.8327667 0.2577122 0.8449872 0.2593005 0.8416589 0.2699226 0.8530095 0.271693 0.8496509 0.2699226 0.8530095 0.2593005 0.8416589 0.271693 0.8496509 0.2867563 0.8616894 0.2699226 0.8530095 0.2842879 0.8640971 0.2699226 0.8530095 0.2867563 0.8616894 0.2370647 0.8327667 0.2246924 0.8258875 0.2382584 0.8289933 0.2257242 0.8217196 0.2382584 0.8289933 0.2246924 0.8258875 0.005905807 0.9136571 0.007585108 0.9358119 0.002658426 0.9138089 0.004388332 0.9363886 0.002658426 0.9138089 0.007585108 0.9358119 0.004388332 0.9363886 0.007585108 0.9358119 0.009365618 0.9564291 0.01243084 0.9553871 0.009365618 0.9564291 0.007585108 0.9358119 0.005905807 0.9136571 0.002658426 0.9138089 0.006421744 0.9030147 0.003073215 0.9029641 0.006421744 0.9030147 0.002658426 0.9138089 0.01243084 0.9553871 0.02049362 0.9738696 0.009365618 0.9564291 0.01761043 0.9753568 0.009365618 0.9564291 0.02049362 0.9738696 0.01761043 0.9753568 0.02049362 0.9738696 0.02997261 0.9943351 0.03264337 0.9924737 0.02997261 0.9943351 0.02049362 0.9738696 0.03264337 0.9924737 0.03952246 1.000607 0.02997261 0.9943351 0.03691244 1.002691 0.02997261 0.9943351 0.03952246 1.000607 0.005905807 0.9136571 0.02240556 0.9132321 0.007585108 0.9358119 0.005905807 0.9136571 0.006421744 0.9030147 0.02240556 0.9132321 0.02374094 0.9329389 0.007585108 0.9358119 0.02240556 0.9132321 0.007585108 0.9358119 0.02374094 0.9329389 0.01243084 0.9553871 0.02240556 0.9132321 0.03459578 0.9134447 0.02374094 0.9329389 0.0354759 0.9309358 0.02374094 0.9329389 0.03459578 0.9134447 0.02374094 0.9329389 0.0354759 0.9309358 0.02793926 0.9501266 0.02793926 0.9501266 0.01243084 0.9553871 0.02374094 0.9329389 0.01243084 0.9553871 0.02793926 0.9501266 0.02049362 0.9738696 0.03914815 0.9463229 0.02793926 0.9501266 0.0354759 0.9309358 0.02240556 0.9132321 0.02319467 0.9037228 0.03459578 0.9134447 0.02319467 0.9037228 0.02240556 0.9132321 0.006421744 0.9030147 0.03551638 0.9050683 0.03459578 0.9134447 0.02319467 0.9037228 0.02049362 0.9738696 0.03506118 0.9663228 0.03264337 0.9924737 0.02793926 0.9501266 0.03914815 0.9463229 0.03506118 0.9663228 0.03506118 0.9663228 0.02049362 0.9738696 0.02793926 0.9501266 0.04599696 0.9827721 0.03264337 0.9924737 0.03506118 0.9663228 0.03264337 0.9924737 0.04599696 0.9827721 0.03952246 1.000607 0.03506118 0.9663228 0.04560238 0.960769 0.04599696 0.9827721 0.04560238 0.960769 0.03506118 0.9663228 0.03914815 0.9463229 0.05554682 0.9751849 0.04599696 0.9827721 0.04560238 0.960769 0.04599696 0.9827721 0.05554682 0.9751849 0.05241072 0.9898434 0.05241072 0.9898434 0.03952246 1.000607 0.04599696 0.9827721 0.06137382 0.9812749 0.05241072 0.9898434 0.05554682 0.9751849 0.03705406 0.9134346 0.03749918 0.9305008 0.03459578 0.9134447 0.0354759 0.9309358 0.03459578 0.9134447 0.03749918 0.9305008 0.03705406 0.9134346 0.03459578 0.9134447 0.03800499 0.9053313 0.03551638 0.9050683 0.03800499 0.9053313 0.03459578 0.9134447 0.0354759 0.9309358 0.03749918 0.9305008 0.03914815 0.9463229 0.040959 0.9457057 0.03914815 0.9463229 0.03749918 0.9305008 0.040959 0.9457057 0.04746383 0.9598889 0.03914815 0.9463229 0.04560238 0.960769 0.03914815 0.9463229 0.04746383 0.9598889 0.04560238 0.960769 0.04746383 0.9598889 0.05554682 0.9751849 0.05749922 0.9736977 0.05554682 0.9751849 0.04746383 0.9598889 0.05749922 0.9736977 0.06318461 0.9795551 0.05554682 0.9751849 0.06137382 0.9812749 0.05554682 0.9751849 0.06318461 0.9795551 0.2043989 0.6702574 0.2186934 0.67048 0.2043989 0.6741927 0.2186934 0.6742028 0.2043989 0.6741927 0.2186934 0.67048 0.2043989 0.6741927 0.2008178 0.6730799 0.2043989 0.6702574 0.2008178 0.6702068 0.2043989 0.6702574 0.2008178 0.6730799 0.2407875 0.8268384 0.2485164 0.8167929 0.2614148 0.8398886 0.2679398 0.8320181 0.2614148 0.8398886 0.2485164 0.8167929 0.2679398 0.8320181 0.27926 0.8419017 0.2614148 0.8398886 0.2734128 0.8481031 0.2614148 0.8398886 0.27926 0.8419017 0.2407875 0.8268384 0.2285063 0.8192006 0.2485164 0.8167929 0.2368927 0.8080625 0.2485164 0.8167929 0.2285063 0.8192006 0.2614148 0.8398886 0.2593005 0.8416589 0.2407875 0.8268384 0.2382584 0.8289933 0.2407875 0.8268384 0.2593005 0.8416589 0.2407875 0.8268384 0.2382584 0.8289933 0.2285063 0.8192006 0.2593005 0.8416589 0.2614148 0.8398886 0.271693 0.8496509 0.2734128 0.8481031 0.271693 0.8496509 0.2614148 0.8398886 0.271693 0.8496509 0.2734128 0.8481031 0.2867563 0.8616894 0.2881928 0.8602427 0.2867563 0.8616894 0.2734128 0.8481031 0.2734128 0.8481031 0.27926 0.8419017 0.2881928 0.8602427 0.2257242 0.8217196 0.2285063 0.8192006 0.2382584 0.8289933 0.2927148 0.8557712 0.2881928 0.8602427 0.27926 0.8419017 0.1480711 0.9449875 0.14798 0.9708752 0.1364372 0.9475672 0.1480711 0.9449875 0.1364372 0.9475672 0.1481519 0.9238948 0.1282126 0.9277087 0.1481519 0.9238948 0.1364372 0.9475672 0.1282126 0.9277087 0.1364372 0.9475672 0.1154357 0.9338999 0.1293861 0.951816 0.1154357 0.9338999 0.1364372 0.9475672 0.1364372 0.9475672 0.14798 0.9708752 0.1293861 0.951816 0.1481519 0.9238948 0.1282126 0.9277087 0.1482329 0.9030653 0.1300032 0.9048255 0.1482329 0.9030653 0.1282126 0.9277087 0.1300032 0.9048255 0.1282126 0.9277087 0.1141914 0.9092868 0.1141914 0.9092868 0.1282126 0.9277087 0.1043785 0.913829 0.1154357 0.9338999 0.1043785 0.913829 0.1282126 0.9277087 0.1300032 0.9048255 0.1289006 0.8816591 0.1482329 0.9030653 0.148324 0.880354 0.1482329 0.9030653 0.1289006 0.8816591 0.1289006 0.8816591 0.1279698 0.8620839 0.148324 0.880354 0.1483948 0.8607789 0.148324 0.880354 0.1279698 0.8620839 0.1300032 0.9048255 0.1141914 0.9092868 0.1105798 0.889833 0.1300032 0.9048255 0.1105798 0.889833 0.1289006 0.8816591 0.1073325 0.8918057 0.1105798 0.889833 0.1141914 0.9092868 0.1043785 0.913829 0.09751957 0.8955589 0.1141914 0.9092868 0.1073325 0.8918057 0.1141914 0.9092868 0.09751957 0.8955589 0.1101246 0.8846332 0.1289006 0.8816591 0.1105798 0.889833 0.1101246 0.8846332 0.1091838 0.8765908 0.1289006 0.8816591 0.1196137 0.8738896 0.1289006 0.8816591 0.1091838 0.8765908 0.1289006 0.8816591 0.1196137 0.8738896 0.1279698 0.8620839 0.11929 0.8638644 0.1279698 0.8620839 0.1196137 0.8738896 0.1483948 0.8607789 0.1688095 0.8622356 0.148324 0.880354 0.1677373 0.8818107 0.148324 0.880354 0.1688095 0.8622356 0.148324 0.880354 0.1677373 0.8818107 0.1482329 0.9030653 0.1664525 0.9049671 0.1482329 0.9030653 0.1677373 0.8818107 0.1664525 0.9049671 0.1680711 0.9278604 0.1482329 0.9030653 0.1481519 0.9238948 0.1482329 0.9030653 0.1680711 0.9278604 0.1680711 0.9278604 0.1596948 0.9476581 0.1481519 0.9238948 0.1480711 0.9449875 0.1481519 0.9238948 0.1596948 0.9476581 0.14798 0.9708752 0.1480711 0.9449875 0.1596948 0.9476581 0.1680711 0.9278604 0.1807975 0.9341528 0.1596948 0.9476581 0.1667054 0.9519576 0.1596948 0.9476581 0.1807975 0.9341528 0.14798 0.9708752 0.1596948 0.9476581 0.1667054 0.9519576 0.1680711 0.9278604 0.1664525 0.9049671 0.182234 0.9095499 0.1807975 0.9341528 0.1680711 0.9278604 0.1920064 0.9141629 0.182234 0.9095499 0.1920064 0.9141629 0.1680711 0.9278604 0.1664525 0.9049671 0.1859872 0.8901264 0.182234 0.9095499 0.1664525 0.9049671 0.1677373 0.8818107 0.1859872 0.8901264 0.1892244 0.8921193 0.182234 0.9095499 0.1859872 0.8901264 0.1892244 0.8921193 0.1990069 0.8959433 0.182234 0.9095499 0.1920064 0.9141629 0.182234 0.9095499 0.1990069 0.8959433 0.186493 0.8849266 0.1859872 0.8901264 0.1677373 0.8818107 0.186493 0.8849266 0.1677373 0.8818107 0.1874844 0.8768942 0.1770747 0.8741122 0.1874844 0.8768942 0.1677373 0.8818107 0.1677373 0.8818107 0.1688095 0.8622356 0.1770747 0.8741122 0.1774793 0.8640869 0.1770747 0.8741122 0.1688095 0.8622356 0.2973279 0.8525644 0.3037012 0.8548406 0.2792904 0.8847546 0.2845306 0.8893678 0.2792904 0.8847546 0.3037012 0.8548406 0.2973279 0.8525644 0.3044295 0.815407 0.3037012 0.8548406 0.3110558 0.8158016 0.3037012 0.8548406 0.3044295 0.815407 0.3110558 0.8158016 0.3044295 0.815407 0.3084458 0.7762061 0.3018398 0.7776628 0.3084458 0.7762061 0.3044295 0.815407 0.3018398 0.7776628 0.2878488 0.7435099 0.3084458 0.7762061 0.293605 0.7395849 0.3084458 0.7762061 0.2878488 0.7435099 0.3110558 0.8158016 0.3135646 0.8159633 0.3037012 0.8548406 0.3078287 0.8471825 0.3037012 0.8548406 0.3135646 0.8159633 0.3084458 0.7762061 0.3116021 0.7843195 0.3110558 0.8158016 0.3135646 0.8159633 0.3110558 0.8158016 0.3116021 0.7843195 0.3037012 0.8548406 0.3019814 0.8633282 0.2845306 0.8893678 0.2901047 0.8845624 0.2845306 0.8893678 0.3019814 0.8633282 0.293605 0.7395849 0.2985722 0.7450376 0.3084458 0.7762061 0.3077983 0.7675869 0.3084458 0.7762061 0.2985722 0.7450376 0.3090932 0.8611532 0.3019814 0.8633282 0.3037012 0.8548406 0.2901047 0.8845624 0.2910557 0.8928073 0.2845306 0.8893678 0.2845306 0.8893678 0.2910557 0.8928073 0.2951528 0.9011027 0.2968726 0.8992918 0.2951528 0.9011027 0.2910557 0.8928073 0.2951528 0.9011027 0.2968726 0.8992918 0.3166096 0.9240263 0.321769 0.9185331 0.3166096 0.9240263 0.2968726 0.8992918 0.3166096 0.9240263 0.321769 0.9185331 0.3399177 0.9321801 0.3399177 0.9321801 0.3298621 0.9381792 0.3166096 0.9240263 0.3315009 0.9429339 0.3298621 0.9381792 0.3399177 0.9321801 0.3399177 0.9321801 0.357672 0.9485686 0.3315009 0.9429339 0.3503072 0.9624079 0.3315009 0.9429339 0.357672 0.9485686 0.357672 0.9485686 0.3657246 0.9547396 0.3503072 0.9624079 0.3657246 0.9547396 0.357672 0.9485686 0.3843994 0.898604 0.3923104 0.9015984 0.3657246 0.9547396 0.3843994 0.898604 0.3935952 0.9051189 0.3657246 0.9547396 0.3923104 0.9015984 0.3538885 0.9661711 0.3503072 0.9624079 0.3657246 0.9547396 0.357672 0.9485686 0.3593209 0.9403238 0.3843994 0.898604 0.3527352 0.9418109 0.357672 0.9485686 0.3399177 0.9321801 0.3527352 0.9418109 0.3593209 0.9403238 0.357672 0.9485686 0.3843994 0.898604 0.3766503 0.8969955 0.3666856 0.8879109 0.3666856 0.8879109 0.3766503 0.8969955 0.3632258 0.8894587 0.3622344 0.8865148 0.3632258 0.8894587 0.3423254 0.8794335 0.3786634 0.9040769 0.38445 0.8985938 0.3593209 0.9403238 0.3786634 0.9040769 0.3766503 0.8969955 0.38445 0.8985938 0.3537873 0.7038235 0.32968 0.7091448 0.3445106 0.6966612 0.3467159 0.6921492 0.3537873 0.7038235 0.3445106 0.6966612 0.3537873 0.7038235 0.3467159 0.6921492 0.3728971 0.6899236 0.3676872 0.6750425 0.3728971 0.6899236 0.3467159 0.6921492 0.3728971 0.6899236 0.3676872 0.6750425 0.3820828 0.684481 0.3820828 0.684481 0.3939189 0.7424073 0.3728971 0.6899236 0.4020727 0.7404346 0.3939189 0.7424073 0.3820828 0.684481 0.4037722 0.7370963 0.4020727 0.7404346 0.3820828 0.684481 0.3716933 0.6717243 0.3820828 0.684481 0.3676872 0.6750425 0.3537873 0.7038235 0.3341514 0.7152247 0.32968 0.7091448 0.32968 0.7091448 0.3341514 0.7152247 0.3056132 0.7292965 0.3071002 0.7312996 0.3056132 0.7292965 0.3341514 0.7152247 0.3537873 0.7038235 0.3728971 0.6899236 0.3672117 0.6960542 0.3939189 0.7424073 0.3887393 0.7363679 0.3728971 0.6899236 0.3056132 0.7292965 0.3071002 0.7312996 0.293605 0.7395849 0.3005247 0.7369849 0.293605 0.7395849 0.3071002 0.7312996 0.3005247 0.7369849 0.2985722 0.7450376 0.293605 0.7395849 0.3735951 0.6982898 0.3729072 0.6899034 0.3887393 0.7363679 0.3735951 0.6982898 0.3672117 0.6960542 0.3729072 0.6899034 0.3749001 0.7509961 0.3717236 0.748983 0.3939189 0.7424073 0.3859168 0.7431256 0.3938784 0.7424681 0.3717236 0.748983 0.3859168 0.7431256 0.3887393 0.7363679 0.3938784 0.7424681 0.3703781 0.7518155 0.3497711 0.7564589 0.3717236 0.748983 0.343681 0.8764289 0.3480715 0.8639149 0.3608991 0.8828225 0.3656841 0.8696306 0.3608991 0.8828225 0.3480715 0.8639149 0.3480715 0.8639149 0.343681 0.8764289 0.3191387 0.8550631 0.31577 0.8644815 0.3191387 0.8550631 0.343681 0.8764289 0.31577 0.8644815 0.3090932 0.8611532 0.3191387 0.8550631 0.3118853 0.8533636 0.3191387 0.8550631 0.3090932 0.8611532 0.3656841 0.8696306 0.366888 0.8723925 0.3608991 0.8828225 0.36359 0.8814365 0.3608991 0.8828225 0.366888 0.8723925 0.3118853 0.8533636 0.3090932 0.8611532 0.3037012 0.8548406 0.3078287 0.8471825 0.3118853 0.8533636 0.3037012 0.8548406 0.3507524 0.7596152 0.3686078 0.7553158 0.3535748 0.7725338 0.3717337 0.7689628 0.3535748 0.7725338 0.3686078 0.7553158 0.3507524 0.7596152 0.3535748 0.7725338 0.3216375 0.7681736 0.3237821 0.7779259 0.3216375 0.7681736 0.3535748 0.7725338 0.3237821 0.7779259 0.3163871 0.7786846 0.3216375 0.7681736 0.3145863 0.7706421 0.3216375 0.7681736 0.3163871 0.7786846 0.3686078 0.7553158 0.3711065 0.7570254 0.3717337 0.7689628 0.3732511 0.7663628 0.3717337 0.7689628 0.3711065 0.7570254 0.3145863 0.7706421 0.3163871 0.7786846 0.3084458 0.7762061 0.3163871 0.7786846 0.3116021 0.7843195 0.3084458 0.7762061 0.3077983 0.7675869 0.3145863 0.7706421 0.3084458 0.7762061 0.08290141 0.7454119 0.09713518 0.7403335 0.1068772 0.7697013 0.1068772 0.7697013 0.09713518 0.7403335 0.108597 0.737076 0.1160831 0.7647139 0.1068772 0.7697013 0.108597 0.737076 0.1068772 0.7697013 0.1160831 0.7647139 0.1487691 0.7664337 0.1487792 0.7627918 0.1487691 0.7664337 0.1160831 0.7647139 0.09332126 0.7709557 0.08290141 0.7454119 0.1068772 0.7697013 0.1068772 0.7697013 0.0650258 0.7853108 0.09332126 0.7709557 0.1068772 0.7697013 0.1079192 0.7729992 0.0650258 0.7853108 0.1068772 0.7697013 0.1487691 0.7664337 0.1079192 0.7729992 0.06726151 0.7878905 0.0650258 0.7853108 0.1079192 0.7729992 0.06705921 0.7798479 0.09332126 0.7709557 0.0650258 0.7853108 0.0650258 0.7853108 0.04757511 0.7586846 0.06705921 0.7798479 0.04385226 0.7621544 0.04757511 0.7586846 0.0650258 0.7853108 0.04757511 0.7586846 0.04385226 0.7621544 0.02336663 0.7241574 0.02769643 0.7458671 0.02336663 0.7241574 0.04385226 0.7621544 0.04757511 0.7586846 0.02336663 0.7241574 0.05091351 0.7564285 0.05091351 0.7564285 0.06705921 0.7798479 0.04757511 0.7586846 0.02919369 0.7257963 0.05091351 0.7564285 0.02336663 0.7241574 0.02336663 0.7241574 0.07305818 0.7025995 0.02919369 0.7257963 0.02336663 0.7241574 0.07114624 0.6945266 0.07305818 0.7025995 0.0679292 0.6928675 0.07114624 0.6945266 0.02336663 0.7241574 0.01685172 0.7136061 0.0679292 0.6928675 0.02336663 0.7241574 0.07049876 0.7082646 0.02919369 0.7257963 0.07305818 0.7025995 0.07049876 0.7082646 0.07305818 0.7025995 0.08290141 0.7454119 0.01685172 0.7136061 0.02336663 0.7241574 0.01540505 0.7358215 0.02325534 0.7441068 0.02336663 0.7241574 0.02769643 0.7458671 0.01540505 0.7358215 0.02336663 0.7241574 0.02325534 0.7441068 0.01181375 0.7368332 0.01685172 0.7136061 0.01540505 0.7358215 0.002365052 0.7264032 0.01685172 0.7136061 0.01181375 0.7368332 0.08290141 0.7454119 0.07712501 0.7018103 0.09713518 0.7403335 0.09713518 0.7403335 0.07712501 0.7018103 0.09456562 0.6965701 0.108597 0.737076 0.09713518 0.7403335 0.09456562 0.6965701 0.1031544 0.6978649 0.108597 0.737076 0.09884482 0.6946176 0.09884482 0.6946176 0.1490827 0.6864638 0.1031544 0.6978649 0.09884482 0.6946176 0.09838956 0.6834998 0.1490827 0.6864638 0.09652817 0.6866156 0.09838956 0.6834998 0.09884482 0.6946176 0.1490827 0.6864638 0.09838956 0.6834998 0.1491333 0.6749514 0.1490726 0.6900956 0.1031544 0.6978649 0.1490827 0.6864638 0.199796 0.6839044 0.1490827 0.6864638 0.1491333 0.6749514 0.1992598 0.6950324 0.1490827 0.6864638 0.199796 0.6839044 0.2016372 0.6870304 0.1992598 0.6950324 0.199796 0.6839044 0.1992598 0.6950324 0.1949199 0.6982291 0.1490827 0.6864638 0.1490726 0.6900956 0.1490827 0.6864638 0.1949199 0.6982291 0.1891738 0.7373896 0.1949199 0.6982291 0.1992598 0.6950324 0.2006458 0.7406066 0.1891738 0.7373896 0.2035289 0.6970152 0.2006458 0.7406066 0.1906306 0.7700351 0.1891738 0.7373896 0.2006458 0.7406066 0.2147884 0.7459278 0.1906306 0.7700351 0.1906306 0.7700351 0.1814652 0.7649769 0.1891738 0.7373896 0.1906306 0.7700351 0.1487691 0.7664337 0.1814652 0.7649769 0.1487792 0.7627918 0.1814652 0.7649769 0.1487691 0.7664337 0.2147884 0.7459278 0.2041764 0.7714007 0.1906306 0.7700351 0.1906306 0.7700351 0.2041764 0.7714007 0.2323505 0.7859785 0.1906306 0.7700351 0.2323505 0.7859785 0.1895583 0.7733127 0.1906306 0.7700351 0.1895583 0.7733127 0.1487691 0.7664337 0.2300945 0.7885278 0.1895583 0.7733127 0.2323505 0.7859785 0.2303677 0.7804955 0.2323505 0.7859785 0.2041764 0.7714007 0.2323505 0.7859785 0.2303677 0.7804955 0.2500136 0.7594838 0.2500136 0.7594838 0.2537162 0.762984 0.2323505 0.7859785 0.2500136 0.7594838 0.2745155 0.7251589 0.2537162 0.762984 0.2700036 0.7468281 0.2537162 0.762984 0.2745155 0.7251589 0.2500136 0.7594838 0.2467056 0.7571974 0.2745155 0.7251589 0.2467056 0.7571974 0.2500136 0.7594838 0.2303677 0.7804955 0.2686682 0.7267573 0.2745155 0.7251589 0.2467056 0.7571974 0.2745155 0.7251589 0.2686682 0.7267573 0.2249959 0.7032165 0.2269686 0.6951538 0.2745155 0.7251589 0.2249959 0.7032165 0.2301957 0.6935149 0.2745155 0.7251589 0.2269686 0.6951538 0.2811113 0.7146581 0.2745155 0.7251589 0.2301957 0.6935149 0.2275047 0.7088918 0.2249959 0.7032165 0.2686682 0.7267573 0.2249959 0.7032165 0.2275047 0.7088918 0.2147884 0.7459278 0.2745155 0.7251589 0.2811113 0.7146581 0.2823759 0.736894 0.2745155 0.7251589 0.2744649 0.7451084 0.2700036 0.7468281 0.2745155 0.7251589 0.2823759 0.736894 0.2744649 0.7451084 0.2811113 0.7146581 0.285957 0.7379257 0.2823759 0.736894 0.2811113 0.7146581 0.2954968 0.7275667 0.285957 0.7379257 0.2147884 0.7459278 0.2006458 0.7406066 0.2209291 0.702387 0.2209291 0.702387 0.2006458 0.7406066 0.2035289 0.6970152 0.148759 0.7692156 0.1079192 0.7729992 0.1487691 0.7664337 0.148759 0.7692156 0.1487691 0.7664337 0.1895583 0.7733127 0.2920775 0.6518456 0.2922494 0.6332923 0.3478389 0.6523717 0.3480108 0.6338082 0.3478389 0.6523717 0.2922494 0.6332923 0.3480108 0.6338082 0.3650265 0.6357303 0.3478389 0.6523717 0.3649153 0.6525335 0.3478389 0.6523717 0.3650265 0.6357303 0.3686988 0.6340004 0.3650265 0.6357303 0.3480108 0.6338082 0.2579954 0.6332113 0.2579145 0.6516231 0.2502362 0.6332923 0.2502362 0.6515321 0.2502362 0.6332923 0.2579145 0.6516231 0.2807168 0.6517141 0.2808079 0.6332214 0.2884659 0.6518052 0.2886379 0.633272 0.2884659 0.6518052 0.2808079 0.6332214 0.2886379 0.633272 0.2922494 0.6332923 0.2884659 0.6518052 0.2920775 0.6518456 0.2884659 0.6518052 0.2922494 0.6332923 0.2502362 0.6515321 0.2465234 0.6513702 0.2502362 0.6332923 0.2465234 0.6334642 0.2502362 0.6332923 0.2465234 0.6513702 0.6016786 0.7544863 0.5627104 0.7477791 0.6016685 0.7092864 0.5638535 0.7140512 0.6016685 0.7092864 0.5627104 0.7477791 0.5638535 0.7140512 0.5627104 0.7477791 0.5353051 0.7173491 0.534506 0.74525 0.5353051 0.7173491 0.5627104 0.7477791 0.1160831 0.7647139 0.117641 0.7629941 0.1487792 0.7627918 0.1487994 0.7591802 0.1487792 0.7627918 0.117641 0.7629941 0.1487994 0.7591802 0.1799173 0.7632369 0.1487792 0.7627918 0.1814652 0.7649769 0.1487792 0.7627918 0.1799173 0.7632369 0.1047933 0.6990182 0.1117533 0.7365298 0.1031544 0.6978649 0.108597 0.737076 0.1031544 0.6978649 0.1117533 0.7365298 0.1117533 0.7365298 0.117641 0.7629941 0.108597 0.737076 0.1160831 0.7647139 0.108597 0.737076 0.117641 0.7629941 0.6016685 0.7092864 0.5638535 0.7140512 0.6007681 0.7054219 0.5634995 0.7100552 0.6007681 0.7054219 0.5638535 0.7140512 0.5638535 0.7140512 0.5353051 0.7173491 0.5634995 0.7100552 0.5355176 0.7133936 0.5634995 0.7100552 0.5353051 0.7173491 0.5353051 0.7173491 0.534506 0.74525 0.5312788 0.717167 0.5304797 0.7451286 0.5312788 0.717167 0.534506 0.74525 0.534506 0.74525 0.5627104 0.7477791 0.5347993 0.7491853 0.5623866 0.7517751 0.5347993 0.7491853 0.5627104 0.7477791 0.5627104 0.7477791 0.6016786 0.7544863 0.5623866 0.7517751 0.6007479 0.7583507 0.5623866 0.7517751 0.6016786 0.7544863 0.6016786 0.7544863 0.6016685 0.7092864 0.6057049 0.7545672 0.6056948 0.7093369 0.6057049 0.7545672 0.6016685 0.7092864 0.3254311 0.6693975 0.3253401 0.6725842 0.3220118 0.6693065 0.3219208 0.6724932 0.3220118 0.6693065 0.3253401 0.6725842 0.363853 0.6659782 0.363853 0.6693975 0.3254311 0.6659782 0.3254311 0.6693975 0.3254311 0.6659782 0.363853 0.6693975 0.363762 0.6627814 0.363853 0.6659782 0.3253401 0.6627814 0.3254311 0.6659782 0.3253401 0.6627814 0.363853 0.6659782 0.363762 0.6725842 0.363762 0.6760035 0.3253401 0.6725842 0.3253401 0.6760035 0.3253401 0.6725842 0.363762 0.6760035 0.363853 0.6693975 0.363762 0.6725842 0.3254311 0.6693975 0.3253401 0.6725842 0.3254311 0.6693975 0.363762 0.6725842 0.2976213 0.6890435 0.3004538 0.6889929 0.2976617 0.6924527 0.3004943 0.6924325 0.2976617 0.6924527 0.3004538 0.6889929 0.2596748 0.6917142 0.2598467 0.6883354 0.2976617 0.6924527 0.2976213 0.6890435 0.2976617 0.6924527 0.2598467 0.6883354 0.2601705 0.6815675 0.2597152 0.6783708 0.2977325 0.6822858 0.2981372 0.6791092 0.2977325 0.6822858 0.2597152 0.6783708 0.2603121 0.6852297 0.2601705 0.6815675 0.2974492 0.6859378 0.2977325 0.6822858 0.2974492 0.6859378 0.2601705 0.6815675 0.2598467 0.6883354 0.2603121 0.6852297 0.2976213 0.6890435 0.2974492 0.6859378 0.2976213 0.6890435 0.2603121 0.6852297 0.1943534 0.6512589 0.1943534 0.6335654 0.2465234 0.6513702 0.2465234 0.6334642 0.2465234 0.6513702 0.1943534 0.6335654 0.1943534 0.6512589 0.1421934 0.6512589 0.1943534 0.6335654 0.1421934 0.6335654 0.1943534 0.6335654 0.1421934 0.6512589 0.1484858 0.8378147 0.1236703 0.8401011 0.148759 0.7692156 0.1079192 0.7729992 0.148759 0.7692156 0.1236703 0.8401011 0.1079192 0.7729992 0.1236703 0.8401011 0.06726151 0.7878905 0.1073628 0.8457054 0.06726151 0.7878905 0.1236703 0.8401011 0.1484858 0.8378147 0.148759 0.7692156 0.173281 0.8402932 0.1895583 0.7733127 0.173281 0.8402932 0.148759 0.7692156 0.1895583 0.7733127 0.2300945 0.7885278 0.173281 0.8402932 0.1895481 0.8460292 0.173281 0.8402932 0.2300945 0.7885278 0.1489107 0.7318863 0.1487994 0.7591802 0.1117533 0.7365298 0.117641 0.7629941 0.1117533 0.7365298 0.1487994 0.7591802 0.1117533 0.7365298 0.1047933 0.6990182 0.1489107 0.7318863 0.1490625 0.6934846 0.1489107 0.7318863 0.1047933 0.6990182 0.1489107 0.7318863 0.1860175 0.7368231 0.1487994 0.7591802 0.1799173 0.7632369 0.1487994 0.7591802 0.1860175 0.7368231 0.1860175 0.7368231 0.1489107 0.7318863 0.1932811 0.6993724 0.1490625 0.6934846 0.1932811 0.6993724 0.1489107 0.7318863 0.1490625 0.6934846 0.1047933 0.6990182 0.1490726 0.6900956 0.1031544 0.6978649 0.1490726 0.6900956 0.1047933 0.6990182 0.1490625 0.6934846 0.1490726 0.6900956 0.1932811 0.6993724 0.1949199 0.6982291 0.1932811 0.6993724 0.1490726 0.6900956 0.1245708 0.8445218 0.1236703 0.8401011 0.1484656 0.84262 0.1484858 0.8378147 0.1484656 0.84262 0.1236703 0.8401011 0.1245708 0.8445218 0.1089005 0.8496609 0.1236703 0.8401011 0.1073628 0.8457054 0.1236703 0.8401011 0.1089005 0.8496609 0.1484858 0.8378147 0.173281 0.8402932 0.1484656 0.84262 0.1723402 0.8447141 0.1484656 0.84262 0.173281 0.8402932 0.1723402 0.8447141 0.173281 0.8402932 0.18797 0.8499644 0.1895481 0.8460292 0.18797 0.8499644 0.173281 0.8402932 0.6558416 0.9827923 0.6549918 0.9694489 0.6847542 0.9676278 0.6549918 0.9694489 0.6556898 0.9661205 0.6847542 0.9676278 0.6852297 0.9636622 0.6847542 0.9676278 0.6556898 0.9661205 0.6556898 0.9661205 0.6611021 0.9373192 0.6852297 0.9636622 0.6851689 0.9331513 0.6852297 0.9636622 0.6611021 0.9373192 0.6898022 0.9321801 0.6852297 0.9636622 0.6851689 0.9331513 0.6852297 0.9636622 0.6898022 0.9321801 0.6911173 0.9320183 0.6911173 0.9320183 0.6898022 0.9321801 0.6934947 0.9172686 0.6897921 0.9173799 0.6934947 0.9172686 0.6898022 0.9321801 0.6856343 0.9875167 0.6558416 0.9827923 0.6847542 0.9676278 0.6563879 0.9888824 0.6558416 0.9827923 0.6856343 0.9875167 0.6558416 0.9827923 0.6563879 0.9888824 0.6277586 0.9895298 0.6279407 0.9919881 0.6277586 0.9895298 0.6563879 0.9888824 0.4827608 0.6313499 0.5334033 0.6312386 0.48269 0.6556292 0.5335449 0.654921 0.48269 0.6556292 0.5334033 0.6312386 0.3406461 0.9928176 0.2985924 0.9928176 0.3406461 0.9793122 0.2985924 0.9793528 0.3406461 0.9793122 0.2985924 0.9928176 0.7676072 0.7565601 0.7263324 0.7565601 0.7676072 0.7249768 0.7264437 0.7249768 0.7676072 0.7249768 0.7263324 0.7565601 0.7520685 0.9647447 0.7417397 0.9720994 0.6892661 0.9680831 0.6984922 0.9737483 0.6892661 0.9680831 0.7417397 0.9720994 0.7520685 0.9647447 0.752898 0.9857362 0.7417397 0.9720994 0.7422758 0.9861408 0.7417397 0.9720994 0.752898 0.9857362 0.7520685 0.9647447 0.6892661 0.9680831 0.7518964 0.9610218 0.6984922 0.9737483 0.6988968 0.9877291 0.6892661 0.9680831 0.6899135 0.9877797 0.6892661 0.9680831 0.6988968 0.9877291 0.6895595 0.9641781 0.7518964 0.9610218 0.6892661 0.9680831 0.6895595 0.9641781 0.7040258 0.9361559 0.7518964 0.9610218 0.7452196 0.9360244 0.7518964 0.9610218 0.7040258 0.9361559 0.7518964 0.9610218 0.7452196 0.9360244 0.751765 0.8828426 0.7451488 0.9008802 0.751765 0.8828426 0.7452196 0.9360244 0.751765 0.8828426 0.7451488 0.9008802 0.7041573 0.8792412 0.703955 0.9009914 0.7041573 0.8792412 0.7451488 0.9008802 0.6952145 0.9348509 0.7040258 0.9361559 0.6895595 0.9641781 0.7040258 0.9361559 0.6952145 0.9348509 0.703955 0.9009914 0.7041573 0.8792412 0.703955 0.9009914 0.6952145 0.9348509 0.3411013 0.9655237 0.3406461 0.9793122 0.2923405 0.9650583 0.2985924 0.9793528 0.2923405 0.9650583 0.3406461 0.9793122 0.3406461 0.9928176 0.3406461 0.9793122 0.3542425 0.9928074 0.3542425 0.9769855 0.3542425 0.9928074 0.3406461 0.9793122 0.6223767 0.9676481 0.6221238 0.9720994 0.5961348 0.9691858 0.5972982 0.9736775 0.5961348 0.9691858 0.6221238 0.9720994 0.5972982 0.9736775 0.6221238 0.9720994 0.5979356 0.9752657 0.6221238 0.9720994 0.6223767 0.9676481 0.6505406 0.9696208 0.6512589 0.9657058 0.6505406 0.9696208 0.6223767 0.9676481 0.6221238 0.9720994 0.6505406 0.9696208 0.6232163 0.9860801 0.65136 0.9796866 0.6232163 0.9860801 0.6505406 0.9696208 0.6232163 0.9860801 0.6012942 0.9806578 0.6221238 0.9720994 0.6010514 0.9774812 0.6221238 0.9720994 0.6012942 0.9806578 0.6010514 0.9774812 0.5979356 0.9752657 0.6221238 0.9720994 0.6223767 0.9676481 0.6391799 0.9404047 0.6512589 0.9657058 0.6565194 0.9375823 0.6512589 0.9657058 0.6391799 0.9404047 0.5961348 0.9691858 0.5962057 0.9629137 0.6223767 0.9676481 0.5962057 0.9629137 0.6005658 0.9583208 0.6223767 0.9676481 0.6005658 0.9583208 0.6131101 0.9515328 0.6223767 0.9676481 0.6131101 0.9515328 0.6391799 0.9404047 0.6223767 0.9676481 0.6012942 0.9806578 0.6232163 0.9860801 0.6021439 0.9934145 0.6234086 0.9920488 0.6021439 0.9934145 0.6232163 0.9860801 0.767597 0.7164993 0.7676072 0.7249768 0.7227007 0.7164993 0.7264437 0.7249768 0.7227007 0.7164993 0.7676072 0.7249768 0.7760847 0.7633279 0.7676072 0.7565601 0.7760847 0.7249768 0.7676072 0.7249768 0.7760847 0.7249768 0.7676072 0.7565601 0.7226905 0.7674049 0.7263324 0.7565601 0.767597 0.7674049 0.7676072 0.7565601 0.767597 0.7674049 0.7263324 0.7565601 0.7171771 0.7249566 0.7264437 0.7249768 0.7170961 0.7633078 0.7263324 0.7565601 0.7170961 0.7633078 0.7264437 0.7249768 0.4076468 0.6314713 0.4384612 0.6314713 0.4076468 0.6443899 0.4384612 0.645098 0.4076468 0.6443899 0.4384612 0.6314713 0.4384612 0.6314713 0.4523914 0.6314713 0.4384612 0.645098 0.4523914 0.6458062 0.4384612 0.645098 0.4523914 0.6314713 0.4076468 0.6443899 0.3902163 0.641446 0.4076468 0.6314713 0.3893564 0.6440662 0.3902163 0.641446 0.4076468 0.6443899 0.3901961 0.6314713 0.4076468 0.6314713 0.3902163 0.641446 0.4062608 0.6444303 0.4467061 0.6451385 0.4058259 0.6538082 0.4475356 0.6546984 0.4058259 0.6538082 0.4467061 0.6451385 0.4467061 0.6451385 0.4713191 0.6458062 0.4475356 0.6546984 0.48269 0.6556292 0.4475356 0.6546984 0.4713191 0.6458062 0.48269 0.6556292 0.4713191 0.6458062 0.4827608 0.6313499 0.4713293 0.6314612 0.4827608 0.6313499 0.4713191 0.6458062 0.4058259 0.6538082 0.3817286 0.653616 0.4062608 0.6444303 0.3851581 0.643965 0.4062608 0.6444303 0.3817286 0.653616 0.4144956 0.6894886 0.4408689 0.6695088 0.4185724 0.7017699 0.4544754 0.6760541 0.4185724 0.7017699 0.4408689 0.6695088 0.4408689 0.6695088 0.4535548 0.6599893 0.4544754 0.6760541 0.4739696 0.6580571 0.4544754 0.6760541 0.4535548 0.6599893 0.4144956 0.6894886 0.4185724 0.7017699 0.3965289 0.7003941 0.4144956 0.6894886 0.3965289 0.7003941 0.3955072 0.6958012 0.3965795 0.7087097 0.3965289 0.7003941 0.4185724 0.7017699 0.1988046 0.6611628 0.1963362 0.6611628 0.1988046 0.6588563 0.1963362 0.6588563 0.1988046 0.6588563 0.1963362 0.6611628 0.1988754 0.6563879 0.2229524 0.6571466 0.1988046 0.6588563 0.2228816 0.659615 0.1988046 0.6588563 0.2229524 0.6571466 0.1988046 0.6588563 0.2228816 0.659615 0.1988046 0.6611628 0.2228816 0.6619114 0.1988046 0.6611628 0.2228816 0.659615 0.1988046 0.6611628 0.2228816 0.6619114 0.1987237 0.6636312 0.2228006 0.6643798 0.1987237 0.6636312 0.2228816 0.6619114 0.1987237 0.6636312 0.2228006 0.6643798 0.1985821 0.6659276 0.222659 0.6666762 0.1985821 0.6659276 0.2228006 0.6643798 0.7041573 0.8792412 0.7059075 0.856277 0.751765 0.8828426 0.7534341 0.8598279 0.751765 0.8828426 0.7059075 0.856277 0.283165 0.9770259 0.2985924 0.9793528 0.283165 0.9928176 0.2985924 0.9928176 0.283165 0.9928176 0.2985924 0.9793528 0.4523914 0.6458062 0.4523914 0.6314713 0.4713191 0.6458062 0.4713293 0.6314612 0.4713191 0.6458062 0.4523914 0.6314713 0.5367821 0.6317444 0.5410613 0.6324425 0.5335449 0.654921 0.5381479 0.6553459 0.5335449 0.654921 0.5410613 0.6324425 0.6232163 0.9860801 0.6277586 0.9895298 0.6234086 0.9920488 0.6279407 0.9919881 0.6234086 0.9920488 0.6277586 0.9895298 0.65136 0.9796866 0.6558416 0.9827923 0.6232163 0.9860801 0.6277586 0.9895298 0.6232163 0.9860801 0.6558416 0.9827923 0.6505406 0.9696208 0.6549918 0.9694489 0.65136 0.9796866 0.6558416 0.9827923 0.65136 0.9796866 0.6549918 0.9694489 0.6549918 0.9694489 0.6505406 0.9696208 0.6556898 0.9661205 0.6512589 0.9657058 0.6556898 0.9661205 0.6505406 0.9696208 0.6512589 0.9657058 0.6565194 0.9375823 0.6556898 0.9661205 0.6611021 0.9373192 0.6556898 0.9661205 0.6565194 0.9375823 0.6895595 0.9641781 0.6852297 0.9636622 0.6952145 0.9348509 0.6911173 0.9320183 0.6952145 0.9348509 0.6852297 0.9636622 0.6852297 0.9636622 0.6895595 0.9641781 0.6847542 0.9676278 0.6892661 0.9680831 0.6847542 0.9676278 0.6895595 0.9641781 0.6847542 0.9676278 0.6892661 0.9680831 0.6856343 0.9875167 0.6899135 0.9877797 0.6856343 0.9875167 0.6892661 0.9680831 0.6934947 0.9172686 0.6952145 0.9348509 0.6911173 0.9320183 0.6952145 0.9348509 0.6934947 0.9172686 0.7041573 0.8792412 0.6997871 0.8806575 0.7041573 0.8792412 0.6934947 0.9172686 0.7041573 0.8792412 0.7001411 0.8775619 0.7059075 0.856277 0.7018306 0.8559635 0.7059075 0.856277 0.7001411 0.8775619 0.5410613 0.6324425 0.5525435 0.6342229 0.5381479 0.6553459 0.5498626 0.6557506 0.5381479 0.6553459 0.5525435 0.6342229 0.5716229 0.6926449 0.5684261 0.6902069 0.5747489 0.6559428 0.571805 0.6564283 0.5747489 0.6559428 0.5684261 0.6902069 0.5747489 0.6559428 0.571805 0.6564283 0.5763877 0.6366205 0.5732719 0.6366407 0.5763877 0.6366205 0.571805 0.6564283 0.5498626 0.6557506 0.553029 0.6561552 0.5471312 0.6902474 0.5507731 0.6897921 0.5471312 0.6902474 0.553029 0.6561552 0.553029 0.6561552 0.5498626 0.6557506 0.5552951 0.6352851 0.5525435 0.6342229 0.5552951 0.6352851 0.5498626 0.6557506 0.5381479 0.6553459 0.536074 0.6901867 0.5335449 0.654921 0.5315824 0.6902474 0.5335449 0.654921 0.536074 0.6901867 0.536074 0.6901867 0.5381479 0.6553459 0.5471312 0.6902474 0.5498626 0.6557506 0.5471312 0.6902474 0.5381479 0.6553459 0.5315824 0.6902474 0.5090532 0.6893369 0.5335449 0.654921 0.5090532 0.6893369 0.480869 0.6778447 0.5335449 0.654921 0.48269 0.6556292 0.5335449 0.654921 0.480869 0.6778447 0.480869 0.6778447 0.4778442 0.6785731 0.48269 0.6556292 0.48269 0.6556292 0.4778442 0.6785731 0.4608791 0.6830748 0.4778442 0.6785731 0.4274243 0.725422 0.4608791 0.6830748 0.431056 0.7120481 0.4608791 0.6830748 0.4274243 0.725422 0.4091541 0.721952 0.431056 0.7120481 0.4274243 0.725422 0.4091541 0.721952 0.4274243 0.725422 0.4104895 0.732129 0.4282235 0.729782 0.4104895 0.732129 0.4274243 0.725422 0.5507731 0.6897921 0.553029 0.6561552 0.5643189 0.6901259 0.5670604 0.657096 0.5643189 0.6901259 0.553029 0.6561552 0.5670604 0.657096 0.571805 0.6564283 0.5643189 0.6901259 0.5684261 0.6902069 0.5643189 0.6901259 0.571805 0.6564283 0.553029 0.6561552 0.5552951 0.6352851 0.5670604 0.657096 0.5686689 0.6366913 0.5670604 0.657096 0.5552951 0.6352851 0.5686689 0.6366913 0.5732719 0.6366407 0.5670604 0.657096 0.571805 0.6564283 0.5670604 0.657096 0.5732719 0.6366407 0.5684261 0.6902069 0.5680316 0.6940208 0.5643189 0.6901259 0.5640963 0.6938892 0.5643189 0.6901259 0.5680316 0.6940208 0.0342822 0.6708138 0.03450477 0.6724021 0.03006368 0.6707228 0.0302053 0.6735958 0.03006368 0.6707228 0.03450477 0.6724021 0.2563161 0.9596764 0.2579752 0.9632172 0.2355574 0.9715429 0.2367309 0.9754782 0.2355574 0.9715429 0.2579752 0.9632172 0.2563161 0.9596764 0.2685873 0.9518363 0.2579752 0.9632172 0.2703374 0.9552454 0.2579752 0.9632172 0.2685873 0.9518363 0.2703374 0.9552454 0.2685873 0.9518363 0.2861392 0.9442388 0.2836809 0.9415883 0.2861392 0.9442388 0.2685873 0.9518363 0.2355574 0.9715429 0.2367309 0.9754782 0.2230232 0.978159 0.2240449 0.9824787 0.2230232 0.978159 0.2367309 0.9754782 0.0124005 0.6755584 0.01222854 0.6718356 0.02668482 0.6748705 0.02650272 0.6709453 0.02668482 0.6748705 0.01222854 0.6718356 0.02668482 0.6748705 0.02650272 0.6709453 0.0302053 0.6735958 0.03006368 0.6707228 0.0302053 0.6735958 0.02650272 0.6709453 0.2467257 0.9878809 0.2391891 0.9776835 0.2664123 0.9730098 0.260039 0.9650179 0.2664123 0.9730098 0.2391891 0.9776835 0.260039 0.9650179 0.2720976 0.956945 0.2664123 0.9730098 0.277864 0.9633588 0.2664123 0.9730098 0.2720976 0.956945 0.277864 0.9633588 0.2720976 0.956945 0.2917133 0.9499647 0.2874138 0.9455337 0.2917133 0.9499647 0.2720976 0.956945 0.2467257 0.9878809 0.23492 0.9963786 0.2391891 0.9776835 0.2267662 0.9850685 0.2391891 0.9776835 0.23492 0.9963786 0.260039 0.9650179 0.2391891 0.9776835 0.2579752 0.9632172 0.2367309 0.9754782 0.2579752 0.9632172 0.2391891 0.9776835 0.2391891 0.9776835 0.2267662 0.9850685 0.2367309 0.9754782 0.2874138 0.9455337 0.2720976 0.956945 0.2861392 0.9442388 0.2703374 0.9552454 0.2861392 0.9442388 0.2720976 0.956945 0.2579752 0.9632172 0.2703374 0.9552454 0.260039 0.9650179 0.2720976 0.956945 0.260039 0.9650179 0.2703374 0.9552454 0.2240449 0.9824787 0.2367309 0.9754782 0.2267662 0.9850685 0.03814667 0.6335654 0.09328085 0.6333327 0.03824782 0.6519164 0.093382 0.6515725 0.03824782 0.6519164 0.09328085 0.6333327 0.03814667 0.6335654 0.03824782 0.6519164 0.02131301 0.6353863 0.02136361 0.6520075 0.02131301 0.6353863 0.03824782 0.6519164 0.02131301 0.6353863 0.01769137 0.6336665 0.03814667 0.6335654 0.1384706 0.6512589 0.1300538 0.6512285 0.1384909 0.6335654 0.1300336 0.6335452 0.1384909 0.6335654 0.1300538 0.6512285 0.09682154 0.6334743 0.1052991 0.6335452 0.09691262 0.6513803 0.1052991 0.6512285 0.09691262 0.6513803 0.1052991 0.6335452 0.093382 0.6515725 0.09328085 0.6333327 0.09691262 0.6513803 0.09682154 0.6334743 0.09691262 0.6513803 0.09328085 0.6333327 0.1421934 0.6335654 0.1421934 0.6512589 0.1384909 0.6335654 0.1384706 0.6512589 0.1384909 0.6335654 0.1421934 0.6512589 0.4875053 0.7208595 0.4889216 0.7545672 0.4496499 0.7164083 0.4500141 0.7616082 0.4496499 0.7164083 0.4889216 0.7545672 0.4875053 0.7208595 0.5160841 0.7239146 0.4889216 0.7545672 0.517116 0.7518054 0.4889216 0.7545672 0.5160841 0.7239146 0.1891738 0.7373896 0.1860175 0.7368231 0.1949199 0.6982291 0.1860175 0.7368231 0.1891738 0.7373896 0.1799173 0.7632369 0.1814652 0.7649769 0.1799173 0.7632369 0.1891738 0.7373896 0.1932811 0.6993724 0.1949199 0.6982291 0.1860175 0.7368231 0.487819 0.7168534 0.4875053 0.7208595 0.4505199 0.7125337 0.4496499 0.7164083 0.4505199 0.7125337 0.4875053 0.7208595 0.4875053 0.7208595 0.487819 0.7168534 0.5160841 0.7239146 0.5158412 0.7199591 0.5160841 0.7239146 0.487819 0.7168534 0.5211422 0.7516536 0.517116 0.7518054 0.5201002 0.723692 0.5160841 0.7239146 0.5201002 0.723692 0.517116 0.7518054 0.4892858 0.7585631 0.4889216 0.7545672 0.5168529 0.7557508 0.517116 0.7518054 0.5168529 0.7557508 0.4889216 0.7545672 0.4889216 0.7545672 0.4892858 0.7585631 0.4500141 0.7616082 0.4509853 0.7654625 0.4500141 0.7616082 0.4892858 0.7585631 0.4456236 0.7164993 0.4496499 0.7164083 0.4459878 0.7617194 0.4500141 0.7616082 0.4459878 0.7617194 0.4496499 0.7164083 0.2838427 0.7059783 0.2872722 0.7058873 0.2839338 0.7091649 0.2873531 0.709074 0.2839338 0.7091649 0.2872722 0.7058873 0.2873531 0.709074 0.3257751 0.709074 0.2873531 0.7124932 0.3257751 0.7124932 0.2873531 0.7124932 0.3257751 0.709074 0.2873531 0.6992711 0.3257751 0.6992711 0.2872722 0.7024578 0.3256941 0.7024578 0.2872722 0.7024578 0.3257751 0.6992711 0.2872722 0.7024578 0.3256941 0.7024578 0.2872722 0.7058873 0.3256941 0.7058873 0.2872722 0.7058873 0.3256941 0.7024578 0.2872722 0.7058873 0.3256941 0.7058873 0.2873531 0.709074 0.3257751 0.709074 0.2873531 0.709074 0.3256941 0.7058873 0.3034483 0.6867774 0.3068676 0.6866864 0.3035292 0.6899641 0.3069485 0.689873 0.3035292 0.6899641 0.3068676 0.6866864 0.3069485 0.689873 0.3453705 0.689873 0.3069485 0.6933025 0.3453705 0.6933025 0.3069485 0.6933025 0.3453705 0.689873 0.3069485 0.6800804 0.3453705 0.6800804 0.3068676 0.6832671 0.3452895 0.6832671 0.3068676 0.6832671 0.3453705 0.6800804 0.3068676 0.6832671 0.3452895 0.6832671 0.3068676 0.6866864 0.3452895 0.6866864 0.3068676 0.6866864 0.3452895 0.6832671 0.3068676 0.6866864 0.3452895 0.6866864 0.3069485 0.689873 0.3453705 0.689873 0.3069485 0.689873 0.3452895 0.6866864 0.61571 0.87392 0.6095289 0.8442284 0.6293671 0.8442386 0.61571 0.87392 0.6095795 0.873748 0.6095289 0.8442284 0.61571 0.87392 0.6113498 0.9025089 0.6095795 0.873748 0.6089017 0.9024988 0.6095795 0.873748 0.6113498 0.9025089 0.6291344 0.8740414 0.61571 0.87392 0.6293671 0.8442386 0.6291344 0.8740414 0.6293671 0.8442386 0.6324627 0.8731714 0.633181 0.8435709 0.6324627 0.8731714 0.6293671 0.8442386 0.6324627 0.8731714 0.633181 0.8435709 0.6608796 0.8659685 0.663611 0.8420029 0.6608796 0.8659685 0.633181 0.8435709 0.6643394 0.8377034 0.663611 0.8420029 0.633181 0.8435709 0.6643394 0.8377034 0.633181 0.8435709 0.6644911 0.83654 0.6644911 0.83654 0.6792104 0.8346989 0.6643394 0.8377034 0.6790384 0.8383914 0.6643394 0.8377034 0.6792104 0.8346989 0.5335449 0.654921 0.5334033 0.6312386 0.48269 0.6556292 0.4827608 0.6313499 0.48269 0.6556292 0.5334033 0.6312386 0.4024672 0.9349824 0.4159321 0.9349824 0.4024369 0.9770361 0.4159321 0.9770361 0.4024369 0.9770361 0.4159321 0.9349824 0.3329476 0.5860893 0.3330588 0.6187247 0.2904285 0.5861095 0.2904285 0.6187044 0.2904285 0.5861095 0.3330588 0.6187247 0.6229432 0.8306827 0.6229938 0.7874048 0.6288714 0.8397065 0.6300044 0.7767726 0.6288714 0.8397065 0.6229938 0.7874048 0.6300044 0.7767726 0.6229938 0.7874048 0.6089725 0.7767726 0.6089725 0.7874048 0.6089725 0.7767726 0.6229938 0.7874048 0.6300044 0.7767726 0.6343747 0.7766715 0.6288714 0.8397065 0.6325638 0.8392007 0.6288714 0.8397065 0.6343747 0.7766715 0.6325638 0.8392007 0.6343747 0.7766715 0.6601917 0.8239856 0.6595442 0.7830953 0.6601917 0.8239856 0.6343747 0.7766715 0.6343747 0.7766715 0.7127259 0.7769446 0.6595442 0.7830953 0.6947593 0.7836518 0.6595442 0.7830953 0.7127259 0.7769446 0.7127259 0.7769446 0.7170961 0.8245117 0.6947593 0.7836518 0.6953055 0.8247343 0.6947593 0.7836518 0.7170961 0.8245117 0.6601917 0.8239856 0.6615574 0.8326756 0.6325638 0.8392007 0.7170961 0.8245117 0.6615574 0.8326756 0.6953055 0.8247343 0.6601917 0.8239856 0.6953055 0.8247343 0.6615574 0.8326756 0.6229432 0.8306827 0.6288714 0.8397065 0.6089523 0.8306827 0.6091344 0.8397065 0.6089523 0.8306827 0.6288714 0.8397065 0.4024672 0.9349824 0.4024369 0.9770361 0.3881728 0.9287406 0.3887596 0.9774812 0.3881728 0.9287406 0.4024369 0.9770361 0.4001 0.9905111 0.4024369 0.9770361 0.4159321 0.9905111 0.4159321 0.9770361 0.4159321 0.9905111 0.4024369 0.9770361 0.6292356 0.9318261 0.6292154 0.9069499 0.6337576 0.9326859 0.6335755 0.906434 0.6337576 0.9326859 0.6292154 0.9069499 0.6292154 0.9069499 0.6292356 0.9318261 0.6276069 0.9313 0.6292154 0.9069499 0.6291951 0.878442 0.6335755 0.906434 0.6331506 0.8775215 0.6335755 0.906434 0.6291951 0.878442 0.6292154 0.9069499 0.6151839 0.9068487 0.6291951 0.878442 0.6191192 0.8782802 0.6291951 0.878442 0.6151839 0.9068487 0.6151839 0.9068487 0.6292154 0.9069499 0.6220327 0.9283461 0.6252295 0.9283561 0.6220327 0.9283461 0.6292154 0.9069499 0.6276069 0.9313 0.6252295 0.9283561 0.6292154 0.9069499 0.6335755 0.906434 0.6331506 0.8775215 0.659443 0.8877187 0.6608998 0.8703085 0.659443 0.8877187 0.6331506 0.8775215 0.6399488 0.9322206 0.6337576 0.9326859 0.6335755 0.906434 0.6442786 0.9275873 0.6399488 0.9322206 0.6335755 0.906434 0.6502776 0.9145979 0.6442786 0.9275873 0.6335755 0.906434 0.659443 0.8877187 0.6502776 0.9145979 0.6335755 0.906434 0.6220327 0.9283461 0.6092254 0.9283561 0.6151839 0.9068487 0.6092052 0.907041 0.6151839 0.9068487 0.6092254 0.9283561 0.3329476 0.5860893 0.2904285 0.5861095 0.3368019 0.5773285 0.2904285 0.5773588 0.3368019 0.5773285 0.2904285 0.5861095 0.2904285 0.5861095 0.2904285 0.6187044 0.2816778 0.5860994 0.2816778 0.6257049 0.2816778 0.5860994 0.2904285 0.6187044 0.2904285 0.6187044 0.3330588 0.6187247 0.2904285 0.6299033 0.336812 0.6299437 0.2904285 0.6299033 0.3330588 0.6187247 0.3330588 0.6187247 0.3329476 0.5860893 0.3425986 0.6256949 0.3425177 0.5860792 0.3425986 0.6256949 0.3329476 0.5860893 0.4076468 0.6314713 0.4076468 0.6443899 0.4384612 0.6314713 0.4384612 0.645098 0.4384612 0.6314713 0.4076468 0.6443899 0.4384612 0.6314713 0.4384612 0.645098 0.4523914 0.6314713 0.4523914 0.6458062 0.4523914 0.6314713 0.4384612 0.645098 0.4076468 0.6443899 0.4076468 0.6314713 0.3902163 0.641446 0.3902163 0.641446 0.3893564 0.6440662 0.4076468 0.6443899 0.3901961 0.6314713 0.3902163 0.641446 0.4076468 0.6314713 0.4475356 0.6546984 0.4467061 0.6451385 0.4058259 0.6538082 0.4062608 0.6444303 0.4058259 0.6538082 0.4467061 0.6451385 0.4467061 0.6451385 0.4475356 0.6546984 0.4713191 0.6458062 0.48269 0.6556292 0.4713191 0.6458062 0.4475356 0.6546984 0.48269 0.6556292 0.4827608 0.6313499 0.4713191 0.6458062 0.4713293 0.6314612 0.4713191 0.6458062 0.4827608 0.6313499 0.4713293 0.6314612 0.4523914 0.6314713 0.4713191 0.6458062 0.4523914 0.6458062 0.4713191 0.6458062 0.4523914 0.6314713 0.4058259 0.6538082 0.4062608 0.6444303 0.3817286 0.653616 0.3851581 0.643965 0.3817286 0.653616 0.4062608 0.6444303 0.4544754 0.6760541 0.4408689 0.6695088 0.4185724 0.7017699 0.4144956 0.6894886 0.4185724 0.7017699 0.4408689 0.6695088 0.4408689 0.6695088 0.4544754 0.6760541 0.4535548 0.6599893 0.4739696 0.6580571 0.4535548 0.6599893 0.4544754 0.6760541 0.4144956 0.6894886 0.3965289 0.7003941 0.4185724 0.7017699 0.3965289 0.7003941 0.4144956 0.6894886 0.3955072 0.6958012 0.3965795 0.7087097 0.4185724 0.7017699 0.3965289 0.7003941 0.2290829 0.6829838 0.2291638 0.6806874 0.2315513 0.6830648 0.2316322 0.6807683 0.2315513 0.6830648 0.2291638 0.6806874 0.2556383 0.6831153 0.2556383 0.6855837 0.2315513 0.6830648 0.2315412 0.6855432 0.2315513 0.6830648 0.2556383 0.6855837 0.2557192 0.6808088 0.2556383 0.6831153 0.2316322 0.6807683 0.2315513 0.6830648 0.2316322 0.6807683 0.2556383 0.6831153 0.2557192 0.6783404 0.2557192 0.6808088 0.2316322 0.6782999 0.2316322 0.6807683 0.2316322 0.6782999 0.2557192 0.6808088 0.2556383 0.6855837 0.255699 0.6878801 0.2315412 0.6855432 0.231612 0.6878397 0.2315412 0.6855432 0.255699 0.6878801 0.7357205 0.7749112 0.74003 0.822367 0.7127259 0.7769446 0.7170961 0.8245117 0.7127259 0.7769446 0.74003 0.822367 0.4159321 0.9349824 0.4024672 0.9349824 0.4159321 0.919565 0.4001405 0.919565 0.4159321 0.919565 0.4024672 0.9349824 0.5381479 0.6553459 0.5410613 0.6324425 0.5335449 0.654921 0.5367821 0.6317444 0.5335449 0.654921 0.5410613 0.6324425 0.6089017 0.9024988 0.6113498 0.9025089 0.6092052 0.907041 0.6151839 0.9068487 0.6092052 0.907041 0.6113498 0.9025089 0.6113498 0.9025089 0.61571 0.87392 0.6151839 0.9068487 0.6191192 0.8782802 0.6151839 0.9068487 0.61571 0.87392 0.61571 0.87392 0.6291344 0.8740414 0.6191192 0.8782802 0.6291951 0.878442 0.6191192 0.8782802 0.6291344 0.8740414 0.6291344 0.8740414 0.6324627 0.8731714 0.6291951 0.878442 0.6331506 0.8775215 0.6291951 0.878442 0.6324627 0.8731714 0.6331506 0.8775215 0.6324627 0.8731714 0.6608998 0.8703085 0.6608796 0.8659685 0.6608998 0.8703085 0.6324627 0.8731714 0.6644911 0.83654 0.633181 0.8435709 0.6615574 0.8326756 0.6325638 0.8392007 0.6615574 0.8326756 0.633181 0.8435709 0.633181 0.8435709 0.6293671 0.8442386 0.6325638 0.8392007 0.6288714 0.8397065 0.6325638 0.8392007 0.6293671 0.8442386 0.6293671 0.8442386 0.6095289 0.8442284 0.6288714 0.8397065 0.6091344 0.8397065 0.6288714 0.8397065 0.6095289 0.8442284 0.6615574 0.8326756 0.6792104 0.8346989 0.6644911 0.83654 0.6615574 0.8326756 0.7170961 0.8245117 0.6792104 0.8346989 0.7157608 0.8286189 0.6792104 0.8346989 0.7170961 0.8245117 0.7404144 0.826444 0.7188463 0.8284976 0.74003 0.822367 0.7170961 0.8245117 0.74003 0.822367 0.7188463 0.8284976 0.5498626 0.6557506 0.5525435 0.6342229 0.5381479 0.6553459 0.5410613 0.6324425 0.5381479 0.6553459 0.5525435 0.6342229 0.571805 0.6564283 0.5684261 0.6902069 0.5747489 0.6559428 0.5716229 0.6926449 0.5747489 0.6559428 0.5684261 0.6902069 0.5747489 0.6559428 0.5763877 0.6366205 0.571805 0.6564283 0.5732719 0.6366407 0.571805 0.6564283 0.5763877 0.6366205 0.5507731 0.6897921 0.553029 0.6561552 0.5471312 0.6902474 0.5498626 0.6557506 0.5471312 0.6902474 0.553029 0.6561552 0.553029 0.6561552 0.5552951 0.6352851 0.5498626 0.6557506 0.5525435 0.6342229 0.5498626 0.6557506 0.5552951 0.6352851 0.5315824 0.6902474 0.536074 0.6901867 0.5335449 0.654921 0.5381479 0.6553459 0.5335449 0.654921 0.536074 0.6901867 0.536074 0.6901867 0.5471312 0.6902474 0.5381479 0.6553459 0.5498626 0.6557506 0.5381479 0.6553459 0.5471312 0.6902474 0.5090532 0.6893369 0.5315824 0.6902474 0.5335449 0.654921 0.5090532 0.6893369 0.5335449 0.654921 0.480869 0.6778447 0.48269 0.6556292 0.480869 0.6778447 0.5335449 0.654921 0.4778442 0.6785731 0.480869 0.6778447 0.48269 0.6556292 0.4778442 0.6785731 0.48269 0.6556292 0.4608791 0.6830748 0.4778442 0.6785731 0.4608791 0.6830748 0.4274243 0.725422 0.431056 0.7120481 0.4274243 0.725422 0.4608791 0.6830748 0.431056 0.7120481 0.4091541 0.721952 0.4274243 0.725422 0.4091541 0.721952 0.4104895 0.732129 0.4274243 0.725422 0.4282235 0.729782 0.4274243 0.725422 0.4104895 0.732129 0.5670604 0.657096 0.553029 0.6561552 0.5643189 0.6901259 0.5507731 0.6897921 0.5643189 0.6901259 0.553029 0.6561552 0.5670604 0.657096 0.5643189 0.6901259 0.571805 0.6564283 0.5684261 0.6902069 0.571805 0.6564283 0.5643189 0.6901259 0.5686689 0.6366913 0.5552951 0.6352851 0.5670604 0.657096 0.553029 0.6561552 0.5670604 0.657096 0.5552951 0.6352851 0.5686689 0.6366913 0.5670604 0.657096 0.5732719 0.6366407 0.571805 0.6564283 0.5732719 0.6366407 0.5670604 0.657096 0.5640963 0.6938892 0.5680316 0.6940208 0.5643189 0.6901259 0.5684261 0.6902069 0.5643189 0.6901259 0.5680316 0.6940208 0.3705906 0.8708345 0.3734434 0.8693778 0.3654615 0.8849266 0.3734434 0.8693778 0.3920069 0.8767931 0.3654615 0.8849266 0.3920069 0.8767931 0.3855223 0.8944158 0.3654615 0.8849266 0.3654615 0.8849266 0.3855223 0.8944158 0.3666856 0.8879109 0.3622344 0.8865148 0.3654615 0.8849266 0.3666856 0.8879109 0.3632258 0.8894587 0.3622344 0.8865148 0.3666856 0.8879109 0.3423254 0.8794335 0.343681 0.8764289 0.3622344 0.8865148 0.3608991 0.8828225 0.3622344 0.8865148 0.343681 0.8764289 0.31577 0.8644815 0.343681 0.8764289 0.3423254 0.8794335 0.3705906 0.8708345 0.3691338 0.867567 0.3734434 0.8693778 0.3691338 0.867567 0.3733928 0.8662215 0.3734434 0.8693778 0.3691338 0.867567 0.3656841 0.8696306 0.3489416 0.8607586 0.3480715 0.8639149 0.3489416 0.8607586 0.3656841 0.8696306 0.3489416 0.8607586 0.3480715 0.8639149 0.3191387 0.8550631 0.3733928 0.7537782 0.3749001 0.7509961 0.3767312 0.7683659 0.3749001 0.7509961 0.3945562 0.7467776 0.3767312 0.7683659 0.3945562 0.7467776 0.3987949 0.7650173 0.3767312 0.7683659 0.3767312 0.7683659 0.3987949 0.7650173 0.3792906 0.7701666 0.3733928 0.7537782 0.3703781 0.7518155 0.3749001 0.7509961 0.3703781 0.7518155 0.3717236 0.748983 0.3749001 0.7509961 0.3703781 0.7518155 0.3686078 0.7553158 0.3497711 0.7564589 0.3507524 0.7596152 0.3497711 0.7564589 0.3686078 0.7553158 0.3497711 0.7564589 0.3507524 0.7596152 0.3216375 0.7681736 0.07305818 0.7025995 0.07712501 0.7018103 0.08290141 0.7454119 0.108597 0.737076 0.09456562 0.6965701 0.09884482 0.6946176 0.1992598 0.6950324 0.2035289 0.6970152 0.1891738 0.7373896 0.2700036 0.7974302 0.2687289 0.7970559 0.2775605 0.7928373 0.2687289 0.7970559 0.2714907 0.7811024 0.2775605 0.7928373 0.2702261 0.780728 0.2714907 0.7811024 0.2687289 0.7970559 0.2626489 0.7853209 0.2702261 0.780728 0.2687289 0.7970559 0.262396 0.7866158 0.2626489 0.7853209 0.2687289 0.7970559 0.2714907 0.7811024 0.2778033 0.7915122 0.2775605 0.7928373 0.2147884 0.7459278 0.2209291 0.702387 0.2249959 0.7032165 0.3920069 0.8767931 0.3734434 0.8693778 0.3937975 0.8728983 0.2905701 0.8132724 0.290388 0.8145774 0.2837517 0.8031763 0.290388 0.8145774 0.2817689 0.8192208 0.2837517 0.8031763 0.2830436 0.8195345 0.2817689 0.8192208 0.290388 0.8145774 0.2837517 0.8031763 0.2817689 0.8192208 0.2824467 0.8028424 0.2824467 0.8028424 0.2817689 0.8192208 0.2751225 0.8077894 0.2817689 0.8192208 0.2749404 0.8090944 0.2751225 0.8077894 0.3855223 0.8944158 0.3843994 0.898604 0.3666856 0.8879109 0.3945562 0.7467776 0.3749001 0.7509961 0.3939189 0.7424073 0.3987949 0.7650173 0.4001101 0.769074 0.3792906 0.7701666 0.2579954 0.6332113 0.2602716 0.6343443 0.2579145 0.6516231 0.2601907 0.6505103 0.2579145 0.6516231 0.2602716 0.6343443 0.2602716 0.6343443 0.2579954 0.6332113 0.2617992 0.6328269 0.2609393 0.6302371 0.2617992 0.6328269 0.2579954 0.6332113 0.2617992 0.6328269 0.2609393 0.6302371 0.2770445 0.6328572 0.2779348 0.6302776 0.2770445 0.6328572 0.2609393 0.6302371 0.2770445 0.6328572 0.2779348 0.6302776 0.2785215 0.6343747 0.2808079 0.6332214 0.2785215 0.6343747 0.2779348 0.6302776 0.2785215 0.6343747 0.2808079 0.6332214 0.2784406 0.6505507 0.2807168 0.6517141 0.2784406 0.6505507 0.2808079 0.6332214 0.2784406 0.6505507 0.2807168 0.6517141 0.2769636 0.6520581 0.2778336 0.6546479 0.2769636 0.6520581 0.2807168 0.6517141 0.2778336 0.6546479 0.2607774 0.6546074 0.2769636 0.6520581 0.2579145 0.6516231 0.2601907 0.6505103 0.2607774 0.6546074 0.2616677 0.6520277 0.2769636 0.6520581 0.2607774 0.6546074 0.2616677 0.6520277 0.2607774 0.6546074 0.2601907 0.6505103 0.1300538 0.6512285 0.1275753 0.650136 0.1300336 0.6335452 0.1275753 0.6346478 0.1300336 0.6335452 0.1275753 0.650136 0.1275753 0.650136 0.1300538 0.6512285 0.1259668 0.6516029 0.1269177 0.6540713 0.1259668 0.6516029 0.1300538 0.6512285 0.1269177 0.6540713 0.108425 0.6540713 0.1259668 0.6516029 0.109376 0.6515927 0.1259668 0.6516029 0.108425 0.6540713 0.109376 0.6515927 0.108425 0.6540713 0.1077776 0.650136 0.1052991 0.6512285 0.1077776 0.650136 0.108425 0.6540713 0.1077776 0.650136 0.1052991 0.6512285 0.1077776 0.6346377 0.1052991 0.6335452 0.1077776 0.6346377 0.1052991 0.6512285 0.1077776 0.6346377 0.1052991 0.6335452 0.109376 0.633181 0.108425 0.6307126 0.109376 0.633181 0.1052991 0.6335452 0.109376 0.633181 0.108425 0.6307126 0.1259162 0.633181 0.126857 0.6307126 0.1259162 0.633181 0.108425 0.6307126 0.1300336 0.6335452 0.1275753 0.6346478 0.126857 0.6307126 0.1259162 0.633181 0.126857 0.6307126 0.1275753 0.6346478 0.2547178 0.8180169 0.2607471 0.8152856 0.2665235 0.8251895 0.2682939 0.8198885 0.2665235 0.8251895 0.2607471 0.8152856 0.2665235 0.8251895 0.2682939 0.8198885 0.2684052 0.8256448 0.2695787 0.820192 0.2684052 0.8256448 0.2682939 0.8198885 0.2684052 0.8256448 0.2695787 0.820192 0.2832054 0.8252906 0.2817891 0.8198987 0.2832054 0.8252906 0.2695787 0.820192 0.2832054 0.8252906 0.2817891 0.8198987 0.2850567 0.8247444 0.2830436 0.8195345 0.2850567 0.8247444 0.2817891 0.8198987 0.2850567 0.8247444 0.2830436 0.8195345 0.2965286 0.8170256 0.290388 0.8145774 0.2965286 0.8170256 0.2830436 0.8195345 0.2989667 0.8006877 0.2922494 0.8013352 0.2982687 0.7988465 0.291774 0.8000807 0.2982687 0.7988465 0.2922494 0.8013352 0.2922494 0.8013352 0.2989667 0.8006877 0.2910861 0.8134646 0.2975605 0.8153867 0.2910861 0.8134646 0.2989667 0.8006877 0.2910861 0.8134646 0.2975605 0.8153867 0.290388 0.8145774 0.2965286 0.8170256 0.290388 0.8145774 0.2975605 0.8153867 0.2717537 0.8027312 0.2700036 0.7974302 0.2835797 0.7955789 0.2775605 0.7928373 0.2835797 0.7955789 0.2700036 0.7974302 0.2700036 0.7974302 0.2717537 0.8027312 0.2687188 0.7977337 0.2698721 0.8031865 0.2687188 0.7977337 0.2717537 0.8027312 0.2687188 0.7977337 0.2698721 0.8031865 0.2565084 0.79741 0.2550718 0.8027818 0.2565084 0.79741 0.2698721 0.8031865 0.2565084 0.79741 0.2550718 0.8027818 0.2552539 0.7970255 0.2532205 0.8022354 0.2552539 0.7970255 0.2550718 0.8027818 0.2552539 0.7970255 0.2532205 0.8022354 0.2479297 0.7920381 0.2417789 0.7944559 0.2479297 0.7920381 0.2532205 0.8022354 0.286817 0.7793421 0.2800795 0.779676 0.28621 0.7775009 0.2796546 0.7784216 0.28621 0.7775009 0.2800795 0.779676 0.2800795 0.779676 0.286817 0.7793421 0.2783293 0.7917246 0.2847027 0.7939501 0.2783293 0.7917246 0.286817 0.7793421 0.2783293 0.7917246 0.2847027 0.7939501 0.2775605 0.7928373 0.2835797 0.7955789 0.2775605 0.7928373 0.2847027 0.7939501 0.3756892 0.8593323 0.3726543 0.8614162 0.3831955 0.820101 0.3802921 0.8199289 0.3831955 0.820101 0.3726543 0.8614162 0.3831955 0.820101 0.3802921 0.8199289 0.3804237 0.7803841 0.377672 0.7779461 0.3804237 0.7803841 0.3802921 0.8199289 0.3802921 0.8199289 0.3726543 0.8614162 0.3572875 0.8184722 0.3802921 0.8199289 0.3572875 0.8184722 0.377672 0.7779461 0.3498217 0.8565199 0.3572875 0.8184722 0.3726543 0.8614162 0.3572875 0.8184722 0.3498217 0.8565199 0.3257346 0.8167018 0.3198772 0.8505613 0.3257346 0.8167018 0.3498217 0.8565199 0.3544549 0.7801009 0.377672 0.7779461 0.3572875 0.8184722 0.3572875 0.8184722 0.3257346 0.8167018 0.3544549 0.7801009 0.3239844 0.7824984 0.3544549 0.7801009 0.3257346 0.8167018 0.3257346 0.8167018 0.3198772 0.8505613 0.317682 0.8162163 0.3257346 0.8167018 0.317682 0.8162163 0.3239844 0.7824984 0.3198772 0.8505613 0.3120472 0.8460495 0.317682 0.8162163 0.3142424 0.8493474 0.3120472 0.8460495 0.3198772 0.8505613 0.3239844 0.7824984 0.317682 0.8162163 0.3181777 0.7830346 0.3181777 0.7830346 0.317682 0.8162163 0.3156283 0.7859785 0.373069 0.9 0.3741515 0.9036824 0.3611317 0.8936166 0.3611317 0.8936166 0.3741515 0.9036824 0.3427706 0.9287608 0.3741515 0.9036824 0.3539188 0.9372788 0.3427706 0.9287608 0.3566198 0.9366515 0.3539188 0.9372788 0.3741515 0.9036824 0.3427706 0.9287608 0.3246117 0.9148812 0.3611317 0.8936166 0.3403022 0.8832776 0.3611317 0.8936166 0.3246117 0.9148812 0.3246117 0.9148812 0.2997355 0.8957815 0.3403022 0.8832776 0.313423 0.868356 0.3403022 0.8832776 0.2997355 0.8957815 0.2997355 0.8957815 0.2942424 0.8852504 0.313423 0.868356 0.2949101 0.8906525 0.2942424 0.8852504 0.2997355 0.8957815 0.313423 0.868356 0.2942424 0.8852504 0.3083142 0.8656752 0.3083142 0.8656752 0.2942424 0.8852504 0.3045509 0.8667981 0.4113292 0.7693877 0.4151936 0.8220838 0.4083043 0.767162 0.4083043 0.767162 0.4151936 0.8220838 0.4001101 0.769074 0.4151936 0.8220838 0.4037318 0.8213757 0.4001101 0.769074 0.4151936 0.8220838 0.3937975 0.8728983 0.4037318 0.8213757 0.4017793 0.8757915 0.3937975 0.8728983 0.4151936 0.8220838 0.4050469 0.8739504 0.4017793 0.8757915 0.4151936 0.8220838 0.4037318 0.8213757 0.3874848 0.8203641 0.4001101 0.769074 0.3844904 0.7781686 0.4001101 0.769074 0.3874848 0.8203641 0.3937975 0.8728983 0.3794525 0.8620333 0.4037318 0.8213757 0.3794525 0.8620333 0.3874848 0.8203641 0.4037318 0.8213757 0.3844904 0.7781686 0.378977 0.7732723 0.4001101 0.769074 0.3792906 0.7701666 0.4001101 0.769074 0.378977 0.7732723 0.3734434 0.8693778 0.3733928 0.8662215 0.3937975 0.8728983 0.3733928 0.8662215 0.3794525 0.8620333 0.3938076 0.8729286 0.3691338 0.867567 0.3489416 0.8607586 0.3733928 0.8662215 0.3749001 0.7714311 0.378977 0.7732723 0.3540705 0.7757812 0.3702061 0.744643 0.3562152 0.7074957 0.382801 0.7397366 0.3562152 0.7074957 0.3705804 0.7015777 0.382801 0.7397366 0.3678895 0.7006268 0.3705804 0.7015777 0.3562152 0.7074957 0.382801 0.7397366 0.3705804 0.7015777 0.3843083 0.7362364 0.3562152 0.7074957 0.3702061 0.744643 0.3365288 0.7190992 0.3482941 0.7524529 0.3365288 0.7190992 0.3702061 0.744643 0.3365288 0.7190992 0.3482941 0.7524529 0.3095181 0.7350528 0.3198671 0.7640867 0.3095181 0.7350528 0.3482941 0.7524529 0.3095181 0.7350528 0.3198671 0.7640867 0.3040957 0.7395443 0.3198671 0.7640867 0.3107826 0.7644914 0.3040957 0.7395443 0.3144447 0.7660999 0.3107826 0.7644914 0.3198671 0.7640867 0.3040957 0.7395443 0.3107826 0.7644914 0.3027604 0.7448352 0.3844904 0.7781686 0.3804237 0.7803841 0.378977 0.7732723 0.377672 0.7779461 0.378977 0.7732723 0.3804237 0.7803841 0.3874848 0.8203641 0.3831955 0.820101 0.3844904 0.7781686 0.3804237 0.7803841 0.3844904 0.7781686 0.3831955 0.820101 0.3831955 0.820101 0.3874848 0.8203641 0.3756892 0.8593323 0.3794525 0.8620333 0.3756892 0.8593323 0.3874848 0.8203641 0.3733928 0.8662215 0.3726543 0.8614162 0.3794525 0.8620333 0.3756892 0.8593323 0.3794525 0.8620333 0.3726543 0.8614162 0.3489416 0.8607586 0.3498217 0.8565199 0.3733928 0.8662215 0.3726543 0.8614162 0.3733928 0.8662215 0.3498217 0.8565199 0.3498217 0.8565199 0.3489416 0.8607586 0.3198772 0.8505613 0.3191387 0.8550631 0.3198772 0.8505613 0.3489416 0.8607586 0.3198772 0.8505613 0.3191387 0.8550631 0.3142424 0.8493474 0.3118853 0.8533636 0.3142424 0.8493474 0.3191387 0.8550631 0.3078287 0.8471825 0.3120472 0.8460495 0.3118853 0.8533636 0.3142424 0.8493474 0.3118853 0.8533636 0.3120472 0.8460495 0.3135646 0.8159633 0.317682 0.8162163 0.3078287 0.8471825 0.3120472 0.8460495 0.3078287 0.8471825 0.317682 0.8162163 0.317682 0.8162163 0.3135646 0.8159633 0.3156283 0.7859785 0.3116021 0.7843195 0.3156283 0.7859785 0.3135646 0.8159633 0.3163871 0.7786846 0.3181777 0.7830346 0.3116021 0.7843195 0.3156283 0.7859785 0.3116021 0.7843195 0.3181777 0.7830346 0.3237821 0.7779259 0.3239844 0.7824984 0.3163871 0.7786846 0.3181777 0.7830346 0.3163871 0.7786846 0.3239844 0.7824984 0.3239844 0.7824984 0.3237821 0.7779259 0.3544549 0.7801009 0.3540705 0.7757812 0.3544549 0.7801009 0.3237821 0.7779259 0.3544549 0.7801009 0.3540705 0.7757812 0.377672 0.7779461 0.378977 0.7732723 0.377672 0.7779461 0.3540705 0.7757812 0.2968726 0.8992918 0.2997355 0.8957815 0.321769 0.9185331 0.3246117 0.9148812 0.321769 0.9185331 0.2997355 0.8957815 0.2997355 0.8957815 0.2968726 0.8992918 0.2949101 0.8906525 0.2910557 0.8928073 0.2949101 0.8906525 0.2968726 0.8992918 0.321769 0.9185331 0.3246117 0.9148812 0.3399177 0.9321801 0.3427706 0.9287608 0.3399177 0.9321801 0.3246117 0.9148812 0.3399177 0.9321801 0.3427706 0.9287608 0.3527352 0.9418109 0.3539188 0.9372788 0.3527352 0.9418109 0.3427706 0.9287608 0.2901047 0.8845624 0.2942424 0.8852504 0.2910557 0.8928073 0.2949101 0.8906525 0.2910557 0.8928073 0.2942424 0.8852504 0.3019814 0.8633282 0.3045509 0.8667981 0.2901047 0.8845624 0.2942424 0.8852504 0.2901047 0.8845624 0.3045509 0.8667981 0.3090932 0.8611532 0.3083142 0.8656752 0.3019814 0.8633282 0.3045509 0.8667981 0.3019814 0.8633282 0.3083142 0.8656752 0.31577 0.8644815 0.313423 0.868356 0.3090932 0.8611532 0.3083142 0.8656752 0.3090932 0.8611532 0.313423 0.868356 0.313423 0.868356 0.31577 0.8644815 0.3403022 0.8832776 0.3423254 0.8794335 0.3403022 0.8832776 0.31577 0.8644815 0.3403022 0.8832776 0.3423254 0.8794335 0.3611317 0.8936166 0.3632258 0.8894587 0.3611317 0.8936166 0.3423254 0.8794335 0.3611317 0.8936166 0.3632258 0.8894587 0.373069 0.9 0.3766503 0.8969955 0.373069 0.9 0.3632258 0.8894587 0.3786634 0.9040769 0.3741515 0.9036824 0.3766503 0.8969955 0.373069 0.9 0.3766503 0.8969955 0.3741515 0.9036824 0.3593209 0.9403238 0.3566198 0.9366515 0.3786634 0.9040769 0.3741515 0.9036824 0.3786634 0.9040769 0.3566198 0.9366515 0.3527352 0.9418109 0.3539188 0.9372788 0.3593209 0.9403238 0.3566198 0.9366515 0.3593209 0.9403238 0.3539188 0.9372788 0.3341514 0.7152247 0.3365288 0.7190992 0.3071002 0.7312996 0.3095181 0.7350528 0.3071002 0.7312996 0.3365288 0.7190992 0.3365288 0.7190992 0.3341514 0.7152247 0.3562152 0.7074957 0.3537873 0.7038235 0.3562152 0.7074957 0.3341514 0.7152247 0.3562152 0.7074957 0.3537873 0.7038235 0.3678895 0.7006268 0.3672117 0.6960542 0.3678895 0.7006268 0.3537873 0.7038235 0.3071002 0.7312996 0.3095181 0.7350528 0.3005247 0.7369849 0.3040957 0.7395443 0.3005247 0.7369849 0.3095181 0.7350528 0.3735951 0.6982898 0.3705804 0.7015777 0.3672117 0.6960542 0.3678895 0.7006268 0.3672117 0.6960542 0.3705804 0.7015777 0.3887393 0.7363679 0.3843083 0.7362364 0.3735951 0.6982898 0.3705804 0.7015777 0.3735951 0.6982898 0.3843083 0.7362364 0.3859168 0.7431256 0.382801 0.7397366 0.3887393 0.7363679 0.3843083 0.7362364 0.3887393 0.7363679 0.382801 0.7397366 0.3717236 0.748983 0.3702061 0.744643 0.3859168 0.7431256 0.382801 0.7397366 0.3859168 0.7431256 0.3702061 0.744643 0.3702061 0.744643 0.3717236 0.748983 0.3482941 0.7524529 0.3497711 0.7564589 0.3482941 0.7524529 0.3717236 0.748983 0.3482941 0.7524529 0.3497711 0.7564589 0.3198671 0.7640867 0.3216375 0.7681736 0.3198671 0.7640867 0.3497711 0.7564589 0.3198671 0.7640867 0.3216375 0.7681736 0.3144447 0.7660999 0.3145863 0.7706421 0.3144447 0.7660999 0.3216375 0.7681736 0.3077983 0.7675869 0.3107826 0.7644914 0.3145863 0.7706421 0.3144447 0.7660999 0.3145863 0.7706421 0.3107826 0.7644914 0.2985722 0.7450376 0.3027604 0.7448352 0.3077983 0.7675869 0.3107826 0.7644914 0.3077983 0.7675869 0.3027604 0.7448352 0.3005247 0.7369849 0.3040957 0.7395443 0.2985722 0.7450376 0.3027604 0.7448352 0.2985722 0.7450376 0.3040957 0.7395443 0.36359 0.8814365 0.366888 0.8723925 0.3654615 0.8849266 0.3705906 0.8708345 0.3654615 0.8849266 0.366888 0.8723925 0.3540705 0.7757812 0.3535748 0.7725338 0.3749001 0.7714311 0.3717337 0.7689628 0.3749001 0.7714311 0.3535748 0.7725338 0.3237821 0.7779259 0.3535748 0.7725338 0.3540705 0.7757812 0.3749001 0.7714311 0.3792906 0.7701666 0.378977 0.7732723 0.3767312 0.7683659 0.3792906 0.7701666 0.3749001 0.7714311 0.3732511 0.7663628 0.3711065 0.7570254 0.3767312 0.7683659 0.3733928 0.7537782 0.3767312 0.7683659 0.3711065 0.7570254 0.3622344 0.8865148 0.3608991 0.8828225 0.3654615 0.8849266 0.36359 0.8814365 0.3654615 0.8849266 0.3608991 0.8828225 0.3705906 0.8708345 0.366888 0.8723925 0.3691338 0.867567 0.3656841 0.8696306 0.3691338 0.867567 0.366888 0.8723925 0.3749001 0.7714311 0.3717337 0.7689628 0.3767312 0.7683659 0.3732511 0.7663628 0.3767312 0.7683659 0.3717337 0.7689628 0.3733928 0.7537782 0.3711065 0.7570254 0.3703781 0.7518155 0.3686078 0.7553158 0.3703781 0.7518155 0.3711065 0.7570254 0.1156279 0.6724021 0.1539891 0.6722503 0.1154357 0.6604041 0.1539385 0.6602523 0.1154357 0.6604041 0.1539891 0.6722503 0.1156279 0.6724021 0.1154357 0.6604041 0.07714521 0.6724021 0.07693278 0.6604041 0.07714521 0.6724021 0.1154357 0.6604041 0.1539891 0.6722503 0.1911061 0.6669999 0.1539385 0.6602523 0.1539891 0.6722503 0.1966195 0.6720885 0.1911061 0.6669999 0.1947581 0.67048 0.1911061 0.6669999 0.1966195 0.6720885 0.1966195 0.6720885 0.1966195 0.6704901 0.1947581 0.67048 0.1913489 0.6601107 0.1539385 0.6602523 0.1911061 0.6669999 0.07714521 0.6724021 0.07693278 0.6604041 0.0397855 0.6672933 0.07714521 0.6724021 0.0397855 0.6672933 0.03450477 0.6724021 0.0361436 0.6707936 0.03450477 0.6724021 0.0397855 0.6672933 0.0342822 0.6708138 0.03450477 0.6724021 0.0361436 0.6707936 0.03951233 0.6604041 0.0397855 0.6672933 0.07693278 0.6604041 0.1089005 0.8496609 0.11929 0.8638644 0.1245708 0.8445218 0.1279698 0.8620839 0.1245708 0.8445218 0.11929 0.8638644 0.1279698 0.8620839 0.1483948 0.8607789 0.1245708 0.8445218 0.1484656 0.84262 0.1245708 0.8445218 0.1483948 0.8607789 0.1484656 0.84262 0.1483948 0.8607789 0.1723402 0.8447141 0.1688095 0.8622356 0.1723402 0.8447141 0.1483948 0.8607789 0.1688095 0.8622356 0.1774793 0.8640869 0.1723402 0.8447141 0.18797 0.8499644 0.1723402 0.8447141 0.1774793 0.8640869 0.2841058 0.6593216 0.2836202 0.6719368 0.3020927 0.6602119 0.3013238 0.6728169 0.3020927 0.6602119 0.2836202 0.6719368 0.2841058 0.6593216 0.2678387 0.6588967 0.2836202 0.6719368 0.2676566 0.671522 0.2836202 0.6719368 0.2678387 0.6588967 0.2836202 0.6719368 0.2835494 0.6742736 0.3013238 0.6728169 0.2836202 0.6719368 0.2676566 0.671522 0.2835494 0.6742736 0.3011417 0.6751234 0.3013238 0.6728169 0.2835494 0.6742736 0.267606 0.6738588 0.2835494 0.6742736 0.2676566 0.671522 0.3013238 0.6728169 0.3011417 0.6751234 0.3098317 0.6735654 0.3095788 0.6759226 0.3098317 0.6735654 0.3011417 0.6751234 0.3013238 0.6728169 0.3098317 0.6735654 0.3054513 0.6634693 0.3106511 0.6639144 0.3054513 0.6634693 0.3098317 0.6735654 0.3041564 0.6624577 0.3020927 0.6602119 0.3013238 0.6728169 0.3054513 0.6634693 0.3041564 0.6624577 0.3013238 0.6728169 0.2676566 0.671522 0.2678387 0.6588967 0.2516423 0.6715118 0.2516626 0.6588967 0.2516423 0.6715118 0.2678387 0.6588967 0.2516626 0.6588967 0.2338173 0.6588967 0.2516423 0.6715118 0.2338679 0.671522 0.2516423 0.6715118 0.2338173 0.6588967 0.2516423 0.6715118 0.2338679 0.671522 0.2516221 0.6738386 0.2516423 0.6715118 0.2516221 0.6738386 0.2676566 0.671522 0.267606 0.6738588 0.2676566 0.671522 0.2516221 0.6738386 0.2339286 0.6738285 0.2516221 0.6738386 0.2338679 0.671522 0.2338679 0.671522 0.2253296 0.6716029 0.2339286 0.6738285 0.2254208 0.6739802 0.2339286 0.6738285 0.2253296 0.6716029 0.2253296 0.6716029 0.2338679 0.671522 0.2252792 0.6619013 0.2304587 0.6618912 0.2252792 0.6619013 0.2338679 0.671522 0.2338173 0.6588967 0.2317334 0.6609807 0.2338679 0.671522 0.2338679 0.671522 0.2317334 0.6609807 0.2304587 0.6618912 0.03749918 0.9305008 0.05209714 0.9283662 0.03705406 0.9134346 0.05239051 0.9137582 0.03705406 0.9134346 0.05209714 0.9283662 0.03749918 0.9305008 0.040959 0.9457057 0.05209714 0.9283662 0.05479818 0.9410117 0.05209714 0.9283662 0.040959 0.9457057 0.05239051 0.9137582 0.05209714 0.9283662 0.05742841 0.9143956 0.05648761 0.9278706 0.05742841 0.9143956 0.05209714 0.9283662 0.05648761 0.9278706 0.09833902 0.9262519 0.05742841 0.9143956 0.05888521 0.9396359 0.09833902 0.9262519 0.05648761 0.9278706 0.05479818 0.9410117 0.05888521 0.9396359 0.05209714 0.9283662 0.05648761 0.9278706 0.05209714 0.9283662 0.05888521 0.9396359 0.03705406 0.9134346 0.05239051 0.9137582 0.03800499 0.9053313 0.05373597 0.9067881 0.03800499 0.9053313 0.05239051 0.9137582 0.05239051 0.9137582 0.05742841 0.9143956 0.05373597 0.9067881 0.05742841 0.9143956 0.09833902 0.9262519 0.05954277 0.9082246 0.05954277 0.9082246 0.05373597 0.9067881 0.05742841 0.9143956 0.05479818 0.9410117 0.040959 0.9457057 0.06035208 0.9526961 0.05479818 0.9410117 0.06035208 0.9526961 0.05888521 0.9396359 0.04746383 0.9598889 0.06035208 0.9526961 0.040959 0.9457057 0.04746383 0.9598889 0.05749922 0.9736977 0.06035208 0.9526961 0.06947702 0.9641175 0.06035208 0.9526961 0.05749922 0.9736977 0.09833902 0.9262519 0.05888521 0.9396359 0.06413561 0.95042 0.06413561 0.95042 0.05888521 0.9396359 0.06035208 0.9526961 0.09833902 0.9262519 0.06413561 0.95042 0.07307845 0.9605363 0.06413561 0.95042 0.06035208 0.9526961 0.07307845 0.9605363 0.06947702 0.9641175 0.07307845 0.9605363 0.06035208 0.9526961 0.05749922 0.9736977 0.06318461 0.9795551 0.06947702 0.9641175 0.09833902 0.9262519 0.07307845 0.9605363 0.07851094 0.964158 0.07851094 0.964158 0.07307845 0.9605363 0.07478809 0.9688317 0.06947702 0.9641175 0.07478809 0.9688317 0.07307845 0.9605363 0.07478809 0.9688317 0.06947702 0.9641175 0.06318461 0.9795551 0.2442068 0.8738796 0.2577122 0.8449872 0.2217081 0.8678502 0.2370647 0.8327667 0.2217081 0.8678502 0.2577122 0.8449872 0.2217081 0.8678502 0.2167004 0.9018816 0.2442068 0.8738796 0.2402514 0.9022661 0.2442068 0.8738796 0.2167004 0.9018816 0.2167004 0.9018816 0.220919 0.9361559 0.2402514 0.9022661 0.2436302 0.9304401 0.2402514 0.9022661 0.220919 0.9361559 0.220919 0.9361559 0.2355574 0.9715429 0.2436302 0.9304401 0.2563161 0.9596764 0.2436302 0.9304401 0.2355574 0.9715429 0.2217081 0.8678502 0.2370647 0.8327667 0.2082027 0.8642083 0.2246924 0.8258875 0.2082027 0.8642083 0.2370647 0.8327667 0.2577122 0.8449872 0.2442068 0.8738796 0.2699226 0.8530095 0.2575807 0.8777136 0.2699226 0.8530095 0.2442068 0.8738796 0.2442068 0.8738796 0.2402514 0.9022661 0.2575807 0.8777136 0.2699226 0.8530095 0.2575807 0.8777136 0.2842879 0.8640971 0.2746875 0.8832271 0.2842879 0.8640971 0.2575807 0.8777136 0.2575807 0.8777136 0.2540501 0.9022964 0.2746875 0.8832271 0.2540501 0.9022964 0.2575807 0.8777136 0.2402514 0.9022661 0.2402514 0.9022661 0.2436302 0.9304401 0.2540501 0.9022964 0.2717739 0.9025696 0.2746875 0.8832271 0.2540501 0.9022964 0.2717739 0.9025696 0.2540501 0.9022964 0.274384 0.9220132 0.2570748 0.9268286 0.274384 0.9220132 0.2540501 0.9022964 0.2436302 0.9304401 0.2563161 0.9596764 0.2570748 0.9268286 0.2570748 0.9268286 0.2540501 0.9022964 0.2436302 0.9304401 0.274384 0.9220132 0.2570748 0.9268286 0.2836809 0.9415883 0.2685873 0.9518363 0.2836809 0.9415883 0.2570748 0.9268286 0.2685873 0.9518363 0.2570748 0.9268286 0.2563161 0.9596764 0.2355574 0.9715429 0.220919 0.9361559 0.2230232 0.978159 0.2073428 0.9395145 0.2230232 0.978159 0.220919 0.9361559 0.220919 0.9361559 0.2167004 0.9018816 0.2073428 0.9395145 0.2027298 0.90174 0.2073428 0.9395145 0.2167004 0.9018816 0.2167004 0.9018816 0.2217081 0.8678502 0.2027298 0.90174 0.2082027 0.8642083 0.2027298 0.90174 0.2217081 0.8678502 0.1966195 0.6704901 0.1966195 0.6720885 0.2008178 0.6702068 0.2008178 0.6730799 0.2008178 0.6702068 0.1966195 0.6720885 0.2382584 0.8289933 0.2370647 0.8327667 0.2593005 0.8416589 0.2577122 0.8449872 0.2593005 0.8416589 0.2370647 0.8327667 0.2577122 0.8449872 0.2699226 0.8530095 0.2593005 0.8416589 0.271693 0.8496509 0.2593005 0.8416589 0.2699226 0.8530095 0.271693 0.8496509 0.2699226 0.8530095 0.2867563 0.8616894 0.2842879 0.8640971 0.2867563 0.8616894 0.2699226 0.8530095 0.2370647 0.8327667 0.2382584 0.8289933 0.2246924 0.8258875 0.2257242 0.8217196 0.2246924 0.8258875 0.2382584 0.8289933 0.004388332 0.9363886 0.007585108 0.9358119 0.002658426 0.9138089 0.005905807 0.9136571 0.002658426 0.9138089 0.007585108 0.9358119 0.004388332 0.9363886 0.009365618 0.9564291 0.007585108 0.9358119 0.01243084 0.9553871 0.007585108 0.9358119 0.009365618 0.9564291 0.005905807 0.9136571 0.006421744 0.9030147 0.002658426 0.9138089 0.003073215 0.9029641 0.002658426 0.9138089 0.006421744 0.9030147 0.01243084 0.9553871 0.009365618 0.9564291 0.02049362 0.9738696 0.01761043 0.9753568 0.02049362 0.9738696 0.009365618 0.9564291 0.01761043 0.9753568 0.02997261 0.9943351 0.02049362 0.9738696 0.03264337 0.9924737 0.02049362 0.9738696 0.02997261 0.9943351 0.03264337 0.9924737 0.02997261 0.9943351 0.03952246 1.000607 0.03691244 1.002691 0.03952246 1.000607 0.02997261 0.9943351 0.005905807 0.9136571 0.007585108 0.9358119 0.02240556 0.9132321 0.005905807 0.9136571 0.02240556 0.9132321 0.006421744 0.9030147 0.02374094 0.9329389 0.02240556 0.9132321 0.007585108 0.9358119 0.007585108 0.9358119 0.01243084 0.9553871 0.02374094 0.9329389 0.02240556 0.9132321 0.02374094 0.9329389 0.03459578 0.9134447 0.0354759 0.9309358 0.03459578 0.9134447 0.02374094 0.9329389 0.02374094 0.9329389 0.02793926 0.9501266 0.0354759 0.9309358 0.02793926 0.9501266 0.02374094 0.9329389 0.01243084 0.9553871 0.01243084 0.9553871 0.02049362 0.9738696 0.02793926 0.9501266 0.03914815 0.9463229 0.0354759 0.9309358 0.02793926 0.9501266 0.02240556 0.9132321 0.03459578 0.9134447 0.02319467 0.9037228 0.02319467 0.9037228 0.006421744 0.9030147 0.02240556 0.9132321 0.03551638 0.9050683 0.02319467 0.9037228 0.03459578 0.9134447 0.02049362 0.9738696 0.03264337 0.9924737 0.03506118 0.9663228 0.02793926 0.9501266 0.03506118 0.9663228 0.03914815 0.9463229 0.03506118 0.9663228 0.02793926 0.9501266 0.02049362 0.9738696 0.04599696 0.9827721 0.03506118 0.9663228 0.03264337 0.9924737 0.03264337 0.9924737 0.03952246 1.000607 0.04599696 0.9827721 0.03506118 0.9663228 0.04599696 0.9827721 0.04560238 0.960769 0.04560238 0.960769 0.03914815 0.9463229 0.03506118 0.9663228 0.05554682 0.9751849 0.04560238 0.960769 0.04599696 0.9827721 0.04599696 0.9827721 0.05241072 0.9898434 0.05554682 0.9751849 0.05241072 0.9898434 0.04599696 0.9827721 0.03952246 1.000607 0.06137382 0.9812749 0.05554682 0.9751849 0.05241072 0.9898434 0.0354759 0.9309358 0.03749918 0.9305008 0.03459578 0.9134447 0.03705406 0.9134346 0.03459578 0.9134447 0.03749918 0.9305008 0.03705406 0.9134346 0.03800499 0.9053313 0.03459578 0.9134447 0.03551638 0.9050683 0.03459578 0.9134447 0.03800499 0.9053313 0.0354759 0.9309358 0.03914815 0.9463229 0.03749918 0.9305008 0.040959 0.9457057 0.03749918 0.9305008 0.03914815 0.9463229 0.040959 0.9457057 0.03914815 0.9463229 0.04746383 0.9598889 0.04560238 0.960769 0.04746383 0.9598889 0.03914815 0.9463229 0.04560238 0.960769 0.05554682 0.9751849 0.04746383 0.9598889 0.05749922 0.9736977 0.04746383 0.9598889 0.05554682 0.9751849 0.05749922 0.9736977 0.05554682 0.9751849 0.06318461 0.9795551 0.06137382 0.9812749 0.06318461 0.9795551 0.05554682 0.9751849 0.2186934 0.6742028 0.2186934 0.67048 0.2043989 0.6741927 0.2043989 0.6702574 0.2043989 0.6741927 0.2186934 0.67048 0.2043989 0.6741927 0.2043989 0.6702574 0.2008178 0.6730799 0.2008178 0.6702068 0.2008178 0.6730799 0.2043989 0.6702574 0.2679398 0.8320181 0.2485164 0.8167929 0.2614148 0.8398886 0.2407875 0.8268384 0.2614148 0.8398886 0.2485164 0.8167929 0.2679398 0.8320181 0.2614148 0.8398886 0.27926 0.8419017 0.2734128 0.8481031 0.27926 0.8419017 0.2614148 0.8398886 0.2407875 0.8268384 0.2485164 0.8167929 0.2285063 0.8192006 0.2368927 0.8080625 0.2285063 0.8192006 0.2485164 0.8167929 0.2614148 0.8398886 0.2407875 0.8268384 0.2593005 0.8416589 0.2382584 0.8289933 0.2593005 0.8416589 0.2407875 0.8268384 0.2407875 0.8268384 0.2285063 0.8192006 0.2382584 0.8289933 0.2734128 0.8481031 0.2614148 0.8398886 0.271693 0.8496509 0.2593005 0.8416589 0.271693 0.8496509 0.2614148 0.8398886 0.271693 0.8496509 0.2867563 0.8616894 0.2734128 0.8481031 0.2881928 0.8602427 0.2734128 0.8481031 0.2867563 0.8616894 0.2734128 0.8481031 0.2881928 0.8602427 0.27926 0.8419017 0.2257242 0.8217196 0.2382584 0.8289933 0.2285063 0.8192006 0.2927148 0.8557712 0.27926 0.8419017 0.2881928 0.8602427 0.14798 0.9708752 0.1480711 0.9449875 0.1364372 0.9475672 0.1480711 0.9449875 0.1481519 0.9238948 0.1364372 0.9475672 0.1282126 0.9277087 0.1364372 0.9475672 0.1481519 0.9238948 0.1282126 0.9277087 0.1154357 0.9338999 0.1364372 0.9475672 0.1293861 0.951816 0.1364372 0.9475672 0.1154357 0.9338999 0.14798 0.9708752 0.1364372 0.9475672 0.1293861 0.951816 0.1481519 0.9238948 0.1482329 0.9030653 0.1282126 0.9277087 0.1300032 0.9048255 0.1282126 0.9277087 0.1482329 0.9030653 0.1282126 0.9277087 0.1300032 0.9048255 0.1141914 0.9092868 0.1154357 0.9338999 0.1282126 0.9277087 0.1043785 0.913829 0.1141914 0.9092868 0.1043785 0.913829 0.1282126 0.9277087 0.1300032 0.9048255 0.1482329 0.9030653 0.1289006 0.8816591 0.148324 0.880354 0.1289006 0.8816591 0.1482329 0.9030653 0.1289006 0.8816591 0.148324 0.880354 0.1279698 0.8620839 0.1483948 0.8607789 0.1279698 0.8620839 0.148324 0.880354 0.1300032 0.9048255 0.1105798 0.889833 0.1141914 0.9092868 0.1300032 0.9048255 0.1289006 0.8816591 0.1105798 0.889833 0.1073325 0.8918057 0.1141914 0.9092868 0.1105798 0.889833 0.1073325 0.8918057 0.09751957 0.8955589 0.1141914 0.9092868 0.1043785 0.913829 0.1141914 0.9092868 0.09751957 0.8955589 0.1101246 0.8846332 0.1105798 0.889833 0.1289006 0.8816591 0.1101246 0.8846332 0.1289006 0.8816591 0.1091838 0.8765908 0.1196137 0.8738896 0.1091838 0.8765908 0.1289006 0.8816591 0.1289006 0.8816591 0.1279698 0.8620839 0.1196137 0.8738896 0.11929 0.8638644 0.1196137 0.8738896 0.1279698 0.8620839 0.1483948 0.8607789 0.148324 0.880354 0.1688095 0.8622356 0.1677373 0.8818107 0.1688095 0.8622356 0.148324 0.880354 0.148324 0.880354 0.1482329 0.9030653 0.1677373 0.8818107 0.1664525 0.9049671 0.1677373 0.8818107 0.1482329 0.9030653 0.1664525 0.9049671 0.1482329 0.9030653 0.1680711 0.9278604 0.1481519 0.9238948 0.1680711 0.9278604 0.1482329 0.9030653 0.1680711 0.9278604 0.1481519 0.9238948 0.1596948 0.9476581 0.1480711 0.9449875 0.1596948 0.9476581 0.1481519 0.9238948 0.1480711 0.9449875 0.14798 0.9708752 0.1596948 0.9476581 0.1680711 0.9278604 0.1596948 0.9476581 0.1807975 0.9341528 0.1667054 0.9519576 0.1807975 0.9341528 0.1596948 0.9476581 0.1596948 0.9476581 0.14798 0.9708752 0.1667054 0.9519576 0.1664525 0.9049671 0.1680711 0.9278604 0.182234 0.9095499 0.182234 0.9095499 0.1680711 0.9278604 0.1920064 0.9141629 0.1807975 0.9341528 0.1920064 0.9141629 0.1680711 0.9278604 0.1664525 0.9049671 0.182234 0.9095499 0.1859872 0.8901264 0.1664525 0.9049671 0.1859872 0.8901264 0.1677373 0.8818107 0.1892244 0.8921193 0.1859872 0.8901264 0.182234 0.9095499 0.1920064 0.9141629 0.1990069 0.8959433 0.182234 0.9095499 0.1892244 0.8921193 0.182234 0.9095499 0.1990069 0.8959433 0.186493 0.8849266 0.1677373 0.8818107 0.1859872 0.8901264 0.186493 0.8849266 0.1874844 0.8768942 0.1677373 0.8818107 0.1770747 0.8741122 0.1677373 0.8818107 0.1874844 0.8768942 0.1677373 0.8818107 0.1770747 0.8741122 0.1688095 0.8622356 0.1774793 0.8640869 0.1688095 0.8622356 0.1770747 0.8741122 0.2845306 0.8893678 0.3037012 0.8548406 0.2792904 0.8847546 0.2973279 0.8525644 0.2792904 0.8847546 0.3037012 0.8548406 0.2973279 0.8525644 0.3037012 0.8548406 0.3044295 0.815407 0.3110558 0.8158016 0.3044295 0.815407 0.3037012 0.8548406 0.3110558 0.8158016 0.3084458 0.7762061 0.3044295 0.815407 0.3018398 0.7776628 0.3044295 0.815407 0.3084458 0.7762061 0.3018398 0.7776628 0.3084458 0.7762061 0.2878488 0.7435099 0.293605 0.7395849 0.2878488 0.7435099 0.3084458 0.7762061 0.3110558 0.8158016 0.3037012 0.8548406 0.3135646 0.8159633 0.3078287 0.8471825 0.3135646 0.8159633 0.3037012 0.8548406 0.3135646 0.8159633 0.3116021 0.7843195 0.3110558 0.8158016 0.3084458 0.7762061 0.3110558 0.8158016 0.3116021 0.7843195 0.3037012 0.8548406 0.2845306 0.8893678 0.3019814 0.8633282 0.2901047 0.8845624 0.3019814 0.8633282 0.2845306 0.8893678 0.293605 0.7395849 0.3084458 0.7762061 0.2985722 0.7450376 0.3077983 0.7675869 0.2985722 0.7450376 0.3084458 0.7762061 0.3019814 0.8633282 0.3090932 0.8611532 0.3037012 0.8548406 0.2910557 0.8928073 0.2901047 0.8845624 0.2845306 0.8893678 0.3116021 0.7843195 0.3163871 0.7786846 0.3084458 0.7762061 0.2985722 0.7450376 0.3005247 0.7369849 0.293605 0.7395849 0.3005247 0.7369849 0.3071002 0.7312996 0.293605 0.7395849 0.3056132 0.7292965 0.293605 0.7395849 0.3071002 0.7312996 0.3071002 0.7312996 0.3341514 0.7152247 0.3056132 0.7292965 0.32968 0.7091448 0.3056132 0.7292965 0.3341514 0.7152247 0.3341514 0.7152247 0.3537873 0.7038235 0.32968 0.7091448 0.32968 0.7091448 0.3537873 0.7038235 0.3445106 0.6966612 0.3537873 0.7038235 0.3467159 0.6921492 0.3445106 0.6966612 0.3537873 0.7038235 0.3728971 0.6899236 0.3467159 0.6921492 0.3676872 0.6750425 0.3467159 0.6921492 0.3728971 0.6899236 0.3728971 0.6899236 0.3820828 0.684481 0.3676872 0.6750425 0.3939189 0.7424073 0.3820828 0.684481 0.3728971 0.6899236 0.4020727 0.7404346 0.3820828 0.684481 0.3939189 0.7424073 0.4037722 0.7370963 0.3820828 0.684481 0.4020727 0.7404346 0.3716933 0.6717243 0.3676872 0.6750425 0.3820828 0.684481 0.3537873 0.7038235 0.3672117 0.6960542 0.3728971 0.6899236 0.3887393 0.7363679 0.3939189 0.7424073 0.3728971 0.6899236 0.3735951 0.6982898 0.3887393 0.7363679 0.3729072 0.6899034 0.3672117 0.6960542 0.3735951 0.6982898 0.3729072 0.6899034 0.3717236 0.748983 0.3749001 0.7509961 0.3939189 0.7424073 0.3859168 0.7431256 0.3717236 0.748983 0.3938784 0.7424681 0.3887393 0.7363679 0.3859168 0.7431256 0.3938784 0.7424681 0.3497711 0.7564589 0.3703781 0.7518155 0.3717236 0.748983 0.3298621 0.9381792 0.3399177 0.9321801 0.3166096 0.9240263 0.3298621 0.9381792 0.3315009 0.9429339 0.3399177 0.9321801 0.3399177 0.9321801 0.3315009 0.9429339 0.357672 0.9485686 0.3503072 0.9624079 0.357672 0.9485686 0.3315009 0.9429339 0.357672 0.9485686 0.3503072 0.9624079 0.3657246 0.9547396 0.357672 0.9485686 0.3657246 0.9547396 0.3843994 0.898604 0.3657246 0.9547396 0.3923104 0.9015984 0.3843994 0.898604 0.3935952 0.9051189 0.3923104 0.9015984 0.3657246 0.9547396 0.3538885 0.9661711 0.3657246 0.9547396 0.3503072 0.9624079 0.3593209 0.9403238 0.357672 0.9485686 0.3843994 0.898604 0.3527352 0.9418109 0.3399177 0.9321801 0.357672 0.9485686 0.3593209 0.9403238 0.3527352 0.9418109 0.357672 0.9485686 0.321769 0.9185331 0.3166096 0.9240263 0.3399177 0.9321801 0.321769 0.9185331 0.2968726 0.8992918 0.3166096 0.9240263 0.2951528 0.9011027 0.3166096 0.9240263 0.2968726 0.8992918 0.2968726 0.8992918 0.2910557 0.8928073 0.2951528 0.9011027 0.2845306 0.8893678 0.2951528 0.9011027 0.2910557 0.8928073 0.3843994 0.898604 0.3666856 0.8879109 0.3766503 0.8969955 0.3766503 0.8969955 0.3666856 0.8879109 0.3632258 0.8894587 0.3632258 0.8894587 0.3622344 0.8865148 0.3423254 0.8794335 0.3786634 0.9040769 0.3593209 0.9403238 0.38445 0.8985938 0.3766503 0.8969955 0.3786634 0.9040769 0.38445 0.8985938 0.3656841 0.8696306 0.3480715 0.8639149 0.3608991 0.8828225 0.343681 0.8764289 0.3608991 0.8828225 0.3480715 0.8639149 0.3480715 0.8639149 0.3191387 0.8550631 0.343681 0.8764289 0.31577 0.8644815 0.343681 0.8764289 0.3191387 0.8550631 0.31577 0.8644815 0.3191387 0.8550631 0.3090932 0.8611532 0.3118853 0.8533636 0.3090932 0.8611532 0.3191387 0.8550631 0.3656841 0.8696306 0.3608991 0.8828225 0.366888 0.8723925 0.36359 0.8814365 0.366888 0.8723925 0.3608991 0.8828225 0.3090932 0.8611532 0.3118853 0.8533636 0.3037012 0.8548406 0.3118853 0.8533636 0.3078287 0.8471825 0.3037012 0.8548406 0.3717337 0.7689628 0.3686078 0.7553158 0.3535748 0.7725338 0.3507524 0.7596152 0.3535748 0.7725338 0.3686078 0.7553158 0.3507524 0.7596152 0.3216375 0.7681736 0.3535748 0.7725338 0.3237821 0.7779259 0.3535748 0.7725338 0.3216375 0.7681736 0.3237821 0.7779259 0.3216375 0.7681736 0.3163871 0.7786846 0.3145863 0.7706421 0.3163871 0.7786846 0.3216375 0.7681736 0.3686078 0.7553158 0.3717337 0.7689628 0.3711065 0.7570254 0.3732511 0.7663628 0.3711065 0.7570254 0.3717337 0.7689628 0.3163871 0.7786846 0.3145863 0.7706421 0.3084458 0.7762061 0.3145863 0.7706421 0.3077983 0.7675869 0.3084458 0.7762061 0.09713518 0.7403335 0.08290141 0.7454119 0.1068772 0.7697013 0.09713518 0.7403335 0.1068772 0.7697013 0.108597 0.737076 0.1068772 0.7697013 0.1160831 0.7647139 0.108597 0.737076 0.1068772 0.7697013 0.1487691 0.7664337 0.1160831 0.7647139 0.1487792 0.7627918 0.1160831 0.7647139 0.1487691 0.7664337 0.08290141 0.7454119 0.09332126 0.7709557 0.1068772 0.7697013 0.1068772 0.7697013 0.09332126 0.7709557 0.0650258 0.7853108 0.1068772 0.7697013 0.0650258 0.7853108 0.1079192 0.7729992 0.1068772 0.7697013 0.1079192 0.7729992 0.1487691 0.7664337 0.06726151 0.7878905 0.1079192 0.7729992 0.0650258 0.7853108 0.06705921 0.7798479 0.0650258 0.7853108 0.09332126 0.7709557 0.0650258 0.7853108 0.06705921 0.7798479 0.04757511 0.7586846 0.04757511 0.7586846 0.04385226 0.7621544 0.0650258 0.7853108 0.04757511 0.7586846 0.02336663 0.7241574 0.04385226 0.7621544 0.02769643 0.7458671 0.04385226 0.7621544 0.02336663 0.7241574 0.04757511 0.7586846 0.05091351 0.7564285 0.02336663 0.7241574 0.05091351 0.7564285 0.04757511 0.7586846 0.06705921 0.7798479 0.02919369 0.7257963 0.02336663 0.7241574 0.05091351 0.7564285 0.02336663 0.7241574 0.02919369 0.7257963 0.07305818 0.7025995 0.07114624 0.6945266 0.02336663 0.7241574 0.07305818 0.7025995 0.0679292 0.6928675 0.02336663 0.7241574 0.07114624 0.6945266 0.01685172 0.7136061 0.02336663 0.7241574 0.0679292 0.6928675 0.07049876 0.7082646 0.07305818 0.7025995 0.02919369 0.7257963 0.07305818 0.7025995 0.07049876 0.7082646 0.08290141 0.7454119 0.02336663 0.7241574 0.01685172 0.7136061 0.01540505 0.7358215 0.02336663 0.7241574 0.02325534 0.7441068 0.02769643 0.7458671 0.02336663 0.7241574 0.01540505 0.7358215 0.02325534 0.7441068 0.01685172 0.7136061 0.01181375 0.7368332 0.01540505 0.7358215 0.01685172 0.7136061 0.002365052 0.7264032 0.01181375 0.7368332 0.07712501 0.7018103 0.08290141 0.7454119 0.09713518 0.7403335 0.07712501 0.7018103 0.09713518 0.7403335 0.09456562 0.6965701 0.09713518 0.7403335 0.108597 0.737076 0.09456562 0.6965701 0.108597 0.737076 0.1031544 0.6978649 0.09884482 0.6946176 0.09884482 0.6946176 0.1031544 0.6978649 0.1490827 0.6864638 0.09884482 0.6946176 0.1490827 0.6864638 0.09838956 0.6834998 0.09652817 0.6866156 0.09884482 0.6946176 0.09838956 0.6834998 0.09838956 0.6834998 0.1490827 0.6864638 0.1491333 0.6749514 0.1490726 0.6900956 0.1490827 0.6864638 0.1031544 0.6978649 0.1490827 0.6864638 0.199796 0.6839044 0.1491333 0.6749514 0.1992598 0.6950324 0.199796 0.6839044 0.1490827 0.6864638 0.2016372 0.6870304 0.199796 0.6839044 0.1992598 0.6950324 0.1490726 0.6900956 0.1949199 0.6982291 0.1490827 0.6864638 0.1992598 0.6950324 0.1490827 0.6864638 0.1949199 0.6982291 0.1949199 0.6982291 0.1891738 0.7373896 0.1992598 0.6950324 0.1891738 0.7373896 0.2006458 0.7406066 0.2035289 0.6970152 0.1906306 0.7700351 0.2006458 0.7406066 0.1891738 0.7373896 0.2147884 0.7459278 0.2006458 0.7406066 0.1906306 0.7700351 0.1814652 0.7649769 0.1906306 0.7700351 0.1891738 0.7373896 0.1906306 0.7700351 0.1814652 0.7649769 0.1487691 0.7664337 0.1487792 0.7627918 0.1487691 0.7664337 0.1814652 0.7649769 0.2041764 0.7714007 0.2147884 0.7459278 0.1906306 0.7700351 0.1906306 0.7700351 0.2323505 0.7859785 0.2041764 0.7714007 0.1906306 0.7700351 0.1895583 0.7733127 0.2323505 0.7859785 0.1906306 0.7700351 0.1487691 0.7664337 0.1895583 0.7733127 0.2300945 0.7885278 0.2323505 0.7859785 0.1895583 0.7733127 0.2303677 0.7804955 0.2041764 0.7714007 0.2323505 0.7859785 0.2323505 0.7859785 0.2500136 0.7594838 0.2303677 0.7804955 0.2537162 0.762984 0.2500136 0.7594838 0.2323505 0.7859785 0.2500136 0.7594838 0.2537162 0.762984 0.2745155 0.7251589 0.2700036 0.7468281 0.2745155 0.7251589 0.2537162 0.762984 0.2500136 0.7594838 0.2745155 0.7251589 0.2467056 0.7571974 0.2467056 0.7571974 0.2303677 0.7804955 0.2500136 0.7594838 0.2686682 0.7267573 0.2467056 0.7571974 0.2745155 0.7251589 0.2745155 0.7251589 0.2249959 0.7032165 0.2686682 0.7267573 0.2745155 0.7251589 0.2269686 0.6951538 0.2249959 0.7032165 0.2301957 0.6935149 0.2269686 0.6951538 0.2745155 0.7251589 0.2811113 0.7146581 0.2301957 0.6935149 0.2745155 0.7251589 0.2275047 0.7088918 0.2686682 0.7267573 0.2249959 0.7032165 0.2275047 0.7088918 0.2249959 0.7032165 0.2147884 0.7459278 0.2811113 0.7146581 0.2745155 0.7251589 0.2823759 0.736894 0.2744649 0.7451084 0.2745155 0.7251589 0.2700036 0.7468281 0.2823759 0.736894 0.2745155 0.7251589 0.2744649 0.7451084 0.285957 0.7379257 0.2811113 0.7146581 0.2823759 0.736894 0.2954968 0.7275667 0.2811113 0.7146581 0.285957 0.7379257 0.2006458 0.7406066 0.2147884 0.7459278 0.2209291 0.702387 0.2006458 0.7406066 0.2209291 0.702387 0.2035289 0.6970152 0.148759 0.7692156 0.1487691 0.7664337 0.1079192 0.7729992 0.148759 0.7692156 0.1895583 0.7733127 0.1487691 0.7664337 0.3480108 0.6338082 0.2922494 0.6332923 0.3478389 0.6523717 0.2920775 0.6518456 0.3478389 0.6523717 0.2922494 0.6332923 0.3480108 0.6338082 0.3478389 0.6523717 0.3650265 0.6357303 0.3649153 0.6525335 0.3650265 0.6357303 0.3478389 0.6523717 0.3650265 0.6357303 0.3686988 0.6340004 0.3480108 0.6338082 0.2502362 0.6515321 0.2579145 0.6516231 0.2502362 0.6332923 0.2579954 0.6332113 0.2502362 0.6332923 0.2579145 0.6516231 0.2886379 0.633272 0.2808079 0.6332214 0.2884659 0.6518052 0.2807168 0.6517141 0.2884659 0.6518052 0.2808079 0.6332214 0.2920775 0.6518456 0.2922494 0.6332923 0.2884659 0.6518052 0.2886379 0.633272 0.2884659 0.6518052 0.2922494 0.6332923 0.2465234 0.6334642 0.2465234 0.6513702 0.2502362 0.6332923 0.2502362 0.6515321 0.2502362 0.6332923 0.2465234 0.6513702 0.5638535 0.7140512 0.5627104 0.7477791 0.6016685 0.7092864 0.6016786 0.7544863 0.6016685 0.7092864 0.5627104 0.7477791 0.5638535 0.7140512 0.5353051 0.7173491 0.5627104 0.7477791 0.534506 0.74525 0.5627104 0.7477791 0.5353051 0.7173491 0.1487994 0.7591802 0.117641 0.7629941 0.1487792 0.7627918 0.1160831 0.7647139 0.1487792 0.7627918 0.117641 0.7629941 0.1487994 0.7591802 0.1487792 0.7627918 0.1799173 0.7632369 0.1814652 0.7649769 0.1799173 0.7632369 0.1487792 0.7627918 0.108597 0.737076 0.1117533 0.7365298 0.1031544 0.6978649 0.1117533 0.7365298 0.108597 0.737076 0.117641 0.7629941 0.1160831 0.7647139 0.117641 0.7629941 0.108597 0.737076 0.1047933 0.6990182 0.1031544 0.6978649 0.1117533 0.7365298 0.5634995 0.7100552 0.5638535 0.7140512 0.6007681 0.7054219 0.6016685 0.7092864 0.6007681 0.7054219 0.5638535 0.7140512 0.5638535 0.7140512 0.5634995 0.7100552 0.5353051 0.7173491 0.5355176 0.7133936 0.5353051 0.7173491 0.5634995 0.7100552 0.5304797 0.7451286 0.534506 0.74525 0.5312788 0.717167 0.5353051 0.7173491 0.5312788 0.717167 0.534506 0.74525 0.5623866 0.7517751 0.5627104 0.7477791 0.5347993 0.7491853 0.534506 0.74525 0.5347993 0.7491853 0.5627104 0.7477791 0.5627104 0.7477791 0.5623866 0.7517751 0.6016786 0.7544863 0.6007479 0.7583507 0.6016786 0.7544863 0.5623866 0.7517751 0.6056948 0.7093369 0.6016685 0.7092864 0.6057049 0.7545672 0.6016786 0.7544863 0.6057049 0.7545672 0.6016685 0.7092864 0.3219208 0.6724932 0.3253401 0.6725842 0.3220118 0.6693065 0.3254311 0.6693975 0.3220118 0.6693065 0.3253401 0.6725842 0.3254311 0.6693975 0.363853 0.6693975 0.3254311 0.6659782 0.363853 0.6659782 0.3254311 0.6659782 0.363853 0.6693975 0.3254311 0.6659782 0.363853 0.6659782 0.3253401 0.6627814 0.363762 0.6627814 0.3253401 0.6627814 0.363853 0.6659782 0.3253401 0.6760035 0.363762 0.6760035 0.3253401 0.6725842 0.363762 0.6725842 0.3253401 0.6725842 0.363762 0.6760035 0.3253401 0.6725842 0.363762 0.6725842 0.3254311 0.6693975 0.363853 0.6693975 0.3254311 0.6693975 0.363762 0.6725842 0.3004943 0.6924325 0.3004538 0.6889929 0.2976617 0.6924527 0.2976213 0.6890435 0.2976617 0.6924527 0.3004538 0.6889929 0.2976213 0.6890435 0.2598467 0.6883354 0.2976617 0.6924527 0.2596748 0.6917142 0.2976617 0.6924527 0.2598467 0.6883354 0.2981372 0.6791092 0.2597152 0.6783708 0.2977325 0.6822858 0.2601705 0.6815675 0.2977325 0.6822858 0.2597152 0.6783708 0.2977325 0.6822858 0.2601705 0.6815675 0.2974492 0.6859378 0.2603121 0.6852297 0.2974492 0.6859378 0.2601705 0.6815675 0.2974492 0.6859378 0.2603121 0.6852297 0.2976213 0.6890435 0.2598467 0.6883354 0.2976213 0.6890435 0.2603121 0.6852297 0.2465234 0.6334642 0.1943534 0.6335654 0.2465234 0.6513702 0.1943534 0.6512589 0.2465234 0.6513702 0.1943534 0.6335654 0.1943534 0.6512589 0.1943534 0.6335654 0.1421934 0.6512589 0.1421934 0.6335654 0.1421934 0.6512589 0.1943534 0.6335654 0.1079192 0.7729992 0.1236703 0.8401011 0.148759 0.7692156 0.1484858 0.8378147 0.148759 0.7692156 0.1236703 0.8401011 0.1079192 0.7729992 0.06726151 0.7878905 0.1236703 0.8401011 0.1073628 0.8457054 0.1236703 0.8401011 0.06726151 0.7878905 0.1484858 0.8378147 0.173281 0.8402932 0.148759 0.7692156 0.1895583 0.7733127 0.148759 0.7692156 0.173281 0.8402932 0.1895583 0.7733127 0.173281 0.8402932 0.2300945 0.7885278 0.1895481 0.8460292 0.2300945 0.7885278 0.173281 0.8402932 0.117641 0.7629941 0.1487994 0.7591802 0.1117533 0.7365298 0.1489107 0.7318863 0.1117533 0.7365298 0.1487994 0.7591802 0.1117533 0.7365298 0.1489107 0.7318863 0.1047933 0.6990182 0.1490625 0.6934846 0.1047933 0.6990182 0.1489107 0.7318863 0.1489107 0.7318863 0.1487994 0.7591802 0.1860175 0.7368231 0.1799173 0.7632369 0.1860175 0.7368231 0.1487994 0.7591802 0.1490625 0.6934846 0.1489107 0.7318863 0.1932811 0.6993724 0.1860175 0.7368231 0.1932811 0.6993724 0.1489107 0.7318863 0.1031544 0.6978649 0.1047933 0.6990182 0.1490726 0.6900956 0.1490625 0.6934846 0.1490726 0.6900956 0.1047933 0.6990182 0.1490625 0.6934846 0.1932811 0.6993724 0.1490726 0.6900956 0.1949199 0.6982291 0.1490726 0.6900956 0.1932811 0.6993724 0.1484858 0.8378147 0.1236703 0.8401011 0.1484656 0.84262 0.1245708 0.8445218 0.1484656 0.84262 0.1236703 0.8401011 0.1245708 0.8445218 0.1236703 0.8401011 0.1089005 0.8496609 0.1073628 0.8457054 0.1089005 0.8496609 0.1236703 0.8401011 0.1484858 0.8378147 0.1484656 0.84262 0.173281 0.8402932 0.1723402 0.8447141 0.173281 0.8402932 0.1484656 0.84262 0.1723402 0.8447141 0.18797 0.8499644 0.173281 0.8402932 0.1895481 0.8460292 0.173281 0.8402932 0.18797 0.8499644 0.6549918 0.9694489 0.6558416 0.9827923 0.6847542 0.9676278 0.6549918 0.9694489 0.6847542 0.9676278 0.6556898 0.9661205 0.6852297 0.9636622 0.6556898 0.9661205 0.6847542 0.9676278 0.6556898 0.9661205 0.6852297 0.9636622 0.6611021 0.9373192 0.6851689 0.9331513 0.6611021 0.9373192 0.6852297 0.9636622 0.6852297 0.9636622 0.6898022 0.9321801 0.6851689 0.9331513 0.6898022 0.9321801 0.6852297 0.9636622 0.6911173 0.9320183 0.6911173 0.9320183 0.6934947 0.9172686 0.6898022 0.9321801 0.6897921 0.9173799 0.6898022 0.9321801 0.6934947 0.9172686 0.6558416 0.9827923 0.6856343 0.9875167 0.6847542 0.9676278 0.6558416 0.9827923 0.6563879 0.9888824 0.6856343 0.9875167 0.6558416 0.9827923 0.6277586 0.9895298 0.6563879 0.9888824 0.6279407 0.9919881 0.6563879 0.9888824 0.6277586 0.9895298 0.751765 0.8828426 0.7518964 0.9610218 0.7590589 0.8907233 0.7592308 0.9535763 0.7590589 0.8907233 0.7518964 0.9610218 0.751765 0.8828426 0.7590589 0.8907233 0.7748606 0.8829842 0.7747999 0.8908852 0.7748606 0.8829842 0.7590589 0.8907233 0.7518964 0.9610218 0.7539501 0.9645323 0.7592308 0.9535763 0.7621645 0.9569653 0.7592308 0.9535763 0.7539501 0.9645323 0.7539501 0.9645323 0.7749516 0.964593 0.7621645 0.9569653 0.774982 0.9570158 0.7621645 0.9569653 0.7749516 0.964593 0.7592308 0.9535763 0.7518964 0.9610218 0.7590589 0.8907233 0.751765 0.8828426 0.7590589 0.8907233 0.7518964 0.9610218 0.751765 0.8828426 0.7748606 0.8829842 0.7590589 0.8907233 0.7747999 0.8908852 0.7590589 0.8907233 0.7748606 0.8829842 0.7518964 0.9610218 0.7592308 0.9535763 0.7539501 0.9645323 0.7621645 0.9569653 0.7539501 0.9645323 0.7592308 0.9535763 0.7539501 0.9645323 0.7621645 0.9569653 0.7749516 0.964593 0.774982 0.9570158 0.7749516 0.964593 0.7621645 0.9569653 0.774982 0.9570158 0.7592308 0.9535763 0.7747999 0.8908852 0.5335449 0.654921 0.5334033 0.6312386 0.48269 0.6556292 0.4827608 0.6313499 0.48269 0.6556292 0.5334033 0.6312386 0.2985924 0.9793528 0.2985924 0.9928176 0.3406461 0.9793122 0.3406461 0.9928176 0.3406461 0.9793122 0.2985924 0.9928176 0.7264437 0.7249768 0.7263324 0.7565601 0.7676072 0.7249768 0.7676072 0.7565601 0.7676072 0.7249768 0.7263324 0.7565601 0.6984922 0.9737483 0.7417397 0.9720994 0.6892661 0.9680831 0.7520685 0.9647447 0.6892661 0.9680831 0.7417397 0.9720994 0.7520685 0.9647447 0.7417397 0.9720994 0.752898 0.9857362 0.7422758 0.9861408 0.752898 0.9857362 0.7417397 0.9720994 0.7520685 0.9647447 0.7518964 0.9610218 0.6892661 0.9680831 0.6984922 0.9737483 0.6892661 0.9680831 0.6988968 0.9877291 0.6899135 0.9877797 0.6988968 0.9877291 0.6892661 0.9680831 0.6895595 0.9641781 0.6892661 0.9680831 0.7518964 0.9610218 0.6895595 0.9641781 0.7518964 0.9610218 0.7040258 0.9361559 0.7452196 0.9360244 0.7040258 0.9361559 0.7518964 0.9610218 0.7518964 0.9610218 0.751765 0.8828426 0.7452196 0.9360244 0.7451488 0.9008802 0.7452196 0.9360244 0.751765 0.8828426 0.751765 0.8828426 0.7041573 0.8792412 0.7451488 0.9008802 0.703955 0.9009914 0.7451488 0.9008802 0.7041573 0.8792412 0.7040258 0.9361559 0.6952145 0.9348509 0.6895595 0.9641781 0.7041573 0.8792412 0.6952145 0.9348509 0.703955 0.9009914 0.7040258 0.9361559 0.703955 0.9009914 0.6952145 0.9348509 0.2985924 0.9793528 0.3406461 0.9793122 0.2923405 0.9650583 0.3411013 0.9655237 0.2923405 0.9650583 0.3406461 0.9793122 0.3542425 0.9769855 0.3406461 0.9793122 0.3542425 0.9928074 0.3406461 0.9928176 0.3542425 0.9928074 0.3406461 0.9793122 0.5972982 0.9736775 0.6221238 0.9720994 0.5961348 0.9691858 0.6223767 0.9676481 0.5961348 0.9691858 0.6221238 0.9720994 0.6221238 0.9720994 0.5972982 0.9736775 0.5979356 0.9752657 0.6221238 0.9720994 0.6505406 0.9696208 0.6223767 0.9676481 0.6512589 0.9657058 0.6223767 0.9676481 0.6505406 0.9696208 0.6221238 0.9720994 0.6232163 0.9860801 0.6505406 0.9696208 0.65136 0.9796866 0.6505406 0.9696208 0.6232163 0.9860801 0.6232163 0.9860801 0.6221238 0.9720994 0.6012942 0.9806578 0.6010514 0.9774812 0.6012942 0.9806578 0.6221238 0.9720994 0.5979356 0.9752657 0.6010514 0.9774812 0.6221238 0.9720994 0.6223767 0.9676481 0.6512589 0.9657058 0.6391799 0.9404047 0.6565194 0.9375823 0.6391799 0.9404047 0.6512589 0.9657058 0.5962057 0.9629137 0.5961348 0.9691858 0.6223767 0.9676481 0.6005658 0.9583208 0.5962057 0.9629137 0.6223767 0.9676481 0.6131101 0.9515328 0.6005658 0.9583208 0.6223767 0.9676481 0.6391799 0.9404047 0.6131101 0.9515328 0.6223767 0.9676481 0.6012942 0.9806578 0.6021439 0.9934145 0.6232163 0.9860801 0.6234086 0.9920488 0.6232163 0.9860801 0.6021439 0.9934145 0.7264437 0.7249768 0.7676072 0.7249768 0.7227007 0.7164993 0.767597 0.7164993 0.7227007 0.7164993 0.7676072 0.7249768 0.7676072 0.7249768 0.7676072 0.7565601 0.7760847 0.7249768 0.7760847 0.7633279 0.7760847 0.7249768 0.7676072 0.7565601 0.7676072 0.7565601 0.7263324 0.7565601 0.767597 0.7674049 0.7226905 0.7674049 0.767597 0.7674049 0.7263324 0.7565601 0.7263324 0.7565601 0.7264437 0.7249768 0.7170961 0.7633078 0.7171771 0.7249566 0.7170961 0.7633078 0.7264437 0.7249768 0.4384612 0.645098 0.4384612 0.6314713 0.4076468 0.6443899 0.4076468 0.6314713 0.4076468 0.6443899 0.4384612 0.6314713 0.4384612 0.6314713 0.4384612 0.645098 0.4523914 0.6314713 0.4523914 0.6458062 0.4523914 0.6314713 0.4384612 0.645098 0.4076468 0.6443899 0.4076468 0.6314713 0.3902163 0.641446 0.3902163 0.641446 0.3893564 0.6440662 0.4076468 0.6443899 0.3901961 0.6314713 0.3902163 0.641446 0.4076468 0.6314713 0.4475356 0.6546984 0.4467061 0.6451385 0.4058259 0.6538082 0.4062608 0.6444303 0.4058259 0.6538082 0.4467061 0.6451385 0.4467061 0.6451385 0.4475356 0.6546984 0.4713191 0.6458062 0.48269 0.6556292 0.4713191 0.6458062 0.4475356 0.6546984 0.48269 0.6556292 0.4827608 0.6313499 0.4713191 0.6458062 0.4713293 0.6314612 0.4713191 0.6458062 0.4827608 0.6313499 0.4058259 0.6538082 0.4062608 0.6444303 0.3817286 0.653616 0.3851581 0.643965 0.3817286 0.653616 0.4062608 0.6444303 0.4544754 0.6760541 0.4408689 0.6695088 0.4185724 0.7017699 0.4144956 0.6894886 0.4185724 0.7017699 0.4408689 0.6695088 0.4408689 0.6695088 0.4544754 0.6760541 0.4535548 0.6599893 0.4739696 0.6580571 0.4535548 0.6599893 0.4544754 0.6760541 0.4144956 0.6894886 0.3965289 0.7003941 0.4185724 0.7017699 0.3965289 0.7003941 0.4144956 0.6894886 0.3955072 0.6958012 0.3965795 0.7087097 0.4185724 0.7017699 0.3965289 0.7003941 0.1963362 0.6588563 0.1963362 0.6611628 0.1988046 0.6588563 0.1988046 0.6611628 0.1988046 0.6588563 0.1963362 0.6611628 0.2228816 0.659615 0.2229524 0.6571466 0.1988046 0.6588563 0.1988754 0.6563879 0.1988046 0.6588563 0.2229524 0.6571466 0.2228816 0.6619114 0.2228816 0.659615 0.1988046 0.6611628 0.1988046 0.6588563 0.1988046 0.6611628 0.2228816 0.659615 0.2228006 0.6643798 0.2228816 0.6619114 0.1987237 0.6636312 0.1988046 0.6611628 0.1987237 0.6636312 0.2228816 0.6619114 0.222659 0.6666762 0.2228006 0.6643798 0.1985821 0.6659276 0.1987237 0.6636312 0.1985821 0.6659276 0.2228006 0.6643798 0.7534341 0.8598279 0.7059075 0.856277 0.751765 0.8828426 0.7041573 0.8792412 0.751765 0.8828426 0.7059075 0.856277 0.2985924 0.9928176 0.2985924 0.9793528 0.283165 0.9928176 0.283165 0.9770259 0.283165 0.9928176 0.2985924 0.9793528 0.4713293 0.6314612 0.4523914 0.6314713 0.4713191 0.6458062 0.4523914 0.6458062 0.4713191 0.6458062 0.4523914 0.6314713 0.5381479 0.6553459 0.5410613 0.6324425 0.5335449 0.654921 0.5367821 0.6317444 0.5335449 0.654921 0.5410613 0.6324425 0.6279407 0.9919881 0.6277586 0.9895298 0.6234086 0.9920488 0.6232163 0.9860801 0.6234086 0.9920488 0.6277586 0.9895298 0.6277586 0.9895298 0.6558416 0.9827923 0.6232163 0.9860801 0.65136 0.9796866 0.6232163 0.9860801 0.6558416 0.9827923 0.6558416 0.9827923 0.6549918 0.9694489 0.65136 0.9796866 0.6505406 0.9696208 0.65136 0.9796866 0.6549918 0.9694489 0.6549918 0.9694489 0.6556898 0.9661205 0.6505406 0.9696208 0.6512589 0.9657058 0.6505406 0.9696208 0.6556898 0.9661205 0.6512589 0.9657058 0.6556898 0.9661205 0.6565194 0.9375823 0.6611021 0.9373192 0.6565194 0.9375823 0.6556898 0.9661205 0.6911173 0.9320183 0.6852297 0.9636622 0.6952145 0.9348509 0.6895595 0.9641781 0.6952145 0.9348509 0.6852297 0.9636622 0.6852297 0.9636622 0.6847542 0.9676278 0.6895595 0.9641781 0.6892661 0.9680831 0.6895595 0.9641781 0.6847542 0.9676278 0.6847542 0.9676278 0.6856343 0.9875167 0.6892661 0.9680831 0.6899135 0.9877797 0.6892661 0.9680831 0.6856343 0.9875167 0.6952145 0.9348509 0.6934947 0.9172686 0.6911173 0.9320183 0.6952145 0.9348509 0.7041573 0.8792412 0.6934947 0.9172686 0.6997871 0.8806575 0.6934947 0.9172686 0.7041573 0.8792412 0.7018306 0.8559635 0.7001411 0.8775619 0.7059075 0.856277 0.7041573 0.8792412 0.7059075 0.856277 0.7001411 0.8775619 0.5498626 0.6557506 0.5525435 0.6342229 0.5381479 0.6553459 0.5410613 0.6324425 0.5381479 0.6553459 0.5525435 0.6342229 0.571805 0.6564283 0.5684261 0.6902069 0.5747489 0.6559428 0.5716229 0.6926449 0.5747489 0.6559428 0.5684261 0.6902069 0.5747489 0.6559428 0.5763877 0.6366205 0.571805 0.6564283 0.5732719 0.6366407 0.571805 0.6564283 0.5763877 0.6366205 0.5507731 0.6897921 0.553029 0.6561552 0.5471312 0.6902474 0.5498626 0.6557506 0.5471312 0.6902474 0.553029 0.6561552 0.553029 0.6561552 0.5552951 0.6352851 0.5498626 0.6557506 0.5525435 0.6342229 0.5498626 0.6557506 0.5552951 0.6352851 0.5315824 0.6902474 0.536074 0.6901867 0.5335449 0.654921 0.5381479 0.6553459 0.5335449 0.654921 0.536074 0.6901867 0.536074 0.6901867 0.5471312 0.6902474 0.5381479 0.6553459 0.5498626 0.6557506 0.5381479 0.6553459 0.5471312 0.6902474 0.5090532 0.6893369 0.5315824 0.6902474 0.5335449 0.654921 0.5090532 0.6893369 0.5335449 0.654921 0.480869 0.6778447 0.48269 0.6556292 0.480869 0.6778447 0.5335449 0.654921 0.4778442 0.6785731 0.480869 0.6778447 0.48269 0.6556292 0.4778442 0.6785731 0.48269 0.6556292 0.4608791 0.6830748 0.4778442 0.6785731 0.4608791 0.6830748 0.4274243 0.725422 0.431056 0.7120481 0.4274243 0.725422 0.4608791 0.6830748 0.431056 0.7120481 0.4091541 0.721952 0.4274243 0.725422 0.4091541 0.721952 0.4104895 0.732129 0.4274243 0.725422 0.4282235 0.729782 0.4274243 0.725422 0.4104895 0.732129 0.5670604 0.657096 0.553029 0.6561552 0.5643189 0.6901259 0.5507731 0.6897921 0.5643189 0.6901259 0.553029 0.6561552 0.5670604 0.657096 0.5643189 0.6901259 0.571805 0.6564283 0.5684261 0.6902069 0.571805 0.6564283 0.5643189 0.6901259 0.5686689 0.6366913 0.5552951 0.6352851 0.5670604 0.657096 0.553029 0.6561552 0.5670604 0.657096 0.5552951 0.6352851 0.5686689 0.6366913 0.5670604 0.657096 0.5732719 0.6366407 0.571805 0.6564283 0.5732719 0.6366407 0.5670604 0.657096 0.5640963 0.6938892 0.5680316 0.6940208 0.5643189 0.6901259 0.5684261 0.6902069 0.5643189 0.6901259 0.5680316 0.6940208 0.0302053 0.6735958 0.03450477 0.6724021 0.03006368 0.6707228 0.0342822 0.6708138 0.03006368 0.6707228 0.03450477 0.6724021 0.2367309 0.9754782 0.2579752 0.9632172 0.2355574 0.9715429 0.2563161 0.9596764 0.2355574 0.9715429 0.2579752 0.9632172 0.2563161 0.9596764 0.2579752 0.9632172 0.2685873 0.9518363 0.2703374 0.9552454 0.2685873 0.9518363 0.2579752 0.9632172 0.2703374 0.9552454 0.2861392 0.9442388 0.2685873 0.9518363 0.2836809 0.9415883 0.2685873 0.9518363 0.2861392 0.9442388 0.2355574 0.9715429 0.2230232 0.978159 0.2367309 0.9754782 0.2240449 0.9824787 0.2367309 0.9754782 0.2230232 0.978159 0.02650272 0.6709453 0.01222854 0.6718356 0.02668482 0.6748705 0.0124005 0.6755584 0.02668482 0.6748705 0.01222854 0.6718356 0.02668482 0.6748705 0.0302053 0.6735958 0.02650272 0.6709453 0.03006368 0.6707228 0.02650272 0.6709453 0.0302053 0.6735958 0.260039 0.9650179 0.2391891 0.9776835 0.2664123 0.9730098 0.2467257 0.9878809 0.2664123 0.9730098 0.2391891 0.9776835 0.260039 0.9650179 0.2664123 0.9730098 0.2720976 0.956945 0.277864 0.9633588 0.2720976 0.956945 0.2664123 0.9730098 0.277864 0.9633588 0.2917133 0.9499647 0.2720976 0.956945 0.2874138 0.9455337 0.2720976 0.956945 0.2917133 0.9499647 0.2467257 0.9878809 0.2391891 0.9776835 0.23492 0.9963786 0.2267662 0.9850685 0.23492 0.9963786 0.2391891 0.9776835 0.260039 0.9650179 0.2579752 0.9632172 0.2391891 0.9776835 0.2367309 0.9754782 0.2391891 0.9776835 0.2579752 0.9632172 0.2391891 0.9776835 0.2367309 0.9754782 0.2267662 0.9850685 0.2874138 0.9455337 0.2861392 0.9442388 0.2720976 0.956945 0.2703374 0.9552454 0.2720976 0.956945 0.2861392 0.9442388 0.2720976 0.956945 0.2703374 0.9552454 0.260039 0.9650179 0.2579752 0.9632172 0.260039 0.9650179 0.2703374 0.9552454 0.2240449 0.9824787 0.2267662 0.9850685 0.2367309 0.9754782 0.093382 0.6515725 0.09328085 0.6333327 0.03824782 0.6519164 0.03814667 0.6335654 0.03824782 0.6519164 0.09328085 0.6333327 0.03814667 0.6335654 0.02131301 0.6353863 0.03824782 0.6519164 0.02136361 0.6520075 0.03824782 0.6519164 0.02131301 0.6353863 0.01769137 0.6336665 0.02131301 0.6353863 0.03814667 0.6335654 0.1300336 0.6335452 0.1300538 0.6512285 0.1384909 0.6335654 0.1384706 0.6512589 0.1384909 0.6335654 0.1300538 0.6512285 0.1052991 0.6512285 0.1052991 0.6335452 0.09691262 0.6513803 0.09682154 0.6334743 0.09691262 0.6513803 0.1052991 0.6335452 0.09682154 0.6334743 0.09328085 0.6333327 0.09691262 0.6513803 0.093382 0.6515725 0.09691262 0.6513803 0.09328085 0.6333327 0.1384706 0.6512589 0.1421934 0.6512589 0.1384909 0.6335654 0.1421934 0.6335654 0.1384909 0.6335654 0.1421934 0.6512589 0.4500141 0.7616082 0.4889216 0.7545672 0.4496499 0.7164083 0.4875053 0.7208595 0.4496499 0.7164083 0.4889216 0.7545672 0.4875053 0.7208595 0.4889216 0.7545672 0.5160841 0.7239146 0.517116 0.7518054 0.5160841 0.7239146 0.4889216 0.7545672 0.1932811 0.6993724 0.1860175 0.7368231 0.1949199 0.6982291 0.1891738 0.7373896 0.1949199 0.6982291 0.1860175 0.7368231 0.1860175 0.7368231 0.1799173 0.7632369 0.1891738 0.7373896 0.1814652 0.7649769 0.1891738 0.7373896 0.1799173 0.7632369 0.4496499 0.7164083 0.4875053 0.7208595 0.4505199 0.7125337 0.487819 0.7168534 0.4505199 0.7125337 0.4875053 0.7208595 0.4875053 0.7208595 0.5160841 0.7239146 0.487819 0.7168534 0.5158412 0.7199591 0.487819 0.7168534 0.5160841 0.7239146 0.5160841 0.7239146 0.517116 0.7518054 0.5201002 0.723692 0.5211422 0.7516536 0.5201002 0.723692 0.517116 0.7518054 0.517116 0.7518054 0.4889216 0.7545672 0.5168529 0.7557508 0.4892858 0.7585631 0.5168529 0.7557508 0.4889216 0.7545672 0.4889216 0.7545672 0.4500141 0.7616082 0.4892858 0.7585631 0.4509853 0.7654625 0.4892858 0.7585631 0.4500141 0.7616082 0.4500141 0.7616082 0.4496499 0.7164083 0.4459878 0.7617194 0.4456236 0.7164993 0.4459878 0.7617194 0.4496499 0.7164083 0.2873531 0.709074 0.2872722 0.7058873 0.2839338 0.7091649 0.2838427 0.7059783 0.2839338 0.7091649 0.2872722 0.7058873 0.3257751 0.7124932 0.3257751 0.709074 0.2873531 0.7124932 0.2873531 0.709074 0.2873531 0.7124932 0.3257751 0.709074 0.3256941 0.7024578 0.3257751 0.6992711 0.2872722 0.7024578 0.2873531 0.6992711 0.2872722 0.7024578 0.3257751 0.6992711 0.3256941 0.7058873 0.3256941 0.7024578 0.2872722 0.7058873 0.2872722 0.7024578 0.2872722 0.7058873 0.3256941 0.7024578 0.3257751 0.709074 0.3256941 0.7058873 0.2873531 0.709074 0.2872722 0.7058873 0.2873531 0.709074 0.3256941 0.7058873 0.3069485 0.689873 0.3068676 0.6866864 0.3035292 0.6899641 0.3034483 0.6867774 0.3035292 0.6899641 0.3068676 0.6866864 0.3453705 0.6933025 0.3453705 0.689873 0.3069485 0.6933025 0.3069485 0.689873 0.3069485 0.6933025 0.3453705 0.689873 0.3452895 0.6832671 0.3453705 0.6800804 0.3068676 0.6832671 0.3069485 0.6800804 0.3068676 0.6832671 0.3453705 0.6800804 0.3452895 0.6866864 0.3452895 0.6832671 0.3068676 0.6866864 0.3068676 0.6832671 0.3068676 0.6866864 0.3452895 0.6832671 0.3453705 0.689873 0.3452895 0.6866864 0.3069485 0.689873 0.3068676 0.6866864 0.3069485 0.689873 0.3452895 0.6866864 0.6095289 0.8442284 0.61571 0.87392 0.6293671 0.8442386 0.6095795 0.873748 0.61571 0.87392 0.6095289 0.8442284 0.61571 0.87392 0.6095795 0.873748 0.6113498 0.9025089 0.6089017 0.9024988 0.6113498 0.9025089 0.6095795 0.873748 0.61571 0.87392 0.6291344 0.8740414 0.6293671 0.8442386 0.6291344 0.8740414 0.6324627 0.8731714 0.6293671 0.8442386 0.633181 0.8435709 0.6293671 0.8442386 0.6324627 0.8731714 0.6324627 0.8731714 0.6608796 0.8659685 0.633181 0.8435709 0.663611 0.8420029 0.633181 0.8435709 0.6608796 0.8659685 0.663611 0.8420029 0.6643394 0.8377034 0.633181 0.8435709 0.633181 0.8435709 0.6643394 0.8377034 0.6644911 0.83654 0.6644911 0.83654 0.6643394 0.8377034 0.6792104 0.8346989 0.6790384 0.8383914 0.6792104 0.8346989 0.6643394 0.8377034 0.4827608 0.6313499 0.5334033 0.6312386 0.48269 0.6556292 0.5335449 0.654921 0.48269 0.6556292 0.5334033 0.6312386 0.4159321 0.9770361 0.4159321 0.9349824 0.4024369 0.9770361 0.4024672 0.9349824 0.4024369 0.9770361 0.4159321 0.9349824 0.2904285 0.6187044 0.3330588 0.6187247 0.2904285 0.5861095 0.3329476 0.5860893 0.2904285 0.5861095 0.3330588 0.6187247 0.6300044 0.7767726 0.6229938 0.7874048 0.6288714 0.8397065 0.6229432 0.8306827 0.6288714 0.8397065 0.6229938 0.7874048 0.6300044 0.7767726 0.6089725 0.7767726 0.6229938 0.7874048 0.6089725 0.7874048 0.6229938 0.7874048 0.6089725 0.7767726 0.6300044 0.7767726 0.6288714 0.8397065 0.6343747 0.7766715 0.6325638 0.8392007 0.6343747 0.7766715 0.6288714 0.8397065 0.6325638 0.8392007 0.6601917 0.8239856 0.6343747 0.7766715 0.6595442 0.7830953 0.6343747 0.7766715 0.6601917 0.8239856 0.6343747 0.7766715 0.6595442 0.7830953 0.7127259 0.7769446 0.6947593 0.7836518 0.7127259 0.7769446 0.6595442 0.7830953 0.7127259 0.7769446 0.6947593 0.7836518 0.7170961 0.8245117 0.6953055 0.8247343 0.7170961 0.8245117 0.6947593 0.7836518 0.6615574 0.8326756 0.6601917 0.8239856 0.6325638 0.8392007 0.6601917 0.8239856 0.6615574 0.8326756 0.6953055 0.8247343 0.7170961 0.8245117 0.6953055 0.8247343 0.6615574 0.8326756 0.6229432 0.8306827 0.6089523 0.8306827 0.6288714 0.8397065 0.6091344 0.8397065 0.6288714 0.8397065 0.6089523 0.8306827 0.3887596 0.9774812 0.4024369 0.9770361 0.3881728 0.9287406 0.4024672 0.9349824 0.3881728 0.9287406 0.4024369 0.9770361 0.4159321 0.9770361 0.4024369 0.9770361 0.4159321 0.9905111 0.4001 0.9905111 0.4159321 0.9905111 0.4024369 0.9770361 0.6335755 0.906434 0.6292154 0.9069499 0.6337576 0.9326859 0.6292356 0.9318261 0.6337576 0.9326859 0.6292154 0.9069499 0.6292356 0.9318261 0.6292154 0.9069499 0.6276069 0.9313 0.6292154 0.9069499 0.6335755 0.906434 0.6291951 0.878442 0.6331506 0.8775215 0.6291951 0.878442 0.6335755 0.906434 0.6292154 0.9069499 0.6291951 0.878442 0.6151839 0.9068487 0.6191192 0.8782802 0.6151839 0.9068487 0.6291951 0.878442 0.6151839 0.9068487 0.6220327 0.9283461 0.6292154 0.9069499 0.6252295 0.9283561 0.6292154 0.9069499 0.6220327 0.9283461 0.6252295 0.9283561 0.6276069 0.9313 0.6292154 0.9069499 0.6335755 0.906434 0.659443 0.8877187 0.6331506 0.8775215 0.6608998 0.8703085 0.6331506 0.8775215 0.659443 0.8877187 0.6337576 0.9326859 0.6399488 0.9322206 0.6335755 0.906434 0.6399488 0.9322206 0.6442786 0.9275873 0.6335755 0.906434 0.6442786 0.9275873 0.6502776 0.9145979 0.6335755 0.906434 0.6502776 0.9145979 0.659443 0.8877187 0.6335755 0.906434 0.6220327 0.9283461 0.6151839 0.9068487 0.6092254 0.9283561 0.6092052 0.907041 0.6092254 0.9283561 0.6151839 0.9068487 0.2904285 0.5773588 0.2904285 0.5861095 0.3368019 0.5773285 0.3329476 0.5860893 0.3368019 0.5773285 0.2904285 0.5861095 0.2816778 0.6257049 0.2904285 0.6187044 0.2816778 0.5860994 0.2904285 0.5861095 0.2816778 0.5860994 0.2904285 0.6187044 0.336812 0.6299437 0.3330588 0.6187247 0.2904285 0.6299033 0.2904285 0.6187044 0.2904285 0.6299033 0.3330588 0.6187247 0.3425177 0.5860792 0.3329476 0.5860893 0.3425986 0.6256949 0.3330588 0.6187247 0.3425986 0.6256949 0.3329476 0.5860893 0.4384612 0.645098 0.4076468 0.6443899 0.4384612 0.6314713 0.4076468 0.6314713 0.4384612 0.6314713 0.4076468 0.6443899 0.4384612 0.6314713 0.4523914 0.6314713 0.4384612 0.645098 0.4523914 0.6458062 0.4384612 0.645098 0.4523914 0.6314713 0.4076468 0.6443899 0.3902163 0.641446 0.4076468 0.6314713 0.3893564 0.6440662 0.3902163 0.641446 0.4076468 0.6443899 0.3901961 0.6314713 0.4076468 0.6314713 0.3902163 0.641446 0.4062608 0.6444303 0.4467061 0.6451385 0.4058259 0.6538082 0.4475356 0.6546984 0.4058259 0.6538082 0.4467061 0.6451385 0.4467061 0.6451385 0.4713191 0.6458062 0.4475356 0.6546984 0.48269 0.6556292 0.4475356 0.6546984 0.4713191 0.6458062 0.48269 0.6556292 0.4713191 0.6458062 0.4827608 0.6313499 0.4713293 0.6314612 0.4827608 0.6313499 0.4713191 0.6458062 0.4713293 0.6314612 0.4713191 0.6458062 0.4523914 0.6314713 0.4523914 0.6458062 0.4523914 0.6314713 0.4713191 0.6458062 0.4058259 0.6538082 0.3817286 0.653616 0.4062608 0.6444303 0.3851581 0.643965 0.4062608 0.6444303 0.3817286 0.653616 0.4144956 0.6894886 0.4408689 0.6695088 0.4185724 0.7017699 0.4544754 0.6760541 0.4185724 0.7017699 0.4408689 0.6695088 0.4408689 0.6695088 0.4535548 0.6599893 0.4544754 0.6760541 0.4739696 0.6580571 0.4544754 0.6760541 0.4535548 0.6599893 0.4144956 0.6894886 0.4185724 0.7017699 0.3965289 0.7003941 0.4144956 0.6894886 0.3965289 0.7003941 0.3955072 0.6958012 0.3965795 0.7087097 0.3965289 0.7003941 0.4185724 0.7017699 0.2316322 0.6807683 0.2291638 0.6806874 0.2315513 0.6830648 0.2290829 0.6829838 0.2315513 0.6830648 0.2291638 0.6806874 0.2315412 0.6855432 0.2556383 0.6855837 0.2315513 0.6830648 0.2556383 0.6831153 0.2315513 0.6830648 0.2556383 0.6855837 0.2315513 0.6830648 0.2556383 0.6831153 0.2316322 0.6807683 0.2557192 0.6808088 0.2316322 0.6807683 0.2556383 0.6831153 0.2316322 0.6807683 0.2557192 0.6808088 0.2316322 0.6782999 0.2557192 0.6783404 0.2316322 0.6782999 0.2557192 0.6808088 0.231612 0.6878397 0.255699 0.6878801 0.2315412 0.6855432 0.2556383 0.6855837 0.2315412 0.6855432 0.255699 0.6878801 0.7170961 0.8245117 0.74003 0.822367 0.7127259 0.7769446 0.7357205 0.7749112 0.7127259 0.7769446 0.74003 0.822367 0.4001405 0.919565 0.4024672 0.9349824 0.4159321 0.919565 0.4159321 0.9349824 0.4159321 0.919565 0.4024672 0.9349824 0.5367821 0.6317444 0.5410613 0.6324425 0.5335449 0.654921 0.5381479 0.6553459 0.5335449 0.654921 0.5410613 0.6324425 0.6151839 0.9068487 0.6113498 0.9025089 0.6092052 0.907041 0.6089017 0.9024988 0.6092052 0.907041 0.6113498 0.9025089 0.6191192 0.8782802 0.61571 0.87392 0.6151839 0.9068487 0.6113498 0.9025089 0.6151839 0.9068487 0.61571 0.87392 0.6291951 0.878442 0.6291344 0.8740414 0.6191192 0.8782802 0.61571 0.87392 0.6191192 0.8782802 0.6291344 0.8740414 0.6291344 0.8740414 0.6291951 0.878442 0.6324627 0.8731714 0.6331506 0.8775215 0.6324627 0.8731714 0.6291951 0.878442 0.6331506 0.8775215 0.6608998 0.8703085 0.6324627 0.8731714 0.6608796 0.8659685 0.6324627 0.8731714 0.6608998 0.8703085 0.6325638 0.8392007 0.633181 0.8435709 0.6615574 0.8326756 0.6644911 0.83654 0.6615574 0.8326756 0.633181 0.8435709 0.633181 0.8435709 0.6325638 0.8392007 0.6293671 0.8442386 0.6288714 0.8397065 0.6293671 0.8442386 0.6325638 0.8392007 0.6293671 0.8442386 0.6288714 0.8397065 0.6095289 0.8442284 0.6091344 0.8397065 0.6095289 0.8442284 0.6288714 0.8397065 0.6792104 0.8346989 0.6615574 0.8326756 0.6644911 0.83654 0.6615574 0.8326756 0.6792104 0.8346989 0.7170961 0.8245117 0.7157608 0.8286189 0.7170961 0.8245117 0.6792104 0.8346989 0.7170961 0.8245117 0.7188463 0.8284976 0.74003 0.822367 0.7404144 0.826444 0.74003 0.822367 0.7188463 0.8284976 0.5410613 0.6324425 0.5525435 0.6342229 0.5381479 0.6553459 0.5498626 0.6557506 0.5381479 0.6553459 0.5525435 0.6342229 0.5716229 0.6926449 0.5684261 0.6902069 0.5747489 0.6559428 0.571805 0.6564283 0.5747489 0.6559428 0.5684261 0.6902069 0.5747489 0.6559428 0.571805 0.6564283 0.5763877 0.6366205 0.5732719 0.6366407 0.5763877 0.6366205 0.571805 0.6564283 0.5498626 0.6557506 0.553029 0.6561552 0.5471312 0.6902474 0.5507731 0.6897921 0.5471312 0.6902474 0.553029 0.6561552 0.553029 0.6561552 0.5498626 0.6557506 0.5552951 0.6352851 0.5525435 0.6342229 0.5552951 0.6352851 0.5498626 0.6557506 0.5381479 0.6553459 0.536074 0.6901867 0.5335449 0.654921 0.5315824 0.6902474 0.5335449 0.654921 0.536074 0.6901867 0.536074 0.6901867 0.5381479 0.6553459 0.5471312 0.6902474 0.5498626 0.6557506 0.5471312 0.6902474 0.5381479 0.6553459 0.5315824 0.6902474 0.5090532 0.6893369 0.5335449 0.654921 0.5090532 0.6893369 0.480869 0.6778447 0.5335449 0.654921 0.48269 0.6556292 0.5335449 0.654921 0.480869 0.6778447 0.480869 0.6778447 0.4778442 0.6785731 0.48269 0.6556292 0.48269 0.6556292 0.4778442 0.6785731 0.4608791 0.6830748 0.4778442 0.6785731 0.4274243 0.725422 0.4608791 0.6830748 0.431056 0.7120481 0.4608791 0.6830748 0.4274243 0.725422 0.4091541 0.721952 0.431056 0.7120481 0.4274243 0.725422 0.4091541 0.721952 0.4274243 0.725422 0.4104895 0.732129 0.4282235 0.729782 0.4104895 0.732129 0.4274243 0.725422 0.5507731 0.6897921 0.553029 0.6561552 0.5643189 0.6901259 0.5670604 0.657096 0.5643189 0.6901259 0.553029 0.6561552 0.5670604 0.657096 0.571805 0.6564283 0.5643189 0.6901259 0.5684261 0.6902069 0.5643189 0.6901259 0.571805 0.6564283 0.553029 0.6561552 0.5552951 0.6352851 0.5670604 0.657096 0.5686689 0.6366913 0.5670604 0.657096 0.5552951 0.6352851 0.5686689 0.6366913 0.5732719 0.6366407 0.5670604 0.657096 0.571805 0.6564283 0.5670604 0.657096 0.5732719 0.6366407 0.5684261 0.6902069 0.5680316 0.6940208 0.5643189 0.6901259 0.5640963 0.6938892 0.5643189 0.6901259 0.5680316 0.6940208 0.3705906 0.8708345 0.3654615 0.8849266 0.3734434 0.8693778 0.3734434 0.8693778 0.3654615 0.8849266 0.3920069 0.8767931 0.3920069 0.8767931 0.3654615 0.8849266 0.3855223 0.8944158 0.3855223 0.8944158 0.3654615 0.8849266 0.3666856 0.8879109 0.3654615 0.8849266 0.3622344 0.8865148 0.3666856 0.8879109 0.3622344 0.8865148 0.3632258 0.8894587 0.3666856 0.8879109 0.3608991 0.8828225 0.343681 0.8764289 0.3622344 0.8865148 0.3423254 0.8794335 0.3622344 0.8865148 0.343681 0.8764289 0.343681 0.8764289 0.31577 0.8644815 0.3423254 0.8794335 0.3691338 0.867567 0.3705906 0.8708345 0.3734434 0.8693778 0.3733928 0.8662215 0.3691338 0.867567 0.3734434 0.8693778 0.3691338 0.867567 0.3489416 0.8607586 0.3656841 0.8696306 0.3480715 0.8639149 0.3656841 0.8696306 0.3489416 0.8607586 0.3480715 0.8639149 0.3489416 0.8607586 0.3191387 0.8550631 0.3733928 0.7537782 0.3767312 0.7683659 0.3749001 0.7509961 0.3749001 0.7509961 0.3767312 0.7683659 0.3945562 0.7467776 0.3945562 0.7467776 0.3767312 0.7683659 0.3987949 0.7650173 0.3987949 0.7650173 0.3767312 0.7683659 0.3792906 0.7701666 0.3703781 0.7518155 0.3733928 0.7537782 0.3749001 0.7509961 0.3717236 0.748983 0.3703781 0.7518155 0.3749001 0.7509961 0.3703781 0.7518155 0.3497711 0.7564589 0.3686078 0.7553158 0.3507524 0.7596152 0.3686078 0.7553158 0.3497711 0.7564589 0.3507524 0.7596152 0.3497711 0.7564589 0.3216375 0.7681736 0.07712501 0.7018103 0.07305818 0.7025995 0.08290141 0.7454119 0.09456562 0.6965701 0.108597 0.737076 0.09884482 0.6946176 0.2035289 0.6970152 0.1992598 0.6950324 0.1891738 0.7373896 0.2778033 0.7915122 0.2714907 0.7811024 0.2775605 0.7928373 0.2714907 0.7811024 0.2687289 0.7970559 0.2775605 0.7928373 0.2702261 0.780728 0.2687289 0.7970559 0.2714907 0.7811024 0.2626489 0.7853209 0.2687289 0.7970559 0.2702261 0.780728 0.262396 0.7866158 0.2687289 0.7970559 0.2626489 0.7853209 0.2687289 0.7970559 0.2700036 0.7974302 0.2775605 0.7928373 0.2209291 0.702387 0.2147884 0.7459278 0.2249959 0.7032165 0.3734434 0.8693778 0.3920069 0.8767931 0.3937975 0.8728983 0.2749404 0.8090944 0.2817689 0.8192208 0.2751225 0.8077894 0.2817689 0.8192208 0.2824467 0.8028424 0.2751225 0.8077894 0.2837517 0.8031763 0.2824467 0.8028424 0.2817689 0.8192208 0.290388 0.8145774 0.2837517 0.8031763 0.2817689 0.8192208 0.2830436 0.8195345 0.290388 0.8145774 0.2817689 0.8192208 0.2905701 0.8132724 0.2837517 0.8031763 0.290388 0.8145774 0.3843994 0.898604 0.3855223 0.8944158 0.3666856 0.8879109 0.3749001 0.7509961 0.3945562 0.7467776 0.3939189 0.7424073 0.4001101 0.769074 0.3987949 0.7650173 0.3792906 0.7701666 0.2601907 0.6505103 0.2602716 0.6343443 0.2579145 0.6516231 0.2579954 0.6332113 0.2579145 0.6516231 0.2602716 0.6343443 0.2602716 0.6343443 0.2617992 0.6328269 0.2579954 0.6332113 0.2609393 0.6302371 0.2579954 0.6332113 0.2617992 0.6328269 0.2617992 0.6328269 0.2770445 0.6328572 0.2609393 0.6302371 0.2779348 0.6302776 0.2609393 0.6302371 0.2770445 0.6328572 0.2770445 0.6328572 0.2785215 0.6343747 0.2779348 0.6302776 0.2808079 0.6332214 0.2779348 0.6302776 0.2785215 0.6343747 0.2785215 0.6343747 0.2784406 0.6505507 0.2808079 0.6332214 0.2807168 0.6517141 0.2808079 0.6332214 0.2784406 0.6505507 0.2784406 0.6505507 0.2769636 0.6520581 0.2807168 0.6517141 0.2778336 0.6546479 0.2807168 0.6517141 0.2769636 0.6520581 0.2778336 0.6546479 0.2769636 0.6520581 0.2607774 0.6546074 0.2579145 0.6516231 0.2607774 0.6546074 0.2601907 0.6505103 0.2616677 0.6520277 0.2607774 0.6546074 0.2769636 0.6520581 0.2616677 0.6520277 0.2601907 0.6505103 0.2607774 0.6546074 0.1275753 0.6346478 0.1275753 0.650136 0.1300336 0.6335452 0.1300538 0.6512285 0.1300336 0.6335452 0.1275753 0.650136 0.1275753 0.650136 0.1259668 0.6516029 0.1300538 0.6512285 0.1269177 0.6540713 0.1300538 0.6512285 0.1259668 0.6516029 0.1269177 0.6540713 0.1259668 0.6516029 0.108425 0.6540713 0.109376 0.6515927 0.108425 0.6540713 0.1259668 0.6516029 0.109376 0.6515927 0.1077776 0.650136 0.108425 0.6540713 0.1052991 0.6512285 0.108425 0.6540713 0.1077776 0.650136 0.1077776 0.650136 0.1077776 0.6346377 0.1052991 0.6512285 0.1052991 0.6335452 0.1052991 0.6512285 0.1077776 0.6346377 0.1077776 0.6346377 0.109376 0.633181 0.1052991 0.6335452 0.108425 0.6307126 0.1052991 0.6335452 0.109376 0.633181 0.109376 0.633181 0.1259162 0.633181 0.108425 0.6307126 0.126857 0.6307126 0.108425 0.6307126 0.1259162 0.633181 0.1259162 0.633181 0.1275753 0.6346478 0.126857 0.6307126 0.1300336 0.6335452 0.126857 0.6307126 0.1275753 0.6346478 0.2682939 0.8198885 0.2607471 0.8152856 0.2665235 0.8251895 0.2547178 0.8180169 0.2665235 0.8251895 0.2607471 0.8152856 0.2665235 0.8251895 0.2684052 0.8256448 0.2682939 0.8198885 0.2695787 0.820192 0.2682939 0.8198885 0.2684052 0.8256448 0.2684052 0.8256448 0.2832054 0.8252906 0.2695787 0.820192 0.2817891 0.8198987 0.2695787 0.820192 0.2832054 0.8252906 0.2832054 0.8252906 0.2850567 0.8247444 0.2817891 0.8198987 0.2830436 0.8195345 0.2817891 0.8198987 0.2850567 0.8247444 0.2850567 0.8247444 0.2965286 0.8170256 0.2830436 0.8195345 0.290388 0.8145774 0.2830436 0.8195345 0.2965286 0.8170256 0.291774 0.8000807 0.2922494 0.8013352 0.2982687 0.7988465 0.2989667 0.8006877 0.2982687 0.7988465 0.2922494 0.8013352 0.2922494 0.8013352 0.2910861 0.8134646 0.2989667 0.8006877 0.2975605 0.8153867 0.2989667 0.8006877 0.2910861 0.8134646 0.2910861 0.8134646 0.290388 0.8145774 0.2975605 0.8153867 0.2965286 0.8170256 0.2975605 0.8153867 0.290388 0.8145774 0.2775605 0.7928373 0.2700036 0.7974302 0.2835797 0.7955789 0.2717537 0.8027312 0.2835797 0.7955789 0.2700036 0.7974302 0.2700036 0.7974302 0.2687188 0.7977337 0.2717537 0.8027312 0.2698721 0.8031865 0.2717537 0.8027312 0.2687188 0.7977337 0.2687188 0.7977337 0.2565084 0.79741 0.2698721 0.8031865 0.2550718 0.8027818 0.2698721 0.8031865 0.2565084 0.79741 0.2565084 0.79741 0.2552539 0.7970255 0.2550718 0.8027818 0.2532205 0.8022354 0.2550718 0.8027818 0.2552539 0.7970255 0.2552539 0.7970255 0.2479297 0.7920381 0.2532205 0.8022354 0.2417789 0.7944559 0.2532205 0.8022354 0.2479297 0.7920381 0.2796546 0.7784216 0.2800795 0.779676 0.28621 0.7775009 0.286817 0.7793421 0.28621 0.7775009 0.2800795 0.779676 0.2800795 0.779676 0.2783293 0.7917246 0.286817 0.7793421 0.2847027 0.7939501 0.286817 0.7793421 0.2783293 0.7917246 0.2783293 0.7917246 0.2775605 0.7928373 0.2847027 0.7939501 0.2835797 0.7955789 0.2847027 0.7939501 0.2775605 0.7928373 0.3802921 0.8199289 0.3726543 0.8614162 0.3831955 0.820101 0.3756892 0.8593323 0.3831955 0.820101 0.3726543 0.8614162 0.3831955 0.820101 0.3804237 0.7803841 0.3802921 0.8199289 0.377672 0.7779461 0.3802921 0.8199289 0.3804237 0.7803841 0.3802921 0.8199289 0.3572875 0.8184722 0.3726543 0.8614162 0.3802921 0.8199289 0.377672 0.7779461 0.3572875 0.8184722 0.3498217 0.8565199 0.3726543 0.8614162 0.3572875 0.8184722 0.3572875 0.8184722 0.3257346 0.8167018 0.3498217 0.8565199 0.3198772 0.8505613 0.3498217 0.8565199 0.3257346 0.8167018 0.3544549 0.7801009 0.3572875 0.8184722 0.377672 0.7779461 0.3572875 0.8184722 0.3544549 0.7801009 0.3257346 0.8167018 0.3239844 0.7824984 0.3257346 0.8167018 0.3544549 0.7801009 0.3198772 0.8505613 0.3257346 0.8167018 0.317682 0.8162163 0.3257346 0.8167018 0.3239844 0.7824984 0.317682 0.8162163 0.3120472 0.8460495 0.3198772 0.8505613 0.317682 0.8162163 0.3142424 0.8493474 0.3198772 0.8505613 0.3120472 0.8460495 0.3239844 0.7824984 0.3181777 0.7830346 0.317682 0.8162163 0.317682 0.8162163 0.3181777 0.7830346 0.3156283 0.7859785 0.3566198 0.9366515 0.3741515 0.9036824 0.3539188 0.9372788 0.3539188 0.9372788 0.3741515 0.9036824 0.3427706 0.9287608 0.3741515 0.9036824 0.3611317 0.8936166 0.3427706 0.9287608 0.373069 0.9 0.3611317 0.8936166 0.3741515 0.9036824 0.3427706 0.9287608 0.3611317 0.8936166 0.3246117 0.9148812 0.3403022 0.8832776 0.3246117 0.9148812 0.3611317 0.8936166 0.3246117 0.9148812 0.3403022 0.8832776 0.2997355 0.8957815 0.313423 0.868356 0.2997355 0.8957815 0.3403022 0.8832776 0.2997355 0.8957815 0.313423 0.868356 0.2942424 0.8852504 0.2949101 0.8906525 0.2997355 0.8957815 0.2942424 0.8852504 0.313423 0.868356 0.3083142 0.8656752 0.2942424 0.8852504 0.2942424 0.8852504 0.3083142 0.8656752 0.3045509 0.8667981 0.4037318 0.8213757 0.4151936 0.8220838 0.4001101 0.769074 0.4151936 0.8220838 0.4083043 0.767162 0.4001101 0.769074 0.4113292 0.7693877 0.4083043 0.767162 0.4151936 0.8220838 0.3937975 0.8728983 0.4151936 0.8220838 0.4037318 0.8213757 0.4017793 0.8757915 0.4151936 0.8220838 0.3937975 0.8728983 0.4050469 0.8739504 0.4151936 0.8220838 0.4017793 0.8757915 0.4037318 0.8213757 0.4001101 0.769074 0.3874848 0.8203641 0.3844904 0.7781686 0.3874848 0.8203641 0.4001101 0.769074 0.3874848 0.8203641 0.3794525 0.8620333 0.4037318 0.8213757 0.3794525 0.8620333 0.3937975 0.8728983 0.4037318 0.8213757 0.378977 0.7732723 0.3844904 0.7781686 0.4001101 0.769074 0.4001101 0.769074 0.3792906 0.7701666 0.378977 0.7732723 0.3734434 0.8693778 0.3937975 0.8728983 0.3733928 0.8662215 0.3794525 0.8620333 0.3733928 0.8662215 0.3938076 0.8729286 0.3489416 0.8607586 0.3691338 0.867567 0.3733928 0.8662215 0.378977 0.7732723 0.3749001 0.7714311 0.3540705 0.7757812 0.3678895 0.7006268 0.3562152 0.7074957 0.3705804 0.7015777 0.3562152 0.7074957 0.382801 0.7397366 0.3705804 0.7015777 0.3702061 0.744643 0.382801 0.7397366 0.3562152 0.7074957 0.3705804 0.7015777 0.382801 0.7397366 0.3843083 0.7362364 0.3562152 0.7074957 0.3365288 0.7190992 0.3702061 0.744643 0.3482941 0.7524529 0.3702061 0.744643 0.3365288 0.7190992 0.3365288 0.7190992 0.3095181 0.7350528 0.3482941 0.7524529 0.3198671 0.7640867 0.3482941 0.7524529 0.3095181 0.7350528 0.3095181 0.7350528 0.3040957 0.7395443 0.3198671 0.7640867 0.3198671 0.7640867 0.3040957 0.7395443 0.3107826 0.7644914 0.3144447 0.7660999 0.3198671 0.7640867 0.3107826 0.7644914 0.3107826 0.7644914 0.3040957 0.7395443 0.3027604 0.7448352 0.377672 0.7779461 0.3804237 0.7803841 0.378977 0.7732723 0.3844904 0.7781686 0.378977 0.7732723 0.3804237 0.7803841 0.3804237 0.7803841 0.3831955 0.820101 0.3844904 0.7781686 0.3874848 0.8203641 0.3844904 0.7781686 0.3831955 0.820101 0.3831955 0.820101 0.3756892 0.8593323 0.3874848 0.8203641 0.3794525 0.8620333 0.3874848 0.8203641 0.3756892 0.8593323 0.3756892 0.8593323 0.3726543 0.8614162 0.3794525 0.8620333 0.3733928 0.8662215 0.3794525 0.8620333 0.3726543 0.8614162 0.3726543 0.8614162 0.3498217 0.8565199 0.3733928 0.8662215 0.3489416 0.8607586 0.3733928 0.8662215 0.3498217 0.8565199 0.3498217 0.8565199 0.3198772 0.8505613 0.3489416 0.8607586 0.3191387 0.8550631 0.3489416 0.8607586 0.3198772 0.8505613 0.3198772 0.8505613 0.3142424 0.8493474 0.3191387 0.8550631 0.3118853 0.8533636 0.3191387 0.8550631 0.3142424 0.8493474 0.3142424 0.8493474 0.3120472 0.8460495 0.3118853 0.8533636 0.3078287 0.8471825 0.3118853 0.8533636 0.3120472 0.8460495 0.3120472 0.8460495 0.317682 0.8162163 0.3078287 0.8471825 0.3135646 0.8159633 0.3078287 0.8471825 0.317682 0.8162163 0.317682 0.8162163 0.3156283 0.7859785 0.3135646 0.8159633 0.3116021 0.7843195 0.3135646 0.8159633 0.3156283 0.7859785 0.3156283 0.7859785 0.3181777 0.7830346 0.3116021 0.7843195 0.3163871 0.7786846 0.3116021 0.7843195 0.3181777 0.7830346 0.3181777 0.7830346 0.3239844 0.7824984 0.3163871 0.7786846 0.3237821 0.7779259 0.3163871 0.7786846 0.3239844 0.7824984 0.3239844 0.7824984 0.3544549 0.7801009 0.3237821 0.7779259 0.3540705 0.7757812 0.3237821 0.7779259 0.3544549 0.7801009 0.3544549 0.7801009 0.377672 0.7779461 0.3540705 0.7757812 0.378977 0.7732723 0.3540705 0.7757812 0.377672 0.7779461 0.3246117 0.9148812 0.2997355 0.8957815 0.321769 0.9185331 0.2968726 0.8992918 0.321769 0.9185331 0.2997355 0.8957815 0.2997355 0.8957815 0.2949101 0.8906525 0.2968726 0.8992918 0.2910557 0.8928073 0.2968726 0.8992918 0.2949101 0.8906525 0.321769 0.9185331 0.3399177 0.9321801 0.3246117 0.9148812 0.3427706 0.9287608 0.3246117 0.9148812 0.3399177 0.9321801 0.3399177 0.9321801 0.3527352 0.9418109 0.3427706 0.9287608 0.3539188 0.9372788 0.3427706 0.9287608 0.3527352 0.9418109 0.2949101 0.8906525 0.2942424 0.8852504 0.2910557 0.8928073 0.2901047 0.8845624 0.2910557 0.8928073 0.2942424 0.8852504 0.2942424 0.8852504 0.3045509 0.8667981 0.2901047 0.8845624 0.3019814 0.8633282 0.2901047 0.8845624 0.3045509 0.8667981 0.3045509 0.8667981 0.3083142 0.8656752 0.3019814 0.8633282 0.3090932 0.8611532 0.3019814 0.8633282 0.3083142 0.8656752 0.3083142 0.8656752 0.313423 0.868356 0.3090932 0.8611532 0.31577 0.8644815 0.3090932 0.8611532 0.313423 0.868356 0.313423 0.868356 0.3403022 0.8832776 0.31577 0.8644815 0.3423254 0.8794335 0.31577 0.8644815 0.3403022 0.8832776 0.3403022 0.8832776 0.3611317 0.8936166 0.3423254 0.8794335 0.3632258 0.8894587 0.3423254 0.8794335 0.3611317 0.8936166 0.3611317 0.8936166 0.373069 0.9 0.3632258 0.8894587 0.3766503 0.8969955 0.3632258 0.8894587 0.373069 0.9 0.373069 0.9 0.3741515 0.9036824 0.3766503 0.8969955 0.3786634 0.9040769 0.3766503 0.8969955 0.3741515 0.9036824 0.3741515 0.9036824 0.3566198 0.9366515 0.3786634 0.9040769 0.3593209 0.9403238 0.3786634 0.9040769 0.3566198 0.9366515 0.3566198 0.9366515 0.3539188 0.9372788 0.3593209 0.9403238 0.3527352 0.9418109 0.3593209 0.9403238 0.3539188 0.9372788 0.3095181 0.7350528 0.3365288 0.7190992 0.3071002 0.7312996 0.3341514 0.7152247 0.3071002 0.7312996 0.3365288 0.7190992 0.3365288 0.7190992 0.3562152 0.7074957 0.3341514 0.7152247 0.3537873 0.7038235 0.3341514 0.7152247 0.3562152 0.7074957 0.3562152 0.7074957 0.3678895 0.7006268 0.3537873 0.7038235 0.3672117 0.6960542 0.3537873 0.7038235 0.3678895 0.7006268 0.3071002 0.7312996 0.3005247 0.7369849 0.3095181 0.7350528 0.3040957 0.7395443 0.3095181 0.7350528 0.3005247 0.7369849 0.3678895 0.7006268 0.3705804 0.7015777 0.3672117 0.6960542 0.3735951 0.6982898 0.3672117 0.6960542 0.3705804 0.7015777 0.3705804 0.7015777 0.3843083 0.7362364 0.3735951 0.6982898 0.3887393 0.7363679 0.3735951 0.6982898 0.3843083 0.7362364 0.3843083 0.7362364 0.382801 0.7397366 0.3887393 0.7363679 0.3859168 0.7431256 0.3887393 0.7363679 0.382801 0.7397366 0.382801 0.7397366 0.3702061 0.744643 0.3859168 0.7431256 0.3717236 0.748983 0.3859168 0.7431256 0.3702061 0.744643 0.3702061 0.744643 0.3482941 0.7524529 0.3717236 0.748983 0.3497711 0.7564589 0.3717236 0.748983 0.3482941 0.7524529 0.3482941 0.7524529 0.3198671 0.7640867 0.3497711 0.7564589 0.3216375 0.7681736 0.3497711 0.7564589 0.3198671 0.7640867 0.3198671 0.7640867 0.3144447 0.7660999 0.3216375 0.7681736 0.3145863 0.7706421 0.3216375 0.7681736 0.3144447 0.7660999 0.3144447 0.7660999 0.3107826 0.7644914 0.3145863 0.7706421 0.3077983 0.7675869 0.3145863 0.7706421 0.3107826 0.7644914 0.3107826 0.7644914 0.3027604 0.7448352 0.3077983 0.7675869 0.2985722 0.7450376 0.3077983 0.7675869 0.3027604 0.7448352 0.3027604 0.7448352 0.3040957 0.7395443 0.2985722 0.7450376 0.3005247 0.7369849 0.2985722 0.7450376 0.3040957 0.7395443 0.3705906 0.8708345 0.366888 0.8723925 0.3654615 0.8849266 0.36359 0.8814365 0.3654615 0.8849266 0.366888 0.8723925 0.3717337 0.7689628 0.3535748 0.7725338 0.3749001 0.7714311 0.3540705 0.7757812 0.3749001 0.7714311 0.3535748 0.7725338 0.3535748 0.7725338 0.3237821 0.7779259 0.3540705 0.7757812 0.3792906 0.7701666 0.3749001 0.7714311 0.378977 0.7732723 0.3792906 0.7701666 0.3767312 0.7683659 0.3749001 0.7714311 0.3733928 0.7537782 0.3711065 0.7570254 0.3767312 0.7683659 0.3732511 0.7663628 0.3767312 0.7683659 0.3711065 0.7570254 0.36359 0.8814365 0.3608991 0.8828225 0.3654615 0.8849266 0.3622344 0.8865148 0.3654615 0.8849266 0.3608991 0.8828225 0.3656841 0.8696306 0.366888 0.8723925 0.3691338 0.867567 0.3705906 0.8708345 0.3691338 0.867567 0.366888 0.8723925 0.3732511 0.7663628 0.3717337 0.7689628 0.3767312 0.7683659 0.3749001 0.7714311 0.3767312 0.7683659 0.3717337 0.7689628 0.3686078 0.7553158 0.3711065 0.7570254 0.3703781 0.7518155 0.3733928 0.7537782 0.3703781 0.7518155 0.3711065 0.7570254 0.1156279 0.6724021 0.1539891 0.6722503 0.1154357 0.6604041 0.1539385 0.6602523 0.1154357 0.6604041 0.1539891 0.6722503 0.1156279 0.6724021 0.1154357 0.6604041 0.07714521 0.6724021 0.07693278 0.6604041 0.07714521 0.6724021 0.1154357 0.6604041 0.1539891 0.6722503 0.1911061 0.6669999 0.1539385 0.6602523 0.1539891 0.6722503 0.1966195 0.6720885 0.1911061 0.6669999 0.1947581 0.67048 0.1911061 0.6669999 0.1966195 0.6720885 0.1966195 0.6720885 0.1966195 0.6704901 0.1947581 0.67048 0.1913489 0.6601107 0.1539385 0.6602523 0.1911061 0.6669999 0.07714521 0.6724021 0.07693278 0.6604041 0.0397855 0.6672933 0.07714521 0.6724021 0.0397855 0.6672933 0.03450477 0.6724021 0.0361436 0.6707936 0.03450477 0.6724021 0.0397855 0.6672933 0.0342822 0.6708138 0.03450477 0.6724021 0.0361436 0.6707936 0.03951233 0.6604041 0.0397855 0.6672933 0.07693278 0.6604041 0.1089005 0.8496609 0.11929 0.8638644 0.1245708 0.8445218 0.1279698 0.8620839 0.1245708 0.8445218 0.11929 0.8638644 0.1279698 0.8620839 0.1483948 0.8607789 0.1245708 0.8445218 0.1484656 0.84262 0.1245708 0.8445218 0.1483948 0.8607789 0.1484656 0.84262 0.1483948 0.8607789 0.1723402 0.8447141 0.1688095 0.8622356 0.1723402 0.8447141 0.1483948 0.8607789 0.1688095 0.8622356 0.1774793 0.8640869 0.1723402 0.8447141 0.18797 0.8499644 0.1723402 0.8447141 0.1774793 0.8640869 0.2841058 0.6593216 0.2836202 0.6719368 0.3020927 0.6602119 0.3013238 0.6728169 0.3020927 0.6602119 0.2836202 0.6719368 0.2841058 0.6593216 0.2678387 0.6588967 0.2836202 0.6719368 0.2676566 0.671522 0.2836202 0.6719368 0.2678387 0.6588967 0.2836202 0.6719368 0.2835494 0.6742736 0.3013238 0.6728169 0.2836202 0.6719368 0.2676566 0.671522 0.2835494 0.6742736 0.3011417 0.6751234 0.3013238 0.6728169 0.2835494 0.6742736 0.267606 0.6738588 0.2835494 0.6742736 0.2676566 0.671522 0.3013238 0.6728169 0.3011417 0.6751234 0.3098317 0.6735654 0.3095788 0.6759226 0.3098317 0.6735654 0.3011417 0.6751234 0.3013238 0.6728169 0.3098317 0.6735654 0.3054513 0.6634693 0.3106511 0.6639144 0.3054513 0.6634693 0.3098317 0.6735654 0.3041564 0.6624577 0.3020927 0.6602119 0.3013238 0.6728169 0.3054513 0.6634693 0.3041564 0.6624577 0.3013238 0.6728169 0.2676566 0.671522 0.2678387 0.6588967 0.2516423 0.6715118 0.2516626 0.6588967 0.2516423 0.6715118 0.2678387 0.6588967 0.2516626 0.6588967 0.2338173 0.6588967 0.2516423 0.6715118 0.2338679 0.671522 0.2516423 0.6715118 0.2338173 0.6588967 0.2516423 0.6715118 0.2338679 0.671522 0.2516221 0.6738386 0.2516423 0.6715118 0.2516221 0.6738386 0.2676566 0.671522 0.267606 0.6738588 0.2676566 0.671522 0.2516221 0.6738386 0.2339286 0.6738285 0.2516221 0.6738386 0.2338679 0.671522 0.2338679 0.671522 0.2253296 0.6716029 0.2339286 0.6738285 0.2254208 0.6739802 0.2339286 0.6738285 0.2253296 0.6716029 0.2253296 0.6716029 0.2338679 0.671522 0.2252792 0.6619013 0.2304587 0.6618912 0.2252792 0.6619013 0.2338679 0.671522 0.2338173 0.6588967 0.2317334 0.6609807 0.2338679 0.671522 0.2338679 0.671522 0.2317334 0.6609807 0.2304587 0.6618912 0.03749918 0.9305008 0.05209714 0.9283662 0.03705406 0.9134346 0.05239051 0.9137582 0.03705406 0.9134346 0.05209714 0.9283662 0.03749918 0.9305008 0.040959 0.9457057 0.05209714 0.9283662 0.05479818 0.9410117 0.05209714 0.9283662 0.040959 0.9457057 0.05239051 0.9137582 0.05209714 0.9283662 0.05742841 0.9143956 0.05648761 0.9278706 0.05742841 0.9143956 0.05209714 0.9283662 0.05648761 0.9278706 0.09833902 0.9262519 0.05742841 0.9143956 0.05888521 0.9396359 0.09833902 0.9262519 0.05648761 0.9278706 0.05479818 0.9410117 0.05888521 0.9396359 0.05209714 0.9283662 0.05648761 0.9278706 0.05209714 0.9283662 0.05888521 0.9396359 0.03705406 0.9134346 0.05239051 0.9137582 0.03800499 0.9053313 0.05373597 0.9067881 0.03800499 0.9053313 0.05239051 0.9137582 0.05239051 0.9137582 0.05742841 0.9143956 0.05373597 0.9067881 0.05742841 0.9143956 0.09833902 0.9262519 0.05954277 0.9082246 0.05954277 0.9082246 0.05373597 0.9067881 0.05742841 0.9143956 0.05479818 0.9410117 0.040959 0.9457057 0.06035208 0.9526961 0.05479818 0.9410117 0.06035208 0.9526961 0.05888521 0.9396359 0.04746383 0.9598889 0.06035208 0.9526961 0.040959 0.9457057 0.04746383 0.9598889 0.05749922 0.9736977 0.06035208 0.9526961 0.06947702 0.9641175 0.06035208 0.9526961 0.05749922 0.9736977 0.09833902 0.9262519 0.05888521 0.9396359 0.06413561 0.95042 0.06413561 0.95042 0.05888521 0.9396359 0.06035208 0.9526961 0.09833902 0.9262519 0.06413561 0.95042 0.07307845 0.9605363 0.06413561 0.95042 0.06035208 0.9526961 0.07307845 0.9605363 0.06947702 0.9641175 0.07307845 0.9605363 0.06035208 0.9526961 0.05749922 0.9736977 0.06318461 0.9795551 0.06947702 0.9641175 0.09833902 0.9262519 0.07307845 0.9605363 0.07851094 0.964158 0.07851094 0.964158 0.07307845 0.9605363 0.07478809 0.9688317 0.06947702 0.9641175 0.07478809 0.9688317 0.07307845 0.9605363 0.07478809 0.9688317 0.06947702 0.9641175 0.06318461 0.9795551 0.2442068 0.8738796 0.2577122 0.8449872 0.2217081 0.8678502 0.2370647 0.8327667 0.2217081 0.8678502 0.2577122 0.8449872 0.2217081 0.8678502 0.2167004 0.9018816 0.2442068 0.8738796 0.2402514 0.9022661 0.2442068 0.8738796 0.2167004 0.9018816 0.2167004 0.9018816 0.220919 0.9361559 0.2402514 0.9022661 0.2436302 0.9304401 0.2402514 0.9022661 0.220919 0.9361559 0.220919 0.9361559 0.2355574 0.9715429 0.2436302 0.9304401 0.2563161 0.9596764 0.2436302 0.9304401 0.2355574 0.9715429 0.2217081 0.8678502 0.2370647 0.8327667 0.2082027 0.8642083 0.2246924 0.8258875 0.2082027 0.8642083 0.2370647 0.8327667 0.2577122 0.8449872 0.2442068 0.8738796 0.2699226 0.8530095 0.2575807 0.8777136 0.2699226 0.8530095 0.2442068 0.8738796 0.2442068 0.8738796 0.2402514 0.9022661 0.2575807 0.8777136 0.2699226 0.8530095 0.2575807 0.8777136 0.2842879 0.8640971 0.2746875 0.8832271 0.2842879 0.8640971 0.2575807 0.8777136 0.2575807 0.8777136 0.2540501 0.9022964 0.2746875 0.8832271 0.2540501 0.9022964 0.2575807 0.8777136 0.2402514 0.9022661 0.2402514 0.9022661 0.2436302 0.9304401 0.2540501 0.9022964 0.2717739 0.9025696 0.2746875 0.8832271 0.2540501 0.9022964 0.2717739 0.9025696 0.2540501 0.9022964 0.274384 0.9220132 0.2570748 0.9268286 0.274384 0.9220132 0.2540501 0.9022964 0.2436302 0.9304401 0.2563161 0.9596764 0.2570748 0.9268286 0.2570748 0.9268286 0.2540501 0.9022964 0.2436302 0.9304401 0.274384 0.9220132 0.2570748 0.9268286 0.2836809 0.9415883 0.2685873 0.9518363 0.2836809 0.9415883 0.2570748 0.9268286 0.2685873 0.9518363 0.2570748 0.9268286 0.2563161 0.9596764 0.2355574 0.9715429 0.220919 0.9361559 0.2230232 0.978159 0.2073428 0.9395145 0.2230232 0.978159 0.220919 0.9361559 0.220919 0.9361559 0.2167004 0.9018816 0.2073428 0.9395145 0.2027298 0.90174 0.2073428 0.9395145 0.2167004 0.9018816 0.2167004 0.9018816 0.2217081 0.8678502 0.2027298 0.90174 0.2082027 0.8642083 0.2027298 0.90174 0.2217081 0.8678502 0.1966195 0.6704901 0.1966195 0.6720885 0.2008178 0.6702068 0.2008178 0.6730799 0.2008178 0.6702068 0.1966195 0.6720885 0.2382584 0.8289933 0.2370647 0.8327667 0.2593005 0.8416589 0.2577122 0.8449872 0.2593005 0.8416589 0.2370647 0.8327667 0.2577122 0.8449872 0.2699226 0.8530095 0.2593005 0.8416589 0.271693 0.8496509 0.2593005 0.8416589 0.2699226 0.8530095 0.271693 0.8496509 0.2699226 0.8530095 0.2867563 0.8616894 0.2842879 0.8640971 0.2867563 0.8616894 0.2699226 0.8530095 0.2370647 0.8327667 0.2382584 0.8289933 0.2246924 0.8258875 0.2257242 0.8217196 0.2246924 0.8258875 0.2382584 0.8289933 0.004388332 0.9363886 0.007585108 0.9358119 0.002658426 0.9138089 0.005905807 0.9136571 0.002658426 0.9138089 0.007585108 0.9358119 0.004388332 0.9363886 0.009365618 0.9564291 0.007585108 0.9358119 0.01243084 0.9553871 0.007585108 0.9358119 0.009365618 0.9564291 0.005905807 0.9136571 0.006421744 0.9030147 0.002658426 0.9138089 0.003073215 0.9029641 0.002658426 0.9138089 0.006421744 0.9030147 0.01243084 0.9553871 0.009365618 0.9564291 0.02049362 0.9738696 0.01761043 0.9753568 0.02049362 0.9738696 0.009365618 0.9564291 0.01761043 0.9753568 0.02997261 0.9943351 0.02049362 0.9738696 0.03264337 0.9924737 0.02049362 0.9738696 0.02997261 0.9943351 0.03264337 0.9924737 0.02997261 0.9943351 0.03952246 1.000607 0.03691244 1.002691 0.03952246 1.000607 0.02997261 0.9943351 0.005905807 0.9136571 0.007585108 0.9358119 0.02240556 0.9132321 0.005905807 0.9136571 0.02240556 0.9132321 0.006421744 0.9030147 0.02374094 0.9329389 0.02240556 0.9132321 0.007585108 0.9358119 0.007585108 0.9358119 0.01243084 0.9553871 0.02374094 0.9329389 0.02240556 0.9132321 0.02374094 0.9329389 0.03459578 0.9134447 0.0354759 0.9309358 0.03459578 0.9134447 0.02374094 0.9329389 0.02374094 0.9329389 0.02793926 0.9501266 0.0354759 0.9309358 0.02793926 0.9501266 0.02374094 0.9329389 0.01243084 0.9553871 0.01243084 0.9553871 0.02049362 0.9738696 0.02793926 0.9501266 0.03914815 0.9463229 0.0354759 0.9309358 0.02793926 0.9501266 0.02240556 0.9132321 0.03459578 0.9134447 0.02319467 0.9037228 0.02319467 0.9037228 0.006421744 0.9030147 0.02240556 0.9132321 0.03551638 0.9050683 0.02319467 0.9037228 0.03459578 0.9134447 0.02049362 0.9738696 0.03264337 0.9924737 0.03506118 0.9663228 0.02793926 0.9501266 0.03506118 0.9663228 0.03914815 0.9463229 0.03506118 0.9663228 0.02793926 0.9501266 0.02049362 0.9738696 0.04599696 0.9827721 0.03506118 0.9663228 0.03264337 0.9924737 0.03264337 0.9924737 0.03952246 1.000607 0.04599696 0.9827721 0.03506118 0.9663228 0.04599696 0.9827721 0.04560238 0.960769 0.04560238 0.960769 0.03914815 0.9463229 0.03506118 0.9663228 0.05554682 0.9751849 0.04560238 0.960769 0.04599696 0.9827721 0.04599696 0.9827721 0.05241072 0.9898434 0.05554682 0.9751849 0.05241072 0.9898434 0.04599696 0.9827721 0.03952246 1.000607 0.06137382 0.9812749 0.05554682 0.9751849 0.05241072 0.9898434 0.0354759 0.9309358 0.03749918 0.9305008 0.03459578 0.9134447 0.03705406 0.9134346 0.03459578 0.9134447 0.03749918 0.9305008 0.03705406 0.9134346 0.03800499 0.9053313 0.03459578 0.9134447 0.03551638 0.9050683 0.03459578 0.9134447 0.03800499 0.9053313 0.0354759 0.9309358 0.03914815 0.9463229 0.03749918 0.9305008 0.040959 0.9457057 0.03749918 0.9305008 0.03914815 0.9463229 0.040959 0.9457057 0.03914815 0.9463229 0.04746383 0.9598889 0.04560238 0.960769 0.04746383 0.9598889 0.03914815 0.9463229 0.04560238 0.960769 0.05554682 0.9751849 0.04746383 0.9598889 0.05749922 0.9736977 0.04746383 0.9598889 0.05554682 0.9751849 0.05749922 0.9736977 0.05554682 0.9751849 0.06318461 0.9795551 0.06137382 0.9812749 0.06318461 0.9795551 0.05554682 0.9751849 0.2186934 0.6742028 0.2186934 0.67048 0.2043989 0.6741927 0.2043989 0.6702574 0.2043989 0.6741927 0.2186934 0.67048 0.2043989 0.6741927 0.2043989 0.6702574 0.2008178 0.6730799 0.2008178 0.6702068 0.2008178 0.6730799 0.2043989 0.6702574 0.2679398 0.8320181 0.2485164 0.8167929 0.2614148 0.8398886 0.2407875 0.8268384 0.2614148 0.8398886 0.2485164 0.8167929 0.2679398 0.8320181 0.2614148 0.8398886 0.27926 0.8419017 0.2734128 0.8481031 0.27926 0.8419017 0.2614148 0.8398886 0.2407875 0.8268384 0.2485164 0.8167929 0.2285063 0.8192006 0.2368927 0.8080625 0.2285063 0.8192006 0.2485164 0.8167929 0.2614148 0.8398886 0.2407875 0.8268384 0.2593005 0.8416589 0.2382584 0.8289933 0.2593005 0.8416589 0.2407875 0.8268384 0.2407875 0.8268384 0.2285063 0.8192006 0.2382584 0.8289933 0.2734128 0.8481031 0.2614148 0.8398886 0.271693 0.8496509 0.2593005 0.8416589 0.271693 0.8496509 0.2614148 0.8398886 0.271693 0.8496509 0.2867563 0.8616894 0.2734128 0.8481031 0.2881928 0.8602427 0.2734128 0.8481031 0.2867563 0.8616894 0.2734128 0.8481031 0.2881928 0.8602427 0.27926 0.8419017 0.2257242 0.8217196 0.2382584 0.8289933 0.2285063 0.8192006 0.2927148 0.8557712 0.27926 0.8419017 0.2881928 0.8602427 0.14798 0.9708752 0.1480711 0.9449875 0.1364372 0.9475672 0.1480711 0.9449875 0.1481519 0.9238948 0.1364372 0.9475672 0.1282126 0.9277087 0.1364372 0.9475672 0.1481519 0.9238948 0.1282126 0.9277087 0.1154357 0.9338999 0.1364372 0.9475672 0.1293861 0.951816 0.1364372 0.9475672 0.1154357 0.9338999 0.14798 0.9708752 0.1364372 0.9475672 0.1293861 0.951816 0.1481519 0.9238948 0.1482329 0.9030653 0.1282126 0.9277087 0.1300032 0.9048255 0.1282126 0.9277087 0.1482329 0.9030653 0.1282126 0.9277087 0.1300032 0.9048255 0.1141914 0.9092868 0.1154357 0.9338999 0.1282126 0.9277087 0.1043785 0.913829 0.1141914 0.9092868 0.1043785 0.913829 0.1282126 0.9277087 0.1300032 0.9048255 0.1482329 0.9030653 0.1289006 0.8816591 0.148324 0.880354 0.1289006 0.8816591 0.1482329 0.9030653 0.1289006 0.8816591 0.148324 0.880354 0.1279698 0.8620839 0.1483948 0.8607789 0.1279698 0.8620839 0.148324 0.880354 0.1300032 0.9048255 0.1105798 0.889833 0.1141914 0.9092868 0.1300032 0.9048255 0.1289006 0.8816591 0.1105798 0.889833 0.1073325 0.8918057 0.1141914 0.9092868 0.1105798 0.889833 0.1073325 0.8918057 0.09751957 0.8955589 0.1141914 0.9092868 0.1043785 0.913829 0.1141914 0.9092868 0.09751957 0.8955589 0.1101246 0.8846332 0.1105798 0.889833 0.1289006 0.8816591 0.1101246 0.8846332 0.1289006 0.8816591 0.1091838 0.8765908 0.1196137 0.8738896 0.1091838 0.8765908 0.1289006 0.8816591 0.1289006 0.8816591 0.1279698 0.8620839 0.1196137 0.8738896 0.11929 0.8638644 0.1196137 0.8738896 0.1279698 0.8620839 0.1483948 0.8607789 0.148324 0.880354 0.1688095 0.8622356 0.1677373 0.8818107 0.1688095 0.8622356 0.148324 0.880354 0.148324 0.880354 0.1482329 0.9030653 0.1677373 0.8818107 0.1664525 0.9049671 0.1677373 0.8818107 0.1482329 0.9030653 0.1664525 0.9049671 0.1482329 0.9030653 0.1680711 0.9278604 0.1481519 0.9238948 0.1680711 0.9278604 0.1482329 0.9030653 0.1680711 0.9278604 0.1481519 0.9238948 0.1596948 0.9476581 0.1480711 0.9449875 0.1596948 0.9476581 0.1481519 0.9238948 0.1480711 0.9449875 0.14798 0.9708752 0.1596948 0.9476581 0.1680711 0.9278604 0.1596948 0.9476581 0.1807975 0.9341528 0.1667054 0.9519576 0.1807975 0.9341528 0.1596948 0.9476581 0.1596948 0.9476581 0.14798 0.9708752 0.1667054 0.9519576 0.1664525 0.9049671 0.1680711 0.9278604 0.182234 0.9095499 0.182234 0.9095499 0.1680711 0.9278604 0.1920064 0.9141629 0.1807975 0.9341528 0.1920064 0.9141629 0.1680711 0.9278604 0.1664525 0.9049671 0.182234 0.9095499 0.1859872 0.8901264 0.1664525 0.9049671 0.1859872 0.8901264 0.1677373 0.8818107 0.1892244 0.8921193 0.1859872 0.8901264 0.182234 0.9095499 0.1920064 0.9141629 0.1990069 0.8959433 0.182234 0.9095499 0.1892244 0.8921193 0.182234 0.9095499 0.1990069 0.8959433 0.186493 0.8849266 0.1677373 0.8818107 0.1859872 0.8901264 0.186493 0.8849266 0.1874844 0.8768942 0.1677373 0.8818107 0.1770747 0.8741122 0.1677373 0.8818107 0.1874844 0.8768942 0.1677373 0.8818107 0.1770747 0.8741122 0.1688095 0.8622356 0.1774793 0.8640869 0.1688095 0.8622356 0.1770747 0.8741122 0.2845306 0.8893678 0.3037012 0.8548406 0.2792904 0.8847546 0.2973279 0.8525644 0.2792904 0.8847546 0.3037012 0.8548406 0.2973279 0.8525644 0.3037012 0.8548406 0.3044295 0.815407 0.3110558 0.8158016 0.3044295 0.815407 0.3037012 0.8548406 0.3110558 0.8158016 0.3084458 0.7762061 0.3044295 0.815407 0.3018398 0.7776628 0.3044295 0.815407 0.3084458 0.7762061 0.3018398 0.7776628 0.3084458 0.7762061 0.2878488 0.7435099 0.293605 0.7395849 0.2878488 0.7435099 0.3084458 0.7762061 0.3110558 0.8158016 0.3037012 0.8548406 0.3135646 0.8159633 0.3078287 0.8471825 0.3135646 0.8159633 0.3037012 0.8548406 0.3135646 0.8159633 0.3116021 0.7843195 0.3110558 0.8158016 0.3084458 0.7762061 0.3110558 0.8158016 0.3116021 0.7843195 0.3037012 0.8548406 0.2845306 0.8893678 0.3019814 0.8633282 0.2901047 0.8845624 0.3019814 0.8633282 0.2845306 0.8893678 0.293605 0.7395849 0.3084458 0.7762061 0.2985722 0.7450376 0.3077983 0.7675869 0.2985722 0.7450376 0.3084458 0.7762061 0.3019814 0.8633282 0.3090932 0.8611532 0.3037012 0.8548406 0.2910557 0.8928073 0.2901047 0.8845624 0.2845306 0.8893678 0.3116021 0.7843195 0.3163871 0.7786846 0.3084458 0.7762061 0.2985722 0.7450376 0.3005247 0.7369849 0.293605 0.7395849 0.3005247 0.7369849 0.3071002 0.7312996 0.293605 0.7395849 0.3056132 0.7292965 0.293605 0.7395849 0.3071002 0.7312996 0.3071002 0.7312996 0.3341514 0.7152247 0.3056132 0.7292965 0.32968 0.7091448 0.3056132 0.7292965 0.3341514 0.7152247 0.3341514 0.7152247 0.3537873 0.7038235 0.32968 0.7091448 0.32968 0.7091448 0.3537873 0.7038235 0.3445106 0.6966612 0.3537873 0.7038235 0.3467159 0.6921492 0.3445106 0.6966612 0.3537873 0.7038235 0.3728971 0.6899236 0.3467159 0.6921492 0.3676872 0.6750425 0.3467159 0.6921492 0.3728971 0.6899236 0.3728971 0.6899236 0.3820828 0.684481 0.3676872 0.6750425 0.3939189 0.7424073 0.3820828 0.684481 0.3728971 0.6899236 0.4020727 0.7404346 0.3820828 0.684481 0.3939189 0.7424073 0.4037722 0.7370963 0.3820828 0.684481 0.4020727 0.7404346 0.3716933 0.6717243 0.3676872 0.6750425 0.3820828 0.684481 0.3537873 0.7038235 0.3672117 0.6960542 0.3728971 0.6899236 0.3887393 0.7363679 0.3939189 0.7424073 0.3728971 0.6899236 0.3735951 0.6982898 0.3887393 0.7363679 0.3729072 0.6899034 0.3672117 0.6960542 0.3735951 0.6982898 0.3729072 0.6899034 0.3717236 0.748983 0.3749001 0.7509961 0.3939189 0.7424073 0.3859168 0.7431256 0.3717236 0.748983 0.3938784 0.7424681 0.3887393 0.7363679 0.3859168 0.7431256 0.3938784 0.7424681 0.3497711 0.7564589 0.3703781 0.7518155 0.3717236 0.748983 0.3298621 0.9381792 0.3399177 0.9321801 0.3166096 0.9240263 0.3298621 0.9381792 0.3315009 0.9429339 0.3399177 0.9321801 0.3399177 0.9321801 0.3315009 0.9429339 0.357672 0.9485686 0.3503072 0.9624079 0.357672 0.9485686 0.3315009 0.9429339 0.357672 0.9485686 0.3503072 0.9624079 0.3657246 0.9547396 0.357672 0.9485686 0.3657246 0.9547396 0.3843994 0.898604 0.3657246 0.9547396 0.3923104 0.9015984 0.3843994 0.898604 0.3935952 0.9051189 0.3923104 0.9015984 0.3657246 0.9547396 0.3538885 0.9661711 0.3657246 0.9547396 0.3503072 0.9624079 0.3593209 0.9403238 0.357672 0.9485686 0.3843994 0.898604 0.3527352 0.9418109 0.3399177 0.9321801 0.357672 0.9485686 0.3593209 0.9403238 0.3527352 0.9418109 0.357672 0.9485686 0.321769 0.9185331 0.3166096 0.9240263 0.3399177 0.9321801 0.321769 0.9185331 0.2968726 0.8992918 0.3166096 0.9240263 0.2951528 0.9011027 0.3166096 0.9240263 0.2968726 0.8992918 0.2968726 0.8992918 0.2910557 0.8928073 0.2951528 0.9011027 0.2845306 0.8893678 0.2951528 0.9011027 0.2910557 0.8928073 0.3843994 0.898604 0.3666856 0.8879109 0.3766503 0.8969955 0.3766503 0.8969955 0.3666856 0.8879109 0.3632258 0.8894587 0.3632258 0.8894587 0.3622344 0.8865148 0.3423254 0.8794335 0.3786634 0.9040769 0.3593209 0.9403238 0.38445 0.8985938 0.3766503 0.8969955 0.3786634 0.9040769 0.38445 0.8985938 0.3656841 0.8696306 0.3480715 0.8639149 0.3608991 0.8828225 0.343681 0.8764289 0.3608991 0.8828225 0.3480715 0.8639149 0.3480715 0.8639149 0.3191387 0.8550631 0.343681 0.8764289 0.31577 0.8644815 0.343681 0.8764289 0.3191387 0.8550631 0.31577 0.8644815 0.3191387 0.8550631 0.3090932 0.8611532 0.3118853 0.8533636 0.3090932 0.8611532 0.3191387 0.8550631 0.3656841 0.8696306 0.3608991 0.8828225 0.366888 0.8723925 0.36359 0.8814365 0.366888 0.8723925 0.3608991 0.8828225 0.3090932 0.8611532 0.3118853 0.8533636 0.3037012 0.8548406 0.3118853 0.8533636 0.3078287 0.8471825 0.3037012 0.8548406 0.3717337 0.7689628 0.3686078 0.7553158 0.3535748 0.7725338 0.3507524 0.7596152 0.3535748 0.7725338 0.3686078 0.7553158 0.3507524 0.7596152 0.3216375 0.7681736 0.3535748 0.7725338 0.3237821 0.7779259 0.3535748 0.7725338 0.3216375 0.7681736 0.3237821 0.7779259 0.3216375 0.7681736 0.3163871 0.7786846 0.3145863 0.7706421 0.3163871 0.7786846 0.3216375 0.7681736 0.3686078 0.7553158 0.3717337 0.7689628 0.3711065 0.7570254 0.3732511 0.7663628 0.3711065 0.7570254 0.3717337 0.7689628 0.3163871 0.7786846 0.3145863 0.7706421 0.3084458 0.7762061 0.3145863 0.7706421 0.3077983 0.7675869 0.3084458 0.7762061 0.09713518 0.7403335 0.08290141 0.7454119 0.1068772 0.7697013 0.09713518 0.7403335 0.1068772 0.7697013 0.108597 0.737076 0.1068772 0.7697013 0.1160831 0.7647139 0.108597 0.737076 0.1068772 0.7697013 0.1487691 0.7664337 0.1160831 0.7647139 0.1487792 0.7627918 0.1160831 0.7647139 0.1487691 0.7664337 0.08290141 0.7454119 0.09332126 0.7709557 0.1068772 0.7697013 0.1068772 0.7697013 0.09332126 0.7709557 0.0650258 0.7853108 0.1068772 0.7697013 0.0650258 0.7853108 0.1079192 0.7729992 0.1068772 0.7697013 0.1079192 0.7729992 0.1487691 0.7664337 0.06726151 0.7878905 0.1079192 0.7729992 0.0650258 0.7853108 0.06705921 0.7798479 0.0650258 0.7853108 0.09332126 0.7709557 0.0650258 0.7853108 0.06705921 0.7798479 0.04757511 0.7586846 0.04757511 0.7586846 0.04385226 0.7621544 0.0650258 0.7853108 0.04757511 0.7586846 0.02336663 0.7241574 0.04385226 0.7621544 0.02769643 0.7458671 0.04385226 0.7621544 0.02336663 0.7241574 0.04757511 0.7586846 0.05091351 0.7564285 0.02336663 0.7241574 0.05091351 0.7564285 0.04757511 0.7586846 0.06705921 0.7798479 0.02919369 0.7257963 0.02336663 0.7241574 0.05091351 0.7564285 0.02336663 0.7241574 0.02919369 0.7257963 0.07305818 0.7025995 0.07114624 0.6945266 0.02336663 0.7241574 0.07305818 0.7025995 0.0679292 0.6928675 0.02336663 0.7241574 0.07114624 0.6945266 0.01685172 0.7136061 0.02336663 0.7241574 0.0679292 0.6928675 0.07049876 0.7082646 0.07305818 0.7025995 0.02919369 0.7257963 0.07305818 0.7025995 0.07049876 0.7082646 0.08290141 0.7454119 0.02336663 0.7241574 0.01685172 0.7136061 0.01540505 0.7358215 0.02336663 0.7241574 0.02325534 0.7441068 0.02769643 0.7458671 0.02336663 0.7241574 0.01540505 0.7358215 0.02325534 0.7441068 0.01685172 0.7136061 0.01181375 0.7368332 0.01540505 0.7358215 0.01685172 0.7136061 0.002365052 0.7264032 0.01181375 0.7368332 0.07712501 0.7018103 0.08290141 0.7454119 0.09713518 0.7403335 0.07712501 0.7018103 0.09713518 0.7403335 0.09456562 0.6965701 0.09713518 0.7403335 0.108597 0.737076 0.09456562 0.6965701 0.108597 0.737076 0.1031544 0.6978649 0.09884482 0.6946176 0.09884482 0.6946176 0.1031544 0.6978649 0.1490827 0.6864638 0.09884482 0.6946176 0.1490827 0.6864638 0.09838956 0.6834998 0.09652817 0.6866156 0.09884482 0.6946176 0.09838956 0.6834998 0.09838956 0.6834998 0.1490827 0.6864638 0.1491333 0.6749514 0.1490726 0.6900956 0.1490827 0.6864638 0.1031544 0.6978649 0.1490827 0.6864638 0.199796 0.6839044 0.1491333 0.6749514 0.1992598 0.6950324 0.199796 0.6839044 0.1490827 0.6864638 0.2016372 0.6870304 0.199796 0.6839044 0.1992598 0.6950324 0.1490726 0.6900956 0.1949199 0.6982291 0.1490827 0.6864638 0.1992598 0.6950324 0.1490827 0.6864638 0.1949199 0.6982291 0.1949199 0.6982291 0.1891738 0.7373896 0.1992598 0.6950324 0.1891738 0.7373896 0.2006458 0.7406066 0.2035289 0.6970152 0.1906306 0.7700351 0.2006458 0.7406066 0.1891738 0.7373896 0.2147884 0.7459278 0.2006458 0.7406066 0.1906306 0.7700351 0.1814652 0.7649769 0.1906306 0.7700351 0.1891738 0.7373896 0.1906306 0.7700351 0.1814652 0.7649769 0.1487691 0.7664337 0.1487792 0.7627918 0.1487691 0.7664337 0.1814652 0.7649769 0.2041764 0.7714007 0.2147884 0.7459278 0.1906306 0.7700351 0.1906306 0.7700351 0.2323505 0.7859785 0.2041764 0.7714007 0.1906306 0.7700351 0.1895583 0.7733127 0.2323505 0.7859785 0.1906306 0.7700351 0.1487691 0.7664337 0.1895583 0.7733127 0.2300945 0.7885278 0.2323505 0.7859785 0.1895583 0.7733127 0.2303677 0.7804955 0.2041764 0.7714007 0.2323505 0.7859785 0.2323505 0.7859785 0.2500136 0.7594838 0.2303677 0.7804955 0.2537162 0.762984 0.2500136 0.7594838 0.2323505 0.7859785 0.2500136 0.7594838 0.2537162 0.762984 0.2745155 0.7251589 0.2700036 0.7468281 0.2745155 0.7251589 0.2537162 0.762984 0.2500136 0.7594838 0.2745155 0.7251589 0.2467056 0.7571974 0.2467056 0.7571974 0.2303677 0.7804955 0.2500136 0.7594838 0.2686682 0.7267573 0.2467056 0.7571974 0.2745155 0.7251589 0.2745155 0.7251589 0.2249959 0.7032165 0.2686682 0.7267573 0.2745155 0.7251589 0.2269686 0.6951538 0.2249959 0.7032165 0.2301957 0.6935149 0.2269686 0.6951538 0.2745155 0.7251589 0.2811113 0.7146581 0.2301957 0.6935149 0.2745155 0.7251589 0.2275047 0.7088918 0.2686682 0.7267573 0.2249959 0.7032165 0.2275047 0.7088918 0.2249959 0.7032165 0.2147884 0.7459278 0.2811113 0.7146581 0.2745155 0.7251589 0.2823759 0.736894 0.2744649 0.7451084 0.2745155 0.7251589 0.2700036 0.7468281 0.2823759 0.736894 0.2745155 0.7251589 0.2744649 0.7451084 0.285957 0.7379257 0.2811113 0.7146581 0.2823759 0.736894 0.2954968 0.7275667 0.2811113 0.7146581 0.285957 0.7379257 0.2006458 0.7406066 0.2147884 0.7459278 0.2209291 0.702387 0.2006458 0.7406066 0.2209291 0.702387 0.2035289 0.6970152 0.148759 0.7692156 0.1487691 0.7664337 0.1079192 0.7729992 0.148759 0.7692156 0.1895583 0.7733127 0.1487691 0.7664337 0.3480108 0.6338082 0.2922494 0.6332923 0.3478389 0.6523717 0.2920775 0.6518456 0.3478389 0.6523717 0.2922494 0.6332923 0.3480108 0.6338082 0.3478389 0.6523717 0.3650265 0.6357303 0.3649153 0.6525335 0.3650265 0.6357303 0.3478389 0.6523717 0.3650265 0.6357303 0.3686988 0.6340004 0.3480108 0.6338082 0.2502362 0.6515321 0.2579145 0.6516231 0.2502362 0.6332923 0.2579954 0.6332113 0.2502362 0.6332923 0.2579145 0.6516231 0.2886379 0.633272 0.2808079 0.6332214 0.2884659 0.6518052 0.2807168 0.6517141 0.2884659 0.6518052 0.2808079 0.6332214 0.2920775 0.6518456 0.2922494 0.6332923 0.2884659 0.6518052 0.2886379 0.633272 0.2884659 0.6518052 0.2922494 0.6332923 0.2465234 0.6334642 0.2465234 0.6513702 0.2502362 0.6332923 0.2502362 0.6515321 0.2502362 0.6332923 0.2465234 0.6513702 0.5638535 0.7140512 0.5627104 0.7477791 0.6016685 0.7092864 0.6016786 0.7544863 0.6016685 0.7092864 0.5627104 0.7477791 0.5638535 0.7140512 0.5353051 0.7173491 0.5627104 0.7477791 0.534506 0.74525 0.5627104 0.7477791 0.5353051 0.7173491 0.1487994 0.7591802 0.117641 0.7629941 0.1487792 0.7627918 0.1160831 0.7647139 0.1487792 0.7627918 0.117641 0.7629941 0.1487994 0.7591802 0.1487792 0.7627918 0.1799173 0.7632369 0.1814652 0.7649769 0.1799173 0.7632369 0.1487792 0.7627918 0.108597 0.737076 0.1117533 0.7365298 0.1031544 0.6978649 0.1117533 0.7365298 0.108597 0.737076 0.117641 0.7629941 0.1160831 0.7647139 0.117641 0.7629941 0.108597 0.737076 0.1047933 0.6990182 0.1031544 0.6978649 0.1117533 0.7365298 0.5634995 0.7100552 0.5638535 0.7140512 0.6007681 0.7054219 0.6016685 0.7092864 0.6007681 0.7054219 0.5638535 0.7140512 0.5638535 0.7140512 0.5634995 0.7100552 0.5353051 0.7173491 0.5355176 0.7133936 0.5353051 0.7173491 0.5634995 0.7100552 0.5304797 0.7451286 0.534506 0.74525 0.5312788 0.717167 0.5353051 0.7173491 0.5312788 0.717167 0.534506 0.74525 0.5623866 0.7517751 0.5627104 0.7477791 0.5347993 0.7491853 0.534506 0.74525 0.5347993 0.7491853 0.5627104 0.7477791 0.5627104 0.7477791 0.5623866 0.7517751 0.6016786 0.7544863 0.6007479 0.7583507 0.6016786 0.7544863 0.5623866 0.7517751 0.6056948 0.7093369 0.6016685 0.7092864 0.6057049 0.7545672 0.6016786 0.7544863 0.6057049 0.7545672 0.6016685 0.7092864 0.3219208 0.6724932 0.3253401 0.6725842 0.3220118 0.6693065 0.3254311 0.6693975 0.3220118 0.6693065 0.3253401 0.6725842 0.3254311 0.6693975 0.363853 0.6693975 0.3254311 0.6659782 0.363853 0.6659782 0.3254311 0.6659782 0.363853 0.6693975 0.3254311 0.6659782 0.363853 0.6659782 0.3253401 0.6627814 0.363762 0.6627814 0.3253401 0.6627814 0.363853 0.6659782 0.3253401 0.6760035 0.363762 0.6760035 0.3253401 0.6725842 0.363762 0.6725842 0.3253401 0.6725842 0.363762 0.6760035 0.3253401 0.6725842 0.363762 0.6725842 0.3254311 0.6693975 0.363853 0.6693975 0.3254311 0.6693975 0.363762 0.6725842 0.3004943 0.6924325 0.3004538 0.6889929 0.2976617 0.6924527 0.2976213 0.6890435 0.2976617 0.6924527 0.3004538 0.6889929 0.2976213 0.6890435 0.2598467 0.6883354 0.2976617 0.6924527 0.2596748 0.6917142 0.2976617 0.6924527 0.2598467 0.6883354 0.2981372 0.6791092 0.2597152 0.6783708 0.2977325 0.6822858 0.2601705 0.6815675 0.2977325 0.6822858 0.2597152 0.6783708 0.2977325 0.6822858 0.2601705 0.6815675 0.2974492 0.6859378 0.2603121 0.6852297 0.2974492 0.6859378 0.2601705 0.6815675 0.2974492 0.6859378 0.2603121 0.6852297 0.2976213 0.6890435 0.2598467 0.6883354 0.2976213 0.6890435 0.2603121 0.6852297 0.2465234 0.6334642 0.1943534 0.6335654 0.2465234 0.6513702 0.1943534 0.6512589 0.2465234 0.6513702 0.1943534 0.6335654 0.1943534 0.6512589 0.1943534 0.6335654 0.1421934 0.6512589 0.1421934 0.6335654 0.1421934 0.6512589 0.1943534 0.6335654 0.1079192 0.7729992 0.1236703 0.8401011 0.148759 0.7692156 0.1484858 0.8378147 0.148759 0.7692156 0.1236703 0.8401011 0.1079192 0.7729992 0.06726151 0.7878905 0.1236703 0.8401011 0.1073628 0.8457054 0.1236703 0.8401011 0.06726151 0.7878905 0.1484858 0.8378147 0.173281 0.8402932 0.148759 0.7692156 0.1895583 0.7733127 0.148759 0.7692156 0.173281 0.8402932 0.1895583 0.7733127 0.173281 0.8402932 0.2300945 0.7885278 0.1895481 0.8460292 0.2300945 0.7885278 0.173281 0.8402932 0.117641 0.7629941 0.1487994 0.7591802 0.1117533 0.7365298 0.1489107 0.7318863 0.1117533 0.7365298 0.1487994 0.7591802 0.1117533 0.7365298 0.1489107 0.7318863 0.1047933 0.6990182 0.1490625 0.6934846 0.1047933 0.6990182 0.1489107 0.7318863 0.1489107 0.7318863 0.1487994 0.7591802 0.1860175 0.7368231 0.1799173 0.7632369 0.1860175 0.7368231 0.1487994 0.7591802 0.1490625 0.6934846 0.1489107 0.7318863 0.1932811 0.6993724 0.1860175 0.7368231 0.1932811 0.6993724 0.1489107 0.7318863 0.1031544 0.6978649 0.1047933 0.6990182 0.1490726 0.6900956 0.1490625 0.6934846 0.1490726 0.6900956 0.1047933 0.6990182 0.1490625 0.6934846 0.1932811 0.6993724 0.1490726 0.6900956 0.1949199 0.6982291 0.1490726 0.6900956 0.1932811 0.6993724 0.1484858 0.8378147 0.1236703 0.8401011 0.1484656 0.84262 0.1245708 0.8445218 0.1484656 0.84262 0.1236703 0.8401011 0.1245708 0.8445218 0.1236703 0.8401011 0.1089005 0.8496609 0.1073628 0.8457054 0.1089005 0.8496609 0.1236703 0.8401011 0.1484858 0.8378147 0.1484656 0.84262 0.173281 0.8402932 0.1723402 0.8447141 0.173281 0.8402932 0.1484656 0.84262 0.1723402 0.8447141 0.18797 0.8499644 0.173281 0.8402932 0.1895481 0.8460292 0.173281 0.8402932 0.18797 0.8499644 0.6549918 0.9694489 0.6558416 0.9827923 0.6847542 0.9676278 0.6549918 0.9694489 0.6847542 0.9676278 0.6556898 0.9661205 0.6852297 0.9636622 0.6556898 0.9661205 0.6847542 0.9676278 0.6556898 0.9661205 0.6852297 0.9636622 0.6611021 0.9373192 0.6851689 0.9331513 0.6611021 0.9373192 0.6852297 0.9636622 0.6852297 0.9636622 0.6898022 0.9321801 0.6851689 0.9331513 0.6898022 0.9321801 0.6852297 0.9636622 0.6911173 0.9320183 0.6911173 0.9320183 0.6934947 0.9172686 0.6898022 0.9321801 0.6897921 0.9173799 0.6898022 0.9321801 0.6934947 0.9172686 0.6558416 0.9827923 0.6856343 0.9875167 0.6847542 0.9676278 0.6558416 0.9827923 0.6563879 0.9888824 0.6856343 0.9875167 0.6558416 0.9827923 0.6277586 0.9895298 0.6563879 0.9888824 0.6279407 0.9919881 0.6563879 0.9888824 0.6277586 0.9895298 0.5335449 0.654921 0.5334033 0.6312386 0.48269 0.6556292 0.4827608 0.6313499 0.48269 0.6556292 0.5334033 0.6312386 0.2985924 0.9793528 0.2985924 0.9928176 0.3406461 0.9793122 0.3406461 0.9928176 0.3406461 0.9793122 0.2985924 0.9928176 0.7264437 0.7249768 0.7263324 0.7565601 0.7676072 0.7249768 0.7676072 0.7565601 0.7676072 0.7249768 0.7263324 0.7565601 0.6984922 0.9737483 0.7417397 0.9720994 0.6892661 0.9680831 0.7520685 0.9647447 0.6892661 0.9680831 0.7417397 0.9720994 0.7520685 0.9647447 0.7417397 0.9720994 0.752898 0.9857362 0.7422758 0.9861408 0.752898 0.9857362 0.7417397 0.9720994 0.7520685 0.9647447 0.7518964 0.9610218 0.6892661 0.9680831 0.6984922 0.9737483 0.6892661 0.9680831 0.6988968 0.9877291 0.6899135 0.9877797 0.6988968 0.9877291 0.6892661 0.9680831 0.6895595 0.9641781 0.6892661 0.9680831 0.7518964 0.9610218 0.6895595 0.9641781 0.7518964 0.9610218 0.7040258 0.9361559 0.7452196 0.9360244 0.7040258 0.9361559 0.7518964 0.9610218 0.7518964 0.9610218 0.751765 0.8828426 0.7452196 0.9360244 0.7451488 0.9008802 0.7452196 0.9360244 0.751765 0.8828426 0.751765 0.8828426 0.7041573 0.8792412 0.7451488 0.9008802 0.703955 0.9009914 0.7451488 0.9008802 0.7041573 0.8792412 0.7040258 0.9361559 0.6952145 0.9348509 0.6895595 0.9641781 0.7041573 0.8792412 0.6952145 0.9348509 0.703955 0.9009914 0.7040258 0.9361559 0.703955 0.9009914 0.6952145 0.9348509 0.2985924 0.9793528 0.3406461 0.9793122 0.2923405 0.9650583 0.3411013 0.9655237 0.2923405 0.9650583 0.3406461 0.9793122 0.3542425 0.9769855 0.3406461 0.9793122 0.3542425 0.9928074 0.3406461 0.9928176 0.3542425 0.9928074 0.3406461 0.9793122 0.5972982 0.9736775 0.6221238 0.9720994 0.5961348 0.9691858 0.6223767 0.9676481 0.5961348 0.9691858 0.6221238 0.9720994 0.6221238 0.9720994 0.5972982 0.9736775 0.5979356 0.9752657 0.6221238 0.9720994 0.6505406 0.9696208 0.6223767 0.9676481 0.6512589 0.9657058 0.6223767 0.9676481 0.6505406 0.9696208 0.6221238 0.9720994 0.6232163 0.9860801 0.6505406 0.9696208 0.65136 0.9796866 0.6505406 0.9696208 0.6232163 0.9860801 0.6232163 0.9860801 0.6221238 0.9720994 0.6012942 0.9806578 0.6010514 0.9774812 0.6012942 0.9806578 0.6221238 0.9720994 0.5979356 0.9752657 0.6010514 0.9774812 0.6221238 0.9720994 0.6223767 0.9676481 0.6512589 0.9657058 0.6391799 0.9404047 0.6565194 0.9375823 0.6391799 0.9404047 0.6512589 0.9657058 0.5962057 0.9629137 0.5961348 0.9691858 0.6223767 0.9676481 0.6005658 0.9583208 0.5962057 0.9629137 0.6223767 0.9676481 0.6131101 0.9515328 0.6005658 0.9583208 0.6223767 0.9676481 0.6391799 0.9404047 0.6131101 0.9515328 0.6223767 0.9676481 0.6012942 0.9806578 0.6021439 0.9934145 0.6232163 0.9860801 0.6234086 0.9920488 0.6232163 0.9860801 0.6021439 0.9934145 0.7264437 0.7249768 0.7676072 0.7249768 0.7227007 0.7164993 0.767597 0.7164993 0.7227007 0.7164993 0.7676072 0.7249768 0.7676072 0.7249768 0.7676072 0.7565601 0.7760847 0.7249768 0.7760847 0.7633279 0.7760847 0.7249768 0.7676072 0.7565601 0.7676072 0.7565601 0.7263324 0.7565601 0.767597 0.7674049 0.7226905 0.7674049 0.767597 0.7674049 0.7263324 0.7565601 0.7263324 0.7565601 0.7264437 0.7249768 0.7170961 0.7633078 0.7171771 0.7249566 0.7170961 0.7633078 0.7264437 0.7249768 0.4384612 0.645098 0.4384612 0.6314713 0.4076468 0.6443899 0.4076468 0.6314713 0.4076468 0.6443899 0.4384612 0.6314713 0.4384612 0.6314713 0.4384612 0.645098 0.4523914 0.6314713 0.4523914 0.6458062 0.4523914 0.6314713 0.4384612 0.645098 0.4076468 0.6443899 0.4076468 0.6314713 0.3902163 0.641446 0.3902163 0.641446 0.3893564 0.6440662 0.4076468 0.6443899 0.3901961 0.6314713 0.3902163 0.641446 0.4076468 0.6314713 0.4475356 0.6546984 0.4467061 0.6451385 0.4058259 0.6538082 0.4062608 0.6444303 0.4058259 0.6538082 0.4467061 0.6451385 0.4467061 0.6451385 0.4475356 0.6546984 0.4713191 0.6458062 0.48269 0.6556292 0.4713191 0.6458062 0.4475356 0.6546984 0.48269 0.6556292 0.4827608 0.6313499 0.4713191 0.6458062 0.4713293 0.6314612 0.4713191 0.6458062 0.4827608 0.6313499 0.4058259 0.6538082 0.4062608 0.6444303 0.3817286 0.653616 0.3851581 0.643965 0.3817286 0.653616 0.4062608 0.6444303 0.4544754 0.6760541 0.4408689 0.6695088 0.4185724 0.7017699 0.4144956 0.6894886 0.4185724 0.7017699 0.4408689 0.6695088 0.4408689 0.6695088 0.4544754 0.6760541 0.4535548 0.6599893 0.4739696 0.6580571 0.4535548 0.6599893 0.4544754 0.6760541 0.4144956 0.6894886 0.3965289 0.7003941 0.4185724 0.7017699 0.3965289 0.7003941 0.4144956 0.6894886 0.3955072 0.6958012 0.3965795 0.7087097 0.4185724 0.7017699 0.3965289 0.7003941 0.1963362 0.6588563 0.1963362 0.6611628 0.1988046 0.6588563 0.1988046 0.6611628 0.1988046 0.6588563 0.1963362 0.6611628 0.2228816 0.659615 0.2229524 0.6571466 0.1988046 0.6588563 0.1988754 0.6563879 0.1988046 0.6588563 0.2229524 0.6571466 0.2228816 0.6619114 0.2228816 0.659615 0.1988046 0.6611628 0.1988046 0.6588563 0.1988046 0.6611628 0.2228816 0.659615 0.2228006 0.6643798 0.2228816 0.6619114 0.1987237 0.6636312 0.1988046 0.6611628 0.1987237 0.6636312 0.2228816 0.6619114 0.222659 0.6666762 0.2228006 0.6643798 0.1985821 0.6659276 0.1987237 0.6636312 0.1985821 0.6659276 0.2228006 0.6643798 0.7534341 0.8598279 0.7059075 0.856277 0.751765 0.8828426 0.7041573 0.8792412 0.751765 0.8828426 0.7059075 0.856277 0.2985924 0.9928176 0.2985924 0.9793528 0.283165 0.9928176 0.283165 0.9770259 0.283165 0.9928176 0.2985924 0.9793528 0.4713293 0.6314612 0.4523914 0.6314713 0.4713191 0.6458062 0.4523914 0.6458062 0.4713191 0.6458062 0.4523914 0.6314713 0.5381479 0.6553459 0.5410613 0.6324425 0.5335449 0.654921 0.5367821 0.6317444 0.5335449 0.654921 0.5410613 0.6324425 0.6279407 0.9919881 0.6277586 0.9895298 0.6234086 0.9920488 0.6232163 0.9860801 0.6234086 0.9920488 0.6277586 0.9895298 0.6277586 0.9895298 0.6558416 0.9827923 0.6232163 0.9860801 0.65136 0.9796866 0.6232163 0.9860801 0.6558416 0.9827923 0.6558416 0.9827923 0.6549918 0.9694489 0.65136 0.9796866 0.6505406 0.9696208 0.65136 0.9796866 0.6549918 0.9694489 0.6549918 0.9694489 0.6556898 0.9661205 0.6505406 0.9696208 0.6512589 0.9657058 0.6505406 0.9696208 0.6556898 0.9661205 0.6512589 0.9657058 0.6556898 0.9661205 0.6565194 0.9375823 0.6611021 0.9373192 0.6565194 0.9375823 0.6556898 0.9661205 0.6911173 0.9320183 0.6852297 0.9636622 0.6952145 0.9348509 0.6895595 0.9641781 0.6952145 0.9348509 0.6852297 0.9636622 0.6852297 0.9636622 0.6847542 0.9676278 0.6895595 0.9641781 0.6892661 0.9680831 0.6895595 0.9641781 0.6847542 0.9676278 0.6847542 0.9676278 0.6856343 0.9875167 0.6892661 0.9680831 0.6899135 0.9877797 0.6892661 0.9680831 0.6856343 0.9875167 0.6952145 0.9348509 0.6934947 0.9172686 0.6911173 0.9320183 0.6952145 0.9348509 0.7041573 0.8792412 0.6934947 0.9172686 0.6997871 0.8806575 0.6934947 0.9172686 0.7041573 0.8792412 0.7018306 0.8559635 0.7001411 0.8775619 0.7059075 0.856277 0.7041573 0.8792412 0.7059075 0.856277 0.7001411 0.8775619 0.5498626 0.6557506 0.5525435 0.6342229 0.5381479 0.6553459 0.5410613 0.6324425 0.5381479 0.6553459 0.5525435 0.6342229 0.571805 0.6564283 0.5684261 0.6902069 0.5747489 0.6559428 0.5716229 0.6926449 0.5747489 0.6559428 0.5684261 0.6902069 0.5747489 0.6559428 0.5763877 0.6366205 0.571805 0.6564283 0.5732719 0.6366407 0.571805 0.6564283 0.5763877 0.6366205 0.5507731 0.6897921 0.553029 0.6561552 0.5471312 0.6902474 0.5498626 0.6557506 0.5471312 0.6902474 0.553029 0.6561552 0.553029 0.6561552 0.5552951 0.6352851 0.5498626 0.6557506 0.5525435 0.6342229 0.5498626 0.6557506 0.5552951 0.6352851 0.5315824 0.6902474 0.536074 0.6901867 0.5335449 0.654921 0.5381479 0.6553459 0.5335449 0.654921 0.536074 0.6901867 0.536074 0.6901867 0.5471312 0.6902474 0.5381479 0.6553459 0.5498626 0.6557506 0.5381479 0.6553459 0.5471312 0.6902474 0.5090532 0.6893369 0.5315824 0.6902474 0.5335449 0.654921 0.5090532 0.6893369 0.5335449 0.654921 0.480869 0.6778447 0.48269 0.6556292 0.480869 0.6778447 0.5335449 0.654921 0.4778442 0.6785731 0.480869 0.6778447 0.48269 0.6556292 0.4778442 0.6785731 0.48269 0.6556292 0.4608791 0.6830748 0.4778442 0.6785731 0.4608791 0.6830748 0.4274243 0.725422 0.431056 0.7120481 0.4274243 0.725422 0.4608791 0.6830748 0.431056 0.7120481 0.4091541 0.721952 0.4274243 0.725422 0.4091541 0.721952 0.4104895 0.732129 0.4274243 0.725422 0.4282235 0.729782 0.4274243 0.725422 0.4104895 0.732129 0.5670604 0.657096 0.553029 0.6561552 0.5643189 0.6901259 0.5507731 0.6897921 0.5643189 0.6901259 0.553029 0.6561552 0.5670604 0.657096 0.5643189 0.6901259 0.571805 0.6564283 0.5684261 0.6902069 0.571805 0.6564283 0.5643189 0.6901259 0.5686689 0.6366913 0.5552951 0.6352851 0.5670604 0.657096 0.553029 0.6561552 0.5670604 0.657096 0.5552951 0.6352851 0.5686689 0.6366913 0.5670604 0.657096 0.5732719 0.6366407 0.571805 0.6564283 0.5732719 0.6366407 0.5670604 0.657096 0.5640963 0.6938892 0.5680316 0.6940208 0.5643189 0.6901259 0.5684261 0.6902069 0.5643189 0.6901259 0.5680316 0.6940208 0.0302053 0.6735958 0.03450477 0.6724021 0.03006368 0.6707228 0.0342822 0.6708138 0.03006368 0.6707228 0.03450477 0.6724021 0.2367309 0.9754782 0.2579752 0.9632172 0.2355574 0.9715429 0.2563161 0.9596764 0.2355574 0.9715429 0.2579752 0.9632172 0.2563161 0.9596764 0.2579752 0.9632172 0.2685873 0.9518363 0.2703374 0.9552454 0.2685873 0.9518363 0.2579752 0.9632172 0.2703374 0.9552454 0.2861392 0.9442388 0.2685873 0.9518363 0.2836809 0.9415883 0.2685873 0.9518363 0.2861392 0.9442388 0.2355574 0.9715429 0.2230232 0.978159 0.2367309 0.9754782 0.2240449 0.9824787 0.2367309 0.9754782 0.2230232 0.978159 0.02650272 0.6709453 0.01222854 0.6718356 0.02668482 0.6748705 0.0124005 0.6755584 0.02668482 0.6748705 0.01222854 0.6718356 0.02668482 0.6748705 0.0302053 0.6735958 0.02650272 0.6709453 0.03006368 0.6707228 0.02650272 0.6709453 0.0302053 0.6735958 0.260039 0.9650179 0.2391891 0.9776835 0.2664123 0.9730098 0.2467257 0.9878809 0.2664123 0.9730098 0.2391891 0.9776835 0.260039 0.9650179 0.2664123 0.9730098 0.2720976 0.956945 0.277864 0.9633588 0.2720976 0.956945 0.2664123 0.9730098 0.277864 0.9633588 0.2917133 0.9499647 0.2720976 0.956945 0.2874138 0.9455337 0.2720976 0.956945 0.2917133 0.9499647 0.2467257 0.9878809 0.2391891 0.9776835 0.23492 0.9963786 0.2267662 0.9850685 0.23492 0.9963786 0.2391891 0.9776835 0.260039 0.9650179 0.2579752 0.9632172 0.2391891 0.9776835 0.2367309 0.9754782 0.2391891 0.9776835 0.2579752 0.9632172 0.2391891 0.9776835 0.2367309 0.9754782 0.2267662 0.9850685 0.2874138 0.9455337 0.2861392 0.9442388 0.2720976 0.956945 0.2703374 0.9552454 0.2720976 0.956945 0.2861392 0.9442388 0.2720976 0.956945 0.2703374 0.9552454 0.260039 0.9650179 0.2579752 0.9632172 0.260039 0.9650179 0.2703374 0.9552454 0.2240449 0.9824787 0.2267662 0.9850685 0.2367309 0.9754782 0.093382 0.6515725 0.09328085 0.6333327 0.03824782 0.6519164 0.03814667 0.6335654 0.03824782 0.6519164 0.09328085 0.6333327 0.03814667 0.6335654 0.02131301 0.6353863 0.03824782 0.6519164 0.02136361 0.6520075 0.03824782 0.6519164 0.02131301 0.6353863 0.01769137 0.6336665 0.02131301 0.6353863 0.03814667 0.6335654 0.1300336 0.6335452 0.1300538 0.6512285 0.1384909 0.6335654 0.1384706 0.6512589 0.1384909 0.6335654 0.1300538 0.6512285 0.1052991 0.6512285 0.1052991 0.6335452 0.09691262 0.6513803 0.09682154 0.6334743 0.09691262 0.6513803 0.1052991 0.6335452 0.09682154 0.6334743 0.09328085 0.6333327 0.09691262 0.6513803 0.093382 0.6515725 0.09691262 0.6513803 0.09328085 0.6333327 0.1384706 0.6512589 0.1421934 0.6512589 0.1384909 0.6335654 0.1421934 0.6335654 0.1384909 0.6335654 0.1421934 0.6512589 0.4500141 0.7616082 0.4889216 0.7545672 0.4496499 0.7164083 0.4875053 0.7208595 0.4496499 0.7164083 0.4889216 0.7545672 0.4875053 0.7208595 0.4889216 0.7545672 0.5160841 0.7239146 0.517116 0.7518054 0.5160841 0.7239146 0.4889216 0.7545672 0.1932811 0.6993724 0.1860175 0.7368231 0.1949199 0.6982291 0.1891738 0.7373896 0.1949199 0.6982291 0.1860175 0.7368231 0.1860175 0.7368231 0.1799173 0.7632369 0.1891738 0.7373896 0.1814652 0.7649769 0.1891738 0.7373896 0.1799173 0.7632369 0.4496499 0.7164083 0.4875053 0.7208595 0.4505199 0.7125337 0.487819 0.7168534 0.4505199 0.7125337 0.4875053 0.7208595 0.4875053 0.7208595 0.5160841 0.7239146 0.487819 0.7168534 0.5158412 0.7199591 0.487819 0.7168534 0.5160841 0.7239146 0.5160841 0.7239146 0.517116 0.7518054 0.5201002 0.723692 0.5211422 0.7516536 0.5201002 0.723692 0.517116 0.7518054 0.517116 0.7518054 0.4889216 0.7545672 0.5168529 0.7557508 0.4892858 0.7585631 0.5168529 0.7557508 0.4889216 0.7545672 0.4889216 0.7545672 0.4500141 0.7616082 0.4892858 0.7585631 0.4509853 0.7654625 0.4892858 0.7585631 0.4500141 0.7616082 0.4500141 0.7616082 0.4496499 0.7164083 0.4459878 0.7617194 0.4456236 0.7164993 0.4459878 0.7617194 0.4496499 0.7164083 0.2873531 0.709074 0.2872722 0.7058873 0.2839338 0.7091649 0.2838427 0.7059783 0.2839338 0.7091649 0.2872722 0.7058873 0.3257751 0.7124932 0.3257751 0.709074 0.2873531 0.7124932 0.2873531 0.709074 0.2873531 0.7124932 0.3257751 0.709074 0.3256941 0.7024578 0.3257751 0.6992711 0.2872722 0.7024578 0.2873531 0.6992711 0.2872722 0.7024578 0.3257751 0.6992711 0.3256941 0.7058873 0.3256941 0.7024578 0.2872722 0.7058873 0.2872722 0.7024578 0.2872722 0.7058873 0.3256941 0.7024578 0.3257751 0.709074 0.3256941 0.7058873 0.2873531 0.709074 0.2872722 0.7058873 0.2873531 0.709074 0.3256941 0.7058873 0.3069485 0.689873 0.3068676 0.6866864 0.3035292 0.6899641 0.3034483 0.6867774 0.3035292 0.6899641 0.3068676 0.6866864 0.3453705 0.6933025 0.3453705 0.689873 0.3069485 0.6933025 0.3069485 0.689873 0.3069485 0.6933025 0.3453705 0.689873 0.3452895 0.6832671 0.3453705 0.6800804 0.3068676 0.6832671 0.3069485 0.6800804 0.3068676 0.6832671 0.3453705 0.6800804 0.3452895 0.6866864 0.3452895 0.6832671 0.3068676 0.6866864 0.3068676 0.6832671 0.3068676 0.6866864 0.3452895 0.6832671 0.3453705 0.689873 0.3452895 0.6866864 0.3069485 0.689873 0.3068676 0.6866864 0.3069485 0.689873 0.3452895 0.6866864 0.6095289 0.8442284 0.61571 0.87392 0.6293671 0.8442386 0.6095795 0.873748 0.61571 0.87392 0.6095289 0.8442284 0.61571 0.87392 0.6095795 0.873748 0.6113498 0.9025089 0.6089017 0.9024988 0.6113498 0.9025089 0.6095795 0.873748 0.61571 0.87392 0.6291344 0.8740414 0.6293671 0.8442386 0.6291344 0.8740414 0.6324627 0.8731714 0.6293671 0.8442386 0.633181 0.8435709 0.6293671 0.8442386 0.6324627 0.8731714 0.6324627 0.8731714 0.6608796 0.8659685 0.633181 0.8435709 0.663611 0.8420029 0.633181 0.8435709 0.6608796 0.8659685 0.663611 0.8420029 0.6643394 0.8377034 0.633181 0.8435709 0.633181 0.8435709 0.6643394 0.8377034 0.6644911 0.83654 0.6644911 0.83654 0.6643394 0.8377034 0.6792104 0.8346989 0.6790384 0.8383914 0.6792104 0.8346989 0.6643394 0.8377034 0.641881 0.7694281 0.6343747 0.7766715 0.7048048 0.7695293 0.7127259 0.7769446 0.7048048 0.7695293 0.6343747 0.7766715 0.641881 0.7694281 0.6384819 0.7664337 0.6343747 0.7766715 0.6307732 0.7745976 0.6343747 0.7766715 0.6384819 0.7664337 0.6307732 0.7745976 0.6384819 0.7664337 0.6308036 0.7536163 0.6384819 0.7536163 0.6308036 0.7536163 0.6384819 0.7664337 0.7127259 0.7769446 0.7127158 0.7538186 0.7048048 0.7695293 0.704815 0.7538186 0.7048048 0.7695293 0.7127158 0.7538186 0.7127259 0.7769446 0.6343747 0.7766715 0.7048048 0.7695293 0.641881 0.7694281 0.7048048 0.7695293 0.6343747 0.7766715 0.641881 0.7694281 0.6343747 0.7766715 0.6384819 0.7664337 0.6307732 0.7745976 0.6384819 0.7664337 0.6343747 0.7766715 0.6307732 0.7745976 0.6308036 0.7536163 0.6384819 0.7664337 0.6384819 0.7536163 0.6384819 0.7664337 0.6308036 0.7536163 0.704815 0.7538186 0.7127158 0.7538186 0.7048048 0.7695293 0.7127259 0.7769446 0.7048048 0.7695293 0.7127158 0.7538186 0.704815 0.7538186 0.641881 0.7694281 0.6384819 0.7536163 0.4827608 0.6313499 0.5334033 0.6312386 0.48269 0.6556292 0.5335449 0.654921 0.48269 0.6556292 0.5334033 0.6312386 0.4159321 0.9770361 0.4159321 0.9349824 0.4024369 0.9770361 0.4024672 0.9349824 0.4024369 0.9770361 0.4159321 0.9349824 0.2904285 0.6187044 0.3330588 0.6187247 0.2904285 0.5861095 0.3329476 0.5860893 0.2904285 0.5861095 0.3330588 0.6187247 0.6300044 0.7767726 0.6229938 0.7874048 0.6288714 0.8397065 0.6229432 0.8306827 0.6288714 0.8397065 0.6229938 0.7874048 0.6300044 0.7767726 0.6089725 0.7767726 0.6229938 0.7874048 0.6089725 0.7874048 0.6229938 0.7874048 0.6089725 0.7767726 0.6300044 0.7767726 0.6288714 0.8397065 0.6343747 0.7766715 0.6325638 0.8392007 0.6343747 0.7766715 0.6288714 0.8397065 0.6325638 0.8392007 0.6601917 0.8239856 0.6343747 0.7766715 0.6595442 0.7830953 0.6343747 0.7766715 0.6601917 0.8239856 0.6343747 0.7766715 0.6595442 0.7830953 0.7127259 0.7769446 0.6947593 0.7836518 0.7127259 0.7769446 0.6595442 0.7830953 0.7127259 0.7769446 0.6947593 0.7836518 0.7170961 0.8245117 0.6953055 0.8247343 0.7170961 0.8245117 0.6947593 0.7836518 0.6615574 0.8326756 0.6601917 0.8239856 0.6325638 0.8392007 0.6601917 0.8239856 0.6615574 0.8326756 0.6953055 0.8247343 0.7170961 0.8245117 0.6953055 0.8247343 0.6615574 0.8326756 0.6229432 0.8306827 0.6089523 0.8306827 0.6288714 0.8397065 0.6091344 0.8397065 0.6288714 0.8397065 0.6089523 0.8306827 0.3887596 0.9774812 0.4024369 0.9770361 0.3881728 0.9287406 0.4024672 0.9349824 0.3881728 0.9287406 0.4024369 0.9770361 0.4159321 0.9770361 0.4024369 0.9770361 0.4159321 0.9905111 0.4001 0.9905111 0.4159321 0.9905111 0.4024369 0.9770361 0.6335755 0.906434 0.6292154 0.9069499 0.6337576 0.9326859 0.6292356 0.9318261 0.6337576 0.9326859 0.6292154 0.9069499 0.6292356 0.9318261 0.6292154 0.9069499 0.6276069 0.9313 0.6292154 0.9069499 0.6335755 0.906434 0.6291951 0.878442 0.6331506 0.8775215 0.6291951 0.878442 0.6335755 0.906434 0.6292154 0.9069499 0.6291951 0.878442 0.6151839 0.9068487 0.6191192 0.8782802 0.6151839 0.9068487 0.6291951 0.878442 0.6151839 0.9068487 0.6220327 0.9283461 0.6292154 0.9069499 0.6252295 0.9283561 0.6292154 0.9069499 0.6220327 0.9283461 0.6252295 0.9283561 0.6276069 0.9313 0.6292154 0.9069499 0.6335755 0.906434 0.659443 0.8877187 0.6331506 0.8775215 0.6608998 0.8703085 0.6331506 0.8775215 0.659443 0.8877187 0.6337576 0.9326859 0.6399488 0.9322206 0.6335755 0.906434 0.6399488 0.9322206 0.6442786 0.9275873 0.6335755 0.906434 0.6442786 0.9275873 0.6502776 0.9145979 0.6335755 0.906434 0.6502776 0.9145979 0.659443 0.8877187 0.6335755 0.906434 0.6220327 0.9283461 0.6151839 0.9068487 0.6092254 0.9283561 0.6092052 0.907041 0.6092254 0.9283561 0.6151839 0.9068487 0.2904285 0.5773588 0.2904285 0.5861095 0.3368019 0.5773285 0.3329476 0.5860893 0.3368019 0.5773285 0.2904285 0.5861095 0.2816778 0.6257049 0.2904285 0.6187044 0.2816778 0.5860994 0.2904285 0.5861095 0.2816778 0.5860994 0.2904285 0.6187044 0.336812 0.6299437 0.3330588 0.6187247 0.2904285 0.6299033 0.2904285 0.6187044 0.2904285 0.6299033 0.3330588 0.6187247 0.3425177 0.5860792 0.3329476 0.5860893 0.3425986 0.6256949 0.3330588 0.6187247 0.3425986 0.6256949 0.3329476 0.5860893 0.4384612 0.645098 0.4076468 0.6443899 0.4384612 0.6314713 0.4076468 0.6314713 0.4384612 0.6314713 0.4076468 0.6443899 0.4384612 0.6314713 0.4523914 0.6314713 0.4384612 0.645098 0.4523914 0.6458062 0.4384612 0.645098 0.4523914 0.6314713 0.4076468 0.6443899 0.3902163 0.641446 0.4076468 0.6314713 0.3893564 0.6440662 0.3902163 0.641446 0.4076468 0.6443899 0.3901961 0.6314713 0.4076468 0.6314713 0.3902163 0.641446 0.4062608 0.6444303 0.4467061 0.6451385 0.4058259 0.6538082 0.4475356 0.6546984 0.4058259 0.6538082 0.4467061 0.6451385 0.4467061 0.6451385 0.4713191 0.6458062 0.4475356 0.6546984 0.48269 0.6556292 0.4475356 0.6546984 0.4713191 0.6458062 0.48269 0.6556292 0.4713191 0.6458062 0.4827608 0.6313499 0.4713293 0.6314612 0.4827608 0.6313499 0.4713191 0.6458062 0.4713293 0.6314612 0.4713191 0.6458062 0.4523914 0.6314713 0.4523914 0.6458062 0.4523914 0.6314713 0.4713191 0.6458062 0.4058259 0.6538082 0.3817286 0.653616 0.4062608 0.6444303 0.3851581 0.643965 0.4062608 0.6444303 0.3817286 0.653616 0.4144956 0.6894886 0.4408689 0.6695088 0.4185724 0.7017699 0.4544754 0.6760541 0.4185724 0.7017699 0.4408689 0.6695088 0.4408689 0.6695088 0.4535548 0.6599893 0.4544754 0.6760541 0.4739696 0.6580571 0.4544754 0.6760541 0.4535548 0.6599893 0.4144956 0.6894886 0.4185724 0.7017699 0.3965289 0.7003941 0.4144956 0.6894886 0.3965289 0.7003941 0.3955072 0.6958012 0.3965795 0.7087097 0.3965289 0.7003941 0.4185724 0.7017699 0.2316322 0.6807683 0.2291638 0.6806874 0.2315513 0.6830648 0.2290829 0.6829838 0.2315513 0.6830648 0.2291638 0.6806874 0.2315412 0.6855432 0.2556383 0.6855837 0.2315513 0.6830648 0.2556383 0.6831153 0.2315513 0.6830648 0.2556383 0.6855837 0.2315513 0.6830648 0.2556383 0.6831153 0.2316322 0.6807683 0.2557192 0.6808088 0.2316322 0.6807683 0.2556383 0.6831153 0.2316322 0.6807683 0.2557192 0.6808088 0.2316322 0.6782999 0.2557192 0.6783404 0.2316322 0.6782999 0.2557192 0.6808088 0.231612 0.6878397 0.255699 0.6878801 0.2315412 0.6855432 0.2556383 0.6855837 0.2315412 0.6855432 0.255699 0.6878801 0.7170961 0.8245117 0.74003 0.822367 0.7127259 0.7769446 0.7357205 0.7749112 0.7127259 0.7769446 0.74003 0.822367 0.4001405 0.919565 0.4024672 0.9349824 0.4159321 0.919565 0.4159321 0.9349824 0.4159321 0.919565 0.4024672 0.9349824 0.5367821 0.6317444 0.5410613 0.6324425 0.5335449 0.654921 0.5381479 0.6553459 0.5335449 0.654921 0.5410613 0.6324425 0.6151839 0.9068487 0.6113498 0.9025089 0.6092052 0.907041 0.6089017 0.9024988 0.6092052 0.907041 0.6113498 0.9025089 0.6191192 0.8782802 0.61571 0.87392 0.6151839 0.9068487 0.6113498 0.9025089 0.6151839 0.9068487 0.61571 0.87392 0.6291951 0.878442 0.6291344 0.8740414 0.6191192 0.8782802 0.61571 0.87392 0.6191192 0.8782802 0.6291344 0.8740414 0.6291344 0.8740414 0.6291951 0.878442 0.6324627 0.8731714 0.6331506 0.8775215 0.6324627 0.8731714 0.6291951 0.878442 0.6331506 0.8775215 0.6608998 0.8703085 0.6324627 0.8731714 0.6608796 0.8659685 0.6324627 0.8731714 0.6608998 0.8703085 0.6325638 0.8392007 0.633181 0.8435709 0.6615574 0.8326756 0.6644911 0.83654 0.6615574 0.8326756 0.633181 0.8435709 0.633181 0.8435709 0.6325638 0.8392007 0.6293671 0.8442386 0.6288714 0.8397065 0.6293671 0.8442386 0.6325638 0.8392007 0.6293671 0.8442386 0.6288714 0.8397065 0.6095289 0.8442284 0.6091344 0.8397065 0.6095289 0.8442284 0.6288714 0.8397065 0.6792104 0.8346989 0.6615574 0.8326756 0.6644911 0.83654 0.6615574 0.8326756 0.6792104 0.8346989 0.7170961 0.8245117 0.7157608 0.8286189 0.7170961 0.8245117 0.6792104 0.8346989 0.7170961 0.8245117 0.7188463 0.8284976 0.74003 0.822367 0.7404144 0.826444 0.74003 0.822367 0.7188463 0.8284976 0.5410613 0.6324425 0.5525435 0.6342229 0.5381479 0.6553459 0.5498626 0.6557506 0.5381479 0.6553459 0.5525435 0.6342229 0.5716229 0.6926449 0.5684261 0.6902069 0.5747489 0.6559428 0.571805 0.6564283 0.5747489 0.6559428 0.5684261 0.6902069 0.5747489 0.6559428 0.571805 0.6564283 0.5763877 0.6366205 0.5732719 0.6366407 0.5763877 0.6366205 0.571805 0.6564283 0.5498626 0.6557506 0.553029 0.6561552 0.5471312 0.6902474 0.5507731 0.6897921 0.5471312 0.6902474 0.553029 0.6561552 0.553029 0.6561552 0.5498626 0.6557506 0.5552951 0.6352851 0.5525435 0.6342229 0.5552951 0.6352851 0.5498626 0.6557506 0.5381479 0.6553459 0.536074 0.6901867 0.5335449 0.654921 0.5315824 0.6902474 0.5335449 0.654921 0.536074 0.6901867 0.536074 0.6901867 0.5381479 0.6553459 0.5471312 0.6902474 0.5498626 0.6557506 0.5471312 0.6902474 0.5381479 0.6553459 0.5315824 0.6902474 0.5090532 0.6893369 0.5335449 0.654921 0.5090532 0.6893369 0.480869 0.6778447 0.5335449 0.654921 0.48269 0.6556292 0.5335449 0.654921 0.480869 0.6778447 0.480869 0.6778447 0.4778442 0.6785731 0.48269 0.6556292 0.48269 0.6556292 0.4778442 0.6785731 0.4608791 0.6830748 0.4778442 0.6785731 0.4274243 0.725422 0.4608791 0.6830748 0.431056 0.7120481 0.4608791 0.6830748 0.4274243 0.725422 0.4091541 0.721952 0.431056 0.7120481 0.4274243 0.725422 0.4091541 0.721952 0.4274243 0.725422 0.4104895 0.732129 0.4282235 0.729782 0.4104895 0.732129 0.4274243 0.725422 0.5507731 0.6897921 0.553029 0.6561552 0.5643189 0.6901259 0.5670604 0.657096 0.5643189 0.6901259 0.553029 0.6561552 0.5670604 0.657096 0.571805 0.6564283 0.5643189 0.6901259 0.5684261 0.6902069 0.5643189 0.6901259 0.571805 0.6564283 0.553029 0.6561552 0.5552951 0.6352851 0.5670604 0.657096 0.5686689 0.6366913 0.5670604 0.657096 0.5552951 0.6352851 0.5686689 0.6366913 0.5732719 0.6366407 0.5670604 0.657096 0.571805 0.6564283 0.5670604 0.657096 0.5732719 0.6366407 0.5684261 0.6902069 0.5680316 0.6940208 0.5643189 0.6901259 0.5640963 0.6938892 0.5643189 0.6901259 0.5680316 0.6940208 0.3705906 0.8708345 0.3654615 0.8849266 0.3734434 0.8693778 0.3734434 0.8693778 0.3654615 0.8849266 0.3920069 0.8767931 0.3920069 0.8767931 0.3654615 0.8849266 0.3855223 0.8944158 0.3855223 0.8944158 0.3654615 0.8849266 0.3666856 0.8879109 0.3654615 0.8849266 0.3622344 0.8865148 0.3666856 0.8879109 0.3622344 0.8865148 0.3632258 0.8894587 0.3666856 0.8879109 0.3608991 0.8828225 0.343681 0.8764289 0.3622344 0.8865148 0.3423254 0.8794335 0.3622344 0.8865148 0.343681 0.8764289 0.343681 0.8764289 0.31577 0.8644815 0.3423254 0.8794335 0.3691338 0.867567 0.3705906 0.8708345 0.3734434 0.8693778 0.3733928 0.8662215 0.3691338 0.867567 0.3734434 0.8693778 0.3691338 0.867567 0.3489416 0.8607586 0.3656841 0.8696306 0.3480715 0.8639149 0.3656841 0.8696306 0.3489416 0.8607586 0.3480715 0.8639149 0.3489416 0.8607586 0.3191387 0.8550631 0.3733928 0.7537782 0.3767312 0.7683659 0.3749001 0.7509961 0.3749001 0.7509961 0.3767312 0.7683659 0.3945562 0.7467776 0.3945562 0.7467776 0.3767312 0.7683659 0.3987949 0.7650173 0.3987949 0.7650173 0.3767312 0.7683659 0.3792906 0.7701666 0.3703781 0.7518155 0.3733928 0.7537782 0.3749001 0.7509961 0.3717236 0.748983 0.3703781 0.7518155 0.3749001 0.7509961 0.3703781 0.7518155 0.3497711 0.7564589 0.3686078 0.7553158 0.3507524 0.7596152 0.3686078 0.7553158 0.3497711 0.7564589 0.3507524 0.7596152 0.3497711 0.7564589 0.3216375 0.7681736 0.07712501 0.7018103 0.07305818 0.7025995 0.08290141 0.7454119 0.09456562 0.6965701 0.108597 0.737076 0.09884482 0.6946176 0.2035289 0.6970152 0.1992598 0.6950324 0.1891738 0.7373896 0.2778033 0.7915122 0.2714907 0.7811024 0.2775605 0.7928373 0.2714907 0.7811024 0.2687289 0.7970559 0.2775605 0.7928373 0.2702261 0.780728 0.2687289 0.7970559 0.2714907 0.7811024 0.2626489 0.7853209 0.2687289 0.7970559 0.2702261 0.780728 0.262396 0.7866158 0.2687289 0.7970559 0.2626489 0.7853209 0.2687289 0.7970559 0.2700036 0.7974302 0.2775605 0.7928373 0.2209291 0.702387 0.2147884 0.7459278 0.2249959 0.7032165 0.3734434 0.8693778 0.3920069 0.8767931 0.3937975 0.8728983 0.2749404 0.8090944 0.2817689 0.8192208 0.2751225 0.8077894 0.2817689 0.8192208 0.2824467 0.8028424 0.2751225 0.8077894 0.2837517 0.8031763 0.2824467 0.8028424 0.2817689 0.8192208 0.290388 0.8145774 0.2837517 0.8031763 0.2817689 0.8192208 0.2830436 0.8195345 0.290388 0.8145774 0.2817689 0.8192208 0.2905701 0.8132724 0.2837517 0.8031763 0.290388 0.8145774 0.3843994 0.898604 0.3855223 0.8944158 0.3666856 0.8879109 0.3749001 0.7509961 0.3945562 0.7467776 0.3939189 0.7424073 0.4001101 0.769074 0.3987949 0.7650173 0.3792906 0.7701666 0.2601907 0.6505103 0.2602716 0.6343443 0.2579145 0.6516231 0.2579954 0.6332113 0.2579145 0.6516231 0.2602716 0.6343443 0.2602716 0.6343443 0.2617992 0.6328269 0.2579954 0.6332113 0.2609393 0.6302371 0.2579954 0.6332113 0.2617992 0.6328269 0.2617992 0.6328269 0.2770445 0.6328572 0.2609393 0.6302371 0.2779348 0.6302776 0.2609393 0.6302371 0.2770445 0.6328572 0.2770445 0.6328572 0.2785215 0.6343747 0.2779348 0.6302776 0.2808079 0.6332214 0.2779348 0.6302776 0.2785215 0.6343747 0.2785215 0.6343747 0.2784406 0.6505507 0.2808079 0.6332214 0.2807168 0.6517141 0.2808079 0.6332214 0.2784406 0.6505507 0.2784406 0.6505507 0.2769636 0.6520581 0.2807168 0.6517141 0.2778336 0.6546479 0.2807168 0.6517141 0.2769636 0.6520581 0.2778336 0.6546479 0.2769636 0.6520581 0.2607774 0.6546074 0.2579145 0.6516231 0.2607774 0.6546074 0.2601907 0.6505103 0.2616677 0.6520277 0.2607774 0.6546074 0.2769636 0.6520581 0.2616677 0.6520277 0.2601907 0.6505103 0.2607774 0.6546074 0.1275753 0.6346478 0.1275753 0.650136 0.1300336 0.6335452 0.1300538 0.6512285 0.1300336 0.6335452 0.1275753 0.650136 0.1275753 0.650136 0.1259668 0.6516029 0.1300538 0.6512285 0.1269177 0.6540713 0.1300538 0.6512285 0.1259668 0.6516029 0.1269177 0.6540713 0.1259668 0.6516029 0.108425 0.6540713 0.109376 0.6515927 0.108425 0.6540713 0.1259668 0.6516029 0.109376 0.6515927 0.1077776 0.650136 0.108425 0.6540713 0.1052991 0.6512285 0.108425 0.6540713 0.1077776 0.650136 0.1077776 0.650136 0.1077776 0.6346377 0.1052991 0.6512285 0.1052991 0.6335452 0.1052991 0.6512285 0.1077776 0.6346377 0.1077776 0.6346377 0.109376 0.633181 0.1052991 0.6335452 0.108425 0.6307126 0.1052991 0.6335452 0.109376 0.633181 0.109376 0.633181 0.1259162 0.633181 0.108425 0.6307126 0.126857 0.6307126 0.108425 0.6307126 0.1259162 0.633181 0.1259162 0.633181 0.1275753 0.6346478 0.126857 0.6307126 0.1300336 0.6335452 0.126857 0.6307126 0.1275753 0.6346478 0.2682939 0.8198885 0.2607471 0.8152856 0.2665235 0.8251895 0.2547178 0.8180169 0.2665235 0.8251895 0.2607471 0.8152856 0.2665235 0.8251895 0.2684052 0.8256448 0.2682939 0.8198885 0.2695787 0.820192 0.2682939 0.8198885 0.2684052 0.8256448 0.2684052 0.8256448 0.2832054 0.8252906 0.2695787 0.820192 0.2817891 0.8198987 0.2695787 0.820192 0.2832054 0.8252906 0.2832054 0.8252906 0.2850567 0.8247444 0.2817891 0.8198987 0.2830436 0.8195345 0.2817891 0.8198987 0.2850567 0.8247444 0.2850567 0.8247444 0.2965286 0.8170256 0.2830436 0.8195345 0.290388 0.8145774 0.2830436 0.8195345 0.2965286 0.8170256 0.291774 0.8000807 0.2922494 0.8013352 0.2982687 0.7988465 0.2989667 0.8006877 0.2982687 0.7988465 0.2922494 0.8013352 0.2922494 0.8013352 0.2910861 0.8134646 0.2989667 0.8006877 0.2975605 0.8153867 0.2989667 0.8006877 0.2910861 0.8134646 0.2910861 0.8134646 0.290388 0.8145774 0.2975605 0.8153867 0.2965286 0.8170256 0.2975605 0.8153867 0.290388 0.8145774 0.2775605 0.7928373 0.2700036 0.7974302 0.2835797 0.7955789 0.2717537 0.8027312 0.2835797 0.7955789 0.2700036 0.7974302 0.2700036 0.7974302 0.2687188 0.7977337 0.2717537 0.8027312 0.2698721 0.8031865 0.2717537 0.8027312 0.2687188 0.7977337 0.2687188 0.7977337 0.2565084 0.79741 0.2698721 0.8031865 0.2550718 0.8027818 0.2698721 0.8031865 0.2565084 0.79741 0.2565084 0.79741 0.2552539 0.7970255 0.2550718 0.8027818 0.2532205 0.8022354 0.2550718 0.8027818 0.2552539 0.7970255 0.2552539 0.7970255 0.2479297 0.7920381 0.2532205 0.8022354 0.2417789 0.7944559 0.2532205 0.8022354 0.2479297 0.7920381 0.2796546 0.7784216 0.2800795 0.779676 0.28621 0.7775009 0.286817 0.7793421 0.28621 0.7775009 0.2800795 0.779676 0.2800795 0.779676 0.2783293 0.7917246 0.286817 0.7793421 0.2847027 0.7939501 0.286817 0.7793421 0.2783293 0.7917246 0.2783293 0.7917246 0.2775605 0.7928373 0.2847027 0.7939501 0.2835797 0.7955789 0.2847027 0.7939501 0.2775605 0.7928373 0.3802921 0.8199289 0.3726543 0.8614162 0.3831955 0.820101 0.3756892 0.8593323 0.3831955 0.820101 0.3726543 0.8614162 0.3831955 0.820101 0.3804237 0.7803841 0.3802921 0.8199289 0.377672 0.7779461 0.3802921 0.8199289 0.3804237 0.7803841 0.3802921 0.8199289 0.3572875 0.8184722 0.3726543 0.8614162 0.3802921 0.8199289 0.377672 0.7779461 0.3572875 0.8184722 0.3498217 0.8565199 0.3726543 0.8614162 0.3572875 0.8184722 0.3572875 0.8184722 0.3257346 0.8167018 0.3498217 0.8565199 0.3198772 0.8505613 0.3498217 0.8565199 0.3257346 0.8167018 0.3544549 0.7801009 0.3572875 0.8184722 0.377672 0.7779461 0.3572875 0.8184722 0.3544549 0.7801009 0.3257346 0.8167018 0.3239844 0.7824984 0.3257346 0.8167018 0.3544549 0.7801009 0.3198772 0.8505613 0.3257346 0.8167018 0.317682 0.8162163 0.3257346 0.8167018 0.3239844 0.7824984 0.317682 0.8162163 0.3120472 0.8460495 0.3198772 0.8505613 0.317682 0.8162163 0.3142424 0.8493474 0.3198772 0.8505613 0.3120472 0.8460495 0.3239844 0.7824984 0.3181777 0.7830346 0.317682 0.8162163 0.317682 0.8162163 0.3181777 0.7830346 0.3156283 0.7859785 0.3566198 0.9366515 0.3741515 0.9036824 0.3539188 0.9372788 0.3539188 0.9372788 0.3741515 0.9036824 0.3427706 0.9287608 0.3741515 0.9036824 0.3611317 0.8936166 0.3427706 0.9287608 0.373069 0.9 0.3611317 0.8936166 0.3741515 0.9036824 0.3427706 0.9287608 0.3611317 0.8936166 0.3246117 0.9148812 0.3403022 0.8832776 0.3246117 0.9148812 0.3611317 0.8936166 0.3246117 0.9148812 0.3403022 0.8832776 0.2997355 0.8957815 0.313423 0.868356 0.2997355 0.8957815 0.3403022 0.8832776 0.2997355 0.8957815 0.313423 0.868356 0.2942424 0.8852504 0.2949101 0.8906525 0.2997355 0.8957815 0.2942424 0.8852504 0.313423 0.868356 0.3083142 0.8656752 0.2942424 0.8852504 0.2942424 0.8852504 0.3083142 0.8656752 0.3045509 0.8667981 0.4037318 0.8213757 0.4151936 0.8220838 0.4001101 0.769074 0.4151936 0.8220838 0.4083043 0.767162 0.4001101 0.769074 0.4113292 0.7693877 0.4083043 0.767162 0.4151936 0.8220838 0.3937975 0.8728983 0.4151936 0.8220838 0.4037318 0.8213757 0.4017793 0.8757915 0.4151936 0.8220838 0.3937975 0.8728983 0.4050469 0.8739504 0.4151936 0.8220838 0.4017793 0.8757915 0.4037318 0.8213757 0.4001101 0.769074 0.3874848 0.8203641 0.3844904 0.7781686 0.3874848 0.8203641 0.4001101 0.769074 0.3874848 0.8203641 0.3794525 0.8620333 0.4037318 0.8213757 0.3794525 0.8620333 0.3937975 0.8728983 0.4037318 0.8213757 0.378977 0.7732723 0.3844904 0.7781686 0.4001101 0.769074 0.4001101 0.769074 0.3792906 0.7701666 0.378977 0.7732723 0.3734434 0.8693778 0.3937975 0.8728983 0.3733928 0.8662215 0.3794525 0.8620333 0.3733928 0.8662215 0.3938076 0.8729286 0.3489416 0.8607586 0.3691338 0.867567 0.3733928 0.8662215 0.378977 0.7732723 0.3749001 0.7714311 0.3540705 0.7757812 0.3678895 0.7006268 0.3562152 0.7074957 0.3705804 0.7015777 0.3562152 0.7074957 0.382801 0.7397366 0.3705804 0.7015777 0.3702061 0.744643 0.382801 0.7397366 0.3562152 0.7074957 0.3705804 0.7015777 0.382801 0.7397366 0.3843083 0.7362364 0.3562152 0.7074957 0.3365288 0.7190992 0.3702061 0.744643 0.3482941 0.7524529 0.3702061 0.744643 0.3365288 0.7190992 0.3365288 0.7190992 0.3095181 0.7350528 0.3482941 0.7524529 0.3198671 0.7640867 0.3482941 0.7524529 0.3095181 0.7350528 0.3095181 0.7350528 0.3040957 0.7395443 0.3198671 0.7640867 0.3198671 0.7640867 0.3040957 0.7395443 0.3107826 0.7644914 0.3144447 0.7660999 0.3198671 0.7640867 0.3107826 0.7644914 0.3107826 0.7644914 0.3040957 0.7395443 0.3027604 0.7448352 0.377672 0.7779461 0.3804237 0.7803841 0.378977 0.7732723 0.3844904 0.7781686 0.378977 0.7732723 0.3804237 0.7803841 0.3804237 0.7803841 0.3831955 0.820101 0.3844904 0.7781686 0.3874848 0.8203641 0.3844904 0.7781686 0.3831955 0.820101 0.3831955 0.820101 0.3756892 0.8593323 0.3874848 0.8203641 0.3794525 0.8620333 0.3874848 0.8203641 0.3756892 0.8593323 0.3756892 0.8593323 0.3726543 0.8614162 0.3794525 0.8620333 0.3733928 0.8662215 0.3794525 0.8620333 0.3726543 0.8614162 0.3726543 0.8614162 0.3498217 0.8565199 0.3733928 0.8662215 0.3489416 0.8607586 0.3733928 0.8662215 0.3498217 0.8565199 0.3498217 0.8565199 0.3198772 0.8505613 0.3489416 0.8607586 0.3191387 0.8550631 0.3489416 0.8607586 0.3198772 0.8505613 0.3198772 0.8505613 0.3142424 0.8493474 0.3191387 0.8550631 0.3118853 0.8533636 0.3191387 0.8550631 0.3142424 0.8493474 0.3142424 0.8493474 0.3120472 0.8460495 0.3118853 0.8533636 0.3078287 0.8471825 0.3118853 0.8533636 0.3120472 0.8460495 0.3120472 0.8460495 0.317682 0.8162163 0.3078287 0.8471825 0.3135646 0.8159633 0.3078287 0.8471825 0.317682 0.8162163 0.317682 0.8162163 0.3156283 0.7859785 0.3135646 0.8159633 0.3116021 0.7843195 0.3135646 0.8159633 0.3156283 0.7859785 0.3156283 0.7859785 0.3181777 0.7830346 0.3116021 0.7843195 0.3163871 0.7786846 0.3116021 0.7843195 0.3181777 0.7830346 0.3181777 0.7830346 0.3239844 0.7824984 0.3163871 0.7786846 0.3237821 0.7779259 0.3163871 0.7786846 0.3239844 0.7824984 0.3239844 0.7824984 0.3544549 0.7801009 0.3237821 0.7779259 0.3540705 0.7757812 0.3237821 0.7779259 0.3544549 0.7801009 0.3544549 0.7801009 0.377672 0.7779461 0.3540705 0.7757812 0.378977 0.7732723 0.3540705 0.7757812 0.377672 0.7779461 0.3246117 0.9148812 0.2997355 0.8957815 0.321769 0.9185331 0.2968726 0.8992918 0.321769 0.9185331 0.2997355 0.8957815 0.2997355 0.8957815 0.2949101 0.8906525 0.2968726 0.8992918 0.2910557 0.8928073 0.2968726 0.8992918 0.2949101 0.8906525 0.321769 0.9185331 0.3399177 0.9321801 0.3246117 0.9148812 0.3427706 0.9287608 0.3246117 0.9148812 0.3399177 0.9321801 0.3399177 0.9321801 0.3527352 0.9418109 0.3427706 0.9287608 0.3539188 0.9372788 0.3427706 0.9287608 0.3527352 0.9418109 0.2949101 0.8906525 0.2942424 0.8852504 0.2910557 0.8928073 0.2901047 0.8845624 0.2910557 0.8928073 0.2942424 0.8852504 0.2942424 0.8852504 0.3045509 0.8667981 0.2901047 0.8845624 0.3019814 0.8633282 0.2901047 0.8845624 0.3045509 0.8667981 0.3045509 0.8667981 0.3083142 0.8656752 0.3019814 0.8633282 0.3090932 0.8611532 0.3019814 0.8633282 0.3083142 0.8656752 0.3083142 0.8656752 0.313423 0.868356 0.3090932 0.8611532 0.31577 0.8644815 0.3090932 0.8611532 0.313423 0.868356 0.313423 0.868356 0.3403022 0.8832776 0.31577 0.8644815 0.3423254 0.8794335 0.31577 0.8644815 0.3403022 0.8832776 0.3403022 0.8832776 0.3611317 0.8936166 0.3423254 0.8794335 0.3632258 0.8894587 0.3423254 0.8794335 0.3611317 0.8936166 0.3611317 0.8936166 0.373069 0.9 0.3632258 0.8894587 0.3766503 0.8969955 0.3632258 0.8894587 0.373069 0.9 0.373069 0.9 0.3741515 0.9036824 0.3766503 0.8969955 0.3786634 0.9040769 0.3766503 0.8969955 0.3741515 0.9036824 0.3741515 0.9036824 0.3566198 0.9366515 0.3786634 0.9040769 0.3593209 0.9403238 0.3786634 0.9040769 0.3566198 0.9366515 0.3566198 0.9366515 0.3539188 0.9372788 0.3593209 0.9403238 0.3527352 0.9418109 0.3593209 0.9403238 0.3539188 0.9372788 0.3095181 0.7350528 0.3365288 0.7190992 0.3071002 0.7312996 0.3341514 0.7152247 0.3071002 0.7312996 0.3365288 0.7190992 0.3365288 0.7190992 0.3562152 0.7074957 0.3341514 0.7152247 0.3537873 0.7038235 0.3341514 0.7152247 0.3562152 0.7074957 0.3562152 0.7074957 0.3678895 0.7006268 0.3537873 0.7038235 0.3672117 0.6960542 0.3537873 0.7038235 0.3678895 0.7006268 0.3071002 0.7312996 0.3005247 0.7369849 0.3095181 0.7350528 0.3040957 0.7395443 0.3095181 0.7350528 0.3005247 0.7369849 0.3678895 0.7006268 0.3705804 0.7015777 0.3672117 0.6960542 0.3735951 0.6982898 0.3672117 0.6960542 0.3705804 0.7015777 0.3705804 0.7015777 0.3843083 0.7362364 0.3735951 0.6982898 0.3887393 0.7363679 0.3735951 0.6982898 0.3843083 0.7362364 0.3843083 0.7362364 0.382801 0.7397366 0.3887393 0.7363679 0.3859168 0.7431256 0.3887393 0.7363679 0.382801 0.7397366 0.382801 0.7397366 0.3702061 0.744643 0.3859168 0.7431256 0.3717236 0.748983 0.3859168 0.7431256 0.3702061 0.744643 0.3702061 0.744643 0.3482941 0.7524529 0.3717236 0.748983 0.3497711 0.7564589 0.3717236 0.748983 0.3482941 0.7524529 0.3482941 0.7524529 0.3198671 0.7640867 0.3497711 0.7564589 0.3216375 0.7681736 0.3497711 0.7564589 0.3198671 0.7640867 0.3198671 0.7640867 0.3144447 0.7660999 0.3216375 0.7681736 0.3145863 0.7706421 0.3216375 0.7681736 0.3144447 0.7660999 0.3144447 0.7660999 0.3107826 0.7644914 0.3145863 0.7706421 0.3077983 0.7675869 0.3145863 0.7706421 0.3107826 0.7644914 0.3107826 0.7644914 0.3027604 0.7448352 0.3077983 0.7675869 0.2985722 0.7450376 0.3077983 0.7675869 0.3027604 0.7448352 0.3027604 0.7448352 0.3040957 0.7395443 0.2985722 0.7450376 0.3005247 0.7369849 0.2985722 0.7450376 0.3040957 0.7395443 0.3705906 0.8708345 0.366888 0.8723925 0.3654615 0.8849266 0.36359 0.8814365 0.3654615 0.8849266 0.366888 0.8723925 0.3717337 0.7689628 0.3535748 0.7725338 0.3749001 0.7714311 0.3540705 0.7757812 0.3749001 0.7714311 0.3535748 0.7725338 0.3535748 0.7725338 0.3237821 0.7779259 0.3540705 0.7757812 0.3792906 0.7701666 0.3749001 0.7714311 0.378977 0.7732723 0.3792906 0.7701666 0.3767312 0.7683659 0.3749001 0.7714311 0.3733928 0.7537782 0.3711065 0.7570254 0.3767312 0.7683659 0.3732511 0.7663628 0.3767312 0.7683659 0.3711065 0.7570254 0.36359 0.8814365 0.3608991 0.8828225 0.3654615 0.8849266 0.3622344 0.8865148 0.3654615 0.8849266 0.3608991 0.8828225 0.3656841 0.8696306 0.366888 0.8723925 0.3691338 0.867567 0.3705906 0.8708345 0.3691338 0.867567 0.366888 0.8723925 0.3732511 0.7663628 0.3717337 0.7689628 0.3767312 0.7683659 0.3749001 0.7714311 0.3767312 0.7683659 0.3717337 0.7689628 0.3686078 0.7553158 0.3711065 0.7570254 0.3703781 0.7518155 0.3733928 0.7537782 0.3703781 0.7518155 0.3711065 0.7570254 0.1539385 0.6602523 0.1539891 0.6722503 0.1154357 0.6604041 0.1156279 0.6724021 0.1154357 0.6604041 0.1539891 0.6722503 0.1156279 0.6724021 0.07714521 0.6724021 0.1154357 0.6604041 0.07693278 0.6604041 0.1154357 0.6604041 0.07714521 0.6724021 0.1539891 0.6722503 0.1539385 0.6602523 0.1911061 0.6669999 0.1539891 0.6722503 0.1911061 0.6669999 0.1966195 0.6720885 0.1947581 0.67048 0.1966195 0.6720885 0.1911061 0.6669999 0.1966195 0.6704901 0.1966195 0.6720885 0.1947581 0.67048 0.1913489 0.6601107 0.1911061 0.6669999 0.1539385 0.6602523 0.07714521 0.6724021 0.0397855 0.6672933 0.07693278 0.6604041 0.07714521 0.6724021 0.03450477 0.6724021 0.0397855 0.6672933 0.0361436 0.6707936 0.0397855 0.6672933 0.03450477 0.6724021 0.03450477 0.6724021 0.0342822 0.6708138 0.0361436 0.6707936 0.03951233 0.6604041 0.07693278 0.6604041 0.0397855 0.6672933 0.1279698 0.8620839 0.11929 0.8638644 0.1245708 0.8445218 0.1089005 0.8496609 0.1245708 0.8445218 0.11929 0.8638644 0.1279698 0.8620839 0.1245708 0.8445218 0.1483948 0.8607789 0.1484656 0.84262 0.1483948 0.8607789 0.1245708 0.8445218 0.1484656 0.84262 0.1723402 0.8447141 0.1483948 0.8607789 0.1688095 0.8622356 0.1483948 0.8607789 0.1723402 0.8447141 0.1688095 0.8622356 0.1723402 0.8447141 0.1774793 0.8640869 0.18797 0.8499644 0.1774793 0.8640869 0.1723402 0.8447141 0.3013238 0.6728169 0.2836202 0.6719368 0.3020927 0.6602119 0.2841058 0.6593216 0.3020927 0.6602119 0.2836202 0.6719368 0.2841058 0.6593216 0.2836202 0.6719368 0.2678387 0.6588967 0.2676566 0.671522 0.2678387 0.6588967 0.2836202 0.6719368 0.2836202 0.6719368 0.3013238 0.6728169 0.2835494 0.6742736 0.2836202 0.6719368 0.2835494 0.6742736 0.2676566 0.671522 0.3011417 0.6751234 0.2835494 0.6742736 0.3013238 0.6728169 0.267606 0.6738588 0.2676566 0.671522 0.2835494 0.6742736 0.3013238 0.6728169 0.3098317 0.6735654 0.3011417 0.6751234 0.3095788 0.6759226 0.3011417 0.6751234 0.3098317 0.6735654 0.3013238 0.6728169 0.3054513 0.6634693 0.3098317 0.6735654 0.3106511 0.6639144 0.3098317 0.6735654 0.3054513 0.6634693 0.3020927 0.6602119 0.3041564 0.6624577 0.3013238 0.6728169 0.3041564 0.6624577 0.3054513 0.6634693 0.3013238 0.6728169 0.2676566 0.671522 0.2516423 0.6715118 0.2678387 0.6588967 0.2516626 0.6588967 0.2678387 0.6588967 0.2516423 0.6715118 0.2516626 0.6588967 0.2516423 0.6715118 0.2338173 0.6588967 0.2338679 0.671522 0.2338173 0.6588967 0.2516423 0.6715118 0.2516423 0.6715118 0.2516221 0.6738386 0.2338679 0.671522 0.267606 0.6738588 0.2516221 0.6738386 0.2676566 0.671522 0.2516423 0.6715118 0.2676566 0.671522 0.2516221 0.6738386 0.2339286 0.6738285 0.2338679 0.671522 0.2516221 0.6738386 0.2338679 0.671522 0.2339286 0.6738285 0.2253296 0.6716029 0.2254208 0.6739802 0.2253296 0.6716029 0.2339286 0.6738285 0.2253296 0.6716029 0.2252792 0.6619013 0.2338679 0.671522 0.2304587 0.6618912 0.2338679 0.671522 0.2252792 0.6619013 0.2317334 0.6609807 0.2338173 0.6588967 0.2338679 0.671522 0.2317334 0.6609807 0.2338679 0.671522 0.2304587 0.6618912 0.05239051 0.9137582 0.05209714 0.9283662 0.03705406 0.9134346 0.03749918 0.9305008 0.03705406 0.9134346 0.05209714 0.9283662 0.03749918 0.9305008 0.05209714 0.9283662 0.040959 0.9457057 0.05479818 0.9410117 0.040959 0.9457057 0.05209714 0.9283662 0.05239051 0.9137582 0.05742841 0.9143956 0.05209714 0.9283662 0.05648761 0.9278706 0.05209714 0.9283662 0.05742841 0.9143956 0.09833902 0.9262519 0.05648761 0.9278706 0.05742841 0.9143956 0.09833902 0.9262519 0.05888521 0.9396359 0.05648761 0.9278706 0.05648761 0.9278706 0.05888521 0.9396359 0.05209714 0.9283662 0.05479818 0.9410117 0.05209714 0.9283662 0.05888521 0.9396359 0.03705406 0.9134346 0.03800499 0.9053313 0.05239051 0.9137582 0.05373597 0.9067881 0.05239051 0.9137582 0.03800499 0.9053313 0.05239051 0.9137582 0.05373597 0.9067881 0.05742841 0.9143956 0.09833902 0.9262519 0.05742841 0.9143956 0.05954277 0.9082246 0.05954277 0.9082246 0.05742841 0.9143956 0.05373597 0.9067881 0.05479818 0.9410117 0.06035208 0.9526961 0.040959 0.9457057 0.05479818 0.9410117 0.05888521 0.9396359 0.06035208 0.9526961 0.04746383 0.9598889 0.040959 0.9457057 0.06035208 0.9526961 0.04746383 0.9598889 0.06035208 0.9526961 0.05749922 0.9736977 0.06947702 0.9641175 0.05749922 0.9736977 0.06035208 0.9526961 0.05888521 0.9396359 0.09833902 0.9262519 0.06413561 0.95042 0.06413561 0.95042 0.06035208 0.9526961 0.05888521 0.9396359 0.06413561 0.95042 0.09833902 0.9262519 0.07307845 0.9605363 0.06947702 0.9641175 0.06035208 0.9526961 0.07307845 0.9605363 0.06413561 0.95042 0.07307845 0.9605363 0.06035208 0.9526961 0.05749922 0.9736977 0.06947702 0.9641175 0.06318461 0.9795551 0.07307845 0.9605363 0.09833902 0.9262519 0.07851094 0.964158 0.06947702 0.9641175 0.07307845 0.9605363 0.07478809 0.9688317 0.07851094 0.964158 0.07478809 0.9688317 0.07307845 0.9605363 0.07478809 0.9688317 0.06318461 0.9795551 0.06947702 0.9641175 0.2008178 0.6730799 0.1966195 0.6720885 0.2008178 0.6702068 0.1966195 0.6704901 0.2008178 0.6702068 0.1966195 0.6720885 0.2577122 0.8449872 0.2370647 0.8327667 0.2593005 0.8416589 0.2382584 0.8289933 0.2593005 0.8416589 0.2370647 0.8327667 0.2577122 0.8449872 0.2593005 0.8416589 0.2699226 0.8530095 0.271693 0.8496509 0.2699226 0.8530095 0.2593005 0.8416589 0.271693 0.8496509 0.2867563 0.8616894 0.2699226 0.8530095 0.2842879 0.8640971 0.2699226 0.8530095 0.2867563 0.8616894 0.2370647 0.8327667 0.2246924 0.8258875 0.2382584 0.8289933 0.2257242 0.8217196 0.2382584 0.8289933 0.2246924 0.8258875 0.005905807 0.9136571 0.007585108 0.9358119 0.002658426 0.9138089 0.004388332 0.9363886 0.002658426 0.9138089 0.007585108 0.9358119 0.004388332 0.9363886 0.007585108 0.9358119 0.009365618 0.9564291 0.01243084 0.9553871 0.009365618 0.9564291 0.007585108 0.9358119 0.005905807 0.9136571 0.002658426 0.9138089 0.006421744 0.9030147 0.003073215 0.9029641 0.006421744 0.9030147 0.002658426 0.9138089 0.01243084 0.9553871 0.02049362 0.9738696 0.009365618 0.9564291 0.01761043 0.9753568 0.009365618 0.9564291 0.02049362 0.9738696 0.01761043 0.9753568 0.02049362 0.9738696 0.02997261 0.9943351 0.03264337 0.9924737 0.02997261 0.9943351 0.02049362 0.9738696 0.03264337 0.9924737 0.03952246 1.000607 0.02997261 0.9943351 0.03691244 1.002691 0.02997261 0.9943351 0.03952246 1.000607 0.005905807 0.9136571 0.02240556 0.9132321 0.007585108 0.9358119 0.005905807 0.9136571 0.006421744 0.9030147 0.02240556 0.9132321 0.02374094 0.9329389 0.007585108 0.9358119 0.02240556 0.9132321 0.007585108 0.9358119 0.02374094 0.9329389 0.01243084 0.9553871 0.02240556 0.9132321 0.03459578 0.9134447 0.02374094 0.9329389 0.0354759 0.9309358 0.02374094 0.9329389 0.03459578 0.9134447 0.02374094 0.9329389 0.0354759 0.9309358 0.02793926 0.9501266 0.02793926 0.9501266 0.01243084 0.9553871 0.02374094 0.9329389 0.01243084 0.9553871 0.02793926 0.9501266 0.02049362 0.9738696 0.03914815 0.9463229 0.02793926 0.9501266 0.0354759 0.9309358 0.02240556 0.9132321 0.02319467 0.9037228 0.03459578 0.9134447 0.02319467 0.9037228 0.02240556 0.9132321 0.006421744 0.9030147 0.03551638 0.9050683 0.03459578 0.9134447 0.02319467 0.9037228 0.02049362 0.9738696 0.03506118 0.9663228 0.03264337 0.9924737 0.02793926 0.9501266 0.03914815 0.9463229 0.03506118 0.9663228 0.03506118 0.9663228 0.02049362 0.9738696 0.02793926 0.9501266 0.04599696 0.9827721 0.03264337 0.9924737 0.03506118 0.9663228 0.03264337 0.9924737 0.04599696 0.9827721 0.03952246 1.000607 0.03506118 0.9663228 0.04560238 0.960769 0.04599696 0.9827721 0.04560238 0.960769 0.03506118 0.9663228 0.03914815 0.9463229 0.05554682 0.9751849 0.04599696 0.9827721 0.04560238 0.960769 0.04599696 0.9827721 0.05554682 0.9751849 0.05241072 0.9898434 0.05241072 0.9898434 0.03952246 1.000607 0.04599696 0.9827721 0.06137382 0.9812749 0.05241072 0.9898434 0.05554682 0.9751849 0.03705406 0.9134346 0.03749918 0.9305008 0.03459578 0.9134447 0.0354759 0.9309358 0.03459578 0.9134447 0.03749918 0.9305008 0.03705406 0.9134346 0.03459578 0.9134447 0.03800499 0.9053313 0.03551638 0.9050683 0.03800499 0.9053313 0.03459578 0.9134447 0.0354759 0.9309358 0.03749918 0.9305008 0.03914815 0.9463229 0.040959 0.9457057 0.03914815 0.9463229 0.03749918 0.9305008 0.040959 0.9457057 0.04746383 0.9598889 0.03914815 0.9463229 0.04560238 0.960769 0.03914815 0.9463229 0.04746383 0.9598889 0.04560238 0.960769 0.04746383 0.9598889 0.05554682 0.9751849 0.05749922 0.9736977 0.05554682 0.9751849 0.04746383 0.9598889 0.05749922 0.9736977 0.06318461 0.9795551 0.05554682 0.9751849 0.06137382 0.9812749 0.05554682 0.9751849 0.06318461 0.9795551 0.2043989 0.6702574 0.2186934 0.67048 0.2043989 0.6741927 0.2186934 0.6742028 0.2043989 0.6741927 0.2186934 0.67048 0.2043989 0.6741927 0.2008178 0.6730799 0.2043989 0.6702574 0.2008178 0.6702068 0.2043989 0.6702574 0.2008178 0.6730799 0.2407875 0.8268384 0.2485164 0.8167929 0.2614148 0.8398886 0.2679398 0.8320181 0.2614148 0.8398886 0.2485164 0.8167929 0.2679398 0.8320181 0.27926 0.8419017 0.2614148 0.8398886 0.2734128 0.8481031 0.2614148 0.8398886 0.27926 0.8419017 0.2407875 0.8268384 0.2285063 0.8192006 0.2485164 0.8167929 0.2368927 0.8080625 0.2485164 0.8167929 0.2285063 0.8192006 0.2614148 0.8398886 0.2593005 0.8416589 0.2407875 0.8268384 0.2382584 0.8289933 0.2407875 0.8268384 0.2593005 0.8416589 0.2407875 0.8268384 0.2382584 0.8289933 0.2285063 0.8192006 0.2593005 0.8416589 0.2614148 0.8398886 0.271693 0.8496509 0.2734128 0.8481031 0.271693 0.8496509 0.2614148 0.8398886 0.271693 0.8496509 0.2734128 0.8481031 0.2867563 0.8616894 0.2881928 0.8602427 0.2867563 0.8616894 0.2734128 0.8481031 0.2734128 0.8481031 0.27926 0.8419017 0.2881928 0.8602427 0.2257242 0.8217196 0.2285063 0.8192006 0.2382584 0.8289933 0.2927148 0.8557712 0.2881928 0.8602427 0.27926 0.8419017 0.1480711 0.9449875 0.14798 0.9708752 0.1364372 0.9475672 0.1480711 0.9449875 0.1364372 0.9475672 0.1481519 0.9238948 0.1282126 0.9277087 0.1481519 0.9238948 0.1364372 0.9475672 0.1282126 0.9277087 0.1364372 0.9475672 0.1154357 0.9338999 0.1293861 0.951816 0.1154357 0.9338999 0.1364372 0.9475672 0.1364372 0.9475672 0.14798 0.9708752 0.1293861 0.951816 0.1481519 0.9238948 0.1282126 0.9277087 0.1482329 0.9030653 0.1300032 0.9048255 0.1482329 0.9030653 0.1282126 0.9277087 0.1300032 0.9048255 0.1282126 0.9277087 0.1141914 0.9092868 0.1141914 0.9092868 0.1282126 0.9277087 0.1043785 0.913829 0.1154357 0.9338999 0.1043785 0.913829 0.1282126 0.9277087 0.1300032 0.9048255 0.1289006 0.8816591 0.1482329 0.9030653 0.148324 0.880354 0.1482329 0.9030653 0.1289006 0.8816591 0.1289006 0.8816591 0.1279698 0.8620839 0.148324 0.880354 0.1483948 0.8607789 0.148324 0.880354 0.1279698 0.8620839 0.1300032 0.9048255 0.1141914 0.9092868 0.1105798 0.889833 0.1300032 0.9048255 0.1105798 0.889833 0.1289006 0.8816591 0.1073325 0.8918057 0.1105798 0.889833 0.1141914 0.9092868 0.1043785 0.913829 0.09751957 0.8955589 0.1141914 0.9092868 0.1073325 0.8918057 0.1141914 0.9092868 0.09751957 0.8955589 0.1101246 0.8846332 0.1289006 0.8816591 0.1105798 0.889833 0.1101246 0.8846332 0.1091838 0.8765908 0.1289006 0.8816591 0.1196137 0.8738896 0.1289006 0.8816591 0.1091838 0.8765908 0.1289006 0.8816591 0.1196137 0.8738896 0.1279698 0.8620839 0.11929 0.8638644 0.1279698 0.8620839 0.1196137 0.8738896 0.1483948 0.8607789 0.1688095 0.8622356 0.148324 0.880354 0.1677373 0.8818107 0.148324 0.880354 0.1688095 0.8622356 0.148324 0.880354 0.1677373 0.8818107 0.1482329 0.9030653 0.1664525 0.9049671 0.1482329 0.9030653 0.1677373 0.8818107 0.1664525 0.9049671 0.1680711 0.9278604 0.1482329 0.9030653 0.1481519 0.9238948 0.1482329 0.9030653 0.1680711 0.9278604 0.1680711 0.9278604 0.1596948 0.9476581 0.1481519 0.9238948 0.1480711 0.9449875 0.1481519 0.9238948 0.1596948 0.9476581 0.14798 0.9708752 0.1480711 0.9449875 0.1596948 0.9476581 0.1680711 0.9278604 0.1807975 0.9341528 0.1596948 0.9476581 0.1667054 0.9519576 0.1596948 0.9476581 0.1807975 0.9341528 0.14798 0.9708752 0.1596948 0.9476581 0.1667054 0.9519576 0.1680711 0.9278604 0.1664525 0.9049671 0.182234 0.9095499 0.1807975 0.9341528 0.1680711 0.9278604 0.1920064 0.9141629 0.182234 0.9095499 0.1920064 0.9141629 0.1680711 0.9278604 0.1664525 0.9049671 0.1859872 0.8901264 0.182234 0.9095499 0.1664525 0.9049671 0.1677373 0.8818107 0.1859872 0.8901264 0.1892244 0.8921193 0.182234 0.9095499 0.1859872 0.8901264 0.1892244 0.8921193 0.1990069 0.8959433 0.182234 0.9095499 0.1920064 0.9141629 0.182234 0.9095499 0.1990069 0.8959433 0.186493 0.8849266 0.1859872 0.8901264 0.1677373 0.8818107 0.186493 0.8849266 0.1677373 0.8818107 0.1874844 0.8768942 0.1770747 0.8741122 0.1874844 0.8768942 0.1677373 0.8818107 0.1677373 0.8818107 0.1688095 0.8622356 0.1770747 0.8741122 0.1774793 0.8640869 0.1770747 0.8741122 0.1688095 0.8622356 0.2973279 0.8525644 0.3037012 0.8548406 0.2792904 0.8847546 0.2845306 0.8893678 0.2792904 0.8847546 0.3037012 0.8548406 0.2973279 0.8525644 0.3044295 0.815407 0.3037012 0.8548406 0.3110558 0.8158016 0.3037012 0.8548406 0.3044295 0.815407 0.3110558 0.8158016 0.3044295 0.815407 0.3084458 0.7762061 0.3018398 0.7776628 0.3084458 0.7762061 0.3044295 0.815407 0.3018398 0.7776628 0.2878488 0.7435099 0.3084458 0.7762061 0.293605 0.7395849 0.3084458 0.7762061 0.2878488 0.7435099 0.3110558 0.8158016 0.3135646 0.8159633 0.3037012 0.8548406 0.3078287 0.8471825 0.3037012 0.8548406 0.3135646 0.8159633 0.3084458 0.7762061 0.3116021 0.7843195 0.3110558 0.8158016 0.3135646 0.8159633 0.3110558 0.8158016 0.3116021 0.7843195 0.3037012 0.8548406 0.3019814 0.8633282 0.2845306 0.8893678 0.2901047 0.8845624 0.2845306 0.8893678 0.3019814 0.8633282 0.293605 0.7395849 0.2985722 0.7450376 0.3084458 0.7762061 0.3077983 0.7675869 0.3084458 0.7762061 0.2985722 0.7450376 0.3090932 0.8611532 0.3019814 0.8633282 0.3037012 0.8548406 0.2901047 0.8845624 0.2910557 0.8928073 0.2845306 0.8893678 0.2845306 0.8893678 0.2910557 0.8928073 0.2951528 0.9011027 0.2968726 0.8992918 0.2951528 0.9011027 0.2910557 0.8928073 0.2951528 0.9011027 0.2968726 0.8992918 0.3166096 0.9240263 0.321769 0.9185331 0.3166096 0.9240263 0.2968726 0.8992918 0.3166096 0.9240263 0.321769 0.9185331 0.3399177 0.9321801 0.3399177 0.9321801 0.3298621 0.9381792 0.3166096 0.9240263 0.3315009 0.9429339 0.3298621 0.9381792 0.3399177 0.9321801 0.3399177 0.9321801 0.357672 0.9485686 0.3315009 0.9429339 0.3503072 0.9624079 0.3315009 0.9429339 0.357672 0.9485686 0.357672 0.9485686 0.3657246 0.9547396 0.3503072 0.9624079 0.3657246 0.9547396 0.357672 0.9485686 0.3843994 0.898604 0.3923104 0.9015984 0.3657246 0.9547396 0.3843994 0.898604 0.3935952 0.9051189 0.3657246 0.9547396 0.3923104 0.9015984 0.3538885 0.9661711 0.3503072 0.9624079 0.3657246 0.9547396 0.357672 0.9485686 0.3593209 0.9403238 0.3843994 0.898604 0.3527352 0.9418109 0.357672 0.9485686 0.3399177 0.9321801 0.3527352 0.9418109 0.3593209 0.9403238 0.357672 0.9485686 0.3843994 0.898604 0.3766503 0.8969955 0.3666856 0.8879109 0.3666856 0.8879109 0.3766503 0.8969955 0.3632258 0.8894587 0.3622344 0.8865148 0.3632258 0.8894587 0.3423254 0.8794335 0.3786634 0.9040769 0.38445 0.8985938 0.3593209 0.9403238 0.3786634 0.9040769 0.3766503 0.8969955 0.38445 0.8985938 0.3537873 0.7038235 0.32968 0.7091448 0.3445106 0.6966612 0.3467159 0.6921492 0.3537873 0.7038235 0.3445106 0.6966612 0.3537873 0.7038235 0.3467159 0.6921492 0.3728971 0.6899236 0.3676872 0.6750425 0.3728971 0.6899236 0.3467159 0.6921492 0.3728971 0.6899236 0.3676872 0.6750425 0.3820828 0.684481 0.3820828 0.684481 0.3939189 0.7424073 0.3728971 0.6899236 0.4020727 0.7404346 0.3939189 0.7424073 0.3820828 0.684481 0.4037722 0.7370963 0.4020727 0.7404346 0.3820828 0.684481 0.3716933 0.6717243 0.3820828 0.684481 0.3676872 0.6750425 0.3537873 0.7038235 0.3341514 0.7152247 0.32968 0.7091448 0.32968 0.7091448 0.3341514 0.7152247 0.3056132 0.7292965 0.3071002 0.7312996 0.3056132 0.7292965 0.3341514 0.7152247 0.3537873 0.7038235 0.3728971 0.6899236 0.3672117 0.6960542 0.3939189 0.7424073 0.3887393 0.7363679 0.3728971 0.6899236 0.3056132 0.7292965 0.3071002 0.7312996 0.293605 0.7395849 0.3005247 0.7369849 0.293605 0.7395849 0.3071002 0.7312996 0.3005247 0.7369849 0.2985722 0.7450376 0.293605 0.7395849 0.3735951 0.6982898 0.3729072 0.6899034 0.3887393 0.7363679 0.3735951 0.6982898 0.3672117 0.6960542 0.3729072 0.6899034 0.3749001 0.7509961 0.3717236 0.748983 0.3939189 0.7424073 0.3859168 0.7431256 0.3938784 0.7424681 0.3717236 0.748983 0.3859168 0.7431256 0.3887393 0.7363679 0.3938784 0.7424681 0.3703781 0.7518155 0.3497711 0.7564589 0.3717236 0.748983 0.343681 0.8764289 0.3480715 0.8639149 0.3608991 0.8828225 0.3656841 0.8696306 0.3608991 0.8828225 0.3480715 0.8639149 0.3480715 0.8639149 0.343681 0.8764289 0.3191387 0.8550631 0.31577 0.8644815 0.3191387 0.8550631 0.343681 0.8764289 0.31577 0.8644815 0.3090932 0.8611532 0.3191387 0.8550631 0.3118853 0.8533636 0.3191387 0.8550631 0.3090932 0.8611532 0.3656841 0.8696306 0.366888 0.8723925 0.3608991 0.8828225 0.36359 0.8814365 0.3608991 0.8828225 0.366888 0.8723925 0.3118853 0.8533636 0.3090932 0.8611532 0.3037012 0.8548406 0.3078287 0.8471825 0.3118853 0.8533636 0.3037012 0.8548406 0.3507524 0.7596152 0.3686078 0.7553158 0.3535748 0.7725338 0.3717337 0.7689628 0.3535748 0.7725338 0.3686078 0.7553158 0.3507524 0.7596152 0.3535748 0.7725338 0.3216375 0.7681736 0.3237821 0.7779259 0.3216375 0.7681736 0.3535748 0.7725338 0.3237821 0.7779259 0.3163871 0.7786846 0.3216375 0.7681736 0.3145863 0.7706421 0.3216375 0.7681736 0.3163871 0.7786846 0.3686078 0.7553158 0.3711065 0.7570254 0.3717337 0.7689628 0.3732511 0.7663628 0.3717337 0.7689628 0.3711065 0.7570254 0.3145863 0.7706421 0.3163871 0.7786846 0.3084458 0.7762061 0.3163871 0.7786846 0.3116021 0.7843195 0.3084458 0.7762061 0.3077983 0.7675869 0.3145863 0.7706421 0.3084458 0.7762061 0.08290141 0.7454119 0.09713518 0.7403335 0.1068772 0.7697013 0.1068772 0.7697013 0.09713518 0.7403335 0.108597 0.737076 0.1160831 0.7647139 0.1068772 0.7697013 0.108597 0.737076 0.1068772 0.7697013 0.1160831 0.7647139 0.1487691 0.7664337 0.1487792 0.7627918 0.1487691 0.7664337 0.1160831 0.7647139 0.09332126 0.7709557 0.08290141 0.7454119 0.1068772 0.7697013 0.1068772 0.7697013 0.0650258 0.7853108 0.09332126 0.7709557 0.1068772 0.7697013 0.1079192 0.7729992 0.0650258 0.7853108 0.1068772 0.7697013 0.1487691 0.7664337 0.1079192 0.7729992 0.06726151 0.7878905 0.0650258 0.7853108 0.1079192 0.7729992 0.06705921 0.7798479 0.09332126 0.7709557 0.0650258 0.7853108 0.0650258 0.7853108 0.04757511 0.7586846 0.06705921 0.7798479 0.04385226 0.7621544 0.04757511 0.7586846 0.0650258 0.7853108 0.04757511 0.7586846 0.04385226 0.7621544 0.02336663 0.7241574 0.02769643 0.7458671 0.02336663 0.7241574 0.04385226 0.7621544 0.04757511 0.7586846 0.02336663 0.7241574 0.05091351 0.7564285 0.05091351 0.7564285 0.06705921 0.7798479 0.04757511 0.7586846 0.02919369 0.7257963 0.05091351 0.7564285 0.02336663 0.7241574 0.02336663 0.7241574 0.07305818 0.7025995 0.02919369 0.7257963 0.02336663 0.7241574 0.07114624 0.6945266 0.07305818 0.7025995 0.0679292 0.6928675 0.07114624 0.6945266 0.02336663 0.7241574 0.01685172 0.7136061 0.0679292 0.6928675 0.02336663 0.7241574 0.07049876 0.7082646 0.02919369 0.7257963 0.07305818 0.7025995 0.07049876 0.7082646 0.07305818 0.7025995 0.08290141 0.7454119 0.01685172 0.7136061 0.02336663 0.7241574 0.01540505 0.7358215 0.02325534 0.7441068 0.02336663 0.7241574 0.02769643 0.7458671 0.01540505 0.7358215 0.02336663 0.7241574 0.02325534 0.7441068 0.01181375 0.7368332 0.01685172 0.7136061 0.01540505 0.7358215 0.002365052 0.7264032 0.01685172 0.7136061 0.01181375 0.7368332 0.08290141 0.7454119 0.07712501 0.7018103 0.09713518 0.7403335 0.09713518 0.7403335 0.07712501 0.7018103 0.09456562 0.6965701 0.108597 0.737076 0.09713518 0.7403335 0.09456562 0.6965701 0.1031544 0.6978649 0.108597 0.737076 0.09884482 0.6946176 0.09884482 0.6946176 0.1490827 0.6864638 0.1031544 0.6978649 0.09884482 0.6946176 0.09838956 0.6834998 0.1490827 0.6864638 0.09652817 0.6866156 0.09838956 0.6834998 0.09884482 0.6946176 0.1490827 0.6864638 0.09838956 0.6834998 0.1491333 0.6749514 0.1490726 0.6900956 0.1031544 0.6978649 0.1490827 0.6864638 0.199796 0.6839044 0.1490827 0.6864638 0.1491333 0.6749514 0.1992598 0.6950324 0.1490827 0.6864638 0.199796 0.6839044 0.2016372 0.6870304 0.1992598 0.6950324 0.199796 0.6839044 0.1992598 0.6950324 0.1949199 0.6982291 0.1490827 0.6864638 0.1490726 0.6900956 0.1490827 0.6864638 0.1949199 0.6982291 0.1891738 0.7373896 0.1949199 0.6982291 0.1992598 0.6950324 0.2006458 0.7406066 0.1891738 0.7373896 0.2035289 0.6970152 0.2006458 0.7406066 0.1906306 0.7700351 0.1891738 0.7373896 0.2006458 0.7406066 0.2147884 0.7459278 0.1906306 0.7700351 0.1906306 0.7700351 0.1814652 0.7649769 0.1891738 0.7373896 0.1906306 0.7700351 0.1487691 0.7664337 0.1814652 0.7649769 0.1487792 0.7627918 0.1814652 0.7649769 0.1487691 0.7664337 0.2147884 0.7459278 0.2041764 0.7714007 0.1906306 0.7700351 0.1906306 0.7700351 0.2041764 0.7714007 0.2323505 0.7859785 0.1906306 0.7700351 0.2323505 0.7859785 0.1895583 0.7733127 0.1906306 0.7700351 0.1895583 0.7733127 0.1487691 0.7664337 0.2300945 0.7885278 0.1895583 0.7733127 0.2323505 0.7859785 0.2303677 0.7804955 0.2323505 0.7859785 0.2041764 0.7714007 0.2323505 0.7859785 0.2303677 0.7804955 0.2500136 0.7594838 0.2500136 0.7594838 0.2537162 0.762984 0.2323505 0.7859785 0.2500136 0.7594838 0.2745155 0.7251589 0.2537162 0.762984 0.2700036 0.7468281 0.2537162 0.762984 0.2745155 0.7251589 0.2500136 0.7594838 0.2467056 0.7571974 0.2745155 0.7251589 0.2467056 0.7571974 0.2500136 0.7594838 0.2303677 0.7804955 0.2686682 0.7267573 0.2745155 0.7251589 0.2467056 0.7571974 0.2745155 0.7251589 0.2686682 0.7267573 0.2249959 0.7032165 0.2269686 0.6951538 0.2745155 0.7251589 0.2249959 0.7032165 0.2301957 0.6935149 0.2745155 0.7251589 0.2269686 0.6951538 0.2811113 0.7146581 0.2745155 0.7251589 0.2301957 0.6935149 0.2275047 0.7088918 0.2249959 0.7032165 0.2686682 0.7267573 0.2249959 0.7032165 0.2275047 0.7088918 0.2147884 0.7459278 0.2745155 0.7251589 0.2811113 0.7146581 0.2823759 0.736894 0.2745155 0.7251589 0.2744649 0.7451084 0.2700036 0.7468281 0.2745155 0.7251589 0.2823759 0.736894 0.2744649 0.7451084 0.2811113 0.7146581 0.285957 0.7379257 0.2823759 0.736894 0.2811113 0.7146581 0.2954968 0.7275667 0.285957 0.7379257 0.2147884 0.7459278 0.2006458 0.7406066 0.2209291 0.702387 0.2209291 0.702387 0.2006458 0.7406066 0.2035289 0.6970152 0.148759 0.7692156 0.1079192 0.7729992 0.1487691 0.7664337 0.148759 0.7692156 0.1487691 0.7664337 0.1895583 0.7733127 0.2920775 0.6518456 0.2922494 0.6332923 0.3478389 0.6523717 0.3480108 0.6338082 0.3478389 0.6523717 0.2922494 0.6332923 0.3480108 0.6338082 0.3650265 0.6357303 0.3478389 0.6523717 0.3649153 0.6525335 0.3478389 0.6523717 0.3650265 0.6357303 0.3686988 0.6340004 0.3650265 0.6357303 0.3480108 0.6338082 0.2579954 0.6332113 0.2579145 0.6516231 0.2502362 0.6332923 0.2502362 0.6515321 0.2502362 0.6332923 0.2579145 0.6516231 0.2807168 0.6517141 0.2808079 0.6332214 0.2884659 0.6518052 0.2886379 0.633272 0.2884659 0.6518052 0.2808079 0.6332214 0.2886379 0.633272 0.2922494 0.6332923 0.2884659 0.6518052 0.2920775 0.6518456 0.2884659 0.6518052 0.2922494 0.6332923 0.2502362 0.6515321 0.2465234 0.6513702 0.2502362 0.6332923 0.2465234 0.6334642 0.2502362 0.6332923 0.2465234 0.6513702 0.6016786 0.7544863 0.5627104 0.7477791 0.6016685 0.7092864 0.5638535 0.7140512 0.6016685 0.7092864 0.5627104 0.7477791 0.5638535 0.7140512 0.5627104 0.7477791 0.5353051 0.7173491 0.534506 0.74525 0.5353051 0.7173491 0.5627104 0.7477791 0.1160831 0.7647139 0.117641 0.7629941 0.1487792 0.7627918 0.1487994 0.7591802 0.1487792 0.7627918 0.117641 0.7629941 0.1487994 0.7591802 0.1799173 0.7632369 0.1487792 0.7627918 0.1814652 0.7649769 0.1487792 0.7627918 0.1799173 0.7632369 0.1047933 0.6990182 0.1117533 0.7365298 0.1031544 0.6978649 0.108597 0.737076 0.1031544 0.6978649 0.1117533 0.7365298 0.1117533 0.7365298 0.117641 0.7629941 0.108597 0.737076 0.1160831 0.7647139 0.108597 0.737076 0.117641 0.7629941 0.6016685 0.7092864 0.5638535 0.7140512 0.6007681 0.7054219 0.5634995 0.7100552 0.6007681 0.7054219 0.5638535 0.7140512 0.5638535 0.7140512 0.5353051 0.7173491 0.5634995 0.7100552 0.5355176 0.7133936 0.5634995 0.7100552 0.5353051 0.7173491 0.5353051 0.7173491 0.534506 0.74525 0.5312788 0.717167 0.5304797 0.7451286 0.5312788 0.717167 0.534506 0.74525 0.534506 0.74525 0.5627104 0.7477791 0.5347993 0.7491853 0.5623866 0.7517751 0.5347993 0.7491853 0.5627104 0.7477791 0.5627104 0.7477791 0.6016786 0.7544863 0.5623866 0.7517751 0.6007479 0.7583507 0.5623866 0.7517751 0.6016786 0.7544863 0.6016786 0.7544863 0.6016685 0.7092864 0.6057049 0.7545672 0.6056948 0.7093369 0.6057049 0.7545672 0.6016685 0.7092864 0.3254311 0.6693975 0.3253401 0.6725842 0.3220118 0.6693065 0.3219208 0.6724932 0.3220118 0.6693065 0.3253401 0.6725842 0.363853 0.6659782 0.363853 0.6693975 0.3254311 0.6659782 0.3254311 0.6693975 0.3254311 0.6659782 0.363853 0.6693975 0.363762 0.6627814 0.363853 0.6659782 0.3253401 0.6627814 0.3254311 0.6659782 0.3253401 0.6627814 0.363853 0.6659782 0.363762 0.6725842 0.363762 0.6760035 0.3253401 0.6725842 0.3253401 0.6760035 0.3253401 0.6725842 0.363762 0.6760035 0.363853 0.6693975 0.363762 0.6725842 0.3254311 0.6693975 0.3253401 0.6725842 0.3254311 0.6693975 0.363762 0.6725842 0.2976213 0.6890435 0.3004538 0.6889929 0.2976617 0.6924527 0.3004943 0.6924325 0.2976617 0.6924527 0.3004538 0.6889929 0.2596748 0.6917142 0.2598467 0.6883354 0.2976617 0.6924527 0.2976213 0.6890435 0.2976617 0.6924527 0.2598467 0.6883354 0.2601705 0.6815675 0.2597152 0.6783708 0.2977325 0.6822858 0.2981372 0.6791092 0.2977325 0.6822858 0.2597152 0.6783708 0.2603121 0.6852297 0.2601705 0.6815675 0.2974492 0.6859378 0.2977325 0.6822858 0.2974492 0.6859378 0.2601705 0.6815675 0.2598467 0.6883354 0.2603121 0.6852297 0.2976213 0.6890435 0.2974492 0.6859378 0.2976213 0.6890435 0.2603121 0.6852297 0.1943534 0.6512589 0.1943534 0.6335654 0.2465234 0.6513702 0.2465234 0.6334642 0.2465234 0.6513702 0.1943534 0.6335654 0.1943534 0.6512589 0.1421934 0.6512589 0.1943534 0.6335654 0.1421934 0.6335654 0.1943534 0.6335654 0.1421934 0.6512589 0.1484858 0.8378147 0.1236703 0.8401011 0.148759 0.7692156 0.1079192 0.7729992 0.148759 0.7692156 0.1236703 0.8401011 0.1079192 0.7729992 0.1236703 0.8401011 0.06726151 0.7878905 0.1073628 0.8457054 0.06726151 0.7878905 0.1236703 0.8401011 0.1484858 0.8378147 0.148759 0.7692156 0.173281 0.8402932 0.1895583 0.7733127 0.173281 0.8402932 0.148759 0.7692156 0.1895583 0.7733127 0.2300945 0.7885278 0.173281 0.8402932 0.1895481 0.8460292 0.173281 0.8402932 0.2300945 0.7885278 0.1489107 0.7318863 0.1487994 0.7591802 0.1117533 0.7365298 0.117641 0.7629941 0.1117533 0.7365298 0.1487994 0.7591802 0.1117533 0.7365298 0.1047933 0.6990182 0.1489107 0.7318863 0.1490625 0.6934846 0.1489107 0.7318863 0.1047933 0.6990182 0.1489107 0.7318863 0.1860175 0.7368231 0.1487994 0.7591802 0.1799173 0.7632369 0.1487994 0.7591802 0.1860175 0.7368231 0.1860175 0.7368231 0.1489107 0.7318863 0.1932811 0.6993724 0.1490625 0.6934846 0.1932811 0.6993724 0.1489107 0.7318863 0.1490625 0.6934846 0.1047933 0.6990182 0.1490726 0.6900956 0.1031544 0.6978649 0.1490726 0.6900956 0.1047933 0.6990182 0.1490625 0.6934846 0.1490726 0.6900956 0.1932811 0.6993724 0.1949199 0.6982291 0.1932811 0.6993724 0.1490726 0.6900956 0.1245708 0.8445218 0.1236703 0.8401011 0.1484656 0.84262 0.1484858 0.8378147 0.1484656 0.84262 0.1236703 0.8401011 0.1245708 0.8445218 0.1089005 0.8496609 0.1236703 0.8401011 0.1073628 0.8457054 0.1236703 0.8401011 0.1089005 0.8496609 0.1484858 0.8378147 0.173281 0.8402932 0.1484656 0.84262 0.1723402 0.8447141 0.1484656 0.84262 0.173281 0.8402932 0.1723402 0.8447141 0.173281 0.8402932 0.18797 0.8499644 0.1895481 0.8460292 0.18797 0.8499644 0.173281 0.8402932 0.6558416 0.9827923 0.6549918 0.9694489 0.6847542 0.9676278 0.6549918 0.9694489 0.6556898 0.9661205 0.6847542 0.9676278 0.6852297 0.9636622 0.6847542 0.9676278 0.6556898 0.9661205 0.6556898 0.9661205 0.6611021 0.9373192 0.6852297 0.9636622 0.6851689 0.9331513 0.6852297 0.9636622 0.6611021 0.9373192 0.6898022 0.9321801 0.6852297 0.9636622 0.6851689 0.9331513 0.6852297 0.9636622 0.6898022 0.9321801 0.6911173 0.9320183 0.6911173 0.9320183 0.6898022 0.9321801 0.6934947 0.9172686 0.6897921 0.9173799 0.6934947 0.9172686 0.6898022 0.9321801 0.6856343 0.9875167 0.6558416 0.9827923 0.6847542 0.9676278 0.6563879 0.9888824 0.6558416 0.9827923 0.6856343 0.9875167 0.6558416 0.9827923 0.6563879 0.9888824 0.6277586 0.9895298 0.6279407 0.9919881 0.6277586 0.9895298 0.6563879 0.9888824 0.4827608 0.6313499 0.5334033 0.6312386 0.48269 0.6556292 0.5335449 0.654921 0.48269 0.6556292 0.5334033 0.6312386 0.3406461 0.9928176 0.2985924 0.9928176 0.3406461 0.9793122 0.2985924 0.9793528 0.3406461 0.9793122 0.2985924 0.9928176 0.7676072 0.7565601 0.7263324 0.7565601 0.7676072 0.7249768 0.7264437 0.7249768 0.7676072 0.7249768 0.7263324 0.7565601 0.7520685 0.9647447 0.7417397 0.9720994 0.6892661 0.9680831 0.6984922 0.9737483 0.6892661 0.9680831 0.7417397 0.9720994 0.7520685 0.9647447 0.752898 0.9857362 0.7417397 0.9720994 0.7422758 0.9861408 0.7417397 0.9720994 0.752898 0.9857362 0.7520685 0.9647447 0.6892661 0.9680831 0.7518964 0.9610218 0.6984922 0.9737483 0.6988968 0.9877291 0.6892661 0.9680831 0.6899135 0.9877797 0.6892661 0.9680831 0.6988968 0.9877291 0.6895595 0.9641781 0.7518964 0.9610218 0.6892661 0.9680831 0.6895595 0.9641781 0.7040258 0.9361559 0.7518964 0.9610218 0.7452196 0.9360244 0.7518964 0.9610218 0.7040258 0.9361559 0.7518964 0.9610218 0.7452196 0.9360244 0.751765 0.8828426 0.7451488 0.9008802 0.751765 0.8828426 0.7452196 0.9360244 0.751765 0.8828426 0.7451488 0.9008802 0.7041573 0.8792412 0.703955 0.9009914 0.7041573 0.8792412 0.7451488 0.9008802 0.6952145 0.9348509 0.7040258 0.9361559 0.6895595 0.9641781 0.7040258 0.9361559 0.6952145 0.9348509 0.703955 0.9009914 0.7041573 0.8792412 0.703955 0.9009914 0.6952145 0.9348509 0.3411013 0.9655237 0.3406461 0.9793122 0.2923405 0.9650583 0.2985924 0.9793528 0.2923405 0.9650583 0.3406461 0.9793122 0.3406461 0.9928176 0.3406461 0.9793122 0.3542425 0.9928074 0.3542425 0.9769855 0.3542425 0.9928074 0.3406461 0.9793122 0.6223767 0.9676481 0.6221238 0.9720994 0.5961348 0.9691858 0.5972982 0.9736775 0.5961348 0.9691858 0.6221238 0.9720994 0.5972982 0.9736775 0.6221238 0.9720994 0.5979356 0.9752657 0.6221238 0.9720994 0.6223767 0.9676481 0.6505406 0.9696208 0.6512589 0.9657058 0.6505406 0.9696208 0.6223767 0.9676481 0.6221238 0.9720994 0.6505406 0.9696208 0.6232163 0.9860801 0.65136 0.9796866 0.6232163 0.9860801 0.6505406 0.9696208 0.6232163 0.9860801 0.6012942 0.9806578 0.6221238 0.9720994 0.6010514 0.9774812 0.6221238 0.9720994 0.6012942 0.9806578 0.6010514 0.9774812 0.5979356 0.9752657 0.6221238 0.9720994 0.6223767 0.9676481 0.6391799 0.9404047 0.6512589 0.9657058 0.6565194 0.9375823 0.6512589 0.9657058 0.6391799 0.9404047 0.5961348 0.9691858 0.5962057 0.9629137 0.6223767 0.9676481 0.5962057 0.9629137 0.6005658 0.9583208 0.6223767 0.9676481 0.6005658 0.9583208 0.6131101 0.9515328 0.6223767 0.9676481 0.6131101 0.9515328 0.6391799 0.9404047 0.6223767 0.9676481 0.6012942 0.9806578 0.6232163 0.9860801 0.6021439 0.9934145 0.6234086 0.9920488 0.6021439 0.9934145 0.6232163 0.9860801 0.767597 0.7164993 0.7676072 0.7249768 0.7227007 0.7164993 0.7264437 0.7249768 0.7227007 0.7164993 0.7676072 0.7249768 0.7760847 0.7633279 0.7676072 0.7565601 0.7760847 0.7249768 0.7676072 0.7249768 0.7760847 0.7249768 0.7676072 0.7565601 0.7226905 0.7674049 0.7263324 0.7565601 0.767597 0.7674049 0.7676072 0.7565601 0.767597 0.7674049 0.7263324 0.7565601 0.7171771 0.7249566 0.7264437 0.7249768 0.7170961 0.7633078 0.7263324 0.7565601 0.7170961 0.7633078 0.7264437 0.7249768 0.4076468 0.6314713 0.4384612 0.6314713 0.4076468 0.6443899 0.4384612 0.645098 0.4076468 0.6443899 0.4384612 0.6314713 0.4384612 0.6314713 0.4523914 0.6314713 0.4384612 0.645098 0.4523914 0.6458062 0.4384612 0.645098 0.4523914 0.6314713 0.4076468 0.6443899 0.3902163 0.641446 0.4076468 0.6314713 0.3893564 0.6440662 0.3902163 0.641446 0.4076468 0.6443899 0.3901961 0.6314713 0.4076468 0.6314713 0.3902163 0.641446 0.4062608 0.6444303 0.4467061 0.6451385 0.4058259 0.6538082 0.4475356 0.6546984 0.4058259 0.6538082 0.4467061 0.6451385 0.4467061 0.6451385 0.4713191 0.6458062 0.4475356 0.6546984 0.48269 0.6556292 0.4475356 0.6546984 0.4713191 0.6458062 0.48269 0.6556292 0.4713191 0.6458062 0.4827608 0.6313499 0.4713293 0.6314612 0.4827608 0.6313499 0.4713191 0.6458062 0.4058259 0.6538082 0.3817286 0.653616 0.4062608 0.6444303 0.3851581 0.643965 0.4062608 0.6444303 0.3817286 0.653616 0.4144956 0.6894886 0.4408689 0.6695088 0.4185724 0.7017699 0.4544754 0.6760541 0.4185724 0.7017699 0.4408689 0.6695088 0.4408689 0.6695088 0.4535548 0.6599893 0.4544754 0.6760541 0.4739696 0.6580571 0.4544754 0.6760541 0.4535548 0.6599893 0.4144956 0.6894886 0.4185724 0.7017699 0.3965289 0.7003941 0.4144956 0.6894886 0.3965289 0.7003941 0.3955072 0.6958012 0.3965795 0.7087097 0.3965289 0.7003941 0.4185724 0.7017699 0.1988046 0.6611628 0.1963362 0.6611628 0.1988046 0.6588563 0.1963362 0.6588563 0.1988046 0.6588563 0.1963362 0.6611628 0.1988754 0.6563879 0.2229524 0.6571466 0.1988046 0.6588563 0.2228816 0.659615 0.1988046 0.6588563 0.2229524 0.6571466 0.1988046 0.6588563 0.2228816 0.659615 0.1988046 0.6611628 0.2228816 0.6619114 0.1988046 0.6611628 0.2228816 0.659615 0.1988046 0.6611628 0.2228816 0.6619114 0.1987237 0.6636312 0.2228006 0.6643798 0.1987237 0.6636312 0.2228816 0.6619114 0.1987237 0.6636312 0.2228006 0.6643798 0.1985821 0.6659276 0.222659 0.6666762 0.1985821 0.6659276 0.2228006 0.6643798 0.7592308 0.9535763 0.7518964 0.9610218 0.7590589 0.8907233 0.751765 0.8828426 0.7590589 0.8907233 0.7518964 0.9610218 0.751765 0.8828426 0.7748606 0.8829842 0.7590589 0.8907233 0.7747999 0.8908852 0.7590589 0.8907233 0.7748606 0.8829842 0.7518964 0.9610218 0.7592308 0.9535763 0.7539501 0.9645323 0.7621645 0.9569653 0.7539501 0.9645323 0.7592308 0.9535763 0.7539501 0.9645323 0.7621645 0.9569653 0.7749516 0.964593 0.774982 0.9570158 0.7749516 0.964593 0.7621645 0.9569653 0.751765 0.8828426 0.7518964 0.9610218 0.7590589 0.8907233 0.7592308 0.9535763 0.7590589 0.8907233 0.7518964 0.9610218 0.751765 0.8828426 0.7590589 0.8907233 0.7748606 0.8829842 0.7747999 0.8908852 0.7748606 0.8829842 0.7590589 0.8907233 0.7518964 0.9610218 0.7539501 0.9645323 0.7592308 0.9535763 0.7621645 0.9569653 0.7592308 0.9535763 0.7539501 0.9645323 0.7539501 0.9645323 0.7749516 0.964593 0.7621645 0.9569653 0.774982 0.9570158 0.7621645 0.9569653 0.7749516 0.964593 0.7747999 0.8908852 0.7592308 0.9535763 0.774982 0.9570158 0.7041573 0.8792412 0.7059075 0.856277 0.751765 0.8828426 0.7534341 0.8598279 0.751765 0.8828426 0.7059075 0.856277 0.283165 0.9770259 0.2985924 0.9793528 0.283165 0.9928176 0.2985924 0.9928176 0.283165 0.9928176 0.2985924 0.9793528 0.4523914 0.6458062 0.4523914 0.6314713 0.4713191 0.6458062 0.4713293 0.6314612 0.4713191 0.6458062 0.4523914 0.6314713 0.5367821 0.6317444 0.5410613 0.6324425 0.5335449 0.654921 0.5381479 0.6553459 0.5335449 0.654921 0.5410613 0.6324425 0.6232163 0.9860801 0.6277586 0.9895298 0.6234086 0.9920488 0.6279407 0.9919881 0.6234086 0.9920488 0.6277586 0.9895298 0.65136 0.9796866 0.6558416 0.9827923 0.6232163 0.9860801 0.6277586 0.9895298 0.6232163 0.9860801 0.6558416 0.9827923 0.6505406 0.9696208 0.6549918 0.9694489 0.65136 0.9796866 0.6558416 0.9827923 0.65136 0.9796866 0.6549918 0.9694489 0.6549918 0.9694489 0.6505406 0.9696208 0.6556898 0.9661205 0.6512589 0.9657058 0.6556898 0.9661205 0.6505406 0.9696208 0.6512589 0.9657058 0.6565194 0.9375823 0.6556898 0.9661205 0.6611021 0.9373192 0.6556898 0.9661205 0.6565194 0.9375823 0.6895595 0.9641781 0.6852297 0.9636622 0.6952145 0.9348509 0.6911173 0.9320183 0.6952145 0.9348509 0.6852297 0.9636622 0.6852297 0.9636622 0.6895595 0.9641781 0.6847542 0.9676278 0.6892661 0.9680831 0.6847542 0.9676278 0.6895595 0.9641781 0.6847542 0.9676278 0.6892661 0.9680831 0.6856343 0.9875167 0.6899135 0.9877797 0.6856343 0.9875167 0.6892661 0.9680831 0.6934947 0.9172686 0.6952145 0.9348509 0.6911173 0.9320183 0.6952145 0.9348509 0.6934947 0.9172686 0.7041573 0.8792412 0.6997871 0.8806575 0.7041573 0.8792412 0.6934947 0.9172686 0.7041573 0.8792412 0.7001411 0.8775619 0.7059075 0.856277 0.7018306 0.8559635 0.7059075 0.856277 0.7001411 0.8775619 0.5410613 0.6324425 0.5525435 0.6342229 0.5381479 0.6553459 0.5498626 0.6557506 0.5381479 0.6553459 0.5525435 0.6342229 0.5716229 0.6926449 0.5684261 0.6902069 0.5747489 0.6559428 0.571805 0.6564283 0.5747489 0.6559428 0.5684261 0.6902069 0.5747489 0.6559428 0.571805 0.6564283 0.5763877 0.6366205 0.5732719 0.6366407 0.5763877 0.6366205 0.571805 0.6564283 0.5498626 0.6557506 0.553029 0.6561552 0.5471312 0.6902474 0.5507731 0.6897921 0.5471312 0.6902474 0.553029 0.6561552 0.553029 0.6561552 0.5498626 0.6557506 0.5552951 0.6352851 0.5525435 0.6342229 0.5552951 0.6352851 0.5498626 0.6557506 0.5381479 0.6553459 0.536074 0.6901867 0.5335449 0.654921 0.5315824 0.6902474 0.5335449 0.654921 0.536074 0.6901867 0.536074 0.6901867 0.5381479 0.6553459 0.5471312 0.6902474 0.5498626 0.6557506 0.5471312 0.6902474 0.5381479 0.6553459 0.5315824 0.6902474 0.5090532 0.6893369 0.5335449 0.654921 0.5090532 0.6893369 0.480869 0.6778447 0.5335449 0.654921 0.48269 0.6556292 0.5335449 0.654921 0.480869 0.6778447 0.480869 0.6778447 0.4778442 0.6785731 0.48269 0.6556292 0.48269 0.6556292 0.4778442 0.6785731 0.4608791 0.6830748 0.4778442 0.6785731 0.4274243 0.725422 0.4608791 0.6830748 0.431056 0.7120481 0.4608791 0.6830748 0.4274243 0.725422 0.4091541 0.721952 0.431056 0.7120481 0.4274243 0.725422 0.4091541 0.721952 0.4274243 0.725422 0.4104895 0.732129 0.4282235 0.729782 0.4104895 0.732129 0.4274243 0.725422 0.5507731 0.6897921 0.553029 0.6561552 0.5643189 0.6901259 0.5670604 0.657096 0.5643189 0.6901259 0.553029 0.6561552 0.5670604 0.657096 0.571805 0.6564283 0.5643189 0.6901259 0.5684261 0.6902069 0.5643189 0.6901259 0.571805 0.6564283 0.553029 0.6561552 0.5552951 0.6352851 0.5670604 0.657096 0.5686689 0.6366913 0.5670604 0.657096 0.5552951 0.6352851 0.5686689 0.6366913 0.5732719 0.6366407 0.5670604 0.657096 0.571805 0.6564283 0.5670604 0.657096 0.5732719 0.6366407 0.5684261 0.6902069 0.5680316 0.6940208 0.5643189 0.6901259 0.5640963 0.6938892 0.5643189 0.6901259 0.5680316 0.6940208 0.0342822 0.6708138 0.03450477 0.6724021 0.03006368 0.6707228 0.0302053 0.6735958 0.03006368 0.6707228 0.03450477 0.6724021 0.2563161 0.9596764 0.2579752 0.9632172 0.2355574 0.9715429 0.2367309 0.9754782 0.2355574 0.9715429 0.2579752 0.9632172 0.2563161 0.9596764 0.2685873 0.9518363 0.2579752 0.9632172 0.2703374 0.9552454 0.2579752 0.9632172 0.2685873 0.9518363 0.2703374 0.9552454 0.2685873 0.9518363 0.2861392 0.9442388 0.2836809 0.9415883 0.2861392 0.9442388 0.2685873 0.9518363 0.2355574 0.9715429 0.2367309 0.9754782 0.2230232 0.978159 0.2240449 0.9824787 0.2230232 0.978159 0.2367309 0.9754782 0.0124005 0.6755584 0.01222854 0.6718356 0.02668482 0.6748705 0.02650272 0.6709453 0.02668482 0.6748705 0.01222854 0.6718356 0.02668482 0.6748705 0.02650272 0.6709453 0.0302053 0.6735958 0.03006368 0.6707228 0.0302053 0.6735958 0.02650272 0.6709453 0.2467257 0.9878809 0.2391891 0.9776835 0.2664123 0.9730098 0.260039 0.9650179 0.2664123 0.9730098 0.2391891 0.9776835 0.260039 0.9650179 0.2720976 0.956945 0.2664123 0.9730098 0.277864 0.9633588 0.2664123 0.9730098 0.2720976 0.956945 0.277864 0.9633588 0.2720976 0.956945 0.2917133 0.9499647 0.2874138 0.9455337 0.2917133 0.9499647 0.2720976 0.956945 0.2467257 0.9878809 0.23492 0.9963786 0.2391891 0.9776835 0.2267662 0.9850685 0.2391891 0.9776835 0.23492 0.9963786 0.260039 0.9650179 0.2391891 0.9776835 0.2579752 0.9632172 0.2367309 0.9754782 0.2579752 0.9632172 0.2391891 0.9776835 0.2391891 0.9776835 0.2267662 0.9850685 0.2367309 0.9754782 0.2874138 0.9455337 0.2720976 0.956945 0.2861392 0.9442388 0.2703374 0.9552454 0.2861392 0.9442388 0.2720976 0.956945 0.2579752 0.9632172 0.2703374 0.9552454 0.260039 0.9650179 0.2720976 0.956945 0.260039 0.9650179 0.2703374 0.9552454 0.2240449 0.9824787 0.2367309 0.9754782 0.2267662 0.9850685 0.03814667 0.6335654 0.09328085 0.6333327 0.03824782 0.6519164 0.093382 0.6515725 0.03824782 0.6519164 0.09328085 0.6333327 0.03814667 0.6335654 0.03824782 0.6519164 0.02131301 0.6353863 0.02136361 0.6520075 0.02131301 0.6353863 0.03824782 0.6519164 0.02131301 0.6353863 0.01769137 0.6336665 0.03814667 0.6335654 0.1384706 0.6512589 0.1300538 0.6512285 0.1384909 0.6335654 0.1300336 0.6335452 0.1384909 0.6335654 0.1300538 0.6512285 0.09682154 0.6334743 0.1052991 0.6335452 0.09691262 0.6513803 0.1052991 0.6512285 0.09691262 0.6513803 0.1052991 0.6335452 0.093382 0.6515725 0.09328085 0.6333327 0.09691262 0.6513803 0.09682154 0.6334743 0.09691262 0.6513803 0.09328085 0.6333327 0.1421934 0.6335654 0.1421934 0.6512589 0.1384909 0.6335654 0.1384706 0.6512589 0.1384909 0.6335654 0.1421934 0.6512589 0.4875053 0.7208595 0.4889216 0.7545672 0.4496499 0.7164083 0.4500141 0.7616082 0.4496499 0.7164083 0.4889216 0.7545672 0.4875053 0.7208595 0.5160841 0.7239146 0.4889216 0.7545672 0.517116 0.7518054 0.4889216 0.7545672 0.5160841 0.7239146 0.1891738 0.7373896 0.1860175 0.7368231 0.1949199 0.6982291 0.1860175 0.7368231 0.1891738 0.7373896 0.1799173 0.7632369 0.1814652 0.7649769 0.1799173 0.7632369 0.1891738 0.7373896 0.1932811 0.6993724 0.1949199 0.6982291 0.1860175 0.7368231 0.487819 0.7168534 0.4875053 0.7208595 0.4505199 0.7125337 0.4496499 0.7164083 0.4505199 0.7125337 0.4875053 0.7208595 0.4875053 0.7208595 0.487819 0.7168534 0.5160841 0.7239146 0.5158412 0.7199591 0.5160841 0.7239146 0.487819 0.7168534 0.5211422 0.7516536 0.517116 0.7518054 0.5201002 0.723692 0.5160841 0.7239146 0.5201002 0.723692 0.517116 0.7518054 0.4892858 0.7585631 0.4889216 0.7545672 0.5168529 0.7557508 0.517116 0.7518054 0.5168529 0.7557508 0.4889216 0.7545672 0.4889216 0.7545672 0.4892858 0.7585631 0.4500141 0.7616082 0.4509853 0.7654625 0.4500141 0.7616082 0.4892858 0.7585631 0.4456236 0.7164993 0.4496499 0.7164083 0.4459878 0.7617194 0.4500141 0.7616082 0.4459878 0.7617194 0.4496499 0.7164083 0.2838427 0.7059783 0.2872722 0.7058873 0.2839338 0.7091649 0.2873531 0.709074 0.2839338 0.7091649 0.2872722 0.7058873 0.2873531 0.709074 0.3257751 0.709074 0.2873531 0.7124932 0.3257751 0.7124932 0.2873531 0.7124932 0.3257751 0.709074 0.2873531 0.6992711 0.3257751 0.6992711 0.2872722 0.7024578 0.3256941 0.7024578 0.2872722 0.7024578 0.3257751 0.6992711 0.2872722 0.7024578 0.3256941 0.7024578 0.2872722 0.7058873 0.3256941 0.7058873 0.2872722 0.7058873 0.3256941 0.7024578 0.2872722 0.7058873 0.3256941 0.7058873 0.2873531 0.709074 0.3257751 0.709074 0.2873531 0.709074 0.3256941 0.7058873 0.3034483 0.6867774 0.3068676 0.6866864 0.3035292 0.6899641 0.3069485 0.689873 0.3035292 0.6899641 0.3068676 0.6866864 0.3069485 0.689873 0.3453705 0.689873 0.3069485 0.6933025 0.3453705 0.6933025 0.3069485 0.6933025 0.3453705 0.689873 0.3069485 0.6800804 0.3453705 0.6800804 0.3068676 0.6832671 0.3452895 0.6832671 0.3068676 0.6832671 0.3453705 0.6800804 0.3068676 0.6832671 0.3452895 0.6832671 0.3068676 0.6866864 0.3452895 0.6866864 0.3068676 0.6866864 0.3452895 0.6832671 0.3068676 0.6866864 0.3452895 0.6866864 0.3069485 0.689873 0.3453705 0.689873 0.3069485 0.689873 0.3452895 0.6866864 0.61571 0.87392 0.6095289 0.8442284 0.6293671 0.8442386 0.61571 0.87392 0.6095795 0.873748 0.6095289 0.8442284 0.61571 0.87392 0.6113498 0.9025089 0.6095795 0.873748 0.6089017 0.9024988 0.6095795 0.873748 0.6113498 0.9025089 0.6291344 0.8740414 0.61571 0.87392 0.6293671 0.8442386 0.6291344 0.8740414 0.6293671 0.8442386 0.6324627 0.8731714 0.633181 0.8435709 0.6324627 0.8731714 0.6293671 0.8442386 0.6324627 0.8731714 0.633181 0.8435709 0.6608796 0.8659685 0.663611 0.8420029 0.6608796 0.8659685 0.633181 0.8435709 0.6643394 0.8377034 0.663611 0.8420029 0.633181 0.8435709 0.6643394 0.8377034 0.633181 0.8435709 0.6644911 0.83654 0.6644911 0.83654 0.6792104 0.8346989 0.6643394 0.8377034 0.6790384 0.8383914 0.6643394 0.8377034 0.6792104 0.8346989 0.7127259 0.7769446 0.6343747 0.7766715 0.7048048 0.7695293 0.641881 0.7694281 0.7048048 0.7695293 0.6343747 0.7766715 0.641881 0.7694281 0.6343747 0.7766715 0.6384819 0.7664337 0.6307732 0.7745976 0.6384819 0.7664337 0.6343747 0.7766715 0.6307732 0.7745976 0.6308036 0.7536163 0.6384819 0.7664337 0.6384819 0.7536163 0.6384819 0.7664337 0.6308036 0.7536163 0.704815 0.7538186 0.7127158 0.7538186 0.7048048 0.7695293 0.7127259 0.7769446 0.7048048 0.7695293 0.7127158 0.7538186 0.641881 0.7694281 0.6343747 0.7766715 0.7048048 0.7695293 0.7127259 0.7769446 0.7048048 0.7695293 0.6343747 0.7766715 0.641881 0.7694281 0.6384819 0.7664337 0.6343747 0.7766715 0.6307732 0.7745976 0.6343747 0.7766715 0.6384819 0.7664337 0.6307732 0.7745976 0.6384819 0.7664337 0.6308036 0.7536163 0.6384819 0.7536163 0.6308036 0.7536163 0.6384819 0.7664337 0.7127259 0.7769446 0.7127158 0.7538186 0.7048048 0.7695293 0.704815 0.7538186 0.7048048 0.7695293 0.7127158 0.7538186 0.6384819 0.7536163 0.641881 0.7694281 0.704815 0.7538186 0.5335449 0.654921 0.5334033 0.6312386 0.48269 0.6556292 0.4827608 0.6313499 0.48269 0.6556292 0.5334033 0.6312386 0.4024672 0.9349824 0.4159321 0.9349824 0.4024369 0.9770361 0.4159321 0.9770361 0.4024369 0.9770361 0.4159321 0.9349824 0.3329476 0.5860893 0.3330588 0.6187247 0.2904285 0.5861095 0.2904285 0.6187044 0.2904285 0.5861095 0.3330588 0.6187247 0.6229432 0.8306827 0.6229938 0.7874048 0.6288714 0.8397065 0.6300044 0.7767726 0.6288714 0.8397065 0.6229938 0.7874048 0.6300044 0.7767726 0.6229938 0.7874048 0.6089725 0.7767726 0.6089725 0.7874048 0.6089725 0.7767726 0.6229938 0.7874048 0.6300044 0.7767726 0.6343747 0.7766715 0.6288714 0.8397065 0.6325638 0.8392007 0.6288714 0.8397065 0.6343747 0.7766715 0.6325638 0.8392007 0.6343747 0.7766715 0.6601917 0.8239856 0.6595442 0.7830953 0.6601917 0.8239856 0.6343747 0.7766715 0.6343747 0.7766715 0.7127259 0.7769446 0.6595442 0.7830953 0.6947593 0.7836518 0.6595442 0.7830953 0.7127259 0.7769446 0.7127259 0.7769446 0.7170961 0.8245117 0.6947593 0.7836518 0.6953055 0.8247343 0.6947593 0.7836518 0.7170961 0.8245117 0.6601917 0.8239856 0.6615574 0.8326756 0.6325638 0.8392007 0.7170961 0.8245117 0.6615574 0.8326756 0.6953055 0.8247343 0.6601917 0.8239856 0.6953055 0.8247343 0.6615574 0.8326756 0.6229432 0.8306827 0.6288714 0.8397065 0.6089523 0.8306827 0.6091344 0.8397065 0.6089523 0.8306827 0.6288714 0.8397065 0.4024672 0.9349824 0.4024369 0.9770361 0.3881728 0.9287406 0.3887596 0.9774812 0.3881728 0.9287406 0.4024369 0.9770361 0.4001 0.9905111 0.4024369 0.9770361 0.4159321 0.9905111 0.4159321 0.9770361 0.4159321 0.9905111 0.4024369 0.9770361 0.6292356 0.9318261 0.6292154 0.9069499 0.6337576 0.9326859 0.6335755 0.906434 0.6337576 0.9326859 0.6292154 0.9069499 0.6292154 0.9069499 0.6292356 0.9318261 0.6276069 0.9313 0.6292154 0.9069499 0.6291951 0.878442 0.6335755 0.906434 0.6331506 0.8775215 0.6335755 0.906434 0.6291951 0.878442 0.6292154 0.9069499 0.6151839 0.9068487 0.6291951 0.878442 0.6191192 0.8782802 0.6291951 0.878442 0.6151839 0.9068487 0.6151839 0.9068487 0.6292154 0.9069499 0.6220327 0.9283461 0.6252295 0.9283561 0.6220327 0.9283461 0.6292154 0.9069499 0.6276069 0.9313 0.6252295 0.9283561 0.6292154 0.9069499 0.6335755 0.906434 0.6331506 0.8775215 0.659443 0.8877187 0.6608998 0.8703085 0.659443 0.8877187 0.6331506 0.8775215 0.6399488 0.9322206 0.6337576 0.9326859 0.6335755 0.906434 0.6442786 0.9275873 0.6399488 0.9322206 0.6335755 0.906434 0.6502776 0.9145979 0.6442786 0.9275873 0.6335755 0.906434 0.659443 0.8877187 0.6502776 0.9145979 0.6335755 0.906434 0.6220327 0.9283461 0.6092254 0.9283561 0.6151839 0.9068487 0.6092052 0.907041 0.6151839 0.9068487 0.6092254 0.9283561 0.3329476 0.5860893 0.2904285 0.5861095 0.3368019 0.5773285 0.2904285 0.5773588 0.3368019 0.5773285 0.2904285 0.5861095 0.2904285 0.5861095 0.2904285 0.6187044 0.2816778 0.5860994 0.2816778 0.6257049 0.2816778 0.5860994 0.2904285 0.6187044 0.2904285 0.6187044 0.3330588 0.6187247 0.2904285 0.6299033 0.336812 0.6299437 0.2904285 0.6299033 0.3330588 0.6187247 0.3330588 0.6187247 0.3329476 0.5860893 0.3425986 0.6256949 0.3425177 0.5860792 0.3425986 0.6256949 0.3329476 0.5860893 0.4076468 0.6314713 0.4076468 0.6443899 0.4384612 0.6314713 0.4384612 0.645098 0.4384612 0.6314713 0.4076468 0.6443899 0.4384612 0.6314713 0.4384612 0.645098 0.4523914 0.6314713 0.4523914 0.6458062 0.4523914 0.6314713 0.4384612 0.645098 0.4076468 0.6443899 0.4076468 0.6314713 0.3902163 0.641446 0.3902163 0.641446 0.3893564 0.6440662 0.4076468 0.6443899 0.3901961 0.6314713 0.3902163 0.641446 0.4076468 0.6314713 0.4475356 0.6546984 0.4467061 0.6451385 0.4058259 0.6538082 0.4062608 0.6444303 0.4058259 0.6538082 0.4467061 0.6451385 0.4467061 0.6451385 0.4475356 0.6546984 0.4713191 0.6458062 0.48269 0.6556292 0.4713191 0.6458062 0.4475356 0.6546984 0.48269 0.6556292 0.4827608 0.6313499 0.4713191 0.6458062 0.4713293 0.6314612 0.4713191 0.6458062 0.4827608 0.6313499 0.4713293 0.6314612 0.4523914 0.6314713 0.4713191 0.6458062 0.4523914 0.6458062 0.4713191 0.6458062 0.4523914 0.6314713 0.4058259 0.6538082 0.4062608 0.6444303 0.3817286 0.653616 0.3851581 0.643965 0.3817286 0.653616 0.4062608 0.6444303 0.4544754 0.6760541 0.4408689 0.6695088 0.4185724 0.7017699 0.4144956 0.6894886 0.4185724 0.7017699 0.4408689 0.6695088 0.4408689 0.6695088 0.4544754 0.6760541 0.4535548 0.6599893 0.4739696 0.6580571 0.4535548 0.6599893 0.4544754 0.6760541 0.4144956 0.6894886 0.3965289 0.7003941 0.4185724 0.7017699 0.3965289 0.7003941 0.4144956 0.6894886 0.3955072 0.6958012 0.3965795 0.7087097 0.4185724 0.7017699 0.3965289 0.7003941 0.2290829 0.6829838 0.2291638 0.6806874 0.2315513 0.6830648 0.2316322 0.6807683 0.2315513 0.6830648 0.2291638 0.6806874 0.2556383 0.6831153 0.2556383 0.6855837 0.2315513 0.6830648 0.2315412 0.6855432 0.2315513 0.6830648 0.2556383 0.6855837 0.2557192 0.6808088 0.2556383 0.6831153 0.2316322 0.6807683 0.2315513 0.6830648 0.2316322 0.6807683 0.2556383 0.6831153 0.2557192 0.6783404 0.2557192 0.6808088 0.2316322 0.6782999 0.2316322 0.6807683 0.2316322 0.6782999 0.2557192 0.6808088 0.2556383 0.6855837 0.255699 0.6878801 0.2315412 0.6855432 0.231612 0.6878397 0.2315412 0.6855432 0.255699 0.6878801 0.7357205 0.7749112 0.74003 0.822367 0.7127259 0.7769446 0.7170961 0.8245117 0.7127259 0.7769446 0.74003 0.822367 0.4159321 0.9349824 0.4024672 0.9349824 0.4159321 0.919565 0.4001405 0.919565 0.4159321 0.919565 0.4024672 0.9349824 0.5381479 0.6553459 0.5410613 0.6324425 0.5335449 0.654921 0.5367821 0.6317444 0.5335449 0.654921 0.5410613 0.6324425 0.6089017 0.9024988 0.6113498 0.9025089 0.6092052 0.907041 0.6151839 0.9068487 0.6092052 0.907041 0.6113498 0.9025089 0.6113498 0.9025089 0.61571 0.87392 0.6151839 0.9068487 0.6191192 0.8782802 0.6151839 0.9068487 0.61571 0.87392 0.61571 0.87392 0.6291344 0.8740414 0.6191192 0.8782802 0.6291951 0.878442 0.6191192 0.8782802 0.6291344 0.8740414 0.6291344 0.8740414 0.6324627 0.8731714 0.6291951 0.878442 0.6331506 0.8775215 0.6291951 0.878442 0.6324627 0.8731714 0.6331506 0.8775215 0.6324627 0.8731714 0.6608998 0.8703085 0.6608796 0.8659685 0.6608998 0.8703085 0.6324627 0.8731714 0.6644911 0.83654 0.633181 0.8435709 0.6615574 0.8326756 0.6325638 0.8392007 0.6615574 0.8326756 0.633181 0.8435709 0.633181 0.8435709 0.6293671 0.8442386 0.6325638 0.8392007 0.6288714 0.8397065 0.6325638 0.8392007 0.6293671 0.8442386 0.6293671 0.8442386 0.6095289 0.8442284 0.6288714 0.8397065 0.6091344 0.8397065 0.6288714 0.8397065 0.6095289 0.8442284 0.6615574 0.8326756 0.6792104 0.8346989 0.6644911 0.83654 0.6615574 0.8326756 0.7170961 0.8245117 0.6792104 0.8346989 0.7157608 0.8286189 0.6792104 0.8346989 0.7170961 0.8245117 0.7404144 0.826444 0.7188463 0.8284976 0.74003 0.822367 0.7170961 0.8245117 0.74003 0.822367 0.7188463 0.8284976 0.5498626 0.6557506 0.5525435 0.6342229 0.5381479 0.6553459 0.5410613 0.6324425 0.5381479 0.6553459 0.5525435 0.6342229 0.571805 0.6564283 0.5684261 0.6902069 0.5747489 0.6559428 0.5716229 0.6926449 0.5747489 0.6559428 0.5684261 0.6902069 0.5747489 0.6559428 0.5763877 0.6366205 0.571805 0.6564283 0.5732719 0.6366407 0.571805 0.6564283 0.5763877 0.6366205 0.5507731 0.6897921 0.553029 0.6561552 0.5471312 0.6902474 0.5498626 0.6557506 0.5471312 0.6902474 0.553029 0.6561552 0.553029 0.6561552 0.5552951 0.6352851 0.5498626 0.6557506 0.5525435 0.6342229 0.5498626 0.6557506 0.5552951 0.6352851 0.5315824 0.6902474 0.536074 0.6901867 0.5335449 0.654921 0.5381479 0.6553459 0.5335449 0.654921 0.536074 0.6901867 0.536074 0.6901867 0.5471312 0.6902474 0.5381479 0.6553459 0.5498626 0.6557506 0.5381479 0.6553459 0.5471312 0.6902474 0.5090532 0.6893369 0.5315824 0.6902474 0.5335449 0.654921 0.5090532 0.6893369 0.5335449 0.654921 0.480869 0.6778447 0.48269 0.6556292 0.480869 0.6778447 0.5335449 0.654921 0.4778442 0.6785731 0.480869 0.6778447 0.48269 0.6556292 0.4778442 0.6785731 0.48269 0.6556292 0.4608791 0.6830748 0.4778442 0.6785731 0.4608791 0.6830748 0.4274243 0.725422 0.431056 0.7120481 0.4274243 0.725422 0.4608791 0.6830748 0.431056 0.7120481 0.4091541 0.721952 0.4274243 0.725422 0.4091541 0.721952 0.4104895 0.732129 0.4274243 0.725422 0.4282235 0.729782 0.4274243 0.725422 0.4104895 0.732129 0.5670604 0.657096 0.553029 0.6561552 0.5643189 0.6901259 0.5507731 0.6897921 0.5643189 0.6901259 0.553029 0.6561552 0.5670604 0.657096 0.5643189 0.6901259 0.571805 0.6564283 0.5684261 0.6902069 0.571805 0.6564283 0.5643189 0.6901259 0.5686689 0.6366913 0.5552951 0.6352851 0.5670604 0.657096 0.553029 0.6561552 0.5670604 0.657096 0.5552951 0.6352851 0.5686689 0.6366913 0.5670604 0.657096 0.5732719 0.6366407 0.571805 0.6564283 0.5732719 0.6366407 0.5670604 0.657096 0.5640963 0.6938892 0.5680316 0.6940208 0.5643189 0.6901259 0.5684261 0.6902069 0.5643189 0.6901259 0.5680316 0.6940208 0.3705906 0.8708345 0.3734434 0.8693778 0.3654615 0.8849266 0.3734434 0.8693778 0.3920069 0.8767931 0.3654615 0.8849266 0.3920069 0.8767931 0.3855223 0.8944158 0.3654615 0.8849266 0.3654615 0.8849266 0.3855223 0.8944158 0.3666856 0.8879109 0.3622344 0.8865148 0.3654615 0.8849266 0.3666856 0.8879109 0.3632258 0.8894587 0.3622344 0.8865148 0.3666856 0.8879109 0.3423254 0.8794335 0.343681 0.8764289 0.3622344 0.8865148 0.3608991 0.8828225 0.3622344 0.8865148 0.343681 0.8764289 0.31577 0.8644815 0.343681 0.8764289 0.3423254 0.8794335 0.3705906 0.8708345 0.3691338 0.867567 0.3734434 0.8693778 0.3691338 0.867567 0.3733928 0.8662215 0.3734434 0.8693778 0.3691338 0.867567 0.3656841 0.8696306 0.3489416 0.8607586 0.3480715 0.8639149 0.3489416 0.8607586 0.3656841 0.8696306 0.3489416 0.8607586 0.3480715 0.8639149 0.3191387 0.8550631 0.3733928 0.7537782 0.3749001 0.7509961 0.3767312 0.7683659 0.3749001 0.7509961 0.3945562 0.7467776 0.3767312 0.7683659 0.3945562 0.7467776 0.3987949 0.7650173 0.3767312 0.7683659 0.3767312 0.7683659 0.3987949 0.7650173 0.3792906 0.7701666 0.3733928 0.7537782 0.3703781 0.7518155 0.3749001 0.7509961 0.3703781 0.7518155 0.3717236 0.748983 0.3749001 0.7509961 0.3703781 0.7518155 0.3686078 0.7553158 0.3497711 0.7564589 0.3507524 0.7596152 0.3497711 0.7564589 0.3686078 0.7553158 0.3497711 0.7564589 0.3507524 0.7596152 0.3216375 0.7681736 0.07305818 0.7025995 0.07712501 0.7018103 0.08290141 0.7454119 0.108597 0.737076 0.09456562 0.6965701 0.09884482 0.6946176 0.1992598 0.6950324 0.2035289 0.6970152 0.1891738 0.7373896 0.2700036 0.7974302 0.2687289 0.7970559 0.2775605 0.7928373 0.2687289 0.7970559 0.2714907 0.7811024 0.2775605 0.7928373 0.2702261 0.780728 0.2714907 0.7811024 0.2687289 0.7970559 0.2626489 0.7853209 0.2702261 0.780728 0.2687289 0.7970559 0.262396 0.7866158 0.2626489 0.7853209 0.2687289 0.7970559 0.2714907 0.7811024 0.2778033 0.7915122 0.2775605 0.7928373 0.2147884 0.7459278 0.2209291 0.702387 0.2249959 0.7032165 0.3920069 0.8767931 0.3734434 0.8693778 0.3937975 0.8728983 0.2905701 0.8132724 0.290388 0.8145774 0.2837517 0.8031763 0.290388 0.8145774 0.2817689 0.8192208 0.2837517 0.8031763 0.2830436 0.8195345 0.2817689 0.8192208 0.290388 0.8145774 0.2837517 0.8031763 0.2817689 0.8192208 0.2824467 0.8028424 0.2824467 0.8028424 0.2817689 0.8192208 0.2751225 0.8077894 0.2817689 0.8192208 0.2749404 0.8090944 0.2751225 0.8077894 0.3855223 0.8944158 0.3843994 0.898604 0.3666856 0.8879109 0.3945562 0.7467776 0.3749001 0.7509961 0.3939189 0.7424073 0.3987949 0.7650173 0.4001101 0.769074 0.3792906 0.7701666 0.2579954 0.6332113 0.2602716 0.6343443 0.2579145 0.6516231 0.2601907 0.6505103 0.2579145 0.6516231 0.2602716 0.6343443 0.2602716 0.6343443 0.2579954 0.6332113 0.2617992 0.6328269 0.2609393 0.6302371 0.2617992 0.6328269 0.2579954 0.6332113 0.2617992 0.6328269 0.2609393 0.6302371 0.2770445 0.6328572 0.2779348 0.6302776 0.2770445 0.6328572 0.2609393 0.6302371 0.2770445 0.6328572 0.2779348 0.6302776 0.2785215 0.6343747 0.2808079 0.6332214 0.2785215 0.6343747 0.2779348 0.6302776 0.2785215 0.6343747 0.2808079 0.6332214 0.2784406 0.6505507 0.2807168 0.6517141 0.2784406 0.6505507 0.2808079 0.6332214 0.2784406 0.6505507 0.2807168 0.6517141 0.2769636 0.6520581 0.2778336 0.6546479 0.2769636 0.6520581 0.2807168 0.6517141 0.2778336 0.6546479 0.2607774 0.6546074 0.2769636 0.6520581 0.2579145 0.6516231 0.2601907 0.6505103 0.2607774 0.6546074 0.2616677 0.6520277 0.2769636 0.6520581 0.2607774 0.6546074 0.2616677 0.6520277 0.2607774 0.6546074 0.2601907 0.6505103 0.1300538 0.6512285 0.1275753 0.650136 0.1300336 0.6335452 0.1275753 0.6346478 0.1300336 0.6335452 0.1275753 0.650136 0.1275753 0.650136 0.1300538 0.6512285 0.1259668 0.6516029 0.1269177 0.6540713 0.1259668 0.6516029 0.1300538 0.6512285 0.1269177 0.6540713 0.108425 0.6540713 0.1259668 0.6516029 0.109376 0.6515927 0.1259668 0.6516029 0.108425 0.6540713 0.109376 0.6515927 0.108425 0.6540713 0.1077776 0.650136 0.1052991 0.6512285 0.1077776 0.650136 0.108425 0.6540713 0.1077776 0.650136 0.1052991 0.6512285 0.1077776 0.6346377 0.1052991 0.6335452 0.1077776 0.6346377 0.1052991 0.6512285 0.1077776 0.6346377 0.1052991 0.6335452 0.109376 0.633181 0.108425 0.6307126 0.109376 0.633181 0.1052991 0.6335452 0.109376 0.633181 0.108425 0.6307126 0.1259162 0.633181 0.126857 0.6307126 0.1259162 0.633181 0.108425 0.6307126 0.1300336 0.6335452 0.1275753 0.6346478 0.126857 0.6307126 0.1259162 0.633181 0.126857 0.6307126 0.1275753 0.6346478 0.2547178 0.8180169 0.2607471 0.8152856 0.2665235 0.8251895 0.2682939 0.8198885 0.2665235 0.8251895 0.2607471 0.8152856 0.2665235 0.8251895 0.2682939 0.8198885 0.2684052 0.8256448 0.2695787 0.820192 0.2684052 0.8256448 0.2682939 0.8198885 0.2684052 0.8256448 0.2695787 0.820192 0.2832054 0.8252906 0.2817891 0.8198987 0.2832054 0.8252906 0.2695787 0.820192 0.2832054 0.8252906 0.2817891 0.8198987 0.2850567 0.8247444 0.2830436 0.8195345 0.2850567 0.8247444 0.2817891 0.8198987 0.2850567 0.8247444 0.2830436 0.8195345 0.2965286 0.8170256 0.290388 0.8145774 0.2965286 0.8170256 0.2830436 0.8195345 0.2989667 0.8006877 0.2922494 0.8013352 0.2982687 0.7988465 0.291774 0.8000807 0.2982687 0.7988465 0.2922494 0.8013352 0.2922494 0.8013352 0.2989667 0.8006877 0.2910861 0.8134646 0.2975605 0.8153867 0.2910861 0.8134646 0.2989667 0.8006877 0.2910861 0.8134646 0.2975605 0.8153867 0.290388 0.8145774 0.2965286 0.8170256 0.290388 0.8145774 0.2975605 0.8153867 0.2717537 0.8027312 0.2700036 0.7974302 0.2835797 0.7955789 0.2775605 0.7928373 0.2835797 0.7955789 0.2700036 0.7974302 0.2700036 0.7974302 0.2717537 0.8027312 0.2687188 0.7977337 0.2698721 0.8031865 0.2687188 0.7977337 0.2717537 0.8027312 0.2687188 0.7977337 0.2698721 0.8031865 0.2565084 0.79741 0.2550718 0.8027818 0.2565084 0.79741 0.2698721 0.8031865 0.2565084 0.79741 0.2550718 0.8027818 0.2552539 0.7970255 0.2532205 0.8022354 0.2552539 0.7970255 0.2550718 0.8027818 0.2552539 0.7970255 0.2532205 0.8022354 0.2479297 0.7920381 0.2417789 0.7944559 0.2479297 0.7920381 0.2532205 0.8022354 0.286817 0.7793421 0.2800795 0.779676 0.28621 0.7775009 0.2796546 0.7784216 0.28621 0.7775009 0.2800795 0.779676 0.2800795 0.779676 0.286817 0.7793421 0.2783293 0.7917246 0.2847027 0.7939501 0.2783293 0.7917246 0.286817 0.7793421 0.2783293 0.7917246 0.2847027 0.7939501 0.2775605 0.7928373 0.2835797 0.7955789 0.2775605 0.7928373 0.2847027 0.7939501 0.3756892 0.8593323 0.3726543 0.8614162 0.3831955 0.820101 0.3802921 0.8199289 0.3831955 0.820101 0.3726543 0.8614162 0.3831955 0.820101 0.3802921 0.8199289 0.3804237 0.7803841 0.377672 0.7779461 0.3804237 0.7803841 0.3802921 0.8199289 0.3802921 0.8199289 0.3726543 0.8614162 0.3572875 0.8184722 0.3802921 0.8199289 0.3572875 0.8184722 0.377672 0.7779461 0.3498217 0.8565199 0.3572875 0.8184722 0.3726543 0.8614162 0.3572875 0.8184722 0.3498217 0.8565199 0.3257346 0.8167018 0.3198772 0.8505613 0.3257346 0.8167018 0.3498217 0.8565199 0.3544549 0.7801009 0.377672 0.7779461 0.3572875 0.8184722 0.3572875 0.8184722 0.3257346 0.8167018 0.3544549 0.7801009 0.3239844 0.7824984 0.3544549 0.7801009 0.3257346 0.8167018 0.3257346 0.8167018 0.3198772 0.8505613 0.317682 0.8162163 0.3257346 0.8167018 0.317682 0.8162163 0.3239844 0.7824984 0.3198772 0.8505613 0.3120472 0.8460495 0.317682 0.8162163 0.3142424 0.8493474 0.3120472 0.8460495 0.3198772 0.8505613 0.3239844 0.7824984 0.317682 0.8162163 0.3181777 0.7830346 0.3181777 0.7830346 0.317682 0.8162163 0.3156283 0.7859785 0.373069 0.9 0.3741515 0.9036824 0.3611317 0.8936166 0.3611317 0.8936166 0.3741515 0.9036824 0.3427706 0.9287608 0.3741515 0.9036824 0.3539188 0.9372788 0.3427706 0.9287608 0.3566198 0.9366515 0.3539188 0.9372788 0.3741515 0.9036824 0.3427706 0.9287608 0.3246117 0.9148812 0.3611317 0.8936166 0.3403022 0.8832776 0.3611317 0.8936166 0.3246117 0.9148812 0.3246117 0.9148812 0.2997355 0.8957815 0.3403022 0.8832776 0.313423 0.868356 0.3403022 0.8832776 0.2997355 0.8957815 0.2997355 0.8957815 0.2942424 0.8852504 0.313423 0.868356 0.2949101 0.8906525 0.2942424 0.8852504 0.2997355 0.8957815 0.313423 0.868356 0.2942424 0.8852504 0.3083142 0.8656752 0.3083142 0.8656752 0.2942424 0.8852504 0.3045509 0.8667981 0.4113292 0.7693877 0.4151936 0.8220838 0.4083043 0.767162 0.4083043 0.767162 0.4151936 0.8220838 0.4001101 0.769074 0.4151936 0.8220838 0.4037318 0.8213757 0.4001101 0.769074 0.4151936 0.8220838 0.3937975 0.8728983 0.4037318 0.8213757 0.4017793 0.8757915 0.3937975 0.8728983 0.4151936 0.8220838 0.4050469 0.8739504 0.4017793 0.8757915 0.4151936 0.8220838 0.4037318 0.8213757 0.3874848 0.8203641 0.4001101 0.769074 0.3844904 0.7781686 0.4001101 0.769074 0.3874848 0.8203641 0.3937975 0.8728983 0.3794525 0.8620333 0.4037318 0.8213757 0.3794525 0.8620333 0.3874848 0.8203641 0.4037318 0.8213757 0.3844904 0.7781686 0.378977 0.7732723 0.4001101 0.769074 0.3792906 0.7701666 0.4001101 0.769074 0.378977 0.7732723 0.3734434 0.8693778 0.3733928 0.8662215 0.3937975 0.8728983 0.3733928 0.8662215 0.3794525 0.8620333 0.3938076 0.8729286 0.3691338 0.867567 0.3489416 0.8607586 0.3733928 0.8662215 0.3749001 0.7714311 0.378977 0.7732723 0.3540705 0.7757812 0.3702061 0.744643 0.3562152 0.7074957 0.382801 0.7397366 0.3562152 0.7074957 0.3705804 0.7015777 0.382801 0.7397366 0.3678895 0.7006268 0.3705804 0.7015777 0.3562152 0.7074957 0.382801 0.7397366 0.3705804 0.7015777 0.3843083 0.7362364 0.3562152 0.7074957 0.3702061 0.744643 0.3365288 0.7190992 0.3482941 0.7524529 0.3365288 0.7190992 0.3702061 0.744643 0.3365288 0.7190992 0.3482941 0.7524529 0.3095181 0.7350528 0.3198671 0.7640867 0.3095181 0.7350528 0.3482941 0.7524529 0.3095181 0.7350528 0.3198671 0.7640867 0.3040957 0.7395443 0.3198671 0.7640867 0.3107826 0.7644914 0.3040957 0.7395443 0.3144447 0.7660999 0.3107826 0.7644914 0.3198671 0.7640867 0.3040957 0.7395443 0.3107826 0.7644914 0.3027604 0.7448352 0.3844904 0.7781686 0.3804237 0.7803841 0.378977 0.7732723 0.377672 0.7779461 0.378977 0.7732723 0.3804237 0.7803841 0.3874848 0.8203641 0.3831955 0.820101 0.3844904 0.7781686 0.3804237 0.7803841 0.3844904 0.7781686 0.3831955 0.820101 0.3831955 0.820101 0.3874848 0.8203641 0.3756892 0.8593323 0.3794525 0.8620333 0.3756892 0.8593323 0.3874848 0.8203641 0.3733928 0.8662215 0.3726543 0.8614162 0.3794525 0.8620333 0.3756892 0.8593323 0.3794525 0.8620333 0.3726543 0.8614162 0.3489416 0.8607586 0.3498217 0.8565199 0.3733928 0.8662215 0.3726543 0.8614162 0.3733928 0.8662215 0.3498217 0.8565199 0.3498217 0.8565199 0.3489416 0.8607586 0.3198772 0.8505613 0.3191387 0.8550631 0.3198772 0.8505613 0.3489416 0.8607586 0.3198772 0.8505613 0.3191387 0.8550631 0.3142424 0.8493474 0.3118853 0.8533636 0.3142424 0.8493474 0.3191387 0.8550631 0.3078287 0.8471825 0.3120472 0.8460495 0.3118853 0.8533636 0.3142424 0.8493474 0.3118853 0.8533636 0.3120472 0.8460495 0.3135646 0.8159633 0.317682 0.8162163 0.3078287 0.8471825 0.3120472 0.8460495 0.3078287 0.8471825 0.317682 0.8162163 0.317682 0.8162163 0.3135646 0.8159633 0.3156283 0.7859785 0.3116021 0.7843195 0.3156283 0.7859785 0.3135646 0.8159633 0.3163871 0.7786846 0.3181777 0.7830346 0.3116021 0.7843195 0.3156283 0.7859785 0.3116021 0.7843195 0.3181777 0.7830346 0.3237821 0.7779259 0.3239844 0.7824984 0.3163871 0.7786846 0.3181777 0.7830346 0.3163871 0.7786846 0.3239844 0.7824984 0.3239844 0.7824984 0.3237821 0.7779259 0.3544549 0.7801009 0.3540705 0.7757812 0.3544549 0.7801009 0.3237821 0.7779259 0.3544549 0.7801009 0.3540705 0.7757812 0.377672 0.7779461 0.378977 0.7732723 0.377672 0.7779461 0.3540705 0.7757812 0.2968726 0.8992918 0.2997355 0.8957815 0.321769 0.9185331 0.3246117 0.9148812 0.321769 0.9185331 0.2997355 0.8957815 0.2997355 0.8957815 0.2968726 0.8992918 0.2949101 0.8906525 0.2910557 0.8928073 0.2949101 0.8906525 0.2968726 0.8992918 0.321769 0.9185331 0.3246117 0.9148812 0.3399177 0.9321801 0.3427706 0.9287608 0.3399177 0.9321801 0.3246117 0.9148812 0.3399177 0.9321801 0.3427706 0.9287608 0.3527352 0.9418109 0.3539188 0.9372788 0.3527352 0.9418109 0.3427706 0.9287608 0.2901047 0.8845624 0.2942424 0.8852504 0.2910557 0.8928073 0.2949101 0.8906525 0.2910557 0.8928073 0.2942424 0.8852504 0.3019814 0.8633282 0.3045509 0.8667981 0.2901047 0.8845624 0.2942424 0.8852504 0.2901047 0.8845624 0.3045509 0.8667981 0.3090932 0.8611532 0.3083142 0.8656752 0.3019814 0.8633282 0.3045509 0.8667981 0.3019814 0.8633282 0.3083142 0.8656752 0.31577 0.8644815 0.313423 0.868356 0.3090932 0.8611532 0.3083142 0.8656752 0.3090932 0.8611532 0.313423 0.868356 0.313423 0.868356 0.31577 0.8644815 0.3403022 0.8832776 0.3423254 0.8794335 0.3403022 0.8832776 0.31577 0.8644815 0.3403022 0.8832776 0.3423254 0.8794335 0.3611317 0.8936166 0.3632258 0.8894587 0.3611317 0.8936166 0.3423254 0.8794335 0.3611317 0.8936166 0.3632258 0.8894587 0.373069 0.9 0.3766503 0.8969955 0.373069 0.9 0.3632258 0.8894587 0.3786634 0.9040769 0.3741515 0.9036824 0.3766503 0.8969955 0.373069 0.9 0.3766503 0.8969955 0.3741515 0.9036824 0.3593209 0.9403238 0.3566198 0.9366515 0.3786634 0.9040769 0.3741515 0.9036824 0.3786634 0.9040769 0.3566198 0.9366515 0.3527352 0.9418109 0.3539188 0.9372788 0.3593209 0.9403238 0.3566198 0.9366515 0.3593209 0.9403238 0.3539188 0.9372788 0.3341514 0.7152247 0.3365288 0.7190992 0.3071002 0.7312996 0.3095181 0.7350528 0.3071002 0.7312996 0.3365288 0.7190992 0.3365288 0.7190992 0.3341514 0.7152247 0.3562152 0.7074957 0.3537873 0.7038235 0.3562152 0.7074957 0.3341514 0.7152247 0.3562152 0.7074957 0.3537873 0.7038235 0.3678895 0.7006268 0.3672117 0.6960542 0.3678895 0.7006268 0.3537873 0.7038235 0.3071002 0.7312996 0.3095181 0.7350528 0.3005247 0.7369849 0.3040957 0.7395443 0.3005247 0.7369849 0.3095181 0.7350528 0.3735951 0.6982898 0.3705804 0.7015777 0.3672117 0.6960542 0.3678895 0.7006268 0.3672117 0.6960542 0.3705804 0.7015777 0.3887393 0.7363679 0.3843083 0.7362364 0.3735951 0.6982898 0.3705804 0.7015777 0.3735951 0.6982898 0.3843083 0.7362364 0.3859168 0.7431256 0.382801 0.7397366 0.3887393 0.7363679 0.3843083 0.7362364 0.3887393 0.7363679 0.382801 0.7397366 0.3717236 0.748983 0.3702061 0.744643 0.3859168 0.7431256 0.382801 0.7397366 0.3859168 0.7431256 0.3702061 0.744643 0.3702061 0.744643 0.3717236 0.748983 0.3482941 0.7524529 0.3497711 0.7564589 0.3482941 0.7524529 0.3717236 0.748983 0.3482941 0.7524529 0.3497711 0.7564589 0.3198671 0.7640867 0.3216375 0.7681736 0.3198671 0.7640867 0.3497711 0.7564589 0.3198671 0.7640867 0.3216375 0.7681736 0.3144447 0.7660999 0.3145863 0.7706421 0.3144447 0.7660999 0.3216375 0.7681736 0.3077983 0.7675869 0.3107826 0.7644914 0.3145863 0.7706421 0.3144447 0.7660999 0.3145863 0.7706421 0.3107826 0.7644914 0.2985722 0.7450376 0.3027604 0.7448352 0.3077983 0.7675869 0.3107826 0.7644914 0.3077983 0.7675869 0.3027604 0.7448352 0.3005247 0.7369849 0.3040957 0.7395443 0.2985722 0.7450376 0.3027604 0.7448352 0.2985722 0.7450376 0.3040957 0.7395443 0.36359 0.8814365 0.366888 0.8723925 0.3654615 0.8849266 0.3705906 0.8708345 0.3654615 0.8849266 0.366888 0.8723925 0.3540705 0.7757812 0.3535748 0.7725338 0.3749001 0.7714311 0.3717337 0.7689628 0.3749001 0.7714311 0.3535748 0.7725338 0.3237821 0.7779259 0.3535748 0.7725338 0.3540705 0.7757812 0.3749001 0.7714311 0.3792906 0.7701666 0.378977 0.7732723 0.3767312 0.7683659 0.3792906 0.7701666 0.3749001 0.7714311 0.3732511 0.7663628 0.3711065 0.7570254 0.3767312 0.7683659 0.3733928 0.7537782 0.3767312 0.7683659 0.3711065 0.7570254 0.3622344 0.8865148 0.3608991 0.8828225 0.3654615 0.8849266 0.36359 0.8814365 0.3654615 0.8849266 0.3608991 0.8828225 0.3705906 0.8708345 0.366888 0.8723925 0.3691338 0.867567 0.3656841 0.8696306 0.3691338 0.867567 0.366888 0.8723925 0.3749001 0.7714311 0.3717337 0.7689628 0.3767312 0.7683659 0.3732511 0.7663628 0.3767312 0.7683659 0.3717337 0.7689628 0.3733928 0.7537782 0.3711065 0.7570254 0.3703781 0.7518155 0.3686078 0.7553158 0.3703781 0.7518155 0.3711065 0.7570254 0.7590589 0.8907233 0.7592308 0.9535763 0.7747999 0.8908852 0.7592308 0.9535763 0.7621645 0.9569653 0.774982 0.9570158 0.774982 0.9570158 0.7621645 0.9569653 0.7592308 0.9535763 0.7592308 0.9535763 0.774982 0.9570158 0.7747999 0.8908852 0.7592308 0.9535763 0.7590589 0.8907233 0.7747999 0.8908852 0.6384819 0.7536163 0.6384819 0.7664337 0.641881 0.7694281 0.641881 0.7694281 0.7048048 0.7695293 0.704815 0.7538186 0.704815 0.7538186 0.7048048 0.7695293 0.641881 0.7694281 0.641881 0.7694281 0.6384819 0.7664337 0.6384819 0.7536163 0.6384819 0.7536163 0.641881 0.7694281 0.704815 0.7538186 0.774982 0.9570158 0.7621645 0.9569653 0.7592308 0.9535763 0.7592308 0.9535763 0.7590589 0.8907233 0.7747999 0.8908852 0.7747999 0.8908852 0.7590589 0.8907233 0.7592308 0.9535763 0.7592308 0.9535763 0.7621645 0.9569653 0.774982 0.9570158 0.774982 0.9570158 0.7592308 0.9535763 0.7747999 0.8908852 0.7048048 0.7695293 0.641881 0.7694281 0.704815 0.7538186 0.641881 0.7694281 0.6384819 0.7664337 0.6384819 0.7536163 0.6384819 0.7536163 0.6384819 0.7664337 0.641881 0.7694281 0.641881 0.7694281 0.6384819 0.7536163 0.704815 0.7538186 0.641881 0.7694281 0.7048048 0.7695293 0.704815 0.7538186</float_array>
          <technique_common>
            <accessor source="#StarBase_0_2815-mesh-map-0-array" count="14208" stride="2">
              <param name="S" type="float"/>
              <param name="T" type="float"/>
            </accessor>
          </technique_common>
        </source>
        <vertices id="StarBase_0_2815-mesh-vertices">
          <input semantic="POSITION" source="#StarBase_0_2815-mesh-positions"/>
        </vertices>
        <triangles material="Starbase-material" count="4736">
          <input semantic="VERTEX" source="#StarBase_0_2815-mesh-vertices" offset="0"/>
          <input semantic="NORMAL" source="#StarBase_0_2815-mesh-normals" offset="1"/>
          <input semantic="TEXCOORD" source="#StarBase_0_2815-mesh-map-0" offset="2" set="0"/>
          <p>0 0 0 1 1 1 2 2 2 3 3 3 2 2 4 1 1 5 2 2 6 3 3 7 4 4 8 5 5 9 4 4 10 3 3 11 4 4 12 5 5 13 6 6 14 7 7 15 6 6 16 5 5 17 6 6 18 7 7 19 8 8 20 9 9 21 8 8 22 7 7 23 2 2 24 10 10 25 0 0 26 11 11 27 0 0 28 10 10 29 1 1 30 12 12 31 3 3 32 13 13 33 3 3 34 12 12 35 3 3 36 13 13 37 5 5 38 12 12 39 14 14 40 13 13 41 15 15 42 13 13 43 14 14 44 13 13 45 15 15 46 16 16 47 16 16 48 5 5 49 13 13 50 5 5 51 16 16 52 7 7 53 17 17 54 16 16 55 15 15 56 17 17 57 18 18 58 16 16 59 19 19 60 16 16 61 18 18 62 7 7 63 19 19 64 9 9 65 19 19 66 7 7 67 16 16 68 18 18 69 20 20 70 19 19 71 21 21 72 19 19 73 20 20 74 21 21 75 9 9 76 19 19 77 8 8 78 22 22 79 6 6 80 10 10 81 2 2 82 23 23 83 4 4 84 23 23 85 2 2 86 23 23 87 4 4 88 24 24 89 24 24 90 6 6 91 22 22 92 6 6 93 24 24 94 4 4 95 25 25 96 26 26 97 27 27 98 28 28 99 27 27 100 26 26 101 28 28 102 29 29 103 27 27 104 30 30 105 27 27 106 29 29 107 26 26 108 25 25 109 31 31 110 26 26 111 31 31 112 32 32 113 33 33 114 32 32 115 31 31 116 34 34 117 32 32 118 33 33 119 35 35 120 31 31 121 25 25 122 29 29 123 36 36 124 30 30 125 29 29 126 37 37 127 36 36 128 38 38 129 36 36 130 37 37 131 37 37 132 39 39 133 38 38 134 40 40 135 30 30 136 36 36 137 41 41 138 42 42 139 43 43 140 44 44 141 43 43 142 42 42 143 41 41 144 43 43 145 45 45 146 46 46 147 45 45 148 43 43 149 46 46 150 47 47 151 45 45 152 48 48 153 45 45 154 47 47 155 48 48 156 47 47 157 49 49 158 50 50 159 49 49 160 47 47 161 51 51 162 52 52 163 53 53 164 54 54 165 53 53 166 52 52 167 54 54 168 52 52 169 55 55 170 56 56 171 55 55 172 52 52 173 52 52 174 51 51 175 57 57 176 52 52 177 57 57 178 56 56 179 58 58 180 57 57 181 51 51 182 59 59 183 56 56 184 57 57 185 51 51 186 60 60 187 58 58 188 61 61 189 58 58 190 60 60 191 51 51 192 62 62 193 60 60 194 63 63 195 60 60 196 62 62 197 53 53 198 64 64 199 51 51 200 64 64 201 62 62 202 51 51 203 56 56 204 65 65 205 55 55 206 66 66 207 55 55 208 65 65 209 66 66 210 65 65 211 67 67 212 68 68 213 67 67 214 65 65 215 65 65 216 69 69 217 68 68 218 59 59 219 69 69 220 56 56 221 65 65 222 56 56 223 69 69 224 70 70 225 68 68 226 69 69 227 68 68 228 70 70 229 71 71 230 72 72 231 71 71 232 70 70 233 71 71 234 73 73 235 68 68 236 74 74 237 68 68 238 73 73 239 75 75 240 67 67 241 68 68 242 75 75 243 68 68 244 74 74 245 76 76 246 77 77 247 78 78 248 79 79 249 78 78 250 77 77 251 79 79 252 77 77 253 80 80 254 81 81 255 80 80 256 77 77 257 76 76 258 82 82 259 77 77 260 83 83 261 77 77 262 82 82 263 84 84 264 83 83 265 82 82 266 84 84 267 85 85 268 83 83 269 83 83 270 85 85 271 77 77 272 81 81 273 77 77 274 85 85 275 78 78 276 86 86 277 76 76 278 87 87 279 76 76 280 86 86 281 76 76 282 87 87 283 82 82 284 84 84 285 82 82 286 88 88 287 88 88 288 82 82 289 87 87 290 81 81 291 89 89 292 80 80 293 81 81 294 85 85 295 89 89 296 90 90 297 80 80 298 89 89 299 90 90 300 89 89 301 91 91 302 92 92 303 91 91 304 89 89 305 85 85 306 84 84 307 93 93 308 93 93 309 89 89 310 85 85 311 93 93 312 84 84 313 94 94 314 92 92 315 89 89 316 94 94 317 93 93 318 94 94 319 89 89 320 91 91 321 92 92 322 95 95 323 94 94 324 84 84 325 96 96 326 92 92 327 94 94 328 97 97 329 96 96 330 97 97 331 94 94 332 97 97 333 98 98 334 92 92 335 99 99 336 100 100 337 101 101 338 102 102 339 101 101 340 100 100 341 101 101 342 102 102 343 103 103 344 104 104 345 103 103 346 102 102 347 103 103 348 104 104 349 105 105 350 106 106 351 105 105 352 104 104 353 105 105 354 106 106 355 107 107 356 108 108 357 107 107 358 106 106 359 101 101 360 109 109 361 99 99 362 110 110 363 99 99 364 109 109 365 100 100 366 111 111 367 102 102 368 112 112 369 102 102 370 111 111 371 102 102 372 112 112 373 104 104 374 111 111 375 113 113 376 112 112 377 114 114 378 112 112 379 113 113 380 112 112 381 114 114 382 115 115 383 115 115 384 104 104 385 112 112 386 104 104 387 115 115 388 106 106 389 116 116 390 115 115 391 114 114 392 116 116 393 117 117 394 115 115 395 118 118 396 115 115 397 117 117 398 106 106 399 118 118 400 108 108 401 118 118 402 106 106 403 115 115 404 117 117 405 119 119 406 118 118 407 120 120 408 118 118 409 119 119 410 120 120 411 108 108 412 118 118 413 107 107 414 121 121 415 105 105 416 109 109 417 101 101 418 122 122 419 103 103 420 122 122 421 101 101 422 122 122 423 103 103 424 123 123 425 123 123 426 105 105 427 121 121 428 105 105 429 123 123 430 103 103 431 124 124 432 125 125 433 126 126 434 127 127 435 126 126 436 125 125 437 128 128 438 129 129 439 130 130 440 131 131 441 130 130 442 129 129 443 128 128 444 130 130 445 132 132 446 133 133 447 132 132 448 130 130 449 133 133 450 134 134 451 132 132 452 135 135 453 132 132 454 134 134 455 129 129 456 136 136 457 131 131 458 137 137 459 131 131 460 136 136 461 138 138 462 139 139 463 140 140 464 141 141 465 140 140 466 139 139 467 141 141 468 139 139 469 142 142 470 143 143 471 142 142 472 139 139 473 138 138 474 140 140 475 144 144 476 145 145 477 144 144 478 140 140 479 143 143 480 146 146 481 142 142 482 147 147 483 142 142 484 146 146 485 147 147 486 146 146 487 148 148 488 149 149 489 148 148 490 146 146 491 149 149 492 150 150 493 148 148 494 151 151 495 148 148 496 150 150 497 138 138 498 152 152 499 139 139 500 138 138 501 144 144 502 152 152 503 153 153 504 139 139 505 152 152 506 139 139 507 153 153 508 143 143 509 152 152 510 154 154 511 153 153 512 155 155 513 153 153 514 154 154 515 153 153 516 155 155 517 156 156 518 156 156 519 143 143 520 153 153 521 143 143 522 156 156 523 146 146 524 157 157 525 156 156 526 155 155 527 152 152 528 158 158 529 154 154 530 158 158 531 152 152 532 144 144 533 159 159 534 154 154 535 158 158 536 146 146 537 160 160 538 149 149 539 156 156 540 157 157 541 160 160 542 160 160 543 146 146 544 156 156 545 161 161 546 149 149 547 160 160 548 149 149 549 161 161 550 150 150 551 160 160 552 162 162 553 161 161 554 162 162 555 160 160 556 157 157 557 163 163 558 161 161 559 162 162 560 161 161 561 163 163 562 164 164 563 164 164 564 150 150 565 161 161 566 165 165 567 164 164 568 163 163 569 166 166 570 167 167 571 168 168 572 169 169 573 168 168 574 167 167 575 166 166 576 168 168 577 170 170 578 171 171 579 170 170 580 168 168 581 169 169 582 167 167 583 172 172 584 173 173 585 172 172 586 167 167 587 173 173 588 174 174 589 172 172 590 175 175 591 172 172 592 174 174 593 175 175 594 174 174 595 176 176 596 177 177 597 176 176 598 174 174 599 177 177 600 178 178 601 176 176 602 179 179 603 176 176 604 178 178 605 180 180 606 181 181 607 182 182 608 183 183 609 182 182 610 181 181 611 182 182 612 184 184 613 180 180 614 185 185 615 180 180 616 184 184 617 186 186 618 187 187 619 188 188 620 189 189 621 188 188 622 187 187 623 189 189 624 190 190 625 188 188 626 191 191 627 188 188 628 190 190 629 186 186 630 192 192 631 187 187 632 193 193 633 187 187 634 192 192 635 188 188 636 194 194 637 186 186 638 195 195 639 186 186 640 194 194 641 186 186 642 195 195 643 192 192 644 194 194 645 188 188 646 196 196 647 191 191 648 196 196 649 188 188 650 196 196 651 191 191 652 197 197 653 198 198 654 197 197 655 191 191 656 191 191 657 199 199 658 198 198 659 200 200 660 192 192 661 195 195 662 201 201 663 198 202 664 202 203 665 203 204 666 204 205 667 205 206 668 203 204 669 205 206 670 206 207 671 207 208 672 206 207 673 205 206 674 207 208 675 205 206 676 208 209 677 209 210 678 208 209 679 205 206 680 205 206 681 210 211 682 209 210 683 206 207 684 207 208 685 211 212 686 212 213 687 211 212 688 207 208 689 212 213 690 207 208 691 213 214 692 213 214 693 207 208 694 214 215 695 208 209 696 214 215 697 207 208 698 212 213 699 215 216 700 211 212 701 216 217 702 211 212 703 215 216 704 215 216 705 217 218 706 216 217 707 218 219 708 216 217 709 217 218 710 212 213 711 213 214 712 219 220 713 212 213 714 219 220 715 215 216 716 220 221 717 219 220 718 213 214 719 214 215 720 221 222 721 213 214 722 220 221 723 213 214 724 221 222 725 222 223 726 215 216 727 219 220 728 222 223 729 223 224 730 215 216 731 224 225 732 215 216 733 223 224 734 215 216 735 224 225 736 217 218 737 225 226 738 217 218 739 224 225 740 218 219 741 226 227 742 216 217 743 227 228 744 216 217 745 226 227 746 216 217 747 227 228 748 211 212 749 228 229 750 211 212 751 227 228 752 228 229 753 229 230 754 211 212 755 206 207 756 211 212 757 229 230 758 229 230 759 230 231 760 206 207 761 203 204 762 206 207 763 230 231 764 231 232 765 203 204 766 230 231 767 229 230 768 232 233 769 230 231 770 233 234 771 230 231 772 232 233 773 234 235 774 230 231 775 233 234 776 229 230 777 228 229 778 235 236 779 232 233 780 229 230 781 236 237 782 235 236 783 236 237 784 229 230 785 228 229 786 237 238 787 235 236 788 228 229 789 227 228 790 237 238 791 238 239 792 235 236 793 237 238 794 238 239 795 239 240 796 235 236 797 236 237 798 235 236 799 239 240 800 240 241 801 237 238 802 227 228 803 240 241 804 227 228 805 241 242 806 242 243 807 241 242 808 227 228 809 227 228 810 226 227 811 242 243 812 243 244 813 242 243 814 226 227 815 244 245 816 245 246 817 246 247 818 247 248 819 246 247 820 245 246 821 244 245 822 248 249 823 245 246 824 249 250 825 245 246 826 248 249 827 249 250 828 248 249 829 250 251 830 251 252 831 250 251 832 248 249 833 251 252 834 252 253 835 250 251 836 253 254 837 250 251 838 252 253 839 249 250 840 254 255 841 245 246 842 255 256 843 245 246 844 254 255 845 250 251 846 256 257 847 249 250 848 254 255 849 249 250 850 256 257 851 245 246 852 257 258 853 247 248 854 258 259 855 247 248 856 257 258 857 253 254 858 259 260 859 250 251 860 260 261 861 250 251 862 259 260 863 261 262 864 257 258 865 245 246 866 258 259 867 262 263 868 247 248 869 247 248 870 262 263 871 263 264 872 264 265 873 263 264 874 262 263 875 263 264 876 264 265 877 265 266 878 266 267 879 265 266 880 264 265 881 265 266 882 266 267 883 267 268 884 267 268 885 268 269 886 265 266 887 269 270 888 268 269 889 267 268 890 267 268 891 270 271 892 269 270 893 271 272 894 269 270 895 270 271 896 270 271 897 272 273 898 271 272 899 272 273 900 270 271 901 273 274 902 274 275 903 272 273 904 273 274 905 275 276 906 272 273 907 274 275 908 276 277 909 271 272 910 272 273 911 270 271 912 277 278 913 273 274 914 278 279 915 270 271 916 267 268 917 278 279 918 277 278 919 270 271 920 273 280 921 279 281 922 280 282 923 280 282 924 279 281 925 281 283 926 282 284 927 281 285 928 283 286 929 284 287 930 285 288 931 277 289 932 284 287 933 279 290 934 285 288 935 286 291 936 287 292 937 288 293 938 289 294 939 286 291 940 288 293 941 286 291 942 289 294 943 290 295 944 291 296 945 290 295 946 289 294 947 290 295 948 291 296 949 292 297 950 292 297 951 293 298 952 290 295 953 294 299 954 293 298 955 292 297 956 295 300 957 294 299 958 292 297 959 296 301 960 292 297 961 291 296 962 286 291 963 297 302 964 287 292 965 287 292 966 297 302 967 298 303 968 299 304 969 298 303 970 297 302 971 286 291 972 290 295 973 300 305 974 293 298 975 301 306 976 290 295 977 298 303 978 299 304 979 253 254 980 302 307 981 253 254 982 299 304 983 302 307 984 259 260 985 253 254 986 303 308 987 304 309 988 301 310 989 303 308 990 300 311 991 304 309 992 305 312 993 306 313 994 293 314 995 307 315 996 308 316 997 306 317 998 307 315 999 301 318 1000 308 316 1001 309 319 1002 310 320 1003 306 321 1004 311 322 1005 312 323 1006 313 324 1007 314 325 1008 313 324 1009 312 323 1010 312 323 1011 311 322 1012 315 326 1013 316 327 1014 315 326 1015 311 322 1016 316 327 1017 261 262 1018 315 326 1019 317 328 1020 315 326 1021 261 262 1022 314 325 1023 318 329 1024 313 324 1025 319 330 1026 313 324 1027 318 329 1028 317 328 1029 261 262 1030 245 246 1031 255 256 1032 317 328 1033 245 246 1034 320 331 1035 321 332 1036 322 333 1037 323 334 1038 322 333 1039 321 332 1040 320 331 1041 322 333 1042 324 335 1043 325 336 1044 324 335 1045 322 333 1046 325 336 1047 326 337 1048 324 335 1049 327 338 1050 324 335 1051 326 337 1052 321 332 1053 328 339 1054 323 334 1055 329 340 1056 323 334 1057 328 339 1058 327 338 1059 326 337 1060 250 251 1061 326 337 1062 256 257 1063 250 251 1064 260 261 1065 327 338 1066 250 251 1067 330 341 1068 331 342 1069 332 343 1070 332 343 1071 331 342 1072 333 344 1073 334 345 1074 332 343 1075 333 344 1076 332 343 1077 334 345 1078 335 346 1079 336 347 1080 335 346 1081 334 345 1082 337 348 1083 330 341 1084 332 343 1085 332 343 1086 338 349 1087 337 348 1088 332 343 1089 339 350 1090 338 349 1091 332 343 1092 335 346 1093 339 350 1094 340 351 1095 338 349 1096 339 350 1097 341 352 1098 337 348 1099 338 349 1100 338 349 1101 342 353 1102 341 352 1103 343 354 1104 342 353 1105 338 349 1106 342 353 1107 343 354 1108 344 355 1109 345 356 1110 344 355 1111 343 354 1112 342 353 1113 344 355 1114 346 357 1115 346 357 1116 341 352 1117 342 353 1118 347 358 1119 346 357 1120 344 355 1121 344 355 1122 348 359 1123 347 358 1124 344 355 1125 349 360 1126 348 359 1127 350 361 1128 349 360 1129 344 355 1130 351 362 1131 350 361 1132 344 355 1133 352 363 1134 347 358 1135 348 359 1136 352 363 1137 348 359 1138 330 364 1139 351 362 1140 344 355 1141 353 365 1142 354 366 1143 344 355 1144 345 356 1145 353 365 1146 344 355 1147 354 366 1148 355 367 1149 351 362 1150 353 365 1151 356 368 1152 351 362 1153 355 367 1154 330 341 1155 357 369 1156 331 342 1157 331 342 1158 357 369 1159 358 370 1160 333 344 1161 331 342 1162 358 370 1163 359 371 1164 333 372 1165 360 373 1166 360 373 1167 361 374 1168 359 371 1169 360 373 1170 362 375 1171 361 374 1172 363 376 1173 362 375 1174 360 373 1175 361 374 1176 362 375 1177 364 377 1178 365 378 1179 359 371 1180 361 374 1181 366 379 1182 361 374 1183 364 377 1184 367 380 1185 361 374 1186 366 379 1187 368 381 1188 367 380 1189 366 379 1190 367 380 1191 369 382 1192 361 374 1193 365 378 1194 361 374 1195 369 382 1196 370 383 1197 369 382 1198 367 380 1199 371 384 1200 370 385 1201 372 386 1202 371 384 1203 373 387 1204 370 385 1205 371 384 1206 374 388 1207 373 387 1208 373 387 1209 375 389 1210 370 385 1211 373 387 1212 335 346 1213 375 389 1214 336 347 1215 375 389 1216 335 346 1217 374 388 1218 376 390 1219 373 387 1220 373 387 1221 376 390 1222 377 391 1223 373 387 1224 377 391 1225 378 392 1226 373 387 1227 378 392 1228 335 346 1229 379 393 1230 378 392 1231 377 391 1232 380 394 1233 377 391 1234 376 390 1235 377 391 1236 380 394 1237 381 395 1238 381 395 1239 382 396 1240 377 391 1241 381 395 1242 383 397 1243 382 396 1244 384 398 1245 382 396 1246 383 397 1247 381 395 1248 385 399 1249 383 397 1250 385 399 1251 381 395 1252 380 394 1253 386 400 1254 383 397 1255 385 399 1256 383 397 1257 386 400 1258 387 401 1259 388 402 1260 383 397 1261 387 401 1262 389 403 1263 383 397 1264 388 402 1265 390 404 1266 383 397 1267 389 403 1268 391 405 1269 387 401 1270 386 400 1271 387 401 1272 391 405 1273 374 406 1274 383 397 1275 390 404 1276 392 407 1277 383 397 1278 393 408 1279 384 398 1280 383 397 1281 392 407 1282 393 408 1283 390 404 1284 394 409 1285 392 407 1286 390 404 1287 395 410 1288 394 409 1289 374 388 1290 371 384 1291 396 411 1292 396 411 1293 371 384 1294 372 386 1295 397 412 1296 339 350 1297 335 346 1298 397 412 1299 335 346 1300 378 392 1301 398 413 1302 399 414 1303 400 415 1304 401 416 1305 400 415 1306 399 414 1307 401 416 1308 402 417 1309 400 415 1310 403 418 1311 400 415 1312 402 417 1313 404 419 1314 402 417 1315 401 416 1316 405 420 1317 406 421 1318 407 422 1319 408 423 1320 407 422 1321 406 421 1322 409 424 1323 410 425 1324 411 426 1325 412 427 1326 411 426 1327 410 425 1328 413 428 1329 414 429 1330 415 430 1331 416 431 1332 415 430 1333 414 429 1334 417 432 1335 418 433 1336 419 434 1337 420 435 1338 419 434 1339 418 433 1340 421 436 1341 422 437 1342 423 438 1343 424 439 1344 423 438 1345 422 437 1346 424 439 1347 422 437 1348 425 440 1349 426 441 1350 425 440 1351 422 437 1352 427 442 1353 428 443 1354 429 444 1355 430 445 1356 429 444 1357 428 443 1358 430 445 1359 431 446 1360 429 444 1361 432 447 1362 429 444 1363 431 446 1364 433 448 1365 434 449 1366 435 450 1367 436 451 1368 437 452 1369 438 453 1370 438 453 1371 439 454 1372 436 451 1373 440 455 1374 441 456 1375 439 457 1376 442 458 1377 443 459 1378 444 460 1379 445 461 1380 444 460 1381 443 459 1382 443 459 1383 446 462 1384 445 461 1385 447 463 1386 445 461 1387 446 462 1388 448 464 1389 449 465 1390 450 466 1391 451 467 1392 450 466 1393 449 465 1394 452 468 1395 453 469 1396 454 470 1397 455 471 1398 454 470 1399 453 469 1400 453 469 1401 456 472 1402 455 471 1403 457 473 1404 455 471 1405 456 472 1406 458 474 1407 459 475 1408 460 476 1409 461 477 1410 460 476 1411 459 475 1412 462 478 1413 463 479 1414 464 480 1415 465 481 1416 464 480 1417 463 479 1418 466 482 1419 467 483 1420 468 484 1421 469 485 1422 468 484 1423 467 483 1424 470 486 1425 471 487 1426 472 488 1427 473 489 1428 472 488 1429 471 487 1430 474 490 1431 475 491 1432 476 492 1433 477 493 1434 476 492 1435 475 491 1436 478 494 1437 479 495 1438 480 496 1439 481 497 1440 480 496 1441 479 495 1442 482 498 1443 483 499 1444 484 500 1445 485 501 1446 484 500 1447 483 499 1448 486 502 1449 487 503 1450 488 504 1451 489 505 1452 488 504 1453 487 503 1454 490 506 1455 491 507 1456 492 508 1457 493 509 1458 492 508 1459 491 507 1460 494 510 1461 495 511 1462 496 512 1463 497 513 1464 496 512 1465 495 511 1466 498 514 1467 499 515 1468 500 516 1469 501 517 1470 500 516 1471 499 515 1472 502 518 1473 503 519 1474 504 520 1475 505 521 1476 504 520 1477 503 519 1478 502 518 1479 506 522 1480 503 519 1481 507 523 1482 503 519 1483 506 522 1484 508 524 1485 509 525 1486 510 526 1487 511 527 1488 510 526 1489 509 525 1490 511 527 1491 509 525 1492 512 528 1493 513 529 1494 512 528 1495 509 525 1496 508 524 1497 510 526 1498 514 530 1499 515 531 1500 514 530 1501 510 526 1502 515 531 1503 516 532 1504 514 530 1505 517 533 1506 514 530 1507 516 532 1508 518 534 1509 519 535 1510 520 536 1511 521 537 1512 520 536 1513 519 535 1514 520 536 1515 522 538 1516 518 534 1517 523 539 1518 518 534 1519 522 538 1520 518 534 1521 524 540 1522 519 535 1523 525 541 1524 519 535 1525 524 540 1526 524 540 1527 518 534 1528 526 542 1529 523 539 1530 526 542 1531 518 534 1532 527 543 1533 528 544 1534 529 545 1535 530 546 1536 529 545 1537 528 544 1538 527 543 1539 529 545 1540 531 547 1541 532 548 1542 531 547 1543 529 545 1544 533 549 1545 534 550 1546 535 551 1547 536 552 1548 535 551 1549 534 550 1550 533 549 1551 537 553 1552 534 550 1553 538 554 1554 534 550 1555 537 553 1556 536 552 1557 539 555 1558 535 551 1559 540 556 1560 535 551 1561 539 555 1562 540 556 1563 539 555 1564 541 557 1565 542 558 1566 541 557 1567 539 555 1568 543 559 1569 544 560 1570 545 561 1571 544 560 1572 546 562 1573 545 561 1574 547 563 1575 545 561 1576 546 562 1577 546 562 1578 548 564 1579 547 563 1580 549 565 1581 547 563 1582 548 564 1583 550 566 1584 547 563 1585 549 565 1586 547 563 1587 550 566 1588 551 567 1589 551 567 1590 550 566 1591 552 568 1592 553 569 1593 552 568 1594 550 566 1595 554 570 1596 543 559 1597 545 561 1598 555 571 1599 543 559 1600 554 570 1601 543 559 1602 555 571 1603 556 572 1604 557 573 1605 556 572 1606 555 571 1607 558 574 1608 559 575 1609 560 576 1610 561 577 1611 560 576 1612 559 575 1613 562 578 1614 563 579 1615 564 580 1616 565 581 1617 564 580 1618 563 579 1619 566 582 1620 567 583 1621 568 584 1622 569 585 1623 568 584 1624 567 583 1625 570 586 1626 571 587 1627 572 588 1628 573 589 1629 572 588 1630 571 587 1631 570 586 1632 574 590 1633 571 587 1634 575 591 1635 571 587 1636 574 590 1637 570 586 1638 572 588 1639 576 592 1640 573 589 1641 577 593 1642 572 588 1643 578 594 1644 572 588 1645 577 593 1646 579 595 1647 580 596 1648 572 597 1649 579 598 1650 581 599 1651 576 600 1652 582 601 1653 576 600 1654 581 599 1655 576 600 1656 582 601 1657 583 602 1658 584 603 1659 583 602 1660 582 601 1661 583 602 1662 584 603 1663 585 604 1664 586 605 1665 585 604 1666 584 603 1667 587 606 1668 581 599 1669 579 598 1670 581 599 1671 587 606 1672 586 605 1673 585 604 1674 586 605 1675 587 606 1676 588 607 1677 589 608 1678 590 609 1679 591 610 1680 590 609 1681 589 608 1682 592 611 1683 593 612 1684 594 613 1685 595 614 1686 594 613 1687 593 612 1688 596 615 1689 597 616 1690 598 617 1691 599 618 1692 598 617 1693 597 616 1694 599 618 1695 597 616 1696 600 619 1697 597 616 1698 596 615 1699 601 620 1700 602 621 1701 601 620 1702 596 615 1703 597 616 1704 601 620 1705 603 622 1706 604 623 1707 603 622 1708 601 620 1709 603 622 1710 605 624 1711 597 616 1712 606 625 1713 597 616 1714 605 624 1715 606 625 1716 600 619 1717 597 616 1718 596 615 1719 607 626 1720 602 621 1721 608 627 1722 602 621 1723 607 626 1724 598 617 1725 609 628 1726 596 615 1727 609 628 1728 610 629 1729 596 615 1730 610 629 1731 611 630 1732 596 615 1733 611 630 1734 607 626 1735 596 615 1736 605 624 1737 603 622 1738 612 631 1739 613 632 1740 612 631 1741 603 622 1742 614 633 1743 615 634 1744 616 635 1745 617 636 1746 616 635 1747 615 634 1748 618 637 1749 619 638 1750 620 639 1751 621 640 1752 620 639 1753 619 638 1754 622 641 1755 623 642 1756 624 643 1757 625 644 1758 624 643 1759 623 642 1760 626 645 1761 627 646 1762 628 647 1763 629 648 1764 628 647 1765 627 646 1766 630 649 1767 631 650 1768 632 651 1769 633 652 1770 632 651 1771 631 650 1772 631 650 1773 634 653 1774 633 652 1775 635 654 1776 633 652 1777 634 653 1778 632 651 1779 636 655 1780 630 649 1781 637 656 1782 636 655 1783 632 651 1784 638 657 1785 630 649 1786 636 655 1787 639 658 1788 640 659 1789 641 660 1790 642 661 1791 641 660 1792 640 659 1793 640 659 1794 643 662 1795 642 661 1796 644 663 1797 642 661 1798 643 662 1799 644 663 1800 643 662 1801 645 664 1802 646 665 1803 645 664 1804 643 662 1805 641 660 1806 647 666 1807 639 658 1808 648 667 1809 639 658 1810 647 666 1811 649 668 1812 650 669 1813 651 670 1814 652 671 1815 651 670 1816 650 669 1817 650 669 1818 653 672 1819 652 671 1820 654 673 1821 652 671 1822 653 672 1823 649 668 1824 651 670 1825 655 674 1826 649 668 1827 655 674 1828 656 675 1829 657 676 1830 655 674 1831 651 670 1832 658 677 1833 659 678 1834 660 679 1835 661 678 1836 660 679 1837 659 678 1838 662 680 1839 663 681 1840 664 682 1841 665 683 1842 664 682 1843 663 681 1844 666 684 1845 667 685 1846 668 686 1847 669 687 1848 668 686 1849 667 685 1850 670 688 1851 671 689 1852 672 690 1853 673 691 1854 672 690 1855 671 689 1856 674 692 1857 675 693 1858 676 694 1859 677 695 1860 676 694 1861 675 693 1862 678 696 1863 679 697 1864 680 698 1865 681 699 1866 680 698 1867 679 697 1868 682 700 1869 683 701 1870 684 702 1871 685 703 1872 684 702 1873 683 701 1874 686 704 1875 687 705 1876 688 706 1877 689 707 1878 688 706 1879 687 705 1880 690 708 1881 691 709 1882 692 710 1883 693 711 1884 692 710 1885 691 709 1886 694 712 1887 695 713 1888 696 714 1889 697 715 1890 696 714 1891 695 713 1892 698 716 1893 699 717 1894 700 718 1895 701 719 1896 700 718 1897 699 717 1898 702 720 1899 703 721 1900 704 722 1901 705 723 1902 704 722 1903 703 721 1904 703 721 1905 702 720 1906 706 724 1907 707 725 1908 706 724 1909 702 720 1910 707 725 1911 708 726 1912 706 724 1913 709 727 1914 706 724 1915 708 726 1916 710 728 1917 711 729 1918 712 730 1919 713 731 1920 712 730 1921 711 729 1922 711 729 1923 710 728 1924 714 732 1925 715 733 1926 714 732 1927 710 728 1928 714 732 1929 715 733 1930 716 734 1931 717 735 1932 716 734 1933 715 733 1934 718 736 1935 712 730 1936 713 731 1937 712 730 1938 718 736 1939 719 737 1940 720 738 1941 719 737 1942 718 736 1943 721 739 1944 722 740 1945 723 741 1946 724 742 1947 723 741 1948 722 740 1949 725 743 1950 726 744 1951 727 745 1952 728 746 1953 727 745 1954 726 744 1955 729 747 1956 730 748 1957 731 749 1958 732 750 1959 731 749 1960 730 748 1961 731 749 1962 732 750 1963 733 751 1964 734 752 1965 733 751 1966 732 750 1967 735 753 1968 736 754 1969 737 755 1970 738 756 1971 737 755 1972 736 754 1973 736 754 1974 735 753 1975 739 757 1976 740 758 1977 739 757 1978 735 753 1979 741 759 1980 742 760 1981 743 761 1982 744 762 1983 743 761 1984 742 760 1985 742 760 1986 741 759 1987 745 763 1988 746 764 1989 745 763 1990 741 759 1991 744 762 1992 747 765 1993 743 761 1994 747 765 1995 748 766 1996 743 761 1997 749 767 1998 743 761 1999 748 766 2000 748 766 2001 750 768 2002 749 767 2003 749 767 2004 750 768 2005 751 769 2006 750 768 2007 752 770 2008 751 769 2009 753 771 2010 751 769 2011 752 770 2012 754 772 2013 753 771 2014 752 770 2015 754 772 2016 752 770 2017 755 773 2018 756 774 2019 755 773 2020 752 770 2021 757 775 2022 758 776 2023 759 777 2024 760 778 2025 759 777 2026 758 776 2027 760 778 2028 761 779 2029 759 777 2030 762 780 2031 759 777 2032 761 779 2033 763 781 2034 764 782 2035 765 783 2036 766 784 2037 765 783 2038 764 782 2039 766 784 2040 767 785 2041 765 783 2042 768 786 2043 765 783 2044 767 785 2045 769 787 2046 770 788 2047 771 789 2048 772 790 2049 771 789 2050 770 788 2051 773 791 2052 774 792 2053 775 793 2054 776 794 2055 775 793 2056 774 792 2057 777 795 2058 778 796 2059 779 797 2060 780 798 2061 779 797 2062 778 796 2063 777 795 2064 781 799 2065 778 796 2066 782 800 2067 778 796 2068 781 799 2069 782 800 2070 781 799 2071 783 801 2072 784 802 2073 783 801 2074 781 799 2075 779 797 2076 780 798 2077 785 803 2078 786 804 2079 785 803 2080 780 798 2081 787 805 2082 788 806 2083 789 807 2084 790 808 2085 789 807 2086 788 806 2087 789 807 2088 790 808 2089 791 809 2090 792 810 2091 791 809 2092 790 808 2093 793 811 2094 794 812 2095 795 813 2096 796 814 2097 795 813 2098 794 812 2099 796 814 2100 797 815 2101 795 813 2102 798 816 2103 795 813 2104 797 815 2105 798 816 2106 797 815 2107 799 817 2108 800 818 2109 799 817 2110 797 815 2111 793 811 2112 801 819 2113 794 812 2114 802 820 2115 794 812 2116 801 819 2117 796 814 2118 794 812 2119 803 821 2120 804 822 2121 803 821 2122 794 812 2123 794 812 2124 802 820 2125 804 822 2126 800 818 2127 797 815 2128 805 823 2129 806 824 2130 805 823 2131 797 815 2132 803 821 2133 806 824 2134 796 814 2135 797 815 2136 796 814 2137 806 824 2138 807 825 2139 804 822 2140 802 820 2141 808 826 2142 809 827 2143 810 828 2144 811 829 2145 810 828 2146 809 827 2147 808 826 2148 810 828 2149 812 830 2150 813 831 2151 812 830 2152 810 828 2153 812 830 2154 814 832 2155 808 826 2156 815 833 2157 816 834 2158 817 835 2159 818 836 2160 817 835 2161 816 834 2162 819 837 2163 820 838 2164 821 839 2165 822 840 2166 821 839 2167 820 838 2168 823 841 2169 824 842 2170 825 843 2171 826 844 2172 825 843 2173 824 842 2174 827 845 2175 828 846 2176 829 847 2177 830 848 2178 829 847 2179 828 846 2180 831 849 2181 832 850 2182 833 851 2183 834 852 2184 833 851 2185 832 850 2186 831 849 2187 835 853 2188 832 850 2189 836 854 2190 832 850 2191 835 853 2192 837 855 2193 838 856 2194 839 857 2195 838 856 2196 837 855 2197 840 858 2198 841 859 2199 840 858 2200 837 855 2201 842 860 2202 843 861 2203 844 862 2204 845 863 2205 846 864 2206 847 865 2207 848 866 2208 847 865 2209 846 864 2210 846 864 2211 845 863 2212 849 867 2213 850 868 2214 849 867 2215 845 863 2216 851 869 2217 852 870 2218 853 871 2219 854 872 2220 853 871 2221 852 870 2222 855 873 2223 856 874 2224 857 875 2225 858 876 2226 857 875 2227 856 874 2228 856 874 2229 855 873 2230 859 877 2231 860 878 2232 859 877 2233 855 873 2234 861 879 2235 862 880 2236 863 881 2237 864 882 2238 863 881 2239 862 880 2240 865 883 2241 866 884 2242 867 885 2243 868 886 2244 867 885 2245 866 884 2246 869 887 2247 870 888 2248 871 889 2249 872 890 2250 871 889 2251 870 888 2252 873 891 2253 874 892 2254 875 893 2255 876 894 2256 875 893 2257 874 892 2258 877 895 2259 878 896 2260 879 897 2261 880 898 2262 879 897 2263 878 896 2264 881 899 2265 882 900 2266 883 901 2267 884 902 2268 883 901 2269 882 900 2270 885 903 2271 886 904 2272 887 905 2273 888 906 2274 887 905 2275 886 904 2276 889 907 2277 890 908 2278 891 909 2279 892 910 2280 891 909 2281 890 908 2282 893 911 2283 894 912 2284 895 913 2285 896 914 2286 895 913 2287 894 912 2288 897 915 2289 898 916 2290 899 917 2291 900 918 2292 899 917 2293 898 916 2294 901 919 2295 902 920 2296 903 921 2297 904 922 2298 903 921 2299 902 920 2300 905 923 2301 906 924 2302 907 925 2303 905 923 2304 908 926 2305 906 924 2306 905 923 2307 909 927 2308 908 926 2309 910 928 2310 908 926 2311 909 927 2312 911 929 2313 905 923 2314 907 925 2315 911 929 2316 907 925 2317 912 930 2318 913 931 2319 912 930 2320 907 925 2321 912 930 2322 913 931 2323 914 932 2324 915 933 2325 914 932 2326 913 931 2327 916 934 2328 915 933 2329 913 931 2330 916 934 2331 913 931 2332 917 935 2333 917 935 2334 918 936 2335 916 934 2336 919 937 2337 916 934 2338 918 936 2339 920 938 2340 921 939 2341 922 940 2342 923 941 2343 922 940 2344 921 939 2345 924 942 2346 925 943 2347 926 944 2348 927 945 2349 926 944 2350 925 943 2351 928 946 2352 929 947 2353 930 948 2354 931 949 2355 930 948 2356 929 947 2357 932 950 2358 933 951 2359 934 952 2360 935 953 2361 934 952 2362 933 951 2363 935 953 2364 933 951 2365 936 954 2366 937 955 2367 936 954 2368 933 951 2369 935 953 2370 938 956 2371 934 952 2372 939 957 2373 934 952 2374 938 956 2375 939 957 2376 938 956 2377 940 958 2378 941 959 2379 940 958 2380 938 956 2381 938 956 2382 942 960 2383 941 959 2384 943 961 2385 941 959 2386 942 960 2387 942 960 2388 944 962 2389 943 961 2390 945 963 2391 943 961 2392 944 962 2393 940 958 2394 946 964 2395 939 957 2396 944 962 2397 946 964 2398 945 963 2399 940 958 2400 945 963 2401 946 964 2402 932 950 2403 934 952 2404 947 965 2405 948 966 2406 947 965 2407 934 952 2408 949 967 2409 950 968 2410 951 969 2411 952 970 2412 951 969 2413 950 968 2414 953 971 2415 954 972 2416 955 973 2417 956 974 2418 955 973 2419 954 972 2420 957 975 2421 958 976 2422 959 977 2423 960 978 2424 959 977 2425 958 976 2426 958 976 2427 957 975 2428 961 979 2429 958 976 2430 962 980 2431 960 978 2432 963 981 2433 960 978 2434 962 980 2435 958 976 2436 964 982 2437 962 980 2438 965 983 2439 962 980 2440 964 982 2441 964 982 2442 958 976 2443 966 984 2444 967 985 2445 966 984 2446 958 976 2447 961 979 2448 967 985 2449 958 976 2450 960 978 2451 963 981 2452 968 986 2453 969 987 2454 968 986 2455 963 981 2456 970 988 2457 959 977 2458 960 978 2459 971 989 2460 970 988 2461 960 978 2462 972 990 2463 971 989 2464 960 978 2465 968 986 2466 972 990 2467 960 978 2468 966 984 2469 973 991 2470 964 982 2471 974 992 2472 964 982 2473 973 991 2474 975 993 2475 976 994 2476 977 995 2477 978 996 2478 977 995 2479 976 994 2480 979 997 2481 980 998 2482 981 999 2483 982 1000 2484 981 999 2485 980 998 2486 983 1001 2487 984 1002 2488 985 1003 2489 986 1004 2490 985 1003 2491 984 1002 2492 987 1005 2493 988 1006 2494 989 1007 2495 990 1008 2496 989 1007 2497 988 1006 2498 991 1009 2499 992 1010 2500 993 1011 2501 994 1012 2502 993 1011 2503 992 1010 2504 993 1011 2505 994 1012 2506 995 1013 2507 996 1014 2508 995 1013 2509 994 1012 2510 992 1010 2511 991 1009 2512 997 1015 2513 997 1015 2514 998 1016 2515 992 1010 2516 999 1017 2517 997 1015 2518 991 1009 2519 1000 1018 2520 1001 1019 2521 1002 1020 2522 1003 1021 2523 1002 1020 2524 1001 1019 2525 1001 1019 2526 1000 1018 2527 1004 1022 2528 1005 1023 2529 1004 1022 2530 1000 1018 2531 1005 1023 2532 1006 1024 2533 1004 1022 2534 1007 1025 2535 1004 1022 2536 1006 1024 2537 1007 1025 2538 1008 1026 2539 1004 1022 2540 1009 1027 2541 1004 1022 2542 1008 1026 2543 1002 1020 2544 1003 1021 2545 1010 1028 2546 1011 1029 2547 1010 1028 2548 1003 1021 2549 1012 1030 2550 1013 1031 2551 1014 1032 2552 1015 1033 2553 1014 1032 2554 1013 1031 2555 1013 1031 2556 1012 1030 2557 1016 1034 2558 1017 1035 2559 1016 1034 2560 1012 1030 2561 1015 1033 2562 1018 1036 2563 1014 1032 2564 1018 1036 2565 1015 1033 2566 1019 1037 2567 1020 1038 2568 1014 1032 2569 1018 1036 2570 1021 1039 2571 1022 678 2572 1023 679 2573 1024 678 2574 1023 679 2575 1022 678 2576 1025 1040 2577 1026 1041 2578 1027 1042 2579 1028 1043 2580 1027 1042 2581 1026 1041 2582 1029 1044 2583 1030 1045 2584 1031 1046 2585 1032 1047 2586 1031 1046 2587 1030 1045 2588 1033 1048 2589 1034 1049 2590 1035 1050 2591 1036 1051 2592 1035 1050 2593 1034 1049 2594 1037 1052 2595 1038 1053 2596 1039 1054 2597 1040 1055 2598 1039 1054 2599 1038 1053 2600 1041 1056 2601 1042 1057 2602 1043 1058 2603 1044 1059 2604 1043 1058 2605 1042 1057 2606 1045 1060 2607 1046 1061 2608 1047 1062 2609 1048 1063 2610 1047 1062 2611 1046 1061 2612 1049 1064 2613 1050 1065 2614 1051 1066 2615 1052 1067 2616 1051 1066 2617 1050 1065 2618 1053 1068 2619 1054 1069 2620 1055 1070 2621 1056 1071 2622 1055 1070 2623 1054 1069 2624 1057 1072 2625 1058 1073 2626 1059 1074 2627 1060 1075 2628 1059 1074 2629 1058 1073 2630 1061 1076 2631 1062 1077 2632 1063 1078 2633 1064 1079 2634 1063 1078 2635 1062 1077 2636 1062 1077 2637 1065 1080 2638 1064 1079 2639 1066 1081 2640 1064 1079 2641 1065 1080 2642 1066 1081 2643 1065 1080 2644 1067 1082 2645 1068 1083 2646 1067 1082 2647 1065 1080 2648 1069 1084 2649 1070 1085 2650 1071 1086 2651 1072 1087 2652 1071 1086 2653 1070 1085 2654 1070 1085 2655 1073 1088 2656 1072 1087 2657 1074 1089 2658 1072 1087 2659 1073 1088 2660 1073 1088 2661 1075 1090 2662 1074 1089 2663 1076 1091 2664 1074 1089 2665 1075 1090 2666 1071 1086 2667 1077 1092 2668 1069 1084 2669 1071 1086 2670 1078 1093 2671 1077 1092 2672 1079 1094 2673 1077 1092 2674 1078 1093 2675 1080 1095 2676 1081 1096 2677 1082 1097 2678 1083 1098 2679 1082 1097 2680 1081 1096 2681 1084 1099 2682 1085 1100 2683 1086 1101 2684 1087 1102 2685 1086 1101 2686 1085 1100 2687 1088 1103 2688 1089 1104 2689 1090 1105 2690 1091 1106 2691 1090 1105 2692 1089 1104 2693 1090 1105 2694 1092 1107 2695 1088 1103 2696 1093 1108 2697 1088 1103 2698 1092 1107 2699 1094 1109 2700 1095 1110 2701 1096 1111 2702 1097 1112 2703 1096 1111 2704 1095 1110 2705 1095 1110 2706 1098 1113 2707 1097 1112 2708 1099 1114 2709 1097 1112 2710 1098 1113 2711 1100 1115 2712 1101 1116 2713 1102 1117 2714 1103 1118 2715 1102 1117 2716 1101 1116 2717 1101 1116 2718 1104 1119 2719 1103 1118 2720 1105 1120 2721 1103 1118 2722 1104 1119 2723 1106 1121 2724 1100 1115 2725 1102 1117 2726 1106 1121 2727 1102 1117 2728 1107 1122 2729 1108 1123 2730 1107 1122 2731 1102 1117 2732 1109 1124 2733 1107 1122 2734 1108 1123 2735 1109 1124 2736 1108 1123 2737 1110 1125 2738 1109 1124 2739 1110 1125 2740 1111 1126 2741 1112 1127 2742 1111 1126 2743 1110 1125 2744 1112 1127 2745 1113 1128 2746 1111 1126 2747 1113 1128 2748 1114 1129 2749 1111 1126 2750 1115 1130 2751 1111 1126 2752 1114 1129 2753 1116 1131 2754 1117 1132 2755 1118 1133 2756 1119 1134 2757 1118 1133 2758 1117 1132 2759 1116 1131 2760 1118 1133 2761 1120 1135 2762 1121 1136 2763 1120 1135 2764 1118 1133 2765 1122 1137 2766 1123 1138 2767 1124 1139 2768 1125 1140 2769 1124 1139 2770 1123 1138 2771 1122 1137 2772 1124 1139 2773 1126 1141 2774 1127 1142 2775 1126 1141 2776 1124 1139 2777 1128 1143 2778 1129 1144 2779 1130 1145 2780 1131 1146 2781 1130 1145 2782 1129 1144 2783 1132 1147 2784 1133 1148 2785 1134 1149 2786 1133 1148 2787 1135 1150 2788 1134 1149 2789 1135 1150 2790 1136 1151 2791 1134 1149 2792 1134 1149 2793 1136 1151 2794 1137 1152 2795 1138 1153 2796 1134 1149 2797 1137 1152 2798 1139 1154 2799 1138 1153 2800 1137 1152 2801 1140 1155 2802 1141 1156 2803 1138 1157 2804 1142 1158 2805 1138 1157 2806 1141 1156 2807 1143 1159 2808 1141 1156 2809 1140 1155 2810 1132 1160 2811 1144 1161 2812 1145 1162 2813 1144 1161 2814 1146 1163 2815 1145 1162 2816 1144 1164 2817 1147 1165 2818 1148 1166 2819 1149 1167 2820 1148 1166 2821 1147 1165 2822 1148 1166 2823 1149 1167 2824 1150 1168 2825 1151 1169 2826 1152 1170 2827 1153 1171 2828 1152 1170 2829 1154 1172 2830 1153 1171 2831 1154 1172 2832 1155 1173 2833 1153 1171 2834 1153 1171 2835 1155 1173 2836 1156 1174 2837 1151 1169 2838 1157 1175 2839 1152 1170 2840 1157 1175 2841 1158 1176 2842 1152 1170 2843 1157 1177 2844 1159 1178 2845 1160 1179 2846 1161 1180 2847 1160 1179 2848 1159 1178 2849 1160 1179 2850 1161 1180 2851 1162 1181 2852 1163 1182 2853 1164 1183 2854 1165 1184 2855 1166 1185 2856 1167 1186 2857 1168 1187 2858 1169 1188 2859 1170 1189 2860 1171 1190 2861 1172 1191 2862 1173 1192 2863 1174 1193 2864 1173 1192 2865 1175 1194 2866 1174 1193 2867 1176 1195 2868 1175 1194 2869 1173 1192 2870 1177 1196 2871 1176 1195 2872 1173 1192 2873 1178 1197 2874 1177 1196 2875 1173 1192 2876 1175 1194 2877 1179 1198 2878 1174 1193 2879 1180 1199 2880 1181 1200 2881 1182 1201 2882 1183 1202 2883 1184 1203 2884 1185 1204 2885 1186 1205 2886 1187 1206 2887 1188 1207 2888 1187 1206 2889 1189 1208 2890 1188 1207 2891 1190 1209 2892 1189 1208 2893 1187 1206 2894 1188 1207 2895 1189 1208 2896 1191 1210 2897 1191 1210 2898 1189 1208 2899 1192 1211 2900 1189 1208 2901 1193 1212 2902 1192 1211 2903 1194 1213 2904 1195 1214 2905 1196 1215 2906 1197 1216 2907 1198 1217 2908 1199 1218 2909 1200 1219 2910 1201 1220 2911 1202 1221 2912 1203 1222 2913 1204 1223 2914 1205 1224 2915 1206 1225 2916 1205 1224 2917 1204 1223 2918 1204 1223 2919 1203 1222 2920 1207 1226 2921 1208 1227 2922 1207 1226 2923 1203 1222 2924 1207 1226 2925 1208 1227 2926 1209 1228 2927 1210 1229 2928 1209 1228 2929 1208 1227 2930 1209 1228 2931 1210 1229 2932 1211 1230 2933 1212 1231 2934 1211 1230 2935 1210 1229 2936 1211 1230 2937 1212 1231 2938 1213 1232 2939 1214 1233 2940 1213 1232 2941 1212 1231 2942 1213 1232 2943 1214 1233 2944 1215 1234 2945 1216 1235 2946 1215 1234 2947 1214 1233 2948 1216 1235 2949 1217 1236 2950 1215 1234 2951 1205 1224 2952 1206 1225 2953 1217 1236 2954 1218 1237 2955 1215 1234 2956 1217 1236 2957 1218 1237 2958 1217 1236 2959 1206 1225 2960 1219 1238 2961 1220 1239 2962 1221 1240 2963 1222 1241 2964 1221 1240 2965 1220 1239 2966 1220 1239 2967 1219 1238 2968 1223 1242 2969 1224 1243 2970 1223 1242 2971 1219 1238 2972 1224 1243 2973 1225 1244 2974 1223 1242 2975 1226 1245 2976 1223 1242 2977 1225 1244 2978 1226 1245 2979 1225 1244 2980 1227 1246 2981 1228 1247 2982 1227 1246 2983 1225 1244 2984 1227 1246 2985 1228 1247 2986 1229 1248 2987 1230 1249 2988 1229 1248 2989 1228 1247 2990 1229 1248 2991 1230 1249 2992 1231 1250 2993 1232 1251 2994 1231 1250 2995 1230 1249 2996 1231 1250 2997 1232 1251 2998 1233 1252 2999 1234 1253 3000 1233 1252 3001 1232 1251 3002 1221 1240 3003 1222 1241 3004 1234 1253 3005 1233 1252 3006 1234 1253 3007 1222 1241 3008 1235 1254 3009 1236 1255 3010 1237 1256 3011 1238 1257 3012 1237 1256 3013 1236 1255 3014 1237 1256 3015 1238 1257 3016 1239 1258 3017 1240 1259 3018 1239 1258 3019 1238 1257 3020 1239 1258 3021 1240 1259 3022 1241 1260 3023 1242 1261 3024 1241 1260 3025 1240 1259 3026 1241 1260 3027 1242 1261 3028 1243 1262 3029 1244 1263 3030 1243 1262 3031 1242 1261 3032 1243 1262 3033 1244 1263 3034 1245 1264 3035 1246 1265 3036 1245 1264 3037 1244 1263 3038 1247 1266 3039 1248 1267 3040 1249 1268 3041 1250 1269 3042 1249 1268 3043 1248 1267 3044 1248 1267 3045 1247 1266 3046 1251 1270 3047 1252 1271 3048 1251 1270 3049 1247 1266 3050 1251 1270 3051 1252 1271 3052 1253 1272 3053 1254 1273 3054 1253 1272 3055 1252 1271 3056 1255 1274 3057 1256 1275 3058 1257 1276 3059 1258 1277 3060 1257 1276 3061 1256 1275 3062 1256 1275 3063 1255 1274 3064 1259 1278 3065 1260 1279 3066 1259 1278 3067 1255 1274 3068 1259 1278 3069 1260 1279 3070 1261 1280 3071 1262 1281 3072 1261 1280 3073 1260 1279 3074 1261 1280 3075 1262 1281 3076 1263 1282 3077 1264 1283 3078 1263 1282 3079 1262 1281 3080 1263 1282 3081 1264 1283 3082 1265 1284 3083 1266 1285 3084 1265 1284 3085 1264 1283 3086 1267 1286 3087 1268 1287 3088 1269 1288 3089 1270 1289 3090 1269 1288 3091 1268 1287 3092 1268 1287 3093 1267 1286 3094 1271 1290 3095 1272 1291 3096 1271 1290 3097 1267 1286 3098 1271 1290 3099 1272 1291 3100 1273 1292 3101 1274 1293 3102 1273 1292 3103 1272 1291 3104 1275 1294 3105 1276 1295 3106 1277 1296 3107 1278 1297 3108 1277 1296 3109 1276 1295 3110 1277 1296 3111 1278 1297 3112 1279 1298 3113 1280 1299 3114 1279 1298 3115 1278 1297 3116 1278 1297 3117 1276 1295 3118 1281 1300 3119 1278 1297 3120 1281 1300 3121 1280 1299 3122 1282 1301 3123 1281 1300 3124 1276 1295 3125 1281 1300 3126 1282 1301 3127 1283 1302 3128 1284 1303 3129 1283 1302 3130 1282 1301 3131 1285 1304 3132 1280 1299 3133 1281 1300 3134 1281 1300 3135 1283 1302 3136 1285 1304 3137 1286 1305 3138 1285 1304 3139 1283 1302 3140 1283 1302 3141 1284 1303 3142 1287 1306 3143 1283 1302 3144 1287 1306 3145 1286 1305 3146 1284 1303 3147 1288 1307 3148 1287 1306 3149 1289 1308 3150 1288 1307 3151 1284 1303 3152 1286 1305 3153 1287 1306 3154 1290 1309 3155 1290 1309 3156 1287 1306 3157 1291 1310 3158 1292 1311 3159 1293 1312 3160 1294 1313 3161 1294 1313 3162 1293 1312 3163 1295 1314 3164 1293 1312 3165 1296 1315 3166 1295 1314 3167 1297 1316 3168 1296 1315 3169 1293 1312 3170 1295 1314 3171 1298 1317 3172 1294 1313 3173 1299 1318 3174 1294 1313 3175 1298 1317 3176 1298 1317 3177 1300 1319 3178 1299 1318 3179 1301 1320 3180 1299 1318 3181 1300 1319 3182 1300 1319 3183 1302 1321 3184 1301 1320 3185 1303 1322 3186 1302 1321 3187 1300 1319 3188 1301 1320 3189 1302 1321 3190 1304 1323 3191 1304 1323 3192 1302 1321 3193 1305 1324 3194 1306 1325 3195 1307 1326 3196 1308 1327 3197 1308 1327 3198 1307 1326 3199 1309 1328 3200 1307 1326 3201 1310 1329 3202 1309 1328 3203 1307 1326 3204 1311 1330 3205 1310 1329 3206 1312 1331 3207 1311 1330 3208 1307 1326 3209 1313 1332 3210 1312 1331 3211 1307 1326 3212 1310 1329 3213 1314 1333 3214 1309 1328 3215 1315 1334 3216 1309 1328 3217 1314 1333 3218 1311 1330 3219 1316 1335 3220 1310 1329 3221 1316 1335 3222 1314 1333 3223 1310 1329 3224 1315 1334 3225 1317 1336 3226 1309 1328 3227 1318 1337 3228 1309 1328 3229 1317 1336 3230 1319 1338 3231 1320 1339 3232 1311 1340 3233 1320 1341 3234 1316 1342 3235 1321 1343 3236 1322 1344 3237 1323 1345 3238 1320 1346 3239 1324 1347 3240 1317 1348 3241 1325 1349 3242 1326 1350 3243 1327 1351 3244 1328 1352 3245 1327 1351 3246 1329 1353 3247 1328 1352 3248 1330 1354 3249 1329 1353 3250 1327 1351 3251 1328 1352 3252 1329 1353 3253 1331 1355 3254 1327 1351 3255 1326 1350 3256 1332 1356 3257 1333 1357 3258 1332 1356 3259 1326 1350 3260 1332 1356 3261 1333 1357 3262 1334 1358 3263 1335 1359 3264 1334 1358 3265 1333 1357 3266 1334 1358 3267 1335 1359 3268 1336 1360 3269 1335 1359 3270 1337 1361 3271 1336 1360 3272 1338 1362 3273 1337 1361 3274 1335 1359 3275 1336 1360 3276 1337 1361 3277 1339 1363 3278 1340 1364 3279 1341 1365 3280 1342 1366 3281 1343 1367 3282 1342 1366 3283 1341 1365 3284 1344 1368 3285 1345 1369 3286 1346 1370 3287 1347 1371 3288 1346 1370 3289 1345 1369 3290 1345 1369 3291 1344 1368 3292 1348 1372 3293 1349 1373 3294 1348 1372 3295 1344 1368 3296 1350 1374 3297 1351 1375 3298 1352 1376 3299 1353 1377 3300 1352 1376 3301 1351 1375 3302 1354 1378 3303 1355 1379 3304 1356 1380 3305 1357 1381 3306 1356 1380 3307 1355 1379 3308 1355 1379 3309 1354 1378 3310 1358 1382 3311 1359 1383 3312 1358 1382 3313 1354 1378 3314 1358 1382 3315 1359 1383 3316 1360 1384 3317 1361 1385 3318 1360 1384 3319 1359 1383 3320 1362 1386 3321 1363 1387 3322 1364 1388 3323 1365 1389 3324 1364 1388 3325 1363 1387 3326 1366 1390 3327 1367 1391 3328 1368 1392 3329 1369 1393 3330 1368 1392 3331 1367 1391 3332 1367 1391 3333 1366 1390 3334 1370 1394 3335 1371 1395 3336 1370 1394 3337 1366 1390 3338 1372 1396 3339 1373 1397 3340 1374 1398 3341 1375 1399 3342 1374 1398 3343 1373 1397 3344 1376 1400 3345 1377 1401 3346 1378 1402 3347 1379 1403 3348 1378 1402 3349 1377 1401 3350 1377 1401 3351 1376 1400 3352 1380 1404 3353 1381 1405 3354 1380 1404 3355 1376 1400 3356 1380 1404 3357 1381 1405 3358 1382 1406 3359 1383 1407 3360 1382 1406 3361 1381 1405 3362 1384 1408 3363 1385 1409 3364 1386 1410 3365 1387 1411 3366 1386 1410 3367 1385 1409 3368 1385 1409 3369 1384 1408 3370 1388 1412 3371 1389 1413 3372 1388 1412 3373 1384 1408 3374 1386 1410 3375 1387 1411 3376 1390 1414 3377 1391 1415 3378 1390 1414 3379 1387 1411 3380 1390 1414 3381 1391 1415 3382 1392 1416 3383 1393 1417 3384 1392 1416 3385 1391 1415 3386 1394 1418 3387 1395 1419 3388 1396 1420 3389 1397 1421 3390 1396 1420 3391 1395 1419 3392 1398 1422 3393 1399 1423 3394 1400 1424 3395 1401 1425 3396 1400 1424 3397 1399 1423 3398 1402 1426 3399 1403 1427 3400 1404 1428 3401 1405 1429 3402 1404 1428 3403 1403 1427 3404 1406 1430 3405 1407 1431 3406 1408 1432 3407 1409 1433 3408 1408 1432 3409 1407 1431 3410 1407 1431 3411 1406 1430 3412 1410 1434 3413 1411 1435 3414 1410 1434 3415 1406 1430 3416 1410 1434 3417 1411 1435 3418 1412 1436 3419 1413 1437 3420 1412 1436 3421 1411 1435 3422 1412 1436 3423 1413 1437 3424 1414 1438 3425 1415 1439 3426 1414 1438 3427 1413 1437 3428 1416 1440 3429 1417 1441 3430 1418 1442 3431 1419 1443 3432 1418 1442 3433 1417 1441 3434 1420 1444 3435 1421 1445 3436 1422 1446 3437 1423 1447 3438 1422 1446 3439 1421 1445 3440 1424 1448 3441 1425 1449 3442 1426 1450 3443 1427 1451 3444 1426 1450 3445 1425 1449 3446 1428 1452 3447 1429 1453 3448 1430 1454 3449 1431 1455 3450 1430 1454 3451 1429 1453 3452 1429 1453 3453 1428 1452 3454 1432 1456 3455 1433 1457 3456 1432 1456 3457 1428 1452 3458 1432 1456 3459 1433 1457 3460 1434 1458 3461 1435 1459 3462 1434 1458 3463 1433 1457 3464 1430 1454 3465 1431 1455 3466 1436 1460 3467 1437 1461 3468 1436 1460 3469 1431 1455 3470 1438 1462 3471 1439 1463 3472 1440 1464 3473 1441 1465 3474 1440 1464 3475 1439 1463 3476 1442 1466 3477 1443 1467 3478 1444 1468 3479 1445 1469 3480 1444 1468 3481 1443 1467 3482 1446 1470 3483 1447 1471 3484 1448 1472 3485 1449 1473 3486 1448 1472 3487 1447 1471 3488 1450 1474 3489 1451 1475 3490 1452 1476 3491 1453 1477 3492 1452 1476 3493 1451 1475 3494 1451 1475 3495 1450 1474 3496 1454 1478 3497 1455 1479 3498 1454 1478 3499 1450 1474 3500 1454 1478 3501 1455 1479 3502 1456 1480 3503 1457 1481 3504 1456 1480 3505 1455 1479 3506 1456 1480 3507 1457 1481 3508 1458 1482 3509 1459 1483 3510 1458 1482 3511 1457 1481 3512 1460 1484 3513 1461 1485 3514 1462 1486 3515 1463 1487 3516 1462 1486 3517 1461 1485 3518 1464 1488 3519 1465 1489 3520 1466 1490 3521 1467 1491 3522 1466 1490 3523 1465 1489 3524 1468 1492 3525 1469 1493 3526 1470 1494 3527 1471 1495 3528 1470 1494 3529 1469 1493 3530 1472 1496 3531 1473 1497 3532 1474 1498 3533 1475 1499 3534 1474 1498 3535 1473 1497 3536 1476 1500 3537 1477 1501 3538 1478 1502 3539 1479 1503 3540 1478 1502 3541 1477 1501 3542 1480 1504 3543 1477 1501 3544 1476 1500 3545 1478 1505 3546 1481 1506 3547 1482 1507 3548 1483 1508 3549 1481 1506 3550 1478 1505 3551 1484 1509 3552 1485 1510 3553 1486 1511 3554 1487 1512 3555 1486 1511 3556 1485 1510 3557 1488 1513 3558 1489 1514 3559 1490 1515 3560 1491 1516 3561 1490 1515 3562 1489 1514 3563 1492 1517 3564 1493 1518 3565 1494 1519 3566 1495 1520 3567 1494 1519 3568 1493 1518 3569 1496 1521 3570 1497 1522 3571 1498 1523 3572 1499 1524 3573 1498 1523 3574 1497 1522 3575 1500 1525 3576 1501 1526 3577 1502 1527 3578 1503 1528 3579 1502 1527 3580 1501 1526 3581 1504 1529 3582 1505 1530 3583 1506 1531 3584 1507 1532 3585 1506 1531 3586 1505 1530 3587 1504 1529 3588 1506 1531 3589 1508 1533 3590 1509 1534 3591 1508 1533 3592 1506 1531 3593 1505 1530 3594 1510 1535 3595 1507 1532 3596 1505 1530 3597 1511 1536 3598 1510 1535 3599 1512 1537 3600 1510 1535 3601 1511 1536 3602 1511 1536 3603 1513 1538 3604 1512 1537 3605 1514 1539 3606 1507 1532 3607 1510 1535 3608 1508 1533 3609 1509 1534 3610 1515 1540 3611 1508 1533 3612 1515 1540 3613 1516 1541 3614 1517 1542 3615 1516 1541 3616 1515 1540 3617 1518 1543 3618 1516 1541 3619 1517 1542 3620 1519 1544 3621 1515 1540 3622 1509 1534 3623 1520 1545 3624 1521 1546 3625 1522 1547 3626 1523 1548 3627 1522 1547 3628 1521 1546 3629 1523 1548 3630 1524 1549 3631 1522 1547 3632 1525 1550 3633 1522 1547 3634 1524 1549 3635 1525 1550 3636 1524 1549 3637 1526 1551 3638 1527 1552 3639 1526 1551 3640 1524 1549 3641 1527 1552 3642 1528 1553 3643 1526 1551 3644 1529 1554 3645 1526 1551 3646 1528 1553 3647 1530 1555 3648 1531 1556 3649 1532 1557 3650 1533 1558 3651 1532 1557 3652 1531 1556 3653 1530 1555 3654 1534 1559 3655 1531 1556 3656 1535 1560 3657 1531 1556 3658 1534 1559 3659 1531 1556 3660 1536 1561 3661 1533 1558 3662 1531 1556 3663 1535 1560 3664 1536 1561 3665 1537 1562 3666 1533 1558 3667 1536 1561 3668 1538 1563 3669 1536 1561 3670 1535 1560 3671 1533 1558 3672 1537 1562 3673 1539 1564 3674 1540 1565 3675 1539 1564 3676 1537 1562 3677 1533 1558 3678 1539 1564 3679 1541 1566 3680 1542 1567 3681 1541 1566 3682 1539 1564 3683 1543 1568 3684 1532 1557 3685 1533 1558 3686 1541 1566 3687 1543 1568 3688 1533 1558 3689 1535 1560 3690 1534 1559 3691 1544 1569 3692 1545 1570 3693 1544 1569 3694 1534 1559 3695 1545 1570 3696 1546 1571 3697 1544 1569 3698 1547 1572 3699 1544 1569 3700 1546 1571 3701 1544 1569 3702 1547 1572 3703 1548 1573 3704 1544 1569 3705 1548 1573 3706 1535 1560 3707 1538 1563 3708 1535 1560 3709 1548 1573 3710 1549 1574 3711 1548 1573 3712 1547 1572 3713 1547 1572 3714 1550 1575 3715 1549 1574 3716 1551 1576 3717 1549 1574 3718 1550 1575 3719 1550 1575 3720 1547 1572 3721 1552 1577 3722 1553 1578 3723 1552 1577 3724 1547 1572 3725 1546 1571 3726 1554 1579 3727 1547 1572 3728 1547 1572 3729 1554 1579 3730 1553 1578 3731 1555 1580 3732 1556 1581 3733 1557 1582 3734 1558 1583 3735 1557 1582 3736 1556 1581 3737 1555 1580 3738 1559 1584 3739 1556 1581 3740 1560 1585 3741 1556 1581 3742 1559 1584 3743 1558 1583 3744 1556 1581 3745 1561 1586 3746 1562 1587 3747 1561 1586 3748 1556 1581 3749 1562 1587 3750 1563 1588 3751 1561 1586 3752 1564 1589 3753 1563 1588 3754 1562 1587 3755 1560 1585 3756 1564 1589 3757 1556 1581 3758 1562 1587 3759 1556 1581 3760 1564 1589 3761 1557 1582 3762 1558 1583 3763 1565 1590 3764 1566 1591 3765 1565 1590 3766 1558 1583 3767 1558 1583 3768 1561 1586 3769 1566 1591 3770 1561 1586 3771 1563 1588 3772 1567 1592 3773 1567 1592 3774 1566 1591 3775 1561 1586 3776 1560 1585 3777 1559 1584 3778 1568 1593 3779 1560 1585 3780 1568 1593 3781 1564 1589 3782 1569 1594 3783 1568 1593 3784 1559 1584 3785 1569 1594 3786 1570 1595 3787 1568 1593 3788 1571 1596 3789 1568 1593 3790 1570 1595 3791 1563 1588 3792 1564 1589 3793 1572 1597 3794 1572 1597 3795 1564 1589 3796 1568 1593 3797 1563 1588 3798 1572 1597 3799 1573 1598 3800 1572 1597 3801 1568 1593 3802 1573 1598 3803 1571 1596 3804 1573 1598 3805 1568 1593 3806 1570 1595 3807 1574 1599 3808 1571 1596 3809 1563 1588 3810 1573 1598 3811 1575 1600 3812 1575 1600 3813 1573 1598 3814 1576 1601 3815 1571 1596 3816 1576 1601 3817 1573 1598 3818 1576 1601 3819 1571 1596 3820 1577 1602 3821 1578 1603 3822 1579 1604 3823 1580 1605 3824 1581 1606 3825 1580 1605 3826 1579 1604 3827 1580 1605 3828 1582 1607 3829 1578 1603 3830 1583 1608 3831 1578 1603 3832 1582 1607 3833 1582 1607 3834 1584 1609 3835 1583 1608 3836 1585 1610 3837 1583 1608 3838 1584 1609 3839 1584 1609 3840 1586 1611 3841 1585 1610 3842 1587 1612 3843 1585 1610 3844 1586 1611 3845 1580 1605 3846 1581 1606 3847 1588 1613 3848 1589 1614 3849 1588 1613 3850 1581 1606 3851 1579 1604 3852 1578 1603 3853 1590 1615 3854 1591 1616 3855 1590 1615 3856 1578 1603 3857 1578 1603 3858 1583 1608 3859 1591 1616 3860 1590 1615 3861 1591 1616 3862 1592 1617 3863 1593 1618 3864 1592 1617 3865 1591 1616 3866 1591 1616 3867 1594 1619 3868 1593 1618 3869 1594 1619 3870 1591 1616 3871 1583 1608 3872 1583 1608 3873 1585 1610 3874 1594 1619 3875 1595 1620 3876 1593 1618 3877 1594 1619 3878 1595 1620 3879 1594 1619 3880 1596 1621 3881 1597 1622 3882 1596 1621 3883 1594 1619 3884 1585 1610 3885 1587 1612 3886 1597 1622 3887 1597 1622 3888 1594 1619 3889 1585 1610 3890 1596 1621 3891 1597 1622 3892 1598 1623 3893 1599 1624 3894 1598 1623 3895 1597 1622 3896 1599 1624 3897 1597 1622 3898 1587 1612 3899 1586 1611 3900 1584 1609 3901 1600 1625 3902 1601 1626 3903 1600 1625 3904 1584 1609 3905 1584 1609 3906 1582 1607 3907 1601 1626 3908 1602 1627 3909 1601 1626 3910 1582 1607 3911 1582 1607 3912 1580 1605 3913 1602 1627 3914 1588 1613 3915 1602 1627 3916 1580 1605 3917 1603 1628 3918 1604 1629 3919 1605 1630 3920 1606 1631 3921 1605 1630 3922 1604 1629 3923 1607 1632 3924 1608 1633 3925 1609 1634 3926 1610 1635 3927 1609 1634 3928 1608 1633 3929 1610 1635 3930 1611 1636 3931 1609 1634 3932 1612 1637 3933 1609 1634 3934 1611 1636 3935 1612 1637 3936 1611 1636 3937 1613 1638 3938 1614 1639 3939 1613 1638 3940 1611 1636 3941 1608 1633 3942 1607 1632 3943 1615 1640 3944 1616 1641 3945 1615 1640 3946 1607 1632 3947 1617 1642 3948 1618 1643 3949 1619 1644 3950 1620 1645 3951 1619 1644 3952 1618 1643 3953 1617 1642 3954 1621 1646 3955 1618 1643 3956 1622 1647 3957 1618 1643 3958 1621 1646 3959 1620 1645 3960 1623 1648 3961 1619 1644 3962 1624 1649 3963 1619 1644 3964 1623 1648 3965 1622 1647 3966 1621 1646 3967 1625 1650 3968 1626 1651 3969 1625 1650 3970 1621 1646 3971 1626 1651 3972 1627 1652 3973 1625 1650 3974 1628 1653 3975 1625 1650 3976 1627 1652 3977 1628 1653 3978 1627 1652 3979 1629 1654 3980 1630 1655 3981 1629 1654 3982 1627 1652 3983 1620 1645 3984 1618 1643 3985 1631 1656 3986 1620 1645 3987 1631 1656 3988 1623 1648 3989 1632 1657 3990 1631 1656 3991 1618 1643 3992 1618 1643 3993 1622 1647 3994 1632 1657 3995 1631 1656 3996 1632 1657 3997 1633 1658 3998 1634 1659 3999 1633 1658 4000 1632 1657 4001 1632 1657 4002 1635 1660 4003 1634 1659 4004 1635 1660 4005 1632 1657 4006 1622 1647 4007 1622 1647 4008 1625 1650 4009 1635 1660 4010 1636 1661 4011 1634 1659 4012 1635 1660 4013 1631 1656 4014 1633 1658 4015 1637 1662 4016 1637 1662 4017 1623 1648 4018 1631 1656 4019 1638 1663 4020 1637 1662 4021 1633 1658 4022 1625 1650 4023 1628 1653 4024 1639 1664 4025 1635 1660 4026 1639 1664 4027 1636 1661 4028 1639 1664 4029 1635 1660 4030 1625 1650 4031 1640 1665 4032 1639 1664 4033 1628 1653 4034 1628 1653 4035 1629 1654 4036 1640 1665 4037 1639 1664 4038 1640 1665 4039 1641 1666 4040 1641 1666 4041 1636 1661 4042 1639 1664 4043 1642 1667 4044 1641 1666 4045 1640 1665 4046 1640 1665 4047 1643 1668 4048 1642 1667 4049 1643 1668 4050 1640 1665 4051 1629 1654 4052 1644 1669 4053 1642 1667 4054 1643 1668 4055 1645 1670 4056 1646 1671 4057 1647 1672 4058 1648 1673 4059 1647 1672 4060 1646 1671 4061 1648 1673 4062 1649 1674 4063 1647 1672 4064 1650 1675 4065 1647 1672 4066 1649 1674 4067 1645 1670 4068 1651 1676 4069 1646 1671 4070 1652 1677 4071 1646 1671 4072 1651 1676 4073 1652 1677 4074 1651 1676 4075 1653 1678 4076 1654 1679 4077 1653 1678 4078 1651 1676 4079 1654 1679 4080 1655 1680 4081 1653 1678 4082 1656 1681 4083 1653 1678 4084 1655 1680 4085 1656 1681 4086 1655 1680 4087 1657 1682 4088 1658 1683 4089 1657 1682 4090 1655 1680 4091 1659 1684 4092 1660 1685 4093 1661 1686 4094 1662 1687 4095 1661 1686 4096 1660 1685 4097 1661 1686 4098 1662 1687 4099 1663 1688 4100 1664 1689 4101 1663 1688 4102 1662 1687 4103 1665 1690 4104 1666 1691 4105 1667 1692 4106 1668 1693 4107 1667 1692 4108 1666 1691 4109 1665 1690 4110 1667 1692 4111 1669 1694 4112 1670 1695 4113 1669 1694 4114 1667 1692 4115 1668 1693 4116 1666 1691 4117 1671 1696 4118 1672 1697 4119 1671 1696 4120 1666 1691 4121 1667 1692 4122 1668 1693 4123 1673 1698 4124 1674 1699 4125 1673 1698 4126 1668 1693 4127 1668 1693 4128 1671 1696 4129 1674 1699 4130 1670 1695 4131 1667 1692 4132 1675 1700 4133 1673 1698 4134 1675 1700 4135 1667 1692 4136 1675 1700 4137 1676 1701 4138 1670 1695 4139 1677 1702 4140 1670 1695 4141 1676 1701 4142 1670 1695 4143 1677 1702 4144 1678 1703 4145 1679 1704 4146 1674 1699 4147 1671 1696 4148 1680 1705 4149 1681 1706 4150 1677 1707 4151 1682 1708 4152 1683 1709 4153 1684 1710 4154 1683 1709 4155 1685 1711 4156 1684 1710 4157 1686 1712 4158 1684 1710 4159 1685 1711 4160 1686 1712 4161 1687 1713 4162 1684 1710 4163 1688 1714 4164 1684 1710 4165 1687 1713 4166 1689 1715 4167 1684 1710 4168 1688 1714 4169 1685 1711 4170 1690 1716 4171 1686 1712 4172 1691 1717 4173 1686 1712 4174 1690 1716 4175 1686 1712 4176 1691 1717 4177 1692 1718 4178 1687 1713 4179 1686 1712 4180 1693 1719 4181 1692 1718 4182 1693 1719 4183 1686 1712 4184 1691 1717 4185 1690 1716 4186 1694 1720 4187 1695 1721 4188 1694 1720 4189 1690 1716 4190 1694 1720 4191 1695 1721 4192 1696 1722 4193 1697 1723 4194 1696 1722 4195 1695 1721 4196 1691 1717 4197 1698 1724 4198 1692 1718 4199 1691 1717 4200 1694 1720 4201 1698 1724 4202 1699 1725 4203 1692 1718 4204 1698 1724 4205 1699 1725 4206 1700 1726 4207 1692 1718 4208 1693 1719 4209 1692 1718 4210 1700 1726 4211 1701 1727 4212 1698 1724 4213 1694 1720 4214 1701 1727 4215 1694 1720 4216 1702 1728 4217 1703 1729 4218 1702 1728 4219 1694 1720 4220 1694 1720 4221 1696 1722 4222 1703 1729 4223 1704 1730 4224 1703 1729 4225 1696 1722 4226 1697 1723 4227 1695 1721 4228 1705 1731 4229 1706 1732 4230 1705 1731 4231 1695 1721 4232 1695 1721 4233 1690 1716 4234 1706 1732 4235 1707 1733 4236 1706 1732 4237 1690 1716 4238 1707 1733 4239 1690 1716 4240 1708 1734 4241 1685 1711 4242 1708 1734 4243 1690 1716 4244 1708 1734 4245 1685 1711 4246 1709 1735 4247 1683 1709 4248 1709 1735 4249 1685 1711 4250 1683 1709 4251 1710 1736 4252 1709 1735 4253 1708 1734 4254 1709 1735 4255 1711 1737 4256 1712 1738 4257 1711 1737 4258 1709 1735 4259 1709 1735 4260 1713 1739 4261 1712 1738 4262 1707 1733 4263 1708 1734 4264 1714 1740 4265 1714 1740 4266 1708 1734 4267 1715 1741 4268 1711 1737 4269 1715 1741 4270 1708 1734 4271 1707 1733 4272 1714 1740 4273 1716 1742 4274 1707 1733 4275 1716 1742 4276 1706 1732 4277 1717 1743 4278 1716 1742 4279 1714 1740 4280 1715 1741 4281 1718 1744 4282 1714 1740 4283 1717 1743 4284 1714 1740 4285 1718 1744 4286 1719 1745 4287 1706 1732 4288 1716 1742 4289 1719 1745 4290 1720 1746 4291 1706 1732 4292 1721 1747 4293 1706 1732 4294 1720 1746 4295 1706 1732 4296 1721 1747 4297 1705 1731 4298 1722 1748 4299 1705 1731 4300 1721 1747 4301 1723 1749 4302 1724 1750 4303 1725 1751 4304 1726 1752 4305 1725 1751 4306 1724 1750 4307 1726 1752 4308 1724 1750 4309 1727 1753 4310 1728 1754 4311 1727 1753 4312 1724 1750 4313 1728 1754 4314 1729 1755 4315 1727 1753 4316 1730 1756 4317 1727 1753 4318 1729 1755 4319 1730 1756 4320 1729 1755 4321 1731 1757 4322 1732 1758 4323 1731 1757 4324 1729 1755 4325 1728 1754 4326 1724 1750 4327 1733 1759 4328 1734 1760 4329 1733 1759 4330 1724 1750 4331 1733 1759 4332 1735 1761 4333 1728 1754 4334 1729 1755 4335 1728 1754 4336 1735 1761 4337 1724 1750 4338 1723 1749 4339 1736 1762 4340 1737 1763 4341 1736 1762 4342 1723 1749 4343 1732 1758 4344 1729 1755 4345 1738 1764 4346 1739 1765 4347 1738 1764 4348 1729 1755 4349 1736 1762 4350 1740 1766 4351 1724 1750 4352 1741 1767 4353 1737 1763 4354 1723 1749 4355 1735 1761 4356 1742 1768 4357 1729 1755 4358 1738 1764 4359 1743 1769 4360 1732 1758 4361 1743 1769 4362 1744 1770 4363 1732 1758 4364 1745 1771 4365 1732 1758 4366 1744 1770 4367 1744 1770 4368 1746 1772 4369 1745 1771 4370 1747 1773 4371 1745 1771 4372 1746 1772 4373 1746 1772 4374 1748 1774 4375 1747 1773 4376 1747 1773 4377 1748 1774 4378 1749 1775 4379 1748 1774 4380 1750 1776 4381 1749 1775 4382 1748 1774 4383 1751 1777 4384 1750 1776 4385 1752 1778 4386 1750 1776 4387 1751 1777 4388 1751 1777 4389 1753 1779 4390 1752 1778 4391 1754 1780 4392 1753 1779 4393 1751 1777 4394 1755 1781 4395 1753 1779 4396 1754 1780 4397 1756 1782 4398 1753 1779 4399 1755 1781 4400 1757 1783 4401 1752 1778 4402 1753 1779 4403 1748 1774 4404 1758 1784 4405 1751 1777 4406 1759 1785 4407 1754 1780 4408 1751 1777 4409 1760 1786 4410 1759 1787 4411 1761 1788 4412 1758 1789 4413 1760 1786 4414 1761 1788 4415 1762 1790 4416 1763 1791 4417 1754 1792 4418 1764 1793 4419 1762 1794 4420 1765 1795 4421 1759 1796 4422 1764 1793 4423 1765 1795 4424 1766 1797 4425 1767 1798 4426 1762 1799 4427 1768 1800 4428 1769 1801 4429 1770 1802 4430 1768 1800 4431 1771 1803 4432 1769 1801 4433 1769 1801 4434 1771 1803 4435 1772 1804 4436 1773 1805 4437 1772 1804 4438 1771 1803 4439 1772 1804 4440 1773 1805 4441 1774 1806 4442 1772 1804 4443 1774 1806 4444 1775 1807 4445 1774 1806 4446 1776 1808 4447 1775 1807 4448 1777 1809 4449 1776 1808 4450 1774 1806 4451 1778 1810 4452 1774 1806 4453 1773 1805 4454 1779 1811 4455 1772 1804 4456 1775 1807 4457 1780 1812 4458 1769 1801 4459 1772 1804 4460 1779 1811 4461 1780 1812 4462 1772 1804 4463 1781 1813 4464 1770 1802 4465 1769 1801 4466 1781 1813 4467 1782 1814 4468 1770 1802 4469 1783 1815 4470 1770 1802 4471 1782 1814 4472 1782 1814 4473 1741 1767 4474 1783 1815 4475 1723 1749 4476 1783 1815 4477 1741 1767 4478 1775 1816 4479 1784 1817 4480 1785 1818 4481 1785 1818 4482 1784 1817 4483 1786 1819 4484 1786 1820 4485 1787 1821 4486 1788 1822 4487 1789 1823 4488 1779 1824 4489 1790 1825 4490 1785 1826 4491 1789 1823 4492 1790 1825 4493 1791 1827 4494 1792 1828 4495 1793 1829 4496 1794 1830 4497 1793 1829 4498 1792 1828 4499 1792 1828 4500 1795 1831 4501 1794 1830 4502 1796 1832 4503 1794 1830 4504 1795 1831 4505 1796 1832 4506 1795 1831 4507 1740 1766 4508 1797 1833 4509 1740 1766 4510 1795 1831 4511 1791 1827 4512 1793 1829 4513 1798 1834 4514 1799 1835 4515 1798 1834 4516 1793 1829 4517 1740 1766 4518 1797 1833 4519 1724 1750 4520 1797 1833 4521 1734 1760 4522 1724 1750 4523 1800 1836 4524 1801 1837 4525 1802 1838 4526 1803 1839 4527 1802 1838 4528 1801 1837 4529 1803 1839 4530 1804 1840 4531 1802 1838 4532 1805 1841 4533 1802 1838 4534 1804 1840 4535 1805 1841 4536 1804 1840 4537 1742 1768 4538 1806 1842 4539 1742 1768 4540 1804 1840 4541 1801 1837 4542 1800 1836 4543 1807 1843 4544 1808 1844 4545 1807 1843 4546 1800 1836 4547 1742 1768 4548 1806 1842 4549 1729 1755 4550 1806 1842 4551 1739 1765 4552 1729 1755 4553 1809 1845 4554 1810 1846 4555 1811 1847 4556 1809 1845 4557 1811 1847 4558 1812 1848 4559 1811 1847 4560 1813 1849 4561 1812 1848 4562 1811 1847 4563 1814 1850 4564 1813 1849 4565 1815 1851 4566 1813 1849 4567 1814 1850 4568 1810 1846 4569 1816 1852 4570 1811 1847 4571 1811 1847 4572 1816 1852 4573 1817 1853 4574 1811 1847 4575 1817 1853 4576 1818 1854 4577 1811 1847 4578 1818 1854 4579 1814 1850 4580 1819 1855 4581 1818 1854 4582 1817 1853 4583 1820 1856 4584 1817 1853 4585 1816 1852 4586 1817 1853 4587 1820 1856 4588 1821 1857 4589 1821 1857 4590 1822 1858 4591 1817 1853 4592 1821 1857 4593 1823 1859 4594 1822 1858 4595 1824 1860 4596 1822 1858 4597 1823 1859 4598 1821 1857 4599 1825 1861 4600 1823 1859 4601 1825 1861 4602 1821 1857 4603 1820 1856 4604 1826 1862 4605 1823 1859 4606 1825 1861 4607 1823 1859 4608 1826 1862 4609 1827 1863 4610 1828 1864 4611 1823 1859 4612 1827 1863 4613 1829 1865 4614 1823 1859 4615 1828 1864 4616 1830 1866 4617 1823 1859 4618 1829 1865 4619 1831 1867 4620 1827 1863 4621 1826 1862 4622 1827 1863 4623 1831 1867 4624 1810 1868 4625 1823 1859 4626 1830 1866 4627 1832 1869 4628 1823 1859 4629 1833 1870 4630 1824 1860 4631 1823 1859 4632 1832 1869 4633 1833 1870 4634 1830 1866 4635 1834 1871 4636 1832 1869 4637 1830 1866 4638 1835 1872 4639 1834 1871 4640 1836 1873 4641 1810 1846 4642 1809 1845 4643 1836 1873 4644 1809 1845 4645 1837 1874 4646 1809 1845 4647 1812 1848 4648 1837 1874 4649 1812 1875 4650 1838 1876 4651 1839 1877 4652 1839 1877 4653 1838 1876 4654 1840 1878 4655 1839 1877 4656 1840 1878 4657 1841 1879 4658 1842 1880 4659 1839 1877 4660 1841 1879 4661 1841 1879 4662 1840 1878 4663 1843 1881 4664 1844 1882 4665 1840 1878 4666 1838 1876 4667 1840 1878 4668 1845 1883 4669 1843 1881 4670 1846 1884 4671 1845 1883 4672 1840 1878 4673 1847 1885 4674 1845 1883 4675 1846 1884 4676 1844 1882 4677 1848 1886 4678 1840 1878 4679 1846 1884 4680 1840 1878 4681 1848 1886 4682 1848 1886 4683 1849 1887 4684 1846 1884 4685 1849 1888 4686 1850 1889 4687 1851 1890 4688 1852 1891 4689 1850 1889 4690 1849 1888 4691 1853 1892 4692 1850 1889 4693 1852 1891 4694 1854 1893 4695 1852 1891 4696 1849 1888 4697 1852 1891 4698 1854 1893 4699 1814 1850 4700 1815 1851 4701 1814 1850 4702 1854 1893 4703 1855 1894 4704 1853 1892 4705 1852 1891 4706 1852 1891 4707 1856 1895 4708 1855 1894 4709 1852 1891 4710 1857 1896 4711 1856 1895 4712 1852 1891 4713 1814 1850 4714 1857 1896 4715 1858 1897 4716 1856 1895 4717 1857 1896 4718 1859 1898 4719 1855 1894 4720 1856 1895 4721 1856 1895 4722 1860 1899 4723 1859 1898 4724 1861 1900 4725 1860 1899 4726 1856 1895 4727 1860 1899 4728 1861 1900 4729 1862 1901 4730 1863 1902 4731 1862 1901 4732 1861 1900 4733 1860 1899 4734 1862 1901 4735 1864 1903 4736 1864 1903 4737 1859 1898 4738 1860 1899 4739 1865 1904 4740 1864 1903 4741 1862 1901 4742 1862 1901 4743 1866 1905 4744 1865 1904 4745 1862 1901 4746 1867 1906 4747 1866 1905 4748 1868 1907 4749 1867 1906 4750 1862 1901 4751 1869 1908 4752 1868 1907 4753 1862 1901 4754 1870 1909 4755 1865 1904 4756 1866 1905 4757 1870 1909 4758 1866 1905 4759 1853 1910 4760 1869 1908 4761 1862 1901 4762 1871 1911 4763 1872 1912 4764 1862 1901 4765 1863 1902 4766 1871 1911 4767 1862 1901 4768 1872 1912 4769 1873 1913 4770 1869 1908 4771 1871 1911 4772 1874 1914 4773 1869 1908 4774 1873 1913 4775 1850 1889 4776 1853 1892 4777 1875 1915 4778 1850 1889 4779 1875 1915 4780 1851 1890 4781 1876 1916 4782 1814 1850 4783 1818 1854 4784 1876 1916 4785 1857 1896 4786 1814 1850 4787 1877 1917 4788 1878 1918 4789 1879 1919 4790 1880 1920 4791 1879 1919 4792 1878 1918 4793 1877 1917 4794 1879 1919 4795 1881 1921 4796 1882 1922 4797 1881 1921 4798 1879 1919 4799 1881 1921 4800 1883 1923 4801 1877 1917 4802 1884 1924 4803 1885 1925 4804 1886 1926 4805 1887 1927 4806 1886 1926 4807 1885 1925 4808 1888 1928 4809 1889 1929 4810 1890 1930 4811 1891 1931 4812 1890 1930 4813 1889 1929 4814 1892 1932 4815 1893 1933 4816 1894 1934 4817 1895 1935 4818 1894 1934 4819 1893 1933 4820 1896 1936 4821 1897 1937 4822 1898 1938 4823 1899 1939 4824 1898 1938 4825 1897 1937 4826 1900 1940 4827 1901 1941 4828 1902 1942 4829 1903 1943 4830 1902 1942 4831 1901 1941 4832 1900 1940 4833 1904 1944 4834 1901 1941 4835 1905 1945 4836 1901 1941 4837 1904 1944 4838 1906 1946 4839 1907 1947 4840 1908 1948 4841 1909 1949 4842 1908 1948 4843 1907 1947 4844 1906 1946 4845 1908 1948 4846 1910 1950 4847 1911 1951 4848 1910 1950 4849 1908 1948 4850 1912 1952 4851 1913 1953 4852 1914 1954 4853 1913 1953 4854 1912 1952 4855 1915 1955 4856 1916 1956 4857 1915 1957 4858 1917 1958 4859 1918 1959 4860 1919 1960 4861 1920 1961 4862 1921 1962 4863 1922 1963 4864 1923 1964 4865 1924 1965 4866 1923 1964 4867 1922 1963 4868 1922 1963 4869 1921 1962 4870 1925 1966 4871 1926 1967 4872 1925 1966 4873 1921 1962 4874 1927 1968 4875 1928 1969 4876 1929 1970 4877 1930 1971 4878 1929 1970 4879 1928 1969 4880 1931 1972 4881 1932 1973 4882 1933 1974 4883 1934 1975 4884 1933 1974 4885 1932 1973 4886 1932 1973 4887 1931 1972 4888 1935 1976 4889 1936 1977 4890 1935 1976 4891 1931 1972 4892 1937 1978 4893 1938 1979 4894 1939 1980 4895 1940 1981 4896 1939 1980 4897 1938 1979 4898 1941 1982 4899 1942 1983 4900 1943 1984 4901 1944 1985 4902 1943 1984 4903 1942 1983 4904 1945 1986 4905 1946 1987 4906 1947 1988 4907 1948 1989 4908 1947 1988 4909 1946 1987 4910 1949 1990 4911 1950 1991 4912 1951 1992 4913 1952 1993 4914 1951 1992 4915 1950 1991 4916 1953 1994 4917 1954 1995 4918 1955 1996 4919 1956 1997 4920 1955 1996 4921 1954 1995 4922 1957 1998 4923 1958 1999 4924 1959 2000 4925 1960 2001 4926 1959 2000 4927 1958 1999 4928 1961 2002 4929 1962 2003 4930 1963 2004 4931 1964 2005 4932 1963 2004 4933 1962 2003 4934 1965 2006 4935 1966 2007 4936 1967 2008 4937 1968 2009 4938 1967 2008 4939 1966 2007 4940 1969 2010 4941 1970 2011 4942 1971 2012 4943 1972 2013 4944 1971 2012 4945 1970 2011 4946 1973 2014 4947 1974 2015 4948 1975 2016 4949 1976 2017 4950 1975 2016 4951 1974 2015 4952 1977 2018 4953 1978 2019 4954 1979 2020 4955 1980 2021 4956 1979 2020 4957 1978 2019 4958 1981 2022 4959 1982 2023 4960 1983 2024 4961 1984 2025 4962 1983 2024 4963 1982 2023 4964 1984 2025 4965 1982 2023 4966 1985 2026 4967 1986 2027 4968 1985 2026 4969 1982 2023 4970 1987 2028 4971 1988 2029 4972 1989 2030 4973 1990 2031 4974 1989 2030 4975 1988 2029 4976 1987 2028 4977 1991 2032 4978 1988 2029 4979 1992 2033 4980 1988 2029 4981 1991 2032 4982 1990 2031 4983 1993 2034 4984 1989 2030 4985 1994 2035 4986 1989 2030 4987 1993 2034 4988 1994 2035 4989 1993 2034 4990 1995 2036 4991 1996 2037 4992 1995 2036 4993 1993 2034 4994 1997 2038 4995 1998 2039 4996 1999 2040 4997 2000 2041 4998 1999 2040 4999 1998 2039 5000 1999 2040 5001 2000 2041 5002 2001 2042 5003 2002 2043 5004 2001 2042 5005 2000 2041 5006 2000 2041 5007 1998 2039 5008 2003 2044 5009 2004 2045 5010 2003 2044 5011 1998 2039 5012 2002 2043 5013 2000 2041 5014 2005 2046 5015 2003 2044 5016 2005 2046 5017 2000 2041 5018 2006 2047 5019 2007 2048 5020 2008 2049 5021 2009 2050 5022 2008 2049 5023 2007 2048 5024 2009 2050 5025 2010 2051 5026 2008 2049 5027 2011 2052 5028 2008 2049 5029 2010 2051 5030 2012 2053 5031 2013 2054 5032 2014 2055 5033 2015 2056 5034 2014 2055 5035 2013 2054 5036 2015 2056 5037 2013 2054 5038 2016 2057 5039 2017 2058 5040 2016 2057 5041 2013 2054 5042 2012 2053 5043 2014 2055 5044 2018 2059 5045 2019 2060 5046 2018 2059 5047 2014 2055 5048 2019 2060 5049 2020 2061 5050 2018 2059 5051 2021 2062 5052 2018 2059 5053 2020 2061 5054 2022 2063 5055 2023 2064 5056 2024 2065 5057 2022 2063 5058 2024 2065 5059 2025 2066 5060 2026 2067 5061 2025 2066 5062 2024 2065 5063 2025 2066 5064 2026 2067 5065 2027 2068 5066 2028 2069 5067 2027 2068 5068 2026 2067 5069 2026 2067 5070 2029 2070 5071 2028 2069 5072 2029 2070 5073 2026 2067 5074 2030 2071 5075 2030 2071 5076 2031 2072 5077 2029 2070 5078 2032 2073 5079 2029 2070 5080 2031 2072 5081 2023 2064 5082 2033 2074 5083 2024 2065 5084 2023 2064 5085 2034 2075 5086 2033 2074 5087 2023 2064 5088 2035 2076 5089 2034 2075 5090 2036 2077 5091 2034 2075 5092 2035 2076 5093 2037 2078 5094 2038 2079 5095 2039 2080 5096 2040 2081 5097 2039 2080 5098 2038 2079 5099 2037 2078 5100 2039 2080 5101 2041 2082 5102 2048 2083 5103 2041 2082 5104 2039 2080 5105 2038 2079 5106 2042 2084 5107 2040 2081 5108 2043 2085 5109 2040 2081 5110 2042 2084 5111 2042 2084 5112 2044 2086 5113 2043 2085 5114 2052 2087 5115 2043 2085 5116 2044 2086 5117 2053 2088 5118 2045 2089 5119 2054 2090 5120 2046 2091 5121 2054 2090 5122 2045 2089 5123 2046 2091 5124 2047 2092 5125 2054 2090 5126 2048 2083 5127 2054 2090 5128 2047 2092 5129 2045 2089 5130 2053 2088 5131 2049 2093 5132 2050 2094 5133 2049 2093 5134 2053 2088 5135 2049 2093 5136 2050 2094 5137 2051 2095 5138 2052 2087 5139 2051 2095 5140 2050 2094 5141 2052 2087 5142 2053 2088 5143 2048 2083 5144 2055 2096 5145 2056 2097 5146 2057 2098 5147 2058 2099 5148 2057 2098 5149 2056 2097 5150 2059 2100 5151 2060 2101 5152 2061 2102 5153 2062 2103 5154 2061 2102 5155 2060 2101 5156 2063 2104 5157 2064 2105 5158 2065 2106 5159 2066 2107 5160 2065 2106 5161 2064 2105 5162 2067 2108 5163 2068 2109 5164 2069 2110 5165 2070 2111 5166 2069 2110 5167 2068 2109 5168 2070 2111 5169 2068 2109 5170 2071 2112 5171 2072 2113 5172 2071 2112 5173 2068 2109 5174 2070 2111 5175 2073 2114 5176 2069 2110 5177 2067 2108 5178 2069 2110 5179 2074 2115 5180 2075 2116 5181 2074 2115 5182 2069 2110 5183 2076 2117 5184 2069 2118 5185 2077 2119 5186 2076 2120 5187 2073 2121 5188 2078 2122 5189 2079 2123 5190 2078 2122 5191 2073 2121 5192 2073 2121 5193 2080 2124 5194 2079 2123 5195 2081 2125 5196 2079 2123 5197 2080 2124 5198 2080 2124 5199 2082 2126 5200 2081 2125 5201 2083 2127 5202 2081 2125 5203 2082 2126 5204 2078 2122 5205 2084 2128 5206 2076 2120 5207 2082 2126 5208 2084 2128 5209 2083 2127 5210 2078 2122 5211 2083 2127 5212 2084 2128 5213 2085 2129 5214 2086 2130 5215 2087 2131 5216 2088 2132 5217 2087 2131 5218 2086 2130 5219 2089 2133 5220 2090 2134 5221 2091 2135 5222 2092 2136 5223 2091 2135 5224 2090 2134 5225 2093 2137 5226 2094 2138 5227 2095 2139 5228 2096 2140 5229 2095 2139 5230 2094 2138 5231 2094 2138 5232 2093 2137 5233 2097 2141 5234 2094 2138 5235 2098 2142 5236 2096 2140 5237 2099 2143 5238 2096 2140 5239 2098 2142 5240 2094 2138 5241 2100 2144 5242 2098 2142 5243 2101 2145 5244 2098 2142 5245 2100 2144 5246 2100 2144 5247 2094 2138 5248 2102 2146 5249 2103 2147 5250 2102 2146 5251 2094 2138 5252 2097 2141 5253 2103 2147 5254 2094 2138 5255 2096 2140 5256 2099 2143 5257 2104 2148 5258 2105 2149 5259 2104 2148 5260 2099 2143 5261 2106 2150 5262 2095 2139 5263 2096 2140 5264 2107 2151 5265 2106 2150 5266 2096 2140 5267 2108 2152 5268 2107 2151 5269 2096 2140 5270 2104 2148 5271 2108 2152 5272 2096 2140 5273 2102 2146 5274 2109 2153 5275 2100 2144 5276 2110 2154 5277 2100 2144 5278 2109 2153 5279 2111 2155 5280 2112 2156 5281 2113 2157 5282 2114 2158 5283 2113 2157 5284 2112 2156 5285 2115 2159 5286 2116 2160 5287 2117 2161 5288 2118 2162 5289 2117 2161 5290 2116 2160 5291 2119 2163 5292 2120 2164 5293 2121 2165 5294 2122 2166 5295 2121 2165 5296 2120 2164 5297 2123 2167 5298 2124 2168 5299 2125 2169 5300 2126 2170 5301 2125 2169 5302 2124 2168 5303 2127 2171 5304 2128 2172 5305 2129 2173 5306 2130 2174 5307 2129 2173 5308 2128 2172 5309 2128 2172 5310 2127 2171 5311 2131 2175 5312 2132 2176 5313 2131 2175 5314 2127 2171 5315 2129 2173 5316 2130 2174 5317 2133 2177 5318 2133 2177 5319 2134 2178 5320 2129 2173 5321 2135 2179 5322 2133 2177 5323 2130 2174 5324 2136 2180 5325 2137 2181 5326 2138 2182 5327 2139 2183 5328 2138 2182 5329 2137 2181 5330 2137 2181 5331 2136 2180 5332 2140 2184 5333 2141 2185 5334 2140 2184 5335 2136 2180 5336 2141 2185 5337 2142 2186 5338 2140 2184 5339 2143 2187 5340 2140 2184 5341 2142 2186 5342 2138 2182 5343 2139 2183 5344 2144 2188 5345 2145 2189 5346 2144 2188 5347 2139 2183 5348 2146 2190 5349 2147 2191 5350 2148 2192 5351 2149 2193 5352 2148 2192 5353 2147 2191 5354 2147 2191 5355 2146 2190 5356 2150 2194 5357 2151 2195 5358 2150 2194 5359 2146 2190 5360 2149 2193 5361 2152 2196 5362 2148 2192 5363 2152 2196 5364 2149 2193 5365 2153 2197 5366 2154 2198 5367 2148 2192 5368 2152 2196 5369 2155 678 5370 2156 678 5371 2157 677 5372 2158 679 5373 2157 677 5374 2156 678 5375 2159 2199 5376 2160 2200 5377 2161 2201 5378 2162 2202 5379 2161 2201 5380 2160 2200 5381 2163 2203 5382 2164 2204 5383 2165 2205 5384 2166 2206 5385 2165 2205 5386 2164 2204 5387 2167 2207 5388 2168 2208 5389 2169 2209 5390 2170 2210 5391 2169 2209 5392 2168 2208 5393 2171 2211 5394 2172 2212 5395 2173 2213 5396 2174 2214 5397 2173 2213 5398 2172 2212 5399 2175 2215 5400 2176 2216 5401 2177 2217 5402 2178 2218 5403 2177 2217 5404 2176 2216 5405 2179 2219 5406 2180 2220 5407 2181 2221 5408 2182 2222 5409 2181 2221 5410 2180 2220 5411 2183 2223 5412 2184 2224 5413 2185 2225 5414 2186 2226 5415 2185 2225 5416 2184 2224 5417 2187 2227 5418 2188 2228 5419 2189 2229 5420 2190 2230 5421 2189 2229 5422 2188 2228 5423 2191 2231 5424 2192 2232 5425 2193 2233 5426 2194 2234 5427 2193 2233 5428 2192 2232 5429 2195 2235 5430 2196 2236 5431 2197 2237 5432 2198 2238 5433 2197 2237 5434 2196 2236 5435 2199 2239 5436 2200 2240 5437 2201 2241 5438 2202 2242 5439 2201 2241 5440 2200 2240 5441 2200 2240 5442 2203 2243 5443 2202 2242 5444 2204 2244 5445 2202 2242 5446 2203 2243 5447 2204 2244 5448 2203 2243 5449 2205 2245 5450 2206 2246 5451 2205 2245 5452 2203 2243 5453 2207 2247 5454 2208 2248 5455 2209 2249 5456 2210 2250 5457 2209 2249 5458 2208 2248 5459 2208 2248 5460 2211 2251 5461 2210 2250 5462 2212 2252 5463 2210 2250 5464 2211 2251 5465 2211 2251 5466 2213 2253 5467 2212 2252 5468 2214 2254 5469 2212 2252 5470 2213 2253 5471 2209 2249 5472 2215 2255 5473 2207 2247 5474 2209 2249 5475 2216 2256 5476 2215 2255 5477 2217 2257 5478 2215 2255 5479 2216 2256 5480 2218 2258 5481 2219 2259 5482 2220 2260 5483 2221 2261 5484 2220 2260 5485 2219 2259 5486 2222 2262 5487 2223 2263 5488 2224 2264 5489 2225 2265 5490 2224 2264 5491 2223 2263 5492 2226 2266 5493 2227 2267 5494 2228 2268 5495 2229 2269 5496 2228 2268 5497 2227 2267 5498 2228 2268 5499 2230 2270 5500 2226 2266 5501 2231 2271 5502 2226 2266 5503 2230 2270 5504 2232 2272 5505 2233 2273 5506 2234 2274 5507 2235 2275 5508 2234 2274 5509 2233 2273 5510 2233 2273 5511 2236 2276 5512 2235 2275 5513 2237 2277 5514 2235 2275 5515 2236 2276 5516 2238 2278 5517 2239 2279 5518 2240 2280 5519 2241 2281 5520 2240 2280 5521 2239 2279 5522 2239 2279 5523 2242 2282 5524 2241 2281 5525 2243 2283 5526 2241 2281 5527 2242 2282 5528 2244 2284 5529 2238 2278 5530 2240 2280 5531 2244 2284 5532 2240 2280 5533 2245 2285 5534 2246 2286 5535 2245 2285 5536 2240 2280 5537 2247 2287 5538 2245 2285 5539 2246 2286 5540 2247 2287 5541 2246 2286 5542 2248 2288 5543 2247 2287 5544 2248 2288 5545 2249 2289 5546 2250 2290 5547 2249 2289 5548 2248 2288 5549 2250 2290 5550 2251 2291 5551 2249 2289 5552 2251 2291 5553 2252 2292 5554 2249 2289 5555 2253 2293 5556 2249 2289 5557 2252 2292 5558 2254 2294 5559 2255 2295 5560 2256 2296 5561 2257 2297 5562 2256 2296 5563 2255 2295 5564 2254 2294 5565 2256 2296 5566 2258 2298 5567 2259 2299 5568 2258 2298 5569 2256 2296 5570 2260 2300 5571 2261 2301 5572 2262 2302 5573 2263 2303 5574 2262 2302 5575 2261 2301 5576 2260 2300 5577 2262 2302 5578 2264 2304 5579 2265 2305 5580 2264 2304 5581 2262 2302 5582 2266 2306 5583 2267 2307 5584 2268 2308 5585 2269 2309 5586 2268 2308 5587 2267 2307 5588 2270 2310 5589 2271 2311 5590 2272 2312 5591 2273 2313 5592 2272 2312 5593 2271 2311 5594 2274 2314 5595 2275 2315 5596 2276 2316 5597 2277 2317 5598 2276 2316 5599 2275 2315 5600 2277 2317 5601 2275 2315 5602 2278 2318 5603 2279 2319 5604 2278 2318 5605 2275 2315 5606 2279 2319 5607 2280 2320 5608 2278 2318 5609 2281 2321 5610 2278 2318 5611 2280 2320 5612 2276 2316 5613 2282 2322 5614 2274 2314 5615 2283 2323 5616 2274 2314 5617 2282 2322 5618 2284 2324 5619 2285 2325 5620 2286 2326 5621 2287 2327 5622 2286 2326 5623 2285 2325 5624 2286 2326 5625 2288 2328 5626 2284 2324 5627 2289 2329 5628 2284 2324 5629 2288 2328 5630 2290 2330 5631 2291 2331 5632 2292 2332 5633 2293 2333 5634 2292 2332 5635 2291 2331 5636 2290 2330 5637 2292 2332 5638 2294 2334 5639 2295 2335 5640 2294 2334 5641 2292 2332 5642 2295 2335 5643 2296 2336 5644 2294 2334 5645 2297 2337 5646 2294 2334 5647 2296 2336 5648 2293 2333 5649 2291 2331 5650 2298 2338 5651 2299 2339 5652 2298 2338 5653 2291 2331 5654 2290 2330 5655 2300 2340 5656 2291 2331 5657 2301 2341 5658 2291 2331 5659 2300 2340 5660 2291 2331 5661 2301 2341 5662 2299 2339 5663 2297 2337 5664 2302 2342 5665 2294 2334 5666 2303 2343 5667 2294 2334 5668 2302 2342 5669 2294 2334 5670 2303 2343 5671 2290 2330 5672 2300 2340 5673 2290 2330 5674 2303 2343 5675 2304 2344 5676 2299 2339 5677 2301 2341 5678 2305 2345 5679 2306 2346 5680 2307 2347 5681 2308 2348 5682 2307 2347 5683 2306 2346 5684 2308 2348 5685 2309 2349 5686 2307 2347 5687 2310 2350 5688 2307 2347 5689 2309 2349 5690 2311 2351 5691 2309 2349 5692 2308 2348 5693 2312 2352 5694 2313 2353 5695 2314 2354 5696 2315 2355 5697 2314 2354 5698 2313 2353 5699 2316 2356 5700 2317 2357 5701 2318 2358 5702 2319 2359 5703 2318 2358 5704 2317 2357 5705 2320 2360 5706 2321 2361 5707 2322 2362 5708 2323 2363 5709 2322 2362 5710 2321 2361 5711 2324 2364 5712 2325 2365 5713 2326 2366 5714 2327 2367 5715 2326 2366 5716 2325 2365 5717 2328 2368 5718 2329 2369 5719 2330 2370 5720 2331 2371 5721 2330 2370 5722 2329 2369 5723 2331 2371 5724 2329 2369 5725 2332 2372 5726 2333 2373 5727 2332 2372 5728 2329 2369 5729 2334 2374 5730 2335 2375 5731 2336 2376 5732 2337 2377 5733 2338 2378 5734 2339 2379 5735 2339 2379 5736 2340 2380 5737 2337 2377 5738 2341 2381 5739 2337 2377 5740 2340 2380 5741 2342 2382 5742 2343 2383 5743 2344 2384 5744 2345 2385 5745 2344 2384 5746 2343 2383 5747 2343 2383 5748 2346 2386 5749 2345 2385 5750 2347 2387 5751 2345 2385 5752 2346 2386 5753 2348 2388 5754 2349 2389 5755 2350 2390 5756 2351 2391 5757 2350 2390 5758 2349 2389 5759 2352 2392 5760 2353 2393 5761 2354 2394 5762 2355 2395 5763 2354 2394 5764 2353 2393 5765 2353 2393 5766 2356 2396 5767 2355 2395 5768 2357 2397 5769 2355 2395 5770 2356 2396 5771 2358 2398 5772 2359 2399 5773 2360 2400 5774 2361 2401 5775 2360 2400 5776 2359 2399 5777 2362 2402 5778 2363 2403 5779 2364 2404 5780 2365 2405 5781 2364 2404 5782 2363 2403 5783 2366 2406 5784 2367 2407 5785 2368 2408 5786 2369 2409 5787 2368 2408 5788 2367 2407 5789 2370 2410 5790 2371 2411 5791 2372 2412 5792 2373 2413 5793 2372 2412 5794 2371 2411 5795 2374 2414 5796 2375 2415 5797 2376 2416 5798 2377 2417 5799 2376 2416 5800 2375 2415 5801 2378 2418 5802 2379 2419 5803 2380 2420 5804 2381 2421 5805 2380 2420 5806 2379 2419 5807 2382 2422 5808 2383 2423 5809 2384 2424 5810 2385 2425 5811 2384 2424 5812 2383 2423 5813 2386 2426 5814 2387 2427 5815 2388 2428 5816 2389 2429 5817 2388 2428 5818 2387 2427 5819 2390 2430 5820 2391 2431 5821 2392 2432 5822 2393 2433 5823 2392 2432 5824 2391 2431 5825 2394 2434 5826 2395 2435 5827 2396 2436 5828 2397 2437 5829 2396 2436 5830 2395 2435 5831 2398 2438 5832 2399 2439 5833 2400 2440 5834 2401 2441 5835 2400 2440 5836 2399 2439 5837 2402 2442 5838 2403 2443 5839 2404 2444 5840 2405 2445 5841 2403 2443 5842 2402 2442 5843 2403 2443 5844 2405 2445 5845 2406 2446 5846 2407 2447 5847 2406 2446 5848 2405 2445 5849 2403 2443 5850 2408 2448 5851 2404 2444 5852 2408 2448 5853 2409 2449 5854 2404 2444 5855 2410 2450 5856 2404 2444 5857 2409 2449 5858 2409 2449 5859 2411 2451 5860 2410 2450 5861 2412 2452 5862 2410 2450 5863 2411 2451 5864 2412 2452 5865 2413 2453 5866 2410 2450 5867 2410 2450 5868 2413 2453 5869 2414 2454 5870 2414 2454 5871 2413 2453 5872 2415 2455 5873 2416 2456 5874 2415 2455 5875 2413 2453 5876 2417 2457 5877 2418 2458 5878 2419 2459 5879 2420 2460 5880 2419 2459 5881 2418 2458 5882 2421 2461 5883 2422 2462 5884 2423 2463 5885 2424 2464 5886 2423 2463 5887 2422 2462 5888 2425 2465 5889 2426 2466 5890 2427 2467 5891 2428 2468 5892 2427 2467 5893 2426 2466 5894 2429 2469 5895 2430 2470 5896 2431 2471 5897 2432 2472 5898 2431 2471 5899 2430 2470 5900 2429 2469 5901 2433 2473 5902 2430 2470 5903 2434 2474 5904 2430 2470 5905 2433 2473 5906 2429 2469 5907 2431 2471 5908 2435 2475 5909 2436 2476 5910 2435 2475 5911 2431 2471 5912 2436 2476 5913 2437 2477 5914 2435 2475 5915 2438 2478 5916 2435 2475 5917 2437 2477 5918 2435 2475 5919 2438 2478 5920 2439 2479 5921 2440 2480 5922 2439 2479 5923 2438 2478 5924 2439 2479 5925 2440 2480 5926 2441 2481 5927 2442 2482 5928 2441 2481 5929 2440 2480 5930 2443 2483 5931 2437 2477 5932 2436 2476 5933 2437 2477 5934 2443 2483 5935 2442 2482 5936 2441 2481 5937 2442 2482 5938 2443 2483 5939 2432 2472 5940 2444 2484 5941 2431 2471 5942 2445 2485 5943 2431 2471 5944 2444 2484 5945 2446 2486 5946 2447 2487 5947 2448 2488 5948 2449 2489 5949 2448 2488 5950 2447 2487 5951 2450 2490 5952 2451 2491 5953 2452 2492 5954 2453 2493 5955 2452 2492 5956 2451 2491 5957 2454 2494 5958 2455 2495 5959 2456 2496 5960 2457 2497 5961 2456 2496 5962 2455 2495 5963 2457 2497 5964 2455 2495 5965 2458 2498 5966 2455 2495 5967 2454 2494 5968 2459 2499 5969 2460 2500 5970 2459 2499 5971 2454 2494 5972 2455 2495 5973 2459 2499 5974 2461 2501 5975 2462 2502 5976 2461 2501 5977 2459 2499 5978 2461 2501 5979 2463 2503 5980 2455 2495 5981 2464 2504 5982 2455 2495 5983 2463 2503 5984 2464 2504 5985 2458 2498 5986 2455 2495 5987 2454 2494 5988 2465 2505 5989 2460 2500 5990 2466 2506 5991 2460 2500 5992 2465 2505 5993 2456 2496 5994 2467 2507 5995 2454 2494 5996 2467 2507 5997 2468 2508 5998 2454 2494 5999 2468 2508 6000 2469 2509 6001 2454 2494 6002 2469 2509 6003 2465 2505 6004 2454 2494 6005 2463 2503 6006 2461 2501 6007 2470 2510 6008 2471 2511 6009 2470 2510 6010 2461 2501 6011 2472 2512 6012 2473 2513 6013 2474 2514 6014 2475 2515 6015 2474 2514 6016 2473 2513 6017 2476 2516 6018 2477 2517 6019 2478 2518 6020 2479 2519 6021 2478 2518 6022 2477 2517 6023 2480 2520 6024 2481 2521 6025 2482 2522 6026 2483 2523 6027 2482 2522 6028 2481 2521 6029 2484 2524 6030 2485 2525 6031 2486 2526 6032 2487 2527 6033 2486 2526 6034 2485 2525 6035 2488 2528 6036 2489 2529 6037 2490 2530 6038 2491 2531 6039 2490 2530 6040 2489 2529 6041 2490 2530 6042 2492 2532 6043 2488 2528 6044 2493 2533 6045 2488 2528 6046 2492 2532 6047 2489 2529 6048 2494 2534 6049 2491 2531 6050 2495 2535 6051 2494 2534 6052 2489 2529 6053 2496 2536 6054 2491 2531 6055 2494 2534 6056 2497 2537 6057 2498 2538 6058 2499 2539 6059 2500 2540 6060 2499 2539 6061 2498 2538 6062 2498 2538 6063 2501 2541 6064 2500 2540 6065 2502 2542 6066 2500 2540 6067 2501 2541 6068 2502 2542 6069 2501 2541 6070 2503 2543 6071 2504 2544 6072 2503 2543 6073 2501 2541 6074 2504 2544 6075 2501 2541 6076 2505 2545 6077 2506 2546 6078 2505 2545 6079 2501 2541 6080 2499 2539 6081 2507 2547 6082 2497 2537 6083 2508 2548 6084 2497 2537 6085 2507 2547 6086 2509 2549 6087 2510 2550 6088 2511 2551 6089 2512 2552 6090 2511 2551 6091 2510 2550 6092 2510 2550 6093 2513 2553 6094 2512 2552 6095 2514 2554 6096 2512 2552 6097 2513 2553 6098 2509 2549 6099 2511 2551 6100 2515 2555 6101 2509 2549 6102 2515 2555 6103 2516 2556 6104 2517 2557 6105 2515 2555 6106 2511 2551 6107 2518 678 6108 2519 678 6109 2520 677 6110 2521 2558 6111 2520 677 6112 2519 678 6113 2522 2559 6114 2523 2560 6115 2524 2561 6116 2525 2562 6117 2524 2561 6118 2523 2560 6119 2526 2563 6120 2527 2564 6121 2528 2565 6122 2529 2566 6123 2528 2565 6124 2527 2564 6125 2530 2567 6126 2531 2568 6127 2532 2569 6128 2533 2570 6129 2532 2569 6130 2531 2568 6131 2534 2571 6132 2535 2572 6133 2536 2573 6134 2537 2574 6135 2536 2573 6136 2535 2572 6137 2538 2575 6138 2539 2576 6139 2540 2577 6140 2541 2578 6141 2540 2577 6142 2539 2576 6143 2542 2579 6144 2543 2580 6145 2544 2581 6146 2545 2582 6147 2544 2581 6148 2543 2580 6149 2546 2583 6150 2547 2584 6151 2548 2585 6152 2549 2586 6153 2548 2585 6154 2547 2584 6155 2550 2587 6156 2551 2588 6157 2552 2589 6158 2553 2590 6159 2552 2589 6160 2551 2588 6161 2554 2591 6162 2555 2592 6163 2556 2593 6164 2557 2594 6165 2556 2593 6166 2555 2592 6167 2558 2595 6168 2559 2596 6169 2560 2597 6170 2561 2598 6171 2560 2597 6172 2559 2596 6173 2559 2596 6174 2558 2595 6175 2562 2599 6176 2563 2600 6177 2562 2599 6178 2558 2595 6179 2563 2600 6180 2564 2601 6181 2562 2599 6182 2565 2602 6183 2562 2599 6184 2564 2601 6185 2566 2603 6186 2567 2604 6187 2568 2605 6188 2569 2606 6189 2568 2605 6190 2567 2604 6191 2567 2604 6192 2566 2603 6193 2570 2607 6194 2571 2608 6195 2570 2607 6196 2566 2603 6197 2570 2607 6198 2571 2608 6199 2572 2609 6200 2573 2610 6201 2572 2609 6202 2571 2608 6203 2574 2611 6204 2568 2605 6205 2569 2606 6206 2568 2605 6207 2574 2611 6208 2575 2612 6209 2576 2613 6210 2575 2612 6211 2574 2611 6212 2577 2614 6213 2578 2615 6214 2579 2616 6215 2580 2617 6216 2579 2616 6217 2578 2615 6218 2581 2618 6219 2582 2619 6220 2583 2620 6221 2584 2621 6222 2583 2620 6223 2582 2619 6224 2585 2622 6225 2586 2623 6226 2587 2624 6227 2588 2625 6228 2587 2624 6229 2586 2623 6230 2587 2624 6231 2588 2625 6232 2589 2626 6233 2590 2627 6234 2589 2626 6235 2588 2625 6236 2591 2628 6237 2592 2629 6238 2593 2630 6239 2594 2631 6240 2593 2630 6241 2592 2629 6242 2592 2629 6243 2591 2628 6244 2595 2632 6245 2596 2633 6246 2595 2632 6247 2591 2628 6248 2597 2634 6249 2598 2635 6250 2599 2636 6251 2600 2637 6252 2599 2636 6253 2598 2635 6254 2598 2635 6255 2597 2634 6256 2601 2638 6257 2602 2639 6258 2601 2638 6259 2597 2634 6260 2600 2637 6261 2603 2640 6262 2599 2636 6263 2603 2640 6264 2604 2641 6265 2599 2636 6266 2605 2642 6267 2599 2636 6268 2604 2641 6269 2604 2641 6270 2606 2643 6271 2605 2642 6272 2605 2642 6273 2606 2643 6274 2607 2644 6275 2606 2643 6276 2608 2645 6277 2607 2644 6278 2609 2646 6279 2607 2644 6280 2608 2645 6281 2610 2647 6282 2609 2646 6283 2608 2645 6284 2610 2647 6285 2608 2645 6286 2611 2648 6287 2612 2649 6288 2611 2648 6289 2608 2645 6290 2613 2650 6291 2614 2651 6292 2615 2652 6293 2616 2653 6294 2615 2652 6295 2614 2651 6296 2616 2653 6297 2617 2654 6298 2615 2652 6299 2618 2655 6300 2615 2652 6301 2617 2654 6302 2619 2656 6303 2620 2657 6304 2621 2658 6305 2622 2659 6306 2621 2658 6307 2620 2657 6308 2622 2659 6309 2623 2660 6310 2621 2658 6311 2624 2661 6312 2621 2658 6313 2623 2660 6314 2625 2662 6315 2626 2663 6316 2627 2664 6317 2628 2665 6318 2627 2664 6319 2626 2663 6320 2629 2666 6321 2630 2667 6322 2631 2668 6323 2631 2668 6324 2630 2667 6325 2632 2669 6326 2632 2669 6327 2630 2667 6328 2633 2670 6329 2633 2670 6330 2630 2667 6331 2634 2671 6332 2630 2667 6333 2635 2672 6334 2634 2671 6335 2635 2672 6336 2636 2673 6337 2634 2671 6338 2637 2674 6339 2638 2675 6340 2635 2676 6341 2639 2677 6342 2635 2676 6343 2638 2675 6344 2638 2675 6345 2640 2678 6346 2639 2677 6347 2641 2679 6348 2629 2680 6349 2642 2681 6350 2643 2682 6351 2641 2679 6352 2642 2681 6353 2641 2683 6354 2644 2684 6355 2645 2685 6356 2646 2686 6357 2645 2685 6358 2644 2684 6359 2646 2686 6360 2644 2684 6361 2647 2687 6362 2648 2688 6363 2649 2689 6364 2650 2690 6365 2650 2690 6366 2649 2689 6367 2651 2691 6368 2651 2691 6369 2649 2689 6370 2652 2692 6371 2652 2692 6372 2649 2689 6373 2653 2693 6374 2654 2694 6375 2648 2688 6376 2650 2690 6377 2655 2695 6378 2654 2694 6379 2650 2690 6380 2654 2696 6381 2656 2697 6382 2657 2698 6383 2658 2699 6384 2657 2698 6385 2656 2697 6386 2658 2699 6387 2656 2697 6388 2659 2700 6389 2660 2701 6390 2661 2702 6391 2662 2703 6392 2663 2704 6393 2664 2705 6394 2665 2706 6395 2666 2707 6396 2667 2708 6397 2668 2709 6398 2669 2710 6399 2670 2711 6400 2671 2712 6401 2670 2711 6402 2672 2713 6403 2671 2712 6404 2673 2714 6405 2672 2713 6406 2670 2711 6407 2674 2715 6408 2672 2713 6409 2673 2714 6410 2675 2716 6411 2672 2713 6412 2674 2715 6413 2672 2713 6414 2676 2717 6415 2671 2712 6416 2677 2718 6417 2678 2719 6418 2679 2720 6419 2680 2721 6420 2681 2722 6421 2682 2723 6422 2683 2724 6423 2684 2725 6424 2685 2726 6425 2684 2725 6426 2686 2727 6427 2685 2726 6428 2687 2728 6429 2686 2727 6430 2684 2725 6431 2688 2729 6432 2687 2728 6433 2684 2725 6434 2689 2730 6435 2688 2729 6436 2684 2725 6437 2690 2731 6438 2687 2728 6439 2688 2729 6440 2691 2732 6441 2692 2733 6442 2693 2734 6443 2694 2735 6444 2695 2736 6445 2696 2737 6446 2697 2738 6447 2698 2739 6448 2699 2740 6449 2700 2741 6450 2701 2742 6451 2702 2743 6452 2703 2744 6453 2702 2743 6454 2701 2742 6455 2701 2742 6456 2704 2745 6457 2703 2744 6458 2705 2746 6459 2703 2744 6460 2704 2745 6461 2704 2745 6462 2706 2747 6463 2705 2746 6464 2707 2748 6465 2705 2746 6466 2706 2747 6467 2706 2747 6468 2708 2749 6469 2707 2748 6470 2709 2750 6471 2707 2748 6472 2708 2749 6473 2708 2749 6474 2710 2751 6475 2709 2750 6476 2711 2752 6477 2709 2750 6478 2710 2751 6479 2710 2751 6480 2712 2753 6481 2711 2752 6482 2713 2754 6483 2711 2752 6484 2712 2753 6485 2713 2754 6486 2712 2753 6487 2714 2755 6488 2702 2743 6489 2714 2755 6490 2700 2741 6491 2715 2756 6492 2714 2755 6493 2712 2753 6494 2715 2756 6495 2700 2741 6496 2714 2755 6497 2716 2757 6498 2717 2758 6499 2718 2759 6500 2719 2760 6501 2718 2759 6502 2717 2758 6503 2717 2758 6504 2720 2761 6505 2719 2760 6506 2721 2762 6507 2719 2760 6508 2720 2761 6509 2721 2762 6510 2720 2761 6511 2722 2763 6512 2723 2764 6513 2722 2763 6514 2720 2761 6515 2723 2764 6516 2724 2765 6517 2722 2763 6518 2725 2766 6519 2722 2763 6520 2724 2765 6521 2724 2765 6522 2726 2767 6523 2725 2766 6524 2727 2768 6525 2725 2766 6526 2726 2767 6527 2726 2767 6528 2728 2769 6529 2727 2768 6530 2729 2770 6531 2727 2768 6532 2728 2769 6533 2728 2769 6534 2730 2771 6535 2729 2770 6536 2731 2772 6537 2729 2770 6538 2730 2771 6539 2730 2771 6540 2716 2757 6541 2731 2772 6542 2718 2759 6543 2731 2772 6544 2716 2757 6545 2732 2773 6546 2733 2774 6547 2734 2775 6548 2735 2776 6549 2734 2775 6550 2733 2774 6551 2734 2775 6552 2736 2777 6553 2732 2773 6554 2737 2778 6555 2732 2773 6556 2736 2777 6557 2736 2777 6558 2738 2779 6559 2737 2778 6560 2739 2780 6561 2737 2778 6562 2738 2779 6563 2738 2779 6564 2740 2781 6565 2739 2780 6566 2741 2782 6567 2739 2780 6568 2740 2781 6569 2740 2781 6570 2742 2783 6571 2741 2782 6572 2743 2784 6573 2741 2782 6574 2742 2783 6575 2744 2785 6576 2745 2786 6577 2746 2787 6578 2747 2788 6579 2746 2787 6580 2745 2786 6581 2745 2786 6582 2748 2789 6583 2747 2788 6584 2749 2790 6585 2747 2788 6586 2748 2789 6587 2748 2789 6588 2750 2791 6589 2749 2790 6590 2751 2792 6591 2749 2790 6592 2750 2791 6593 2752 2793 6594 2753 2794 6595 2754 2795 6596 2755 2796 6597 2754 2795 6598 2753 2794 6599 2753 2794 6600 2756 2797 6601 2755 2796 6602 2757 2798 6603 2755 2796 6604 2756 2797 6605 2756 2797 6606 2758 2799 6607 2757 2798 6608 2759 2800 6609 2757 2798 6610 2758 2799 6611 2758 2799 6612 2760 2801 6613 2759 2800 6614 2761 2802 6615 2759 2800 6616 2760 2801 6617 2760 2801 6618 2762 2803 6619 2761 2802 6620 2763 2804 6621 2761 2802 6622 2762 2803 6623 2764 2805 6624 2765 2806 6625 2766 2807 6626 2767 2808 6627 2766 2807 6628 2765 2806 6629 2765 2806 6630 2768 2809 6631 2767 2808 6632 2769 2810 6633 2767 2808 6634 2768 2809 6635 2768 2809 6636 2770 2811 6637 2769 2810 6638 2771 2812 6639 2769 2810 6640 2770 2811 6641 2772 2813 6642 2773 2814 6643 2774 2815 6644 2775 2816 6645 2774 2815 6646 2773 2814 6647 2774 2815 6648 2776 2817 6649 2772 2813 6650 2777 2818 6651 2772 2813 6652 2776 2817 6653 2772 2813 6654 2778 2819 6655 2773 2814 6656 2772 2813 6657 2777 2818 6658 2778 2819 6659 2779 2820 6660 2773 2814 6661 2778 2819 6662 2778 2819 6663 2780 2821 6664 2779 2820 6665 2781 2822 6666 2779 2820 6667 2780 2821 6668 2782 2823 6669 2778 2819 6670 2777 2818 6671 2778 2819 6672 2782 2823 6673 2780 2821 6674 2783 2824 6675 2780 2821 6676 2782 2823 6677 2781 2822 6678 2780 2821 6679 2784 2825 6680 2780 2821 6681 2783 2824 6682 2784 2825 6683 2785 2826 6684 2781 2822 6685 2784 2825 6686 2786 2827 6687 2781 2822 6688 2785 2826 6689 2783 2824 6690 2787 2828 6691 2784 2825 6692 2784 2825 6693 2787 2828 6694 2788 2829 6695 2789 2830 6696 2790 2831 6697 2791 2832 6698 2791 2832 6699 2790 2831 6700 2792 2833 6701 2790 2831 6702 2793 2834 6703 2792 2833 6704 2794 2835 6705 2793 2834 6706 2790 2831 6707 2792 2833 6708 2793 2834 6709 2795 2836 6710 2796 2837 6711 2795 2836 6712 2793 2834 6713 2795 2836 6714 2796 2837 6715 2797 2838 6716 2798 2839 6717 2797 2838 6718 2796 2837 6719 2797 2838 6720 2798 2839 6721 2799 2840 6722 2800 2841 6723 2797 2838 6724 2799 2840 6725 2798 2839 6726 2801 2842 6727 2799 2840 6728 2799 2840 6729 2801 2842 6730 2802 2843 6731 2803 2844 6732 2804 2845 6733 2805 2846 6734 2804 2845 6735 2806 2847 6736 2805 2846 6737 2807 2848 6738 2806 2847 6739 2804 2845 6740 2808 2849 6741 2804 2845 6742 2803 2844 6743 2809 2850 6744 2804 2845 6745 2808 2849 6746 2810 2851 6747 2804 2845 6748 2809 2850 6749 2803 2844 6750 2805 2846 6751 2811 2852 6752 2812 2853 6753 2811 2852 6754 2805 2846 6755 2811 2852 6756 2813 2854 6757 2803 2844 6758 2813 2854 6759 2808 2849 6760 2803 2844 6761 2814 2855 6762 2812 2853 6763 2805 2846 6764 2805 2846 6765 2815 2856 6766 2814 2855 6767 2816 2857 6768 2808 2858 6769 2817 2859 6770 2813 2860 6771 2817 2861 6772 2818 2862 6773 2819 2863 6774 2820 2864 6775 2817 2865 6776 2814 2866 6777 2821 2867 6778 2822 2868 6779 2823 2869 6780 2824 2870 6781 2825 2871 6782 2824 2870 6783 2826 2872 6784 2825 2871 6785 2827 2873 6786 2826 2872 6787 2824 2870 6788 2825 2871 6789 2826 2872 6790 2828 2874 6791 2824 2870 6792 2829 2875 6793 2827 2873 6794 2830 2876 6795 2827 2873 6796 2829 2875 6797 2829 2875 6798 2831 2877 6799 2830 2876 6800 2832 2878 6801 2830 2876 6802 2831 2877 6803 2831 2877 6804 2833 2879 6805 2832 2878 6806 2832 2878 6807 2833 2879 6808 2834 2880 6809 2835 2881 6810 2832 2878 6811 2834 2880 6812 2834 2880 6813 2833 2879 6814 2836 2882 6815 2837 2883 6816 2838 2884 6817 2839 2885 6818 2840 2886 6819 2839 2885 6820 2838 2884 6821 2841 2887 6822 2842 2888 6823 2843 2889 6824 2844 2890 6825 2843 2889 6826 2842 2888 6827 2842 2888 6828 2845 2891 6829 2844 2890 6830 2846 2892 6831 2844 2890 6832 2845 2891 6833 2847 2893 6834 2848 2894 6835 2849 2895 6836 2850 2896 6837 2849 2895 6838 2848 2894 6839 2851 2897 6840 2852 2898 6841 2853 2899 6842 2854 2900 6843 2853 2899 6844 2852 2898 6845 2852 2898 6846 2855 2901 6847 2854 2900 6848 2856 2902 6849 2854 2900 6850 2855 2901 6851 2855 2901 6852 2857 2903 6853 2856 2902 6854 2858 2904 6855 2856 2902 6856 2857 2903 6857 2859 2905 6858 2860 2906 6859 2861 2907 6860 2862 2908 6861 2861 2907 6862 2860 2906 6863 2863 2909 6864 2864 2910 6865 2865 2911 6866 2866 2912 6867 2865 2911 6868 2864 2910 6869 2864 2910 6870 2867 2913 6871 2866 2912 6872 2868 2914 6873 2866 2912 6874 2867 2913 6875 2869 2915 6876 2870 2916 6877 2871 2917 6878 2872 2918 6879 2871 2917 6880 2870 2916 6881 2873 2919 6882 2874 2920 6883 2875 2921 6884 2876 2922 6885 2875 2921 6886 2874 2920 6887 2874 2920 6888 2877 2923 6889 2876 2922 6890 2878 2924 6891 2876 2922 6892 2877 2923 6893 2877 2923 6894 2879 2925 6895 2878 2924 6896 2880 2926 6897 2878 2924 6898 2879 2925 6899 2881 2927 6900 2882 2928 6901 2883 2929 6902 2884 2930 6903 2883 2929 6904 2882 2928 6905 2882 2928 6906 2885 2931 6907 2884 2930 6908 2886 2932 6909 2884 2930 6910 2885 2931 6911 2883 2929 6912 2887 2933 6913 2881 2927 6914 2888 2934 6915 2881 2927 6916 2887 2933 6917 2887 2933 6918 2889 2935 6919 2888 2934 6920 2890 2936 6921 2888 2934 6922 2889 2935 6923 2891 2937 6924 2892 2938 6925 2893 2939 6926 2894 2940 6927 2893 2939 6928 2892 2938 6929 2895 2941 6930 2896 2942 6931 2897 2943 6932 2898 2944 6933 2897 2943 6934 2896 2942 6935 2899 2945 6936 2900 2946 6937 2901 2947 6938 2902 2948 6939 2901 2947 6940 2900 2946 6941 2903 2949 6942 2904 2950 6943 2905 2951 6944 2906 2952 6945 2905 2951 6946 2904 2950 6947 2904 2950 6948 2907 2953 6949 2906 2952 6950 2908 2954 6951 2906 2952 6952 2907 2953 6953 2907 2953 6954 2909 2955 6955 2908 2954 6956 2910 2956 6957 2908 2954 6958 2909 2955 6959 2909 2955 6960 2911 2957 6961 2910 2956 6962 2912 2958 6963 2910 2956 6964 2911 2957 6965 2913 2959 6966 2914 2960 6967 2915 2961 6968 2916 2962 6969 2915 2961 6970 2914 2960 6971 2917 2963 6972 2918 2964 6973 2919 2965 6974 2920 2966 6975 2919 2965 6976 2918 2964 6977 2921 2967 6978 2922 2968 6979 2923 2969 6980 2924 2970 6981 2923 2969 6982 2922 2968 6983 2925 2971 6984 2926 2972 6985 2927 2973 6986 2928 2974 6987 2927 2973 6988 2926 2972 6989 2926 2972 6990 2929 2975 6991 2928 2974 6992 2930 2976 6993 2928 2974 6994 2929 2975 6995 2929 2975 6996 2931 2977 6997 2930 2976 6998 2932 2978 6999 2930 2976 7000 2931 2977 7001 2927 2973 7002 2933 2979 7003 2925 2971 7004 2934 2980 7005 2925 2971 7006 2933 2979 7007 2935 2981 7008 2936 2982 7009 2937 2983 7010 2938 2984 7011 2937 2983 7012 2936 2982 7013 2939 2985 7014 2940 2986 7015 2941 2987 7016 2942 2988 7017 2941 2987 7018 2940 2986 7019 2943 2989 7020 2944 2990 7021 2945 2991 7022 2946 2992 7023 2945 2991 7024 2944 2990 7025 2947 2993 7026 2948 2994 7027 2949 2995 7028 2950 2996 7029 2949 2995 7030 2948 2994 7031 2948 2994 7032 2951 2997 7033 2950 2996 7034 2952 2998 7035 2950 2996 7036 2951 2997 7037 2951 2997 7038 2953 2999 7039 2952 2998 7040 2954 3000 7041 2952 2998 7042 2953 2999 7043 2953 2999 7044 2955 3001 7045 2954 3000 7046 2956 3002 7047 2954 3000 7048 2955 3001 7049 2957 3003 7050 2958 3004 7051 2959 3005 7052 2960 3006 7053 2959 3005 7054 2958 3004 7055 2961 3007 7056 2962 3008 7057 2963 3009 7058 2964 3010 7059 2963 3009 7060 2962 3008 7061 2965 3011 7062 2966 3012 7063 2967 3013 7064 2968 3014 7065 2967 3013 7066 2966 3012 7067 2969 3015 7068 2970 3016 7069 2971 3017 7070 2972 3018 7071 2971 3017 7072 2970 3016 7073 2973 3019 7074 2974 3020 7075 2975 3021 7076 2976 3022 7077 2975 3021 7078 2974 3020 7079 2974 3020 7080 2977 3023 7081 2976 3022 7082 2978 3024 7083 2975 3025 7084 2979 3026 7085 2978 3024 7086 2980 3027 7087 2975 3025 7088 2981 3028 7089 2982 3029 7090 2983 3030 7091 2984 3031 7092 2983 3030 7093 2982 3029 7094 2985 3032 7095 2986 3033 7096 2987 3034 7097 2988 3035 7098 2987 3034 7099 2986 3033 7100 2989 3036 7101 2990 3037 7102 2991 3038 7103 2992 3039 7104 2991 3038 7105 2990 3037 7106 2993 3040 7107 2994 3041 7108 2995 3042 7109 2996 3043 7110 2995 3042 7111 2994 3041 7112 2997 3044 7113 2998 3045 7114 2999 3046 7115 3000 3047 7116 2999 3046 7117 2998 3045 7118 3001 3048 7119 3002 3049 7120 3003 3050 7121 3004 3051 7122 3003 3050 7123 3002 3049 7124 3001 3048 7125 3003 3050 7126 3005 3052 7127 3006 3053 7128 3005 3052 7129 3003 3050 7130 3002 3049 7131 3007 3054 7132 3004 3051 7133 3002 3049 7134 3008 3055 7135 3007 3054 7136 3009 3056 7137 3007 3054 7138 3008 3055 7139 3008 3055 7140 3010 3057 7141 3009 3056 7142 3011 3058 7143 3004 3051 7144 3007 3054 7145 3005 3052 7146 3006 3053 7147 3012 3059 7148 3005 3052 7149 3012 3059 7150 3013 3060 7151 3014 3061 7152 3013 3060 7153 3012 3059 7154 3015 3062 7155 3013 3060 7156 3014 3061 7157 3016 3063 7158 3012 3059 7159 3006 3053 7160 3017 3064 7161 3018 3065 7162 3019 3066 7163 3020 3067 7164 3019 3066 7165 3018 3065 7166 3020 3067 7167 3021 3068 7168 3019 3066 7169 3022 3069 7170 3019 3066 7171 3021 3068 7172 3022 3069 7173 3021 3068 7174 3023 3070 7175 3024 3071 7176 3023 3070 7177 3021 3068 7178 3024 3071 7179 3025 3072 7180 3023 3070 7181 3026 3073 7182 3023 3070 7183 3025 3072 7184 3027 3074 7185 3028 3075 7186 3029 3076 7187 3030 3077 7188 3029 3076 7189 3028 3075 7190 3027 3074 7191 3031 3078 7192 3028 3075 7193 3032 3079 7194 3028 3075 7195 3031 3078 7196 3028 3075 7197 3033 3080 7198 3030 3077 7199 3028 3075 7200 3032 3079 7201 3033 3080 7202 3034 3081 7203 3030 3077 7204 3033 3080 7205 3035 3082 7206 3033 3080 7207 3032 3079 7208 3030 3077 7209 3034 3081 7210 3036 3083 7211 3037 3084 7212 3036 3083 7213 3034 3081 7214 3030 3077 7215 3036 3083 7216 3038 3085 7217 3039 3086 7218 3038 3085 7219 3036 3083 7220 3040 3087 7221 3029 3076 7222 3030 3077 7223 3038 3085 7224 3040 3087 7225 3030 3077 7226 3032 3079 7227 3031 3078 7228 3041 3088 7229 3042 3089 7230 3041 3088 7231 3031 3078 7232 3042 3089 7233 3043 3090 7234 3041 3088 7235 3044 3091 7236 3041 3088 7237 3043 3090 7238 3041 3088 7239 3044 3091 7240 3045 3092 7241 3041 3088 7242 3045 3092 7243 3032 3079 7244 3035 3082 7245 3032 3079 7246 3045 3092 7247 3046 3093 7248 3045 3092 7249 3044 3091 7250 3044 3091 7251 3047 3094 7252 3046 3093 7253 3048 3095 7254 3046 3093 7255 3047 3094 7256 3047 3094 7257 3044 3091 7258 3049 3096 7259 3050 3097 7260 3049 3096 7261 3044 3091 7262 3043 3090 7263 3051 3098 7264 3044 3091 7265 3044 3091 7266 3051 3098 7267 3050 3097 7268 3052 3099 7269 3053 3100 7270 3054 3101 7271 3055 3102 7272 3054 3101 7273 3053 3100 7274 3052 3099 7275 3056 3103 7276 3053 3100 7277 3057 3104 7278 3053 3100 7279 3056 3103 7280 3055 3102 7281 3053 3100 7282 3058 3105 7283 3059 3106 7284 3058 3105 7285 3053 3100 7286 3059 3106 7287 3060 3107 7288 3058 3105 7289 3061 3108 7290 3060 3107 7291 3059 3106 7292 3057 3104 7293 3061 3108 7294 3053 3100 7295 3059 3106 7296 3053 3100 7297 3061 3108 7298 3054 3101 7299 3055 3102 7300 3062 3109 7301 3063 3110 7302 3062 3109 7303 3055 3102 7304 3055 3102 7305 3058 3105 7306 3063 3110 7307 3058 3105 7308 3060 3107 7309 3064 3111 7310 3064 3111 7311 3063 3110 7312 3058 3105 7313 3057 3104 7314 3056 3103 7315 3065 3112 7316 3057 3104 7317 3065 3112 7318 3061 3108 7319 3066 3113 7320 3065 3112 7321 3056 3103 7322 3066 3113 7323 3067 3114 7324 3065 3112 7325 3068 3115 7326 3065 3112 7327 3067 3114 7328 3060 3107 7329 3061 3108 7330 3069 3116 7331 3069 3116 7332 3061 3108 7333 3065 3112 7334 3060 3107 7335 3069 3116 7336 3070 3117 7337 3069 3116 7338 3065 3112 7339 3070 3117 7340 3068 3115 7341 3070 3117 7342 3065 3112 7343 3067 3114 7344 3071 3118 7345 3068 3115 7346 3060 3107 7347 3070 3117 7348 3072 3119 7349 3072 3119 7350 3070 3117 7351 3073 3120 7352 3068 3115 7353 3073 3120 7354 3070 3117 7355 3073 3120 7356 3068 3115 7357 3074 3121 7358 3075 3122 7359 3076 3123 7360 3077 3124 7361 3078 3125 7362 3077 3124 7363 3076 3123 7364 3077 3124 7365 3079 3126 7366 3075 3122 7367 3080 3127 7368 3075 3122 7369 3079 3126 7370 3079 3126 7371 3081 3128 7372 3080 3127 7373 3082 3129 7374 3080 3127 7375 3081 3128 7376 3081 3128 7377 3083 3130 7378 3082 3129 7379 3084 3131 7380 3082 3129 7381 3083 3130 7382 3077 3124 7383 3078 3125 7384 3085 3132 7385 3086 3133 7386 3085 3132 7387 3078 3125 7388 3076 3123 7389 3075 3122 7390 3087 3134 7391 3088 3135 7392 3087 3134 7393 3075 3122 7394 3075 3122 7395 3080 3127 7396 3088 3135 7397 3087 3134 7398 3088 3135 7399 3089 3136 7400 3090 3137 7401 3089 3136 7402 3088 3135 7403 3088 3135 7404 3091 3138 7405 3090 3137 7406 3091 3138 7407 3088 3135 7408 3080 3127 7409 3080 3127 7410 3082 3129 7411 3091 3138 7412 3092 3139 7413 3090 3137 7414 3091 3138 7415 3092 3139 7416 3091 3138 7417 3093 3140 7418 3094 3141 7419 3093 3140 7420 3091 3138 7421 3082 3129 7422 3084 3131 7423 3094 3141 7424 3094 3141 7425 3091 3138 7426 3082 3129 7427 3093 3140 7428 3094 3141 7429 3095 3142 7430 3096 3143 7431 3095 3142 7432 3094 3141 7433 3096 3143 7434 3094 3141 7435 3084 3131 7436 3083 3130 7437 3081 3128 7438 3097 3144 7439 3098 3145 7440 3097 3144 7441 3081 3128 7442 3081 3128 7443 3079 3126 7444 3098 3145 7445 3099 3146 7446 3098 3145 7447 3079 3126 7448 3079 3126 7449 3077 3124 7450 3099 3146 7451 3085 3132 7452 3099 3146 7453 3077 3124 7454 3100 3147 7455 3101 3148 7456 3102 3149 7457 3103 3150 7458 3102 3149 7459 3101 3148 7460 3104 3151 7461 3105 3152 7462 3106 3153 7463 3107 3154 7464 3106 3153 7465 3105 3152 7466 3107 3154 7467 3108 3155 7468 3106 3153 7469 3109 3156 7470 3106 3153 7471 3108 3155 7472 3109 3156 7473 3108 3155 7474 3110 3157 7475 3111 3158 7476 3110 3157 7477 3108 3155 7478 3105 3152 7479 3104 3151 7480 3112 3159 7481 3113 3160 7482 3112 3159 7483 3104 3151 7484 3114 3161 7485 3115 3162 7486 3116 3163 7487 3117 3164 7488 3116 3163 7489 3115 3162 7490 3114 3161 7491 3118 3165 7492 3115 3162 7493 3119 3166 7494 3115 3162 7495 3118 3165 7496 3117 3164 7497 3120 3167 7498 3116 3163 7499 3121 3168 7500 3116 3163 7501 3120 3167 7502 3119 3166 7503 3118 3165 7504 3122 3169 7505 3123 3170 7506 3122 3169 7507 3118 3165 7508 3123 3170 7509 3124 3171 7510 3122 3169 7511 3125 3172 7512 3122 3169 7513 3124 3171 7514 3125 3172 7515 3124 3171 7516 3126 3173 7517 3127 3174 7518 3126 3173 7519 3124 3171 7520 3117 3164 7521 3115 3162 7522 3128 3175 7523 3117 3164 7524 3128 3175 7525 3120 3167 7526 3129 3176 7527 3128 3175 7528 3115 3162 7529 3115 3162 7530 3119 3166 7531 3129 3176 7532 3128 3175 7533 3129 3176 7534 3130 3177 7535 3131 3178 7536 3130 3177 7537 3129 3176 7538 3129 3176 7539 3132 3179 7540 3131 3178 7541 3132 3179 7542 3129 3176 7543 3119 3166 7544 3119 3166 7545 3122 3169 7546 3132 3179 7547 3133 3180 7548 3131 3178 7549 3132 3179 7550 3128 3175 7551 3130 3177 7552 3134 3181 7553 3134 3181 7554 3120 3167 7555 3128 3175 7556 3135 3182 7557 3134 3181 7558 3130 3177 7559 3122 3169 7560 3125 3172 7561 3136 3183 7562 3132 3179 7563 3136 3183 7564 3133 3180 7565 3136 3183 7566 3132 3179 7567 3122 3169 7568 3137 3184 7569 3136 3183 7570 3125 3172 7571 3125 3172 7572 3126 3173 7573 3137 3184 7574 3136 3183 7575 3137 3184 7576 3138 3185 7577 3138 3185 7578 3133 3180 7579 3136 3183 7580 3139 3186 7581 3138 3185 7582 3137 3184 7583 3137 3184 7584 3140 3187 7585 3139 3186 7586 3140 3187 7587 3137 3184 7588 3126 3173 7589 3141 3188 7590 3139 3186 7591 3140 3187 7592 3142 3189 7593 3143 3190 7594 3144 3191 7595 3145 3192 7596 3144 3191 7597 3143 3190 7598 3145 3192 7599 3146 3193 7600 3144 3191 7601 3147 3194 7602 3144 3191 7603 3146 3193 7604 3142 3189 7605 3148 3195 7606 3143 3190 7607 3149 3196 7608 3143 3190 7609 3148 3195 7610 3149 3196 7611 3148 3195 7612 3150 3197 7613 3151 3198 7614 3150 3197 7615 3148 3195 7616 3151 3198 7617 3152 3199 7618 3150 3197 7619 3153 3200 7620 3150 3197 7621 3152 3199 7622 3153 3200 7623 3152 3199 7624 3154 3201 7625 3155 3202 7626 3154 3201 7627 3152 3199 7628 3156 3203 7629 3157 3204 7630 3158 3205 7631 3159 3206 7632 3158 3205 7633 3157 3204 7634 3158 3205 7635 3159 3206 7636 3160 3207 7637 3161 3208 7638 3160 3207 7639 3159 3206 7640 3162 3209 7641 3163 3210 7642 3164 3211 7643 3165 3212 7644 3164 3211 7645 3163 3210 7646 3162 3209 7647 3164 3211 7648 3166 3213 7649 3167 3214 7650 3166 3213 7651 3164 3211 7652 3165 3212 7653 3163 3210 7654 3168 3215 7655 3169 3216 7656 3168 3215 7657 3163 3210 7658 3164 3211 7659 3165 3212 7660 3170 3217 7661 3171 3218 7662 3170 3217 7663 3165 3212 7664 3165 3212 7665 3168 3215 7666 3171 3218 7667 3167 3214 7668 3164 3211 7669 3172 3219 7670 3170 3217 7671 3172 3219 7672 3164 3211 7673 3172 3219 7674 3173 3220 7675 3167 3214 7676 3174 3221 7677 3167 3214 7678 3173 3220 7679 3167 3214 7680 3174 3221 7681 3175 3222 7682 3176 3223 7683 3171 3218 7684 3168 3215 7685 3177 3224 7686 3178 3225 7687 3174 3226 7688 3179 3227 7689 3180 3228 7690 3181 3229 7691 3180 3228 7692 3182 3230 7693 3181 3229 7694 3183 3231 7695 3181 3229 7696 3182 3230 7697 3183 3231 7698 3184 3232 7699 3181 3229 7700 3185 3233 7701 3181 3229 7702 3184 3232 7703 3186 3234 7704 3181 3229 7705 3185 3233 7706 3182 3230 7707 3187 3235 7708 3183 3231 7709 3188 3236 7710 3183 3231 7711 3187 3235 7712 3183 3231 7713 3188 3236 7714 3189 3237 7715 3184 3232 7716 3183 3231 7717 3190 3238 7718 3189 3237 7719 3190 3238 7720 3183 3231 7721 3188 3236 7722 3187 3235 7723 3191 3239 7724 3192 3240 7725 3191 3239 7726 3187 3235 7727 3191 3239 7728 3192 3240 7729 3193 3241 7730 3194 3242 7731 3193 3241 7732 3192 3240 7733 3188 3236 7734 3195 3243 7735 3189 3237 7736 3188 3236 7737 3191 3239 7738 3195 3243 7739 3196 3244 7740 3189 3237 7741 3195 3243 7742 3196 3244 7743 3197 3245 7744 3189 3237 7745 3190 3238 7746 3189 3237 7747 3197 3245 7748 3198 3246 7749 3195 3243 7750 3191 3239 7751 3198 3246 7752 3191 3239 7753 3199 3247 7754 3200 3248 7755 3199 3247 7756 3191 3239 7757 3191 3239 7758 3193 3241 7759 3200 3248 7760 3201 3249 7761 3200 3248 7762 3193 3241 7763 3194 3242 7764 3192 3240 7765 3202 3250 7766 3203 3251 7767 3202 3250 7768 3192 3240 7769 3192 3240 7770 3187 3235 7771 3203 3251 7772 3204 3252 7773 3203 3251 7774 3187 3235 7775 3204 3252 7776 3187 3235 7777 3205 3253 7778 3182 3230 7779 3205 3253 7780 3187 3235 7781 3205 3253 7782 3182 3230 7783 3206 3254 7784 3180 3228 7785 3206 3254 7786 3182 3230 7787 3180 3228 7788 3207 3255 7789 3206 3254 7790 3205 3253 7791 3206 3254 7792 3208 3256 7793 3209 3257 7794 3208 3256 7795 3206 3254 7796 3206 3254 7797 3210 3258 7798 3209 3257 7799 3204 3252 7800 3205 3253 7801 3211 3259 7802 3211 3259 7803 3205 3253 7804 3212 3260 7805 3208 3256 7806 3212 3260 7807 3205 3253 7808 3204 3252 7809 3211 3259 7810 3213 3261 7811 3204 3252 7812 3213 3261 7813 3203 3251 7814 3214 3262 7815 3213 3261 7816 3211 3259 7817 3212 3260 7818 3215 3263 7819 3211 3259 7820 3214 3262 7821 3211 3259 7822 3215 3263 7823 3216 3264 7824 3203 3251 7825 3213 3261 7826 3216 3264 7827 3217 3265 7828 3203 3251 7829 3218 3266 7830 3203 3251 7831 3217 3265 7832 3203 3251 7833 3218 3266 7834 3202 3250 7835 3219 3267 7836 3202 3250 7837 3218 3266 7838 3220 3268 7839 3221 3269 7840 3222 3270 7841 3223 3271 7842 3222 3270 7843 3221 3269 7844 3223 3271 7845 3221 3269 7846 3224 3272 7847 3225 3273 7848 3224 3272 7849 3221 3269 7850 3225 3273 7851 3226 3274 7852 3224 3272 7853 3227 3275 7854 3224 3272 7855 3226 3274 7856 3227 3275 7857 3226 3274 7858 3228 3276 7859 3229 3277 7860 3228 3276 7861 3226 3274 7862 3225 3273 7863 3221 3269 7864 3230 3278 7865 3231 3279 7866 3230 3278 7867 3221 3269 7868 3230 3278 7869 3232 3280 7870 3225 3273 7871 3226 3274 7872 3225 3273 7873 3232 3280 7874 3221 3269 7875 3220 3268 7876 3233 3281 7877 3234 3282 7878 3233 3281 7879 3220 3268 7880 3229 3277 7881 3226 3274 7882 3235 3283 7883 3236 3284 7884 3235 3283 7885 3226 3274 7886 3233 3281 7887 3237 3285 7888 3221 3269 7889 3238 3286 7890 3234 3282 7891 3220 3268 7892 3232 3280 7893 3239 3287 7894 3226 3274 7895 3235 3283 7896 3240 3288 7897 3229 3277 7898 3240 3288 7899 3241 3289 7900 3229 3277 7901 3242 3290 7902 3229 3277 7903 3241 3289 7904 3241 3289 7905 3243 3291 7906 3242 3290 7907 3244 3292 7908 3242 3290 7909 3243 3291 7910 3243 3291 7911 3245 3293 7912 3244 3292 7913 3244 3292 7914 3245 3293 7915 3246 3294 7916 3245 3293 7917 3247 3295 7918 3246 3294 7919 3245 3293 7920 3248 3296 7921 3247 3295 7922 3249 3297 7923 3247 3295 7924 3248 3296 7925 3248 3296 7926 3250 3298 7927 3249 3297 7928 3251 3299 7929 3250 3298 7930 3248 3296 7931 3252 3300 7932 3250 3298 7933 3251 3299 7934 3253 3301 7935 3250 3298 7936 3252 3300 7937 3254 3302 7938 3249 3297 7939 3250 3298 7940 3245 3293 7941 3255 3303 7942 3248 3296 7943 3256 3304 7944 3251 3299 7945 3248 3296 7946 3257 3305 7947 3256 3306 7948 3258 3307 7949 3255 3308 7950 3257 3305 7951 3258 3307 7952 3259 3309 7953 3260 3310 7954 3251 3311 7955 3261 3312 7956 3259 3313 7957 3262 3314 7958 3256 3315 7959 3261 3312 7960 3262 3314 7961 3263 3316 7962 3264 3317 7963 3259 3318 7964 3265 3319 7965 3266 3320 7966 3267 3321 7967 3265 3319 7968 3268 3322 7969 3266 3320 7970 3266 3320 7971 3268 3322 7972 3269 3323 7973 3270 3324 7974 3269 3323 7975 3268 3322 7976 3269 3323 7977 3270 3324 7978 3271 3325 7979 3269 3323 7980 3271 3325 7981 3272 3326 7982 3271 3325 7983 3273 3327 7984 3272 3326 7985 3274 3328 7986 3273 3327 7987 3271 3325 7988 3275 3329 7989 3271 3325 7990 3270 3324 7991 3276 3330 7992 3269 3323 7993 3272 3326 7994 3277 3331 7995 3266 3320 7996 3269 3323 7997 3276 3330 7998 3277 3331 7999 3269 3323 8000 3278 3332 8001 3267 3321 8002 3266 3320 8003 3278 3332 8004 3279 3333 8005 3267 3321 8006 3280 3334 8007 3267 3321 8008 3279 3333 8009 3279 3333 8010 3238 3286 8011 3280 3334 8012 3220 3268 8013 3280 3334 8014 3238 3286 8015 3272 3335 8016 3281 3336 8017 3282 3337 8018 3282 3337 8019 3281 3336 8020 3283 3338 8021 3283 3339 8022 3284 3340 8023 3285 3341 8024 3286 3342 8025 3276 3343 8026 3287 3344 8027 3282 3345 8028 3286 3342 8029 3287 3344 8030 3288 3346 8031 3289 3347 8032 3290 3348 8033 3291 3349 8034 3290 3348 8035 3289 3347 8036 3289 3347 8037 3292 3350 8038 3291 3349 8039 3293 3351 8040 3291 3349 8041 3292 3350 8042 3293 3351 8043 3292 3350 8044 3237 3285 8045 3294 3352 8046 3237 3285 8047 3292 3350 8048 3288 3346 8049 3290 3348 8050 3295 3353 8051 3296 3354 8052 3295 3353 8053 3290 3348 8054 3237 3285 8055 3294 3352 8056 3221 3269 8057 3294 3352 8058 3231 3279 8059 3221 3269 8060 3297 3355 8061 3298 3356 8062 3299 3357 8063 3300 3358 8064 3299 3357 8065 3298 3356 8066 3300 3358 8067 3301 3359 8068 3299 3357 8069 3302 3360 8070 3299 3357 8071 3301 3359 8072 3302 3360 8073 3301 3359 8074 3239 3287 8075 3303 3361 8076 3239 3287 8077 3301 3359 8078 3298 3356 8079 3297 3355 8080 3304 3362 8081 3305 3363 8082 3304 3362 8083 3297 3355 8084 3239 3287 8085 3303 3361 8086 3226 3274 8087 3303 3361 8088 3236 3284 8089 3226 3274 8090 3306 3364 8091 3307 3365 8092 3308 3366 8093 3306 3364 8094 3308 3366 8095 3309 3367 8096 3308 3366 8097 3310 3368 8098 3309 3367 8099 3308 3366 8100 3311 3369 8101 3310 3368 8102 3312 3370 8103 3310 3368 8104 3311 3369 8105 3307 3365 8106 3313 3371 8107 3308 3366 8108 3308 3366 8109 3313 3371 8110 3314 3372 8111 3308 3366 8112 3314 3372 8113 3315 3373 8114 3308 3366 8115 3315 3373 8116 3311 3369 8117 3316 3374 8118 3315 3373 8119 3314 3372 8120 3317 3375 8121 3314 3372 8122 3313 3371 8123 3314 3372 8124 3317 3375 8125 3318 3376 8126 3318 3376 8127 3319 3377 8128 3314 3372 8129 3318 3376 8130 3320 3378 8131 3319 3377 8132 3321 3379 8133 3319 3377 8134 3320 3378 8135 3318 3376 8136 3322 3380 8137 3320 3378 8138 3322 3380 8139 3318 3376 8140 3317 3375 8141 3323 3381 8142 3320 3378 8143 3322 3380 8144 3320 3378 8145 3323 3381 8146 3324 3382 8147 3325 3383 8148 3320 3378 8149 3324 3382 8150 3326 3384 8151 3320 3378 8152 3325 3383 8153 3327 3385 8154 3320 3378 8155 3326 3384 8156 3328 3386 8157 3324 3382 8158 3323 3381 8159 3324 3382 8160 3328 3386 8161 3307 3387 8162 3320 3378 8163 3327 3385 8164 3329 3388 8165 3320 3378 8166 3330 3389 8167 3321 3379 8168 3320 3378 8169 3329 3388 8170 3330 3389 8171 3327 3385 8172 3331 3390 8173 3329 3388 8174 3327 3385 8175 3332 3391 8176 3331 3390 8177 3333 3392 8178 3307 3365 8179 3306 3364 8180 3333 3392 8181 3306 3364 8182 3334 3393 8183 3306 3364 8184 3309 3367 8185 3334 3393 8186 3309 3394 8187 3335 3395 8188 3336 3396 8189 3336 3396 8190 3335 3395 8191 3337 3397 8192 3336 3396 8193 3337 3397 8194 3338 3398 8195 3339 3399 8196 3336 3396 8197 3338 3398 8198 3338 3398 8199 3337 3397 8200 3340 3400 8201 3341 3401 8202 3337 3397 8203 3335 3395 8204 3337 3397 8205 3342 3402 8206 3340 3400 8207 3343 3403 8208 3342 3402 8209 3337 3397 8210 3344 3404 8211 3342 3402 8212 3343 3403 8213 3341 3401 8214 3345 3405 8215 3337 3397 8216 3343 3403 8217 3337 3397 8218 3345 3405 8219 3345 3405 8220 3346 3406 8221 3343 3403 8222 3346 3407 8223 3347 3408 8224 3348 3409 8225 3349 3410 8226 3347 3408 8227 3346 3407 8228 3350 3411 8229 3347 3408 8230 3349 3410 8231 3351 3412 8232 3349 3410 8233 3346 3407 8234 3349 3410 8235 3351 3412 8236 3311 3369 8237 3312 3370 8238 3311 3369 8239 3351 3412 8240 3352 3413 8241 3350 3411 8242 3349 3410 8243 3349 3410 8244 3353 3414 8245 3352 3413 8246 3349 3410 8247 3354 3415 8248 3353 3414 8249 3349 3410 8250 3311 3369 8251 3354 3415 8252 3355 3416 8253 3353 3414 8254 3354 3415 8255 3356 3417 8256 3352 3413 8257 3353 3414 8258 3353 3414 8259 3357 3418 8260 3356 3417 8261 3358 3419 8262 3357 3418 8263 3353 3414 8264 3357 3418 8265 3358 3419 8266 3359 3420 8267 3360 3421 8268 3359 3420 8269 3358 3419 8270 3357 3418 8271 3359 3420 8272 3361 3422 8273 3361 3422 8274 3356 3417 8275 3357 3418 8276 3362 3423 8277 3361 3422 8278 3359 3420 8279 3359 3420 8280 3363 3424 8281 3362 3423 8282 3359 3420 8283 3364 3425 8284 3363 3424 8285 3365 3426 8286 3364 3425 8287 3359 3420 8288 3366 3427 8289 3365 3426 8290 3359 3420 8291 3367 3428 8292 3362 3423 8293 3363 3424 8294 3367 3428 8295 3363 3424 8296 3350 3429 8297 3366 3427 8298 3359 3420 8299 3368 3430 8300 3369 3431 8301 3359 3420 8302 3360 3421 8303 3368 3430 8304 3359 3420 8305 3369 3431 8306 3370 3432 8307 3366 3427 8308 3368 3430 8309 3371 3433 8310 3366 3427 8311 3370 3432 8312 3347 3408 8313 3350 3411 8314 3372 3434 8315 3347 3408 8316 3372 3434 8317 3348 3409 8318 3373 3435 8319 3311 3369 8320 3315 3373 8321 3373 3435 8322 3354 3415 8323 3311 3369 8324 3374 3436 8325 3375 3437 8326 3376 3438 8327 3377 3439 8328 3376 3438 8329 3375 3437 8330 3374 3436 8331 3376 3438 8332 3378 3440 8333 3379 3441 8334 3378 3440 8335 3376 3438 8336 3378 3440 8337 3380 3442 8338 3374 3436 8339 3381 3443 8340 3382 3444 8341 3383 3445 8342 3384 3446 8343 3383 3445 8344 3382 3444 8345 3385 3447 8346 3386 3448 8347 3387 3449 8348 3388 3450 8349 3387 3449 8350 3386 3448 8351 3389 3451 8352 3390 3452 8353 3391 3453 8354 3392 3454 8355 3391 3453 8356 3390 3452 8357 3393 3455 8358 3394 3456 8359 3395 3457 8360 3396 3458 8361 3395 3457 8362 3394 3456 8363 3397 3459 8364 3398 3460 8365 3399 3461 8366 3400 3462 8367 3399 3461 8368 3398 3460 8369 3397 3459 8370 3401 3463 8371 3398 3460 8372 3402 3464 8373 3398 3460 8374 3401 3463 8375 3403 3465 8376 3404 3466 8377 3405 3467 8378 3406 3468 8379 3405 3467 8380 3404 3466 8381 3403 3465 8382 3405 3467 8383 3407 3469 8384 3408 3470 8385 3407 3469 8386 3405 3467 8387 3409 3471 8388 3410 3472 8389 3411 3473 8390 3410 3472 8391 3409 3471 8392 3412 3474 8393 3413 3475 8394 3412 3476 8395 3414 3477 8396 3415 3478 8397 3416 3479 8398 3417 3480 8399 3418 3481 8400 3419 3482 8401 3420 3483 8402 3421 3484 8403 3420 3483 8404 3419 3482 8405 3419 3482 8406 3418 3481 8407 3422 3485 8408 3423 3486 8409 3422 3485 8410 3418 3481 8411 3424 3487 8412 3425 3488 8413 3426 3489 8414 3427 3490 8415 3426 3489 8416 3425 3488 8417 3428 3491 8418 3429 3492 8419 3430 3493 8420 3431 3494 8421 3430 3493 8422 3429 3492 8423 3429 3492 8424 3428 3491 8425 3432 3495 8426 3433 3496 8427 3432 3495 8428 3428 3491 8429 3434 3497 8430 3435 3498 8431 3436 3499 8432 3437 3500 8433 3436 3499 8434 3435 3498 8435 3438 3501 8436 3439 3502 8437 3440 3503 8438 3441 3504 8439 3440 3503 8440 3439 3502 8441 3442 3505 8442 3443 3506 8443 3444 3507 8444 3445 3508 8445 3444 3507 8446 3443 3506 8447 3446 3509 8448 3447 3510 8449 3448 3511 8450 3449 3512 8451 3448 3511 8452 3447 3510 8453 3450 3513 8454 3451 3514 8455 3452 3515 8456 3453 3516 8457 3452 3515 8458 3451 3514 8459 3454 3517 8460 3455 3518 8461 3456 3519 8462 3457 3520 8463 3456 3519 8464 3455 3518 8465 3458 3521 8466 3459 3522 8467 3460 3523 8468 3461 3524 8469 3460 3523 8470 3459 3522 8471 3462 3525 8472 3463 3526 8473 3464 3527 8474 3465 3528 8475 3464 3527 8476 3463 3526 8477 3466 3529 8478 3467 3530 8479 3468 3531 8480 3469 3532 8481 3468 3531 8482 3467 3530 8483 3470 3533 8484 3471 3534 8485 3472 3535 8486 3473 3536 8487 3472 3535 8488 3471 3534 8489 3474 3537 8490 3475 3538 8491 3476 3539 8492 3477 3540 8493 3476 3539 8494 3475 3538 8495 3478 3541 8496 3479 3542 8497 3480 3543 8498 3481 3544 8499 3480 3543 8500 3479 3542 8501 3481 3544 8502 3479 3542 8503 3482 3545 8504 3483 3546 8505 3482 3545 8506 3479 3542 8507 3484 3547 8508 3485 3548 8509 3486 3549 8510 3487 3550 8511 3486 3549 8512 3485 3548 8513 3484 3547 8514 3488 3551 8515 3485 3548 8516 3489 3552 8517 3485 3548 8518 3488 3551 8519 3487 3550 8520 3490 3553 8521 3486 3549 8522 3491 3554 8523 3486 3549 8524 3490 3553 8525 3491 3554 8526 3490 3553 8527 3492 3555 8528 3493 3556 8529 3492 3555 8530 3490 3553 8531 3494 3557 8532 3495 3558 8533 3496 3559 8534 3497 3560 8535 3496 3559 8536 3495 3558 8537 3496 3559 8538 3497 3560 8539 3498 3561 8540 3499 3562 8541 3498 3561 8542 3497 3560 8543 3497 3560 8544 3495 3558 8545 3500 3563 8546 3501 3564 8547 3500 3563 8548 3495 3558 8549 3499 3562 8550 3497 3560 8551 3502 3565 8552 3500 3563 8553 3502 3565 8554 3497 3560 8555 3503 3566 8556 3504 3567 8557 3505 3568 8558 3506 3569 8559 3505 3568 8560 3504 3567 8561 3506 3569 8562 3507 3570 8563 3505 3568 8564 3508 3571 8565 3505 3568 8566 3507 3570 8567 3509 3572 8568 3510 3573 8569 3511 3574 8570 3512 3575 8571 3511 3574 8572 3510 3573 8573 3512 3575 8574 3510 3573 8575 3513 3576 8576 3514 3577 8577 3513 3576 8578 3510 3573 8579 3509 3572 8580 3511 3574 8581 3515 3578 8582 3516 3579 8583 3515 3578 8584 3511 3574 8585 3516 3579 8586 3517 3580 8587 3515 3578 8588 3518 3581 8589 3515 3578 8590 3517 3580 8591 3519 3582 8592 3520 3583 8593 3521 3584 8594 3519 3582 8595 3521 3584 8596 3522 3585 8597 3523 3586 8598 3522 3585 8599 3521 3584 8600 3522 3585 8601 3523 3586 8602 3524 3587 8603 3525 3588 8604 3524 3587 8605 3523 3586 8606 3523 3586 8607 3526 3589 8608 3525 3588 8609 3526 3589 8610 3523 3586 8611 3527 3590 8612 3527 3590 8613 3528 3591 8614 3526 3589 8615 3529 3592 8616 3526 3589 8617 3528 3591 8618 3520 3583 8619 3530 3593 8620 3521 3584 8621 3520 3583 8622 3531 3594 8623 3530 3593 8624 3520 3583 8625 3532 3595 8626 3531 3594 8627 3533 3596 8628 3531 3594 8629 3532 3595 8630 3534 3597 8631 3535 3598 8632 3536 3599 8633 3537 3600 8634 3536 3599 8635 3535 3598 8636 3538 3601 8637 3539 3602 8638 3540 3603 8639 3541 3604 8640 3540 3603 8641 3539 3602 8642 3542 3605 8643 3543 3606 8644 3544 3607 8645 3545 3608 8646 3544 3607 8647 3543 3606 8648 3546 3609 8649 3547 3610 8650 3548 3611 8651 3549 3612 8652 3548 3611 8653 3547 3610 8654 3549 3612 8655 3547 3610 8656 3550 3613 8657 3551 3614 8658 3550 3613 8659 3547 3610 8660 3549 3612 8661 3552 3615 8662 3548 3611 8663 3546 3609 8664 3548 3611 8665 3553 3616 8666 3554 3617 8667 3553 3616 8668 3548 3611 8669 3555 3618 8670 3548 3619 8671 3556 3620 8672 3555 3621 8673 3552 3622 8674 3557 3623 8675 3558 3624 8676 3557 3623 8677 3552 3622 8678 3552 3622 8679 3559 3625 8680 3558 3624 8681 3560 3626 8682 3558 3624 8683 3559 3625 8684 3559 3625 8685 3561 3627 8686 3560 3626 8687 3562 3628 8688 3560 3626 8689 3561 3627 8690 3557 3623 8691 3563 3629 8692 3555 3621 8693 3561 3627 8694 3563 3629 8695 3562 3628 8696 3557 3623 8697 3562 3628 8698 3563 3629 8699 3564 3630 8700 3565 3631 8701 3566 3632 8702 3567 3633 8703 3566 3632 8704 3565 3631 8705 3568 3634 8706 3569 3635 8707 3570 3636 8708 3571 3637 8709 3570 3636 8710 3569 3635 8711 3572 3638 8712 3573 3639 8713 3574 3640 8714 3575 3641 8715 3574 3640 8716 3573 3639 8717 3573 3639 8718 3572 3638 8719 3576 3642 8720 3573 3639 8721 3577 3643 8722 3575 3641 8723 3578 3644 8724 3575 3641 8725 3577 3643 8726 3573 3639 8727 3579 3645 8728 3577 3643 8729 3580 3646 8730 3577 3643 8731 3579 3645 8732 3579 3645 8733 3573 3639 8734 3581 3647 8735 3582 3648 8736 3581 3647 8737 3573 3639 8738 3576 3642 8739 3582 3648 8740 3573 3639 8741 3575 3641 8742 3578 3644 8743 3583 3649 8744 3584 3650 8745 3583 3649 8746 3578 3644 8747 3585 3651 8748 3574 3640 8749 3575 3641 8750 3586 3652 8751 3585 3651 8752 3575 3641 8753 3587 3653 8754 3586 3652 8755 3575 3641 8756 3583 3649 8757 3587 3653 8758 3575 3641 8759 3581 3647 8760 3588 3654 8761 3579 3645 8762 3589 3655 8763 3579 3645 8764 3588 3654 8765 3590 3656 8766 3591 3657 8767 3592 3658 8768 3593 3659 8769 3592 3658 8770 3591 3657 8771 3594 3660 8772 3595 3661 8773 3596 3662 8774 3597 3663 8775 3596 3662 8776 3595 3661 8777 3598 3664 8778 3599 3665 8779 3600 3666 8780 3601 3667 8781 3600 3666 8782 3599 3665 8783 3602 3668 8784 3603 3669 8785 3604 3670 8786 3605 3671 8787 3604 3670 8788 3603 3669 8789 3606 3672 8790 3607 3673 8791 3608 3674 8792 3609 3675 8793 3608 3674 8794 3607 3673 8795 3607 3673 8796 3606 3672 8797 3610 3676 8798 3611 3677 8799 3610 3676 8800 3606 3672 8801 3608 3674 8802 3609 3675 8803 3612 3678 8804 3612 3678 8805 3613 3679 8806 3608 3674 8807 3614 3680 8808 3612 3678 8809 3609 3675 8810 3615 3681 8811 3616 3682 8812 3617 3683 8813 3618 3684 8814 3617 3683 8815 3616 3682 8816 3616 3682 8817 3615 3681 8818 3619 3685 8819 3620 3686 8820 3619 3685 8821 3615 3681 8822 3620 3686 8823 3621 3687 8824 3619 3685 8825 3622 3688 8826 3619 3685 8827 3621 3687 8828 3617 3683 8829 3618 3684 8830 3623 3689 8831 3624 3690 8832 3623 3689 8833 3618 3684 8834 3625 3691 8835 3626 3692 8836 3627 3693 8837 3628 3694 8838 3627 3693 8839 3626 3692 8840 3626 3692 8841 3625 3691 8842 3629 3695 8843 3630 3696 8844 3629 3695 8845 3625 3691 8846 3628 3694 8847 3631 3697 8848 3627 3693 8849 3631 3697 8850 3628 3694 8851 3632 3698 8852 3633 3699 8853 3627 3693 8854 3631 3697 8855 3634 679 8856 3635 677 8857 3636 678 8858 3637 678 8859 3636 678 8860 3635 677 8861 3638 3700 8862 3639 3701 8863 3640 3702 8864 3641 3703 8865 3640 3702 8866 3639 3701 8867 3642 3704 8868 3643 3705 8869 3644 3706 8870 3645 3707 8871 3644 3706 8872 3643 3705 8873 3646 3708 8874 3647 3709 8875 3648 3710 8876 3649 3711 8877 3648 3710 8878 3647 3709 8879 3650 3712 8880 3651 3713 8881 3652 3714 8882 3653 3715 8883 3652 3714 8884 3651 3713 8885 3654 3716 8886 3655 3717 8887 3656 3718 8888 3657 3719 8889 3656 3718 8890 3655 3717 8891 3658 3720 8892 3659 3721 8893 3660 3722 8894 3661 3723 8895 3660 3722 8896 3659 3721 8897 3662 3724 8898 3663 3725 8899 3664 3726 8900 3665 3727 8901 3664 3726 8902 3663 3725 8903 3666 3728 8904 3667 3729 8905 3668 3730 8906 3669 3731 8907 3668 3730 8908 3667 3729 8909 3670 3732 8910 3671 3733 8911 3672 3734 8912 3673 3735 8913 3672 3734 8914 3671 3733 8915 3674 3736 8916 3675 3737 8917 3676 3738 8918 3677 3739 8919 3676 3738 8920 3675 3737 8921 3678 3740 8922 3679 3741 8923 3680 3742 8924 3681 3743 8925 3680 3742 8926 3679 3741 8927 3679 3741 8928 3682 3744 8929 3681 3743 8930 3683 3745 8931 3681 3743 8932 3682 3744 8933 3683 3745 8934 3682 3744 8935 3684 3746 8936 3685 3747 8937 3684 3746 8938 3682 3744 8939 3686 3748 8940 3687 3749 8941 3688 3750 8942 3689 3751 8943 3688 3750 8944 3687 3749 8945 3687 3749 8946 3690 3752 8947 3689 3751 8948 3691 3753 8949 3689 3751 8950 3690 3752 8951 3690 3752 8952 3692 3754 8953 3691 3753 8954 3693 3755 8955 3691 3753 8956 3692 3754 8957 3688 3750 8958 3694 3756 8959 3686 3748 8960 3688 3750 8961 3695 3757 8962 3694 3756 8963 3696 3758 8964 3694 3756 8965 3695 3757 8966 3697 3759 8967 3698 3760 8968 3699 3761 8969 3700 3762 8970 3699 3761 8971 3698 3760 8972 3701 3763 8973 3702 3764 8974 3703 3765 8975 3704 3766 8976 3703 3765 8977 3702 3764 8978 3705 3767 8979 3706 3768 8980 3707 3769 8981 3708 3770 8982 3707 3769 8983 3706 3768 8984 3707 3769 8985 3709 3771 8986 3705 3767 8987 3710 3772 8988 3705 3767 8989 3709 3771 8990 3711 3773 8991 3712 3774 8992 3713 3775 8993 3714 3776 8994 3713 3775 8995 3712 3774 8996 3712 3774 8997 3715 3777 8998 3714 3776 8999 3716 3778 9000 3714 3776 9001 3715 3777 9002 3717 3779 9003 3718 3780 9004 3719 3781 9005 3720 3782 9006 3719 3781 9007 3718 3780 9008 3718 3780 9009 3721 3783 9010 3720 3782 9011 3722 3784 9012 3720 3782 9013 3721 3783 9014 3723 3785 9015 3717 3779 9016 3719 3781 9017 3723 3785 9018 3719 3781 9019 3724 3786 9020 3725 3787 9021 3724 3786 9022 3719 3781 9023 3726 3788 9024 3724 3786 9025 3725 3787 9026 3726 3788 9027 3725 3787 9028 3727 3789 9029 3726 3788 9030 3727 3789 9031 3728 3790 9032 3729 3791 9033 3728 3790 9034 3727 3789 9035 3729 3791 9036 3730 3792 9037 3728 3790 9038 3730 3792 9039 3731 3793 9040 3728 3790 9041 3732 3794 9042 3728 3790 9043 3731 3793 9044 3733 3795 9045 3734 3796 9046 3735 3797 9047 3736 3798 9048 3735 3797 9049 3734 3796 9050 3733 3795 9051 3735 3797 9052 3737 3799 9053 3738 3800 9054 3737 3799 9055 3735 3797 9056 3739 3801 9057 3740 3802 9058 3741 3803 9059 3742 3804 9060 3741 3803 9061 3740 3802 9062 3739 3801 9063 3741 3803 9064 3743 3805 9065 3744 3806 9066 3743 3805 9067 3741 3803 9068 3745 3807 9069 3746 3808 9070 3747 3809 9071 3748 3810 9072 3747 3809 9073 3746 3808 9074 3749 3811 9075 3750 3812 9076 3751 3813 9077 3752 3814 9078 3751 3813 9079 3750 3812 9080 3753 3815 9081 3754 3816 9082 3755 3817 9083 3756 3818 9084 3755 3817 9085 3754 3816 9086 3756 3818 9087 3754 3816 9088 3757 3819 9089 3758 3820 9090 3757 3819 9091 3754 3816 9092 3758 3820 9093 3759 3821 9094 3757 3819 9095 3760 3822 9096 3757 3819 9097 3759 3821 9098 3755 3817 9099 3761 3823 9100 3753 3815 9101 3762 3824 9102 3753 3815 9103 3761 3823 9104 3763 3825 9105 3764 3826 9106 3765 3827 9107 3766 3828 9108 3765 3827 9109 3764 3826 9110 3765 3827 9111 3767 3829 9112 3763 3825 9113 3768 3830 9114 3763 3825 9115 3767 3829 9116 3769 3831 9117 3770 3832 9118 3771 3833 9119 3772 3834 9120 3771 3833 9121 3770 3832 9122 3769 3831 9123 3771 3833 9124 3773 3835 9125 3774 3836 9126 3773 3835 9127 3771 3833 9128 3774 3836 9129 3775 3837 9130 3773 3835 9131 3776 3838 9132 3773 3835 9133 3775 3837 9134 3772 3834 9135 3770 3832 9136 3777 3839 9137 3778 3840 9138 3777 3839 9139 3770 3832 9140 3769 3831 9141 3779 3841 9142 3770 3832 9143 3780 3842 9144 3770 3832 9145 3779 3841 9146 3770 3832 9147 3780 3842 9148 3778 3840 9149 3776 3838 9150 3781 3843 9151 3773 3835 9152 3782 3844 9153 3773 3835 9154 3781 3843 9155 3773 3835 9156 3782 3844 9157 3769 3831 9158 3779 3841 9159 3769 3831 9160 3782 3844 9161 3783 3845 9162 3778 3840 9163 3780 3842 9164 3784 3846 9165 3785 3847 9166 3786 3848 9167 3787 3849 9168 3786 3848 9169 3785 3847 9170 3787 3849 9171 3788 3850 9172 3786 3848 9173 3789 3851 9174 3786 3848 9175 3788 3850 9176 3790 3852 9177 3788 3850 9178 3787 3849 9179 3791 3853 9180 3792 3854 9181 3793 3855 9182 3794 3856 9183 3793 3855 9184 3792 3854 9185 3795 3857 9186 3796 3858 9187 3797 3859 9188 3798 3860 9189 3797 3859 9190 3796 3858 9191 3799 3861 9192 3800 3862 9193 3801 3863 9194 3802 3864 9195 3801 3863 9196 3800 3862 9197 3803 3865 9198 3804 3866 9199 3805 3867 9200 3806 3868 9201 3805 3867 9202 3804 3866 9203 3807 3869 9204 3808 3870 9205 3809 3871 9206 3810 3872 9207 3809 3871 9208 3808 3870 9209 3810 3872 9210 3808 3870 9211 3811 3873 9212 3812 3874 9213 3811 3873 9214 3808 3870 9215 3813 3875 9216 3814 3876 9217 3815 3877 9218 3816 3878 9219 3817 3879 9220 3818 3880 9221 3818 3880 9222 3819 3881 9223 3816 3878 9224 3820 3882 9225 3816 3878 9226 3819 3881 9227 3821 3883 9228 3822 3884 9229 3823 3885 9230 3824 3886 9231 3823 3885 9232 3822 3884 9233 3822 3884 9234 3825 3887 9235 3824 3886 9236 3826 3888 9237 3824 3886 9238 3825 3887 9239 3827 3889 9240 3828 3890 9241 3829 3891 9242 3830 3892 9243 3829 3891 9244 3828 3890 9245 3831 3893 9246 3832 3894 9247 3833 3895 9248 3834 3896 9249 3833 3895 9250 3832 3894 9251 3832 3894 9252 3835 3897 9253 3834 3896 9254 3836 3898 9255 3834 3896 9256 3835 3897 9257 3837 3899 9258 3838 3900 9259 3839 3901 9260 3840 3902 9261 3839 3901 9262 3838 3900 9263 3841 3903 9264 3842 3904 9265 3843 3905 9266 3844 3906 9267 3843 3905 9268 3842 3904 9269 3845 3907 9270 3846 3908 9271 3847 3909 9272 3848 3910 9273 3847 3909 9274 3846 3908 9275 3849 3911 9276 3850 3912 9277 3851 3913 9278 3852 3914 9279 3851 3913 9280 3850 3912 9281 3853 3915 9282 3854 3916 9283 3855 3917 9284 3856 3918 9285 3855 3917 9286 3854 3916 9287 3857 3919 9288 3858 3920 9289 3859 3921 9290 3860 3922 9291 3859 3921 9292 3858 3920 9293 3861 3923 9294 3862 3924 9295 3863 3925 9296 3864 3926 9297 3863 3925 9298 3862 3924 9299 3865 3927 9300 3866 3928 9301 3867 3929 9302 3868 3930 9303 3867 3929 9304 3866 3928 9305 3869 3931 9306 3870 3932 9307 3871 3933 9308 3872 3934 9309 3871 3933 9310 3870 3932 9311 3873 3935 9312 3874 3936 9313 3875 3937 9314 3876 3938 9315 3875 3937 9316 3874 3936 9317 3877 3939 9318 3878 3940 9319 3879 3941 9320 3880 3942 9321 3879 3941 9322 3878 3940 9323 3881 3943 9324 3882 3944 9325 3883 3945 9326 3884 3946 9327 3882 3944 9328 3881 3943 9329 3882 3944 9330 3884 3946 9331 3885 3947 9332 3886 3948 9333 3885 3947 9334 3884 3946 9335 3882 3944 9336 3887 3949 9337 3883 3945 9338 3887 3949 9339 3888 3950 9340 3883 3945 9341 3889 3951 9342 3883 3945 9343 3888 3950 9344 3888 3950 9345 3890 3952 9346 3889 3951 9347 3891 3953 9348 3889 3951 9349 3890 3952 9350 3891 3953 9351 3892 3954 9352 3889 3951 9353 3889 3951 9354 3892 3954 9355 3893 3955 9356 3893 3955 9357 3892 3954 9358 3894 3956 9359 3895 3957 9360 3894 3956 9361 3892 3954 9362 3896 3958 9363 3897 3959 9364 3898 3960 9365 3899 3961 9366 3898 3960 9367 3897 3959 9368 3896 3958 9369 3900 3962 9370 3897 3959 9371 3901 3963 9372 3897 3959 9373 3900 3962 9374 3901 3963 9375 3900 3962 9376 3902 3964 9377 3910 3965 9378 3902 3964 9379 3900 3962 9380 3903 3966 9381 3904 3967 9382 3898 3960 9383 3911 3968 9384 3898 3960 9385 3904 3967 9386 3905 3969 9387 3906 3970 9388 3915 3971 9389 3907 3972 9390 3915 3971 9391 3906 3970 9392 3907 3972 9393 3906 3970 9394 3914 3973 9395 3908 3974 9396 3914 3973 9397 3906 3970 9398 3908 3974 9399 3909 3975 9400 3914 3973 9401 3910 3965 9402 3914 3973 9403 3909 3975 9404 3911 3968 9405 3912 3976 9406 3915 3971 9407 3913 3977 9408 3915 3971 9409 3912 3976 9410 3911 3968 9411 3907 3972 9412 3910 3965 9413 3916 3978 9414 3917 3979 9415 3918 3980 9416 3919 3981 9417 3918 3980 9418 3917 3979 9419 3920 3982 9420 3921 3983 9421 3922 3984 9422 3923 3985 9423 3922 3984 9424 3921 3983 9425 3924 3986 9426 3925 3987 9427 3926 3988 9428 3927 3989 9429 3926 3988 9430 3925 3987 9431 3928 3990 9432 3929 3991 9433 3930 3992 9434 3931 3993 9435 3930 3992 9436 3929 3991 9437 3928 3990 9438 3932 3994 9439 3929 3991 9440 3933 3995 9441 3929 3991 9442 3932 3994 9443 3928 3990 9444 3930 3992 9445 3934 3996 9446 3935 3997 9447 3934 3996 9448 3930 3992 9449 3935 3997 9450 3936 3998 9451 3934 3996 9452 3937 3999 9453 3934 3996 9454 3936 3998 9455 3934 3996 9456 3937 3999 9457 3938 4000 9458 3939 4001 9459 3938 4000 9460 3937 3999 9461 3938 4000 9462 3939 4001 9463 3940 4002 9464 3941 4003 9465 3940 4002 9466 3939 4001 9467 3942 4004 9468 3936 3998 9469 3935 3997 9470 3936 3998 9471 3942 4004 9472 3941 4003 9473 3940 4002 9474 3941 4003 9475 3942 4004 9476 3931 3993 9477 3943 4005 9478 3930 3992 9479 3944 4006 9480 3930 3992 9481 3943 4005 9482 3945 4007 9483 3946 4008 9484 3947 4009 9485 3948 4010 9486 3947 4009 9487 3946 4008 9488 3949 4011 9489 3950 4012 9490 3951 4013 9491 3952 4014 9492 3951 4013 9493 3950 4012 9494 3953 4015 9495 3954 4016 9496 3955 4017 9497 3956 4018 9498 3955 4017 9499 3954 4016 9500 3956 4018 9501 3954 4016 9502 3957 4019 9503 3954 4016 9504 3953 4015 9505 3958 4020 9506 3959 4021 9507 3958 4020 9508 3953 4015 9509 3954 4016 9510 3958 4020 9511 3960 4022 9512 3961 4023 9513 3960 4022 9514 3958 4020 9515 3960 4022 9516 3962 4024 9517 3954 4016 9518 3963 4025 9519 3954 4016 9520 3962 4024 9521 3963 4025 9522 3957 4019 9523 3954 4016 9524 3953 4015 9525 3964 4026 9526 3959 4021 9527 3965 4027 9528 3959 4021 9529 3964 4026 9530 3955 4017 9531 3966 4028 9532 3953 4015 9533 3966 4028 9534 3967 4029 9535 3953 4015 9536 3967 4029 9537 3968 4030 9538 3953 4015 9539 3968 4030 9540 3964 4026 9541 3953 4015 9542 3962 4024 9543 3960 4022 9544 3969 4031 9545 3970 4032 9546 3969 4031 9547 3960 4022 9548 3971 4033 9549 3972 4034 9550 3973 4035 9551 3974 4036 9552 3973 4035 9553 3972 4034 9554 3975 4037 9555 3976 4038 9556 3977 4039 9557 3978 4040 9558 3977 4039 9559 3976 4038 9560 3979 4041 9561 3980 4042 9562 3981 4043 9563 3982 4044 9564 3981 4043 9565 3980 4042 9566 3983 4045 9567 3984 4046 9568 3985 4047 9569 3986 4048 9570 3985 4047 9571 3984 4046 9572 3987 4049 9573 3988 4050 9574 3989 4051 9575 3990 4052 9576 3989 4051 9577 3988 4050 9578 3989 4051 9579 3991 4053 9580 3987 4049 9581 3992 4054 9582 3987 4049 9583 3991 4053 9584 3988 4050 9585 3993 4055 9586 3990 4052 9587 3994 4056 9588 3993 4055 9589 3988 4050 9590 3995 4057 9591 3990 4052 9592 3993 4055 9593 3996 4058 9594 3997 4059 9595 3998 4060 9596 3999 4061 9597 3998 4060 9598 3997 4059 9599 3997 4059 9600 4000 4062 9601 3999 4061 9602 4001 4063 9603 3999 4061 9604 4000 4062 9605 4001 4063 9606 4000 4062 9607 4002 4064 9608 4003 4065 9609 4002 4064 9610 4000 4062 9611 4003 4065 9612 4000 4062 9613 4004 4066 9614 4005 4067 9615 4004 4066 9616 4000 4062 9617 3998 4060 9618 4006 4068 9619 3996 4058 9620 4007 4069 9621 3996 4058 9622 4006 4068 9623 4008 4070 9624 4009 4071 9625 4010 4072 9626 4011 4073 9627 4010 4072 9628 4009 4071 9629 4009 4071 9630 4012 4074 9631 4011 4073 9632 4013 4075 9633 4011 4073 9634 4012 4074 9635 4008 4070 9636 4010 4072 9637 4014 4076 9638 4008 4070 9639 4014 4076 9640 4015 4077 9641 4016 4078 9642 4014 4076 9643 4010 4072 9644 4017 2558 9645 4018 677 9646 4019 678 9647 4020 678 9648 4019 678 9649 4018 677 9650 4021 4079 9651 4022 4080 9652 4023 4081 9653 4024 4082 9654 4023 4081 9655 4022 4080 9656 4025 4083 9657 4026 4084 9658 4027 4085 9659 4028 4086 9660 4027 4085 9661 4026 4084 9662 4029 4087 9663 4030 4088 9664 4031 4089 9665 4032 4090 9666 4031 4089 9667 4030 4088 9668 4033 4091 9669 4034 4092 9670 4035 4093 9671 4036 4094 9672 4035 4093 9673 4034 4092 9674 4037 4095 9675 4038 4096 9676 4039 4097 9677 4040 4098 9678 4039 4097 9679 4038 4096 9680 4041 4099 9681 4042 4100 9682 4043 4101 9683 4044 4102 9684 4043 4101 9685 4042 4100 9686 4045 4103 9687 4046 4104 9688 4047 4105 9689 4048 4106 9690 4047 4105 9691 4046 4104 9692 4049 4107 9693 4050 4108 9694 4051 4109 9695 4052 4110 9696 4051 4109 9697 4050 4108 9698 4053 4111 9699 4054 4112 9700 4055 4113 9701 4056 4114 9702 4055 4113 9703 4054 4112 9704 4057 4115 9705 4058 4116 9706 4059 4117 9707 4060 4118 9708 4059 4117 9709 4058 4116 9710 4058 4116 9711 4057 4115 9712 4061 4119 9713 4062 4120 9714 4061 4119 9715 4057 4115 9716 4062 4120 9717 4063 4121 9718 4061 4119 9719 4064 4122 9720 4061 4119 9721 4063 4121 9722 4065 4123 9723 4066 4124 9724 4067 4125 9725 4068 4126 9726 4067 4125 9727 4066 4124 9728 4066 4124 9729 4065 4123 9730 4069 4127 9731 4070 4128 9732 4069 4127 9733 4065 4123 9734 4069 4127 9735 4070 4128 9736 4071 4129 9737 4072 4130 9738 4071 4129 9739 4070 4128 9740 4073 4131 9741 4067 4125 9742 4068 4126 9743 4067 4125 9744 4073 4131 9745 4074 4132 9746 4075 4133 9747 4074 4132 9748 4073 4131 9749 4076 4134 9750 4077 4135 9751 4078 4136 9752 4079 4137 9753 4078 4136 9754 4077 4135 9755 4080 4138 9756 4081 4139 9757 4082 4140 9758 4083 4141 9759 4082 4140 9760 4081 4139 9761 4084 4142 9762 4085 4143 9763 4086 4144 9764 4087 4145 9765 4086 4144 9766 4085 4143 9767 4086 4144 9768 4087 4145 9769 4088 4146 9770 4089 4147 9771 4088 4146 9772 4087 4145 9773 4090 4148 9774 4091 4149 9775 4092 4150 9776 4093 4151 9777 4092 4150 9778 4091 4149 9779 4091 4149 9780 4090 4148 9781 4094 4152 9782 4095 4153 9783 4094 4152 9784 4090 4148 9785 4096 4154 9786 4097 4155 9787 4098 4156 9788 4099 4157 9789 4098 4156 9790 4097 4155 9791 4097 4155 9792 4096 4154 9793 4100 4158 9794 4101 4159 9795 4100 4158 9796 4096 4154 9797 4099 4157 9798 4102 4160 9799 4098 4156 9800 4102 4160 9801 4103 4161 9802 4098 4156 9803 4104 4162 9804 4098 4156 9805 4103 4161 9806 4103 4161 9807 4105 4163 9808 4104 4162 9809 4104 4162 9810 4105 4163 9811 4106 4164 9812 4105 4163 9813 4107 4165 9814 4106 4164 9815 4108 4166 9816 4106 4164 9817 4107 4165 9818 4109 4167 9819 4108 4166 9820 4107 4165 9821 4109 4167 9822 4107 4165 9823 4110 4168 9824 4111 4169 9825 4110 4168 9826 4107 4165 9827 4112 4170 9828 4113 4171 9829 4114 4172 9830 4115 4173 9831 4114 4172 9832 4113 4171 9833 4115 4173 9834 4116 4174 9835 4114 4172 9836 4117 4175 9837 4114 4172 9838 4116 4174 9839 4118 4176 9840 4119 4177 9841 4120 4178 9842 4121 4179 9843 4120 4178 9844 4119 4177 9845 4121 4179 9846 4122 4180 9847 4120 4178 9848 4123 4181 9849 4120 4178 9850 4122 4180 9851 4124 4182 9852 4125 4183 9853 4126 4184 9854 4127 4185 9855 4126 4184 9856 4125 4183 9857 4128 4186 9858 4129 4187 9859 4130 4188 9860 4130 4188 9861 4129 4187 9862 4131 4189 9863 4131 4189 9864 4129 4187 9865 4132 4190 9866 4132 4190 9867 4129 4187 9868 4133 4191 9869 4129 4187 9870 4134 4192 9871 4133 4191 9872 4134 4192 9873 4135 4193 9874 4133 4191 9875 4136 4194 9876 4137 4195 9877 4134 4196 9878 4138 4197 9879 4134 4196 9880 4137 4195 9881 4137 4195 9882 4139 4198 9883 4138 4197 9884 4140 4199 9885 4128 4200 9886 4141 4201 9887 4142 4202 9888 4140 4199 9889 4141 4201 9890 4140 4203 9891 4143 4204 9892 4144 4205 9893 4145 4206 9894 4144 4205 9895 4143 4204 9896 4145 4206 9897 4143 4204 9898 4146 4207 9899 4147 4208 9900 4148 4209 9901 4149 4210 9902 4149 4210 9903 4148 4209 9904 4150 4211 9905 4150 4211 9906 4148 4209 9907 4151 4212 9908 4151 4212 9909 4148 4209 9910 4152 4213 9911 4153 4214 9912 4147 4208 9913 4149 4210 9914 4154 4215 9915 4153 4214 9916 4149 4210 9917 4153 4216 9918 4155 4217 9919 4156 4218 9920 4157 4219 9921 4156 4218 9922 4155 4217 9923 4157 4219 9924 4155 4217 9925 4158 4220 9926 4159 4221 9927 4160 4222 9928 4161 4223 9929 4162 4224 9930 4163 4225 9931 4164 4226 9932 4165 4227 9933 4166 4228 9934 4167 4229 9935 4168 4230 9936 4169 4231 9937 4170 4232 9938 4169 4231 9939 4171 4233 9940 4170 4232 9941 4172 4234 9942 4171 4233 9943 4169 4231 9944 4173 4235 9945 4171 4233 9946 4172 4234 9947 4174 4236 9948 4171 4233 9949 4173 4235 9950 4171 4233 9951 4175 4237 9952 4170 4232 9953 4176 4238 9954 4177 4239 9955 4178 4240 9956 4179 4241 9957 4180 4242 9958 4181 4243 9959 4182 4244 9960 4183 4245 9961 4184 4246 9962 4183 4245 9963 4185 4247 9964 4184 4246 9965 4186 4248 9966 4185 4247 9967 4183 4245 9968 4187 4249 9969 4186 4248 9970 4183 4245 9971 4188 4250 9972 4187 4249 9973 4183 4245 9974 4189 4251 9975 4186 4248 9976 4187 4249 9977 4190 4252 9978 4191 4253 9979 4192 4254 9980 4193 4255 9981 4194 4256 9982 4195 4257 9983 4196 4258 9984 4197 4259 9985 4198 4260 9986 4199 4261 9987 4200 4262 9988 4201 4263 9989 4202 4264 9990 4201 4263 9991 4200 4262 9992 4200 4262 9993 4203 4265 9994 4202 4264 9995 4204 4266 9996 4202 4264 9997 4203 4265 9998 4203 4265 9999 4205 4267 10000 4204 4266 10001 4206 4268 10002 4204 4266 10003 4205 4267 10004 4205 4267 10005 4207 4269 10006 4206 4268 10007 4208 4270 10008 4206 4268 10009 4207 4269 10010 4207 4269 10011 4209 4271 10012 4208 4270 10013 4210 4272 10014 4208 4270 10015 4209 4271 10016 4209 4271 10017 4211 4273 10018 4210 4272 10019 4212 4274 10020 4210 4272 10021 4211 4273 10022 4212 4274 10023 4211 4273 10024 4213 4275 10025 4201 4263 10026 4213 4275 10027 4199 4261 10028 4214 4276 10029 4213 4275 10030 4211 4273 10031 4214 4276 10032 4199 4261 10033 4213 4275 10034 4215 4277 10035 4216 4278 10036 4217 4279 10037 4218 4280 10038 4217 4279 10039 4216 4278 10040 4216 4278 10041 4219 4281 10042 4218 4280 10043 4220 4282 10044 4218 4280 10045 4219 4281 10046 4220 4282 10047 4219 4281 10048 4221 4283 10049 4222 4284 10050 4221 4283 10051 4219 4281 10052 4222 4284 10053 4223 4285 10054 4221 4283 10055 4224 4286 10056 4221 4283 10057 4223 4285 10058 4223 4285 10059 4225 4287 10060 4224 4286 10061 4226 4288 10062 4224 4286 10063 4225 4287 10064 4225 4287 10065 4227 4289 10066 4226 4288 10067 4228 4290 10068 4226 4288 10069 4227 4289 10070 4227 4289 10071 4229 4291 10072 4228 4290 10073 4230 4292 10074 4228 4290 10075 4229 4291 10076 4229 4291 10077 4215 4277 10078 4230 4292 10079 4217 4279 10080 4230 4292 10081 4215 4277 10082 4231 4293 10083 4232 4294 10084 4233 4295 10085 4234 4296 10086 4233 4295 10087 4232 4294 10088 4233 4295 10089 4235 4297 10090 4231 4293 10091 4236 4298 10092 4231 4293 10093 4235 4297 10094 4235 4297 10095 4237 4299 10096 4236 4298 10097 4238 4300 10098 4236 4298 10099 4237 4299 10100 4237 4299 10101 4239 4301 10102 4238 4300 10103 4240 4302 10104 4238 4300 10105 4239 4301 10106 4239 4301 10107 4241 4303 10108 4240 4302 10109 4242 4304 10110 4240 4302 10111 4241 4303 10112 4243 4305 10113 4244 4306 10114 4245 4307 10115 4246 4308 10116 4245 4307 10117 4244 4306 10118 4244 4306 10119 4247 4309 10120 4246 4308 10121 4248 4310 10122 4246 4308 10123 4247 4309 10124 4247 4309 10125 4249 4311 10126 4248 4310 10127 4250 4312 10128 4248 4310 10129 4249 4311 10130 4251 4313 10131 4252 4314 10132 4253 4315 10133 4254 4316 10134 4253 4315 10135 4252 4314 10136 4252 4314 10137 4255 4317 10138 4254 4316 10139 4256 4318 10140 4254 4316 10141 4255 4317 10142 4255 4317 10143 4257 4319 10144 4256 4318 10145 4258 4320 10146 4256 4318 10147 4257 4319 10148 4257 4319 10149 4259 4321 10150 4258 4320 10151 4260 4322 10152 4258 4320 10153 4259 4321 10154 4259 4321 10155 4261 4323 10156 4260 4322 10157 4262 4324 10158 4260 4322 10159 4261 4323 10160 4263 4325 10161 4264 4326 10162 4265 4327 10163 4266 4328 10164 4265 4327 10165 4264 4326 10166 4264 4326 10167 4267 4329 10168 4266 4328 10169 4268 4330 10170 4266 4328 10171 4267 4329 10172 4267 4329 10173 4269 4331 10174 4268 4330 10175 4270 4332 10176 4268 4330 10177 4269 4331 10178 4271 4333 10179 4272 4334 10180 4273 4335 10181 4274 4336 10182 4273 4335 10183 4272 4334 10184 4273 4335 10185 4275 4337 10186 4271 4333 10187 4276 4338 10188 4271 4333 10189 4275 4337 10190 4271 4333 10191 4277 4339 10192 4272 4334 10193 4271 4333 10194 4276 4338 10195 4277 4339 10196 4278 4340 10197 4272 4334 10198 4277 4339 10199 4277 4339 10200 4279 4341 10201 4278 4340 10202 4280 4342 10203 4278 4340 10204 4279 4341 10205 4281 4343 10206 4277 4339 10207 4276 4338 10208 4277 4339 10209 4281 4343 10210 4279 4341 10211 4282 4344 10212 4279 4341 10213 4281 4343 10214 4280 4342 10215 4279 4341 10216 4283 4345 10217 4279 4341 10218 4282 4344 10219 4283 4345 10220 4284 4346 10221 4280 4342 10222 4283 4345 10223 4285 4347 10224 4280 4342 10225 4284 4346 10226 4282 4344 10227 4286 4348 10228 4283 4345 10229 4283 4345 10230 4286 4348 10231 4287 4349 10232 4288 4350 10233 4289 4351 10234 4290 4352 10235 4290 4352 10236 4289 4351 10237 4291 4353 10238 4289 4351 10239 4292 4354 10240 4291 4353 10241 4293 4355 10242 4292 4354 10243 4289 4351 10244 4291 4353 10245 4292 4354 10246 4294 4356 10247 4295 4357 10248 4294 4356 10249 4292 4354 10250 4294 4356 10251 4295 4357 10252 4296 4358 10253 4297 4359 10254 4296 4358 10255 4295 4357 10256 4296 4358 10257 4297 4359 10258 4298 4360 10259 4299 4361 10260 4296 4358 10261 4298 4360 10262 4297 4359 10263 4300 4362 10264 4298 4360 10265 4298 4360 10266 4300 4362 10267 4301 4363 10268 4302 4364 10269 4303 4365 10270 4304 4366 10271 4303 4365 10272 4305 4367 10273 4304 4366 10274 4306 4368 10275 4305 4367 10276 4303 4365 10277 4307 4369 10278 4303 4365 10279 4302 4364 10280 4308 4370 10281 4303 4365 10282 4307 4369 10283 4309 4371 10284 4303 4365 10285 4308 4370 10286 4302 4364 10287 4304 4366 10288 4310 4372 10289 4311 4373 10290 4310 4372 10291 4304 4366 10292 4310 4372 10293 4312 4374 10294 4302 4364 10295 4312 4374 10296 4307 4369 10297 4302 4364 10298 4313 4375 10299 4311 4373 10300 4304 4366 10301 4304 4366 10302 4314 4376 10303 4313 4375 10304 4315 4377 10305 4307 4378 10306 4316 4379 10307 4312 4380 10308 4316 4381 10309 4317 4382 10310 4318 4383 10311 4319 4384 10312 4316 4385 10313 4313 4386 10314 4320 4387 10315 4321 4388 10316 4322 4389 10317 4323 4390 10318 4324 4391 10319 4323 4390 10320 4325 4392 10321 4324 4391 10322 4326 4393 10323 4325 4392 10324 4323 4390 10325 4324 4391 10326 4325 4392 10327 4327 4394 10328 4323 4390 10329 4328 4395 10330 4326 4393 10331 4329 4396 10332 4326 4393 10333 4328 4395 10334 4328 4395 10335 4330 4397 10336 4329 4396 10337 4331 4398 10338 4329 4396 10339 4330 4397 10340 4330 4397 10341 4332 4399 10342 4331 4398 10343 4331 4398 10344 4332 4399 10345 4333 4400 10346 4334 4401 10347 4331 4398 10348 4333 4400 10349 4333 4400 10350 4332 4399 10351 4335 4402 10352 4336 4403 10353 4337 4404 10354 4338 4405 10355 4339 4406 10356 4338 4405 10357 4337 4404 10358 4340 4407 10359 4341 4408 10360 4342 4409 10361 4343 4410 10362 4342 4409 10363 4341 4408 10364 4341 4408 10365 4344 4411 10366 4343 4410 10367 4345 4412 10368 4343 4410 10369 4344 4411 10370 4346 4413 10371 4347 4414 10372 4348 4415 10373 4349 4416 10374 4348 4415 10375 4347 4414 10376 4350 4417 10377 4351 4418 10378 4352 4419 10379 4353 4420 10380 4352 4419 10381 4351 4418 10382 4351 4418 10383 4354 4421 10384 4353 4420 10385 4355 4422 10386 4353 4420 10387 4354 4421 10388 4354 4421 10389 4356 4423 10390 4355 4422 10391 4357 4424 10392 4355 4422 10393 4356 4423 10394 4358 4425 10395 4359 4426 10396 4360 4427 10397 4361 4428 10398 4360 4427 10399 4359 4426 10400 4362 4429 10401 4363 4430 10402 4364 4431 10403 4365 4432 10404 4364 4431 10405 4363 4430 10406 4363 4430 10407 4366 4433 10408 4365 4432 10409 4367 4434 10410 4365 4432 10411 4366 4433 10412 4368 4435 10413 4369 4436 10414 4370 4437 10415 4371 4438 10416 4370 4437 10417 4369 4436 10418 4372 4439 10419 4373 4440 10420 4374 4441 10421 4375 4442 10422 4374 4441 10423 4373 4440 10424 4373 4440 10425 4376 4443 10426 4375 4442 10427 4377 4444 10428 4375 4442 10429 4376 4443 10430 4376 4443 10431 4378 4445 10432 4377 4444 10433 4379 4446 10434 4377 4444 10435 4378 4445 10436 4380 4447 10437 4381 4448 10438 4382 4449 10439 4383 4450 10440 4382 4449 10441 4381 4448 10442 4381 4448 10443 4384 4451 10444 4383 4450 10445 4385 4452 10446 4383 4450 10447 4384 4451 10448 4382 4449 10449 4386 4453 10450 4380 4447 10451 4387 4454 10452 4380 4447 10453 4386 4453 10454 4386 4453 10455 4388 4455 10456 4387 4454 10457 4389 4456 10458 4387 4454 10459 4388 4455 10460 4390 4457 10461 4391 4458 10462 4392 4459 10463 4393 4460 10464 4392 4459 10465 4391 4458 10466 4394 4461 10467 4395 4462 10468 4396 4463 10469 4397 4464 10470 4396 4463 10471 4395 4462 10472 4398 4465 10473 4399 4466 10474 4400 4467 10475 4401 4468 10476 4400 4467 10477 4399 4466 10478 4402 4469 10479 4403 4470 10480 4404 4471 10481 4405 4472 10482 4404 4471 10483 4403 4470 10484 4403 4470 10485 4406 4473 10486 4405 4472 10487 4407 4474 10488 4405 4472 10489 4406 4473 10490 4406 4473 10491 4408 4475 10492 4407 4474 10493 4409 4476 10494 4407 4474 10495 4408 4475 10496 4408 4475 10497 4410 4477 10498 4409 4476 10499 4411 4478 10500 4409 4476 10501 4410 4477 10502 4412 4479 10503 4413 4480 10504 4414 4481 10505 4415 4482 10506 4414 4481 10507 4413 4480 10508 4416 4483 10509 4417 4484 10510 4418 4485 10511 4419 4486 10512 4418 4485 10513 4417 4484 10514 4420 4487 10515 4421 4488 10516 4422 4489 10517 4423 4490 10518 4422 4489 10519 4421 4488 10520 4424 4491 10521 4425 4492 10522 4426 4493 10523 4427 4494 10524 4426 4493 10525 4425 4492 10526 4425 4492 10527 4428 4495 10528 4427 4494 10529 4429 4496 10530 4427 4494 10531 4428 4495 10532 4428 4495 10533 4430 4497 10534 4429 4496 10535 4431 4498 10536 4429 4496 10537 4430 4497 10538 4426 4493 10539 4432 4499 10540 4424 4491 10541 4433 4500 10542 4424 4491 10543 4432 4499 10544 4434 4501 10545 4435 4502 10546 4436 4503 10547 4437 4504 10548 4436 4503 10549 4435 4502 10550 4438 4505 10551 4439 4506 10552 4440 4507 10553 4441 4508 10554 4440 4507 10555 4439 4506 10556 4442 4509 10557 4443 4510 10558 4444 4511 10559 4445 4512 10560 4444 4511 10561 4443 4510 10562 4446 4513 10563 4447 4514 10564 4448 4515 10565 4449 4516 10566 4448 4515 10567 4447 4514 10568 4447 4514 10569 4450 4517 10570 4449 4516 10571 4451 4518 10572 4449 4516 10573 4450 4517 10574 4450 4517 10575 4452 4519 10576 4451 4518 10577 4453 4520 10578 4451 4518 10579 4452 4519 10580 4452 4519 10581 4454 4521 10582 4453 4520 10583 4455 4522 10584 4453 4520 10585 4454 4521 10586 4456 4523 10587 4457 4524 10588 4458 4525 10589 4459 4526 10590 4458 4525 10591 4457 4524 10592 4460 4527 10593 4461 4528 10594 4462 4529 10595 4463 4530 10596 4462 4529 10597 4461 4528 10598 4464 4531 10599 4465 4532 10600 4466 4533 10601 4467 4534 10602 4466 4533 10603 4465 4532 10604 4468 4535 10605 4469 4536 10606 4470 4537 10607 4471 4538 10608 4470 4537 10609 4469 4536 10610 4472 4539 10611 4473 4540 10612 4474 4541 10613 4475 4542 10614 4474 4541 10615 4473 4540 10616 4473 4540 10617 4476 4543 10618 4475 4542 10619 4477 4544 10620 4474 4545 10621 4478 4546 10622 4477 4544 10623 4479 4547 10624 4474 4545 10625 4480 4548 10626 4481 4549 10627 4482 4550 10628 4483 4551 10629 4482 4550 10630 4481 4549 10631 4484 4552 10632 4485 4553 10633 4486 4554 10634 4487 4555 10635 4486 4554 10636 4485 4553 10637 4488 4556 10638 4489 4557 10639 4490 4558 10640 4491 4559 10641 4490 4558 10642 4489 4557 10643 4492 4560 10644 4493 4561 10645 4494 4562 10646 4495 4563 10647 4494 4562 10648 4493 4561 10649 4496 4564 10650 4497 4565 10651 4498 4566 10652 4499 4567 10653 4498 4566 10654 4497 4565 10655 4500 4568 10656 4501 4569 10657 4502 4570 10658 4503 4571 10659 4502 4570 10660 4501 4569 10661 4503 4571 10662 4504 4572 10663 4502 4570 10664 4505 4573 10665 4502 4570 10666 4504 4572 10667 4501 4569 10668 4500 4568 10669 4506 4574 10670 4501 4569 10671 4506 4574 10672 4507 4575 10673 4508 4576 10674 4507 4575 10675 4506 4574 10676 4509 4577 10677 4507 4575 10678 4508 4576 10679 4510 4578 10680 4506 4574 10681 4500 4568 10682 4504 4572 10683 4511 4579 10684 4505 4573 10685 4504 4572 10686 4512 4580 10687 4511 4579 10688 4513 4581 10689 4511 4579 10690 4512 4580 10691 4512 4580 10692 4514 4582 10693 4513 4581 10694 4515 4583 10695 4505 4573 10696 4511 4579 10697 4516 4584 10698 4517 4585 10699 4518 4586 10700 4519 4587 10701 4518 4586 10702 4517 4585 10703 4516 4584 10704 4518 4586 10705 4520 4588 10706 4521 4589 10707 4520 4588 10708 4518 4586 10709 4521 4589 10710 4522 4590 10711 4520 4588 10712 4523 4591 10713 4520 4588 10714 4522 4590 10715 4523 4591 10716 4522 4590 10717 4524 4592 10718 4525 4593 10719 4524 4592 10720 4522 4590 10721 4526 4594 10722 4527 4595 10723 4528 4596 10724 4529 4597 10725 4528 4596 10726 4527 4595 10727 4529 4597 10728 4527 4595 10729 4530 4598 10730 4531 4599 10731 4530 4598 10732 4527 4595 10733 4527 4595 10734 4526 4594 10735 4532 4600 10736 4527 4595 10737 4532 4600 10738 4531 4599 10739 4533 4601 10740 4532 4600 10741 4526 4594 10742 4534 4602 10743 4531 4599 10744 4532 4600 10745 4526 4594 10746 4535 4603 10747 4533 4601 10748 4536 4604 10749 4533 4601 10750 4535 4603 10751 4526 4594 10752 4537 4605 10753 4535 4603 10754 4538 4606 10755 4535 4603 10756 4537 4605 10757 4528 4596 10758 4539 4607 10759 4526 4594 10760 4539 4607 10761 4537 4605 10762 4526 4594 10763 4531 4599 10764 4540 4608 10765 4530 4598 10766 4541 4609 10767 4530 4598 10768 4540 4608 10769 4541 4609 10770 4540 4608 10771 4542 4610 10772 4543 4611 10773 4542 4610 10774 4540 4608 10775 4540 4608 10776 4544 4612 10777 4543 4611 10778 4534 4602 10779 4544 4612 10780 4531 4599 10781 4540 4608 10782 4531 4599 10783 4544 4612 10784 4545 4613 10785 4543 4611 10786 4544 4612 10787 4543 4611 10788 4545 4613 10789 4546 4614 10790 4547 4615 10791 4546 4614 10792 4545 4613 10793 4546 4614 10794 4548 4616 10795 4543 4611 10796 4549 4617 10797 4543 4611 10798 4548 4616 10799 4550 4618 10800 4542 4610 10801 4543 4611 10802 4550 4618 10803 4543 4611 10804 4549 4617 10805 4551 4619 10806 4552 4620 10807 4553 4621 10808 4554 4622 10809 4553 4621 10810 4552 4620 10811 4554 4622 10812 4552 4620 10813 4555 4623 10814 4556 4624 10815 4555 4623 10816 4552 4620 10817 4551 4619 10818 4557 4625 10819 4552 4620 10820 4558 4626 10821 4552 4620 10822 4557 4625 10823 4559 4627 10824 4558 4626 10825 4557 4625 10826 4559 4627 10827 4560 4628 10828 4558 4626 10829 4558 4626 10830 4560 4628 10831 4552 4620 10832 4556 4624 10833 4552 4620 10834 4560 4628 10835 4553 4621 10836 4561 4629 10837 4551 4619 10838 4562 4630 10839 4551 4619 10840 4561 4629 10841 4551 4619 10842 4562 4630 10843 4557 4625 10844 4559 4627 10845 4557 4625 10846 4563 4631 10847 4563 4631 10848 4557 4625 10849 4562 4630 10850 4556 4624 10851 4564 4632 10852 4555 4623 10853 4556 4624 10854 4560 4628 10855 4564 4632 10856 4565 4633 10857 4555 4623 10858 4564 4632 10859 4565 4633 10860 4564 4632 10861 4566 4634 10862 4567 4635 10863 4566 4634 10864 4564 4632 10865 4560 4628 10866 4559 4627 10867 4568 4636 10868 4568 4636 10869 4564 4632 10870 4560 4628 10871 4568 4636 10872 4559 4627 10873 4569 4637 10874 4567 4635 10875 4564 4632 10876 4569 4637 10877 4568 4636 10878 4569 4637 10879 4564 4632 10880 4566 4634 10881 4567 4635 10882 4570 4638 10883 4569 4637 10884 4559 4627 10885 4571 4639 10886 4567 4635 10887 4569 4637 10888 4572 4640 10889 4571 4639 10890 4572 4640 10891 4569 4637 10892 4572 4640 10893 4573 4641 10894 4567 4635 10895 4574 4642 10896 4575 4643 10897 4576 4644 10898 4577 4645 10899 4576 4644 10900 4575 4643 10901 4578 4646 10902 4579 4647 10903 4580 4648 10904 4581 4649 10905 4580 4648 10906 4579 4647 10907 4578 4646 10908 4580 4648 10909 4582 4650 10910 4583 4651 10911 4582 4650 10912 4580 4648 10913 4583 4651 10914 4584 4652 10915 4582 4650 10916 4585 4653 10917 4582 4650 10918 4584 4652 10919 4579 4647 10920 4586 4654 10921 4581 4649 10922 4587 4655 10923 4581 4649 10924 4586 4654 10925 4588 4656 10926 4589 4657 10927 4590 4658 10928 4591 4659 10929 4590 4658 10930 4589 4657 10931 4591 4659 10932 4589 4657 10933 4592 4660 10934 4593 4661 10935 4592 4660 10936 4589 4657 10937 4588 4656 10938 4590 4658 10939 4594 4662 10940 4595 4663 10941 4594 4662 10942 4590 4658 10943 4593 4661 10944 4596 4664 10945 4592 4660 10946 4597 4665 10947 4592 4660 10948 4596 4664 10949 4597 4665 10950 4596 4664 10951 4598 4666 10952 4599 4667 10953 4598 4666 10954 4596 4664 10955 4599 4667 10956 4600 4668 10957 4598 4666 10958 4601 4669 10959 4598 4666 10960 4600 4668 10961 4588 4656 10962 4602 4670 10963 4589 4657 10964 4588 4656 10965 4594 4662 10966 4602 4670 10967 4603 4671 10968 4589 4657 10969 4602 4670 10970 4589 4657 10971 4603 4671 10972 4593 4661 10973 4602 4670 10974 4604 4672 10975 4603 4671 10976 4605 4673 10977 4603 4671 10978 4604 4672 10979 4603 4671 10980 4605 4673 10981 4606 4674 10982 4606 4674 10983 4593 4661 10984 4603 4671 10985 4593 4661 10986 4606 4674 10987 4596 4664 10988 4607 4675 10989 4606 4674 10990 4605 4673 10991 4602 4670 10992 4608 4676 10993 4604 4672 10994 4608 4676 10995 4602 4670 10996 4594 4662 10997 4609 4677 10998 4604 4672 10999 4608 4676 11000 4596 4664 11001 4610 4678 11002 4599 4667 11003 4606 4674 11004 4607 4675 11005 4610 4678 11006 4610 4678 11007 4596 4664 11008 4606 4674 11009 4611 4679 11010 4599 4667 11011 4610 4678 11012 4599 4667 11013 4611 4679 11014 4600 4668 11015 4610 4678 11016 4612 4680 11017 4611 4679 11018 4612 4680 11019 4610 4678 11020 4607 4675 11021 4613 4681 11022 4611 4679 11023 4612 4680 11024 4611 4679 11025 4613 4681 11026 4614 4682 11027 4614 4682 11028 4600 4668 11029 4611 4679 11030 4615 4683 11031 4614 4682 11032 4613 4681 11033 4616 4684 11034 4617 4685 11035 4618 4686 11036 4619 4687 11037 4618 4686 11038 4617 4685 11039 4616 4684 11040 4618 4686 11041 4620 4688 11042 4621 4689 11043 4620 4688 11044 4618 4686 11045 4619 4687 11046 4617 4685 11047 4622 4690 11048 4623 4691 11049 4622 4690 11050 4617 4685 11051 4623 4691 11052 4624 4692 11053 4622 4690 11054 4625 4693 11055 4622 4690 11056 4624 4692 11057 4625 4693 11058 4624 4692 11059 4626 4694 11060 4627 4695 11061 4626 4694 11062 4624 4692 11063 4627 4695 11064 4628 4696 11065 4626 4694 11066 4629 4697 11067 4626 4694 11068 4628 4696 11069 4630 4698 11070 4631 4699 11071 4632 4700 11072 4633 4701 11073 4632 4700 11074 4631 4699 11075 4632 4700 11076 4634 4702 11077 4630 4698 11078 4635 4703 11079 4630 4698 11080 4634 4702 11081 4636 4704 11082 4637 4705 11083 4638 4706 11084 4639 4707 11085 4638 4706 11086 4637 4705 11087 4639 4707 11088 4640 4708 11089 4638 4706 11090 4641 4709 11091 4638 4706 11092 4640 4708 11093 4636 4704 11094 4642 4710 11095 4637 4705 11096 4643 4711 11097 4637 4705 11098 4642 4710 11099 4638 4706 11100 4644 4712 11101 4636 4704 11102 4645 4713 11103 4636 4704 11104 4644 4712 11105 4636 4704 11106 4645 4713 11107 4642 4710 11108 4644 4712 11109 4638 4706 11110 4646 4714 11111 4641 4709 11112 4646 4714 11113 4638 4706 11114 4646 4714 11115 4641 4709 11116 4647 4715 11117 4648 4716 11118 4647 4715 11119 4641 4709 11120 4641 4709 11121 4649 4717 11122 4648 4716 11123 4650 4718 11124 4642 4710 11125 4645 4713 11126 4651 4719 11127 4648 4720 11128 4652 4721 11129 4653 4722 11130 4654 4723 11131 4655 4724 11132 4653 4722 11133 4655 4724 11134 4656 4725 11135 4657 4726 11136 4656 4725 11137 4655 4724 11138 4657 4726 11139 4655 4724 11140 4658 4727 11141 4659 4728 11142 4658 4727 11143 4655 4724 11144 4655 4724 11145 4660 4729 11146 4659 4728 11147 4656 4725 11148 4657 4726 11149 4661 4730 11150 4662 4731 11151 4661 4730 11152 4657 4726 11153 4662 4731 11154 4657 4726 11155 4663 4732 11156 4663 4732 11157 4657 4726 11158 4664 4733 11159 4658 4727 11160 4664 4733 11161 4657 4726 11162 4662 4731 11163 4665 4734 11164 4661 4730 11165 4666 4735 11166 4661 4730 11167 4665 4734 11168 4665 4734 11169 4667 4736 11170 4666 4735 11171 4668 4737 11172 4666 4735 11173 4667 4736 11174 4662 4731 11175 4663 4732 11176 4669 4738 11177 4662 4731 11178 4669 4738 11179 4665 4734 11180 4670 4739 11181 4669 4738 11182 4663 4732 11183 4664 4733 11184 4671 4740 11185 4663 4732 11186 4670 4739 11187 4663 4732 11188 4671 4740 11189 4672 4741 11190 4665 4734 11191 4669 4738 11192 4672 4741 11193 4673 4742 11194 4665 4734 11195 4674 4743 11196 4665 4734 11197 4673 4742 11198 4665 4734 11199 4674 4743 11200 4667 4736 11201 4675 4744 11202 4667 4736 11203 4674 4743 11204 4668 4737 11205 4676 4745 11206 4666 4735 11207 4677 4746 11208 4666 4735 11209 4676 4745 11210 4666 4735 11211 4677 4746 11212 4661 4730 11213 4678 4747 11214 4661 4730 11215 4677 4746 11216 4678 4747 11217 4679 4748 11218 4661 4730 11219 4656 4725 11220 4661 4730 11221 4679 4748 11222 4679 4748 11223 4680 4749 11224 4656 4725 11225 4653 4722 11226 4656 4725 11227 4680 4749 11228 4681 4750 11229 4653 4722 11230 4680 4749 11231 4679 4748 11232 4682 4751 11233 4680 4749 11234 4683 4752 11235 4680 4749 11236 4682 4751 11237 4684 4753 11238 4680 4749 11239 4683 4752 11240 4679 4748 11241 4678 4747 11242 4685 4754 11243 4682 4751 11244 4679 4748 11245 4686 4755 11246 4685 4754 11247 4686 4755 11248 4679 4748 11249 4678 4747 11250 4687 4756 11251 4685 4754 11252 4678 4747 11253 4677 4746 11254 4687 4756 11255 4688 4757 11256 4685 4754 11257 4687 4756 11258 4688 4757 11259 4689 4758 11260 4685 4754 11261 4686 4755 11262 4685 4754 11263 4689 4758 11264 4690 4759 11265 4687 4756 11266 4677 4746 11267 4690 4759 11268 4677 4746 11269 4691 4760 11270 4692 4761 11271 4691 4760 11272 4677 4746 11273 4677 4746 11274 4676 4745 11275 4692 4761 11276 4693 4762 11277 4692 4761 11278 4676 4745 11279 4694 4763 11280 4695 4764 11281 4696 4765 11282 4697 4766 11283 4696 4765 11284 4695 4764 11285 4694 4763 11286 4698 4767 11287 4695 4764 11288 4699 4768 11289 4695 4764 11290 4698 4767 11291 4699 4768 11292 4698 4767 11293 4700 4769 11294 4701 4770 11295 4700 4769 11296 4698 4767 11297 4701 4770 11298 4702 4771 11299 4700 4769 11300 4703 4772 11301 4700 4769 11302 4702 4771 11303 4699 4768 11304 4704 4773 11305 4695 4764 11306 4705 4774 11307 4695 4764 11308 4704 4773 11309 4700 4769 11310 4706 4775 11311 4699 4768 11312 4704 4773 11313 4699 4768 11314 4706 4775 11315 4695 4764 11316 4707 4776 11317 4697 4766 11318 4708 4777 11319 4697 4766 11320 4707 4776 11321 4703 4772 11322 4709 4778 11323 4700 4769 11324 4710 4779 11325 4700 4769 11326 4709 4778 11327 4711 4780 11328 4707 4776 11329 4695 4764 11330 4708 4777 11331 4712 4781 11332 4697 4766 11333 4697 4766 11334 4712 4781 11335 4713 4782 11336 4714 4783 11337 4713 4782 11338 4712 4781 11339 4713 4782 11340 4714 4783 11341 4715 4784 11342 4716 4785 11343 4715 4784 11344 4714 4783 11345 4715 4784 11346 4716 4785 11347 4717 4786 11348 4717 4786 11349 4718 4787 11350 4715 4784 11351 4719 4788 11352 4718 4787 11353 4717 4786 11354 4717 4786 11355 4720 4789 11356 4719 4788 11357 4721 4790 11358 4719 4788 11359 4720 4789 11360 4720 4789 11361 4722 4791 11362 4721 4790 11363 4722 4791 11364 4720 4789 11365 4723 4792 11366 4724 4793 11367 4722 4791 11368 4723 4792 11369 4725 4794 11370 4722 4791 11371 4724 4793 11372 4726 4795 11373 4721 4790 11374 4722 4791 11375 4720 4789 11376 4727 4796 11377 4723 4792 11378 4728 4797 11379 4720 4789 11380 4717 4786 11381 4728 4797 11382 4727 4796 11383 4720 4789 11384 4723 4798 11385 4729 4799 11386 4730 4800 11387 4730 4800 11388 4729 4799 11389 4731 4801 11390 4732 4802 11391 4731 4803 11392 4733 4804 11393 4734 4805 11394 4735 4806 11395 4727 4807 11396 4734 4805 11397 4729 4808 11398 4735 4806 11399 4736 4809 11400 4737 4810 11401 4738 4811 11402 4739 4812 11403 4736 4809 11404 4738 4811 11405 4736 4809 11406 4739 4812 11407 4740 4813 11408 4741 4814 11409 4740 4813 11410 4739 4812 11411 4740 4813 11412 4741 4814 11413 4742 4815 11414 4742 4815 11415 4743 4816 11416 4740 4813 11417 4744 4817 11418 4743 4816 11419 4742 4815 11420 4745 4818 11421 4744 4817 11422 4742 4815 11423 4746 4819 11424 4742 4815 11425 4741 4814 11426 4736 4809 11427 4747 4820 11428 4737 4810 11429 4737 4810 11430 4747 4820 11431 4748 4821 11432 4749 4822 11433 4748 4821 11434 4747 4820 11435 4736 4809 11436 4740 4813 11437 4750 4823 11438 4743 4816 11439 4751 4824 11440 4740 4813 11441 4748 4821 11442 4749 4822 11443 4703 4772 11444 4752 4825 11445 4703 4772 11446 4749 4822 11447 4752 4825 11448 4709 4778 11449 4703 4772 11450 4753 4826 11451 4754 4827 11452 4751 4828 11453 4753 4826 11454 4750 4829 11455 4754 4827 11456 4755 4830 11457 4756 4831 11458 4743 4832 11459 4757 4833 11460 4758 4834 11461 4756 4835 11462 4757 4833 11463 4751 4836 11464 4758 4834 11465 4759 4837 11466 4760 4838 11467 4756 4839 11468 4761 4840 11469 4762 4841 11470 4763 4842 11471 4764 4843 11472 4763 4842 11473 4762 4841 11474 4762 4841 11475 4761 4840 11476 4765 4844 11477 4766 4845 11478 4765 4844 11479 4761 4840 11480 4766 4845 11481 4711 4780 11482 4765 4844 11483 4767 4846 11484 4765 4844 11485 4711 4780 11486 4764 4843 11487 4768 4847 11488 4763 4842 11489 4769 4848 11490 4763 4842 11491 4768 4847 11492 4767 4846 11493 4711 4780 11494 4695 4764 11495 4705 4774 11496 4767 4846 11497 4695 4764 11498 4770 4849 11499 4771 4850 11500 4772 4851 11501 4773 4852 11502 4772 4851 11503 4771 4850 11504 4770 4849 11505 4772 4851 11506 4774 4853 11507 4775 4854 11508 4774 4853 11509 4772 4851 11510 4775 4854 11511 4776 4855 11512 4774 4853 11513 4777 4856 11514 4774 4853 11515 4776 4855 11516 4771 4850 11517 4778 4857 11518 4773 4852 11519 4779 4858 11520 4773 4852 11521 4778 4857 11522 4777 4856 11523 4776 4855 11524 4700 4769 11525 4776 4855 11526 4706 4775 11527 4700 4769 11528 4710 4779 11529 4777 4856 11530 4700 4769 11531 4780 4859 11532 4781 4860 11533 4782 4861 11534 4782 4861 11535 4781 4860 11536 4783 4862 11537 4784 4863 11538 4782 4861 11539 4783 4862 11540 4782 4861 11541 4784 4863 11542 4785 4864 11543 4786 4865 11544 4785 4864 11545 4784 4863 11546 4787 4866 11547 4780 4859 11548 4782 4861 11549 4782 4861 11550 4788 4867 11551 4787 4866 11552 4782 4861 11553 4789 4868 11554 4788 4867 11555 4782 4861 11556 4785 4864 11557 4789 4868 11558 4790 4869 11559 4788 4867 11560 4789 4868 11561 4791 4870 11562 4787 4866 11563 4788 4867 11564 4788 4867 11565 4792 4871 11566 4791 4870 11567 4793 4872 11568 4792 4871 11569 4788 4867 11570 4792 4871 11571 4793 4872 11572 4794 4873 11573 4795 4874 11574 4794 4873 11575 4793 4872 11576 4792 4871 11577 4794 4873 11578 4796 4875 11579 4796 4875 11580 4791 4870 11581 4792 4871 11582 4797 4876 11583 4796 4875 11584 4794 4873 11585 4794 4873 11586 4798 4877 11587 4797 4876 11588 4794 4873 11589 4799 4878 11590 4798 4877 11591 4800 4879 11592 4799 4878 11593 4794 4873 11594 4801 4880 11595 4800 4879 11596 4794 4873 11597 4802 4881 11598 4797 4876 11599 4798 4877 11600 4802 4881 11601 4798 4877 11602 4780 4882 11603 4801 4880 11604 4794 4873 11605 4803 4883 11606 4804 4884 11607 4794 4873 11608 4795 4874 11609 4803 4883 11610 4794 4873 11611 4804 4884 11612 4805 4885 11613 4801 4880 11614 4803 4883 11615 4806 4886 11616 4801 4880 11617 4805 4885 11618 4780 4859 11619 4807 4887 11620 4781 4860 11621 4781 4860 11622 4807 4887 11623 4808 4888 11624 4783 4862 11625 4781 4860 11626 4808 4888 11627 4809 4889 11628 4783 4890 11629 4810 4891 11630 4810 4891 11631 4811 4892 11632 4809 4889 11633 4810 4891 11634 4812 4893 11635 4811 4892 11636 4813 4894 11637 4812 4893 11638 4810 4891 11639 4811 4892 11640 4812 4893 11641 4814 4895 11642 4815 4896 11643 4809 4889 11644 4811 4892 11645 4816 4897 11646 4811 4892 11647 4814 4895 11648 4817 4898 11649 4811 4892 11650 4816 4897 11651 4818 4899 11652 4817 4898 11653 4816 4897 11654 4817 4898 11655 4819 4900 11656 4811 4892 11657 4815 4896 11658 4811 4892 11659 4819 4900 11660 4820 4901 11661 4819 4900 11662 4817 4898 11663 4821 4902 11664 4820 4903 11665 4822 4904 11666 4821 4902 11667 4823 4905 11668 4820 4903 11669 4821 4902 11670 4824 4906 11671 4823 4905 11672 4823 4905 11673 4825 4907 11674 4820 4903 11675 4823 4905 11676 4785 4864 11677 4825 4907 11678 4786 4865 11679 4825 4907 11680 4785 4864 11681 4824 4906 11682 4826 4908 11683 4823 4905 11684 4823 4905 11685 4826 4908 11686 4827 4909 11687 4823 4905 11688 4827 4909 11689 4828 4910 11690 4823 4905 11691 4828 4910 11692 4785 4864 11693 4829 4911 11694 4828 4910 11695 4827 4909 11696 4830 4912 11697 4827 4909 11698 4826 4908 11699 4827 4909 11700 4830 4912 11701 4831 4913 11702 4831 4913 11703 4832 4914 11704 4827 4909 11705 4831 4913 11706 4833 4915 11707 4832 4914 11708 4834 4916 11709 4832 4914 11710 4833 4915 11711 4831 4913 11712 4835 4917 11713 4833 4915 11714 4835 4917 11715 4831 4913 11716 4830 4912 11717 4836 4918 11718 4833 4915 11719 4835 4917 11720 4833 4915 11721 4836 4918 11722 4837 4919 11723 4838 4920 11724 4833 4915 11725 4837 4919 11726 4839 4921 11727 4833 4915 11728 4838 4920 11729 4840 4922 11730 4833 4915 11731 4839 4921 11732 4841 4923 11733 4837 4919 11734 4836 4918 11735 4837 4919 11736 4841 4923 11737 4824 4924 11738 4833 4915 11739 4840 4922 11740 4842 4925 11741 4833 4915 11742 4843 4926 11743 4834 4916 11744 4833 4915 11745 4842 4925 11746 4843 4926 11747 4840 4922 11748 4844 4927 11749 4842 4925 11750 4840 4922 11751 4845 4928 11752 4844 4927 11753 4824 4906 11754 4821 4902 11755 4846 4929 11756 4846 4929 11757 4821 4902 11758 4822 4904 11759 4847 4930 11760 4789 4868 11761 4785 4864 11762 4847 4930 11763 4785 4864 11764 4828 4910 11765 4848 4931 11766 4849 4932 11767 4850 4933 11768 4851 4934 11769 4850 4933 11770 4849 4932 11771 4851 4934 11772 4852 4935 11773 4850 4933 11774 4853 4936 11775 4850 4933 11776 4852 4935 11777 4854 4937 11778 4852 4935 11779 4851 4934 11780 4855 4938 11781 4856 4939 11782 4857 4940 11783 4858 4941 11784 4857 4940 11785 4856 4939 11786 4859 4942 11787 4860 4943 11788 4861 4944 11789 4862 4945 11790 4861 4944 11791 4860 4943 11792 4863 4946 11793 4864 4947 11794 4865 4948 11795 4866 4949 11796 4865 4948 11797 4864 4947 11798 4867 4950 11799 4868 4951 11800 4869 4952 11801 4870 4953 11802 4869 4952 11803 4868 4951 11804 4871 4954 11805 4872 4955 11806 4873 4956 11807 4874 4957 11808 4873 4956 11809 4872 4955 11810 4874 4957 11811 4872 4955 11812 4875 4958 11813 4876 4959 11814 4875 4958 11815 4872 4955 11816 4877 4960 11817 4878 4961 11818 4879 4962 11819 4880 4963 11820 4879 4962 11821 4878 4961 11822 4880 4963 11823 4881 4964 11824 4879 4962 11825 4882 4965 11826 4879 4962 11827 4881 4964 11828 4883 4966 11829 4884 4967 11830 4885 4968 11831 4886 4969 11832 4887 4970 11833 4888 4971 11834 4888 4971 11835 4889 4972 11836 4886 4969 11837 4890 4973 11838 4891 4974 11839 4889 4975 11840 4892 4976 11841 4893 4977 11842 4894 4978 11843 4895 4979 11844 4894 4978 11845 4893 4977 11846 4893 4977 11847 4896 4980 11848 4895 4979 11849 4897 4981 11850 4895 4979 11851 4896 4980 11852 4898 4982 11853 4899 4983 11854 4900 4984 11855 4901 4985 11856 4900 4984 11857 4899 4983 11858 4902 4986 11859 4903 4987 11860 4904 4988 11861 4905 4989 11862 4904 4988 11863 4903 4987 11864 4903 4987 11865 4906 4990 11866 4905 4989 11867 4907 4991 11868 4905 4989 11869 4906 4990 11870 4908 4992 11871 4909 4993 11872 4910 4994 11873 4911 4995 11874 4910 4994 11875 4909 4993 11876 4912 4996 11877 4913 4997 11878 4914 4998 11879 4915 4999 11880 4914 4998 11881 4913 4997 11882 4916 5000 11883 4917 5001 11884 4918 5002 11885 4919 5003 11886 4918 5002 11887 4917 5001 11888 4920 5004 11889 4921 5005 11890 4922 5006 11891 4923 5007 11892 4922 5006 11893 4921 5005 11894 4924 5008 11895 4925 5009 11896 4926 5010 11897 4927 5011 11898 4926 5010 11899 4925 5009 11900 4928 5012 11901 4929 5013 11902 4930 5014 11903 4931 5015 11904 4930 5014 11905 4929 5013 11906 4932 5016 11907 4933 5017 11908 4934 5018 11909 4935 5019 11910 4934 5018 11911 4933 5017 11912 4936 5020 11913 4937 5021 11914 4938 5022 11915 4939 5023 11916 4938 5022 11917 4937 5021 11918 4940 5024 11919 4941 5025 11920 4942 5026 11921 4943 5027 11922 4942 5026 11923 4941 5025 11924 4944 5028 11925 4945 5029 11926 4946 5030 11927 4947 5031 11928 4946 5030 11929 4945 5029 11930 4948 5032 11931 4949 5033 11932 4950 5034 11933 4951 5035 11934 4950 5034 11935 4949 5033 11936 4952 5036 11937 4953 5037 11938 4954 5038 11939 4955 5039 11940 4954 5038 11941 4953 5037 11942 4952 5036 11943 4956 5040 11944 4953 5037 11945 4957 5041 11946 4953 5037 11947 4956 5040 11948 4958 5042 11949 4959 5043 11950 4960 5044 11951 4961 5045 11952 4960 5044 11953 4959 5043 11954 4961 5045 11955 4959 5043 11956 4962 5046 11957 4963 5047 11958 4962 5046 11959 4959 5043 11960 4958 5042 11961 4960 5044 11962 4964 5048 11963 4965 5049 11964 4964 5048 11965 4960 5044 11966 4965 5049 11967 4966 5050 11968 4964 5048 11969 4967 5051 11970 4964 5048 11971 4966 5050 11972 4968 5052 11973 4969 5053 11974 4970 5054 11975 4971 5055 11976 4970 5054 11977 4969 5053 11978 4970 5054 11979 4972 5056 11980 4968 5052 11981 4973 5057 11982 4968 5052 11983 4972 5056 11984 4968 5052 11985 4974 5058 11986 4969 5053 11987 4975 5059 11988 4969 5053 11989 4974 5058 11990 4974 5058 11991 4968 5052 11992 4976 5060 11993 4973 5057 11994 4976 5060 11995 4968 5052 11996 4977 5061 11997 4978 5062 11998 4979 5063 11999 4980 5064 12000 4979 5063 12001 4978 5062 12002 4977 5061 12003 4979 5063 12004 4981 5065 12005 4982 5066 12006 4981 5065 12007 4979 5063 12008 4983 5067 12009 4984 5068 12010 4985 5069 12011 4986 5070 12012 4985 5069 12013 4984 5068 12014 4983 5067 12015 4987 5071 12016 4984 5068 12017 4988 5072 12018 4984 5068 12019 4987 5071 12020 4986 5070 12021 4989 5073 12022 4985 5069 12023 4990 5074 12024 4985 5069 12025 4989 5073 12026 4990 5074 12027 4989 5073 12028 4991 5075 12029 4992 5076 12030 4991 5075 12031 4989 5073 12032 4993 5077 12033 4994 5078 12034 4995 5079 12035 4994 5078 12036 4996 5080 12037 4995 5079 12038 4997 5081 12039 4995 5079 12040 4996 5080 12041 4996 5080 12042 4998 5082 12043 4997 5081 12044 4999 5083 12045 4997 5081 12046 4998 5082 12047 5000 5084 12048 4997 5081 12049 4999 5083 12050 4997 5081 12051 5000 5084 12052 5001 5085 12053 5001 5085 12054 5000 5084 12055 5002 5086 12056 5003 5087 12057 5002 5086 12058 5000 5084 12059 5004 5088 12060 4993 5077 12061 4995 5079 12062 5005 5089 12063 4993 5077 12064 5004 5088 12065 4993 5077 12066 5005 5089 12067 5006 5090 12068 5007 5091 12069 5006 5090 12070 5005 5089 12071 5008 5092 12072 5009 5093 12073 5010 5094 12074 5011 5095 12075 5010 5094 12076 5009 5093 12077 5012 5096 12078 5013 5097 12079 5014 5098 12080 5015 5099 12081 5014 5098 12082 5013 5097 12083 5016 5100 12084 5017 5101 12085 5018 5102 12086 5019 5103 12087 5018 5102 12088 5017 5101 12089 5020 5104 12090 5021 5105 12091 5022 5106 12092 5023 5107 12093 5022 5106 12094 5021 5105 12095 5020 5104 12096 5024 5108 12097 5021 5105 12098 5025 5109 12099 5021 5105 12100 5024 5108 12101 5020 5104 12102 5022 5106 12103 5026 5110 12104 5023 5107 12105 5027 5111 12106 5022 5106 12107 5028 5112 12108 5022 5106 12109 5027 5111 12110 5029 5113 12111 5030 5114 12112 5022 5115 12113 5029 5116 12114 5031 5117 12115 5026 5118 12116 5032 5119 12117 5026 5118 12118 5031 5117 12119 5026 5118 12120 5032 5119 12121 5033 5120 12122 5034 5121 12123 5033 5120 12124 5032 5119 12125 5033 5120 12126 5034 5121 12127 5035 5122 12128 5036 5123 12129 5035 5122 12130 5034 5121 12131 5037 5124 12132 5031 5117 12133 5029 5116 12134 5031 5117 12135 5037 5124 12136 5036 5123 12137 5035 5122 12138 5036 5123 12139 5037 5124 12140 5038 5125 12141 5039 5126 12142 5040 5127 12143 5041 5128 12144 5040 5127 12145 5039 5126 12146 5042 5129 12147 5043 5130 12148 5044 5131 12149 5045 5132 12150 5044 5131 12151 5043 5130 12152 5046 5133 12153 5047 5134 12154 5048 5135 12155 5049 5136 12156 5048 5135 12157 5047 5134 12158 5049 5136 12159 5047 5134 12160 5050 5137 12161 5047 5134 12162 5046 5133 12163 5051 5138 12164 5052 5139 12165 5051 5138 12166 5046 5133 12167 5047 5134 12168 5051 5138 12169 5053 5140 12170 5054 5141 12171 5053 5140 12172 5051 5138 12173 5053 5140 12174 5055 5142 12175 5047 5134 12176 5056 5143 12177 5047 5134 12178 5055 5142 12179 5056 5143 12180 5050 5137 12181 5047 5134 12182 5046 5133 12183 5057 5144 12184 5052 5139 12185 5058 5145 12186 5052 5139 12187 5057 5144 12188 5048 5135 12189 5059 5146 12190 5046 5133 12191 5059 5146 12192 5060 5147 12193 5046 5133 12194 5060 5147 12195 5061 5148 12196 5046 5133 12197 5061 5148 12198 5057 5144 12199 5046 5133 12200 5055 5142 12201 5053 5140 12202 5062 5149 12203 5063 5150 12204 5062 5149 12205 5053 5140 12206 5064 5151 12207 5065 5152 12208 5066 5153 12209 5067 5154 12210 5066 5153 12211 5065 5152 12212 5068 5155 12213 5069 5156 12214 5070 5157 12215 5071 5158 12216 5070 5157 12217 5069 5156 12218 5072 5159 12219 5073 5160 12220 5074 5161 12221 5075 5162 12222 5074 5161 12223 5073 5160 12224 5076 5163 12225 5077 5164 12226 5078 5165 12227 5079 5166 12228 5078 5165 12229 5077 5164 12230 5080 5167 12231 5081 5168 12232 5082 5169 12233 5083 5170 12234 5082 5169 12235 5081 5168 12236 5081 5168 12237 5084 5171 12238 5083 5170 12239 5085 5172 12240 5083 5170 12241 5084 5171 12242 5082 5169 12243 5086 5173 12244 5080 5167 12245 5087 5174 12246 5086 5173 12247 5082 5169 12248 5088 5175 12249 5080 5167 12250 5086 5173 12251 5089 5176 12252 5090 5177 12253 5091 5178 12254 5092 5179 12255 5091 5178 12256 5090 5177 12257 5090 5177 12258 5093 5180 12259 5092 5179 12260 5094 5181 12261 5092 5179 12262 5093 5180 12263 5094 5181 12264 5093 5180 12265 5095 5182 12266 5096 5183 12267 5095 5182 12268 5093 5180 12269 5091 5178 12270 5097 5184 12271 5089 5176 12272 5098 5185 12273 5089 5176 12274 5097 5184 12275 5099 5186 12276 5100 5187 12277 5101 5188 12278 5102 5189 12279 5101 5188 12280 5100 5187 12281 5100 5187 12282 5103 5190 12283 5102 5189 12284 5104 5191 12285 5102 5189 12286 5103 5190 12287 5099 5186 12288 5101 5188 12289 5105 5192 12290 5099 5186 12291 5105 5192 12292 5106 5193 12293 5107 5194 12294 5105 5192 12295 5101 5188 12296 5108 678 12297 5109 679 12298 5110 678 12299 5111 677 12300 5110 678 12301 5109 679 12302 5112 5195 12303 5113 5196 12304 5114 5197 12305 5115 5198 12306 5114 5197 12307 5113 5196 12308 5116 5199 12309 5117 5200 12310 5118 5201 12311 5119 5202 12312 5118 5201 12313 5117 5200 12314 5120 5203 12315 5121 5204 12316 5122 5205 12317 5123 5206 12318 5122 5205 12319 5121 5204 12320 5124 5207 12321 5125 5208 12322 5126 5209 12323 5127 5210 12324 5126 5209 12325 5125 5208 12326 5129 5211 12327 5130 5212 12328 5128 5213 12329 5131 5214 12330 5128 5213 12331 5130 5212 12332 5131 5214 12333 5132 5215 12334 5128 5213 12335 5140 5216 12336 5128 5213 12337 5132 5215 12338 5130 5212 12339 5129 5211 12340 5133 5217 12341 5134 5218 12342 5133 5217 12343 5129 5211 12344 5133 5217 12345 5134 5218 12346 5135 5219 12347 5144 5220 12348 5135 5219 12349 5134 5218 12350 5136 5221 12351 5137 5222 12352 5145 5223 12353 5138 5224 12354 5145 5223 12355 5137 5222 12356 5136 5221 12357 5145 5223 12358 5139 5225 12359 5140 5216 12360 5139 5225 12361 5145 5223 12362 5137 5222 12363 5141 5226 12364 5138 5224 12365 5143 5227 12366 5138 5224 12367 5141 5226 12368 5141 5226 12369 5142 5228 12370 5143 5227 12371 5144 5220 12372 5143 5227 12373 5142 5228 12374 5140 5216 12375 5138 5224 12376 5144 5220 12377 5146 5229 12378 5147 5230 12379 5148 5231 12380 5149 5232 12381 5148 5231 12382 5147 5230 12383 5150 5233 12384 5151 5234 12385 5152 5235 12386 5153 5236 12387 5152 5235 12388 5151 5234 12389 5154 5237 12390 5155 5238 12391 5156 5239 12392 5157 5240 12393 5156 5239 12394 5155 5238 12395 5158 5241 12396 5159 5242 12397 5160 5243 12398 5161 5244 12399 5160 5243 12400 5159 5242 12401 5162 5245 12402 5163 5246 12403 5164 5247 12404 5165 5248 12405 5164 5247 12406 5163 5246 12407 5166 5249 12408 5167 5250 12409 5168 5251 12410 5169 5252 12411 5168 5251 12412 5167 5250 12413 5170 5253 12414 5171 5254 12415 5172 5255 12416 5173 5256 12417 5172 5255 12418 5171 5254 12419 5171 5254 12420 5170 5253 12421 5174 5257 12422 5175 5258 12423 5174 5257 12424 5170 5253 12425 5175 5258 12426 5176 5259 12427 5174 5257 12428 5177 5260 12429 5174 5257 12430 5176 5259 12431 5178 5261 12432 5179 5262 12433 5180 5263 12434 5181 5264 12435 5180 5263 12436 5179 5262 12437 5179 5262 12438 5178 5261 12439 5182 5265 12440 5183 5266 12441 5182 5265 12442 5178 5261 12443 5182 5265 12444 5183 5266 12445 5184 5267 12446 5185 5268 12447 5184 5267 12448 5183 5266 12449 5186 5269 12450 5180 5263 12451 5181 5264 12452 5180 5263 12453 5186 5269 12454 5187 5270 12455 5188 5271 12456 5187 5270 12457 5186 5269 12458 5189 5272 12459 5190 5273 12460 5191 5274 12461 5192 5275 12462 5191 5274 12463 5190 5273 12464 5193 5276 12465 5194 5277 12466 5195 5278 12467 5196 5279 12468 5195 5278 12469 5194 5277 12470 5197 5280 12471 5198 5281 12472 5199 5282 12473 5200 5283 12474 5199 5282 12475 5198 5281 12476 5199 5282 12477 5200 5283 12478 5201 5284 12479 5202 5285 12480 5201 5284 12481 5200 5283 12482 5203 5286 12483 5204 5287 12484 5205 5288 12485 5206 5289 12486 5205 5288 12487 5204 5287 12488 5204 5287 12489 5203 5286 12490 5207 5290 12491 5208 5291 12492 5207 5290 12493 5203 5286 12494 5209 5292 12495 5210 5293 12496 5211 5294 12497 5212 5295 12498 5211 5294 12499 5210 5293 12500 5210 5293 12501 5209 5292 12502 5213 5296 12503 5214 5297 12504 5213 5296 12505 5209 5292 12506 5212 5295 12507 5215 5298 12508 5211 5294 12509 5215 5298 12510 5216 5299 12511 5211 5294 12512 5217 5300 12513 5211 5294 12514 5216 5299 12515 5216 5299 12516 5218 5301 12517 5217 5300 12518 5217 5300 12519 5218 5301 12520 5219 5302 12521 5218 5301 12522 5220 5303 12523 5219 5302 12524 5221 5304 12525 5219 5302 12526 5220 5303 12527 5222 5305 12528 5221 5304 12529 5220 5303 12530 5222 5305 12531 5220 5303 12532 5223 5306 12533 5224 5307 12534 5223 5306 12535 5220 5303 12536 5225 5308 12537 5226 5309 12538 5227 5310 12539 5228 5311 12540 5227 5310 12541 5226 5309 12542 5228 5311 12543 5229 5312 12544 5227 5310 12545 5230 5313 12546 5227 5310 12547 5229 5312 12548 5231 5314 12549 5232 5315 12550 5233 5316 12551 5234 5317 12552 5233 5316 12553 5232 5315 12554 5234 5317 12555 5235 5318 12556 5233 5316 12557 5236 5319 12558 5233 5316 12559 5235 5318 12560 5237 5320 12561 5238 5321 12562 5239 5322 12563 5240 5323 12564 5239 5322 12565 5238 5321 12566 5241 5324 12567 5242 5325 12568 5243 5326 12569 5244 5327 12570 5243 5326 12571 5242 5325 12572 5245 5328 12573 5246 5329 12574 5247 5330 12575 5248 5331 12576 5247 5330 12577 5246 5329 12578 5245 5328 12579 5249 5332 12580 5246 5329 12581 5250 5333 12582 5246 5329 12583 5249 5332 12584 5250 5333 12585 5249 5332 12586 5251 5334 12587 5252 5335 12588 5251 5334 12589 5249 5332 12590 5247 5330 12591 5248 5331 12592 5253 5336 12593 5254 5337 12594 5253 5336 12595 5248 5331 12596 5255 5338 12597 5256 5339 12598 5257 5340 12599 5258 5341 12600 5257 5340 12601 5256 5339 12602 5257 5340 12603 5258 5341 12604 5259 5342 12605 5260 5343 12606 5259 5342 12607 5258 5341 12608 5261 5344 12609 5262 5345 12610 5263 5346 12611 5264 5347 12612 5263 5346 12613 5262 5345 12614 5264 5347 12615 5265 5348 12616 5263 5346 12617 5266 5349 12618 5263 5346 12619 5265 5348 12620 5266 5349 12621 5265 5348 12622 5267 5350 12623 5268 5351 12624 5267 5350 12625 5265 5348 12626 5261 5344 12627 5269 5352 12628 5262 5345 12629 5270 5353 12630 5262 5345 12631 5269 5352 12632 5264 5347 12633 5262 5345 12634 5271 5354 12635 5272 5355 12636 5271 5354 12637 5262 5345 12638 5262 5345 12639 5270 5353 12640 5272 5355 12641 5268 5351 12642 5265 5348 12643 5273 5356 12644 5274 5357 12645 5273 5356 12646 5265 5348 12647 5271 5354 12648 5274 5357 12649 5264 5347 12650 5265 5348 12651 5264 5347 12652 5274 5357 12653 5275 5358 12654 5272 5355 12655 5270 5353 12656 5276 5359 12657 5277 5360 12658 5278 5361 12659 5279 5362 12660 5278 5361 12661 5277 5360 12662 5276 5359 12663 5278 5361 12664 5280 5363 12665 5281 5364 12666 5280 5363 12667 5278 5361 12668 5280 5363 12669 5282 5365 12670 5276 5359 12671 5283 5366 12672 5284 5367 12673 5285 5368 12674 5286 5369 12675 5285 5368 12676 5284 5367 12677 5287 5370 12678 5288 5371 12679 5289 5372 12680 5290 5373 12681 5289 5372 12682 5288 5371 12683 5291 5374 12684 5292 5375 12685 5293 5376 12686 5294 5377 12687 5293 5376 12688 5292 5375 12689 5295 5378 12690 5296 5379 12691 5297 5380 12692 5298 5381 12693 5297 5380 12694 5296 5379 12695 5299 5382 12696 5300 5383 12697 5301 5384 12698 5302 5385 12699 5301 5384 12700 5300 5383 12701 5299 5382 12702 5303 5386 12703 5300 5383 12704 5304 5387 12705 5300 5383 12706 5303 5386 12707 5305 5388 12708 5306 5389 12709 5307 5390 12710 5306 5389 12711 5305 5388 12712 5308 5391 12713 5309 5392 12714 5308 5391 12715 5305 5388 12716 5310 5393 12717 5311 5394 12718 5312 5395 12719 5313 5396 12720 5314 5397 12721 5315 5398 12722 5316 5399 12723 5315 5398 12724 5314 5397 12725 5314 5397 12726 5313 5396 12727 5317 5400 12728 5318 5401 12729 5317 5400 12730 5313 5396 12731 5319 5402 12732 5320 5403 12733 5321 5404 12734 5322 5405 12735 5321 5404 12736 5320 5403 12737 5323 5406 12738 5324 5407 12739 5325 5408 12740 5326 5409 12741 5325 5408 12742 5324 5407 12743 5324 5407 12744 5323 5406 12745 5327 5410 12746 5328 5411 12747 5327 5410 12748 5323 5406 12749 5329 5412 12750 5330 5413 12751 5331 5414 12752 5332 5415 12753 5331 5414 12754 5330 5413 12755 5333 5416 12756 5334 5417 12757 5335 5418 12758 5336 5419 12759 5335 5418 12760 5334 5417 12761 5337 5420 12762 5338 5421 12763 5339 5422 12764 5340 5423 12765 5339 5422 12766 5338 5421 12767 5341 5424 12768 5342 5425 12769 5343 5426 12770 5344 5427 12771 5343 5426 12772 5342 5425 12773 5345 5428 12774 5346 5429 12775 5347 5430 12776 5348 5431 12777 5347 5430 12778 5346 5429 12779 5349 5432 12780 5350 3921 12781 5351 5433 12782 5352 5434 12783 5351 5433 12784 5350 3921 12785 5353 5435 12786 5354 5436 12787 5355 5437 12788 5356 5438 12789 5355 5437 12790 5354 5436 12791 5357 5439 12792 5358 5440 12793 5359 5441 12794 5360 5442 12795 5359 5441 12796 5358 5440 12797 5361 5443 12798 5362 5444 12799 5363 5445 12800 5364 5446 12801 5363 5445 12802 5362 5444 12803 5365 5447 12804 5366 5448 12805 5367 5449 12806 5368 5450 12807 5367 5449 12808 5366 5448 12809 5369 5451 12810 5370 5452 12811 5371 5453 12812 5372 5454 12813 5371 5453 12814 5370 5452 12815 5373 5455 12816 5374 5456 12817 5375 5457 12818 5373 5455 12819 5376 5458 12820 5374 5456 12821 5373 5455 12822 5377 5459 12823 5376 5458 12824 5378 5460 12825 5376 5458 12826 5377 5459 12827 5379 5461 12828 5373 5455 12829 5375 5457 12830 5379 5461 12831 5375 5457 12832 5380 5462 12833 5381 5463 12834 5380 5462 12835 5375 5457 12836 5380 5462 12837 5381 5463 12838 5382 5464 12839 5383 5465 12840 5382 5464 12841 5381 5463 12842 5384 5466 12843 5383 5465 12844 5381 5463 12845 5384 5466 12846 5381 5463 12847 5385 5467 12848 5385 5467 12849 5386 5468 12850 5384 5466 12851 5387 5469 12852 5384 5466 12853 5386 5468 12854 5388 5470 12855 5389 5471 12856 5390 5472 12857 5391 5473 12858 5390 5472 12859 5389 5471 12860 5391 5473 12861 5389 5471 12862 5392 5474 12863 5393 5475 12864 5392 5474 12865 5389 5471 12866 5393 5475 12867 5394 5476 12868 5392 5474 12869 5404 5477 12870 5392 5474 12871 5394 5476 12872 5397 5478 12873 5395 2519 12874 5390 5472 12875 5396 5479 12876 5390 5472 12877 5395 2519 12878 5398 5480 12879 5399 5481 12880 5400 5482 12881 5401 5483 12882 5400 5482 12883 5399 5481 12884 5398 5480 12885 5407 5484 12886 5399 5481 12887 5402 5485 12888 5399 5481 12889 5407 5484 12890 5402 5485 12891 5407 5484 12892 5403 5486 12893 5404 5477 12894 5403 5486 12895 5407 5484 12896 5405 2519 12897 5406 5487 12898 5400 5482 12899 5397 5478 12900 5400 5482 12901 5406 5487 12902 5404 5477 12903 5398 5480 12904 5397 5478 12905 5408 5488 12906 5409 5489 12907 5410 5490 12908 5411 5491 12909 5410 5490 12910 5409 5489 12911 5412 5492 12912 5413 5493 12913 5414 5494 12914 5415 5495 12915 5414 5494 12916 5413 5493 12917 5416 5496 12918 5417 5497 12919 5418 5498 12920 5419 5499 12921 5418 5498 12922 5417 5497 12923 5420 5500 12924 5421 5501 12925 5422 5502 12926 5423 5503 12927 5422 5502 12928 5421 5501 12929 5423 5503 12930 5421 5501 12931 5424 5504 12932 5425 5505 12933 5424 5504 12934 5421 5501 12935 5423 5503 12936 5426 5506 12937 5422 5502 12938 5427 5507 12939 5422 5502 12940 5426 5506 12941 5427 5507 12942 5426 5506 12943 5428 5508 12944 5429 5509 12945 5428 5508 12946 5426 5506 12947 5426 5506 12948 5430 5510 12949 5429 5509 12950 5431 5511 12951 5429 5509 12952 5430 5510 12953 5430 5510 12954 5432 5512 12955 5431 5511 12956 5433 5513 12957 5431 5511 12958 5432 5512 12959 5428 5508 12960 5434 5514 12961 5427 5507 12962 5432 5512 12963 5434 5514 12964 5433 5513 12965 5428 5508 12966 5433 5513 12967 5434 5514 12968 5420 5500 12969 5422 5502 12970 5435 5515 12971 5436 5516 12972 5435 5515 12973 5422 5502 12974 5437 5517 12975 5438 5518 12976 5439 5519 12977 5440 5520 12978 5439 5519 12979 5438 5518 12980 5441 5521 12981 5442 5522 12982 5443 5523 12983 5444 5524 12984 5443 5523 12985 5442 5522 12986 5445 5525 12987 5446 5526 12988 5447 5527 12989 5448 5528 12990 5447 5527 12991 5446 5526 12992 5446 5526 12993 5445 5525 12994 5449 5529 12995 5446 5526 12996 5450 5530 12997 5448 5528 12998 5451 5531 12999 5448 5528 13000 5450 5530 13001 5446 5526 13002 5452 5532 13003 5450 5530 13004 5453 5533 13005 5450 5530 13006 5452 5532 13007 5452 5532 13008 5446 5526 13009 5454 5534 13010 5455 5535 13011 5454 5534 13012 5446 5526 13013 5449 5529 13014 5455 5535 13015 5446 5526 13016 5448 5528 13017 5451 5531 13018 5456 5536 13019 5457 5537 13020 5456 5536 13021 5451 5531 13022 5458 5538 13023 5447 5527 13024 5448 5528 13025 5459 5539 13026 5458 5538 13027 5448 5528 13028 5460 5540 13029 5459 5539 13030 5448 5528 13031 5456 5536 13032 5460 5540 13033 5448 5528 13034 5454 5534 13035 5461 5541 13036 5452 5532 13037 5462 5542 13038 5452 5532 13039 5461 5541 13040 5463 5543 13041 5464 5544 13042 5465 5545 13043 5466 5546 13044 5465 5545 13045 5464 5544 13046 5467 5547 13047 5468 5548 13048 5469 5549 13049 5470 5550 13050 5469 5549 13051 5468 5548 13052 5471 5551 13053 5472 5552 13054 5473 5553 13055 5474 5554 13056 5473 5553 13057 5472 5552 13058 5475 5555 13059 5476 5556 13060 5477 5557 13061 5478 5558 13062 5477 5557 13063 5476 5556 13064 5479 5559 13065 5480 5560 13066 5481 5561 13067 5482 5562 13068 5481 5561 13069 5480 5560 13070 5481 5561 13071 5482 5562 13072 5483 5563 13073 5484 5564 13074 5483 5563 13075 5482 5562 13076 5480 5560 13077 5479 5559 13078 5485 5565 13079 5485 5565 13080 5486 5566 13081 5480 5560 13082 5487 5567 13083 5485 5565 13084 5479 5559 13085 5488 5568 13086 5489 5569 13087 5490 5570 13088 5491 5571 13089 5490 5570 13090 5489 5569 13091 5489 5569 13092 5488 5568 13093 5492 5572 13094 5493 5573 13095 5492 5572 13096 5488 5568 13097 5493 5573 13098 5494 5574 13099 5492 5572 13100 5495 5575 13101 5492 5572 13102 5494 5574 13103 5495 5575 13104 5496 5576 13105 5492 5572 13106 5497 5577 13107 5492 5572 13108 5496 5576 13109 5490 5570 13110 5491 5571 13111 5498 5578 13112 5499 5579 13113 5498 5578 13114 5491 5571 13115 5500 5580 13116 5501 5581 13117 5502 5582 13118 5503 5583 13119 5502 5582 13120 5501 5581 13121 5501 5581 13122 5500 5580 13123 5504 5584 13124 5505 5585 13125 5504 5584 13126 5500 5580 13127 5503 5583 13128 5506 5586 13129 5502 5582 13130 5506 5586 13131 5503 5583 13132 5507 5587 13133 5508 5588 13134 5502 5582 13135 5506 5586 13136 5509 678 13137 5510 679 13138 5511 678 13139 5512 1039 13140 5511 678 13141 5510 679 13142 5513 5589 13143 5514 5590 13144 5515 5591 13145 5516 5592 13146 5515 5591 13147 5514 5590 13148 5517 5593 13149 5518 5594 13150 5519 5595 13151 5520 5596 13152 5519 5595 13153 5518 5594 13154 5521 5597 13155 5522 5598 13156 5523 5599 13157 5524 5600 13158 5523 5599 13159 5522 5598 13160 5525 5601 13161 5526 5602 13162 5527 5603 13163 5528 5604 13164 5527 5603 13165 5526 5602 13166 5529 5605 13167 5530 5606 13168 5531 5607 13169 5532 5608 13170 5531 5607 13171 5530 5606 13172 5533 5609 13173 5534 5610 13174 5535 5611 13175 5536 5612 13176 5535 5611 13177 5534 5610 13178 5537 5613 13179 5538 5614 13180 5539 5615 13181 5540 5616 13182 5539 5615 13183 5538 5614 13184 5541 5617 13185 5542 5618 13186 5543 5619 13187 5544 5620 13188 5543 5619 13189 5542 5618 13190 5545 5621 13191 5546 5622 13192 5547 5623 13193 5548 5624 13194 5547 5623 13195 5546 5622 13196 5549 5625 13197 5550 5626 13198 5551 5627 13199 5552 5628 13200 5551 5627 13201 5550 5626 13202 5550 5626 13203 5553 5629 13204 5552 5628 13205 5554 5630 13206 5552 5628 13207 5553 5629 13208 5554 5630 13209 5553 5629 13210 5555 5631 13211 5556 5632 13212 5555 5631 13213 5553 5629 13214 5557 5633 13215 5558 5634 13216 5559 5635 13217 5560 5636 13218 5559 5635 13219 5558 5634 13220 5558 5634 13221 5561 5637 13222 5560 5636 13223 5562 5638 13224 5560 5636 13225 5561 5637 13226 5561 5637 13227 5563 5639 13228 5562 5638 13229 5564 5640 13230 5562 5638 13231 5563 5639 13232 5559 5635 13233 5565 5641 13234 5557 5633 13235 5559 5635 13236 5566 5642 13237 5565 5641 13238 5567 5643 13239 5565 5641 13240 5566 5642 13241 5568 5644 13242 5569 5645 13243 5570 5646 13244 5571 5647 13245 5570 5646 13246 5569 5645 13247 5572 5648 13248 5573 5649 13249 5574 5650 13250 5575 5651 13251 5574 5650 13252 5573 5649 13253 5576 5652 13254 5577 5653 13255 5578 5654 13256 5579 5655 13257 5578 5654 13258 5577 5653 13259 5578 5654 13260 5580 5656 13261 5576 5652 13262 5581 5657 13263 5576 5652 13264 5580 5656 13265 5582 5658 13266 5583 5659 13267 5584 5660 13268 5585 5661 13269 5584 5660 13270 5583 5659 13271 5583 5659 13272 5586 5662 13273 5585 5661 13274 5587 5663 13275 5585 5661 13276 5586 5662 13277 5588 5664 13278 5589 5665 13279 5590 5666 13280 5591 5667 13281 5590 5666 13282 5589 5665 13283 5589 5665 13284 5592 5668 13285 5591 5667 13286 5593 5669 13287 5591 5667 13288 5592 5668 13289 5594 5670 13290 5588 5664 13291 5590 5666 13292 5594 5670 13293 5590 5666 13294 5595 5671 13295 5596 5672 13296 5595 5671 13297 5590 5666 13298 5597 5673 13299 5595 5671 13300 5596 5672 13301 5597 5673 13302 5596 5672 13303 5598 5674 13304 5597 5673 13305 5598 5674 13306 5599 5675 13307 5600 5676 13308 5599 5675 13309 5598 5674 13310 5600 5676 13311 5601 5677 13312 5599 5675 13313 5601 5677 13314 5602 5678 13315 5599 5675 13316 5603 5679 13317 5599 5675 13318 5602 5678 13319 5604 5680 13320 5605 5681 13321 5606 5682 13322 5607 5683 13323 5606 5682 13324 5605 5681 13325 5604 5680 13326 5606 5682 13327 5608 5684 13328 5609 5685 13329 5608 5684 13330 5606 5682 13331 5610 5686 13332 5611 5687 13333 5612 5688 13334 5613 5689 13335 5612 5688 13336 5611 5687 13337 5610 5686 13338 5612 5688 13339 5614 5690 13340 5615 5691 13341 5614 5690 13342 5612 5688 13343 5616 5692 13344 5617 5693 13345 5618 5694 13346 5619 5695 13347 5618 5694 13348 5617 5693 13349 5620 5696 13350 5621 5697 13351 5622 5698 13352 5621 5697 13353 5623 5699 13354 5622 5698 13355 5623 5699 13356 5624 5700 13357 5622 5698 13358 5622 5698 13359 5624 5700 13360 5625 5701 13361 5626 5702 13362 5622 5698 13363 5625 5701 13364 5627 5703 13365 5626 5702 13366 5625 5701 13367 5628 5704 13368 5629 5705 13369 5626 5706 13370 5630 5707 13371 5626 5706 13372 5629 5705 13373 5631 5708 13374 5629 5705 13375 5628 5704 13376 5620 5709 13377 5632 5710 13378 5633 5711 13379 5632 5710 13380 5634 5712 13381 5633 5711 13382 5632 5713 13383 5635 5714 13384 5636 5715 13385 5637 5716 13386 5636 5715 13387 5635 5714 13388 5636 5715 13389 5637 5716 13390 5638 5717 13391 5639 5718 13392 5640 5719 13393 5641 5720 13394 5640 5719 13395 5642 5721 13396 5641 5720 13397 5642 5721 13398 5643 5722 13399 5641 5720 13400 5641 5720 13401 5643 5722 13402 5644 5723 13403 5639 5718 13404 5645 5724 13405 5640 5719 13406 5645 5724 13407 5646 5725 13408 5640 5719 13409 5645 5726 13410 5647 5727 13411 5648 5728 13412 5649 5729 13413 5648 5728 13414 5647 5727 13415 5648 5728 13416 5649 5729 13417 5650 5730 13418 5651 5731 13419 5652 5732 13420 5653 5733 13421 5654 5734 13422 5655 5735 13423 5656 5736 13424 5657 5737 13425 5658 5738 13426 5659 5739 13427 5660 5740 13428 5661 5741 13429 5662 5742 13430 5661 5741 13431 5663 5743 13432 5662 5742 13433 5664 5744 13434 5663 5743 13435 5661 5741 13436 5665 5745 13437 5664 5744 13438 5661 5741 13439 5666 5746 13440 5665 5745 13441 5661 5741 13442 5663 5743 13443 5667 5747 13444 5662 5742 13445 5668 5748 13446 5669 5749 13447 5670 5750 13448 5671 5751 13449 5672 5752 13450 5673 5753 13451 5674 5754 13452 5675 5755 13453 5676 5756 13454 5675 5755 13455 5677 5757 13456 5676 5756 13457 5678 5758 13458 5677 5757 13459 5675 5755 13460 5676 5756 13461 5677 5757 13462 5679 5759 13463 5679 5759 13464 5677 5757 13465 5680 5760 13466 5677 5757 13467 5681 5761 13468 5680 5760 13469 5682 5762 13470 5683 5763 13471 5684 5764 13472 5685 5765 13473 5686 5766 13474 5687 5767 13475 5688 5768 13476 5689 5769 13477 5690 5770 13478 5691 5771 13479 5692 5772 13480 5693 5773 13481 5694 5774 13482 5693 5773 13483 5692 5772 13484 5692 5772 13485 5691 5771 13486 5695 5775 13487 5696 5776 13488 5695 5775 13489 5691 5771 13490 5695 5775 13491 5696 5776 13492 5697 5777 13493 5698 5778 13494 5697 5777 13495 5696 5776 13496 5697 5777 13497 5698 5778 13498 5699 5779 13499 5700 5780 13500 5699 5779 13501 5698 5778 13502 5699 5779 13503 5700 5780 13504 5701 5781 13505 5702 5782 13506 5701 5781 13507 5700 5780 13508 5701 5781 13509 5702 5782 13510 5703 5783 13511 5704 5784 13512 5703 5783 13513 5702 5782 13514 5704 5784 13515 5705 5785 13516 5703 5783 13517 5693 5773 13518 5694 5774 13519 5705 5785 13520 5706 5786 13521 5703 5783 13522 5705 5785 13523 5706 5786 13524 5705 5785 13525 5694 5774 13526 5707 5787 13527 5708 5788 13528 5709 5789 13529 5710 5790 13530 5709 5789 13531 5708 5788 13532 5708 5788 13533 5707 5787 13534 5711 5791 13535 5712 5792 13536 5711 5791 13537 5707 5787 13538 5712 5792 13539 5713 5793 13540 5711 5791 13541 5714 5794 13542 5711 5791 13543 5713 5793 13544 5714 5794 13545 5713 5793 13546 5715 5795 13547 5716 5796 13548 5715 5795 13549 5713 5793 13550 5715 5795 13551 5716 5796 13552 5717 5797 13553 5718 5798 13554 5717 5797 13555 5716 5796 13556 5717 5797 13557 5718 5798 13558 5719 5799 13559 5720 5800 13560 5719 5799 13561 5718 5798 13562 5719 5799 13563 5720 5800 13564 5721 5801 13565 5722 5802 13566 5721 5801 13567 5720 5800 13568 5709 5789 13569 5710 5790 13570 5722 5802 13571 5721 5801 13572 5722 5802 13573 5710 5790 13574 5723 5803 13575 5724 5804 13576 5725 5805 13577 5726 5806 13578 5725 5805 13579 5724 5804 13580 5725 5805 13581 5726 5806 13582 5727 5807 13583 5728 5808 13584 5727 5807 13585 5726 5806 13586 5727 5807 13587 5728 5808 13588 5729 5809 13589 5730 5810 13590 5729 5809 13591 5728 5808 13592 5729 5809 13593 5730 5810 13594 5731 5811 13595 5732 5812 13596 5731 5811 13597 5730 5810 13598 5731 5811 13599 5732 5812 13600 5733 5813 13601 5734 5814 13602 5733 5813 13603 5732 5812 13604 5735 5815 13605 5736 5816 13606 5737 5817 13607 5738 5818 13608 5737 5817 13609 5736 5816 13610 5736 5816 13611 5735 5815 13612 5739 5819 13613 5740 5820 13614 5739 5819 13615 5735 5815 13616 5739 5819 13617 5740 5820 13618 5741 5821 13619 5742 5822 13620 5741 5821 13621 5740 5820 13622 5743 5823 13623 5744 5824 13624 5745 5825 13625 5746 5826 13626 5745 5825 13627 5744 5824 13628 5744 5824 13629 5743 5823 13630 5747 5827 13631 5748 5828 13632 5747 5827 13633 5743 5823 13634 5747 5827 13635 5748 5828 13636 5749 5829 13637 5750 5830 13638 5749 5829 13639 5748 5828 13640 5749 5829 13641 5750 5830 13642 5751 5831 13643 5752 5832 13644 5751 5831 13645 5750 5830 13646 5751 5831 13647 5752 5832 13648 5753 5833 13649 5754 5834 13650 5753 5833 13651 5752 5832 13652 5755 5835 13653 5756 5836 13654 5757 5837 13655 5758 5838 13656 5757 5837 13657 5756 5836 13658 5756 5836 13659 5755 5835 13660 5759 5839 13661 5760 5840 13662 5759 5839 13663 5755 5835 13664 5759 5839 13665 5760 5840 13666 5761 5841 13667 5762 5842 13668 5761 5841 13669 5760 5840 13670 5763 5843 13671 5764 5844 13672 5765 5845 13673 5766 5846 13674 5765 5845 13675 5764 5844 13676 5765 5845 13677 5766 5846 13678 5767 5847 13679 5768 5848 13680 5767 5847 13681 5766 5846 13682 5766 5846 13683 5764 5844 13684 5769 5849 13685 5766 5846 13686 5769 5849 13687 5768 5848 13688 5770 5850 13689 5769 5849 13690 5764 5844 13691 5769 5849 13692 5770 5850 13693 5771 5851 13694 5772 5852 13695 5771 5851 13696 5770 5850 13697 5773 5853 13698 5768 5848 13699 5769 5849 13700 5769 5849 13701 5771 5851 13702 5773 5853 13703 5774 5854 13704 5773 5853 13705 5771 5851 13706 5771 5851 13707 5772 5852 13708 5775 5855 13709 5771 5851 13710 5775 5855 13711 5774 5854 13712 5772 5852 13713 5776 5856 13714 5775 5855 13715 5777 5857 13716 5776 5856 13717 5772 5852 13718 5774 5854 13719 5775 5855 13720 5778 5858 13721 5778 5858 13722 5775 5855 13723 5779 5859 13724 5780 5860 13725 5781 5861 13726 5782 5862 13727 5782 5862 13728 5781 5861 13729 5783 5863 13730 5781 5861 13731 5784 5864 13732 5783 5863 13733 5785 5865 13734 5784 5864 13735 5781 5861 13736 5783 5863 13737 5786 5866 13738 5782 5862 13739 5787 5867 13740 5782 5862 13741 5786 5866 13742 5786 5866 13743 5788 5868 13744 5787 5867 13745 5789 5869 13746 5787 5867 13747 5788 5868 13748 5788 5868 13749 5790 5870 13750 5789 5869 13751 5791 5871 13752 5790 5870 13753 5788 5868 13754 5789 5869 13755 5790 5870 13756 5792 5872 13757 5792 5872 13758 5790 5870 13759 5793 5873 13760 5794 5874 13761 5795 5875 13762 5796 5876 13763 5796 5876 13764 5795 5875 13765 5797 5877 13766 5795 5875 13767 5798 5878 13768 5797 5877 13769 5795 5875 13770 5799 5879 13771 5798 5878 13772 5800 5880 13773 5799 5879 13774 5795 5875 13775 5801 5881 13776 5800 5880 13777 5795 5875 13778 5798 5878 13779 5802 5882 13780 5797 5877 13781 5803 5883 13782 5797 5877 13783 5802 5882 13784 5799 5879 13785 5804 5884 13786 5798 5878 13787 5804 5884 13788 5802 5882 13789 5798 5878 13790 5803 5883 13791 5805 5885 13792 5797 5877 13793 5806 5886 13794 5797 5877 13795 5805 5885 13796 5807 5887 13797 5808 5888 13798 5799 5889 13799 5808 5890 13800 5804 5891 13801 5809 5892 13802 5810 5893 13803 5811 5894 13804 5808 5895 13805 5812 5896 13806 5805 5897 13807 5813 5898 13808 5814 5899 13809 5815 5900 13810 5816 5901 13811 5815 5900 13812 5817 5902 13813 5816 5901 13814 5818 5903 13815 5817 5902 13816 5815 5900 13817 5816 5901 13818 5817 5902 13819 5819 5904 13820 5815 5900 13821 5814 5899 13822 5820 5905 13823 5821 5906 13824 5820 5905 13825 5814 5899 13826 5820 5905 13827 5821 5906 13828 5822 5907 13829 5823 5908 13830 5822 5907 13831 5821 5906 13832 5822 5907 13833 5823 5908 13834 5824 5909 13835 5823 5908 13836 5825 5910 13837 5824 5909 13838 5826 5911 13839 5825 5910 13840 5823 5908 13841 5824 5909 13842 5825 5910 13843 5827 5912 13844 5828 5913 13845 5829 5914 13846 5830 5915 13847 5831 5916 13848 5830 5915 13849 5829 5914 13850 5832 5917 13851 5833 5918 13852 5834 5919 13853 5835 5920 13854 5834 5919 13855 5833 5918 13856 5833 5918 13857 5832 5917 13858 5836 5921 13859 5837 5922 13860 5836 5921 13861 5832 5917 13862 5838 5923 13863 5839 5924 13864 5840 5925 13865 5841 5926 13866 5840 5925 13867 5839 5924 13868 5842 5927 13869 5843 5928 13870 5844 5929 13871 5845 5930 13872 5844 5929 13873 5843 5928 13874 5843 5928 13875 5842 5927 13876 5846 5931 13877 5847 5932 13878 5846 5931 13879 5842 5927 13880 5846 5931 13881 5847 5932 13882 5848 5933 13883 5849 5934 13884 5848 5933 13885 5847 5932 13886 5850 5935 13887 5851 5936 13888 5852 5937 13889 5853 5938 13890 5852 5937 13891 5851 5936 13892 5854 5939 13893 5855 5940 13894 5856 5941 13895 5857 5942 13896 5856 5941 13897 5855 5940 13898 5855 5940 13899 5854 5939 13900 5858 5943 13901 5859 5944 13902 5858 5943 13903 5854 5939 13904 5860 5945 13905 5861 5946 13906 5862 5947 13907 5863 5948 13908 5862 5947 13909 5861 5946 13910 5864 5949 13911 5865 5950 13912 5866 5951 13913 5867 5952 13914 5866 5951 13915 5865 5950 13916 5865 5950 13917 5864 5949 13918 5868 5953 13919 5869 5954 13920 5868 5953 13921 5864 5949 13922 5868 5953 13923 5869 5954 13924 5870 5955 13925 5871 5956 13926 5870 5955 13927 5869 5954 13928 5872 5957 13929 5873 5958 13930 5874 5959 13931 5875 5960 13932 5874 5959 13933 5873 5958 13934 5873 5958 13935 5872 5957 13936 5876 5961 13937 5877 5962 13938 5876 5961 13939 5872 5957 13940 5874 5959 13941 5875 5960 13942 5878 5963 13943 5879 5964 13944 5878 5963 13945 5875 5960 13946 5878 5963 13947 5879 5964 13948 5880 5965 13949 5881 5966 13950 5880 5965 13951 5879 5964 13952 5882 5967 13953 5883 5968 13954 5884 5969 13955 5885 5970 13956 5884 5969 13957 5883 5968 13958 5886 5971 13959 5887 5972 13960 5888 5973 13961 5889 5974 13962 5888 5973 13963 5887 5972 13964 5890 5975 13965 5891 5976 13966 5892 5977 13967 5893 5978 13968 5892 5977 13969 5891 5976 13970 5894 5979 13971 5895 5980 13972 5896 5981 13973 5897 5982 13974 5896 5981 13975 5895 5980 13976 5895 5980 13977 5894 5979 13978 5898 5983 13979 5899 5984 13980 5898 5983 13981 5894 5979 13982 5898 5983 13983 5899 5984 13984 5900 5985 13985 5901 5986 13986 5900 5985 13987 5899 5984 13988 5900 5985 13989 5901 5986 13990 5902 5987 13991 5903 5988 13992 5902 5987 13993 5901 5986 13994 5904 5989 13995 5905 5990 13996 5906 5991 13997 5907 5992 13998 5906 5991 13999 5905 5990 14000 5908 5993 14001 5909 5994 14002 5910 5995 14003 5911 5996 14004 5910 5995 14005 5909 5994 14006 5912 5997 14007 5913 5998 14008 5914 5999 14009 5915 6000 14010 5914 5999 14011 5913 5998 14012 5916 6001 14013 5917 6002 14014 5918 6003 14015 5919 6004 14016 5918 6003 14017 5917 6002 14018 5917 6002 14019 5916 6001 14020 5920 6005 14021 5921 6006 14022 5920 6005 14023 5916 6001 14024 5920 6005 14025 5921 6006 14026 5922 6007 14027 5923 6008 14028 5922 6007 14029 5921 6006 14030 5918 6003 14031 5919 6004 14032 5924 6009 14033 5925 6010 14034 5924 6009 14035 5919 6004 14036 5926 6011 14037 5927 6012 14038 5928 6013 14039 5929 6014 14040 5928 6013 14041 5927 6012 14042 5930 6015 14043 5931 6016 14044 5932 6017 14045 5933 6018 14046 5932 6017 14047 5931 6016 14048 5934 6019 14049 5935 6020 14050 5936 6021 14051 5937 6022 14052 5936 6021 14053 5935 6020 14054 5938 6023 14055 5939 6024 14056 5940 6025 14057 5941 6026 14058 5940 6025 14059 5939 6024 14060 5939 6024 14061 5938 6023 14062 5942 6027 14063 5943 6028 14064 5942 6027 14065 5938 6023 14066 5942 6027 14067 5943 6028 14068 5944 6029 14069 5945 6030 14070 5944 6029 14071 5943 6028 14072 5944 6029 14073 5945 6030 14074 5946 6031 14075 5947 6032 14076 5946 6031 14077 5945 6030 14078 5948 6033 14079 5949 6034 14080 5950 6035 14081 5951 6036 14082 5950 6035 14083 5949 6034 14084 5952 6037 14085 5953 6038 14086 5954 6039 14087 5955 6040 14088 5954 6039 14089 5953 6038 14090 5956 6041 14091 5957 6042 14092 5958 6043 14093 5959 6044 14094 5958 6043 14095 5957 6042 14096 5960 6045 14097 5961 6046 14098 5962 6047 14099 5963 6048 14100 5962 6047 14101 5961 6046 14102 5964 6049 14103 5965 6050 14104 5966 6051 14105 5967 6052 14106 5966 6051 14107 5965 6050 14108 5968 6053 14109 5965 6050 14110 5964 6049 14111 5966 6054 14112 5969 6055 14113 5970 6056 14114 5971 6057 14115 5969 6055 14116 5966 6054 14117 5972 6058 14118 5973 6059 14119 5974 6060 14120 5975 6061 14121 5974 6060 14122 5973 6059 14123 5976 6062 14124 5977 6063 14125 5978 6064 14126 5979 6065 14127 5978 6064 14128 5977 6063 14129 5980 6066 14130 5981 6067 14131 5982 6068 14132 5983 6069 14133 5982 6068 14134 5981 6067 14135 5984 6070 14136 5985 6071 14137 5986 6072 14138 5987 6073 14139 5986 6072 14140 5985 6071 14141 5988 6074 14142 5989 6075 14143 5990 6076 14144 5991 6077 14145 5990 6076 14146 5989 6075 14147 2039 2080 14148 2040 2081 14149 2048 2083 14150 2040 2081 14151 2043 2085 14152 2052 2087 14153 2052 2087 14154 2050 2094 14155 2053 2088 14156 2040 2081 14157 2052 2087 14158 2048 2083 14159 2053 2088 14160 2054 2090 14161 2048 2083 14162 3910 3965 14163 3900 3962 14164 3896 3958 14165 3896 3958 14166 3898 3960 14167 3911 3968 14168 3911 3968 14169 3915 3971 14170 3907 3972 14171 3907 3972 14172 3914 3973 14173 3910 3965 14174 3910 3965 14175 3896 3958 14176 3911 3968 14177 5144 5220 14178 5134 5218 14179 5129 5211 14180 5129 5211 14181 5128 5213 14182 5140 5216 14183 5140 5216 14184 5145 5223 14185 5138 5224 14186 5138 5224 14187 5143 5227 14188 5144 5220 14189 5144 5220 14190 5129 5211 14191 5140 5216 14192 5390 5472 14193 5391 5473 14194 5397 5478 14195 5391 5473 14196 5392 5474 14197 5404 5477 14198 5404 5477 14199 5407 5484 14200 5398 5480 14201 5391 5473 14202 5404 5477 14203 5397 5478 14204 5398 5480 14205 5400 5482 14206 5397 5478 14207</p>
        </triangles>
      </mesh>
    </geometry>
  </library_geometries>
  <library_controllers/>
  <library_visual_scenes>
    <visual_scene id="Scene" name="Scene">
      <node id="StarBase_0_209" name="StarBase_0_209" type="NODE">
        <matrix sid="transform">1 0 0 0 0 1 0 0 0 0 1 0 0 0 0 1</matrix>
        <instance_geometry url="#StarBase_0_2815-mesh" name="StarBase_0_209">
          <bind_material>
            <technique_common>
              <instance_material symbol="Starbase-material" target="#Starbase-material"/>
            </technique_common>
          </bind_material>
        </instance_geometry>
      </node>
    </visual_scene>
  </library_visual_scenes>
  <scene>
    <instance_visual_scene url="#Scene"/>
  </scene>
</COLLADA>