<?xml version="1.0" encoding="utf-8"?>
<COLLADA xmlns="http://www.collada.org/2005/11/COLLADASchema" version="1.4.1" xmlns:xsi="http://www.w3.org/2001/XMLSchema-instance">
  <asset>
    <contributor>
      <author>Blender User</author>
      <authoring_tool>Blender 2.79.0 commit date:2018-03-22, commit time:14:10, hash:f4dc9f9d68b</authoring_tool>
    </contributor>
    <created>2022-09-23T00:55:08</created>
    <modified>2022-09-23T00:55:08</modified>
    <unit name="meter" meter="1"/>
    <up_axis>Z_UP</up_axis>
  </asset>
  <library_images/>
  <library_effects>
    <effect id="Starbase-effect">
      <profile_COMMON>
        <technique sid="common">
          <phong>
            <emission>
              <color sid="emission">0 0 0 1</color>
            </emission>
            <ambient>
              <color sid="ambient">0 0 0 1</color>
            </ambient>
            <diffuse>
              <color sid="diffuse">0.64 0.64 0.64 1</color>
            </diffuse>
            <specular>
              <color sid="specular">0.5 0.5 0.5 1</color>
            </specular>
            <shininess>
              <float sid="shininess">50</float>
            </shininess>
            <index_of_refraction>
              <float sid="index_of_refraction">1</float>
            </index_of_refraction>
          </phong>
        </technique>
      </profile_COMMON>
    </effect>
  </library_effects>
  <library_materials>
    <material id="Starbase-material" name="Starbase">
      <instance_effect url="#Starbase-effect"/>
    </material>
  </library_materials>
  <library_geometries>
    <geometry id="StarBase_0_2608-mesh" name="StarBase_0.2608">
      <mesh>
        <source id="StarBase_0_2608-mesh-positions">
          <float_array id="StarBase_0_2608-mesh-positions-array" count="18534">0.2902774 0.3421559 28.56384 0.1676024 0.3421559 25.22998 0.3263031 0.2552294 28.56384 0.239588 0.1685144 25.22998 0.4132297 0.2192039 28.56384 0.4132297 0.09652882 25.22998 0.4132297 0.4651812 28.56384 0.4132297 0.5877857 25.22998 0.3263031 0.4291531 28.56384 0.239588 0.5158706 25.22998 0.2902774 0.3421559 28.56384 0.1676024 0.3421559 25.22998 0.5002268 0.4291531 28.56384 0.5869441 0.5158706 25.22998 0.4132297 0.4651812 28.56384 0.4132297 0.5877857 25.22998 0.6588591 0.3421559 25.22998 0.5361843 0.3421559 28.56384 -0.8236378 -0.05721485 35.28831 -0.8236378 -0.1451192 31.69479 -0.7268681 -0.01713961 35.28831 -0.6647282 -0.07935029 31.69479 -0.6867904 0.07956188 35.28831 -0.5988861 0.07956188 31.69479 -0.9604172 0.07956188 35.28831 -1.048321 0.07956188 31.69479 -0.9203395 -0.01713961 35.28831 -0.9824795 -0.07935029 31.69479 -0.8236378 -0.05721485 35.28831 -0.8236378 -0.1451192 31.69479 -0.8236378 0.2164091 35.28831 -0.8236378 0.3042455 31.69479 -0.9203395 0.176334 35.28831 -0.9824795 0.238474 31.69479 -0.9604172 0.07956188 35.28831 -1.048321 0.07956188 31.69479 -0.7268681 0.176334 35.28831 -0.6647282 0.238474 31.69479 -0.8236378 0.2164091 35.28831 -0.8236378 0.3042455 31.69479 -0.5988861 0.07956188 31.69479 -0.6867904 0.07956188 35.28831 0.001777887 -1.034633 31.88316 0.001777887 -1.119465 28.23387 0.0954076 -0.9958128 31.88316 0.1553831 -1.055859 28.23387 0.1341573 -0.9022537 31.88316 0.2189899 -0.9022537 28.23387 -0.1306014 -0.9022537 31.88316 -0.2154338 -0.9022537 28.23387 -0.09184932 -0.9958128 31.88316 -0.1518272 -1.055859 28.23387 0.001777887 -1.034633 31.88316 0.001777887 -1.119465 28.23387 0.001777887 -0.7698742 31.88316 0.001777887 -0.6849712 28.23387 -0.09184932 -0.8086239 31.88316 -0.1518272 -0.7486484 28.23387 -0.1306014 -0.9022537 31.88316 -0.2154338 -0.9022537 28.23387 0.0954076 -0.8086239 31.88316 0.1553831 -0.7486484 28.23387 0.001777887 -0.7698742 31.88316 0.001777887 -0.6849712 28.23387 0.2189899 -0.9022537 28.23387 0.1341573 -0.9022537 31.88316 0.4132297 0.4651812 28.56384 0.3263031 0.4291531 28.56384 0.5002268 0.4291531 28.56384 0.5001562 0.2552294 28.56384 0.3263031 0.2552294 28.56384 0.2902774 0.3421559 28.56384 0.4132297 0.2192039 28.56384 0.5361843 0.3421559 28.56384 0.4132297 0.6863722 25.07219 0.656624 0.5855506 25.07219 0.4132297 0.7911729 14.49299 0.7307038 0.6597008 14.49299 0.7574456 0.3421559 25.07219 0.8622464 0.3421559 14.49299 0.656624 0.09876161 25.07219 0.7307038 0.0246843 14.49299 0.4132297 -0.002057611 25.07219 0.4132297 -0.1068584 14.49299 0.1698375 0.09876161 25.07219 0.09575784 0.0246843 14.49299 0.06901592 0.3421559 25.07219 -0.03578484 0.3421559 14.49299 0.1698375 0.5855506 25.07219 0.09575784 0.6597008 14.49299 0.4132297 0.6863722 25.07219 0.4132297 0.7911729 14.49299 0.4132297 0.5877857 25.22998 0.239588 0.5158706 25.22998 0.1676024 0.3421559 25.22998 0.1676024 0.3421559 25.22998 0.239588 0.1685144 25.22998 0.4132297 0.09652882 25.22998 0.4132297 0.09652882 25.22998 0.5869441 0.1685144 25.22998 0.6588591 0.3421559 25.22998 0.6588591 0.3421559 25.22998 0.5869441 0.5158706 25.22998 0.4132297 0.5877857 25.22998 -0.8236378 0.2164091 35.28831 -0.9203395 0.176334 35.28831 -0.7268681 0.176334 35.28831 -0.7268681 -0.01713961 35.28831 -0.9203395 -0.01713961 35.28831 -0.9604172 0.07956188 35.28831 -0.8236378 -0.05721485 35.28831 -0.6867904 0.07956188 35.28831 -0.8236378 0.3927773 31.53693 -0.6020992 0.3010324 31.53693 -0.8236378 0.4676231 14.49299 -0.5492451 0.3539571 14.49299 -0.5104249 0.07956188 31.53693 -0.4355765 0.07956188 14.49299 -0.6021671 -0.1419087 31.53693 -0.5492451 -0.1947627 14.49299 -0.8236378 -0.2336535 31.53693 -0.8236378 -0.3084313 14.49299 -1.045108 -0.1419087 31.53693 -1.097962 -0.1948332 14.49299 -1.136853 0.07956188 31.53693 -1.211631 0.07956188 14.49299 -1.045108 0.3010324 31.53693 -1.097962 0.3539571 14.49299 -0.8236378 0.3927773 31.53693 -0.8236378 0.4676231 14.49299 -0.8236378 0.3042455 31.69479 -0.9824795 0.238474 31.69479 -1.048321 0.07956188 31.69479 -1.048321 0.07956188 31.69479 -0.9824795 -0.07935029 31.69479 -0.8236378 -0.1451192 31.69479 -0.8236378 -0.1451192 31.69479 -0.6647282 -0.07935029 31.69479 -0.5988861 0.07956188 31.69479 -0.5988861 0.07956188 31.69479 -0.6647282 0.238474 31.69479 -0.8236378 0.3042455 31.69479 0.001777887 -0.7698742 31.88316 -0.09184932 -0.8086239 31.88316 0.0954076 -0.8086239 31.88316 0.0954076 -0.9958128 31.88316 -0.09184932 -0.9958128 31.88316 -0.1306014 -0.9022537 31.88316 0.001777887 -1.034633 31.88316 0.1341573 -0.9022537 31.88316 0.001777887 -0.5990929 28.076 0.2161272 -0.6878339 28.076 0.001777887 -0.5267595 14.49299 0.2673053 -0.6367263 14.49299 0.3049386 -0.9022537 28.076 0.3772721 -0.9022537 14.49299 0.2161976 -1.116603 28.076 0.2673053 -1.167711 14.49299 0.001777887 -1.205414 28.076 0.001777887 -1.277677 14.49299 -0.2125712 -1.116603 28.076 -0.2637494 -1.167711 14.49299 -0.3013827 -0.9022537 28.076 -0.3737161 -0.9022537 14.49299 -0.2125712 -0.6878339 28.076 -0.263679 -0.6367263 14.49299 0.001777887 -0.5990929 28.076 0.001777887 -0.5267595 14.49299 0.001777887 -0.6849712 28.23387 -0.1518272 -0.7486484 28.23387 -0.2154338 -0.9022537 28.23387 -0.2154338 -0.9022537 28.23387 -0.1518272 -1.055859 28.23387 0.001777887 -1.119465 28.23387 0.001777887 -1.119465 28.23387 0.1553831 -1.055859 28.23387 0.2189899 -0.9022537 28.23387 0.2189899 -0.9022537 28.23387 0.1553831 -0.7486484 28.23387 0.001777887 -0.6849712 28.23387 10.44063 5.064812 6.734196 10.29185 5.150553 6.905187 10.38247 4.881884 6.75961 10.23376 4.967691 6.930809 9.846391 5.87759 6.735242 9.835151 5.707161 6.911401 10.03002 5.826134 6.713598 10.01885 5.655699 6.890175 5.827248 10.02974 6.71353 5.656467 10.01871 6.890034 5.878426 9.846257 6.735174 5.707576 9.835225 6.91133 4.880621 10.38331 6.75954 4.966082 10.23481 6.930671 5.063831 10.44134 6.733987 5.149221 10.29276 6.905045 10.01885 5.655699 6.890175 10.29185 5.150553 6.905187 10.03002 5.826134 6.713598 10.44063 5.064812 6.734196 8.783585 5.270782 6.991693 8.900256 5.173381 7.136432 9.846391 5.87759 6.735242 9.835151 5.707161 6.911401 7.453993 4.300419 7.716012 10.08217 6.005361 6.694327 9.950493 6.116795 6.686019 10.03002 5.826134 6.713598 5.149221 10.29276 6.905045 5.656467 10.01871 6.890034 5.063831 10.44134 6.733987 5.827248 10.02974 6.71353 8.051099 1.64382 7.942928 8.14061 1.883023 8.008488 7.690685 1.925404 8.084874 7.893932 2.075591 8.105399 7.690685 1.925404 8.084874 7.893932 2.075591 8.105399 7.23378 3.277757 8.085151 7.490928 3.269098 8.105958 7.23378 3.277757 8.085151 7.490928 3.269098 8.105958 7.381869 3.650529 7.934829 7.575063 3.481282 8.019939 10.55367 4.80487 6.735521 10.67586 4.60993 6.870207 11.37225 5.108519 6.518171 11.40716 4.881256 6.674778 9.41846 4.126984 7.125538 9.29879 4.322829 6.99267 7.853508 3.582243 7.84853 7.736279 3.778928 7.7165 7.575063 3.481282 8.019939 7.381869 3.650529 7.934829 11.37225 5.108519 6.518171 11.40716 4.881256 6.674778 11.74725 4.927823 6.456031 11.6132 4.781409 6.638054 11.74725 4.927823 6.456031 11.6132 4.781409 6.638054 12.56506 2.66578 6.538978 12.36398 2.706485 6.71674 12.56506 2.66578 6.538978 12.36398 2.706485 6.71674 12.37599 2.332387 6.601048 12.276 2.552112 6.742434 10.19075 1.94691 6.985339 10.19019 2.184159 7.107316 8.499625 1.648429 7.702187 8.509678 1.887073 7.812363 11.49541 2.414288 6.880259 11.49422 2.176759 6.757725 12.276 2.552112 6.742434 12.37599 2.332387 6.601048 8.051099 1.64382 7.942928 8.14061 1.883023 8.008488 2.337551 12.40531 6.595741 2.557207 12.3047 6.746972 2.670038 12.59187 6.534161 2.709066 12.3903 6.721838 2.670038 12.59187 6.534161 2.709066 12.3903 6.721838 4.929426 11.75172 6.455192 4.781825 11.61893 6.64678 4.929426 11.75172 6.455192 4.781825 11.61893 6.64678 5.109005 11.37434 6.517753 4.881808 11.40982 6.684064 3.769569 7.739422 7.71671 3.572674 7.856022 7.858864 3.644661 7.383968 7.934829 3.474299 7.576252 8.030412 4.122862 9.420911 7.135034 4.318567 9.300751 6.992531 4.60923 10.67705 6.87977 4.803957 10.55459 6.735383 4.881808 11.40982 6.684064 5.109005 11.37434 6.517753 3.644661 7.383968 7.934829 3.474299 7.576252 8.030412 3.274262 7.235039 8.085151 3.265046 7.492258 8.115734 3.274262 7.235039 8.085151 3.265046 7.492258 8.115734 1.925402 7.690687 8.084874 2.075584 7.893867 8.115244 1.925402 7.690687 8.084874 2.075584 7.893867 8.115244 1.643815 8.051105 7.942928 1.883021 8.140541 8.018334 1.648424 8.49963 7.702187 1.88707 8.509612 7.822138 1.946907 10.19075 6.985339 2.184088 10.19012 7.117162 1.883021 8.140541 8.018334 1.643815 8.051105 7.942928 2.176755 11.49423 6.757725 2.414286 11.49534 6.890034 2.337551 12.40531 6.595741 2.557207 12.3047 6.746972 7.453993 4.300419 7.716012 7.352406 4.514345 7.846783 7.153347 4.075874 7.932384 7.114944 4.337072 8.025384 8.683392 5.485831 7.122746 8.783585 5.270782 6.991693 9.776712 6.279547 6.847373 9.950493 6.116795 6.686019 7.153347 4.075874 7.932384 7.114944 4.337072 8.025384 6.764935 4.160358 8.08215 6.896689 4.384062 8.108332 5.64802 5.648024 8.081661 5.81866 5.818663 8.096811 4.157979 6.766756 8.08215 4.381336 6.898784 8.098557 6.896689 4.384062 8.108332 6.764935 4.160358 8.08215 4.157979 6.766756 8.08215 4.381336 6.898784 8.098557 4.072031 7.156354 7.932384 4.333228 7.119068 8.015121 5.268544 8.784357 6.991834 5.483172 8.683746 7.123026 6.11763 9.94987 6.686089 6.280521 9.776157 6.847373 4.50862 7.357784 7.846294 4.294551 7.459093 7.71587 4.333228 7.119068 8.015121 4.072031 7.156354 7.932384 6.11763 9.94987 6.686089 6.280521 9.776157 6.847373 6.52601 10.00761 6.620038 6.502272 9.807507 6.811627 8.50933 8.503332 6.622133 8.385328 8.379397 6.814699 10.00817 6.525457 6.619968 9.80806 6.501715 6.811627 6.502272 9.807507 6.811627 6.52601 10.00761 6.620038 10.00817 6.525457 6.619968 9.80806 6.501715 6.811627 9.950493 6.116795 6.686019 9.776712 6.279547 6.847373 10.67586 4.60993 6.870207 11.49541 2.414288 6.880259 11.40716 4.881256 6.674778 12.36398 2.706485 6.71674 12.276 2.552112 6.742434 11.6132 4.781409 6.638054 10.19019 2.184159 7.107316 9.41846 4.126984 7.125538 8.509678 1.887073 7.812363 7.853508 3.582243 7.84853 8.14061 1.883023 8.008488 7.490928 3.269098 8.105958 7.575063 3.481282 8.019939 7.893932 2.075591 8.105399 11.52732 7.158027 6.411414 9.649706 9.649711 6.411414 11.47935 6.941654 6.411414 11.03627 6.706082 6.411414 9.171577 9.169557 6.407715 6.706427 11.03683 6.411414 6.941652 11.47936 6.411414 7.158025 11.52732 6.411414 8.50933 8.503332 6.622133 10.00817 6.525457 6.619968 6.52601 10.00761 6.620038 9.950493 6.116795 6.686019 10.08217 6.005361 6.694327 6.006337 10.08197 6.694189 6.11763 9.94987 6.686089 6.706427 11.03683 6.411414 5.878426 9.846257 6.735174 5.268544 8.784357 6.991834 9.846391 5.87759 6.735242 8.783585 5.270782 6.991693 4.881808 11.40982 6.684064 4.781825 11.61893 6.64678 4.60923 10.67705 6.87977 2.414286 11.49534 6.890034 2.557207 12.3047 6.746972 2.709066 12.3903 6.721838 2.184088 10.19012 7.117162 4.122862 9.420911 7.135034 1.88707 8.509612 7.822138 3.572674 7.856022 7.858864 2.075584 7.893867 8.115244 1.883021 8.140541 8.018334 3.474299 7.576252 8.030412 3.265046 7.492258 8.115734 6.502272 9.807507 6.811627 6.280521 9.776157 6.847373 8.385328 8.379397 6.814699 8.262585 8.256654 6.851214 9.80806 6.501715 6.811627 9.776712 6.279547 6.847373 7.323289 7.312194 7.12456 5.483172 8.683746 7.123026 6.105063 6.105067 7.849019 4.50862 7.357784 7.846294 8.683392 5.485831 7.122746 7.352406 4.514345 7.846783 5.81866 5.818663 8.096811 4.381336 6.898784 8.098557 4.333228 7.119068 8.015121 7.114944 4.337072 8.025384 6.896689 4.384062 8.108332 11.61145 5.612344 5.331782 11.26612 5.527022 5.611483 11.65698 5.52765 5.419059 11.29712 5.46935 5.670899 10.88315 6.24736 5.611552 11.14721 6.485588 5.331923 10.85167 6.307264 5.671807 11.1012 6.573075 5.419965 11.10539 6.575307 6.345923 10.85509 6.30908 6.264445 11.1012 6.573075 5.419965 10.85167 6.307264 5.671807 10.88622 6.251197 6.32407 11.15106 6.490405 6.43341 11.27024 5.528909 6.323998 11.61662 5.614649 6.433339 11.30054 5.471165 6.264584 11.66123 5.529888 6.346064 11.29712 5.46935 5.670899 11.65698 5.52765 5.419059 6.486072 11.14757 5.332412 6.247848 10.88351 5.61204 6.57335 11.1017 5.420036 6.307542 10.85216 5.671948 5.527159 11.26675 5.61204 5.612409 11.61208 5.332412 5.469627 11.29768 5.671179 5.527928 11.65754 5.419267 6.57335 11.1017 5.420036 6.307542 10.85216 5.671948 6.575652 11.10596 6.345713 6.309357 10.85565 6.264304 6.490891 11.15155 6.43271 6.251616 10.88672 6.323511 5.614925 11.61732 6.43271 5.529115 11.27087 6.323511 5.530231 11.66186 6.345923 5.471512 11.30117 6.264445 5.527928 11.65754 5.419267 5.469627 11.29768 5.671179 11.03627 6.706082 6.411414 11.10539 6.575307 6.345923 11.03146 6.703567 5.353638 11.1012 6.573075 5.419965 11.15106 6.490405 6.43341 11.12487 6.541232 6.581289 11.6442 5.564448 6.581219 11.61662 5.614649 6.433339 11.66123 5.529888 6.346064 11.73091 5.399457 6.411414 11.65698 5.52765 5.419059 11.7261 5.396874 5.353638 11.61145 5.612344 5.331782 11.63763 5.561443 5.184111 11.14721 6.485588 5.331923 11.12013 6.534952 5.184252 6.703773 11.03194 5.353638 6.57335 11.1017 5.420036 6.706427 11.03683 6.411414 6.575652 11.10596 6.345713 6.486072 11.14757 5.332412 6.535436 11.12048 5.184599 5.612409 11.61208 5.332412 5.561721 11.63819 5.184599 5.527928 11.65754 5.419267 5.397152 11.72666 5.353638 5.530231 11.66186 6.345923 5.399806 11.73155 6.411414 5.614925 11.61732 6.43271 5.564791 11.64483 6.580591 6.54151 11.12551 6.580591 6.490891 11.15155 6.43271 11.12487 6.541232 6.581289 11.03627 6.706082 6.411414 10.08217 6.005361 6.694327 11.6442 5.564448 6.581219 10.61965 5.00756 6.718277 11.73091 5.399457 6.411414 5.564791 11.64483 6.580591 5.399806 11.73155 6.411414 5.006718 10.62028 6.718136 5.527159 11.26675 5.61204 5.469627 11.29768 5.671179 6.247848 10.88351 5.61204 5.529115 11.27087 6.323511 5.471512 11.30117 6.264445 6.307542 10.85216 5.671948 6.309357 10.85565 6.264304 6.251616 10.88672 6.323511 6.54151 11.12551 6.580591 6.006337 10.08197 6.694189 6.706427 11.03683 6.411414 9.499034 3.966606 4.916768 11.63763 5.561443 5.184111 11.7261 5.396874 5.353638 10.85509 6.30908 6.264445 10.88622 6.251197 6.32407 10.85167 6.307264 5.671807 11.26612 5.527022 5.611483 11.29712 5.46935 5.670899 11.30054 5.471165 6.264584 11.27024 5.528909 6.323998 10.88315 6.24736 5.611552 11.03146 6.703567 5.353638 11.12013 6.534952 5.184252 8.733734 5.467887 4.91684 5.467881 8.733736 4.91684 6.535436 11.12048 5.184599 6.703773 11.03194 5.353638 5.397152 11.72666 5.353638 5.561721 11.63819 5.184599 3.966604 9.499036 4.916768 10.44063 5.064812 6.734196 10.61965 5.00756 6.718277 10.03002 5.826134 6.713598 11.6442 5.564448 6.581219 11.12487 6.541232 6.581289 10.08217 6.005361 6.694327 10.38247 4.881884 6.75961 10.55367 4.80487 6.735521 10.23376 4.967691 6.930809 9.29879 4.322829 6.99267 9.280915 4.476155 7.135034 7.736279 3.778928 7.7165 5.827248 10.02974 6.71353 6.006337 10.08197 6.694189 5.063831 10.44134 6.733987 6.54151 11.12551 6.580591 5.564791 11.64483 6.580591 5.006718 10.62028 6.718136 4.880621 10.38331 6.75954 4.803957 10.55459 6.735383 4.318567 9.300751 6.992531 4.471683 9.282596 7.135104 4.966082 10.23481 6.930671 3.769569 7.739422 7.71671 5.878426 9.846257 6.735174 6.006337 10.08197 6.694189 6.11763 9.94987 6.686089 5.707576 9.835225 6.91133 5.268544 8.784357 6.991834 5.171215 8.901374 7.136362 4.294551 7.459093 7.71587 13.49144 1.404893 5.453757 13.73301 1.404754 5.454386 13.49479 1.19662 5.353638 13.7532 1.197736 5.344489 13.84145 -3.40507e-5 3.333591 12.98971 -3.40507e-5 3.218597 13.84089 1.258759 3.336174 12.98922 1.255479 3.22118 14.12743 -3.40507e-5 3.262374 14.12764 1.274189 3.262512 13.84089 1.258759 3.336174 12.98922 1.255479 3.22118 13.49479 1.19662 5.353638 12.64305 1.193338 5.238572 14.12764 1.274189 3.262512 13.7532 1.197736 5.344489 11.60957 1.505087 5.099771 11.86329 1.394909 5.133771 11.94128 1.501176 2.895816 12.19208 1.407199 3.016535 12.54376 1.39826 5.225655 12.92156 1.411526 3.042789 10.22377 1.491331 4.91251 8.499834 1.463193 4.064469 8.794617 1.499989 2.704439 8.306571 1.464659 4.085417 7.218421 1.444691 4.22457 4.797886 1.38681 6.57291 5.133163 1.389325 5.774374 3.694372 1.377385 6.207609 3.693814 1.379129 6.849049 4.81129 1.408663 6.849049 12.64305 1.193338 5.238572 12.98922 1.255479 3.22118 12.54376 1.39826 5.225655 12.92156 1.411526 3.042789 12.98971 -3.40507e-5 3.218597 12.92156 -3.40507e-5 3.042789 14.12764 1.274189 3.262512 13.7532 1.197736 5.344489 14.16151 1.415855 3.07295 13.73301 1.404754 5.454386 14.16346 -3.40507e-5 3.070576 14.12743 -3.40507e-5 3.262374 12.92156 1.411526 3.042789 12.92156 -3.40507e-5 3.042789 12.19208 1.407199 3.016535 12.19208 -3.40507e-5 3.016535 14.16346 -3.40507e-5 3.070576 14.16151 1.415855 3.07295 14.41677 -3.40507e-5 2.985747 14.41677 1.505297 2.985747 13.57878 1.402728 6.411557 13.1896 1.393722 8.454083 13.82169 1.505297 6.610753 13.44354 1.505297 8.541569 13.1533 1.273842 8.61865 13.41212 1.313151 8.764925 13.1533 -3.40507e-5 8.621303 13.41212 -3.40507e-5 8.764925 13.73301 1.404754 5.454386 14.41677 1.505297 2.985747 14.16151 1.415855 3.07295 11.21627 0.3985027 8.7157 11.21787 1.244796 8.74677 10.96889 0.622206 8.884387 10.96889 1.30931 8.884387 11.26528 1.36377 8.613552 11.01428 1.501456 8.658168 11.34977 1.501524 6.796893 11.61529 1.380038 6.749487 9.35011 0.163976 8.827831 11.21627 0.3985027 8.7157 9.103853 0.3876793 8.99931 10.96889 0.622206 8.884387 9.35011 -3.40507e-5 8.827831 9.35011 0.163976 8.827831 9.103853 -3.40507e-5 8.99931 9.103853 0.3876793 8.99931 12.19208 1.407199 3.016535 12.19208 -3.40507e-5 3.016535 11.94128 1.501176 2.895816 11.94128 -3.40507e-5 2.895816 14.40951 -3.40507e-5 9.535811 14.40951 0.7812568 9.535811 14.00154 -3.40507e-5 8.738951 14.00154 0.91601 8.738951 17.52154 -3.40507e-5 3.233748 14.41677 -3.40507e-5 2.985747 17.52154 1.508368 3.233748 14.41677 1.505297 2.985747 16.78138 0.5730538 9.389957 16.78138 0.706479 9.389957 16.78396 0.5294156 10.78706 16.78396 0.6628431 10.78706 16.78138 0.706479 9.389957 16.63797 0.706479 9.389957 16.78396 0.6628431 10.78706 16.64055 0.6628431 10.78706 16.63797 0.706479 9.389957 16.63797 0.5730538 9.389957 16.64055 0.6628431 10.78706 16.64055 0.5294156 10.78706 16.63797 0.5730538 9.389957 16.78138 0.5730538 9.389957 16.64055 0.5294156 10.78706 16.78396 0.5294156 10.78706 16.78396 0.5294156 10.78706 16.78396 0.6628431 10.78706 16.64055 0.5294156 10.78706 16.64055 0.6628431 10.78706 7.193213 0.8490543 4.27477 6.446066 0.8490543 3.880704 5.152781 0.8051362 5.75259 4.916089 0.8051362 5.039933 7.140848 0.8930405 3.359912 8.312296 0.8930405 3.225577 3.893083 0.7844699 5.660845 3.834992 0.7848882 5.399299 3.895874 0.7761614 6.134578 7.218421 1.444691 4.22457 7.193213 0.8490543 4.27477 5.133163 1.389325 5.774374 5.152781 0.8051362 5.75259 8.312296 0.8930405 3.225577 8.794617 1.499989 2.704439 8.794617 -3.40507e-5 2.704439 8.312296 -3.40507e-5 3.225577 7.140848 -3.40507e-5 3.359912 7.140848 0.8930405 3.359912 3.694372 1.377385 6.207609 3.895874 0.7761614 6.134578 4.916089 -3.40507e-5 5.039933 4.916089 0.8051362 5.039933 6.445994 -3.40507e-5 3.880704 6.446066 0.8490543 3.880704 7.140848 -3.40507e-5 3.359912 7.140848 0.8930405 3.359912 3.885819 0.6213694 5.381705 3.834992 0.7848882 5.399299 3.890498 -3.40507e-5 5.399508 14.61457 2.014007 6.302145 14.62099 2.013797 4.409665 14.39659 1.505924 6.708222 14.39736 1.505715 4.409665 17.08796 2.015823 6.302145 14.61457 2.014007 6.302145 17.08796 1.507738 6.708222 14.39659 1.505924 6.708222 17.08796 2.016032 4.409665 17.08796 2.015823 6.302145 17.08796 1.50795 4.409665 17.08796 1.507738 6.708222 14.62099 2.013797 4.409665 17.08796 2.016032 4.409665 14.39736 1.505715 4.409665 17.08796 1.50795 4.409665 7.478988 1.304701 9.067384 9.103853 1.307914 8.99931 7.411263 1.506761 8.862533 9.126543 1.50006 8.773162 7.51355 1.201506 9.068294 10.96889 1.30931 8.884387 11.01428 1.501456 8.658168 9.103853 0.3876793 8.99931 10.96889 0.622206 8.884387 7.704789 0.8369736 9.054538 7.70444 1.046227 9.051398 10.22328 1.502991 6.992461 11.34977 1.501524 6.796893 7.416429 1.491401 8.45918 7.701019 1.494193 8.158533 8.520571 1.502434 7.716919 7.706256 -3.40507e-5 9.066896 9.103853 -3.40507e-5 8.99931 16.8276 0.9183158 8.615369 16.84533 0.7832124 9.397567 16.8276 -3.40507e-5 8.615369 16.84533 -3.40507e-5 9.397567 14.40951 0.7812568 9.535811 16.84533 0.7832124 9.397567 14.00154 0.91601 8.738951 16.8276 0.9183158 8.615369 14.00154 0.91601 8.738951 16.8276 0.9183158 8.615369 13.41212 1.313151 8.764925 17.52154 1.372428 8.585137 17.52154 -3.40507e-5 8.583741 16.8276 -3.40507e-5 8.615369 17.52154 1.508368 8.349633 13.44354 1.505297 8.541569 14.39659 1.505924 6.708222 17.08796 1.507738 6.708222 17.52154 1.508368 3.233748 17.08796 1.50795 4.409665 14.41677 1.505297 2.985747 14.39736 1.505715 4.409665 13.82169 1.505297 6.610753 14.00154 -3.40507e-5 8.738951 13.41212 -3.40507e-5 8.764925 14.62099 2.013797 4.409665 14.61457 2.014007 6.302145 17.08796 2.016032 4.409665 17.08796 2.015823 6.302145 14.40951 0.7812568 9.535811 14.40951 -3.40507e-5 9.535811 16.84533 0.7832124 9.397567 16.84533 -3.40507e-5 9.397567 11.94128 1.501176 2.895816 11.94128 -3.40507e-5 2.895816 8.794617 1.499989 2.704439 8.794617 -3.40507e-5 2.704439 17.52154 1.508368 3.233748 17.52154 1.508368 8.349633 17.52154 1.029749 3.75 17.52154 1.029749 7.860189 17.52154 0.8376034 8.08194 17.52154 1.372428 8.585137 17.52154 -3.40507e-5 8.583741 17.52154 -3.40507e-5 3.233748 17.52154 1.508368 3.233748 11.21627 0.3985027 8.7157 13.1533 -3.40507e-5 8.621303 13.1533 1.273842 8.61865 11.22437 -3.40507e-5 8.715631 9.35011 0.163976 8.827831 9.35011 -3.40507e-5 8.827831 11.21787 1.244796 8.74677 11.26528 1.36377 8.613552 13.1896 1.393722 8.454083 11.61529 1.380038 6.749487 13.18758 1.399168 6.466154 13.49095 1.402799 6.411557 13.57878 1.402728 6.411557 13.73301 1.404754 5.454386 13.49144 1.404893 5.453757 14.05608 5.730198 6.007924 12.0618 4.733582 6.007924 13.96901 5.893442 6.007924 11.97473 4.896822 6.007924 14.05608 5.730198 6.206493 12.0618 4.733582 6.206493 14.05608 5.730198 6.007924 12.0618 4.733582 6.007924 13.96901 5.893442 6.206493 11.97473 4.896822 6.206493 14.05608 5.730198 6.206493 12.0618 4.733582 6.206493 13.96901 5.893442 6.007924 11.97473 4.896822 6.007924 13.96901 5.893442 6.206493 11.97473 4.896822 6.206493 14.05608 5.730198 6.206493 14.05608 5.730198 6.007924 13.96901 5.893442 6.206493 13.96901 5.893442 6.007924 12.27384 8.353985 6.007924 10.48295 7.026207 6.007924 12.15975 8.49963 6.007924 10.36886 7.171852 6.007924 12.27384 8.353985 6.206493 10.48295 7.026207 6.206493 12.27384 8.353985 6.007924 10.48295 7.026207 6.007924 12.15975 8.49963 6.206493 10.36886 7.171852 6.206493 12.27384 8.353985 6.206493 10.48295 7.026207 6.206493 12.15975 8.49963 6.007924 10.36886 7.171852 6.007924 12.15975 8.49963 6.206493 10.36886 7.171852 6.206493 12.27384 8.353985 6.206493 12.27384 8.353985 6.007924 12.15975 8.49963 6.206493 12.15975 8.49963 6.007924 12.41515 2.438446 5.221326 12.47387 2.461138 4.985682 11.58541 5.047497 5.311116 11.64413 5.070115 5.075473 9.499034 3.966606 4.916768 9.557753 3.989298 4.681125 8.086218 3.37397 4.172694 8.144867 3.396662 3.936979 11.64413 5.070115 5.075473 11.58541 5.047497 5.311116 8.086218 3.37397 4.172694 8.144867 3.396662 3.936979 8.63787 1.77187 4.172694 8.696518 1.794491 3.936979 10.17183 2.042634 4.925009 10.23054 2.065254 4.689363 12.41515 2.438446 5.221326 12.47387 2.461138 4.985682 8.696518 1.794491 3.936979 8.63787 1.77187 4.172694 10.72445 6.810042 5.07645 10.68089 6.764732 5.312094 8.777301 5.513196 4.681194 8.733734 5.467887 4.91684 8.777301 5.513196 4.681194 10.68089 6.764732 5.312094 7.470613 4.71878 3.936979 7.427045 4.673537 4.172694 10.23054 2.065254 4.689363 9.557753 3.989298 4.681125 12.47387 2.461138 4.985682 11.64413 5.070115 5.075473 8.696518 1.794491 3.936979 8.144867 3.396662 3.936979 11.52732 7.158027 5.353638 11.52732 7.158027 6.411414 11.47935 6.941654 5.353638 11.47935 6.941654 6.411414 12.38024 5.553835 6.411414 12.38024 5.553835 5.353638 12.17406 5.635105 6.411414 12.17406 5.635105 5.353638 12.17406 5.635105 5.353638 11.7261 5.396874 5.353638 12.17406 5.635105 6.411414 11.73091 5.399457 6.411414 11.47935 6.941654 6.411414 11.03627 6.706082 6.411414 11.47935 6.941654 5.353638 11.03146 6.703567 5.353638 13.47447 2.375888 5.353638 12.38024 5.553835 5.353638 13.47447 2.375888 6.411414 12.38024 5.553835 6.411414 13.49144 1.404893 5.453757 13.49095 1.402799 6.411557 13.49479 1.19662 5.353638 7.126746 -3.40507e-5 9.937558 7.12542 0.765968 9.937558 5.91969 -3.40507e-5 10.78483 5.918572 0.6178768 10.78483 5.097832 0.5171962 11.1148 5.09881 -3.40507e-5 11.1148 3.945516 -3.40507e-5 11.12772 3.944751 0.3802101 11.12772 7.706185 -3.40507e-5 9.284667 7.704789 0.8369736 9.284667 5.918295 0.7723211 10.7199 7.125071 0.9574157 9.872626 3.944538 0.4752335 11.06271 5.097624 0.6465037 11.04987 7.70444 1.046227 9.219664 7.706185 -3.40507e-5 9.284667 7.706256 -3.40507e-5 9.066896 7.704789 0.8369736 9.284667 7.704789 0.8369736 9.054538 7.70444 1.046227 9.219664 7.70444 1.046227 9.051398 5.801344 0.9414947 10.60588 5.918295 0.7723211 10.7199 6.958199 1.126519 9.796451 7.125071 0.9574157 9.872626 5.014608 0.8156797 10.91016 5.097624 0.6465037 11.04987 3.944538 0.4752335 11.06271 3.944538 0.6307942 10.91016 7.51355 1.21533 9.161644 7.70444 1.046227 9.219664 7.51355 1.201506 9.068294 7.51355 1.21533 9.161644 7.70444 1.046227 9.051398 7.70444 1.046227 9.219664 1.197733 13.7532 5.344489 1.404749 13.73302 5.454386 1.196617 13.49479 5.353638 1.404891 13.49144 5.453757 1.255474 12.98922 3.22118 3.40507e-5 12.98971 3.218597 1.258757 13.84096 3.336174 3.40507e-5 13.84145 3.333591 3.40507e-5 14.12744 3.262374 1.274187 14.12765 3.262512 1.193334 12.64306 5.238572 1.255474 12.98922 3.22118 1.196617 13.49479 5.353638 1.258757 13.84096 3.336174 1.274187 14.12765 3.262512 1.197733 13.7532 5.344489 1.407194 12.19208 3.016535 1.394906 11.8633 5.133771 1.501103 11.94129 2.895816 1.505082 11.60957 5.099771 1.398258 12.54377 5.225655 1.411523 12.92156 3.042789 1.491328 10.22377 4.91251 1.46319 8.499838 4.064469 1.499987 8.794621 2.704439 1.464657 8.306577 4.085417 1.444689 7.218423 4.22457 1.386807 4.79789 6.57291 1.38932 5.133168 5.774374 1.37738 3.694374 6.207609 1.379126 3.693817 6.849049 1.408661 4.81129 6.849049 1.411523 12.92156 3.042789 1.255474 12.98922 3.22118 1.398258 12.54377 5.225655 1.193334 12.64306 5.238572 3.40507e-5 12.98971 3.218597 3.40507e-5 12.92156 3.042789 1.404749 13.73302 5.454386 1.197733 13.7532 5.344489 1.415852 14.16151 3.07295 1.274187 14.12765 3.262512 3.40507e-5 14.16346 3.070576 3.40507e-5 14.12744 3.262374 3.40507e-5 12.19208 3.016535 3.40507e-5 12.92156 3.042789 1.407194 12.19208 3.016535 1.411523 12.92156 3.042789 1.505292 14.41677 2.985747 1.415852 14.16151 3.07295 3.40507e-5 14.41677 2.985747 3.40507e-5 14.16346 3.070576 1.505292 13.44354 8.541569 1.39372 13.18961 8.454083 1.505292 13.82169 6.610753 1.402726 13.57879 6.411557 1.273837 13.1533 8.61865 1.313146 13.41212 8.764925 3.40507e-5 13.1533 8.621303 3.40507e-5 13.41212 8.764925 1.404749 13.73302 5.454386 1.505292 14.41677 2.985747 1.415852 14.16151 3.07295 1.309305 10.9689 8.884387 1.244792 11.21788 8.74677 0.622133 10.9689 8.884387 0.3984978 11.21627 8.7157 1.363767 11.26528 8.613552 1.501451 11.01428 8.658168 1.501522 11.34977 6.796893 1.380034 11.6153 6.749487 0.622133 10.9689 8.884387 0.3984978 11.21627 8.7157 0.387677 9.103855 8.99931 0.1639711 9.35011 8.827831 0.387677 9.103855 8.99931 0.1639711 9.35011 8.827831 3.40507e-5 9.103855 8.99931 3.40507e-5 9.35011 8.827831 3.40507e-5 11.94129 2.895816 3.40507e-5 12.19208 3.016535 1.501103 11.94129 2.895816 1.407194 12.19208 3.016535 0.8930355 7.14085 3.359912 3.40507e-5 7.14085 3.359912 0.8930355 8.312303 3.225577 3.40507e-5 8.312303 3.225577 0.9160076 14.00154 8.738951 0.7812544 14.40951 9.535811 3.40507e-5 14.00154 8.738951 3.40507e-5 14.40951 9.535811 1.505292 14.41677 2.985747 3.40507e-5 14.41677 2.985747 1.508363 17.52155 3.233748 3.40507e-5 17.52155 3.233748 1.029744 17.52155 3.75 0.6628383 16.78397 10.4684 0.7064766 16.78138 9.071295 0.5294106 16.78397 10.4684 0.573049 16.78138 9.071295 0.6628383 16.64056 10.4684 0.7064766 16.63797 9.071295 0.6628383 16.78397 10.4684 0.7064766 16.78138 9.071295 0.5294106 16.64056 10.4684 0.573049 16.63797 9.071295 0.6628383 16.64056 10.4684 0.7064766 16.63797 9.071295 0.5294106 16.78397 10.4684 0.573049 16.78138 9.071295 0.5294106 16.64056 10.4684 0.573049 16.63797 9.071295 0.6628383 16.64056 10.4684 0.6628383 16.78397 10.4684 0.5294106 16.64056 10.4684 0.5294106 16.78397 10.4684 0.8051337 4.916095 5.039933 0.8490493 6.44607 3.880704 0.8051337 5.152785 5.75259 0.8490493 7.193216 4.27477 0.8930355 7.14085 3.359912 0.8930355 8.312303 3.225577 0.784465 3.893085 5.660845 0.7848857 3.834994 5.399299 0.7761566 3.895878 6.134578 0.8051337 5.152785 5.75259 0.8490493 7.193216 4.27477 1.38932 5.133168 5.774374 1.444689 7.218423 4.22457 0.8930355 8.312303 3.225577 1.499987 8.794621 2.704439 3.40507e-5 8.794621 2.704439 3.40507e-5 8.312303 3.225577 1.37738 3.694374 6.207609 0.7761566 3.895878 6.134578 3.40507e-5 4.916095 5.039933 3.40507e-5 6.445997 3.880704 0.8051337 4.916095 5.039933 0.8490493 6.44607 3.880704 3.40507e-5 7.14085 3.359912 0.8930355 7.14085 3.359912 0.6213644 3.885825 5.381705 0.7848857 3.834994 5.399299 3.40507e-5 3.890501 5.399508 1.50571 14.39736 4.409665 2.013795 14.621 4.409665 1.505921 14.39659 6.708222 2.014004 14.61457 6.302145 1.505921 14.39659 6.708222 2.014004 14.61457 6.302145 1.507736 17.08796 6.708222 2.015819 17.08796 6.302145 1.507736 17.08796 6.708222 2.015819 17.08796 6.302145 1.507945 17.08796 4.409665 2.016028 17.08796 4.409665 1.507945 17.08796 4.409665 2.016028 17.08796 4.409665 1.50571 14.39736 4.409665 2.013795 14.621 4.409665 1.500055 9.126546 8.773162 1.307909 9.103855 8.99931 1.506758 7.411267 8.862533 1.304699 7.478994 9.067384 1.201503 7.513555 9.068294 1.309305 10.9689 8.884387 1.501451 11.01428 8.658168 0.387677 9.103855 8.99931 0.622133 10.9689 8.884387 0.8369711 7.704793 9.054538 1.046222 7.704444 9.051398 1.502988 10.22329 6.992461 1.501522 11.34977 6.796893 1.491328 7.416433 8.45918 1.494191 7.701023 8.158533 1.502429 8.520576 7.716919 3.40507e-5 7.706189 9.066896 3.40507e-5 9.103855 8.99931 3.40507e-5 16.84534 9.397567 0.78321 16.84534 9.397567 3.40507e-5 16.8276 8.608736 0.9183111 16.8276 8.608736 0.9183111 16.8276 8.608736 0.78321 16.84534 9.397567 0.9160076 14.00154 8.738951 0.7812544 14.40951 9.535811 1.372423 17.52155 8.578504 0.9183111 16.8276 8.608736 1.313146 13.41212 8.764925 0.9160076 14.00154 8.738951 3.40507e-5 17.52155 8.577037 3.40507e-5 16.8276 8.608736 1.508363 17.52155 8.349633 3.40507e-5 14.00154 8.738951 3.40507e-5 13.41212 8.764925 1.505292 13.44354 8.541569 1.508363 17.52155 8.349633 1.505921 14.39659 6.708222 1.507736 17.08796 6.708222 1.508363 17.52155 3.233748 1.507945 17.08796 4.409665 1.505292 14.41677 2.985747 1.50571 14.39736 4.409665 1.505292 13.82169 6.610753 2.015819 17.08796 6.302145 2.014004 14.61457 6.302145 2.016028 17.08796 4.409665 2.013795 14.621 4.409665 3.40507e-5 16.84534 9.397567 3.40507e-5 14.40951 9.535811 0.78321 16.84534 9.397567 0.7812544 14.40951 9.535811 3.40507e-5 8.794621 2.704439 3.40507e-5 11.94129 2.895816 1.499987 8.794621 2.704439 1.501103 11.94129 2.895816 1.029744 17.52155 7.860189 1.508363 17.52155 8.349633 1.508363 17.52155 3.233748 3.40507e-5 17.52155 3.233748 1.372423 17.52155 8.578504 0.8375987 17.52155 8.08194 3.40507e-5 17.52155 8.577037 0.3984978 11.21627 8.7157 1.244792 11.21788 8.74677 1.273837 13.1533 8.61865 1.363767 11.26528 8.613552 1.39372 13.18961 8.454083 1.380034 11.6153 6.749487 1.399165 13.18779 6.466154 1.402796 13.49095 6.411557 1.402726 13.57879 6.411557 1.404749 13.73302 5.454386 1.404891 13.49144 5.453757 3.40507e-5 13.1533 8.621303 3.40507e-5 11.22437 8.715631 0.1639711 9.35011 8.827831 3.40507e-5 9.35011 8.827831 2.381399 4.485373 6.849049 2.370926 4.459052 6.57291 3.590131 3.590133 6.849049 3.561714 3.561718 6.57291 1.408661 4.81129 6.849049 1.386807 4.79789 6.57291 4.459046 2.370928 6.57291 4.485367 2.381401 6.849049 4.81129 1.408663 6.849049 4.797886 1.38681 6.57291 9.017833 9.017837 5.080149 6.809971 10.72446 5.07645 8.973496 8.973571 5.315792 6.764726 10.68089 5.312094 10.72445 6.810042 5.07645 10.68089 6.764732 5.312094 7.363296 7.363298 4.677357 6.287365 6.28737 3.939003 5.513195 8.777303 4.681194 4.718779 7.470613 3.936979 6.809971 10.72446 5.07645 9.017833 9.017837 5.080149 8.777301 5.513196 4.681194 7.470613 4.71878 3.936979 10.72445 6.810042 5.07645 3.561714 3.561718 6.57291 2.370926 4.459052 6.57291 5.948736 5.94874 4.085417 3.95983 7.447433 4.085417 1.464657 8.306577 4.085417 1.386807 4.79789 6.57291 4.459046 2.370928 6.57291 7.447431 3.959834 4.085417 8.306571 1.464659 4.085417 4.797886 1.38681 6.57291 9.649706 9.649711 6.411414 9.649706 9.649711 5.353638 7.158025 11.52732 6.411414 7.158025 11.52732 5.353638 11.52732 7.158027 6.411414 11.52732 7.158027 5.353638 4.896819 11.97473 6.007924 4.733581 12.0618 6.007924 5.893438 13.96901 6.007924 5.730198 14.05608 6.007924 4.733581 12.0618 6.007924 4.733581 12.0618 6.206493 5.730198 14.05608 6.007924 5.730198 14.05608 6.206493 4.733581 12.0618 6.206493 4.896819 11.97473 6.206493 5.730198 14.05608 6.206493 5.893438 13.96901 6.206493 4.896819 11.97473 6.206493 4.896819 11.97473 6.007924 5.893438 13.96901 6.206493 5.893438 13.96901 6.007924 5.893438 13.96901 6.007924 5.730198 14.05608 6.007924 5.893438 13.96901 6.206493 5.730198 14.05608 6.206493 7.17185 10.36886 6.007924 7.026205 10.48295 6.007924 8.499625 12.15975 6.007924 8.353979 12.27384 6.007924 7.026205 10.48295 6.007924 7.026205 10.48295 6.206493 8.353979 12.27384 6.007924 8.353979 12.27384 6.206493 7.026205 10.48295 6.206493 7.17185 10.36886 6.206493 8.353979 12.27384 6.206493 8.499625 12.15975 6.206493 7.17185 10.36886 6.206493 7.17185 10.36886 6.007924 8.499625 12.15975 6.206493 8.499625 12.15975 6.007924 8.499625 12.15975 6.007924 8.353979 12.27384 6.007924 8.499625 12.15975 6.206493 8.353979 12.27384 6.206493 5.070115 11.64414 5.075473 2.461134 12.47388 4.985682 5.047494 11.58541 5.311116 2.438441 12.41516 5.221326 3.396658 8.14487 3.936979 3.989296 9.557756 4.681125 3.373968 8.08622 4.172694 3.966604 9.499036 4.916768 5.070115 11.64414 5.075473 5.047494 11.58541 5.311116 1.794489 8.69652 3.936979 3.396658 8.14487 3.936979 1.771867 8.637875 4.172694 3.373968 8.08622 4.172694 2.461134 12.47388 4.985682 2.065253 10.23055 4.689363 2.438441 12.41516 5.221326 2.042632 10.1719 4.925009 1.794489 8.69652 3.936979 1.771867 8.637875 4.172694 5.467881 8.733736 4.91684 6.764726 10.68089 5.312094 5.513195 8.777303 4.681194 4.718779 7.470613 3.936979 4.673533 7.427047 4.172694 5.467881 8.733736 4.91684 6.809971 10.72446 5.07645 5.513195 8.777303 4.681194 6.764726 10.68089 5.312094 4.673533 7.427047 4.172694 4.718779 7.470613 3.936979 6.2431 6.2431 4.174648 6.287365 6.28737 3.939003 7.470613 4.71878 3.936979 7.427045 4.673537 4.172694 5.070115 11.64414 5.075473 3.989296 9.557756 4.681125 2.461134 12.47388 4.985682 2.065253 10.23055 4.689363 1.794489 8.69652 3.936979 3.396658 8.14487 3.936979 6.941652 11.47936 6.411414 7.158025 11.52732 6.411414 6.941652 11.47936 5.353638 7.158025 11.52732 5.353638 5.635032 12.17407 5.353638 5.553831 12.38025 5.353638 5.635032 12.17407 6.411414 5.553831 12.38025 6.411414 5.399806 11.73155 6.411414 5.397152 11.72666 5.353638 5.635032 12.17407 6.411414 5.635032 12.17407 5.353638 6.703773 11.03194 5.353638 6.706427 11.03683 6.411414 6.941652 11.47936 5.353638 6.941652 11.47936 6.411414 5.553831 12.38025 6.411414 5.553831 12.38025 5.353638 2.375884 13.47448 6.411414 2.375884 13.47448 5.353638 1.404891 13.49144 5.453757 1.402796 13.49095 6.411557 1.196617 13.49479 5.353638 3.966604 9.499036 4.916768 4.817715 9.112792 4.8813 4.051504 7.619822 4.064261 5.467881 8.733736 4.91684 4.673533 7.427047 4.172694 6.086421 6.086421 4.064261 6.2431 6.2431 4.174648 3.373968 8.08622 4.172694 1.46319 8.499838 4.064469 3.95983 7.447433 4.085417 1.464657 8.306577 4.085417 1.771867 8.637875 4.172694 1.80182 10.21875 4.91272 1.491328 10.22377 4.91251 2.244762 12.73089 5.252954 1.505082 11.60957 5.099771 2.042632 10.1719 4.925009 2.438441 12.41516 5.221326 5.397152 11.72666 5.353638 5.635032 12.17407 5.353638 5.553831 12.38025 5.353638 2.375884 13.47448 5.353638 5.047494 11.58541 5.311116 1.398258 12.54377 5.225655 1.394906 11.8633 5.133771 1.193334 12.64306 5.238572 1.196617 13.49479 5.353638 5.561721 11.63819 5.184599 6.535436 11.12048 5.184599 6.764726 10.68089 5.312094 6.703773 11.03194 5.353638 9.146579 9.146584 5.351681 7.158025 11.52732 5.353638 6.941652 11.47936 5.353638 9.649706 9.649711 5.353638 8.973496 8.973571 5.315792 11.52732 7.158027 5.353638 11.03146 6.703567 5.353638 11.47935 6.941654 5.353638 10.68089 6.764732 5.312094 8.733734 5.467887 4.91684 9.119353 4.821555 4.885001 11.12013 6.534952 5.184252 7.619818 4.051507 4.064261 9.499034 3.966606 4.916768 7.427045 4.673537 4.172694 8.086218 3.37397 4.172694 8.499834 1.463193 4.064469 7.447431 3.959834 4.085417 8.306571 1.464659 4.085417 8.63787 1.77187 4.172694 10.21874 1.801822 4.91272 10.22377 1.491331 4.91251 12.73088 2.244833 5.252954 11.60957 1.505087 5.099771 10.17183 2.042634 4.925009 12.41515 2.438446 5.221326 11.7261 5.396874 5.353638 12.17406 5.635105 5.353638 12.38024 5.553835 5.353638 13.47447 2.375888 5.353638 11.58541 5.047497 5.311116 12.54376 1.39826 5.225655 11.86329 1.394909 5.133771 12.64305 1.193338 5.238572 13.49479 1.19662 5.353638 11.63763 5.561443 5.184111 5.948736 5.94874 4.085417 3.568137 6.720533 8.45918 3.690394 6.95206 8.158533 1.491328 7.416433 8.45918 1.494191 7.701023 8.158533 5.379208 5.379212 8.45918 5.55774 5.557746 8.158533 6.950937 3.692351 8.158533 6.720532 3.568141 8.45918 7.416429 1.491401 8.45918 7.701019 1.494193 8.158533 5.64802 5.648024 8.081661 4.157979 6.766756 8.08215 6.764935 4.160358 8.08215 3.274262 7.235039 8.085151 1.925402 7.690687 8.084874 7.690685 1.925404 8.084874 7.23378 3.277757 8.085151 3.644661 7.383968 7.934829 1.643815 8.051105 7.942928 1.502429 8.520576 7.716919 1.648424 8.49963 7.702187 1.502988 10.22329 6.992461 1.946907 10.19075 6.985339 2.176755 11.49423 6.757725 1.501522 11.34977 6.796893 1.380034 11.6153 6.749487 2.273389 12.89315 6.516496 1.399165 13.18779 6.466154 2.375884 13.47448 6.411414 5.399806 11.73155 6.411414 5.635032 12.17407 6.411414 5.553831 12.38025 6.411414 1.402796 13.49095 6.411557 2.670038 12.59187 6.534161 2.337551 12.40531 6.595741 5.109005 11.37434 6.517753 5.006718 10.62028 6.718136 4.803957 10.55459 6.735383 4.880621 10.38331 6.75954 4.318567 9.300751 6.992531 4.929426 11.75172 6.455192 5.399806 11.73155 6.411414 11.49422 2.176759 6.757725 10.22328 1.502991 6.992461 11.34977 1.501524 6.796893 11.61529 1.380038 6.749487 12.86215 2.267945 6.522082 13.18758 1.399168 6.466154 13.47447 2.375888 6.411414 11.73091 5.399457 6.411414 12.17406 5.635105 6.411414 12.38024 5.553835 6.411414 13.49095 1.402799 6.411557 10.19075 1.94691 6.985339 8.520571 1.502434 7.716919 8.499625 1.648429 7.702187 12.37599 2.332387 6.601048 11.74725 4.927823 6.456031 8.051099 1.64382 7.942928 12.56506 2.66578 6.538978 12.86215 2.267945 6.522082 10.61965 5.00756 6.718277 10.55367 4.80487 6.735521 11.37225 5.108519 6.518171 11.73091 5.399457 6.411414 10.38247 4.881884 6.75961 9.29879 4.322829 6.99267 4.471683 9.282596 7.135104 5.171215 8.901374 7.136362 4.966082 10.23481 6.930671 5.707576 9.835225 6.91133 4.294551 7.459093 7.71587 3.769569 7.739422 7.71671 4.072031 7.156354 7.932384 5.656467 10.01871 6.890034 5.149221 10.29276 6.905045 9.280915 4.476155 7.135034 10.23376 4.967691 6.930809 8.900256 5.173381 7.136432 9.835151 5.707161 6.911401 7.736279 3.778928 7.7165 7.453993 4.300419 7.716012 7.153347 4.075874 7.932384 7.381869 3.650529 7.934829 10.29185 5.150553 6.905187 10.01885 5.655699 6.890175 1.116043 1.116046 2.726502 3.40507e-5 -3.40507e-5 2.450082 0.4947811 1.476599 2.726502 1.956959 1.956964 3.322629 0.8676216 2.589188 3.322629 3.40507e-5 2.734135 3.322629 3.40507e-5 1.559267 2.726502 3.40507e-5 -3.40507e-5 2.450082 2.614459 2.614465 4.269114 1.648913 3.295003 4.269114 0.6692617 3.6233 4.269114 3.40507e-5 3.652694 4.269114 1.873246 3.528203 5.660845 2.82406 2.824064 5.660845 1.873246 3.528203 6.849049 2.82406 2.824064 6.849049 0.7848857 3.834994 5.399299 0.6213644 3.885825 5.381705 3.40507e-5 3.890501 5.399508 0.784465 3.893085 5.660845 0.7761566 3.895878 6.134578 1.37738 3.694374 6.207609 1.379126 3.693817 6.849049 3.528201 1.873248 6.849049 3.528201 1.873248 5.660845 3.295 1.648917 4.269114 2.589184 0.8676264 3.322629 1.476597 0.4947834 2.726502 3.40507e-5 -3.40507e-5 2.450082 2.734133 -3.40507e-5 3.322629 1.559264 -3.40507e-5 2.726502 3.40507e-5 -3.40507e-5 2.450082 3.623295 0.6692665 4.269114 3.65269 -3.40507e-5 4.269114 3.834992 0.7848882 5.399299 3.885819 0.6213694 5.381705 3.890498 -3.40507e-5 5.399508 3.893083 0.7844699 5.660845 3.895874 0.7761614 6.134578 3.694372 1.377385 6.207609 3.693814 1.379129 6.849049 0.7658928 7.125422 9.937558 3.40507e-5 7.126749 9.937558 0.6178743 5.918576 10.78483 3.40507e-5 5.919694 10.78483 3.40507e-5 5.098816 11.1148 0.5171937 5.097838 11.1148 0.8369711 7.704793 9.284667 3.40507e-5 7.706189 9.284667 0.7723162 5.918299 10.7199 0.9574108 7.125074 9.872626 0.6465013 5.097628 11.04987 0.475231 3.944542 11.06271 0.3802052 3.944752 11.12772 3.40507e-5 5.098816 11.1148 1.046222 7.704444 9.219664 3.40507e-5 3.94552 11.12772 3.40507e-5 5.098816 11.1148 0.8369711 7.704793 9.054538 3.40507e-5 7.706189 9.066896 0.8369711 7.704793 9.284667 3.40507e-5 7.706189 9.284667 1.046222 7.704444 9.219664 1.046222 7.704444 9.051398 0.4596601 2.874475 13.5132 1.365093 2.571105 13.5132 0.4800493 3.001965 13.52507 1.425628 2.685122 13.52507 3.40507e-5 2.875173 13.5132 3.40507e-5 3.002663 13.52507 2.149175 2.149181 13.52507 2.05792 2.057924 13.5132 2.571101 1.365095 13.5132 2.685117 1.42563 13.52507 3.001963 0.4800516 13.52507 2.874471 0.459665 13.5132 2.875169 -3.40507e-5 13.5132 3.002661 -3.40507e-5 13.52507 0.6104027 3.817119 12.13481 1.812711 3.414186 12.13481 0.6104027 3.817119 11.94706 1.812711 3.414186 11.94706 2.732805 2.732809 11.94706 2.732805 2.732809 12.13481 3.40507e-5 3.818027 12.13481 3.40507e-5 3.818027 11.94706 3.414184 1.812716 12.13481 3.414184 1.812716 11.94706 3.817117 0.6104075 11.94706 3.817117 0.6104075 12.13481 3.818025 -3.40507e-5 12.13481 3.818025 -3.40507e-5 11.94706 0.5512663 3.447281 13.00156 1.637114 3.083446 13.00156 0.4800493 3.001965 13.52507 1.425628 2.685122 13.52507 2.467975 2.467979 13.00156 2.149175 2.149181 13.52507 3.40507e-5 3.44812 13.00156 3.40507e-5 3.002663 13.52507 3.083444 1.637116 13.00156 3.447279 0.5512687 13.00156 2.685117 1.42563 13.52507 3.001963 0.4800516 13.52507 3.448116 -3.40507e-5 13.00156 3.002661 -3.40507e-5 13.52507 0.9276675 5.801351 10.60588 1.112692 6.958203 9.796451 0.7723162 5.918299 10.7199 0.9574108 7.125074 9.872626 0.8018503 5.014614 10.91016 0.6465013 5.097628 11.04987 0.475231 3.944542 11.06271 0.6307917 3.944542 10.91016 1.201503 7.513555 9.161644 1.046222 7.704444 9.219664 1.046222 7.704444 9.219664 1.201503 7.513555 9.161644 1.046222 7.704444 9.051398 1.201503 7.513555 9.068294 1.112692 6.958203 9.796451 0.9276675 5.801351 10.60588 3.304425 6.223762 9.796451 2.755009 5.18902 10.60588 4.981582 4.995409 9.796451 4.15337 4.153377 10.60588 6.223758 3.318253 9.796451 5.189018 2.768836 10.60588 6.958199 1.126519 9.796451 5.801344 0.9414947 10.60588 3.568137 6.720533 9.161644 1.201503 7.513555 9.161644 0.8018503 5.014614 10.91016 2.381399 4.485373 10.91016 0.6307917 3.944542 10.91016 1.873246 3.528203 10.91016 3.590131 3.590133 10.91016 2.82406 2.824064 10.91016 3.528201 1.873248 10.91016 4.485367 2.395226 10.91016 3.944538 0.6307942 10.91016 5.014608 0.8156797 10.91016 7.51355 1.21533 9.161644 5.379208 5.393037 9.161644 6.720532 3.581966 9.161644 0.4138594 2.588282 14.3278 1.229153 2.315073 14.3278 0.4596601 2.874475 13.5132 1.365093 2.571105 13.5132 2.05792 2.057924 13.5132 1.852998 1.853 14.3278 0.3806942 2.380635 14.51108 1.130566 2.129352 14.51108 3.40507e-5 -3.40507e-5 14.51694 1.704349 1.704354 14.51108 3.40507e-5 2.875173 13.5132 3.40507e-5 2.588909 14.3278 3.40507e-5 2.381192 14.51108 2.315072 1.229155 14.3278 2.571101 1.365095 13.5132 2.874471 0.459665 13.5132 2.588276 0.4138619 14.3278 2.129346 1.130568 14.51108 2.380631 0.3806965 14.51108 2.875169 -3.40507e-5 13.5132 2.381191 -3.40507e-5 14.51108 2.588907 -3.40507e-5 14.3278 2.875169 -3.40507e-5 13.5132 0.6307917 3.944542 11.83367 1.873246 3.528203 11.83367 0.6307917 3.944542 10.91016 1.873246 3.528203 10.91016 2.82406 2.824064 10.91016 2.82406 2.824064 11.83367 1.812711 3.414186 11.94706 0.6104027 3.817119 11.94706 2.732805 2.732809 11.94706 3.40507e-5 3.94552 11.83367 3.40507e-5 3.818027 11.94706 0.3802052 3.944752 11.12772 3.40507e-5 3.94552 11.12772 0.475231 3.944542 11.06271 3.528201 1.873248 11.83367 3.528201 1.873248 10.91016 3.944538 0.6307942 10.91016 3.944538 0.6307942 11.83367 3.414184 1.812716 11.94706 3.817117 0.6104075 11.94706 3.945516 -3.40507e-5 11.83367 3.818025 -3.40507e-5 11.94706 3.945516 -3.40507e-5 11.12772 3.944751 0.3802101 11.12772 3.944538 0.4752335 11.06271 1.873246 3.528203 6.849049 1.379126 3.693817 6.849049 2.381399 4.485373 6.849049 1.408661 4.81129 6.849049 2.82406 2.824064 6.849049 3.590131 3.590133 6.849049 4.485367 2.381401 6.849049 3.528201 1.873248 6.849049 3.693814 1.379129 6.849049 4.81129 1.408663 6.849049 3.568137 6.720533 8.45918 3.568137 6.720533 9.161644 5.379208 5.379212 8.45918 5.379208 5.393037 9.161644 6.720532 3.581966 9.161644 6.720532 3.568141 8.45918 1.506758 7.411267 8.862533 1.201503 7.513555 9.161644 1.304699 7.478994 9.067384 1.201503 7.513555 9.068294 1.491328 7.416433 8.45918 7.411263 1.506761 8.862533 7.51355 1.21533 9.161644 7.478988 1.304701 9.067384 7.51355 1.201506 9.068294 7.416429 1.491401 8.45918 -10.23376 4.967691 6.930809 -10.29185 5.150553 6.905187 -10.38248 4.881884 6.75961 -10.44064 5.064812 6.734196 -10.01885 5.655699 6.890175 -9.835151 5.707161 6.911401 -10.03002 5.826134 6.713598 -9.846393 5.87759 6.735242 -5.707579 9.835225 6.91133 -5.656468 10.01871 6.890034 -5.87843 9.846257 6.735174 -5.827252 10.02974 6.71353 -5.149224 10.29276 6.905045 -4.966086 10.23481 6.930671 -5.063835 10.44134 6.733987 -4.880623 10.38331 6.75954 -10.44064 5.064812 6.734196 -10.29185 5.150553 6.905187 -10.03002 5.826134 6.713598 -10.01885 5.655699 6.890175 -9.835151 5.707161 6.911401 -8.900259 5.173381 7.136432 -9.846393 5.87759 6.735242 -8.783589 5.270782 6.991693 -7.453995 4.300419 7.716012 -10.08218 6.005361 6.694327 -9.950495 6.116795 6.686019 -10.03002 5.826134 6.713598 -5.827252 10.02974 6.71353 -5.656468 10.01871 6.890034 -5.063835 10.44134 6.733987 -5.149224 10.29276 6.905045 -7.893934 2.075591 8.105399 -8.140681 1.883023 8.008488 -7.690687 1.925404 8.084874 -8.051032 1.64382 7.942928 -7.49093 3.269098 8.105958 -7.893934 2.075591 8.105399 -7.233784 3.277757 8.085151 -7.690687 1.925404 8.084874 -7.575065 3.481282 8.019939 -7.49093 3.269098 8.105958 -7.381871 3.650529 7.934829 -7.233784 3.277757 8.085151 -11.40716 4.881256 6.674778 -10.67586 4.60993 6.870207 -11.37232 5.108519 6.518171 -10.55367 4.80487 6.735521 -9.418464 4.126984 7.125538 -9.298794 4.322829 6.99267 -7.853508 3.582243 7.84853 -7.73628 3.778928 7.7165 -7.575065 3.481282 8.019939 -7.381871 3.650529 7.934829 -11.6132 4.781409 6.638054 -11.40716 4.881256 6.674778 -11.74725 4.927823 6.456031 -11.37232 5.108519 6.518171 -12.36398 2.706485 6.71674 -11.6132 4.781409 6.638054 -12.56506 2.66578 6.538978 -11.74725 4.927823 6.456031 -12.27601 2.552112 6.742434 -12.36398 2.706485 6.71674 -12.37599 2.332387 6.601048 -12.56506 2.66578 6.538978 -8.509684 1.887073 7.812363 -10.19019 2.184159 7.107316 -8.49963 1.648429 7.702187 -10.19075 1.94691 6.985339 -11.49541 2.414288 6.880259 -11.49423 2.176759 6.757725 -12.27601 2.552112 6.742434 -12.37599 2.332387 6.601048 -8.051032 1.64382 7.942928 -8.140681 1.883023 8.008488 -2.709068 12.3903 6.721838 -2.557211 12.3047 6.746972 -2.67004 12.59187 6.534161 -2.337557 12.40531 6.595741 -4.7819 11.61893 6.64678 -2.709068 12.3903 6.721838 -4.929429 11.75172 6.455192 -2.67004 12.59187 6.534161 -4.88181 11.40982 6.684064 -4.7819 11.61893 6.64678 -5.109007 11.37434 6.517753 -4.929429 11.75172 6.455192 -3.474303 7.576252 8.030412 -3.57268 7.856022 7.858864 -3.644663 7.383968 7.934829 -3.769573 7.739422 7.71671 -4.122864 9.420911 7.135034 -4.318573 9.300751 6.992531 -4.609234 10.67705 6.87977 -4.804033 10.55459 6.735383 -4.88181 11.40982 6.684064 -5.109007 11.37434 6.517753 -3.265048 7.492258 8.115734 -3.474303 7.576252 8.030412 -3.274266 7.235039 8.085151 -3.644663 7.383968 7.934829 -2.075591 7.893867 8.115244 -3.265048 7.492258 8.115734 -1.925404 7.690687 8.084874 -3.274266 7.235039 8.085151 -1.883023 8.140541 8.018334 -2.075591 7.893867 8.115244 -1.64382 8.051105 7.942928 -1.925404 7.690687 8.084874 -2.18409 10.19012 7.117162 -1.887073 8.509612 7.822138 -1.94691 10.19075 6.985339 -1.648429 8.49963 7.702187 -1.883023 8.140541 8.018334 -1.64382 8.051105 7.942928 -2.176759 11.49423 6.757725 -2.414288 11.49534 6.890034 -2.337557 12.40531 6.595741 -2.557211 12.3047 6.746972 -7.114948 4.337072 8.025384 -7.352407 4.514345 7.846783 -7.153353 4.075874 7.932384 -7.453995 4.300419 7.716012 -8.683398 5.485831 7.122746 -8.783589 5.270782 6.991693 -9.776716 6.279547 6.847373 -9.950495 6.116795 6.686019 -6.896692 4.384062 8.108332 -7.114948 4.337072 8.025384 -6.76494 4.160358 8.08215 -7.153353 4.075874 7.932384 -4.381412 6.898784 8.098557 -5.818663 5.818663 8.096811 -4.157985 6.766756 8.08215 -5.648024 5.648024 8.081661 -6.896692 4.384062 8.108332 -6.76494 4.160358 8.08215 -4.333235 7.119068 8.015121 -4.381412 6.898784 8.098557 -4.072033 7.156354 7.932384 -4.157985 6.766756 8.08215 -6.280524 9.776157 6.847373 -5.483174 8.683746 7.123026 -6.117631 9.94987 6.686089 -5.268548 8.784357 6.991834 -4.508624 7.357784 7.846294 -4.294553 7.459093 7.71587 -4.333235 7.119068 8.015121 -4.072033 7.156354 7.932384 -6.502274 9.807507 6.811627 -6.280524 9.776157 6.847373 -6.526085 10.00761 6.620038 -6.117631 9.94987 6.686089 -9.808063 6.501715 6.811627 -8.385333 8.379397 6.814699 -10.00817 6.525457 6.619968 -8.509333 8.503332 6.622133 -6.502274 9.807507 6.811627 -6.526085 10.00761 6.620038 -9.776716 6.279547 6.847373 -9.808063 6.501715 6.811627 -9.950495 6.116795 6.686019 -10.00817 6.525457 6.619968 -12.27601 2.552112 6.742434 -11.49541 2.414288 6.880259 -12.36398 2.706485 6.71674 -11.40716 4.881256 6.674778 -10.67586 4.60993 6.870207 -11.6132 4.781409 6.638054 -10.19019 2.184159 7.107316 -9.418464 4.126984 7.125538 -8.509684 1.887073 7.812363 -7.853508 3.582243 7.84853 -8.140681 1.883023 8.008488 -7.49093 3.269098 8.105958 -7.575065 3.481282 8.019939 -7.893934 2.075591 8.105399 -9.171582 9.169557 6.407715 -9.649711 9.649711 6.411414 -11.03627 6.706082 6.411414 -11.47936 6.941654 6.411414 -11.52732 7.158027 6.411414 -6.706431 11.03683 6.411414 -6.941654 11.47936 6.411414 -7.158027 11.52732 6.411414 -8.509333 8.503332 6.622133 -10.00817 6.525457 6.619968 -6.526085 10.00761 6.620038 -9.950495 6.116795 6.686019 -10.08218 6.005361 6.694327 -6.006338 10.08197 6.694189 -6.117631 9.94987 6.686089 -6.706431 11.03683 6.411414 -5.268548 8.784357 6.991834 -5.87843 9.846257 6.735174 -9.846393 5.87759 6.735242 -8.783589 5.270782 6.991693 -2.709068 12.3903 6.721838 -4.7819 11.61893 6.64678 -2.557211 12.3047 6.746972 -2.414288 11.49534 6.890034 -4.609234 10.67705 6.87977 -4.88181 11.40982 6.684064 -2.18409 10.19012 7.117162 -4.122864 9.420911 7.135034 -1.887073 8.509612 7.822138 -3.57268 7.856022 7.858864 -2.075591 7.893867 8.115244 -1.883023 8.140541 8.018334 -3.474303 7.576252 8.030412 -3.265048 7.492258 8.115734 -8.262588 8.256654 6.851214 -6.280524 9.776157 6.847373 -8.385333 8.379397 6.814699 -6.502274 9.807507 6.811627 -9.808063 6.501715 6.811627 -9.776716 6.279547 6.847373 -7.323295 7.312194 7.12456 -5.483174 8.683746 7.123026 -6.105067 6.105067 7.849019 -4.508624 7.357784 7.846294 -8.683398 5.485831 7.122746 -7.352407 4.514345 7.846783 -5.818663 5.818663 8.096811 -4.381412 6.898784 8.098557 -4.333235 7.119068 8.015121 -7.114948 4.337072 8.025384 -6.896692 4.384062 8.108332 -11.29712 5.46935 5.670899 -11.26612 5.527022 5.611483 -11.65698 5.52765 5.419059 -11.61146 5.612344 5.331782 -10.88316 6.24736 5.611552 -11.14722 6.485588 5.331923 -10.85167 6.307264 5.671807 -11.10121 6.573075 5.419965 -10.85167 6.307264 5.671807 -10.85509 6.30908 6.264445 -11.10121 6.573075 5.419965 -11.1054 6.575307 6.345923 -10.88623 6.251197 6.32407 -11.15106 6.490405 6.43341 -11.27024 5.528909 6.323998 -11.61662 5.614649 6.433339 -11.30054 5.471165 6.264584 -11.66124 5.529888 6.346064 -11.29712 5.46935 5.670899 -11.65698 5.52765 5.419059 -6.307548 10.85216 5.671948 -6.247851 10.88351 5.61204 -6.573352 11.1017 5.420036 -6.486076 11.14757 5.332412 -5.527162 11.26675 5.61204 -5.612411 11.61208 5.332412 -5.469633 11.29768 5.671179 -5.527932 11.65754 5.419267 -6.309361 10.85565 6.264304 -6.307548 10.85216 5.671948 -6.575658 11.10596 6.345713 -6.573352 11.1017 5.420036 -6.490895 11.15155 6.43271 -6.251622 10.88672 6.323511 -5.614927 11.61732 6.43271 -5.529119 11.27087 6.323511 -5.530233 11.66186 6.345923 -5.471514 11.30117 6.264445 -5.527932 11.65754 5.419267 -5.469633 11.29768 5.671179 -11.10121 6.573075 5.419965 -11.1054 6.575307 6.345923 -11.03146 6.703567 5.353638 -11.03627 6.706082 6.411414 -11.15106 6.490405 6.43341 -11.12487 6.541232 6.581289 -11.6442 5.564448 6.581219 -11.61662 5.614649 6.433339 -11.66124 5.529888 6.346064 -11.73092 5.399457 6.411414 -11.65698 5.52765 5.419059 -11.7261 5.396874 5.353638 -11.61146 5.612344 5.331782 -11.63764 5.561443 5.184111 -11.14722 6.485588 5.331923 -11.12013 6.534952 5.184252 -6.575658 11.10596 6.345713 -6.573352 11.1017 5.420036 -6.706431 11.03683 6.411414 -6.703777 11.03194 5.353638 -6.486076 11.14757 5.332412 -6.535438 11.12048 5.184599 -5.612411 11.61208 5.332412 -5.561725 11.63819 5.184599 -5.527932 11.65754 5.419267 -5.397159 11.72666 5.353638 -5.530233 11.66186 6.345923 -5.399809 11.73155 6.411414 -5.614927 11.61732 6.43271 -5.564795 11.64483 6.580591 -6.541514 11.12551 6.580591 -6.490895 11.15155 6.43271 -11.03627 6.706082 6.411414 -11.12487 6.541232 6.581289 -10.08218 6.005361 6.694327 -10.61973 5.00756 6.718277 -11.6442 5.564448 6.581219 -11.73092 5.399457 6.411414 -5.399809 11.73155 6.411414 -5.564795 11.64483 6.580591 -5.006722 10.62028 6.718136 -6.251622 10.88672 6.323511 -5.529119 11.27087 6.323511 -6.309361 10.85565 6.264304 -6.307548 10.85216 5.671948 -6.247851 10.88351 5.61204 -5.469633 11.29768 5.671179 -5.471514 11.30117 6.264445 -5.527162 11.26675 5.61204 -6.006338 10.08197 6.694189 -6.541514 11.12551 6.580591 -6.706431 11.03683 6.411414 -11.63764 5.561443 5.184111 -9.499036 3.966606 4.916768 -11.7261 5.396874 5.353638 -10.88316 6.24736 5.611552 -11.26612 5.527022 5.611483 -10.85167 6.307264 5.671807 -10.88623 6.251197 6.32407 -11.29712 5.46935 5.670899 -11.30054 5.471165 6.264584 -11.27024 5.528909 6.323998 -10.85509 6.30908 6.264445 -11.12013 6.534952 5.184252 -11.03146 6.703567 5.353638 -8.733736 5.467887 4.91684 -6.535438 11.12048 5.184599 -5.467887 8.733736 4.91684 -6.703777 11.03194 5.353638 -5.561725 11.63819 5.184599 -5.397159 11.72666 5.353638 -3.966606 9.499036 4.916768 -10.44064 5.064812 6.734196 -10.03002 5.826134 6.713598 -10.61973 5.00756 6.718277 -11.6442 5.564448 6.581219 -11.12487 6.541232 6.581289 -10.08218 6.005361 6.694327 -10.38248 4.881884 6.75961 -10.55367 4.80487 6.735521 -9.298794 4.322829 6.99267 -10.23376 4.967691 6.930809 -9.280918 4.476155 7.135034 -7.73628 3.778928 7.7165 -5.827252 10.02974 6.71353 -5.063835 10.44134 6.733987 -6.006338 10.08197 6.694189 -6.541514 11.12551 6.580591 -5.564795 11.64483 6.580591 -5.006722 10.62028 6.718136 -4.880623 10.38331 6.75954 -4.804033 10.55459 6.735383 -4.966086 10.23481 6.930671 -4.471689 9.282596 7.135104 -4.318573 9.300751 6.992531 -3.769573 7.739422 7.71671 -5.87843 9.846257 6.735174 -6.006338 10.08197 6.694189 -6.117631 9.94987 6.686089 -5.268548 8.784357 6.991834 -5.707579 9.835225 6.91133 -5.171217 8.901374 7.136362 -4.294553 7.459093 7.71587 -13.7532 1.197736 5.344489 -13.73309 1.404754 5.454386 -13.49479 1.19662 5.353638 -13.49144 1.404893 5.453757 -12.98922 1.255479 3.22118 -12.98971 -3.40507e-5 3.218597 -13.84096 1.258759 3.336174 -13.84145 -3.40507e-5 3.333591 -14.12744 -3.40507e-5 3.262374 -14.12765 1.274189 3.262512 -12.64306 1.193338 5.238572 -12.98922 1.255479 3.22118 -13.49479 1.19662 5.353638 -13.84096 1.258759 3.336174 -14.12765 1.274189 3.262512 -13.7532 1.197736 5.344489 -12.19208 1.407199 3.016535 -11.8633 1.394909 5.133771 -11.94129 1.501176 2.895816 -11.60957 1.505087 5.099771 -12.54377 1.39826 5.225655 -12.92156 1.411526 3.042789 -10.22377 1.491331 4.91251 -8.499838 1.463193 4.064469 -8.794621 1.499989 2.704439 -8.306577 1.464659 4.085417 -7.218423 1.444691 4.22457 -4.79789 1.38681 6.57291 -5.133168 1.389325 5.774374 -3.694374 1.377385 6.207609 -3.693817 1.379129 6.849049 -4.81129 1.408663 6.849049 -12.92156 1.411526 3.042789 -12.98922 1.255479 3.22118 -12.54377 1.39826 5.225655 -12.64306 1.193338 5.238572 -12.98971 -3.40507e-5 3.218597 -12.92156 -3.40507e-5 3.042789 -13.73309 1.404754 5.454386 -13.7532 1.197736 5.344489 -14.16151 1.415855 3.07295 -14.12765 1.274189 3.262512 -14.16346 -3.40507e-5 3.070576 -14.12744 -3.40507e-5 3.262374 -12.19208 -3.40507e-5 3.016535 -12.92156 -3.40507e-5 3.042789 -12.19208 1.407199 3.016535 -12.92156 1.411526 3.042789 -14.41677 1.505297 2.985747 -14.16151 1.415855 3.07295 -14.41677 -3.40507e-5 2.985747 -14.16346 -3.40507e-5 3.070576 -13.44354 1.505297 8.541569 -13.18961 1.393722 8.454083 -13.82169 1.505297 6.610753 -13.57879 1.402728 6.411557 -13.1533 1.273842 8.61865 -13.41212 1.313151 8.764925 -13.1533 -3.40507e-5 8.621303 -13.41212 -3.40507e-5 8.764925 -13.73309 1.404754 5.454386 -14.41677 1.505297 2.985747 -14.16151 1.415855 3.07295 -10.9689 1.30931 8.884387 -11.21788 1.244796 8.74677 -10.9689 0.622206 8.884387 -11.21627 0.3985027 8.7157 -11.26528 1.36377 8.613552 -11.01428 1.501456 8.658168 -11.34977 1.501524 6.796893 -11.6153 1.380038 6.749487 -10.9689 0.622206 8.884387 -11.21627 0.3985027 8.7157 -9.103855 0.3876793 8.99931 -9.35011 0.163976 8.827831 -9.103855 0.3876793 8.99931 -9.35011 0.163976 8.827831 -9.103855 -3.40507e-5 8.99931 -9.35011 -3.40507e-5 8.827831 -11.94129 -3.40507e-5 2.895816 -12.19208 -3.40507e-5 3.016535 -11.94129 1.501176 2.895816 -12.19208 1.407199 3.016535 -14.00154 0.91601 8.738951 -14.40951 0.7812568 9.535811 -14.00154 -3.40507e-5 8.738951 -14.40951 -3.40507e-5 9.535811 -14.41677 1.505297 2.985747 -14.41677 -3.40507e-5 2.985747 -17.52155 1.508368 3.233748 -17.52155 -3.40507e-5 3.233748 -16.78397 0.6628431 10.78706 -16.78138 0.706479 9.389957 -16.78397 0.5294156 10.78706 -16.78138 0.5730538 9.389957 -16.64056 0.6628431 10.78706 -16.63797 0.706479 9.389957 -16.78397 0.6628431 10.78706 -16.78138 0.706479 9.389957 -16.64056 0.5294156 10.78706 -16.63797 0.5730538 9.389957 -16.64056 0.6628431 10.78706 -16.63797 0.706479 9.389957 -16.78397 0.5294156 10.78706 -16.78138 0.5730538 9.389957 -16.64056 0.5294156 10.78706 -16.63797 0.5730538 9.389957 -16.64056 0.6628431 10.78706 -16.78397 0.6628431 10.78706 -16.64056 0.5294156 10.78706 -16.78397 0.5294156 10.78706 -4.916095 0.8051362 5.039933 -6.44607 0.8490543 3.880704 -5.152785 0.8051362 5.75259 -7.193216 0.8490543 4.27477 -7.14085 0.8930405 3.359912 -8.312303 0.8930405 3.225577 -3.893085 0.7844699 5.660845 -3.834994 0.7848882 5.399299 -3.895878 0.7761614 6.134578 -5.152785 0.8051362 5.75259 -7.193216 0.8490543 4.27477 -5.133168 1.389325 5.774374 -7.218423 1.444691 4.22457 -8.312303 0.8930405 3.225577 -8.794621 1.499989 2.704439 -8.794621 -3.40507e-5 2.704439 -8.312303 -3.40507e-5 3.225577 -7.14085 -3.40507e-5 3.359912 -7.14085 0.8930405 3.359912 -3.694374 1.377385 6.207609 -3.895878 0.7761614 6.134578 -6.44607 0.8490543 3.880704 -4.916095 0.8051362 5.039933 -6.445997 -3.40507e-5 3.880704 -4.916095 -3.40507e-5 5.039933 -7.14085 -3.40507e-5 3.359912 -7.14085 0.8930405 3.359912 -3.885825 0.6213694 5.381705 -3.834994 0.7848882 5.399299 -3.890501 -3.40507e-5 5.399508 -14.39736 1.505715 4.409665 -14.621 2.013797 4.409665 -14.39659 1.505924 6.708222 -14.61457 2.014007 6.302145 -14.39659 1.505924 6.708222 -14.61457 2.014007 6.302145 -17.08796 1.507738 6.708222 -17.08796 2.015823 6.302145 -17.08796 1.507738 6.708222 -17.08796 2.015823 6.302145 -17.08796 1.50795 4.409665 -17.08796 2.016032 4.409665 -17.08796 1.50795 4.409665 -17.08796 2.016032 4.409665 -14.39736 1.505715 4.409665 -14.621 2.013797 4.409665 -9.126546 1.50006 8.773162 -9.103855 1.307914 8.99931 -7.411267 1.506761 8.862533 -7.478994 1.304701 9.067384 -7.513555 1.201506 9.068294 -10.9689 1.30931 8.884387 -11.01428 1.501456 8.658168 -9.103855 0.3876793 8.99931 -10.9689 0.622206 8.884387 -7.704793 0.8369736 9.054538 -7.704444 1.046227 9.051398 -10.22329 1.502991 6.992461 -11.34977 1.501524 6.796893 -7.416433 1.491401 8.45918 -7.701023 1.494193 8.158533 -8.520576 1.502434 7.716919 -7.706189 -3.40507e-5 9.066896 -9.103855 -3.40507e-5 8.99931 -16.84534 -3.40507e-5 9.397567 -16.84534 0.7832124 9.397567 -16.8276 -3.40507e-5 8.615369 -16.8276 0.9183158 8.615369 -16.8276 0.9183158 8.615369 -16.84534 0.7832124 9.397567 -14.00154 0.91601 8.738951 -14.40951 0.7812568 9.535811 -17.52155 1.372428 8.585137 -16.8276 0.9183158 8.615369 -13.41212 1.313151 8.764925 -14.00154 0.91601 8.738951 -17.52155 -3.40507e-5 8.583741 -16.8276 -3.40507e-5 8.615369 -17.52155 1.508368 8.349633 -13.44354 1.505297 8.541569 -14.39659 1.505924 6.708222 -17.08796 1.507738 6.708222 -17.52155 1.508368 3.233748 -17.08796 1.50795 4.409665 -14.41677 1.505297 2.985747 -14.39736 1.505715 4.409665 -13.82169 1.505297 6.610753 -14.00154 -3.40507e-5 8.738951 -13.41212 -3.40507e-5 8.764925 -17.08796 2.015823 6.302145 -14.61457 2.014007 6.302145 -17.08796 2.016032 4.409665 -14.621 2.013797 4.409665 -16.84534 -3.40507e-5 9.397567 -14.40951 -3.40507e-5 9.535811 -16.84534 0.7832124 9.397567 -14.40951 0.7812568 9.535811 -8.794621 -3.40507e-5 2.704439 -11.94129 -3.40507e-5 2.895816 -8.794621 1.499989 2.704439 -11.94129 1.501176 2.895816 -17.52155 1.029749 7.860189 -17.52155 1.508368 8.349633 -17.52155 1.029749 3.75 -17.52155 1.508368 3.233748 -17.52155 0.8376034 8.08194 -17.52155 1.372428 8.585137 -17.52155 -3.40507e-5 8.583741 -17.52155 1.508368 3.233748 -17.52155 -3.40507e-5 3.233748 -13.1533 -3.40507e-5 8.621303 -11.21627 0.3985027 8.7157 -13.1533 1.273842 8.61865 -11.22437 -3.40507e-5 8.715631 -9.35011 0.163976 8.827831 -9.35011 -3.40507e-5 8.827831 -11.21788 1.244796 8.74677 -11.26528 1.36377 8.613552 -13.18961 1.393722 8.454083 -11.6153 1.380038 6.749487 -13.18758 1.399168 6.466154 -13.49095 1.402799 6.411557 -13.57879 1.402728 6.411557 -13.73309 1.404754 5.454386 -13.49144 1.404893 5.453757 -11.97473 4.896822 6.007924 -12.0618 4.733582 6.007924 -13.96901 5.893442 6.007924 -14.05608 5.730198 6.007924 -12.0618 4.733582 6.007924 -12.0618 4.733582 6.206493 -14.05608 5.730198 6.007924 -14.05608 5.730198 6.206493 -12.0618 4.733582 6.206493 -11.97473 4.896822 6.206493 -14.05608 5.730198 6.206493 -13.96901 5.893442 6.206493 -11.97473 4.896822 6.206493 -11.97473 4.896822 6.007924 -13.96901 5.893442 6.206493 -13.96901 5.893442 6.007924 -13.96901 5.893442 6.007924 -14.05608 5.730198 6.007924 -13.96901 5.893442 6.206493 -14.05608 5.730198 6.206493 -10.36886 7.171852 6.007924 -10.48295 7.026207 6.007924 -12.15975 8.49963 6.007924 -12.27384 8.353985 6.007924 -10.48295 7.026207 6.007924 -10.48295 7.026207 6.206493 -12.27384 8.353985 6.007924 -12.27384 8.353985 6.206493 -10.48295 7.026207 6.206493 -10.36886 7.171852 6.206493 -12.27384 8.353985 6.206493 -12.15975 8.49963 6.206493 -10.36886 7.171852 6.206493 -10.36886 7.171852 6.007924 -12.15975 8.49963 6.206493 -12.15975 8.49963 6.007924 -12.15975 8.49963 6.007924 -12.27384 8.353985 6.007924 -12.15975 8.49963 6.206493 -12.27384 8.353985 6.206493 -11.64414 5.070115 5.075473 -12.47388 2.461138 4.985682 -11.58541 5.047497 5.311116 -12.41516 2.438446 5.221326 -8.14487 3.396662 3.936979 -9.557756 3.989298 4.681125 -8.08622 3.37397 4.172694 -9.499036 3.966606 4.916768 -11.64414 5.070115 5.075473 -11.58541 5.047497 5.311116 -8.69652 1.794491 3.936979 -8.14487 3.396662 3.936979 -8.637875 1.77187 4.172694 -8.08622 3.37397 4.172694 -12.47388 2.461138 4.985682 -10.23055 2.065254 4.689363 -12.41516 2.438446 5.221326 -10.1719 2.042634 4.925009 -8.69652 1.794491 3.936979 -8.637875 1.77187 4.172694 -8.733736 5.467887 4.91684 -10.68089 6.764732 5.312094 -8.777303 5.513196 4.681194 -7.470613 4.71878 3.936979 -7.427047 4.673537 4.172694 -10.72446 6.810042 5.07645 -8.777303 5.513196 4.681194 -10.68089 6.764732 5.312094 -11.64414 5.070115 5.075473 -9.557756 3.989298 4.681125 -12.47388 2.461138 4.985682 -10.23055 2.065254 4.689363 -8.69652 1.794491 3.936979 -8.14487 3.396662 3.936979 -11.47936 6.941654 6.411414 -11.52732 7.158027 6.411414 -11.47936 6.941654 5.353638 -11.52732 7.158027 5.353638 -12.17407 5.635105 5.353638 -12.38025 5.553835 5.353638 -12.17407 5.635105 6.411414 -12.38025 5.553835 6.411414 -11.73092 5.399457 6.411414 -11.7261 5.396874 5.353638 -12.17407 5.635105 6.411414 -12.17407 5.635105 5.353638 -11.03146 6.703567 5.353638 -11.03627 6.706082 6.411414 -11.47936 6.941654 5.353638 -11.47936 6.941654 6.411414 -12.38025 5.553835 6.411414 -12.38025 5.553835 5.353638 -13.47448 2.375888 6.411414 -13.47448 2.375888 5.353638 -13.49144 1.404893 5.453757 -13.49095 1.402799 6.411557 -13.49479 1.19662 5.353638 -5.918576 0.6178768 10.78483 -7.125422 0.765968 9.937558 -5.919694 -3.40507e-5 10.78483 -7.126749 -3.40507e-5 9.937558 -5.097838 0.5171962 11.1148 -5.098816 -3.40507e-5 11.1148 -3.94552 -3.40507e-5 11.12772 -3.944752 0.3802101 11.12772 -7.706189 -3.40507e-5 9.284667 -7.704793 0.8369736 9.284667 -5.918299 0.7723211 10.7199 -7.125074 0.9574157 9.872626 -3.944542 0.4752335 11.06271 -5.097628 0.6465037 11.04987 -7.704444 1.046227 9.219664 -7.704793 0.8369736 9.054538 -7.706189 -3.40507e-5 9.066896 -7.704793 0.8369736 9.284667 -7.706189 -3.40507e-5 9.284667 -7.704444 1.046227 9.219664 -7.704444 1.046227 9.051398 -7.125074 0.9574157 9.872626 -5.918299 0.7723211 10.7199 -6.958203 1.126519 9.796451 -5.801351 0.9414947 10.60588 -5.014614 0.8156797 10.91016 -5.097628 0.6465037 11.04987 -3.944542 0.4752335 11.06271 -3.944542 0.6307942 10.91016 -7.513555 1.21533 9.161644 -7.704444 1.046227 9.219664 -7.704444 1.046227 9.219664 -7.513555 1.21533 9.161644 -7.704444 1.046227 9.051398 -7.513555 1.201506 9.068294 -1.404893 13.49144 5.453757 -1.404754 13.73302 5.454386 -1.19662 13.49479 5.353638 -1.197736 13.7532 5.344489 3.40507e-5 13.84145 3.333591 3.40507e-5 12.98971 3.218597 -1.258759 13.84096 3.336174 -1.255479 12.98922 3.22118 3.40507e-5 14.12744 3.262374 -1.274189 14.12765 3.262512 -1.258759 13.84096 3.336174 -1.255479 12.98922 3.22118 -1.19662 13.49479 5.353638 -1.193338 12.64306 5.238572 -1.274189 14.12765 3.262512 -1.197736 13.7532 5.344489 -1.505087 11.60957 5.099771 -1.394909 11.8633 5.133771 -1.501106 11.94129 2.895816 -1.407199 12.19208 3.016535 -1.39826 12.54377 5.225655 -1.411526 12.92156 3.042789 -1.491331 10.22377 4.91251 -1.463193 8.499838 4.064469 -1.499989 8.794621 2.704439 -1.464659 8.306577 4.085417 -1.444691 7.218423 4.22457 -1.38681 4.79789 6.57291 -1.389325 5.133168 5.774374 -1.377385 3.694374 6.207609 -1.379129 3.693817 6.849049 -1.408663 4.81129 6.849049 -1.193338 12.64306 5.238572 -1.255479 12.98922 3.22118 -1.39826 12.54377 5.225655 -1.411526 12.92156 3.042789 3.40507e-5 12.98971 3.218597 3.40507e-5 12.92156 3.042789 -1.274189 14.12765 3.262512 -1.197736 13.7532 5.344489 -1.415855 14.16151 3.07295 -1.404754 13.73302 5.454386 3.40507e-5 14.16346 3.070576 3.40507e-5 14.12744 3.262374 -1.411526 12.92156 3.042789 3.40507e-5 12.92156 3.042789 -1.407199 12.19208 3.016535 3.40507e-5 12.19208 3.016535 3.40507e-5 14.16346 3.070576 -1.415855 14.16151 3.07295 3.40507e-5 14.41677 2.985747 -1.505297 14.41677 2.985747 -1.402728 13.57879 6.411557 -1.393722 13.18961 8.454083 -1.505297 13.82169 6.610753 -1.505297 13.44354 8.541569 -1.273842 13.1533 8.61865 -1.313151 13.41212 8.764925 3.40507e-5 13.1533 8.621303 3.40507e-5 13.41212 8.764925 -1.404754 13.73302 5.454386 -1.505297 14.41677 2.985747 -1.415855 14.16151 3.07295 -0.3985027 11.21627 8.7157 -1.244796 11.21788 8.74677 -0.6221379 10.9689 8.884387 -1.30931 10.9689 8.884387 -1.36377 11.26528 8.613552 -1.501456 11.01428 8.658168 -1.501524 11.34977 6.796893 -1.380038 11.6153 6.749487 -0.163976 9.35011 8.827831 -0.3985027 11.21627 8.7157 -0.3876793 9.103855 8.99931 -0.6221379 10.9689 8.884387 3.40507e-5 9.35011 8.827831 -0.163976 9.35011 8.827831 3.40507e-5 9.103855 8.99931 -0.3876793 9.103855 8.99931 -1.407199 12.19208 3.016535 3.40507e-5 12.19208 3.016535 -1.501106 11.94129 2.895816 3.40507e-5 11.94129 2.895816 3.40507e-5 8.312303 3.225577 3.40507e-5 7.14085 3.359912 -0.8930405 8.312303 3.225577 -0.8930405 7.14085 3.359912 3.40507e-5 14.40951 9.535811 -0.7812568 14.40951 9.535811 3.40507e-5 14.00154 8.738951 -0.91601 14.00154 8.738951 3.40507e-5 17.52155 3.233748 3.40507e-5 14.41677 2.985747 -1.508368 17.52155 3.233748 -1.505297 14.41677 2.985747 -0.5730538 16.78138 9.071295 -0.706479 16.78138 9.071295 -0.5294156 16.78397 10.4684 -0.6628431 16.78397 10.4684 -0.706479 16.78138 9.071295 -0.706479 16.63797 9.071295 -0.6628431 16.78397 10.4684 -0.6628431 16.64056 10.4684 -0.706479 16.63797 9.071295 -0.5730538 16.63797 9.071295 -0.6628431 16.64056 10.4684 -0.5294156 16.64056 10.4684 -0.5730538 16.63797 9.071295 -0.5730538 16.78138 9.071295 -0.5294156 16.64056 10.4684 -0.5294156 16.78397 10.4684 -0.5294156 16.78397 10.4684 -0.6628431 16.78397 10.4684 -0.5294156 16.64056 10.4684 -0.6628431 16.64056 10.4684 -0.8490543 7.193216 4.27477 -0.8490543 6.44607 3.880704 -0.8051362 5.152785 5.75259 -0.8051362 4.916095 5.039933 -0.8930405 7.14085 3.359912 -0.8930405 8.312303 3.225577 -0.7844699 3.893085 5.660845 -0.7848882 3.834994 5.399299 -0.7761614 3.895878 6.134578 -1.444691 7.218423 4.22457 -0.8490543 7.193216 4.27477 -1.389325 5.133168 5.774374 -0.8051362 5.152785 5.75259 -0.8930405 8.312303 3.225577 -1.499989 8.794621 2.704439 3.40507e-5 8.794621 2.704439 3.40507e-5 8.312303 3.225577 -1.377385 3.694374 6.207609 -0.7761614 3.895878 6.134578 -0.8490543 6.44607 3.880704 3.40507e-5 6.445997 3.880704 -0.8051362 4.916095 5.039933 3.40507e-5 4.916095 5.039933 3.40507e-5 7.14085 3.359912 -0.8930405 7.14085 3.359912 -0.6213694 3.885825 5.381705 -0.7848882 3.834994 5.399299 3.40507e-5 3.890501 5.399508 -2.014007 14.61457 6.302145 -2.013797 14.621 4.409665 -1.505924 14.39659 6.708222 -1.505715 14.39736 4.409665 -2.015823 17.08796 6.302145 -2.014007 14.61457 6.302145 -1.507738 17.08796 6.708222 -1.505924 14.39659 6.708222 -2.016032 17.08796 4.409665 -2.015823 17.08796 6.302145 -1.50795 17.08796 4.409665 -1.507738 17.08796 6.708222 -2.013797 14.621 4.409665 -2.016032 17.08796 4.409665 -1.505715 14.39736 4.409665 -1.50795 17.08796 4.409665 -1.304701 7.478994 9.067384 -1.307914 9.103855 8.99931 -1.506761 7.411267 8.862533 -1.50006 9.126546 8.773162 -1.201506 7.513555 9.068294 -1.30931 10.9689 8.884387 -1.501456 11.01428 8.658168 -0.3876793 9.103855 8.99931 -0.6221379 10.9689 8.884387 -0.8369736 7.704793 9.054538 -1.046227 7.704444 9.051398 -1.502991 10.22329 6.992461 -1.501524 11.34977 6.796893 -1.491401 7.416433 8.45918 -1.494193 7.701023 8.158533 -1.502434 8.520576 7.716919 3.40507e-5 7.706189 9.066896 3.40507e-5 9.103855 8.99931 -0.9183158 16.8276 8.608736 -0.7832124 16.84534 9.397567 3.40507e-5 16.8276 8.608736 3.40507e-5 16.84534 9.397567 -0.7812568 14.40951 9.535811 -0.7832124 16.84534 9.397567 -0.91601 14.00154 8.738951 -0.9183158 16.8276 8.608736 -0.91601 14.00154 8.738951 -0.9183158 16.8276 8.608736 -1.313151 13.41212 8.764925 -1.372428 17.52155 8.578504 3.40507e-5 17.52155 8.577037 3.40507e-5 16.8276 8.608736 -1.508368 17.52155 8.349633 3.40507e-5 14.00154 8.738951 3.40507e-5 13.41212 8.764925 -1.505297 13.44354 8.541569 -1.508368 17.52155 8.349633 -1.505924 14.39659 6.708222 -1.507738 17.08796 6.708222 -1.508368 17.52155 3.233748 -1.50795 17.08796 4.409665 -1.505297 14.41677 2.985747 -1.505715 14.39736 4.409665 -1.505297 13.82169 6.610753 -2.013797 14.621 4.409665 -2.014007 14.61457 6.302145 -2.016032 17.08796 4.409665 -2.015823 17.08796 6.302145 -0.7812568 14.40951 9.535811 3.40507e-5 14.40951 9.535811 -0.7832124 16.84534 9.397567 3.40507e-5 16.84534 9.397567 -1.501106 11.94129 2.895816 3.40507e-5 11.94129 2.895816 -1.499989 8.794621 2.704439 3.40507e-5 8.794621 2.704439 -1.508368 17.52155 3.233748 -1.508368 17.52155 8.349633 -1.029749 17.52155 7.860189 3.40507e-5 17.52155 3.233748 3.40507e-5 17.52155 3.75 -1.372428 17.52155 8.578504 3.40507e-5 17.52155 8.577037 -0.8376034 17.52155 8.08194 3.40507e-5 17.52155 8.08194 -1.029749 17.52155 3.75 -1.244796 11.21788 8.74677 -0.3985027 11.21627 8.7157 -1.273842 13.1533 8.61865 -1.36377 11.26528 8.613552 -1.393722 13.18961 8.454083 -1.380038 11.6153 6.749487 -1.399168 13.18779 6.466154 -1.402799 13.49095 6.411557 -1.402728 13.57879 6.411557 -1.404754 13.73302 5.454386 -1.404893 13.49144 5.453757 3.40507e-5 13.1533 8.621303 3.40507e-5 11.22437 8.715631 -0.163976 9.35011 8.827831 3.40507e-5 9.35011 8.827831 -3.561718 3.561718 6.57291 -2.370928 4.459052 6.57291 -3.590133 3.590133 6.849049 -2.381401 4.485373 6.849049 -1.408663 4.81129 6.849049 -1.38681 4.79789 6.57291 -4.459052 2.370928 6.57291 -4.485373 2.381401 6.849049 -4.81129 1.408663 6.849049 -4.79789 1.38681 6.57291 -6.764732 10.68089 5.312094 -6.810042 10.72446 5.07645 -8.973571 8.973571 5.315792 -9.017837 9.017837 5.080149 -10.72446 6.810042 5.07645 -10.68089 6.764732 5.312094 -4.71878 7.470613 3.936979 -6.28737 6.28737 3.939003 -5.513196 8.777303 4.681194 -7.363298 7.363298 4.677357 -6.810042 10.72446 5.07645 -9.017837 9.017837 5.080149 -8.777303 5.513196 4.681194 -7.470613 4.71878 3.936979 -10.72446 6.810042 5.07645 -3.959834 7.447433 4.085417 -2.370928 4.459052 6.57291 -5.94874 5.94874 4.085417 -3.561718 3.561718 6.57291 -1.464659 8.306577 4.085417 -1.38681 4.79789 6.57291 -4.459052 2.370928 6.57291 -7.447433 3.959834 4.085417 -8.306577 1.464659 4.085417 -4.79789 1.38681 6.57291 -7.158027 11.52732 5.353638 -9.649711 9.649711 5.353638 -7.158027 11.52732 6.411414 -9.649711 9.649711 6.411414 -11.52732 7.158027 6.411414 -11.52732 7.158027 5.353638 -5.730198 14.05608 6.007924 -4.733582 12.0618 6.007924 -5.893442 13.96901 6.007924 -4.896822 11.97473 6.007924 -5.730198 14.05608 6.206493 -4.733582 12.0618 6.206493 -5.730198 14.05608 6.007924 -4.733582 12.0618 6.007924 -5.893442 13.96901 6.206493 -4.896822 11.97473 6.206493 -5.730198 14.05608 6.206493 -4.733582 12.0618 6.206493 -5.893442 13.96901 6.007924 -4.896822 11.97473 6.007924 -5.893442 13.96901 6.206493 -4.896822 11.97473 6.206493 -5.730198 14.05608 6.206493 -5.730198 14.05608 6.007924 -5.893442 13.96901 6.206493 -5.893442 13.96901 6.007924 -8.353985 12.27384 6.007924 -7.026207 10.48295 6.007924 -8.49963 12.15975 6.007924 -7.171852 10.36886 6.007924 -8.353985 12.27384 6.206493 -7.026207 10.48295 6.206493 -8.353985 12.27384 6.007924 -7.026207 10.48295 6.007924 -8.49963 12.15975 6.206493 -7.171852 10.36886 6.206493 -8.353985 12.27384 6.206493 -7.026207 10.48295 6.206493 -8.49963 12.15975 6.007924 -7.171852 10.36886 6.007924 -8.49963 12.15975 6.206493 -7.171852 10.36886 6.206493 -8.353985 12.27384 6.206493 -8.353985 12.27384 6.007924 -8.49963 12.15975 6.206493 -8.49963 12.15975 6.007924 -2.438446 12.41516 5.221326 -2.461138 12.47388 4.985682 -5.047497 11.58541 5.311116 -5.070115 11.64414 5.075473 -3.966606 9.499036 4.916768 -3.989298 9.557756 4.681125 -3.37397 8.08622 4.172694 -3.396662 8.14487 3.936979 -5.070115 11.64414 5.075473 -5.047497 11.58541 5.311116 -3.37397 8.08622 4.172694 -3.396662 8.14487 3.936979 -1.77187 8.637875 4.172694 -1.794491 8.69652 3.936979 -2.042634 10.1719 4.925009 -2.065254 10.23055 4.689363 -2.438446 12.41516 5.221326 -2.461138 12.47388 4.985682 -1.794491 8.69652 3.936979 -1.77187 8.637875 4.172694 -6.810042 10.72446 5.07645 -6.764732 10.68089 5.312094 -5.513196 8.777303 4.681194 -5.467887 8.733736 4.91684 -5.513196 8.777303 4.681194 -6.764732 10.68089 5.312094 -4.71878 7.470613 3.936979 -4.673537 7.427047 4.172694 -5.467887 8.733736 4.91684 -6.28737 6.28737 3.939003 -4.71878 7.470613 3.936979 -6.2431 6.2431 4.174648 -4.673537 7.427047 4.172694 -7.470613 4.71878 3.936979 -7.427047 4.673537 4.172694 -2.065254 10.23055 4.689363 -3.989298 9.557756 4.681125 -2.461138 12.47388 4.985682 -5.070115 11.64414 5.075473 -1.794491 8.69652 3.936979 -3.396662 8.14487 3.936979 -7.158027 11.52732 5.353638 -7.158027 11.52732 6.411414 -6.941654 11.47936 5.353638 -6.941654 11.47936 6.411414 -5.553835 12.38025 6.411414 -5.553835 12.38025 5.353638 -5.635035 12.17407 6.411414 -5.635035 12.17407 5.353638 -5.635035 12.17407 5.353638 -5.397159 11.72666 5.353638 -5.635035 12.17407 6.411414 -5.399809 11.73155 6.411414 -6.941654 11.47936 6.411414 -6.706431 11.03683 6.411414 -6.941654 11.47936 5.353638 -6.703777 11.03194 5.353638 -2.375888 13.47448 5.353638 -5.553835 12.38025 5.353638 -2.375888 13.47448 6.411414 -5.553835 12.38025 6.411414 -1.404893 13.49144 5.453757 -1.402799 13.49095 6.411557 -1.19662 13.49479 5.353638 -4.817718 9.112792 4.8813 -3.966606 9.499036 4.916768 -4.051507 7.619822 4.064261 -5.467887 8.733736 4.91684 -4.673537 7.427047 4.172694 -6.086421 6.086421 4.064261 -6.2431 6.2431 4.174648 -3.37397 8.08622 4.172694 -1.463193 8.499838 4.064469 -3.959834 7.447433 4.085417 -1.464659 8.306577 4.085417 -1.77187 8.637875 4.172694 -1.801822 10.21875 4.91272 -1.491331 10.22377 4.91251 -2.244833 12.73089 5.252954 -1.505087 11.60957 5.099771 -2.042634 10.1719 4.925009 -2.438446 12.41516 5.221326 -5.397159 11.72666 5.353638 -5.635035 12.17407 5.353638 -5.553835 12.38025 5.353638 -2.375888 13.47448 5.353638 -5.047497 11.58541 5.311116 -1.39826 12.54377 5.225655 -1.394909 11.8633 5.133771 -1.193338 12.64306 5.238572 -1.19662 13.49479 5.353638 -5.561725 11.63819 5.184599 -6.535438 11.12048 5.184599 -6.764732 10.68089 5.312094 -6.703777 11.03194 5.353638 -9.146584 9.146584 5.351681 -7.158027 11.52732 5.353638 -6.941654 11.47936 5.353638 -9.649711 9.649711 5.353638 -8.973571 8.973571 5.315792 -11.52732 7.158027 5.353638 -11.03146 6.703567 5.353638 -11.47936 6.941654 5.353638 -10.68089 6.764732 5.312094 -8.733736 5.467887 4.91684 -9.119357 4.821555 4.885001 -11.12013 6.534952 5.184252 -7.619822 4.051507 4.064261 -9.499036 3.966606 4.916768 -7.427047 4.673537 4.172694 -8.08622 3.37397 4.172694 -8.499838 1.463193 4.064469 -7.447433 3.959834 4.085417 -8.306577 1.464659 4.085417 -8.637875 1.77187 4.172694 -10.21875 1.801822 4.91272 -10.22377 1.491331 4.91251 -12.73089 2.244833 5.252954 -11.60957 1.505087 5.099771 -10.1719 2.042634 4.925009 -12.41516 2.438446 5.221326 -11.7261 5.396874 5.353638 -12.17407 5.635105 5.353638 -12.38025 5.553835 5.353638 -13.47448 2.375888 5.353638 -11.58541 5.047497 5.311116 -12.54377 1.39826 5.225655 -11.8633 1.394909 5.133771 -12.64306 1.193338 5.238572 -13.49479 1.19662 5.353638 -11.63764 5.561443 5.184111 -5.94874 5.94874 4.085417 -1.494193 7.701023 8.158533 -3.690396 6.95206 8.158533 -1.491401 7.416433 8.45918 -3.568141 6.720533 8.45918 -5.379212 5.379212 8.45918 -5.557746 5.557746 8.158533 -6.95094 3.692351 8.158533 -6.720533 3.568141 8.45918 -7.416433 1.491401 8.45918 -7.701023 1.494193 8.158533 -5.648024 5.648024 8.081661 -4.157985 6.766756 8.08215 -6.76494 4.160358 8.08215 -3.274266 7.235039 8.085151 -1.925404 7.690687 8.084874 -7.690687 1.925404 8.084874 -7.233784 3.277757 8.085151 -3.644663 7.383968 7.934829 -1.64382 8.051105 7.942928 -7.153353 4.075874 7.932384 -8.051032 1.64382 7.942928 -8.49963 1.648429 7.702187 -8.520576 1.502434 7.716919 -10.19075 1.94691 6.985339 -10.22329 1.502991 6.992461 -11.49423 2.176759 6.757725 -11.34977 1.501524 6.796893 -11.6153 1.380038 6.749487 -12.86215 2.267945 6.522082 -13.18758 1.399168 6.466154 -13.47448 2.375888 6.411414 -11.73092 5.399457 6.411414 -12.17407 5.635105 6.411414 -12.38025 5.553835 6.411414 -13.49095 1.402799 6.411557 -12.37599 2.332387 6.601048 -11.74725 4.927823 6.456031 -12.56506 2.66578 6.538978 -12.86215 2.267945 6.522082 -10.55367 4.80487 6.735521 -10.61973 5.00756 6.718277 -11.37232 5.108519 6.518171 -11.73092 5.399457 6.411414 -9.298794 4.322829 6.99267 -10.38248 4.881884 6.75961 -1.501524 11.34977 6.796893 -2.176759 11.49423 6.757725 -1.502991 10.22329 6.992461 -1.380038 11.6153 6.749487 -2.273391 12.89315 6.516496 -1.399168 13.18779 6.466154 -2.375888 13.47448 6.411414 -5.399809 11.73155 6.411414 -5.635035 12.17407 6.411414 -5.553835 12.38025 6.411414 -1.402799 13.49095 6.411557 -2.67004 12.59187 6.534161 -2.337557 12.40531 6.595741 -1.94691 10.19075 6.985339 -1.648429 8.49963 7.702187 -1.502434 8.520576 7.716919 -5.006722 10.62028 6.718136 -5.109007 11.37434 6.517753 -4.804033 10.55459 6.735383 -4.880623 10.38331 6.75954 -4.318573 9.300751 6.992531 -4.929429 11.75172 6.455192 -5.399809 11.73155 6.411414 -5.707579 9.835225 6.91133 -5.171217 8.901374 7.136362 -4.966086 10.23481 6.930671 -4.471689 9.282596 7.135104 -4.294553 7.459093 7.71587 -3.769573 7.739422 7.71671 -4.072033 7.156354 7.932384 -5.656468 10.01871 6.890034 -5.149224 10.29276 6.905045 -9.835151 5.707161 6.911401 -10.23376 4.967691 6.930809 -8.900259 5.173381 7.136432 -9.280918 4.476155 7.135034 -7.73628 3.778928 7.7165 -7.453995 4.300419 7.716012 -7.381871 3.650529 7.934829 -10.29185 5.150553 6.905187 -10.01885 5.655699 6.890175 3.40507e-5 -3.40507e-5 2.450082 -1.116046 1.116046 2.726502 -0.4947834 1.476599 2.726502 -1.956964 1.956964 3.322629 -0.8676264 2.589188 3.322629 3.40507e-5 2.734135 3.322629 3.40507e-5 1.559267 2.726502 3.40507e-5 -3.40507e-5 2.450082 -2.614465 2.614465 4.269114 -1.648917 3.295003 4.269114 -0.6692665 3.6233 4.269114 3.40507e-5 3.652694 4.269114 -1.873248 3.528203 5.660845 -2.824064 2.824064 5.660845 -1.873248 3.528203 6.849049 -2.824064 2.824064 6.849049 -0.7848882 3.834994 5.399299 -0.6213694 3.885825 5.381705 3.40507e-5 3.890501 5.399508 -0.7844699 3.893085 5.660845 -0.7761614 3.895878 6.134578 -1.377385 3.694374 6.207609 -1.379129 3.693817 6.849049 -3.528203 1.873248 6.849049 -3.528203 1.873248 5.660845 -3.295003 1.648917 4.269114 -2.589188 0.8676264 3.322629 -1.476599 0.4947834 2.726502 3.40507e-5 -3.40507e-5 2.450082 -2.734135 -3.40507e-5 3.322629 -1.559267 -3.40507e-5 2.726502 3.40507e-5 -3.40507e-5 2.450082 -3.6233 0.6692665 4.269114 -3.652694 -3.40507e-5 4.269114 -3.834994 0.7848882 5.399299 -3.885825 0.6213694 5.381705 -3.890501 -3.40507e-5 5.399508 -3.893085 0.7844699 5.660845 -3.895878 0.7761614 6.134578 -3.694374 1.377385 6.207609 -3.693817 1.379129 6.849049 3.40507e-5 5.919694 10.78483 3.40507e-5 7.126749 9.937558 -0.6178768 5.918576 10.78483 -0.7658976 7.125422 9.937558 3.40507e-5 5.098816 11.1148 -0.5171962 5.097838 11.1148 -0.8369736 7.704793 9.284667 3.40507e-5 7.706189 9.284667 -0.7723211 5.918299 10.7199 -0.9574157 7.125074 9.872626 -0.6465037 5.097628 11.04987 -0.4752335 3.944542 11.06271 -0.3802101 3.944752 11.12772 3.40507e-5 5.098816 11.1148 -1.046227 7.704444 9.219664 3.40507e-5 3.94552 11.12772 3.40507e-5 5.098816 11.1148 3.40507e-5 7.706189 9.284667 3.40507e-5 7.706189 9.066896 -0.8369736 7.704793 9.284667 -0.8369736 7.704793 9.054538 -1.046227 7.704444 9.219664 -1.046227 7.704444 9.051398 -1.42563 2.685122 13.52507 -1.365095 2.571105 13.5132 -0.4800516 3.001965 13.52507 -0.459665 2.874475 13.5132 3.40507e-5 2.875173 13.5132 3.40507e-5 3.002663 13.52507 -2.149181 2.149181 13.52507 -2.057924 2.057924 13.5132 -2.571105 1.365095 13.5132 -2.685122 1.42563 13.52507 -3.001965 0.4800516 13.52507 -2.874475 0.459665 13.5132 -2.875173 -3.40507e-5 13.5132 -3.002663 -3.40507e-5 13.52507 -1.812716 3.414186 11.94706 -1.812716 3.414186 12.13481 -0.6104075 3.817119 11.94706 -0.6104075 3.817119 12.13481 -2.732809 2.732809 11.94706 -2.732809 2.732809 12.13481 3.40507e-5 3.818027 12.13481 3.40507e-5 3.818027 11.94706 -3.414186 1.812716 12.13481 -3.414186 1.812716 11.94706 -3.817119 0.6104075 11.94706 -3.817119 0.6104075 12.13481 -3.818027 -3.40507e-5 12.13481 -3.818027 -3.40507e-5 11.94706 -0.5512687 3.447281 13.00156 -1.637116 3.083446 13.00156 -0.4800516 3.001965 13.52507 -1.42563 2.685122 13.52507 -2.467979 2.467979 13.00156 -2.149181 2.149181 13.52507 3.40507e-5 3.44812 13.00156 3.40507e-5 3.002663 13.52507 -3.083446 1.637116 13.00156 -3.447281 0.5512687 13.00156 -2.685122 1.42563 13.52507 -3.001965 0.4800516 13.52507 -3.44812 -3.40507e-5 13.00156 -3.002663 -3.40507e-5 13.52507 -0.9574157 7.125074 9.872626 -1.112694 6.958203 9.796451 -0.7723211 5.918299 10.7199 -0.92767 5.801351 10.60588 -0.8018552 5.014614 10.91016 -0.6465037 5.097628 11.04987 -0.4752335 3.944542 11.06271 -0.6307942 3.944542 10.91016 -1.201506 7.513555 9.161644 -1.046227 7.704444 9.219664 -1.201506 7.513555 9.068294 -1.201506 7.513555 9.161644 -1.046227 7.704444 9.051398 -1.046227 7.704444 9.219664 -2.755011 5.18902 10.60588 -0.92767 5.801351 10.60588 -3.304428 6.223762 9.796451 -1.112694 6.958203 9.796451 -4.981584 4.995409 9.796451 -4.153377 4.153377 10.60588 -6.223762 3.318253 9.796451 -5.18902 2.768836 10.60588 -6.958203 1.126519 9.796451 -5.801351 0.9414947 10.60588 -3.568141 6.720533 9.161644 -1.201506 7.513555 9.161644 -0.8018552 5.014614 10.91016 -2.381401 4.485373 10.91016 -0.6307942 3.944542 10.91016 -1.873248 3.528203 10.91016 -3.590133 3.590133 10.91016 -2.824064 2.824064 10.91016 -3.528203 1.873248 10.91016 -4.485373 2.395226 10.91016 -3.944542 0.6307942 10.91016 -5.014614 0.8156797 10.91016 -7.513555 1.21533 9.161644 -6.720533 3.581966 9.161644 -5.379212 5.393037 9.161644 -1.365095 2.571105 13.5132 -1.229155 2.315073 14.3278 -0.459665 2.874475 13.5132 -0.4138619 2.588282 14.3278 -2.057924 2.057924 13.5132 -1.853 1.853 14.3278 -0.3806965 2.380635 14.51108 -1.130568 2.129352 14.51108 3.40507e-5 -3.40507e-5 14.51694 -1.704354 1.704354 14.51108 3.40507e-5 2.875173 13.5132 3.40507e-5 2.588909 14.3278 3.40507e-5 2.381192 14.51108 -2.315073 1.229155 14.3278 -2.571105 1.365095 13.5132 -2.874475 0.459665 13.5132 -2.588282 0.4138619 14.3278 -2.129352 1.130568 14.51108 -2.380635 0.3806965 14.51108 -2.875173 -3.40507e-5 13.5132 -2.381192 -3.40507e-5 14.51108 -2.588909 -3.40507e-5 14.3278 -2.875173 -3.40507e-5 13.5132 -1.873248 3.528203 10.91016 -1.873248 3.528203 11.83367 -0.6307942 3.944542 10.91016 -0.6307942 3.944542 11.83367 -2.824064 2.824064 10.91016 -2.824064 2.824064 11.83367 -1.812716 3.414186 11.94706 -0.6104075 3.817119 11.94706 -2.732809 2.732809 11.94706 3.40507e-5 3.94552 11.83367 3.40507e-5 3.818027 11.94706 -0.3802101 3.944752 11.12772 3.40507e-5 3.94552 11.12772 -0.4752335 3.944542 11.06271 -3.528203 1.873248 11.83367 -3.528203 1.873248 10.91016 -3.944542 0.6307942 10.91016 -3.944542 0.6307942 11.83367 -3.414186 1.812716 11.94706 -3.817119 0.6104075 11.94706 -3.94552 -3.40507e-5 11.83367 -3.818027 -3.40507e-5 11.94706 -3.94552 -3.40507e-5 11.12772 -3.944752 0.3802101 11.12772 -3.944542 0.4752335 11.06271 -1.408663 4.81129 6.849049 -1.379129 3.693817 6.849049 -2.381401 4.485373 6.849049 -1.873248 3.528203 6.849049 -2.824064 2.824064 6.849049 -3.590133 3.590133 6.849049 -4.485373 2.381401 6.849049 -3.528203 1.873248 6.849049 -3.693817 1.379129 6.849049 -4.81129 1.408663 6.849049 -5.379212 5.393037 9.161644 -3.568141 6.720533 9.161644 -5.379212 5.379212 8.45918 -3.568141 6.720533 8.45918 -6.720533 3.581966 9.161644 -6.720533 3.568141 8.45918 -1.506761 7.411267 8.862533 -1.201506 7.513555 9.161644 -1.304701 7.478994 9.067384 -1.201506 7.513555 9.068294 -1.491401 7.416433 8.45918 -7.411267 1.506761 8.862533 -7.513555 1.21533 9.161644 -7.478994 1.304701 9.067384 -7.513555 1.201506 9.068294 -7.416433 1.491401 8.45918 10.23376 -4.967689 6.930809 10.29185 -5.150549 6.905187 10.38247 -4.881878 6.75961 10.44063 -5.064808 6.734196 10.01885 -5.655698 6.890175 9.835151 -5.707156 6.911401 10.03002 -5.826132 6.713598 9.846391 -5.87759 6.735242 5.707576 -9.835221 6.91133 5.656467 -10.01871 6.890034 5.878426 -9.846252 6.735174 5.827248 -10.02974 6.71353 5.149221 -10.29275 6.905045 4.966082 -10.2348 6.930671 5.063831 -10.44133 6.733987 4.880621 -10.38331 6.75954 10.44063 -5.064808 6.734196 10.29185 -5.150549 6.905187 10.03002 -5.826132 6.713598 10.01885 -5.655698 6.890175 9.835151 -5.707156 6.911401 8.900256 -5.17338 7.136432 9.846391 -5.87759 6.735242 8.783585 -5.270778 6.991693 7.453993 -4.300415 7.716012 10.08217 -6.005359 6.694327 9.950493 -6.116793 6.686019 10.03002 -5.826132 6.713598 5.827248 -10.02974 6.71353 5.656467 -10.01871 6.890034 5.063831 -10.44133 6.733987 5.149221 -10.29275 6.905045 7.893932 -2.075584 8.105399 8.14061 -1.883021 8.008488 7.690685 -1.925331 8.084874 8.051099 -1.643815 7.942928 7.490928 -3.269096 8.105958 7.893932 -2.075584 8.105399 7.23378 -3.277755 8.085151 7.690685 -1.925331 8.084874 7.575063 -3.48128 8.019939 7.490928 -3.269096 8.105958 7.381869 -3.650525 7.934829 7.23378 -3.277755 8.085151 11.40716 -4.881251 6.674778 10.67586 -4.609928 6.870207 11.37225 -5.108515 6.518171 10.55367 -4.804866 6.735521 9.41846 -4.126979 7.125538 9.29879 -4.322827 6.99267 7.853508 -3.582241 7.84853 7.736279 -3.778925 7.7165 7.575063 -3.48128 8.019939 7.381869 -3.650525 7.934829 11.6132 -4.781406 6.638054 11.40716 -4.881251 6.674778 11.74725 -4.927821 6.456031 11.37225 -5.108515 6.518171 12.36398 -2.706483 6.71674 11.6132 -4.781406 6.638054 12.56506 -2.665778 6.538978 11.74725 -4.927821 6.456031 12.276 -2.55218 6.742434 12.36398 -2.706483 6.71674 12.37599 -2.332385 6.601048 12.56506 -2.665778 6.538978 8.509678 -1.88707 7.812363 10.19019 -2.184155 7.107316 8.499625 -1.648424 7.702187 10.19075 -1.946907 6.985339 11.49541 -2.414355 6.880259 11.49422 -2.176755 6.757725 12.276 -2.55218 6.742434 12.37599 -2.332385 6.601048 8.051099 -1.643815 7.942928 8.14061 -1.883021 8.008488 2.709066 -12.3903 6.721838 2.557207 -12.3047 6.746972 2.670038 -12.59187 6.534161 2.337551 -12.40531 6.595741 4.781825 -11.61892 6.64678 2.709066 -12.3903 6.721838 4.929426 -11.75172 6.455192 2.670038 -12.59187 6.534161 4.881808 -11.40981 6.684064 4.781825 -11.61892 6.64678 5.109005 -11.37434 6.517753 4.929426 -11.75172 6.455192 3.474299 -7.57625 8.030412 3.572674 -7.85602 7.858864 3.644661 -7.383962 7.934829 3.769569 -7.73942 7.71671 4.122862 -9.420905 7.135034 4.318567 -9.300745 6.992531 4.60923 -10.67705 6.87977 4.803957 -10.55458 6.735383 4.881808 -11.40981 6.684064 5.109005 -11.37434 6.517753 3.265046 -7.492256 8.115734 3.474299 -7.57625 8.030412 3.274262 -7.235037 8.085151 3.644661 -7.383962 7.934829 2.075584 -7.893863 8.115244 3.265046 -7.492256 8.115734 1.925402 -7.690685 8.084874 3.274262 -7.235037 8.085151 1.883021 -8.140539 8.018334 2.075584 -7.893863 8.115244 1.643815 -8.051099 7.942928 1.925402 -7.690685 8.084874 2.184088 -10.19012 7.117162 1.88707 -8.509609 7.822138 1.946907 -10.19075 6.985339 1.648424 -8.499625 7.702187 1.883021 -8.140539 8.018334 1.643815 -8.051099 7.942928 2.176755 -11.49422 6.757725 2.414286 -11.49534 6.890034 2.337551 -12.40531 6.595741 2.557207 -12.3047 6.746972 7.114944 -4.33707 8.025384 7.352406 -4.514345 7.846783 7.153347 -4.07587 7.932384 7.453993 -4.300415 7.716012 8.683392 -5.485826 7.122746 8.783585 -5.270778 6.991693 9.776712 -6.279543 6.847373 9.950493 -6.116793 6.686019 6.896689 -4.384059 8.108332 7.114944 -4.33707 8.025384 6.764935 -4.160354 8.08215 7.153347 -4.07587 7.932384 4.381336 -6.898782 8.098557 5.81866 -5.81866 8.096811 4.157979 -6.766749 8.08215 5.64802 -5.64802 8.081661 6.896689 -4.384059 8.108332 6.764935 -4.160354 8.08215 4.333228 -7.119066 8.015121 4.381336 -6.898782 8.098557 4.072031 -7.156348 7.932384 4.157979 -6.766749 8.08215 6.280521 -9.776153 6.847373 5.483172 -8.683742 7.123026 6.11763 -9.949866 6.686089 5.268544 -8.784352 6.991834 4.50862 -7.357779 7.846294 4.294551 -7.459092 7.71587 4.333228 -7.119066 8.015121 4.072031 -7.156348 7.932384 6.502272 -9.807503 6.811627 6.280521 -9.776153 6.847373 6.52601 -10.00761 6.620038 6.11763 -9.949866 6.686089 9.80806 -6.501712 6.811627 8.385328 -8.379395 6.814699 10.00817 -6.525453 6.619968 8.50933 -8.503327 6.622133 6.502272 -9.807503 6.811627 6.52601 -10.00761 6.620038 9.776712 -6.279543 6.847373 9.80806 -6.501712 6.811627 9.950493 -6.116793 6.686019 10.00817 -6.525453 6.619968 12.276 -2.55218 6.742434 11.49541 -2.414355 6.880259 12.36398 -2.706483 6.71674 11.40716 -4.881251 6.674778 10.67586 -4.609928 6.870207 11.6132 -4.781406 6.638054 10.19019 -2.184155 7.107316 9.41846 -4.126979 7.125538 8.509678 -1.88707 7.812363 7.853508 -3.582241 7.84853 8.14061 -1.883021 8.008488 7.490928 -3.269096 8.105958 7.575063 -3.48128 8.019939 7.893932 -2.075584 8.105399 9.171577 -9.169553 6.407715 9.649706 -9.649706 6.411414 11.03627 -6.706076 6.411414 11.47935 -6.941652 6.411414 11.52732 -7.158025 6.411414 6.706427 -11.03683 6.411414 6.941652 -11.47935 6.411414 7.158025 -11.52732 6.411414 8.50933 -8.503327 6.622133 10.00817 -6.525453 6.619968 6.52601 -10.00761 6.620038 9.950493 -6.116793 6.686019 10.08217 -6.005359 6.694327 6.006337 -10.08197 6.694189 6.11763 -9.949866 6.686089 6.706427 -11.03683 6.411414 5.268544 -8.784352 6.991834 5.878426 -9.846252 6.735174 9.846391 -5.87759 6.735242 8.783585 -5.270778 6.991693 2.709066 -12.3903 6.721838 4.781825 -11.61892 6.64678 2.557207 -12.3047 6.746972 2.414286 -11.49534 6.890034 4.60923 -10.67705 6.87977 4.881808 -11.40981 6.684064 2.184088 -10.19012 7.117162 4.122862 -9.420905 7.135034 1.88707 -8.509609 7.822138 3.572674 -7.85602 7.858864 2.075584 -7.893863 8.115244 1.883021 -8.140539 8.018334 3.474299 -7.57625 8.030412 3.265046 -7.492256 8.115734 8.262585 -8.25665 6.851214 6.280521 -9.776153 6.847373 8.385328 -8.379395 6.814699 6.502272 -9.807503 6.811627 9.80806 -6.501712 6.811627 9.776712 -6.279543 6.847373 7.323289 -7.31219 7.12456 5.483172 -8.683742 7.123026 6.105063 -6.105063 7.849019 4.50862 -7.357779 7.846294 8.683392 -5.485826 7.122746 7.352406 -4.514345 7.846783 5.81866 -5.81866 8.096811 4.381336 -6.898782 8.098557 4.333228 -7.119066 8.015121 7.114944 -4.33707 8.025384 6.896689 -4.384059 8.108332 11.29712 -5.469347 5.670899 11.26612 -5.527019 5.611483 11.65698 -5.527648 5.419059 11.61145 -5.612339 5.331782 10.88315 -6.247358 5.611552 11.14721 -6.485515 5.331923 10.85167 -6.307262 5.671807 11.1012 -6.573069 5.419965 10.85167 -6.307262 5.671807 10.85509 -6.309076 6.264445 11.1012 -6.573069 5.419965 11.10539 -6.575303 6.345923 10.88622 -6.251197 6.32407 11.15106 -6.490401 6.43341 11.27024 -5.528905 6.323998 11.61662 -5.614645 6.433339 11.30054 -5.471163 6.264584 11.66123 -5.529882 6.346064 11.29712 -5.469347 5.670899 11.65698 -5.527648 5.419059 6.307542 -10.85216 5.671948 6.247848 -10.88351 5.61204 6.57335 -11.10169 5.420036 6.486072 -11.14756 5.332412 5.527159 -11.26675 5.61204 5.612409 -11.61208 5.332412 5.469627 -11.29768 5.671179 5.527928 -11.65753 5.419267 6.309357 -10.85565 6.264304 6.307542 -10.85216 5.671948 6.575652 -11.10595 6.345713 6.57335 -11.10169 5.420036 6.490891 -11.15154 6.43271 6.251616 -10.88671 6.323511 5.614925 -11.61732 6.43271 5.529115 -11.27087 6.323511 5.530231 -11.66186 6.345923 5.471512 -11.30117 6.264445 5.527928 -11.65753 5.419267 5.469627 -11.29768 5.671179 11.1012 -6.573069 5.419965 11.10539 -6.575303 6.345923 11.03146 -6.703565 5.353638 11.03627 -6.706076 6.411414 11.15106 -6.490401 6.43341 11.12487 -6.541232 6.581289 11.6442 -5.564444 6.581219 11.61662 -5.614645 6.433339 11.66123 -5.529882 6.346064 11.73091 -5.399456 6.411414 11.65698 -5.527648 5.419059 11.7261 -5.396872 5.353638 11.61145 -5.612339 5.331782 11.63763 -5.561441 5.184111 11.14721 -6.485515 5.331923 11.12013 -6.534948 5.184252 6.575652 -11.10595 6.345713 6.57335 -11.10169 5.420036 6.706427 -11.03683 6.411414 6.703773 -11.03194 5.353638 6.486072 -11.14756 5.332412 6.535436 -11.12047 5.184599 5.612409 -11.61208 5.332412 5.561721 -11.63819 5.184599 5.527928 -11.65753 5.419267 5.397152 -11.72666 5.353638 5.530231 -11.66186 6.345923 5.399806 -11.73154 6.411414 5.614925 -11.61732 6.43271 5.564791 -11.64483 6.580591 6.54151 -11.1255 6.580591 6.490891 -11.15154 6.43271 11.03627 -6.706076 6.411414 11.12487 -6.541232 6.581289 10.08217 -6.005359 6.694327 10.61965 -5.007555 6.718277 11.6442 -5.564444 6.581219 11.73091 -5.399456 6.411414 5.399806 -11.73154 6.411414 5.564791 -11.64483 6.580591 5.006718 -10.62028 6.718136 6.251616 -10.88671 6.323511 5.529115 -11.27087 6.323511 6.309357 -10.85565 6.264304 6.307542 -10.85216 5.671948 6.247848 -10.88351 5.61204 5.469627 -11.29768 5.671179 5.471512 -11.30117 6.264445 5.527159 -11.26675 5.61204 6.006337 -10.08197 6.694189 6.54151 -11.1255 6.580591 6.706427 -11.03683 6.411414 11.63763 -5.561441 5.184111 9.499034 -3.966604 4.916768 11.7261 -5.396872 5.353638 10.88315 -6.247358 5.611552 11.26612 -5.527019 5.611483 10.85167 -6.307262 5.671807 10.88622 -6.251197 6.32407 11.29712 -5.469347 5.670899 11.30054 -5.471163 6.264584 11.27024 -5.528905 6.323998 10.85509 -6.309076 6.264445 11.12013 -6.534948 5.184252 11.03146 -6.703565 5.353638 8.733734 -5.467881 4.91684 6.535436 -11.12047 5.184599 5.467881 -8.733734 4.91684 6.703773 -11.03194 5.353638 5.561721 -11.63819 5.184599 5.397152 -11.72666 5.353638 3.966604 -9.499034 4.916768 10.44063 -5.064808 6.734196 10.03002 -5.826132 6.713598 10.61965 -5.007555 6.718277 11.6442 -5.564444 6.581219 11.12487 -6.541232 6.581289 10.08217 -6.005359 6.694327 10.38247 -4.881878 6.75961 10.55367 -4.804866 6.735521 9.29879 -4.322827 6.99267 10.23376 -4.967689 6.930809 9.280915 -4.476151 7.135034 7.736279 -3.778925 7.7165 5.827248 -10.02974 6.71353 5.063831 -10.44133 6.733987 6.006337 -10.08197 6.694189 6.54151 -11.1255 6.580591 5.564791 -11.64483 6.580591 5.006718 -10.62028 6.718136 4.880621 -10.38331 6.75954 4.803957 -10.55458 6.735383 4.966082 -10.2348 6.930671 4.471683 -9.282593 7.135104 4.318567 -9.300745 6.992531 3.769569 -7.73942 7.71671 5.878426 -9.846252 6.735174 6.006337 -10.08197 6.694189 6.11763 -9.949866 6.686089 5.268544 -8.784352 6.991834 5.707576 -9.835221 6.91133 5.171215 -8.901372 7.136362 4.294551 -7.459092 7.71587 13.7532 -1.197733 5.344489 13.73301 -1.404749 5.454386 13.49479 -1.196617 5.353638 13.49144 -1.404891 5.453757 12.98922 -1.255474 3.22118 12.98971 -3.40507e-5 3.218597 13.84089 -1.258757 3.336174 13.84145 -3.40507e-5 3.333591 14.12743 -3.40507e-5 3.262374 14.12764 -1.274187 3.262512 12.64305 -1.193334 5.238572 12.98922 -1.255474 3.22118 13.49479 -1.196617 5.353638 13.84089 -1.258757 3.336174 14.12764 -1.274187 3.262512 13.7532 -1.197733 5.344489 12.19208 -1.407194 3.016535 11.86329 -1.394906 5.133771 11.94128 -1.501103 2.895816 11.60957 -1.505082 5.099771 12.54376 -1.398258 5.225655 12.92156 -1.411523 3.042789 10.22377 -1.491328 4.91251 8.499834 -1.46319 4.064469 8.794617 -1.499987 2.704439 8.306571 -1.464657 4.085417 7.218421 -1.444689 4.22457 4.797886 -1.386807 6.57291 5.133163 -1.38932 5.774374 3.694372 -1.37738 6.207609 3.693814 -1.379126 6.849049 4.81129 -1.408661 6.849049 12.92156 -1.411523 3.042789 12.98922 -1.255474 3.22118 12.54376 -1.398258 5.225655 12.64305 -1.193334 5.238572 12.98971 -3.40507e-5 3.218597 12.92156 -3.40507e-5 3.042789 13.73301 -1.404749 5.454386 13.7532 -1.197733 5.344489 14.16151 -1.415852 3.07295 14.12764 -1.274187 3.262512 14.16346 -3.40507e-5 3.070576 14.12743 -3.40507e-5 3.262374 12.19208 -3.40507e-5 3.016535 12.92156 -3.40507e-5 3.042789 12.19208 -1.407194 3.016535 12.92156 -1.411523 3.042789 14.41677 -1.505292 2.985747 14.16151 -1.415852 3.07295 14.41677 -3.40507e-5 2.985747 14.16346 -3.40507e-5 3.070576 13.44354 -1.505292 8.541569 13.1896 -1.39372 8.454083 13.82169 -1.505292 6.610753 13.57878 -1.402726 6.411557 13.1533 -1.273837 8.61865 13.41212 -1.313146 8.764925 13.1533 -3.40507e-5 8.621303 13.41212 -3.40507e-5 8.764925 13.73301 -1.404749 5.454386 14.41677 -1.505292 2.985747 14.16151 -1.415852 3.07295 10.96889 -1.309305 8.884387 11.21787 -1.244792 8.74677 10.96889 -0.6222036 8.884387 11.21627 -0.3984978 8.7157 11.26528 -1.363767 8.613552 11.01428 -1.501451 8.658168 11.34977 -1.501522 6.796893 11.61529 -1.380034 6.749487 10.96889 -0.6222036 8.884387 11.21627 -0.3984978 8.7157 9.103853 -0.387677 8.99931 9.35011 -0.1639711 8.827831 9.103853 -0.387677 8.99931 9.35011 -0.1639711 8.827831 9.103853 -3.40507e-5 8.99931 9.35011 -3.40507e-5 8.827831 11.94128 -3.40507e-5 2.895816 12.19208 -3.40507e-5 3.016535 11.94128 -1.501103 2.895816 12.19208 -1.407194 3.016535 14.00154 -0.9160076 8.738951 14.40951 -0.7812544 9.535811 14.00154 -3.40507e-5 8.738951 14.40951 -3.40507e-5 9.535811 14.41677 -1.505292 2.985747 14.41677 -3.40507e-5 2.985747 17.52154 -1.508363 3.233748 17.52154 -3.40507e-5 3.233748 17.52154 -3.40507e-5 3.75 16.78396 -0.6628383 10.78706 16.78138 -0.7064766 9.389957 16.78396 -0.5294106 10.78706 16.78138 -0.573049 9.389957 16.64055 -0.6628383 10.78706 16.63797 -0.7064766 9.389957 16.78396 -0.6628383 10.78706 16.78138 -0.7064766 9.389957 16.64055 -0.5294106 10.78706 16.63797 -0.573049 9.389957 16.64055 -0.6628383 10.78706 16.63797 -0.7064766 9.389957 16.78396 -0.5294106 10.78706 16.78138 -0.573049 9.389957 16.64055 -0.5294106 10.78706 16.63797 -0.573049 9.389957 16.64055 -0.6628383 10.78706 16.78396 -0.6628383 10.78706 16.64055 -0.5294106 10.78706 16.78396 -0.5294106 10.78706 4.916089 -0.8051337 5.039933 6.446066 -0.8490493 3.880704 5.152781 -0.8051337 5.75259 7.193213 -0.8490493 4.27477 7.140848 -0.8930355 3.359912 8.312296 -0.8930355 3.225577 3.893083 -0.784465 5.660845 3.834992 -0.7848857 5.399299 3.895874 -0.7761566 6.134578 5.152781 -0.8051337 5.75259 7.193213 -0.8490493 4.27477 5.133163 -1.38932 5.774374 7.218421 -1.444689 4.22457 8.312296 -0.8930355 3.225577 8.794617 -1.499987 2.704439 8.794617 -3.40507e-5 2.704439 8.312296 -3.40507e-5 3.225577 7.140848 -3.40507e-5 3.359912 7.140848 -0.8930355 3.359912 3.694372 -1.37738 6.207609 3.895874 -0.7761566 6.134578 6.446066 -0.8490493 3.880704 4.916089 -0.8051337 5.039933 6.445994 -3.40507e-5 3.880704 4.916089 -3.40507e-5 5.039933 7.140848 -3.40507e-5 3.359912 7.140848 -0.8930355 3.359912 3.885819 -0.6213644 5.381705 3.834992 -0.7848857 5.399299 3.890498 -3.40507e-5 5.399508 14.39736 -1.50571 4.409665 14.62099 -2.013795 4.409665 14.39659 -1.505921 6.708222 14.61457 -2.014004 6.302145 14.39659 -1.505921 6.708222 14.61457 -2.014004 6.302145 17.08796 -1.507736 6.708222 17.08796 -2.015819 6.302145 17.08796 -1.507736 6.708222 17.08796 -2.015819 6.302145 17.08796 -1.507945 4.409665 17.08796 -2.016028 4.409665 17.08796 -1.507945 4.409665 17.08796 -2.016028 4.409665 14.39736 -1.50571 4.409665 14.62099 -2.013795 4.409665 9.126543 -1.500055 8.773162 9.103853 -1.307909 8.99931 7.411263 -1.506758 8.862533 7.478988 -1.304699 9.067384 7.51355 -1.201503 9.068294 10.96889 -1.309305 8.884387 11.01428 -1.501451 8.658168 9.103853 -0.387677 8.99931 10.96889 -0.6222036 8.884387 7.704789 -0.8369711 9.054538 7.70444 -1.046222 9.051398 10.22328 -1.502988 6.992461 11.34977 -1.501522 6.796893 7.416429 -1.491399 8.45918 7.701019 -1.494191 8.158533 8.520571 -1.502429 7.716919 7.706256 -3.40507e-5 9.066896 9.103853 -3.40507e-5 8.99931 16.84533 -3.40507e-5 9.397567 16.84533 -0.78321 9.397567 16.8276 -3.40507e-5 8.615369 16.8276 -0.9183111 8.615369 16.8276 -0.9183111 8.615369 16.84533 -0.78321 9.397567 14.00154 -0.9160076 8.738951 14.40951 -0.7812544 9.535811 17.52154 -1.372423 8.585137 16.8276 -0.9183111 8.615369 13.41212 -1.313146 8.764925 14.00154 -0.9160076 8.738951 17.52154 -3.40507e-5 8.583741 16.8276 -3.40507e-5 8.615369 17.52154 -1.508363 8.349633 13.44354 -1.505292 8.541569 14.39659 -1.505921 6.708222 17.08796 -1.507736 6.708222 17.52154 -1.508363 3.233748 17.08796 -1.507945 4.409665 14.41677 -1.505292 2.985747 14.39736 -1.50571 4.409665 13.82169 -1.505292 6.610753 14.00154 -3.40507e-5 8.738951 13.41212 -3.40507e-5 8.764925 17.08796 -2.015819 6.302145 14.61457 -2.014004 6.302145 17.08796 -2.016028 4.409665 14.62099 -2.013795 4.409665 16.84533 -3.40507e-5 9.397567 14.40951 -3.40507e-5 9.535811 16.84533 -0.78321 9.397567 14.40951 -0.7812544 9.535811 8.794617 -3.40507e-5 2.704439 11.94128 -3.40507e-5 2.895816 8.794617 -1.499987 2.704439 11.94128 -1.501103 2.895816 17.52154 -1.029744 7.860189 17.52154 -1.508363 8.349633 17.52154 -1.029744 3.75 17.52154 -1.508363 3.233748 17.52154 -1.372423 8.585137 17.52154 -3.40507e-5 8.583741 17.52154 -3.40507e-5 8.08194 17.52154 -1.508363 3.233748 17.52154 -3.40507e-5 3.233748 17.52154 -0.8375987 8.08194 13.1533 -3.40507e-5 8.621303 11.21627 -0.3984978 8.7157 13.1533 -1.273837 8.61865 11.22437 -3.40507e-5 8.715631 9.35011 -0.1639711 8.827831 9.35011 -3.40507e-5 8.827831 11.21787 -1.244792 8.74677 11.26528 -1.363767 8.613552 13.1896 -1.39372 8.454083 11.61529 -1.380034 6.749487 13.18758 -1.399165 6.466154 13.49095 -1.402796 6.411557 13.57878 -1.402726 6.411557 13.73301 -1.404749 5.454386 13.49144 -1.404891 5.453757 11.97473 -4.896819 6.007924 12.0618 -4.733581 6.007924 13.96901 -5.893438 6.007924 14.05608 -5.730198 6.007924 12.0618 -4.733581 6.007924 12.0618 -4.733581 6.206493 14.05608 -5.730198 6.007924 14.05608 -5.730198 6.206493 12.0618 -4.733581 6.206493 11.97473 -4.896819 6.206493 14.05608 -5.730198 6.206493 13.96901 -5.893438 6.206493 11.97473 -4.896819 6.206493 11.97473 -4.896819 6.007924 13.96901 -5.893438 6.206493 13.96901 -5.893438 6.007924 13.96901 -5.893438 6.007924 14.05608 -5.730198 6.007924 13.96901 -5.893438 6.206493 14.05608 -5.730198 6.206493 10.36886 -7.17185 6.007924 10.48295 -7.026205 6.007924 12.15975 -8.499625 6.007924 12.27384 -8.353979 6.007924 10.48295 -7.026205 6.007924 10.48295 -7.026205 6.206493 12.27384 -8.353979 6.007924 12.27384 -8.353979 6.206493 10.48295 -7.026205 6.206493 10.36886 -7.17185 6.206493 12.27384 -8.353979 6.206493 12.15975 -8.499625 6.206493 10.36886 -7.17185 6.206493 10.36886 -7.17185 6.007924 12.15975 -8.499625 6.206493 12.15975 -8.499625 6.007924 12.15975 -8.499625 6.007924 12.27384 -8.353979 6.007924 12.15975 -8.499625 6.206493 12.27384 -8.353979 6.206493 11.64413 -5.070115 5.075473 12.47387 -2.461134 4.985682 11.58541 -5.047494 5.311116 12.41515 -2.438441 5.221326 8.144867 -3.396658 3.936979 9.557753 -3.989296 4.681125 8.086218 -3.373968 4.172694 9.499034 -3.966604 4.916768 11.64413 -5.070115 5.075473 11.58541 -5.047494 5.311116 8.696518 -1.794489 3.936979 8.144867 -3.396658 3.936979 8.63787 -1.771867 4.172694 8.086218 -3.373968 4.172694 12.47387 -2.461134 4.985682 10.23054 -2.065253 4.689363 12.41515 -2.438441 5.221326 10.17183 -2.042632 4.925009 8.696518 -1.794489 3.936979 8.63787 -1.771867 4.172694 8.733734 -5.467881 4.91684 10.68089 -6.764726 5.312094 8.777301 -5.513195 4.681194 7.470613 -4.718779 3.936979 7.427045 -4.673533 4.172694 10.72445 -6.809971 5.07645 8.777301 -5.513195 4.681194 10.68089 -6.764726 5.312094 11.64413 -5.070115 5.075473 9.557753 -3.989296 4.681125 12.47387 -2.461134 4.985682 10.23054 -2.065253 4.689363 8.696518 -1.794489 3.936979 8.144867 -3.396658 3.936979 11.47935 -6.941652 6.411414 11.52732 -7.158025 6.411414 11.47935 -6.941652 5.353638 11.52732 -7.158025 5.353638 12.17406 -5.635101 5.353638 12.38024 -5.553831 5.353638 12.17406 -5.635101 6.411414 12.38024 -5.553831 6.411414 11.73091 -5.399456 6.411414 11.7261 -5.396872 5.353638 12.17406 -5.635101 6.411414 12.17406 -5.635101 5.353638 11.03146 -6.703565 5.353638 11.03627 -6.706076 6.411414 11.47935 -6.941652 5.353638 11.47935 -6.941652 6.411414 12.38024 -5.553831 6.411414 12.38024 -5.553831 5.353638 13.47447 -2.375884 6.411414 13.47447 -2.375884 5.353638 13.49144 -1.404891 5.453757 13.49095 -1.402796 6.411557 13.49479 -1.196617 5.353638 5.918572 -0.6178743 10.78483 7.12542 -0.7659632 9.937558 5.91969 -3.40507e-5 10.78483 7.126746 -3.40507e-5 9.937558 5.097832 -0.5171937 11.1148 5.09881 -3.40507e-5 11.1148 3.945516 -3.40507e-5 11.12772 3.944751 -0.3802052 11.12772 7.706185 -3.40507e-5 9.284667 7.704789 -0.8369711 9.284667 5.918295 -0.7723162 10.7199 7.125071 -0.9574108 9.872626 3.944538 -0.475231 11.06271 5.097624 -0.6465013 11.04987 7.70444 -1.046222 9.219664 7.704789 -0.8369711 9.054538 7.706256 -3.40507e-5 9.066896 7.704789 -0.8369711 9.284667 7.706185 -3.40507e-5 9.284667 7.70444 -1.046222 9.219664 7.70444 -1.046222 9.051398 7.125071 -0.9574108 9.872626 5.918295 -0.7723162 10.7199 6.958199 -1.126516 9.796451 5.801344 -0.9414922 10.60588 5.014608 -0.8156748 10.91016 5.097624 -0.6465013 11.04987 3.944538 -0.475231 11.06271 3.944538 -0.6307917 10.91016 7.51355 -1.215328 9.161644 7.70444 -1.046222 9.219664 7.70444 -1.046222 9.219664 7.51355 -1.215328 9.161644 7.70444 -1.046222 9.051398 7.51355 -1.201503 9.068294 1.404891 -13.49144 5.453757 1.404749 -13.73301 5.454386 1.196617 -13.49479 5.353638 1.197733 -13.7532 5.344489 3.40507e-5 -13.84145 3.333591 3.40507e-5 -12.98971 3.218597 1.258757 -13.84089 3.336174 1.255474 -12.98922 3.22118 3.40507e-5 -14.12743 3.262374 1.274187 -14.12764 3.262512 1.258757 -13.84089 3.336174 1.255474 -12.98922 3.22118 1.196617 -13.49479 5.353638 1.193334 -12.64305 5.238572 1.274187 -14.12764 3.262512 1.197733 -13.7532 5.344489 1.505082 -11.60957 5.099771 1.394906 -11.86329 5.133771 1.501103 -11.94128 2.895816 1.407194 -12.19208 3.016535 1.398258 -12.54376 5.225655 1.411523 -12.92156 3.042789 1.491328 -10.22377 4.91251 1.46319 -8.499834 4.064469 1.499987 -8.794617 2.704439 1.464657 -8.306571 4.085417 1.444689 -7.218421 4.22457 1.386807 -4.797886 6.57291 1.38932 -5.133163 5.774374 1.37738 -3.694372 6.207609 1.379126 -3.693814 6.849049 1.408661 -4.81129 6.849049 1.193334 -12.64305 5.238572 1.255474 -12.98922 3.22118 1.398258 -12.54376 5.225655 1.411523 -12.92156 3.042789 3.40507e-5 -12.98971 3.218597 3.40507e-5 -12.92156 3.042789 1.274187 -14.12764 3.262512 1.197733 -13.7532 5.344489 1.415852 -14.16151 3.07295 1.404749 -13.73301 5.454386 3.40507e-5 -14.16346 3.070576 3.40507e-5 -14.12743 3.262374 1.411523 -12.92156 3.042789 3.40507e-5 -12.92156 3.042789 1.407194 -12.19208 3.016535 3.40507e-5 -12.19208 3.016535 3.40507e-5 -14.16346 3.070576 1.415852 -14.16151 3.07295 3.40507e-5 -14.41677 2.985747 1.505292 -14.41677 2.985747 1.402726 -13.57878 6.411557 1.39372 -13.1896 8.454083 1.505292 -13.82169 6.610753 1.505292 -13.44354 8.541569 1.273837 -13.1533 8.61865 1.313146 -13.41212 8.764925 3.40507e-5 -13.1533 8.621303 3.40507e-5 -13.41212 8.764925 1.404749 -13.73301 5.454386 1.505292 -14.41677 2.985747 1.415852 -14.16151 3.07295 0.3984978 -11.21627 8.7157 1.244792 -11.21787 8.74677 0.622133 -10.96889 8.884387 1.309305 -10.96889 8.884387 1.363767 -11.26528 8.613552 1.501451 -11.01428 8.658168 1.501522 -11.34977 6.796893 1.380034 -11.61529 6.749487 0.1639711 -9.35011 8.827831 0.3984978 -11.21627 8.7157 0.387677 -9.103853 8.99931 0.622133 -10.96889 8.884387 3.40507e-5 -9.35011 8.827831 0.1639711 -9.35011 8.827831 3.40507e-5 -9.103853 8.99931 0.387677 -9.103853 8.99931 1.407194 -12.19208 3.016535 3.40507e-5 -12.19208 3.016535 1.501103 -11.94128 2.895816 3.40507e-5 -11.94128 2.895816 3.40507e-5 -8.312296 3.225577 3.40507e-5 -7.140848 3.359912 0.8930355 -8.312296 3.225577 0.8930355 -7.140848 3.359912 3.40507e-5 -14.40951 9.535811 0.7812544 -14.40951 9.535811 3.40507e-5 -14.00154 8.738951 0.9160076 -14.00154 8.738951 3.40507e-5 -17.52154 3.233748 3.40507e-5 -14.41677 2.985747 1.508363 -17.52154 3.233748 1.505292 -14.41677 2.985747 0.573049 -16.78138 9.071295 0.7064766 -16.78138 9.071295 0.5294106 -16.78396 10.4684 0.6628383 -16.78396 10.4684 0.7064766 -16.78138 9.071295 0.7064766 -16.63797 9.071295 0.6628383 -16.78396 10.4684 0.6628383 -16.64055 10.4684 0.7064766 -16.63797 9.071295 0.573049 -16.63797 9.071295 0.6628383 -16.64055 10.4684 0.5294106 -16.64055 10.4684 0.573049 -16.63797 9.071295 0.573049 -16.78138 9.071295 0.5294106 -16.64055 10.4684 0.5294106 -16.78396 10.4684 0.5294106 -16.78396 10.4684 0.6628383 -16.78396 10.4684 0.5294106 -16.64055 10.4684 0.6628383 -16.64055 10.4684 0.8490493 -7.193213 4.27477 0.8490493 -6.446066 3.880704 0.8051337 -5.152781 5.75259 0.8051337 -4.916089 5.039933 0.8930355 -7.140848 3.359912 0.8930355 -8.312296 3.225577 0.784465 -3.893083 5.660845 0.7848857 -3.834992 5.399299 0.7761566 -3.895874 6.134578 1.444689 -7.218421 4.22457 0.8490493 -7.193213 4.27477 1.38932 -5.133163 5.774374 0.8051337 -5.152781 5.75259 0.8930355 -8.312296 3.225577 1.499987 -8.794617 2.704439 3.40507e-5 -8.794617 2.704439 3.40507e-5 -8.312296 3.225577 1.37738 -3.694372 6.207609 0.7761566 -3.895874 6.134578 0.8490493 -6.446066 3.880704 3.40507e-5 -6.445994 3.880704 0.8051337 -4.916089 5.039933 3.40507e-5 -4.916089 5.039933 3.40507e-5 -7.140848 3.359912 0.8930355 -7.140848 3.359912 0.6213644 -3.885819 5.381705 0.7848857 -3.834992 5.399299 3.40507e-5 -3.890498 5.399508 2.014004 -14.61457 6.302145 2.013795 -14.62099 4.409665 1.505921 -14.39659 6.708222 1.50571 -14.39736 4.409665 2.015819 -17.08796 6.302145 2.014004 -14.61457 6.302145 1.507736 -17.08796 6.708222 1.505921 -14.39659 6.708222 2.016028 -17.08796 4.409665 2.015819 -17.08796 6.302145 1.507945 -17.08796 4.409665 1.507736 -17.08796 6.708222 2.013795 -14.62099 4.409665 2.016028 -17.08796 4.409665 1.50571 -14.39736 4.409665 1.507945 -17.08796 4.409665 1.304699 -7.478988 9.067384 1.307909 -9.103853 8.99931 1.506758 -7.411263 8.862533 1.500055 -9.126543 8.773162 1.201503 -7.51355 9.068294 1.309305 -10.96889 8.884387 1.501451 -11.01428 8.658168 0.387677 -9.103853 8.99931 0.622133 -10.96889 8.884387 0.8369711 -7.704789 9.054538 1.046222 -7.70444 9.051398 1.502988 -10.22328 6.992461 1.501522 -11.34977 6.796893 1.491328 -7.416429 8.45918 1.494191 -7.701019 8.158533 1.502429 -8.520571 7.716919 3.40507e-5 -7.706256 9.066896 3.40507e-5 -9.103853 8.99931 0.9183111 -16.8276 8.608736 0.78321 -16.84533 9.397567 3.40507e-5 -16.8276 8.608736 3.40507e-5 -16.84533 9.397567 0.7812544 -14.40951 9.535811 0.78321 -16.84533 9.397567 0.9160076 -14.00154 8.738951 0.9183111 -16.8276 8.608736 0.9160076 -14.00154 8.738951 0.9183111 -16.8276 8.608736 1.313146 -13.41212 8.764925 1.372423 -17.52154 8.578504 3.40507e-5 -17.52154 8.577037 3.40507e-5 -16.8276 8.608736 1.508363 -17.52154 8.349633 3.40507e-5 -14.00154 8.738951 3.40507e-5 -13.41212 8.764925 1.505292 -13.44354 8.541569 1.508363 -17.52154 8.349633 1.505921 -14.39659 6.708222 1.507736 -17.08796 6.708222 1.508363 -17.52154 3.233748 1.507945 -17.08796 4.409665 1.505292 -14.41677 2.985747 1.50571 -14.39736 4.409665 1.505292 -13.82169 6.610753 2.013795 -14.62099 4.409665 2.014004 -14.61457 6.302145 2.016028 -17.08796 4.409665 2.015819 -17.08796 6.302145 0.7812544 -14.40951 9.535811 3.40507e-5 -14.40951 9.535811 0.78321 -16.84533 9.397567 3.40507e-5 -16.84533 9.397567 1.501103 -11.94128 2.895816 3.40507e-5 -11.94128 2.895816 1.499987 -8.794617 2.704439 3.40507e-5 -8.794617 2.704439 1.508363 -17.52154 3.233748 1.508363 -17.52154 8.349633 1.029744 -17.52154 3.75 1.029744 -17.52154 7.860189 3.40507e-5 -17.52154 3.233748 1.372423 -17.52154 8.578504 0.8375987 -17.52154 8.08194 3.40507e-5 -17.52154 8.577037 1.244792 -11.21787 8.74677 0.3984978 -11.21627 8.7157 1.273837 -13.1533 8.61865 1.363767 -11.26528 8.613552 1.39372 -13.1896 8.454083 1.380034 -11.61529 6.749487 1.399165 -13.18779 6.466154 1.402796 -13.49095 6.411557 1.402726 -13.57878 6.411557 1.404749 -13.73301 5.454386 1.404891 -13.49144 5.453757 3.40507e-5 -13.1533 8.621303 3.40507e-5 -11.22437 8.715631 0.1639711 -9.35011 8.827831 3.40507e-5 -9.35011 8.827831 3.561714 -3.561714 6.57291 2.370926 -4.459046 6.57291 3.590131 -3.590131 6.849049 2.381399 -4.485367 6.849049 1.408661 -4.81129 6.849049 1.386807 -4.797886 6.57291 4.459046 -2.370926 6.57291 4.485367 -2.381399 6.849049 4.81129 -1.408661 6.849049 4.797886 -1.386807 6.57291 6.764726 -10.68089 5.312094 6.809971 -10.72445 5.07645 8.973496 -8.973496 5.315792 9.017833 -9.017833 5.080149 10.72445 -6.809971 5.07645 10.68089 -6.764726 5.312094 4.718779 -7.470613 3.936979 6.287365 -6.287365 3.939003 5.513195 -8.777301 4.681194 7.363296 -7.363296 4.677357 6.809971 -10.72445 5.07645 9.017833 -9.017833 5.080149 8.777301 -5.513195 4.681194 7.470613 -4.718779 3.936979 10.72445 -6.809971 5.07645 3.95983 -7.447431 4.085417 2.370926 -4.459046 6.57291 5.948736 -5.948736 4.085417 3.561714 -3.561714 6.57291 1.464657 -8.306571 4.085417 1.386807 -4.797886 6.57291 4.459046 -2.370926 6.57291 7.447431 -3.95983 4.085417 8.306571 -1.464657 4.085417 4.797886 -1.386807 6.57291 7.158025 -11.52732 5.353638 9.649706 -9.649706 5.353638 7.158025 -11.52732 6.411414 9.649706 -9.649706 6.411414 11.52732 -7.158025 6.411414 11.52732 -7.158025 5.353638 5.730198 -14.05608 6.007924 4.733581 -12.0618 6.007924 5.893438 -13.96901 6.007924 4.896819 -11.97473 6.007924 5.730198 -14.05608 6.206493 4.733581 -12.0618 6.206493 5.730198 -14.05608 6.007924 4.733581 -12.0618 6.007924 5.893438 -13.96901 6.206493 4.896819 -11.97473 6.206493 5.730198 -14.05608 6.206493 4.733581 -12.0618 6.206493 5.893438 -13.96901 6.007924 4.896819 -11.97473 6.007924 5.893438 -13.96901 6.206493 4.896819 -11.97473 6.206493 5.730198 -14.05608 6.206493 5.730198 -14.05608 6.007924 5.893438 -13.96901 6.206493 5.893438 -13.96901 6.007924 8.353979 -12.27384 6.007924 7.026205 -10.48295 6.007924 8.499625 -12.15975 6.007924 7.17185 -10.36886 6.007924 8.353979 -12.27384 6.206493 7.026205 -10.48295 6.206493 8.353979 -12.27384 6.007924 7.026205 -10.48295 6.007924 8.499625 -12.15975 6.206493 7.17185 -10.36886 6.206493 8.353979 -12.27384 6.206493 7.026205 -10.48295 6.206493 8.499625 -12.15975 6.007924 7.17185 -10.36886 6.007924 8.499625 -12.15975 6.206493 7.17185 -10.36886 6.206493 8.353979 -12.27384 6.206493 8.353979 -12.27384 6.007924 8.499625 -12.15975 6.206493 8.499625 -12.15975 6.007924 2.438441 -12.41515 5.221326 2.461134 -12.47387 4.985682 5.047494 -11.58541 5.311116 5.070115 -11.64413 5.075473 3.966604 -9.499034 4.916768 3.989296 -9.557753 4.681125 3.373968 -8.086218 4.172694 3.396658 -8.144867 3.936979 5.070115 -11.64413 5.075473 5.047494 -11.58541 5.311116 3.373968 -8.086218 4.172694 3.396658 -8.144867 3.936979 1.771867 -8.63787 4.172694 1.794489 -8.696518 3.936979 2.042632 -10.17183 4.925009 2.065253 -10.23054 4.689363 2.438441 -12.41515 5.221326 2.461134 -12.47387 4.985682 1.794489 -8.696518 3.936979 1.771867 -8.63787 4.172694 6.809971 -10.72445 5.07645 6.764726 -10.68089 5.312094 5.513195 -8.777301 4.681194 5.467881 -8.733734 4.91684 5.513195 -8.777301 4.681194 6.764726 -10.68089 5.312094 4.718779 -7.470613 3.936979 4.673533 -7.427045 4.172694 5.467881 -8.733734 4.91684 6.287365 -6.287365 3.939003 4.718779 -7.470613 3.936979 6.2431 -6.2431 4.174648 4.673533 -7.427045 4.172694 7.470613 -4.718779 3.936979 7.427045 -4.673533 4.172694 2.065253 -10.23054 4.689363 3.989296 -9.557753 4.681125 2.461134 -12.47387 4.985682 5.070115 -11.64413 5.075473 1.794489 -8.696518 3.936979 3.396658 -8.144867 3.936979 7.158025 -11.52732 5.353638 7.158025 -11.52732 6.411414 6.941652 -11.47935 5.353638 6.941652 -11.47935 6.411414 5.553831 -12.38024 6.411414 5.553831 -12.38024 5.353638 5.635032 -12.17406 6.411414 5.635032 -12.17406 5.353638 5.635032 -12.17406 5.353638 5.397152 -11.72666 5.353638 5.635032 -12.17406 6.411414 5.399806 -11.73154 6.411414 6.941652 -11.47935 6.411414 6.706427 -11.03683 6.411414 6.941652 -11.47935 5.353638 6.703773 -11.03194 5.353638 2.375884 -13.47447 5.353638 5.553831 -12.38024 5.353638 2.375884 -13.47447 6.411414 5.553831 -12.38024 6.411414 1.404891 -13.49144 5.453757 1.402796 -13.49095 6.411557 1.196617 -13.49479 5.353638 4.817715 -9.112789 4.8813 3.966604 -9.499034 4.916768 4.051504 -7.619818 4.064261 5.467881 -8.733734 4.91684 4.673533 -7.427045 4.172694 6.086421 -6.086421 4.064261 6.2431 -6.2431 4.174648 3.373968 -8.086218 4.172694 1.46319 -8.499834 4.064469 3.95983 -7.447431 4.085417 1.464657 -8.306571 4.085417 1.771867 -8.63787 4.172694 1.80182 -10.21874 4.91272 1.491328 -10.22377 4.91251 2.244762 -12.73088 5.252954 1.505082 -11.60957 5.099771 2.042632 -10.17183 4.925009 2.438441 -12.41515 5.221326 5.397152 -11.72666 5.353638 5.635032 -12.17406 5.353638 5.553831 -12.38024 5.353638 2.375884 -13.47447 5.353638 5.047494 -11.58541 5.311116 1.398258 -12.54376 5.225655 1.394906 -11.86329 5.133771 1.193334 -12.64305 5.238572 1.196617 -13.49479 5.353638 5.561721 -11.63819 5.184599 6.535436 -11.12047 5.184599 6.764726 -10.68089 5.312094 6.703773 -11.03194 5.353638 9.146579 -9.146579 5.351681 7.158025 -11.52732 5.353638 6.941652 -11.47935 5.353638 9.649706 -9.649706 5.353638 8.973496 -8.973496 5.315792 11.52732 -7.158025 5.353638 11.03146 -6.703565 5.353638 11.47935 -6.941652 5.353638 10.68089 -6.764726 5.312094 8.733734 -5.467881 4.91684 9.119353 -4.821553 4.885001 11.12013 -6.534948 5.184252 7.619818 -4.051504 4.064261 9.499034 -3.966604 4.916768 7.427045 -4.673533 4.172694 8.086218 -3.373968 4.172694 8.499834 -1.46319 4.064469 7.447431 -3.95983 4.085417 8.306571 -1.464657 4.085417 8.63787 -1.771867 4.172694 10.21874 -1.80182 4.91272 10.22377 -1.491328 4.91251 12.73088 -2.244762 5.252954 11.60957 -1.505082 5.099771 10.17183 -2.042632 4.925009 12.41515 -2.438441 5.221326 11.7261 -5.396872 5.353638 12.17406 -5.635101 5.353638 12.38024 -5.553831 5.353638 13.47447 -2.375884 5.353638 11.58541 -5.047494 5.311116 12.54376 -1.398258 5.225655 11.86329 -1.394906 5.133771 12.64305 -1.193334 5.238572 13.49479 -1.196617 5.353638 11.63763 -5.561441 5.184111 5.948736 -5.948736 4.085417 1.494191 -7.701019 8.158533 3.690394 -6.952054 8.158533 1.491328 -7.416429 8.45918 3.568137 -6.720532 8.45918 5.379208 -5.379208 8.45918 5.55774 -5.55774 8.158533 6.950937 -3.692348 8.158533 6.720532 -3.568137 8.45918 7.416429 -1.491399 8.45918 7.701019 -1.494191 8.158533 5.64802 -5.64802 8.081661 4.157979 -6.766749 8.08215 6.764935 -4.160354 8.08215 3.274262 -7.235037 8.085151 1.925402 -7.690685 8.084874 7.690685 -1.925331 8.084874 7.23378 -3.277755 8.085151 3.644661 -7.383962 7.934829 1.643815 -8.051099 7.942928 7.153347 -4.07587 7.932384 8.051099 -1.643815 7.942928 8.499625 -1.648424 7.702187 8.520571 -1.502429 7.716919 10.19075 -1.946907 6.985339 10.22328 -1.502988 6.992461 11.49422 -2.176755 6.757725 11.34977 -1.501522 6.796893 11.61529 -1.380034 6.749487 12.86215 -2.267939 6.522082 13.18758 -1.399165 6.466154 13.47447 -2.375884 6.411414 11.73091 -5.399456 6.411414 12.17406 -5.635101 6.411414 12.38024 -5.553831 6.411414 13.49095 -1.402796 6.411557 12.37599 -2.332385 6.601048 11.74725 -4.927821 6.456031 12.56506 -2.665778 6.538978 12.86215 -2.267939 6.522082 10.55367 -4.804866 6.735521 10.61965 -5.007555 6.718277 11.37225 -5.108515 6.518171 11.73091 -5.399456 6.411414 9.29879 -4.322827 6.99267 10.38247 -4.881878 6.75961 1.501522 -11.34977 6.796893 2.176755 -11.49422 6.757725 1.502988 -10.22328 6.992461 1.380034 -11.61529 6.749487 2.273389 -12.89315 6.516496 1.399165 -13.18779 6.466154 2.375884 -13.47447 6.411414 5.399806 -11.73154 6.411414 5.635032 -12.17406 6.411414 5.553831 -12.38024 6.411414 1.402796 -13.49095 6.411557 2.670038 -12.59187 6.534161 2.337551 -12.40531 6.595741 1.946907 -10.19075 6.985339 1.648424 -8.499625 7.702187 1.502429 -8.520571 7.716919 5.006718 -10.62028 6.718136 5.109005 -11.37434 6.517753 4.803957 -10.55458 6.735383 4.880621 -10.38331 6.75954 4.318567 -9.300745 6.992531 4.929426 -11.75172 6.455192 5.399806 -11.73154 6.411414 5.707576 -9.835221 6.91133 5.171215 -8.901372 7.136362 4.966082 -10.2348 6.930671 4.471683 -9.282593 7.135104 4.294551 -7.459092 7.71587 3.769569 -7.73942 7.71671 4.072031 -7.156348 7.932384 5.656467 -10.01871 6.890034 5.149221 -10.29275 6.905045 9.835151 -5.707156 6.911401 10.23376 -4.967689 6.930809 8.900256 -5.17338 7.136432 9.280915 -4.476151 7.135034 7.736279 -3.778925 7.7165 7.453993 -4.300415 7.716012 7.381869 -3.650525 7.934829 10.29185 -5.150549 6.905187 10.01885 -5.655698 6.890175 3.40507e-5 -3.40507e-5 2.450082 1.116043 -1.116043 2.726502 0.4947811 -1.476597 2.726502 1.956959 -1.956959 3.322629 0.8676216 -2.589184 3.322629 3.40507e-5 -2.734133 3.322629 3.40507e-5 -1.559264 2.726502 3.40507e-5 -3.40507e-5 2.450082 2.614459 -2.614459 4.269114 1.648913 -3.295 4.269114 0.6692617 -3.623295 4.269114 3.40507e-5 -3.65269 4.269114 1.873246 -3.528201 5.660845 2.82406 -2.82406 5.660845 1.873246 -3.528201 6.849049 2.82406 -2.82406 6.849049 0.7848857 -3.834992 5.399299 0.6213644 -3.885819 5.381705 3.40507e-5 -3.890498 5.399508 0.784465 -3.893083 5.660845 0.7761566 -3.895874 6.134578 1.37738 -3.694372 6.207609 1.379126 -3.693814 6.849049 3.528201 -1.873246 6.849049 3.528201 -1.873246 5.660845 3.295 -1.648913 4.269114 2.589184 -0.8676216 3.322629 1.476597 -0.4947811 2.726502 3.40507e-5 -3.40507e-5 2.450082 2.734133 -3.40507e-5 3.322629 1.559264 -3.40507e-5 2.726502 3.40507e-5 -3.40507e-5 2.450082 3.623295 -0.6692617 4.269114 3.65269 -3.40507e-5 4.269114 3.834992 -0.7848857 5.399299 3.885819 -0.6213644 5.381705 3.890498 -3.40507e-5 5.399508 3.893083 -0.784465 5.660845 3.895874 -0.7761566 6.134578 3.694372 -1.37738 6.207609 3.693814 -1.379126 6.849049 3.40507e-5 -5.91969 10.78483 3.40507e-5 -7.126746 9.937558 0.6178743 -5.918572 10.78483 0.7658928 -7.12542 9.937558 3.40507e-5 -5.09881 11.1148 0.5171937 -5.097832 11.1148 0.8369711 -7.704789 9.284667 3.40507e-5 -7.706185 9.284667 0.7723162 -5.918295 10.7199 0.9574108 -7.125071 9.872626 0.6465013 -5.097624 11.04987 0.475231 -3.944538 11.06271 0.3802052 -3.944751 11.12772 3.40507e-5 -5.09881 11.1148 1.046222 -7.70444 9.219664 3.40507e-5 -3.945516 11.12772 3.40507e-5 -5.09881 11.1148 3.40507e-5 -7.706185 9.284667 3.40507e-5 -7.706256 9.066896 0.8369711 -7.704789 9.284667 0.8369711 -7.704789 9.054538 1.046222 -7.70444 9.219664 1.046222 -7.70444 9.051398 1.425628 -2.685117 13.52507 1.365093 -2.571101 13.5132 0.4800493 -3.001963 13.52507 0.4596601 -2.874471 13.5132 3.40507e-5 -2.875169 13.5132 3.40507e-5 -3.002661 13.52507 2.149175 -2.149175 13.52507 2.05792 -2.05792 13.5132 2.571101 -1.365093 13.5132 2.685117 -1.425628 13.52507 3.001963 -0.4800493 13.52507 2.874471 -0.4596601 13.5132 2.875169 -3.40507e-5 13.5132 3.002661 -3.40507e-5 13.52507 1.812711 -3.414184 11.94706 1.812711 -3.414184 12.13481 0.6104027 -3.817117 11.94706 0.6104027 -3.817117 12.13481 2.732805 -2.732805 11.94706 2.732805 -2.732805 12.13481 3.40507e-5 -3.818025 12.13481 3.40507e-5 -3.818025 11.94706 3.414184 -1.812711 12.13481 3.414184 -1.812711 11.94706 3.817117 -0.6104027 11.94706 3.817117 -0.6104027 12.13481 3.818025 -3.40507e-5 12.13481 3.818025 -3.40507e-5 11.94706 0.5512663 -3.447279 13.00156 1.637114 -3.083444 13.00156 0.4800493 -3.001963 13.52507 1.425628 -2.685117 13.52507 2.467975 -2.467975 13.00156 2.149175 -2.149175 13.52507 3.40507e-5 -3.448116 13.00156 3.40507e-5 -3.002661 13.52507 3.083444 -1.637114 13.00156 3.447279 -0.5512663 13.00156 2.685117 -1.425628 13.52507 3.001963 -0.4800493 13.52507 3.448116 -3.40507e-5 13.00156 3.002661 -3.40507e-5 13.52507 0.9574108 -7.125071 9.872626 1.112692 -6.958199 9.796451 0.7723162 -5.918295 10.7199 0.9276675 -5.801344 10.60588 0.8018503 -5.014608 10.91016 0.6465013 -5.097624 11.04987 0.475231 -3.944538 11.06271 0.6307917 -3.944538 10.91016 1.201503 -7.51355 9.161644 1.046222 -7.70444 9.219664 1.201503 -7.51355 9.068294 1.201503 -7.51355 9.161644 1.046222 -7.70444 9.051398 1.046222 -7.70444 9.219664 2.755009 -5.189018 10.60588 0.9276675 -5.801344 10.60588 3.304425 -6.223758 9.796451 1.112692 -6.958199 9.796451 4.981582 -4.995407 9.796451 4.15337 -4.15337 10.60588 6.223758 -3.31825 9.796451 5.189018 -2.768832 10.60588 6.958199 -1.126516 9.796451 5.801344 -0.9414922 10.60588 3.568137 -6.720532 9.161644 1.201503 -7.51355 9.161644 0.8018503 -5.014608 10.91016 2.381399 -4.485367 10.91016 0.6307917 -3.944538 10.91016 1.873246 -3.528201 10.91016 3.590131 -3.590131 10.91016 2.82406 -2.82406 10.91016 3.528201 -1.873246 10.91016 4.485367 -2.395224 10.91016 3.944538 -0.6307917 10.91016 5.014608 -0.8156748 10.91016 7.51355 -1.215328 9.161644 6.720532 -3.581961 9.161644 5.379208 -5.393033 9.161644 1.365093 -2.571101 13.5132 1.229153 -2.315072 14.3278 0.4596601 -2.874471 13.5132 0.4138594 -2.588276 14.3278 2.05792 -2.05792 13.5132 1.852998 -1.852998 14.3278 0.3806942 -2.380631 14.51108 1.130566 -2.129346 14.51108 3.40507e-5 -3.40507e-5 14.51694 1.704349 -1.704349 14.51108 3.40507e-5 -2.875169 13.5132 3.40507e-5 -2.588907 14.3278 3.40507e-5 -2.381191 14.51108 2.315072 -1.229153 14.3278 2.571101 -1.365093 13.5132 2.874471 -0.4596601 13.5132 2.588276 -0.4138594 14.3278 2.129346 -1.130566 14.51108 2.380631 -0.3806942 14.51108 2.875169 -3.40507e-5 13.5132 2.381191 -3.40507e-5 14.51108 2.588907 -3.40507e-5 14.3278 2.875169 -3.40507e-5 13.5132 1.873246 -3.528201 10.91016 1.873246 -3.528201 11.83367 0.6307917 -3.944538 10.91016 0.6307917 -3.944538 11.83367 2.82406 -2.82406 10.91016 2.82406 -2.82406 11.83367 1.812711 -3.414184 11.94706 0.6104027 -3.817117 11.94706 2.732805 -2.732805 11.94706 3.40507e-5 -3.945516 11.83367 3.40507e-5 -3.818025 11.94706 0.3802052 -3.944751 11.12772 3.40507e-5 -3.945516 11.12772 0.475231 -3.944538 11.06271 3.528201 -1.873246 11.83367 3.528201 -1.873246 10.91016 3.944538 -0.6307917 10.91016 3.944538 -0.6307917 11.83367 3.414184 -1.812711 11.94706 3.817117 -0.6104027 11.94706 3.945516 -3.40507e-5 11.83367 3.818025 -3.40507e-5 11.94706 3.945516 -3.40507e-5 11.12772 3.944751 -0.3802052 11.12772 3.944538 -0.475231 11.06271 1.408661 -4.81129 6.849049 1.379126 -3.693814 6.849049 2.381399 -4.485367 6.849049 1.873246 -3.528201 6.849049 2.82406 -2.82406 6.849049 3.590131 -3.590131 6.849049 4.485367 -2.381399 6.849049 3.528201 -1.873246 6.849049 3.693814 -1.379126 6.849049 4.81129 -1.408661 6.849049 5.379208 -5.393033 9.161644 3.568137 -6.720532 9.161644 5.379208 -5.379208 8.45918 3.568137 -6.720532 8.45918 6.720532 -3.581961 9.161644 6.720532 -3.568137 8.45918 1.506758 -7.411263 8.862533 1.201503 -7.51355 9.161644 1.304699 -7.478988 9.067384 1.201503 -7.51355 9.068294 1.491328 -7.416429 8.45918 7.411263 -1.506758 8.862533 7.51355 -1.215328 9.161644 7.478988 -1.304699 9.067384 7.51355 -1.201503 9.068294 7.416429 -1.491399 8.45918 -10.44064 -5.064808 6.734196 -10.29185 -5.150549 6.905187 -10.38248 -4.881878 6.75961 -10.23376 -4.967689 6.930809 -9.846393 -5.87759 6.735242 -9.835151 -5.707156 6.911401 -10.03002 -5.826132 6.713598 -10.01885 -5.655698 6.890175 -5.827252 -10.02974 6.71353 -5.656468 -10.01871 6.890034 -5.87843 -9.846252 6.735174 -5.707579 -9.835221 6.91133 -4.880623 -10.38331 6.75954 -4.966086 -10.2348 6.930671 -5.063835 -10.44133 6.733987 -5.149224 -10.29275 6.905045 -10.01885 -5.655698 6.890175 -10.29185 -5.150549 6.905187 -10.03002 -5.826132 6.713598 -10.44064 -5.064808 6.734196 -8.783589 -5.270778 6.991693 -8.900259 -5.17338 7.136432 -9.846393 -5.87759 6.735242 -9.835151 -5.707156 6.911401 -7.453995 -4.300415 7.716012 -10.08218 -6.005359 6.694327 -9.950495 -6.116793 6.686019 -10.03002 -5.826132 6.713598 -5.149224 -10.29275 6.905045 -5.656468 -10.01871 6.890034 -5.063835 -10.44133 6.733987 -5.827252 -10.02974 6.71353 -8.051032 -1.643815 7.942928 -8.140681 -1.883021 8.008488 -7.690687 -1.925331 8.084874 -7.893934 -2.075584 8.105399 -7.690687 -1.925331 8.084874 -7.893934 -2.075584 8.105399 -7.233784 -3.277755 8.085151 -7.49093 -3.269096 8.105958 -7.233784 -3.277755 8.085151 -7.49093 -3.269096 8.105958 -7.381871 -3.650525 7.934829 -7.575065 -3.48128 8.019939 -10.55367 -4.804866 6.735521 -10.67586 -4.609928 6.870207 -11.37232 -5.108515 6.518171 -11.40716 -4.881251 6.674778 -9.418464 -4.126979 7.125538 -9.298794 -4.322827 6.99267 -7.853508 -3.582241 7.84853 -7.73628 -3.778925 7.7165 -7.575065 -3.48128 8.019939 -7.381871 -3.650525 7.934829 -11.37232 -5.108515 6.518171 -11.40716 -4.881251 6.674778 -11.74725 -4.927821 6.456031 -11.6132 -4.781406 6.638054 -11.74725 -4.927821 6.456031 -11.6132 -4.781406 6.638054 -12.56506 -2.665778 6.538978 -12.36398 -2.706483 6.71674 -12.56506 -2.665778 6.538978 -12.36398 -2.706483 6.71674 -12.37599 -2.332385 6.601048 -12.27601 -2.55218 6.742434 -10.19075 -1.946907 6.985339 -10.19019 -2.184155 7.107316 -8.49963 -1.648424 7.702187 -8.509684 -1.88707 7.812363 -11.49541 -2.414355 6.880259 -11.49423 -2.176755 6.757725 -12.27601 -2.55218 6.742434 -12.37599 -2.332385 6.601048 -8.051032 -1.643815 7.942928 -8.140681 -1.883021 8.008488 -2.337557 -12.40531 6.595741 -2.557211 -12.3047 6.746972 -2.67004 -12.59187 6.534161 -2.709068 -12.3903 6.721838 -2.67004 -12.59187 6.534161 -2.709068 -12.3903 6.721838 -4.929429 -11.75172 6.455192 -4.7819 -11.61892 6.64678 -4.929429 -11.75172 6.455192 -4.7819 -11.61892 6.64678 -5.109007 -11.37434 6.517753 -4.88181 -11.40981 6.684064 -3.769573 -7.73942 7.71671 -3.57268 -7.85602 7.858864 -3.644663 -7.383962 7.934829 -3.474303 -7.57625 8.030412 -4.122864 -9.420905 7.135034 -4.318573 -9.300745 6.992531 -4.609234 -10.67705 6.87977 -4.804033 -10.55458 6.735383 -4.88181 -11.40981 6.684064 -5.109007 -11.37434 6.517753 -3.644663 -7.383962 7.934829 -3.474303 -7.57625 8.030412 -3.274266 -7.235037 8.085151 -3.265048 -7.492256 8.115734 -3.274266 -7.235037 8.085151 -3.265048 -7.492256 8.115734 -1.925404 -7.690685 8.084874 -2.075591 -7.893863 8.115244 -1.925404 -7.690685 8.084874 -2.075591 -7.893863 8.115244 -1.64382 -8.051099 7.942928 -1.883023 -8.140539 8.018334 -1.648429 -8.499625 7.702187 -1.887073 -8.509609 7.822138 -1.94691 -10.19075 6.985339 -2.18409 -10.19012 7.117162 -1.883023 -8.140539 8.018334 -1.64382 -8.051099 7.942928 -2.176759 -11.49422 6.757725 -2.414288 -11.49534 6.890034 -2.337557 -12.40531 6.595741 -2.557211 -12.3047 6.746972 -7.453995 -4.300415 7.716012 -7.352407 -4.514345 7.846783 -7.153353 -4.07587 7.932384 -7.114948 -4.33707 8.025384 -8.683398 -5.485826 7.122746 -8.783589 -5.270778 6.991693 -9.776716 -6.279543 6.847373 -9.950495 -6.116793 6.686019 -7.153353 -4.07587 7.932384 -7.114948 -4.33707 8.025384 -6.76494 -4.160354 8.08215 -6.896692 -4.384059 8.108332 -5.648024 -5.64802 8.081661 -5.818663 -5.81866 8.096811 -4.157985 -6.766749 8.08215 -4.381412 -6.898782 8.098557 -6.896692 -4.384059 8.108332 -6.76494 -4.160354 8.08215 -4.157985 -6.766749 8.08215 -4.381412 -6.898782 8.098557 -4.072033 -7.156348 7.932384 -4.333235 -7.119066 8.015121 -5.268548 -8.784352 6.991834 -5.483174 -8.683742 7.123026 -6.117631 -9.949866 6.686089 -6.280524 -9.776153 6.847373 -4.508624 -7.357779 7.846294 -4.294553 -7.459092 7.71587 -4.333235 -7.119066 8.015121 -4.072033 -7.156348 7.932384 -6.117631 -9.949866 6.686089 -6.280524 -9.776153 6.847373 -6.526085 -10.00761 6.620038 -6.502274 -9.807503 6.811627 -8.509333 -8.503327 6.622133 -8.385333 -8.379395 6.814699 -10.00817 -6.525453 6.619968 -9.808063 -6.501712 6.811627 -6.502274 -9.807503 6.811627 -6.526085 -10.00761 6.620038 -10.00817 -6.525453 6.619968 -9.808063 -6.501712 6.811627 -9.950495 -6.116793 6.686019 -9.776716 -6.279543 6.847373 -10.67586 -4.609928 6.870207 -11.49541 -2.414355 6.880259 -11.40716 -4.881251 6.674778 -12.36398 -2.706483 6.71674 -12.27601 -2.55218 6.742434 -11.6132 -4.781406 6.638054 -10.19019 -2.184155 7.107316 -9.418464 -4.126979 7.125538 -8.509684 -1.88707 7.812363 -7.853508 -3.582241 7.84853 -8.140681 -1.883021 8.008488 -7.49093 -3.269096 8.105958 -7.575065 -3.48128 8.019939 -7.893934 -2.075584 8.105399 -11.52732 -7.158025 6.411414 -9.649711 -9.649706 6.411414 -11.47936 -6.941652 6.411414 -11.03627 -6.706076 6.411414 -9.171582 -9.169553 6.407715 -6.706431 -11.03683 6.411414 -6.941654 -11.47935 6.411414 -7.158027 -11.52732 6.411414 -8.509333 -8.503327 6.622133 -10.00817 -6.525453 6.619968 -6.526085 -10.00761 6.620038 -9.950495 -6.116793 6.686019 -10.08218 -6.005359 6.694327 -6.006338 -10.08197 6.694189 -6.117631 -9.949866 6.686089 -6.706431 -11.03683 6.411414 -5.87843 -9.846252 6.735174 -5.268548 -8.784352 6.991834 -9.846393 -5.87759 6.735242 -8.783589 -5.270778 6.991693 -4.88181 -11.40981 6.684064 -4.7819 -11.61892 6.64678 -4.609234 -10.67705 6.87977 -2.414288 -11.49534 6.890034 -2.557211 -12.3047 6.746972 -2.709068 -12.3903 6.721838 -2.18409 -10.19012 7.117162 -4.122864 -9.420905 7.135034 -1.887073 -8.509609 7.822138 -3.57268 -7.85602 7.858864 -2.075591 -7.893863 8.115244 -1.883023 -8.140539 8.018334 -3.474303 -7.57625 8.030412 -3.265048 -7.492256 8.115734 -6.502274 -9.807503 6.811627 -6.280524 -9.776153 6.847373 -8.385333 -8.379395 6.814699 -8.262588 -8.25665 6.851214 -9.808063 -6.501712 6.811627 -9.776716 -6.279543 6.847373 -7.323295 -7.31219 7.12456 -5.483174 -8.683742 7.123026 -6.105067 -6.105063 7.849019 -4.508624 -7.357779 7.846294 -8.683398 -5.485826 7.122746 -7.352407 -4.514345 7.846783 -5.818663 -5.81866 8.096811 -4.381412 -6.898782 8.098557 -4.333235 -7.119066 8.015121 -7.114948 -4.33707 8.025384 -6.896692 -4.384059 8.108332 -11.61146 -5.612339 5.331782 -11.26612 -5.527019 5.611483 -11.65698 -5.527648 5.419059 -11.29712 -5.469347 5.670899 -10.88316 -6.247358 5.611552 -11.14722 -6.485515 5.331923 -10.85167 -6.307262 5.671807 -11.10121 -6.573069 5.419965 -11.1054 -6.575303 6.345923 -10.85509 -6.309076 6.264445 -11.10121 -6.573069 5.419965 -10.85167 -6.307262 5.671807 -10.88623 -6.251197 6.32407 -11.15106 -6.490401 6.43341 -11.27024 -5.528905 6.323998 -11.61662 -5.614645 6.433339 -11.30054 -5.471163 6.264584 -11.66124 -5.529882 6.346064 -11.29712 -5.469347 5.670899 -11.65698 -5.527648 5.419059 -6.486076 -11.14756 5.332412 -6.247851 -10.88351 5.61204 -6.573352 -11.10169 5.420036 -6.307548 -10.85216 5.671948 -5.527162 -11.26675 5.61204 -5.612411 -11.61208 5.332412 -5.469633 -11.29768 5.671179 -5.527932 -11.65753 5.419267 -6.573352 -11.10169 5.420036 -6.307548 -10.85216 5.671948 -6.575658 -11.10595 6.345713 -6.309361 -10.85565 6.264304 -6.490895 -11.15154 6.43271 -6.251622 -10.88671 6.323511 -5.614927 -11.61732 6.43271 -5.529119 -11.27087 6.323511 -5.530233 -11.66186 6.345923 -5.471514 -11.30117 6.264445 -5.527932 -11.65753 5.419267 -5.469633 -11.29768 5.671179 -11.03627 -6.706076 6.411414 -11.1054 -6.575303 6.345923 -11.03146 -6.703565 5.353638 -11.10121 -6.573069 5.419965 -11.15106 -6.490401 6.43341 -11.12487 -6.541232 6.581289 -11.6442 -5.564444 6.581219 -11.61662 -5.614645 6.433339 -11.66124 -5.529882 6.346064 -11.73092 -5.399456 6.411414 -11.65698 -5.527648 5.419059 -11.7261 -5.396872 5.353638 -11.61146 -5.612339 5.331782 -11.63764 -5.561441 5.184111 -11.14722 -6.485515 5.331923 -11.12013 -6.534948 5.184252 -6.703777 -11.03194 5.353638 -6.573352 -11.10169 5.420036 -6.706431 -11.03683 6.411414 -6.575658 -11.10595 6.345713 -6.486076 -11.14756 5.332412 -6.535438 -11.12047 5.184599 -5.612411 -11.61208 5.332412 -5.561725 -11.63819 5.184599 -5.527932 -11.65753 5.419267 -5.397159 -11.72666 5.353638 -5.530233 -11.66186 6.345923 -5.399809 -11.73154 6.411414 -5.614927 -11.61732 6.43271 -5.564795 -11.64483 6.580591 -6.541514 -11.1255 6.580591 -6.490895 -11.15154 6.43271 -11.12487 -6.541232 6.581289 -11.03627 -6.706076 6.411414 -10.08218 -6.005359 6.694327 -11.6442 -5.564444 6.581219 -10.61973 -5.007555 6.718277 -11.73092 -5.399456 6.411414 -5.564795 -11.64483 6.580591 -5.399809 -11.73154 6.411414 -5.006722 -10.62028 6.718136 -5.527162 -11.26675 5.61204 -5.469633 -11.29768 5.671179 -6.247851 -10.88351 5.61204 -5.529119 -11.27087 6.323511 -5.471514 -11.30117 6.264445 -6.307548 -10.85216 5.671948 -6.309361 -10.85565 6.264304 -6.251622 -10.88671 6.323511 -6.541514 -11.1255 6.580591 -6.006338 -10.08197 6.694189 -6.706431 -11.03683 6.411414 -9.499036 -3.966604 4.916768 -11.63764 -5.561441 5.184111 -11.7261 -5.396872 5.353638 -10.85509 -6.309076 6.264445 -10.88623 -6.251197 6.32407 -10.85167 -6.307262 5.671807 -11.26612 -5.527019 5.611483 -11.29712 -5.469347 5.670899 -11.30054 -5.471163 6.264584 -11.27024 -5.528905 6.323998 -10.88316 -6.247358 5.611552 -11.03146 -6.703565 5.353638 -11.12013 -6.534948 5.184252 -8.733736 -5.467881 4.91684 -5.467887 -8.733734 4.91684 -6.535438 -11.12047 5.184599 -6.703777 -11.03194 5.353638 -5.397159 -11.72666 5.353638 -5.561725 -11.63819 5.184599 -3.966606 -9.499034 4.916768 -10.44064 -5.064808 6.734196 -10.61973 -5.007555 6.718277 -10.03002 -5.826132 6.713598 -11.6442 -5.564444 6.581219 -11.12487 -6.541232 6.581289 -10.08218 -6.005359 6.694327 -10.38248 -4.881878 6.75961 -10.55367 -4.804866 6.735521 -10.23376 -4.967689 6.930809 -9.298794 -4.322827 6.99267 -9.280918 -4.476151 7.135034 -7.73628 -3.778925 7.7165 -5.827252 -10.02974 6.71353 -6.006338 -10.08197 6.694189 -5.063835 -10.44133 6.733987 -6.541514 -11.1255 6.580591 -5.564795 -11.64483 6.580591 -5.006722 -10.62028 6.718136 -4.880623 -10.38331 6.75954 -4.804033 -10.55458 6.735383 -4.318573 -9.300745 6.992531 -4.471689 -9.282593 7.135104 -4.966086 -10.2348 6.930671 -3.769573 -7.73942 7.71671 -5.87843 -9.846252 6.735174 -6.006338 -10.08197 6.694189 -6.117631 -9.949866 6.686089 -5.707579 -9.835221 6.91133 -5.268548 -8.784352 6.991834 -5.171217 -8.901372 7.136362 -4.294553 -7.459092 7.71587 -13.49144 -1.404891 5.453757 -13.73309 -1.404749 5.454386 -13.49479 -1.196617 5.353638 -13.7532 -1.197733 5.344489 -13.84145 -3.40507e-5 3.333591 -12.98971 -3.40507e-5 3.218597 -13.84096 -1.258757 3.336174 -12.98922 -1.255474 3.22118 -14.12744 -3.40507e-5 3.262374 -14.12765 -1.274187 3.262512 -13.84096 -1.258757 3.336174 -12.98922 -1.255474 3.22118 -13.49479 -1.196617 5.353638 -12.64306 -1.193334 5.238572 -14.12765 -1.274187 3.262512 -13.7532 -1.197733 5.344489 -11.60957 -1.505082 5.099771 -11.8633 -1.394906 5.133771 -11.94129 -1.501103 2.895816 -12.19208 -1.407194 3.016535 -12.54377 -1.398258 5.225655 -12.92156 -1.411523 3.042789 -10.22377 -1.491328 4.91251 -8.499838 -1.46319 4.064469 -8.794621 -1.499987 2.704439 -8.306577 -1.464657 4.085417 -7.218423 -1.444689 4.22457 -4.79789 -1.386807 6.57291 -5.133168 -1.38932 5.774374 -3.694374 -1.37738 6.207609 -3.693817 -1.379126 6.849049 -4.81129 -1.408661 6.849049 -12.64306 -1.193334 5.238572 -12.98922 -1.255474 3.22118 -12.54377 -1.398258 5.225655 -12.92156 -1.411523 3.042789 -12.98971 -3.40507e-5 3.218597 -12.92156 -3.40507e-5 3.042789 -14.12765 -1.274187 3.262512 -13.7532 -1.197733 5.344489 -14.16151 -1.415852 3.07295 -13.73309 -1.404749 5.454386 -14.16346 -3.40507e-5 3.070576 -14.12744 -3.40507e-5 3.262374 -12.92156 -1.411523 3.042789 -12.92156 -3.40507e-5 3.042789 -12.19208 -1.407194 3.016535 -12.19208 -3.40507e-5 3.016535 -14.16346 -3.40507e-5 3.070576 -14.16151 -1.415852 3.07295 -14.41677 -3.40507e-5 2.985747 -14.41677 -1.505292 2.985747 -13.57879 -1.402726 6.411557 -13.18961 -1.39372 8.454083 -13.82169 -1.505292 6.610753 -13.44354 -1.505292 8.541569 -13.1533 -1.273837 8.61865 -13.41212 -1.313146 8.764925 -13.1533 -3.40507e-5 8.621303 -13.41212 -3.40507e-5 8.764925 -13.73309 -1.404749 5.454386 -14.41677 -1.505292 2.985747 -14.16151 -1.415852 3.07295 -11.21627 -0.3984978 8.7157 -11.21788 -1.244792 8.74677 -10.9689 -0.6222036 8.884387 -10.9689 -1.309305 8.884387 -11.26528 -1.363767 8.613552 -11.01428 -1.501451 8.658168 -11.34977 -1.501522 6.796893 -11.6153 -1.380034 6.749487 -9.35011 -0.1639711 8.827831 -11.21627 -0.3984978 8.7157 -9.103855 -0.387677 8.99931 -10.9689 -0.6222036 8.884387 -9.35011 -3.40507e-5 8.827831 -9.35011 -0.1639711 8.827831 -9.103855 -3.40507e-5 8.99931 -9.103855 -0.387677 8.99931 -12.19208 -1.407194 3.016535 -12.19208 -3.40507e-5 3.016535 -11.94129 -1.501103 2.895816 -11.94129 -3.40507e-5 2.895816 -14.40951 -3.40507e-5 9.535811 -14.40951 -0.7812544 9.535811 -14.00154 -3.40507e-5 8.738951 -14.00154 -0.9160076 8.738951 -17.52155 -3.40507e-5 3.233748 -14.41677 -3.40507e-5 2.985747 -17.52155 -1.508363 3.233748 -14.41677 -1.505292 2.985747 -16.78138 -0.573049 9.389957 -16.78138 -0.7064766 9.389957 -16.78397 -0.5294106 10.78706 -16.78397 -0.6628383 10.78706 -16.78138 -0.7064766 9.389957 -16.63797 -0.7064766 9.389957 -16.78397 -0.6628383 10.78706 -16.64056 -0.6628383 10.78706 -16.63797 -0.7064766 9.389957 -16.63797 -0.573049 9.389957 -16.64056 -0.6628383 10.78706 -16.64056 -0.5294106 10.78706 -16.63797 -0.573049 9.389957 -16.78138 -0.573049 9.389957 -16.64056 -0.5294106 10.78706 -16.78397 -0.5294106 10.78706 -16.78397 -0.5294106 10.78706 -16.78397 -0.6628383 10.78706 -16.64056 -0.5294106 10.78706 -16.64056 -0.6628383 10.78706 -7.193216 -0.8490493 4.27477 -6.44607 -0.8490493 3.880704 -5.152785 -0.8051337 5.75259 -4.916095 -0.8051337 5.039933 -7.14085 -0.8930355 3.359912 -8.312303 -0.8930355 3.225577 -3.893085 -0.784465 5.660845 -3.834994 -0.7848857 5.399299 -3.895878 -0.7761566 6.134578 -7.218423 -1.444689 4.22457 -7.193216 -0.8490493 4.27477 -5.133168 -1.38932 5.774374 -5.152785 -0.8051337 5.75259 -8.312303 -0.8930355 3.225577 -8.794621 -1.499987 2.704439 -8.794621 -3.40507e-5 2.704439 -8.312303 -3.40507e-5 3.225577 -7.14085 -3.40507e-5 3.359912 -7.14085 -0.8930355 3.359912 -3.694374 -1.37738 6.207609 -3.895878 -0.7761566 6.134578 -4.916095 -3.40507e-5 5.039933 -4.916095 -0.8051337 5.039933 -6.445997 -3.40507e-5 3.880704 -6.44607 -0.8490493 3.880704 -7.14085 -3.40507e-5 3.359912 -7.14085 -0.8930355 3.359912 -3.885825 -0.6213644 5.381705 -3.834994 -0.7848857 5.399299 -3.890501 -3.40507e-5 5.399508 -14.61457 -2.014004 6.302145 -14.621 -2.013795 4.409665 -14.39659 -1.505921 6.708222 -14.39736 -1.50571 4.409665 -17.08796 -2.015819 6.302145 -14.61457 -2.014004 6.302145 -17.08796 -1.507736 6.708222 -14.39659 -1.505921 6.708222 -17.08796 -2.016028 4.409665 -17.08796 -2.015819 6.302145 -17.08796 -1.507945 4.409665 -17.08796 -1.507736 6.708222 -14.621 -2.013795 4.409665 -17.08796 -2.016028 4.409665 -14.39736 -1.50571 4.409665 -17.08796 -1.507945 4.409665 -7.478994 -1.304699 9.067384 -9.103855 -1.307909 8.99931 -7.411267 -1.506758 8.862533 -9.126546 -1.500055 8.773162 -7.513555 -1.201503 9.068294 -10.9689 -1.309305 8.884387 -11.01428 -1.501451 8.658168 -9.103855 -0.387677 8.99931 -10.9689 -0.6222036 8.884387 -7.704793 -0.8369711 9.054538 -7.704444 -1.046222 9.051398 -10.22329 -1.502988 6.992461 -11.34977 -1.501522 6.796893 -7.416433 -1.491399 8.45918 -7.701023 -1.494191 8.158533 -8.520576 -1.502429 7.716919 -7.706189 -3.40507e-5 9.066896 -9.103855 -3.40507e-5 8.99931 -16.8276 -0.9183111 8.615369 -16.84534 -0.78321 9.397567 -16.8276 -3.40507e-5 8.615369 -16.84534 -3.40507e-5 9.397567 -14.40951 -0.7812544 9.535811 -16.84534 -0.78321 9.397567 -14.00154 -0.9160076 8.738951 -16.8276 -0.9183111 8.615369 -14.00154 -0.9160076 8.738951 -16.8276 -0.9183111 8.615369 -13.41212 -1.313146 8.764925 -17.52155 -1.372423 8.585137 -17.52155 -3.40507e-5 8.583741 -16.8276 -3.40507e-5 8.615369 -17.52155 -1.508363 8.349633 -13.44354 -1.505292 8.541569 -14.39659 -1.505921 6.708222 -17.08796 -1.507736 6.708222 -17.52155 -1.508363 3.233748 -17.08796 -1.507945 4.409665 -14.41677 -1.505292 2.985747 -14.39736 -1.50571 4.409665 -13.82169 -1.505292 6.610753 -14.00154 -3.40507e-5 8.738951 -13.41212 -3.40507e-5 8.764925 -14.621 -2.013795 4.409665 -14.61457 -2.014004 6.302145 -17.08796 -2.016028 4.409665 -17.08796 -2.015819 6.302145 -14.40951 -0.7812544 9.535811 -14.40951 -3.40507e-5 9.535811 -16.84534 -0.78321 9.397567 -16.84534 -3.40507e-5 9.397567 -11.94129 -1.501103 2.895816 -11.94129 -3.40507e-5 2.895816 -8.794621 -1.499987 2.704439 -8.794621 -3.40507e-5 2.704439 -17.52155 -1.508363 3.233748 -17.52155 -1.508363 8.349633 -17.52155 -1.029744 7.860189 -17.52155 -1.372423 8.585137 -17.52155 -3.40507e-5 8.583741 -17.52155 -3.40507e-5 8.08194 -17.52155 -3.40507e-5 3.75 -17.52155 -3.40507e-5 3.233748 -17.52155 -1.508363 3.233748 -17.52155 -0.8375987 8.08194 -17.52155 -1.029744 3.75 -11.21627 -0.3984978 8.7157 -13.1533 -3.40507e-5 8.621303 -13.1533 -1.273837 8.61865 -11.22437 -3.40507e-5 8.715631 -9.35011 -0.1639711 8.827831 -9.35011 -3.40507e-5 8.827831 -11.21788 -1.244792 8.74677 -11.26528 -1.363767 8.613552 -13.18961 -1.39372 8.454083 -11.6153 -1.380034 6.749487 -13.18758 -1.399165 6.466154 -13.49095 -1.402796 6.411557 -13.57879 -1.402726 6.411557 -13.73309 -1.404749 5.454386 -13.49144 -1.404891 5.453757 -14.05608 -5.730198 6.007924 -12.0618 -4.733581 6.007924 -13.96901 -5.893438 6.007924 -11.97473 -4.896819 6.007924 -14.05608 -5.730198 6.206493 -12.0618 -4.733581 6.206493 -14.05608 -5.730198 6.007924 -12.0618 -4.733581 6.007924 -13.96901 -5.893438 6.206493 -11.97473 -4.896819 6.206493 -14.05608 -5.730198 6.206493 -12.0618 -4.733581 6.206493 -13.96901 -5.893438 6.007924 -11.97473 -4.896819 6.007924 -13.96901 -5.893438 6.206493 -11.97473 -4.896819 6.206493 -14.05608 -5.730198 6.206493 -14.05608 -5.730198 6.007924 -13.96901 -5.893438 6.206493 -13.96901 -5.893438 6.007924 -12.27384 -8.353979 6.007924 -10.48295 -7.026205 6.007924 -12.15975 -8.499625 6.007924 -10.36886 -7.17185 6.007924 -12.27384 -8.353979 6.206493 -10.48295 -7.026205 6.206493 -12.27384 -8.353979 6.007924 -10.48295 -7.026205 6.007924 -12.15975 -8.499625 6.206493 -10.36886 -7.17185 6.206493 -12.27384 -8.353979 6.206493 -10.48295 -7.026205 6.206493 -12.15975 -8.499625 6.007924 -10.36886 -7.17185 6.007924 -12.15975 -8.499625 6.206493 -10.36886 -7.17185 6.206493 -12.27384 -8.353979 6.206493 -12.27384 -8.353979 6.007924 -12.15975 -8.499625 6.206493 -12.15975 -8.499625 6.007924 -12.41516 -2.438441 5.221326 -12.47388 -2.461134 4.985682 -11.58541 -5.047494 5.311116 -11.64414 -5.070115 5.075473 -9.499036 -3.966604 4.916768 -9.557756 -3.989296 4.681125 -8.08622 -3.373968 4.172694 -8.14487 -3.396658 3.936979 -11.64414 -5.070115 5.075473 -11.58541 -5.047494 5.311116 -8.08622 -3.373968 4.172694 -8.14487 -3.396658 3.936979 -8.637875 -1.771867 4.172694 -8.69652 -1.794489 3.936979 -10.1719 -2.042632 4.925009 -10.23055 -2.065253 4.689363 -12.41516 -2.438441 5.221326 -12.47388 -2.461134 4.985682 -8.69652 -1.794489 3.936979 -8.637875 -1.771867 4.172694 -10.72446 -6.809971 5.07645 -10.68089 -6.764726 5.312094 -8.777303 -5.513195 4.681194 -8.733736 -5.467881 4.91684 -8.777303 -5.513195 4.681194 -10.68089 -6.764726 5.312094 -7.470613 -4.718779 3.936979 -7.427047 -4.673533 4.172694 -10.23055 -2.065253 4.689363 -9.557756 -3.989296 4.681125 -12.47388 -2.461134 4.985682 -11.64414 -5.070115 5.075473 -8.69652 -1.794489 3.936979 -8.14487 -3.396658 3.936979 -11.52732 -7.158025 5.353638 -11.52732 -7.158025 6.411414 -11.47936 -6.941652 5.353638 -11.47936 -6.941652 6.411414 -12.38025 -5.553831 6.411414 -12.38025 -5.553831 5.353638 -12.17407 -5.635101 6.411414 -12.17407 -5.635101 5.353638 -12.17407 -5.635101 5.353638 -11.7261 -5.396872 5.353638 -12.17407 -5.635101 6.411414 -11.73092 -5.399456 6.411414 -11.47936 -6.941652 6.411414 -11.03627 -6.706076 6.411414 -11.47936 -6.941652 5.353638 -11.03146 -6.703565 5.353638 -13.47448 -2.375884 5.353638 -12.38025 -5.553831 5.353638 -13.47448 -2.375884 6.411414 -12.38025 -5.553831 6.411414 -13.49144 -1.404891 5.453757 -13.49095 -1.402796 6.411557 -13.49479 -1.196617 5.353638 -7.126749 -3.40507e-5 9.937558 -7.125422 -0.7659632 9.937558 -5.919694 -3.40507e-5 10.78483 -5.918576 -0.6178743 10.78483 -5.097838 -0.5171937 11.1148 -5.098816 -3.40507e-5 11.1148 -3.94552 -3.40507e-5 11.12772 -3.944752 -0.3802052 11.12772 -7.706189 -3.40507e-5 9.284667 -7.704793 -0.8369711 9.284667 -5.918299 -0.7723162 10.7199 -7.125074 -0.9574108 9.872626 -3.944542 -0.475231 11.06271 -5.097628 -0.6465013 11.04987 -7.704444 -1.046222 9.219664 -7.706189 -3.40507e-5 9.284667 -7.706189 -3.40507e-5 9.066896 -7.704793 -0.8369711 9.284667 -7.704793 -0.8369711 9.054538 -7.704444 -1.046222 9.219664 -7.704444 -1.046222 9.051398 -5.801351 -0.9414922 10.60588 -5.918299 -0.7723162 10.7199 -6.958203 -1.126516 9.796451 -7.125074 -0.9574108 9.872626 -5.014614 -0.8156748 10.91016 -5.097628 -0.6465013 11.04987 -3.944542 -0.475231 11.06271 -3.944542 -0.6307917 10.91016 -7.513555 -1.215328 9.161644 -7.704444 -1.046222 9.219664 -7.513555 -1.201503 9.068294 -7.513555 -1.215328 9.161644 -7.704444 -1.046222 9.051398 -7.704444 -1.046222 9.219664 -1.197736 -13.7532 5.344489 -1.404754 -13.73301 5.454386 -1.19662 -13.49479 5.353638 -1.404893 -13.49144 5.453757 -1.255479 -12.98922 3.22118 3.40507e-5 -12.98971 3.218597 -1.258759 -13.84089 3.336174 3.40507e-5 -13.84145 3.333591 3.40507e-5 -14.12743 3.262374 -1.274189 -14.12764 3.262512 -1.193338 -12.64305 5.238572 -1.255479 -12.98922 3.22118 -1.19662 -13.49479 5.353638 -1.258759 -13.84089 3.336174 -1.274189 -14.12764 3.262512 -1.197736 -13.7532 5.344489 -1.407199 -12.19208 3.016535 -1.394909 -11.86329 5.133771 -1.501106 -11.94128 2.895816 -1.505087 -11.60957 5.099771 -1.39826 -12.54376 5.225655 -1.411526 -12.92156 3.042789 -1.491331 -10.22377 4.91251 -1.463193 -8.499834 4.064469 -1.499989 -8.794617 2.704439 -1.464659 -8.306571 4.085417 -1.444691 -7.218421 4.22457 -1.38681 -4.797886 6.57291 -1.389325 -5.133163 5.774374 -1.377385 -3.694372 6.207609 -1.379129 -3.693814 6.849049 -1.408663 -4.81129 6.849049 -1.411526 -12.92156 3.042789 -1.255479 -12.98922 3.22118 -1.39826 -12.54376 5.225655 -1.193338 -12.64305 5.238572 3.40507e-5 -12.98971 3.218597 3.40507e-5 -12.92156 3.042789 -1.404754 -13.73301 5.454386 -1.197736 -13.7532 5.344489 -1.415855 -14.16151 3.07295 -1.274189 -14.12764 3.262512 3.40507e-5 -14.16346 3.070576 3.40507e-5 -14.12743 3.262374 3.40507e-5 -12.19208 3.016535 3.40507e-5 -12.92156 3.042789 -1.407199 -12.19208 3.016535 -1.411526 -12.92156 3.042789 -1.505297 -14.41677 2.985747 -1.415855 -14.16151 3.07295 3.40507e-5 -14.41677 2.985747 3.40507e-5 -14.16346 3.070576 -1.505297 -13.44354 8.541569 -1.393722 -13.1896 8.454083 -1.505297 -13.82169 6.610753 -1.402728 -13.57878 6.411557 -1.273842 -13.1533 8.61865 -1.313151 -13.41212 8.764925 3.40507e-5 -13.1533 8.621303 3.40507e-5 -13.41212 8.764925 -1.404754 -13.73301 5.454386 -1.505297 -14.41677 2.985747 -1.415855 -14.16151 3.07295 -1.30931 -10.96889 8.884387 -1.244796 -11.21787 8.74677 -0.6221379 -10.96889 8.884387 -0.3985027 -11.21627 8.7157 -1.36377 -11.26528 8.613552 -1.501456 -11.01428 8.658168 -1.501524 -11.34977 6.796893 -1.380038 -11.61529 6.749487 -0.6221379 -10.96889 8.884387 -0.3985027 -11.21627 8.7157 -0.3876793 -9.103853 8.99931 -0.163976 -9.35011 8.827831 -0.3876793 -9.103853 8.99931 -0.163976 -9.35011 8.827831 3.40507e-5 -9.103853 8.99931 3.40507e-5 -9.35011 8.827831 3.40507e-5 -11.94128 2.895816 3.40507e-5 -12.19208 3.016535 -1.501106 -11.94128 2.895816 -1.407199 -12.19208 3.016535 -0.8930405 -7.140848 3.359912 3.40507e-5 -7.140848 3.359912 -0.8930405 -8.312296 3.225577 3.40507e-5 -8.312296 3.225577 -0.91601 -14.00154 8.738951 -0.7812568 -14.40951 9.535811 3.40507e-5 -14.00154 8.738951 3.40507e-5 -14.40951 9.535811 -1.505297 -14.41677 2.985747 3.40507e-5 -14.41677 2.985747 -1.508368 -17.52154 3.233748 3.40507e-5 -17.52154 3.233748 -0.6628431 -16.78396 10.4684 -0.706479 -16.78138 9.071295 -0.5294156 -16.78396 10.4684 -0.5730538 -16.78138 9.071295 -0.6628431 -16.64055 10.4684 -0.706479 -16.63797 9.071295 -0.6628431 -16.78396 10.4684 -0.706479 -16.78138 9.071295 -0.5294156 -16.64055 10.4684 -0.5730538 -16.63797 9.071295 -0.6628431 -16.64055 10.4684 -0.706479 -16.63797 9.071295 -0.5294156 -16.78396 10.4684 -0.5730538 -16.78138 9.071295 -0.5294156 -16.64055 10.4684 -0.5730538 -16.63797 9.071295 -0.6628431 -16.64055 10.4684 -0.6628431 -16.78396 10.4684 -0.5294156 -16.64055 10.4684 -0.5294156 -16.78396 10.4684 -0.8051362 -4.916089 5.039933 -0.8490543 -6.446066 3.880704 -0.8051362 -5.152781 5.75259 -0.8490543 -7.193213 4.27477 -0.8930405 -7.140848 3.359912 -0.8930405 -8.312296 3.225577 -0.7844699 -3.893083 5.660845 -0.7848882 -3.834992 5.399299 -0.7761614 -3.895874 6.134578 -0.8051362 -5.152781 5.75259 -0.8490543 -7.193213 4.27477 -1.389325 -5.133163 5.774374 -1.444691 -7.218421 4.22457 -0.8930405 -8.312296 3.225577 -1.499989 -8.794617 2.704439 3.40507e-5 -8.794617 2.704439 3.40507e-5 -8.312296 3.225577 -1.377385 -3.694372 6.207609 -0.7761614 -3.895874 6.134578 3.40507e-5 -4.916089 5.039933 3.40507e-5 -6.445994 3.880704 -0.8051362 -4.916089 5.039933 -0.8490543 -6.446066 3.880704 3.40507e-5 -7.140848 3.359912 -0.8930405 -7.140848 3.359912 -0.6213694 -3.885819 5.381705 -0.7848882 -3.834992 5.399299 3.40507e-5 -3.890498 5.399508 -1.505715 -14.39736 4.409665 -2.013797 -14.62099 4.409665 -1.505924 -14.39659 6.708222 -2.014007 -14.61457 6.302145 -1.505924 -14.39659 6.708222 -2.014007 -14.61457 6.302145 -1.507738 -17.08796 6.708222 -2.015823 -17.08796 6.302145 -1.507738 -17.08796 6.708222 -2.015823 -17.08796 6.302145 -1.50795 -17.08796 4.409665 -2.016032 -17.08796 4.409665 -1.50795 -17.08796 4.409665 -2.016032 -17.08796 4.409665 -1.505715 -14.39736 4.409665 -2.013797 -14.62099 4.409665 -1.50006 -9.126543 8.773162 -1.307914 -9.103853 8.99931 -1.506761 -7.411263 8.862533 -1.304701 -7.478988 9.067384 -1.201506 -7.51355 9.068294 -1.30931 -10.96889 8.884387 -1.501456 -11.01428 8.658168 -0.3876793 -9.103853 8.99931 -0.6221379 -10.96889 8.884387 -0.8369736 -7.704789 9.054538 -1.046227 -7.70444 9.051398 -1.502991 -10.22328 6.992461 -1.501524 -11.34977 6.796893 -1.491401 -7.416429 8.45918 -1.494193 -7.701019 8.158533 -1.502434 -8.520571 7.716919 3.40507e-5 -7.706256 9.066896 3.40507e-5 -9.103853 8.99931 3.40507e-5 -16.84533 9.397567 -0.7832124 -16.84533 9.397567 3.40507e-5 -16.8276 8.608736 -0.9183158 -16.8276 8.608736 -0.9183158 -16.8276 8.608736 -0.7832124 -16.84533 9.397567 -0.91601 -14.00154 8.738951 -0.7812568 -14.40951 9.535811 -1.372428 -17.52154 8.578504 -0.9183158 -16.8276 8.608736 -1.313151 -13.41212 8.764925 -0.91601 -14.00154 8.738951 3.40507e-5 -17.52154 8.577037 3.40507e-5 -16.8276 8.608736 -1.508368 -17.52154 8.349633 3.40507e-5 -14.00154 8.738951 3.40507e-5 -13.41212 8.764925 -1.505297 -13.44354 8.541569 -1.508368 -17.52154 8.349633 -1.505924 -14.39659 6.708222 -1.507738 -17.08796 6.708222 -1.508368 -17.52154 3.233748 -1.50795 -17.08796 4.409665 -1.505297 -14.41677 2.985747 -1.505715 -14.39736 4.409665 -1.505297 -13.82169 6.610753 -2.015823 -17.08796 6.302145 -2.014007 -14.61457 6.302145 -2.016032 -17.08796 4.409665 -2.013797 -14.62099 4.409665 3.40507e-5 -16.84533 9.397567 3.40507e-5 -14.40951 9.535811 -0.7832124 -16.84533 9.397567 -0.7812568 -14.40951 9.535811 3.40507e-5 -8.794617 2.704439 3.40507e-5 -11.94128 2.895816 -1.499989 -8.794617 2.704439 -1.501106 -11.94128 2.895816 -1.508368 -17.52154 8.349633 -1.508368 -17.52154 3.233748 3.40507e-5 -17.52154 3.233748 3.40507e-5 -17.52154 3.75 -1.372428 -17.52154 8.578504 -0.8376034 -17.52154 8.08194 3.40507e-5 -17.52154 8.577037 3.40507e-5 -17.52154 8.08194 -1.029749 -17.52154 7.860189 -1.029749 -17.52154 3.75 -0.3985027 -11.21627 8.7157 -1.244796 -11.21787 8.74677 -1.273842 -13.1533 8.61865 -1.36377 -11.26528 8.613552 -1.393722 -13.1896 8.454083 -1.380038 -11.61529 6.749487 -1.399168 -13.18779 6.466154 -1.402799 -13.49095 6.411557 -1.402728 -13.57878 6.411557 -1.404754 -13.73301 5.454386 -1.404893 -13.49144 5.453757 3.40507e-5 -13.1533 8.621303 3.40507e-5 -11.22437 8.715631 -0.163976 -9.35011 8.827831 3.40507e-5 -9.35011 8.827831 -2.381401 -4.485367 6.849049 -2.370928 -4.459046 6.57291 -3.590133 -3.590131 6.849049 -3.561718 -3.561714 6.57291 -1.408663 -4.81129 6.849049 -1.38681 -4.797886 6.57291 -4.459052 -2.370926 6.57291 -4.485373 -2.381399 6.849049 -4.81129 -1.408661 6.849049 -4.79789 -1.386807 6.57291 -9.017837 -9.017833 5.080149 -6.810042 -10.72445 5.07645 -8.973571 -8.973496 5.315792 -6.764732 -10.68089 5.312094 -10.72446 -6.809971 5.07645 -10.68089 -6.764726 5.312094 -7.363298 -7.363296 4.677357 -6.28737 -6.287365 3.939003 -5.513196 -8.777301 4.681194 -4.71878 -7.470613 3.936979 -6.810042 -10.72445 5.07645 -9.017837 -9.017833 5.080149 -8.777303 -5.513195 4.681194 -7.470613 -4.718779 3.936979 -10.72446 -6.809971 5.07645 -3.561718 -3.561714 6.57291 -2.370928 -4.459046 6.57291 -5.94874 -5.948736 4.085417 -3.959834 -7.447431 4.085417 -1.464659 -8.306571 4.085417 -1.38681 -4.797886 6.57291 -4.459052 -2.370926 6.57291 -7.447433 -3.95983 4.085417 -8.306577 -1.464657 4.085417 -4.79789 -1.386807 6.57291 -9.649711 -9.649706 6.411414 -9.649711 -9.649706 5.353638 -7.158027 -11.52732 6.411414 -7.158027 -11.52732 5.353638 -11.52732 -7.158025 6.411414 -11.52732 -7.158025 5.353638 -4.896822 -11.97473 6.007924 -4.733582 -12.0618 6.007924 -5.893442 -13.96901 6.007924 -5.730198 -14.05608 6.007924 -4.733582 -12.0618 6.007924 -4.733582 -12.0618 6.206493 -5.730198 -14.05608 6.007924 -5.730198 -14.05608 6.206493 -4.733582 -12.0618 6.206493 -4.896822 -11.97473 6.206493 -5.730198 -14.05608 6.206493 -5.893442 -13.96901 6.206493 -4.896822 -11.97473 6.206493 -4.896822 -11.97473 6.007924 -5.893442 -13.96901 6.206493 -5.893442 -13.96901 6.007924 -5.893442 -13.96901 6.007924 -5.730198 -14.05608 6.007924 -5.893442 -13.96901 6.206493 -5.730198 -14.05608 6.206493 -7.171852 -10.36886 6.007924 -7.026207 -10.48295 6.007924 -8.49963 -12.15975 6.007924 -8.353985 -12.27384 6.007924 -7.026207 -10.48295 6.007924 -7.026207 -10.48295 6.206493 -8.353985 -12.27384 6.007924 -8.353985 -12.27384 6.206493 -7.026207 -10.48295 6.206493 -7.171852 -10.36886 6.206493 -8.353985 -12.27384 6.206493 -8.49963 -12.15975 6.206493 -7.171852 -10.36886 6.206493 -7.171852 -10.36886 6.007924 -8.49963 -12.15975 6.206493 -8.49963 -12.15975 6.007924 -8.49963 -12.15975 6.007924 -8.353985 -12.27384 6.007924 -8.49963 -12.15975 6.206493 -8.353985 -12.27384 6.206493 -5.070115 -11.64413 5.075473 -2.461138 -12.47387 4.985682 -5.047497 -11.58541 5.311116 -2.438446 -12.41515 5.221326 -3.396662 -8.144867 3.936979 -3.989298 -9.557753 4.681125 -3.37397 -8.086218 4.172694 -3.966606 -9.499034 4.916768 -5.070115 -11.64413 5.075473 -5.047497 -11.58541 5.311116 -1.794491 -8.696518 3.936979 -3.396662 -8.144867 3.936979 -1.77187 -8.63787 4.172694 -3.37397 -8.086218 4.172694 -2.461138 -12.47387 4.985682 -2.065254 -10.23054 4.689363 -2.438446 -12.41515 5.221326 -2.042634 -10.17183 4.925009 -1.794491 -8.696518 3.936979 -1.77187 -8.63787 4.172694 -5.467887 -8.733734 4.91684 -6.764732 -10.68089 5.312094 -5.513196 -8.777301 4.681194 -4.71878 -7.470613 3.936979 -4.673537 -7.427045 4.172694 -5.467887 -8.733734 4.91684 -6.810042 -10.72445 5.07645 -5.513196 -8.777301 4.681194 -6.764732 -10.68089 5.312094 -4.673537 -7.427045 4.172694 -4.71878 -7.470613 3.936979 -6.2431 -6.2431 4.174648 -6.28737 -6.287365 3.939003 -7.470613 -4.718779 3.936979 -7.427047 -4.673533 4.172694 -5.070115 -11.64413 5.075473 -3.989298 -9.557753 4.681125 -2.461138 -12.47387 4.985682 -2.065254 -10.23054 4.689363 -1.794491 -8.696518 3.936979 -3.396662 -8.144867 3.936979 -6.941654 -11.47935 6.411414 -7.158027 -11.52732 6.411414 -6.941654 -11.47935 5.353638 -7.158027 -11.52732 5.353638 -5.635035 -12.17406 5.353638 -5.553835 -12.38024 5.353638 -5.635035 -12.17406 6.411414 -5.553835 -12.38024 6.411414 -5.399809 -11.73154 6.411414 -5.397159 -11.72666 5.353638 -5.635035 -12.17406 6.411414 -5.635035 -12.17406 5.353638 -6.703777 -11.03194 5.353638 -6.706431 -11.03683 6.411414 -6.941654 -11.47935 5.353638 -6.941654 -11.47935 6.411414 -5.553835 -12.38024 6.411414 -5.553835 -12.38024 5.353638 -2.375888 -13.47447 6.411414 -2.375888 -13.47447 5.353638 -1.404893 -13.49144 5.453757 -1.402799 -13.49095 6.411557 -1.19662 -13.49479 5.353638 -3.966606 -9.499034 4.916768 -4.817718 -9.112789 4.8813 -4.051507 -7.619818 4.064261 -5.467887 -8.733734 4.91684 -4.673537 -7.427045 4.172694 -6.086421 -6.086421 4.064261 -6.2431 -6.2431 4.174648 -3.37397 -8.086218 4.172694 -1.463193 -8.499834 4.064469 -3.959834 -7.447431 4.085417 -1.464659 -8.306571 4.085417 -1.77187 -8.63787 4.172694 -1.801822 -10.21874 4.91272 -1.491331 -10.22377 4.91251 -2.244833 -12.73088 5.252954 -1.505087 -11.60957 5.099771 -2.042634 -10.17183 4.925009 -2.438446 -12.41515 5.221326 -5.397159 -11.72666 5.353638 -5.635035 -12.17406 5.353638 -5.553835 -12.38024 5.353638 -2.375888 -13.47447 5.353638 -5.047497 -11.58541 5.311116 -1.39826 -12.54376 5.225655 -1.394909 -11.86329 5.133771 -1.193338 -12.64305 5.238572 -1.19662 -13.49479 5.353638 -5.561725 -11.63819 5.184599 -6.535438 -11.12047 5.184599 -6.764732 -10.68089 5.312094 -6.703777 -11.03194 5.353638 -9.146584 -9.146579 5.351681 -7.158027 -11.52732 5.353638 -6.941654 -11.47935 5.353638 -9.649711 -9.649706 5.353638 -8.973571 -8.973496 5.315792 -11.52732 -7.158025 5.353638 -11.03146 -6.703565 5.353638 -11.47936 -6.941652 5.353638 -10.68089 -6.764726 5.312094 -8.733736 -5.467881 4.91684 -9.119357 -4.821553 4.885001 -11.12013 -6.534948 5.184252 -7.619822 -4.051504 4.064261 -9.499036 -3.966604 4.916768 -7.427047 -4.673533 4.172694 -8.08622 -3.373968 4.172694 -8.499838 -1.46319 4.064469 -7.447433 -3.95983 4.085417 -8.306577 -1.464657 4.085417 -8.637875 -1.771867 4.172694 -10.21875 -1.80182 4.91272 -10.22377 -1.491328 4.91251 -12.73089 -2.244762 5.252954 -11.60957 -1.505082 5.099771 -10.1719 -2.042632 4.925009 -12.41516 -2.438441 5.221326 -11.7261 -5.396872 5.353638 -12.17407 -5.635101 5.353638 -12.38025 -5.553831 5.353638 -13.47448 -2.375884 5.353638 -11.58541 -5.047494 5.311116 -12.54377 -1.398258 5.225655 -11.8633 -1.394906 5.133771 -12.64306 -1.193334 5.238572 -13.49479 -1.196617 5.353638 -11.63764 -5.561441 5.184111 -5.94874 -5.948736 4.085417 -3.568141 -6.720532 8.45918 -3.690396 -6.952054 8.158533 -1.491401 -7.416429 8.45918 -1.494193 -7.701019 8.158533 -5.379212 -5.379208 8.45918 -5.557746 -5.55774 8.158533 -6.95094 -3.692348 8.158533 -6.720533 -3.568137 8.45918 -7.416433 -1.491399 8.45918 -7.701023 -1.494191 8.158533 -5.648024 -5.64802 8.081661 -4.157985 -6.766749 8.08215 -6.76494 -4.160354 8.08215 -3.274266 -7.235037 8.085151 -1.925404 -7.690685 8.084874 -7.690687 -1.925331 8.084874 -7.233784 -3.277755 8.085151 -3.644663 -7.383962 7.934829 -1.64382 -8.051099 7.942928 -1.502434 -8.520571 7.716919 -1.648429 -8.499625 7.702187 -1.502991 -10.22328 6.992461 -1.94691 -10.19075 6.985339 -2.176759 -11.49422 6.757725 -1.501524 -11.34977 6.796893 -1.380038 -11.61529 6.749487 -2.273391 -12.89315 6.516496 -1.399168 -13.18779 6.466154 -2.375888 -13.47447 6.411414 -5.399809 -11.73154 6.411414 -5.635035 -12.17406 6.411414 -5.553835 -12.38024 6.411414 -1.402799 -13.49095 6.411557 -2.67004 -12.59187 6.534161 -2.337557 -12.40531 6.595741 -5.109007 -11.37434 6.517753 -5.006722 -10.62028 6.718136 -4.804033 -10.55458 6.735383 -4.880623 -10.38331 6.75954 -4.318573 -9.300745 6.992531 -4.929429 -11.75172 6.455192 -5.399809 -11.73154 6.411414 -11.49423 -2.176755 6.757725 -10.22329 -1.502988 6.992461 -11.34977 -1.501522 6.796893 -11.6153 -1.380034 6.749487 -12.86215 -2.267939 6.522082 -13.18758 -1.399165 6.466154 -13.47448 -2.375884 6.411414 -11.73092 -5.399456 6.411414 -12.17407 -5.635101 6.411414 -12.38025 -5.553831 6.411414 -13.49095 -1.402796 6.411557 -10.19075 -1.946907 6.985339 -8.520576 -1.502429 7.716919 -8.49963 -1.648424 7.702187 -12.37599 -2.332385 6.601048 -11.74725 -4.927821 6.456031 -8.051032 -1.643815 7.942928 -12.56506 -2.665778 6.538978 -12.86215 -2.267939 6.522082 -10.61973 -5.007555 6.718277 -10.55367 -4.804866 6.735521 -11.37232 -5.108515 6.518171 -11.73092 -5.399456 6.411414 -10.38248 -4.881878 6.75961 -9.298794 -4.322827 6.99267 -4.471689 -9.282593 7.135104 -5.171217 -8.901372 7.136362 -4.966086 -10.2348 6.930671 -5.707579 -9.835221 6.91133 -4.294553 -7.459092 7.71587 -3.769573 -7.73942 7.71671 -4.072033 -7.156348 7.932384 -5.656468 -10.01871 6.890034 -5.149224 -10.29275 6.905045 -9.280918 -4.476151 7.135034 -10.23376 -4.967689 6.930809 -8.900259 -5.17338 7.136432 -9.835151 -5.707156 6.911401 -7.73628 -3.778925 7.7165 -7.453995 -4.300415 7.716012 -7.153353 -4.07587 7.932384 -7.381871 -3.650525 7.934829 -10.29185 -5.150549 6.905187 -10.01885 -5.655698 6.890175 -1.116046 -1.116043 2.726502 3.40507e-5 -3.40507e-5 2.450082 -0.4947834 -1.476597 2.726502 -1.956964 -1.956959 3.322629 -0.8676264 -2.589184 3.322629 3.40507e-5 -2.734133 3.322629 3.40507e-5 -1.559264 2.726502 3.40507e-5 -3.40507e-5 2.450082 -2.614465 -2.614459 4.269114 -1.648917 -3.295 4.269114 -0.6692665 -3.623295 4.269114 3.40507e-5 -3.65269 4.269114 -1.873248 -3.528201 5.660845 -2.824064 -2.82406 5.660845 -1.873248 -3.528201 6.849049 -2.824064 -2.82406 6.849049 -0.7848882 -3.834992 5.399299 -0.6213694 -3.885819 5.381705 3.40507e-5 -3.890498 5.399508 -0.7844699 -3.893083 5.660845 -0.7761614 -3.895874 6.134578 -1.377385 -3.694372 6.207609 -1.379129 -3.693814 6.849049 -3.528203 -1.873246 6.849049 -3.528203 -1.873246 5.660845 -3.295003 -1.648913 4.269114 -2.589188 -0.8676216 3.322629 -1.476599 -0.4947811 2.726502 3.40507e-5 -3.40507e-5 2.450082 -2.734135 -3.40507e-5 3.322629 -1.559267 -3.40507e-5 2.726502 3.40507e-5 -3.40507e-5 2.450082 -3.6233 -0.6692617 4.269114 -3.652694 -3.40507e-5 4.269114 -3.834994 -0.7848857 5.399299 -3.885825 -0.6213644 5.381705 -3.890501 -3.40507e-5 5.399508 -3.893085 -0.784465 5.660845 -3.895878 -0.7761566 6.134578 -3.694374 -1.37738 6.207609 -3.693817 -1.379126 6.849049 -0.7658976 -7.12542 9.937558 3.40507e-5 -7.126746 9.937558 -0.6178768 -5.918572 10.78483 3.40507e-5 -5.91969 10.78483 3.40507e-5 -5.09881 11.1148 -0.5171962 -5.097832 11.1148 -0.8369736 -7.704789 9.284667 3.40507e-5 -7.706185 9.284667 -0.7723211 -5.918295 10.7199 -0.9574157 -7.125071 9.872626 -0.6465037 -5.097624 11.04987 -0.4752335 -3.944538 11.06271 -0.3802101 -3.944751 11.12772 3.40507e-5 -5.09881 11.1148 -1.046227 -7.70444 9.219664 3.40507e-5 -3.945516 11.12772 3.40507e-5 -5.09881 11.1148 -0.8369736 -7.704789 9.054538 3.40507e-5 -7.706256 9.066896 -0.8369736 -7.704789 9.284667 3.40507e-5 -7.706185 9.284667 -1.046227 -7.70444 9.219664 -1.046227 -7.70444 9.051398 -0.459665 -2.874471 13.5132 -1.365095 -2.571101 13.5132 -0.4800516 -3.001963 13.52507 -1.42563 -2.685117 13.52507 3.40507e-5 -2.875169 13.5132 3.40507e-5 -3.002661 13.52507 -2.149181 -2.149175 13.52507 -2.057924 -2.05792 13.5132 -2.571105 -1.365093 13.5132 -2.685122 -1.425628 13.52507 -3.001965 -0.4800493 13.52507 -2.874475 -0.4596601 13.5132 -2.875173 -3.40507e-5 13.5132 -3.002663 -3.40507e-5 13.52507 -0.6104075 -3.817117 12.13481 -1.812716 -3.414184 12.13481 -0.6104075 -3.817117 11.94706 -1.812716 -3.414184 11.94706 -2.732809 -2.732805 11.94706 -2.732809 -2.732805 12.13481 3.40507e-5 -3.818025 12.13481 3.40507e-5 -3.818025 11.94706 -3.414186 -1.812711 12.13481 -3.414186 -1.812711 11.94706 -3.817119 -0.6104027 11.94706 -3.817119 -0.6104027 12.13481 -3.818027 -3.40507e-5 12.13481 -3.818027 -3.40507e-5 11.94706 -0.5512687 -3.447279 13.00156 -1.637116 -3.083444 13.00156 -0.4800516 -3.001963 13.52507 -1.42563 -2.685117 13.52507 -2.467979 -2.467975 13.00156 -2.149181 -2.149175 13.52507 3.40507e-5 -3.448116 13.00156 3.40507e-5 -3.002661 13.52507 -3.083446 -1.637114 13.00156 -3.447281 -0.5512663 13.00156 -2.685122 -1.425628 13.52507 -3.001965 -0.4800493 13.52507 -3.44812 -3.40507e-5 13.00156 -3.002663 -3.40507e-5 13.52507 -0.92767 -5.801344 10.60588 -1.112694 -6.958199 9.796451 -0.7723211 -5.918295 10.7199 -0.9574157 -7.125071 9.872626 -0.8018552 -5.014608 10.91016 -0.6465037 -5.097624 11.04987 -0.4752335 -3.944538 11.06271 -0.6307942 -3.944538 10.91016 -1.201506 -7.51355 9.161644 -1.046227 -7.70444 9.219664 -1.046227 -7.70444 9.219664 -1.201506 -7.51355 9.161644 -1.046227 -7.70444 9.051398 -1.201506 -7.51355 9.068294 -1.112694 -6.958199 9.796451 -0.92767 -5.801344 10.60588 -3.304428 -6.223758 9.796451 -2.755011 -5.189018 10.60588 -4.981584 -4.995407 9.796451 -4.153377 -4.15337 10.60588 -6.223762 -3.31825 9.796451 -5.18902 -2.768832 10.60588 -6.958203 -1.126516 9.796451 -5.801351 -0.9414922 10.60588 -3.568141 -6.720532 9.161644 -1.201506 -7.51355 9.161644 -0.8018552 -5.014608 10.91016 -2.381401 -4.485367 10.91016 -0.6307942 -3.944538 10.91016 -1.873248 -3.528201 10.91016 -3.590133 -3.590131 10.91016 -2.824064 -2.82406 10.91016 -3.528203 -1.873246 10.91016 -4.485373 -2.395224 10.91016 -3.944542 -0.6307917 10.91016 -5.014614 -0.8156748 10.91016 -7.513555 -1.215328 9.161644 -5.379212 -5.393033 9.161644 -6.720533 -3.581961 9.161644 -0.4138619 -2.588276 14.3278 -1.229155 -2.315072 14.3278 -0.459665 -2.874471 13.5132 -1.365095 -2.571101 13.5132 -2.057924 -2.05792 13.5132 -1.853 -1.852998 14.3278 -0.3806965 -2.380631 14.51108 -1.130568 -2.129346 14.51108 3.40507e-5 -3.40507e-5 14.51694 -1.704354 -1.704349 14.51108 3.40507e-5 -2.875169 13.5132 3.40507e-5 -2.588907 14.3278 3.40507e-5 -2.381191 14.51108 -2.315073 -1.229153 14.3278 -2.571105 -1.365093 13.5132 -2.874475 -0.4596601 13.5132 -2.588282 -0.4138594 14.3278 -2.129352 -1.130566 14.51108 -2.380635 -0.3806942 14.51108 -2.875173 -3.40507e-5 13.5132 -2.381192 -3.40507e-5 14.51108 -2.588909 -3.40507e-5 14.3278 -2.875173 -3.40507e-5 13.5132 -0.6307942 -3.944538 11.83367 -1.873248 -3.528201 11.83367 -0.6307942 -3.944538 10.91016 -1.873248 -3.528201 10.91016 -2.824064 -2.82406 10.91016 -2.824064 -2.82406 11.83367 -1.812716 -3.414184 11.94706 -0.6104075 -3.817117 11.94706 -2.732809 -2.732805 11.94706 3.40507e-5 -3.945516 11.83367 3.40507e-5 -3.818025 11.94706 -0.3802101 -3.944751 11.12772 3.40507e-5 -3.945516 11.12772 -0.4752335 -3.944538 11.06271 -3.528203 -1.873246 11.83367 -3.528203 -1.873246 10.91016 -3.944542 -0.6307917 10.91016 -3.944542 -0.6307917 11.83367 -3.414186 -1.812711 11.94706 -3.817119 -0.6104027 11.94706 -3.94552 -3.40507e-5 11.83367 -3.818027 -3.40507e-5 11.94706 -3.94552 -3.40507e-5 11.12772 -3.944752 -0.3802052 11.12772 -3.944542 -0.475231 11.06271 -1.873248 -3.528201 6.849049 -1.379129 -3.693814 6.849049 -2.381401 -4.485367 6.849049 -1.408663 -4.81129 6.849049 -2.824064 -2.82406 6.849049 -3.590133 -3.590131 6.849049 -4.485373 -2.381399 6.849049 -3.528203 -1.873246 6.849049 -3.693817 -1.379126 6.849049 -4.81129 -1.408661 6.849049 -3.568141 -6.720532 8.45918 -3.568141 -6.720532 9.161644 -5.379212 -5.379208 8.45918 -5.379212 -5.393033 9.161644 -6.720533 -3.581961 9.161644 -6.720533 -3.568137 8.45918 -1.506761 -7.411263 8.862533 -1.201506 -7.51355 9.161644 -1.304701 -7.478988 9.067384 -1.201506 -7.51355 9.068294 -1.491401 -7.416429 8.45918 -7.411267 -1.506758 8.862533 -7.513555 -1.215328 9.161644 -7.478994 -1.304699 9.067384 -7.513555 -1.201503 9.068294 -7.416433 -1.491399 8.45918 0.4132297 0.2192039 28.56384 0.4132297 0.09652882 25.22998 0.5001562 0.2552294 28.56384 0.5869441 0.1685144 25.22998 0.5361843 0.3421559 28.56384 0.6588591 0.3421559 25.22998</float_array>
          <technique_common>
            <accessor source="#StarBase_0_2608-mesh-positions-array" count="6178" stride="3">
              <param name="X" type="float"/>
              <param name="Y" type="float"/>
              <param name="Z" type="float"/>
            </accessor>
          </technique_common>
        </source>
        <source id="StarBase_0_2608-mesh-normals">
          <float_array id="StarBase_0_2608-mesh-normals-array" count="18792">-0.9999924 -0.003916501 -3.33763e-4 -0.9999923 0.003918886 -3.36021e-4 -0.7071056 -0.707108 -8.74698e-6 -0.7071073 -0.7071062 -7.36862e-6 0.003909289 -0.9999924 1.33887e-5 -0.00390011 -0.9999925 -2.54987e-5 0.003906369 0.9999924 -3.37938e-4 -0.003923773 0.9999923 -3.34967e-4 -0.7071068 0.7071067 -2.0124e-5 -0.7071058 0.7071078 -7.31274e-6 -0.9999924 -0.003913104 -3.58567e-4 -0.9999923 0.003924012 -3.40011e-4 0.7071066 0.707107 8.67993e-7 0.7071065 0.7071071 -1.50986e-5 0.003935694 0.9999923 -3.20774e-4 -0.003929018 0.9999923 -3.64372e-4 0.9999923 -0.003923892 -2.08132e-5 0.9999924 -0.003902852 -3.89526e-6 0.003945112 -0.9999923 7.97003e-6 0.00392276 -0.9999923 2.441e-5 0.7071068 -0.7071067 2.03382e-5 0.7071074 -0.7071063 -5.77979e-6 0.9999924 0.003906369 2.82973e-5 0.9999924 0.003904461 -2.52153e-5 -0.9999923 0.003928959 -3.66884e-4 -0.9999923 -0.003943085 -3.3053e-4 -0.7071089 -0.7071048 2.37878e-5 -0.7071065 -0.7071071 -9.08598e-6 0.003933131 -0.9999923 -1.79596e-5 0.003900587 -0.9999925 -1.05025e-5 0.003905713 0.9999924 -3.26502e-4 0.003907978 0.9999924 -3.56946e-4 -0.7071064 0.7071073 4.27477e-6 -0.7071077 0.7071059 -1.56295e-5 -0.9999922 0.00393337 -3.28023e-4 -0.9999923 -0.003932833 -3.6203e-4 0.7071083 0.7071053 1.45976e-5 0.7071056 0.7071081 -2.13254e-5 0.003907859 0.9999924 -3.30666e-4 0.003902256 0.9999924 -3.29833e-4 0.9999923 0.003918886 -9.60939e-6 0.9999924 0.003908693 5.07524e-6 0.003911435 -0.9999924 2.32758e-5 -0.003917872 -0.9999923 1.61845e-5 0.7071076 -0.7071059 -3.7197e-6 0.7071062 -0.7071074 2.58163e-5 0.9999923 -0.003917932 -5.71646e-6 0.9999924 0.00392723 4.80399e-6 -0.9999924 0.0039137 -3.42499e-4 -0.9999923 0.003907024 -3.26589e-4 -0.7071073 -0.7071064 5.40167e-6 -0.7071068 -0.7071068 2.05468e-5 0.003918826 -0.9999924 -1.11666e-5 -0.00389862 -0.9999925 1.78255e-6 -0.003924489 0.9999923 -3.56347e-4 -0.003912508 0.9999924 -3.45249e-4 -0.7071077 0.7071059 3.94881e-6 -0.707105 0.7071086 1.83992e-5 -0.9999922 0.003939032 -3.27632e-4 -0.9999923 0.003917217 -3.25692e-4 0.7071077 0.7071059 -5.72763e-6 0.7071069 0.7071067 2.39611e-5 -0.003941655 0.9999923 -3.33851e-4 -0.003900885 0.9999924 -3.33325e-4 0.9999923 0.003942906 -3.81842e-7 0.9999923 -0.003933966 6.7607e-6 -0.00393182 0.003932297 0.9999846 0.003932058 0.003932058 0.9999846 -0.003944575 0.003932237 0.9999845 -0.003944814 0.003931939 0.9999845 0.003932178 0.003931939 0.9999846 0.003932118 0.003931999 0.9999846 -0.003932178 0.003931939 0.9999846 -0.004008293 0.003931879 0.9999843 -0.003927528 0.9607772 0.2772939 0.6784349 0.6784291 0.2818868 0.003902256 0.9999924 -3.18755e-4 0.707106 0.7071077 2.50088e-5 0.9607776 -0.003922462 0.2772926 0.9999924 -0.003921091 -6.98492e-7 0.6784324 -0.6784282 0.281895 0.7071071 -0.7071065 2.15219e-5 -0.003913462 -0.960781 0.2772806 -0.003916621 -0.9999924 1.26306e-5 -0.6784269 -0.6784217 0.2819238 -0.7071066 -0.707107 2.14418e-5 -0.9607709 0.003928959 0.2773154 -0.9999923 -0.00392276 -3.46721e-4 -0.6784275 0.6784253 0.2819138 -0.7071066 0.707107 2.35233e-5 -0.003920733 0.9607784 0.2772897 0.003912389 0.9999923 -3.48725e-4 -0.003934264 0.8509728 0.525195 -0.5999172 0.5999549 0.5292955 -0.8509563 0.003925144 0.525222 -0.8509718 0.00392425 0.5251969 -0.5999157 -0.5999398 0.5293143 -0.003878653 -0.8509705 0.5251993 -0.003902375 -0.850971 0.5251984 0.5999413 -0.5998889 0.5293429 0.8509731 0.003928542 0.5251946 0.8509795 0.003902256 0.5251845 0.5999448 0.5999134 0.5293111 -0.00392276 0.8509681 0.5252027 -0.003932058 -0.003932058 0.9999846 -0.003911435 -0.003932178 0.9999846 -0.003942131 -0.003932237 0.9999845 -0.003942191 0.003932178 0.9999845 -0.003911375 0.003932237 0.9999847 0.004054844 0.003932058 0.9999842 -0.003932058 0.003932058 0.9999846 -0.003993391 0.003932118 0.9999844 0.003923594 0.9686167 0.2485284 0.686323 0.6862226 0.2409549 0.003921031 0.9999923 -3.31015e-4 0.7071068 0.7071068 1.88197e-5 0.9686184 0.0039227 0.2485221 0.9999924 -0.00390309 2.10432e-5 0.6862624 -0.6862943 0.2409237 0.7071067 -0.7071069 1.69561e-5 0.003923475 -0.9686178 0.2485243 0.003912568 -0.9999924 9.97819e-6 -0.68628 -0.6862546 0.2409866 -0.7071068 -0.7071068 1.71685e-5 -0.9686283 -0.00390309 0.2484837 -0.9999923 -0.003926038 -3.49687e-4 -0.6862701 0.6862563 0.2410097 -0.7071066 0.707107 1.76262e-5 0.003907263 0.9686179 0.2485238 0.003900349 0.9999924 -3.6499e-4 0.003908514 0.8745037 0.4850033 -0.6156802 0.6156857 0.4918019 -0.8744962 0.003898203 0.4850168 -0.8745061 0.003909289 0.484999 -0.6156872 -0.6156781 0.4918026 0.003866672 -0.874509 0.4849941 0.003916144 -0.8745033 0.485004 0.6156826 -0.6156915 0.4917917 0.8744915 0.003898143 0.4850254 0.8745101 0.003917217 0.4849917 0.6156774 0.6156828 0.4918091 0.00392282 0.8745054 0.4850001 -0.003931999 -0.003932118 0.9999846 -0.003940761 -0.003923356 0.9999846 -0.003904759 -0.003902494 0.9999848 -0.00390464 0.003902614 0.9999849 -0.003940939 0.003923118 0.9999846 0.003810465 0.003917336 0.9999852 -0.003932058 0.003932118 0.9999846 -0.003936946 0.003924787 0.9999846 -0.00391215 0.9686186 0.2485213 0.6862729 0.6862721 0.2409571 -0.003921866 0.9999923 -3.66931e-4 0.707107 0.7071067 3.42098e-5 0.9686214 0.003918111 0.24851 0.9999924 -0.003921747 -7.91159e-7 0.6862728 -0.6862725 0.2409561 0.7071071 -0.7071066 3.07877e-5 -0.003920853 -0.968618 0.2485231 0.003907024 -0.9999924 2.02889e-5 -0.6862712 -0.6862658 0.2409792 -0.7071074 -0.7071063 3.42871e-5 -0.9686221 0.003920197 0.2485072 -0.9999923 0.003921866 -3.44234e-4 -0.6862711 0.6862729 0.2409593 -0.7071066 0.7071071 3.35416e-5 -0.003922164 0.9686179 0.2485238 -0.003940463 0.9999922 -3.68448e-4 -0.003928244 0.8745022 0.4850057 -0.6235274 0.6235188 0.4716334 -0.874506 0.003927767 0.484999 -0.874509 0.00393027 0.4849935 -0.6235162 -0.6235243 0.471641 -0.003900229 -0.8745026 0.4850052 -0.003918886 -0.8745083 0.484995 0.6235177 -0.6235203 0.4716441 0.8745092 0.003926217 0.4849929 0.8744993 0.003945767 0.4850109 0.6235125 0.6235189 0.4716528 -0.003959417 0.8744937 0.4850208 0.7176608 -0.1293953 0.6842659 0.7176604 -0.1294007 0.6842653 0.7176393 -0.1294125 0.6842854 0.7176386 -0.1294174 0.6842851 0.2705857 0.6862644 0.6751478 0.2705836 0.6862609 0.6751521 0.2705853 0.6862498 0.6751629 0.2705709 0.6862266 0.6751922 0.6862875 0.2705879 0.6751236 0.6862881 0.270585 0.675124 0.6862663 0.2705807 0.6751478 0.6862623 0.2705717 0.6751555 -0.1294186 0.7176352 0.6842885 -0.1294082 0.7176536 0.684271 -0.1294089 0.717651 0.6842737 -0.1294102 0.7176527 0.6842717 0.7725413 0.43528 0.4622894 0.7725376 0.4274414 0.4695526 0.7725445 0.4352829 0.4622812 0.78039 0.4274422 0.4563822 -0.2156833 0.7254921 0.6535609 -0.2156763 0.7176634 0.6621504 -0.04315239 0.3882452 0.9205453 -0.2392131 0.7019493 0.6708534 -0.1843177 0.7411625 0.6455271 -0.04312324 0.3882493 0.9205449 0.09805619 0.1294065 0.9867315 0.08231306 0.1686109 0.9822397 0.137301 0.06666225 0.9882837 0.4352893 0.7725551 0.4622575 0.4274396 0.7725353 0.4695578 0.4353042 0.7725356 0.4622761 0.4274578 0.7725471 0.4695219 0.1294002 -0.3098213 0.9419482 0.1294167 -0.3097956 0.9419544 0.1294035 -0.3098165 0.9419493 0.1294129 -0.3097987 0.9419539 -0.08234995 -0.02745062 0.9962254 -0.08236664 -0.02745062 0.9962241 -0.08234417 -0.02745747 0.9962257 -0.08231186 -0.02748471 0.9962276 -0.05883842 0.3960619 0.9163368 -0.05883562 0.3960586 0.9163385 -0.05883508 0.3960526 0.916341 -0.05877023 0.3959795 0.9163768 -0.01955819 0.5607455 0.8277572 -0.01957803 0.5607803 0.8277333 0.01173132 0.5686295 0.8225101 0.01176011 0.5686276 0.822511 0.05100643 0.5842855 0.8099437 0.0509746 0.5843117 0.8099269 0.1921223 0.6235127 0.7578396 0.184321 0.6235107 0.7597765 0.2235183 0.6313646 0.7425755 0.2235441 0.6313719 0.7425616 0.3882199 0.5607773 0.73131 0.396079 0.5607852 0.7270773 0.3960802 0.5529299 0.7330682 0.3960779 0.5529358 0.733065 0.662737 0.2627443 0.7012454 0.6627385 0.2627357 0.7012473 0.6705818 0.2705868 0.6907264 0.6705899 0.2705941 0.6907157 0.6235293 -0.2157062 0.7514533 0.6156773 -0.2156946 0.7579032 0.6157007 -0.2156357 0.757901 0.6078596 -0.2156723 0.7641939 0.3254874 -0.4352665 0.8394052 0.3254659 -0.4274805 0.8434053 0.4273677 -0.3960257 0.8127243 0.4274363 -0.3960434 0.8126794 0.2313743 -0.4431266 0.8660859 0.231368 -0.4509531 0.8620383 0.2313921 -0.4509315 0.8620432 0.231414 -0.4509126 0.8620473 0.4353206 -0.3882303 0.8122643 0.4352805 -0.3882544 0.8122742 -0.2156838 0.6313639 0.7448893 -0.2235379 0.6391956 0.7358396 -0.2235204 0.6392183 0.7358251 -0.2392174 0.6392198 0.7308715 0.2784249 0.6862551 0.6719624 0.2784281 0.6862677 0.6719483 0.2784261 0.6784266 0.679865 0.2784008 0.6784583 0.6798436 0.5764732 0.3960666 0.7147096 0.5765104 0.3960959 0.7146635 0.5764754 0.3960816 0.7146996 0.584301 0.4039187 0.7038764 0.6392088 0.168625 0.7503184 0.6392504 0.1764724 0.748476 0.6548676 0.2156921 0.7243103 0.6548933 0.2156856 0.724289 0.6000068 0.03530496 0.7992155 0.6078248 0.03530955 0.7932858 0.5842648 -0.02750879 0.8110968 0.58431 -0.02744919 0.8110663 0.5921376 -0.003938019 0.8058273 0.5921386 -0.003932416 0.8058266 0.4039344 -0.09021097 0.9103292 0.4039058 -0.09018629 0.9103442 0.4038999 -0.09018182 0.9103473 0.4039339 -0.09021162 0.9103292 -0.04313498 -0.1215671 0.9916455 -0.04315561 -0.1215848 0.9916425 -0.04310733 -0.121537 0.9916504 -0.04312545 -0.1215566 0.9916472 -0.3333501 0.1059072 0.936836 -0.3333334 0.1058841 0.9368444 -0.3333505 0.1058931 0.9368373 -0.3333615 0.1058884 0.936834 -0.4196094 0.4196383 0.8048798 -0.4196149 0.4196214 0.8048859 -0.458813 0.3254771 0.8267741 -0.4588251 0.3254571 0.8267752 -0.4195753 0.4352678 0.7965541 -0.4117437 0.4353006 0.8006126 -0.4745054 0.2313741 0.8493001 -0.474506 0.2313788 0.8492985 -0.4745017 0.2313623 0.8493055 -0.4744982 0.23136 0.849308 0.6156593 -0.1764929 0.7679935 0.623534 -0.1764619 0.7616209 0.66273 -0.1529471 0.7330731 0.6705882 -0.1607813 0.7241967 0.5137104 -0.2627382 0.8167437 0.5136942 -0.2626728 0.816775 0.4509822 -0.3254914 0.8310658 0.4588236 -0.3333327 0.8236323 0.2941252 -0.2862856 0.9118832 0.2941145 -0.2784305 0.9143157 0.2862708 -0.2784281 0.9168025 0.286283 -0.2784264 0.9167992 -0.0509935 -0.04313606 0.997767 -0.04313129 -0.0431385 0.9981377 -0.04313522 -0.05882072 0.9973362 -0.04313319 -0.05881774 0.9973365 -0.08234274 -0.06666946 0.9943717 -0.09021055 -0.06667721 0.9936882 -0.247058 0.3019613 0.9207507 -0.2470582 0.3019384 0.9207581 -0.2470648 0.2941488 0.9232743 -0.2470831 0.2941192 0.9232789 -0.2549242 0.5137372 0.8191995 -0.2626997 0.5137408 0.8167371 -0.3332841 0.4509922 0.8279661 -0.3333384 0.4509853 0.827948 -0.1765012 0.6156487 0.7680001 -0.1764914 0.6078711 0.774173 -0.1450958 0.6470571 0.7485081 -0.1450949 0.6470748 0.748493 0.01961106 0.6862593 0.7270926 0.01960736 0.6862886 0.727065 0.01960837 0.6862754 0.7270776 0.01960784 0.6941197 0.7195925 0.5215698 0.521569 0.6752266 0.5215744 0.5215741 0.675219 0.5921591 0.4431185 0.6730481 0.5921554 0.4431282 0.6730449 0.4509786 0.5921523 0.6678129 0.4509708 0.5921491 0.667821 0.6940975 0.01960873 0.719614 0.6862838 0.01960712 0.7270696 0.6862798 0.01960706 0.7270733 0.6863049 0.01960051 0.7270498 0.2000023 0.07450628 0.9769585 0.1686406 0.07449966 0.9828581 0.2157928 0.09810799 0.971498 0.1607834 0.08235317 0.9835481 0.1607828 0.0745092 0.9841734 0.2313801 0.1215836 0.9652361 0.2548738 0.09799551 0.961996 0.2784084 0.09802734 0.9554472 0.4117749 0.1451031 0.8996592 0.4275686 0.145062 0.892268 0.4666734 0.1607871 0.8696915 0.4744581 0.1608515 0.8654573 0.4744928 0.1608049 0.865447 0.4666683 0.1529421 0.8711081 -0.003932118 0.003931999 0.9999846 -0.003848135 -0.003848314 0.9999853 -0.003930747 -0.003931879 0.9999846 0.08235168 0.06666606 0.9943711 0.06664913 0.06664729 0.9955482 0.0588026 0.07448798 0.9954867 -0.003932535 -0.003932118 0.9999846 -0.003936409 0.003931343 0.9999846 0.1529456 0.1607781 0.9750683 0.1764615 0.1294223 0.9757619 0.1372373 0.176463 0.9746932 0.1529172 0.176492 0.9723513 0.121554 0.2235409 0.9670854 0.2235139 0.1215804 0.9670882 0.1764761 0.1529383 0.9723508 0.05883496 0.07449895 0.9954841 0.176455 0.1529446 0.9723537 0.1372588 0.1764709 0.9746888 0.1293998 0.1764761 0.9757623 0.129435 0.1607924 0.9784643 0.129435 0.1607924 0.9784643 0.1764839 0.1529412 0.972349 0.1607861 0.1294404 0.9784647 0.1529395 0.1764498 0.9723554 0.160786 0.1294404 0.9784646 0.09805399 0.2235092 0.9697573 0.090191 0.2078397 0.973996 0.07451653 0.1999815 0.976962 0.08230143 0.1686063 0.9822416 0.09020024 0.1529107 0.984115 0.09022808 0.1372646 0.9864164 0.09798198 0.2548667 0.9619992 0.09800118 0.2783563 0.9554652 0.1450738 0.4117342 0.8996825 0.1449401 0.4274196 0.8923593 0.1607867 0.4666666 0.8696954 0.1529489 0.458871 0.8752395 0.1607888 0.474495 0.8654487 0.1607793 0.4745151 0.8654394 0.1294227 0.1764683 0.9757606 0.1215814 0.1686108 0.9781556 0.1452092 0.1451406 0.9786974 0.1450532 0.1450315 0.9787367 0.1764568 0.1294271 0.9757621 0.168592 0.1215997 0.9781566 0.200016 0.2000145 0.95916 0.1842905 0.2392148 0.953317 0.3176456 0.3176454 0.893422 0.2784247 0.3568609 0.8917006 0.2392143 0.1843065 0.9533141 0.3646975 0.2784423 0.8885189 0.364728 0.3647324 0.8567053 0.3019623 0.3960774 0.8671456 0.3019256 0.3960529 0.8671696 0.4039181 0.3097903 0.8607439 0.3960541 0.3020032 0.8671421 0.4431397 0.5450747 0.7117028 0.4352908 0.5529378 0.7104799 0.2862823 0.756872 0.5875265 0.2862793 0.7568692 0.5875316 0.7019492 0.0588417 0.7097922 0.6941313 0.066675 0.716754 0.7882243 -0.1764538 0.5895476 0.7882262 -0.1764808 0.5895373 0.7254882 -0.5607789 -0.3989912 0.733327 -0.5764663 -0.3604416 0.7254914 -0.6862635 -0.05200612 0.7254872 -0.6862667 -0.05202215 0.4588124 -0.1058754 -0.8822028 0.4823585 -0.1450948 -0.8638738 0.1686126 0.4430809 -0.8804824 0.1529184 0.4823903 -0.8625054 -0.07450526 0.9294095 -0.3614515 -0.05882686 0.9215554 -0.3837644 -0.1607779 0.9843083 -0.07271677 -0.1607849 0.9843071 -0.07271856 0.06666684 0.6941123 0.7167732 0.05880361 0.7019505 0.7097941 -0.1764593 0.7882351 0.5895316 -0.176469 0.7882187 0.5895507 0.5529253 0.4352805 0.710496 0.5450932 0.4431318 0.7116935 0.7568708 0.286314 0.5875123 0.7568587 0.2862667 0.5875513 -0.6862689 0.7254841 -0.05203616 -0.6862697 0.7254827 -0.05204588 -0.5607753 0.7254822 -0.3990071 -0.5764471 0.7333357 -0.3604547 -0.1450683 0.4823816 -0.8638653 -0.105919 0.4588851 -0.8821597 0.4822877 0.1530612 -0.8625376 0.4430609 0.1686193 -0.8804911 0.92157 -0.05881875 -0.3837305 0.9294068 -0.07450878 -0.3614574 0.9843059 -0.1607853 -0.07273191 0.984307 -0.1607782 -0.07273441 0.8823466 0.4666594 -0.06077367 0.8823459 0.4666614 -0.0607683 0.8823527 0.4666505 -0.06075417 0.882351 0.4666538 -0.06075406 0.8823455 0.4666637 -0.06075769 0.8823468 0.466664 -0.06073665 0.8823463 0.466664 -0.06074553 0.8823466 0.4666643 -0.060736 0.8823509 0.4666548 -0.06074643 0.8823489 0.4666556 -0.06077086 0.8823476 0.4666595 -0.06075912 0.8823456 0.466663 -0.06076061 0.8823466 0.4666629 -0.06074708 0.8823466 0.4666643 -0.06073772 0.8823425 0.4666727 -0.06073248 0.8823427 0.4666669 -0.06077271 0.4666658 0.8823448 -0.06075155 0.4666624 0.8823466 -0.0607509 0.4666644 0.8823465 -0.06073558 0.466664 0.8823473 -0.06072878 0.466661 0.8823465 -0.06076389 0.4666623 0.8823462 -0.06075781 0.4666614 0.8823447 -0.06078767 0.4666588 0.8823474 -0.06076681 0.466657 0.8823484 -0.06076669 0.4666589 0.8823466 -0.06077718 0.466664 0.8823451 -0.06076103 0.4666644 0.8823455 -0.06075274 0.4666599 0.8823464 -0.06077516 0.4666596 0.8823463 -0.06077796 0.4666627 0.8823458 -0.06076186 0.4666634 0.8823453 -0.06076371 -0.2470559 0.6313658 0.7350786 -0.2470561 0.6313657 0.7350787 -0.2470561 0.6313657 0.7350787 0.396079 -0.5451065 0.7389049 0.3960789 -0.5451065 0.7389049 0.3960791 -0.5451065 0.7389049 -0.5451415 0.3960978 0.7388689 -0.5451414 0.396098 0.7388689 -0.5451415 0.3960978 0.7388689 0.4666622 0.8823457 -0.06076681 0.4666603 0.8823475 -0.06075555 0.4666626 0.8823467 -0.06074869 0.466666 0.8823449 -0.06074994 0.4736402 0.8807185 -5.48712e-6 0.46666 0.882349 -0.06073427 0.4666646 0.8823462 -0.06074005 0.466664 0.8823456 -0.06075298 0.6313714 -0.2392095 0.7376645 0.6313714 -0.2392094 0.7376646 0.6313716 -0.2392097 0.7376643 0.4666625 -0.4980393 -0.7308783 0.4666625 -0.4980394 -0.7308782 0.4666623 -0.4980393 -0.7308784 0.8823257 0.466702 -0.06075114 0.8823396 0.4666728 -0.0607742 0.8823473 0.4666606 -0.06075561 0.882338 0.4666786 -0.06075173 0.8823397 0.4666773 -0.06073796 0.8823483 0.4666612 -0.06073665 0.8823481 0.466659 -0.06075477 0.8823446 0.4666641 -0.06076806 -0.1999762 0.639212 -0.7425749 -0.1999762 0.6392119 -0.7425751 -0.1999762 0.639212 -0.742575 0.6392129 -0.199985 -0.7425718 0.6392127 -0.199985 -0.742572 0.6392129 -0.199985 -0.7425718 -0.4980304 0.4666718 -0.7308784 -0.4980303 0.4666717 -0.7308786 -0.4980304 0.4666718 -0.7308783 0.1137196 0.09019249 0.9894106 0.09802341 0.07451063 0.9923909 0.08235478 0.0745002 0.9938146 0.09024614 0.05876368 0.9941844 0.09018653 0.05097723 0.9946194 0.05885833 0.09018069 0.9941847 0.2784343 -0.2000147 0.9393979 0.1529651 0.03526329 0.9876022 0.2784158 -0.1999883 0.939409 0.4431067 -0.5843271 0.6798666 0.4744452 -0.5686545 0.6719626 0.47447 -0.5686377 0.6719595 0.4980387 -0.5607761 0.6614285 0.08234983 0.0979858 0.9917749 0.0745114 0.082354 0.9938138 0.05883008 0.09019744 0.9941849 0.05888473 0.0902087 0.9941806 0.05880886 0.1058727 0.9926393 0.05098098 0.1058802 0.9930712 -0.1999995 0.2784201 0.9394053 0.0353102 0.1529282 0.9876064 -0.568629 0.4745988 0.6718759 -0.5686957 0.4744892 0.6718968 -0.1999958 0.2784426 0.9393995 -0.5843164 0.4509837 0.6746763 -0.5529359 0.5058808 0.6620774 0.08236265 0.09802311 0.9917701 0.3882288 -0.04311835 0.9205538 0.1294032 0.1058521 0.9859261 0.1686309 0.08235412 0.9822329 0.3882655 -0.04312199 0.9205382 0.7019504 -0.2391995 0.6708571 0.717633 -0.2156844 0.6621806 0.7176613 -0.2156857 0.6621495 0.741171 -0.1843113 0.6455191 0.003919124 0.4352861 -0.9002838 -0.01958483 0.4509764 -0.892321 -0.01177698 0.4509722 -0.8924604 -0.03531289 0.4666666 -0.8837282 -0.05880188 0.003910779 -0.9982621 0.1372039 0.003895223 -0.9905351 -0.05883359 0.003910601 -0.9982602 0.1372051 0.00389558 -0.9905351 -0.2392113 0.003925085 -0.9709597 -0.2470637 0.003905355 -0.9689915 -0.02744191 0.9996234 1.18986e-5 -0.003921806 0.9999923 -3.53724e-4 -0.003924965 0.9999923 -3.21474e-4 -0.003920018 0.9999923 -3.52819e-4 -0.04309576 0.9990711 4.26359e-6 -0.00392127 0.9999923 -3.59104e-4 0.1915938 0.9814743 -2.51122e-5 0.199999 0.9764633 0.08074516 0.1529416 0.9843047 0.08805227 0.1686263 0.9843061 0.05202686 -0.003930628 0.9999923 -3.19007e-4 -0.003919363 0.9999923 -3.51218e-4 -0.01176422 0.9999309 -8.73115e-6 0.003921031 0.9999923 -3.39726e-4 -0.003920555 0.9999923 -3.27115e-4 -0.003919422 0.9999923 -3.48736e-4 -0.01960426 0.9998078 -1.97347e-6 -0.01960182 0.9998079 -1.79149e-5 -0.0274409 0.9996235 -6.81263e-6 -0.01174187 0.9999312 -1.10212e-5 -0.01176261 0.9999309 -1.02641e-5 -0.02744257 0.9996235 -1.73359e-5 0.8823512 0.4352853 0.1788386 0.9529349 0.2862685 -0.09982728 0.8823541 0.4431237 0.158407 0.9529627 0.2783669 -0.1198918 0.929406 0.003921091 -0.3690382 0.9293993 0.003930211 -0.3690549 -0.9843067 -0.00393182 -0.1764227 -0.9843064 -0.003933489 -0.1764243 -0.9843065 -0.003926813 -0.1764238 -0.9843068 -0.003940522 -0.1764218 -0.9843075 0.003926217 -0.1764186 -0.9843039 0.003917515 -0.1764384 0.03529399 0.003921449 -0.9993693 0.03529405 0.003921449 -0.9993693 0.03529435 0.003921508 -0.9993693 0.03529423 0.003921508 -0.9993693 -0.3176408 0.00393033 -0.948203 -0.3254783 0.003909111 -0.9455415 -0.3176417 0.003917813 -0.9482027 -0.325459 0.003869891 -0.9455483 -0.3489693 0.9371342 -1.30809e-5 -0.4509761 0.8745018 0.1785141 -0.348972 0.9371331 -1.12269e-5 -0.4352915 0.8666594 0.2437686 -0.5215529 0.41175 0.7472915 -0.4980337 0.3803902 0.7792727 -0.4823623 0.003911375 0.8759631 -0.4823613 0.00390917 0.8759637 -0.3411696 0.9372512 -0.07185661 -0.3489693 0.9371343 -2.25268e-5 -0.3489743 0.9371324 -3.22273e-6 0.5450963 -0.03530281 0.8376299 0.5293242 0.2941398 0.7958002 0.5294342 -0.02742958 0.8479076 0.5059952 0.3019336 0.8079635 0.5058723 0.7803819 0.367556 0.4980139 0.7725376 0.3939137 0.4352933 0.8980315 0.06371217 0.4274489 0.8980351 0.1040221 0.1137034 -0.5215738 0.8455959 0.1137106 -0.5137214 0.8503884 0.113726 -0.5215635 0.8455991 0.113717 -0.5137239 0.850386 0.568644 0.003895819 0.8225745 0.568642 -0.003895878 0.8225759 0.5686414 0.003895938 0.8225764 0.5686398 0.00389558 0.8225775 0.4353017 0.003938496 -0.9002761 0.4352774 0.003897249 -0.9002881 0.4352833 0.003894984 -0.9002852 0.4352767 0.003897547 -0.9002884 -0.8901891 0.003928005 0.4555745 -0.8901883 0.003880143 0.4555763 -0.8901891 0.003928005 0.4555743 -0.8901891 0.003928065 0.4555744 0.08235847 0.003930628 -0.996595 0.08235841 0.003930628 -0.9965951 0.08235841 0.003930628 -0.9965951 0.08235836 0.003930687 -0.9965951 0.9999924 0.003902435 -9.96957e-6 0.9999924 -0.003902494 -1.00611e-5 0.9999924 -0.003902554 -1.01607e-5 0.9999924 -0.003902375 -9.8648e-6 -0.003922939 0.9999923 -3.65669e-4 -0.003922939 0.9999923 -3.65729e-4 -0.003924012 0.9999923 -3.66352e-4 -0.003923952 0.9999923 -3.66418e-4 -0.9999924 0.003890872 -3.2794e-4 -0.9999923 0.003932714 -3.51411e-4 -0.9999924 0.003890633 -3.28361e-4 -0.9999924 0.003890812 -3.28043e-4 -0.003917038 -0.9999924 -2.17892e-5 -0.003918588 -0.9999924 -2.19268e-5 0.003920495 -0.9999924 -2.14499e-5 0.003920555 -0.9999924 -2.14055e-5 -0.003931999 0.003932178 0.9999846 -0.003932178 0.003931999 0.9999846 -0.003932356 0.00393176 0.9999846 -0.01176297 0.9999309 1.5948e-5 -0.01960253 0.9998079 7.42823e-6 -0.01960116 0.999808 1.46292e-5 -0.01960432 0.9998078 3.30666e-6 -0.003923773 0.9999923 -3.31691e-4 0.003923654 0.9999923 -3.27814e-4 -0.01960051 0.9998079 1.57984e-5 -0.01958566 0.9998083 3.73349e-5 -0.01960474 0.9998078 4.57838e-6 -0.6470319 -0.04312384 -0.7612425 -0.6392042 -0.03529053 -0.7682269 -0.4431355 0.01176106 -0.8963775 -0.4431698 0.01958435 -0.8962237 -0.5843075 -0.02745145 -0.8110679 -0.7176374 -0.02745544 -0.6958757 -0.7333249 0.003935158 -0.679867 -0.4509778 0.003916323 -0.8925267 -0.1137271 0.003877758 -0.9935045 -0.1137281 0.003877758 -0.9935044 -0.2940633 0.01962363 -0.9555845 -0.2940887 0.01959866 -0.9555772 -0.4666611 0.003934442 -0.8844275 -0.4666691 0.003897488 -0.8844235 -0.5999919 0.00392878 -0.7999966 -0.6000034 0.003903746 -0.7999879 -0.5999966 0.003944754 -0.7999929 -0.5999952 0.003921508 -0.799994 -0.317656 -0.003935158 -0.9481979 -0.3176378 0.003922641 -0.9482041 -0.333332 0.003935039 -0.9428014 -0.9215524 0.3882539 -3.99568e-4 -0.9137157 0.4039264 -0.04435151 -0.9187386 0.3948662 -9.83675e-6 -0.9137172 0.4039229 -0.04435312 -0.003906607 0.623528 0.7817913 -0.00393337 0.6235212 0.7817965 -0.003894507 0.6235307 0.7817893 -0.003922998 0.6235239 0.7817945 0.9999926 -0.003882944 0 0.9999925 0.003882944 2.09315e-7 0.9999925 -0.003882944 0 0.9999925 0.003882944 3.07416e-7 -0.003932058 0.003932058 -0.9999846 -0.003931999 0.00393182 -0.9999846 -0.003931879 0.003932237 -0.9999846 -0.003931939 0.00393182 -0.9999846 0.03529965 0.4588494 0.8878127 0.05099707 0.4117376 0.9098745 0.019602 0.9450859 0.3262338 0.01959878 0.9372923 0.3479931 0.04313594 0.003921091 0.9990616 0.05099475 0.4431272 0.8950073 0.01960039 0.9529379 0.3025313 0.05097043 0.00390768 0.9986925 0.05882501 0.003916144 0.9982606 0.04311853 0.01176619 0.9990007 0.04311615 -0.01963722 0.9988771 0.003934025 0.9999923 -3.50146e-4 0.003865778 0.9999925 -3.31632e-4 -0.003921687 0.9999923 -3.43264e-4 -0.003919184 0.9999923 -3.50287e-4 -0.003919601 0.9999923 -3.31661e-4 0.04313552 0.003917872 0.9990617 0.05097711 0.003917336 0.9986922 0.9999924 -0.003915071 3.7197e-6 0.9999923 -0.003920853 2.72319e-6 0.9999924 0.003921687 2.57231e-6 0.9999923 0.00392276 2.38605e-6 0.01176375 0.9843069 0.1760732 0.00392878 0.9843094 0.1764079 0.01176655 0.9843053 0.1760814 0.003908812 0.9843007 0.1764563 0.04314351 -0.003893315 0.9990614 0.04314368 -0.003897845 0.9990614 0.04306137 0.3960842 0.9172039 0.02747595 0.505905 0.8621515 0.04314464 0.003904759 0.9990612 0.04313492 0.00392729 0.9990615 0.003918468 0.9686261 0.248492 0.01960128 0.9215548 0.3877533 -0.003886818 0.9999924 -3.42909e-4 -0.003898501 0.9999924 -3.43033e-4 -0.003889083 0.9999924 -3.41397e-4 -0.003905177 0.9999924 -3.43408e-4 -0.003893017 0.9999924 -3.44219e-4 -0.003882288 0.9999925 -3.44711e-4 -0.003913462 0.9999924 -3.44864e-4 0.04313564 0.003927648 0.9990616 0.04313474 0.003927648 0.9990615 -0.003917157 0.9999924 -3.44864e-4 -0.003885805 0.9999925 -3.41575e-4 -0.003900945 0.9999924 -3.43106e-4 -0.003913998 0.9999924 -3.44259e-4 0.05881291 0.003903388 0.9982615 0.05881303 0.003903329 0.9982614 0.05881303 0.003903269 0.9982615 0.05881267 0.003903388 0.9982615 0.05883955 0.00388807 -0.9982599 0.05883932 0.003887951 -0.99826 0.05881822 0.003931045 -0.998261 0.05881828 0.003931045 -0.998261 0.9999924 0.003930926 0 0.9999925 0.003881454 -1.50409e-7 0.9999925 0.002639889 -0.002847492 0.9999925 0.002131164 0.00324434 0.9999924 0.003467857 0.001848876 0.9999925 0.003883957 3.53107e-7 0.9999925 0.003883898 0 0.9999926 0 0.003882944 0.9999925 0.00132811 0.003648757 0.9999925 0.003882944 0 0.9999926 0.003882944 2.20607e-7 0.05881124 -0.01174443 0.9982001 0.05102008 0.003962635 0.9986898 0.05097484 0.4745219 0.8787666 0.05096167 0.003937244 0.9986929 0.05882871 0.003898262 0.9982606 0.05883508 0.003870427 0.9982603 0.05882477 0.3333275 0.9409743 0.01178491 0.9058669 0.4233986 0.01176631 0.9686223 0.2482592 -0.01175653 0.999931 -2.01466e-5 -0.01176524 0.9999308 -2.1962e-5 -0.003904759 0.9999924 -2.98864e-4 0.003901124 0.9999924 -3.22725e-4 0.003903925 0.9999923 -3.32251e-4 0.00393486 0.9999922 -3.55234e-4 -0.003931999 0.003932118 -0.9999846 -0.003932178 0.003931939 -0.9999846 -0.003931939 0.003932178 -0.9999846 -0.003931879 0.003932237 -0.9999846 0.4425167 -0.8967604 0 0.4425166 -0.8967604 -2.41596e-7 0.4425167 -0.8967604 0 0.4425167 -0.8967604 2.40456e-7 -0.003931939 0.003932178 0.9999846 -0.003929674 0.003932237 0.9999846 -0.003931879 0.003932118 0.9999846 -0.003929853 0.003931939 0.9999846 -0.4425184 0.8967595 2.40456e-7 -0.4425184 0.8967595 0 -0.4425184 0.8967595 -2.41596e-7 -0.4425184 0.8967595 0 0.8807166 0.4736437 0 0.8807372 0.4736053 0 0.8807374 0.473605 -1.62594e-7 0.8807353 0.4736089 1.63366e-7 -0.003932118 0.003931999 -0.9999846 -0.00393182 0.003932297 -0.9999846 -0.003932178 0.003931939 -0.9999846 -0.003932297 0.00393182 -0.9999846 0.5921533 -0.8039156 -0.05544465 0.5921525 -0.8039162 -0.05544465 0.5921512 -0.8039174 -0.05544453 0.5921546 -0.8039147 -0.05544477 -0.003929913 0.003931939 0.9999846 -0.003934383 0.00393182 0.9999846 -0.003930091 0.003931999 0.9999846 -0.003934681 0.00393176 0.9999846 -0.5921536 0.8039155 -0.05544477 -0.5921576 0.8039126 -0.05544495 -0.5921516 0.8039169 -0.05544465 -0.5921555 0.8039141 -0.05544483 0.7880316 0.6156349 0 0.7880939 0.6155552 0 0.7880347 0.615631 0 0.7880674 0.6155891 0 0.9215614 0.286272 0.2622459 0.9215793 0.2862575 0.2621995 0.9215672 0.2862669 0.2622312 0.9215685 0.2862663 0.2622275 -0.4196062 0.9058741 -0.05764389 -0.419606 0.9058731 -0.0576595 -0.3803852 0.9215638 -0.0776363 -0.3803912 0.921562 -0.07762795 -0.4581429 0.8888785 -1.06171e-5 -0.4581449 0.8888776 1.86518e-5 -0.9137191 -0.3176379 -0.2534239 -0.9137191 -0.3176419 -0.2534188 -0.9137182 -0.3176497 -0.253412 -0.9137181 -0.3176539 -0.253407 0.1840507 -0.9829168 9.22382e-6 0.184052 -0.9829165 1.32285e-5 0.1764697 -0.9843061 -5.25266e-6 0.176473 -0.9843056 -2.31897e-5 0.1921582 -0.9764651 -0.09793478 0.1921591 -0.9764645 -0.09793877 0.5607807 -0.8274443 -0.0293433 0.5607807 -0.8274443 -0.02934324 0.5519908 -0.8338503 -1.56835e-6 0.551986 -0.8338534 3.8594e-6 0.5519854 -0.8338539 -8.20309e-6 0.5607808 -0.8274443 -0.02934604 0.5450946 -0.8352863 -0.07189345 0.5450922 -0.83529 -0.07186943 0.262755 0.09020793 -0.9606365 0.2705793 0.09807652 -0.9576889 0.1372409 0.05884259 -0.9887884 0.1450952 0.08232301 -0.985987 0.4117639 0.1450953 -0.8996654 0.4117655 0.1450928 -0.8996652 0.9764677 -0.2156642 0 0.9764455 -0.2157645 0 0.9764674 -0.2156652 0 0.9764452 -0.2157655 0 0.3647045 0.9294037 -0.05656439 0.3647022 0.9294046 -0.05656439 0.3647012 0.929405 -0.05656421 0.3646989 0.9294059 -0.05656439 -0.4666636 0.8823459 -0.06075382 -0.466661 0.8823468 -0.06075924 -0.4666658 0.8823437 -0.06076818 -0.4666603 0.8823462 -0.06077402 0.466664 -0.8823454 -0.06075775 0.466659 -0.8823472 -0.06076931 0.4666645 -0.8823463 -0.06073856 0.4666649 -0.8823454 -0.06074893 0.9843124 0.1764345 -1.03049e-6 0.9450914 0.325487 -0.02933394 0.9843097 0.1764498 1.85291e-6 0.9450911 0.3254882 -0.02933394 0.9998086 0.01956462 -2.35039e-5 0.9998087 0.0195617 8.01476e-6 0.9998079 0.01960492 -2.07941e-6 0.6627466 0.003914356 0.7488335 0.6470569 0.129408 0.7513794 0.4745104 0.0039168 0.8802413 0.443155 0.1842696 0.8773018 0.1607562 0.2235639 0.9613411 0.1921633 0.003911137 0.9813552 0.01177191 0.003960013 0.9999229 -0.01960718 0.2705898 0.9624951 0.7490069 0.003904581 0.6625507 0.7333245 0.1215797 0.6689198 0.4275225 0.3489879 0.8339257 0.6470555 0.2470543 0.7213068 -0.05880743 0.5529691 0.831124 0.1451013 0.443139 0.8846319 0.7177516 0.2079328 0.6645274 0.9999925 0.003897488 3.3397e-6 0.9999924 0.003918945 1.64859e-7 0.9999923 0.003960311 -5.01819e-7 0.9999926 0.003866732 0 0.9999923 0.003920197 0 0.9999926 0.003870844 0 0.262741 0.6548824 0.7085875 0.2784474 0.6627388 0.695158 0.4117722 0.6862579 0.599578 0.4352913 0.6862686 0.5827151 0.04313796 0.6470524 0.7612242 0.0588386 0.6548889 0.7534313 -0.1137164 0.6862837 0.7183895 -0.1215284 0.6941391 0.7095081 0.4745045 0.7097848 0.5206257 0.4745064 0.7098016 0.520601 0.6235291 0.7725411 -0.1199665 0.639211 0.7647027 -0.0814802 0.6543346 0.7562052 1.94646e-5 0.6626693 0.7489122 0 0.4666478 -0.03526443 -0.88374 0.4509685 -0.01957929 -0.8923252 0.4509729 -0.01177102 -0.8924601 0.4352927 0.003920912 -0.9002804 0.003913104 0.1372388 -0.9905303 -0.003922045 0.1372539 -0.9905282 0.003924429 -0.0588203 -0.9982609 -0.003886699 -0.05880171 -0.9982621 -0.003910481 -0.2392216 -0.9709572 0.003926992 -0.2470542 -0.9689938 0.9999924 -0.003919422 -1.45446e-5 0.9999923 -0.003917694 -1.50111e-5 0.9999924 -0.00392282 1.64285e-5 0.9996234 -0.02744346 1.0265e-5 0.999071 -0.04309689 9.54722e-7 0.9999923 -0.003919482 2.44379e-5 0.9843063 0.1686275 0.05201894 0.9764658 0.1999936 0.08072942 0.9843077 0.1529395 0.08802211 0.9814726 0.1916029 -3.37325e-6 0.9999923 -0.003933608 3.43504e-5 0.9999923 -0.003925979 1.11948e-5 0.9999308 -0.01176333 1.29221e-5 0.9999924 0.003924906 -9.74722e-6 0.9999923 -0.003921389 1.24369e-5 0.9999924 -0.003918528 -6.20633e-6 0.999808 -0.01959508 4.44893e-5 0.9998078 -0.01960313 -2.03403e-5 0.9996235 -0.02744174 -1.13621e-5 0.9999312 -0.01174128 -1.12805e-5 0.9999309 -0.01176327 -1.34999e-5 0.9996235 -0.02744281 -1.87457e-5 0.2784391 0.9529287 -0.1199943 0.286278 0.9529297 -0.09984934 0.4431315 0.8823502 0.1584066 0.4352922 0.8823477 0.1788392 -0.003929674 0.9293999 -0.3690538 -0.003929376 0.9294012 -0.3690501 -0.003914773 -0.9843057 -0.1764288 -0.003909647 -0.9843054 -0.1764305 -0.003895819 -0.9843072 -0.1764203 -0.003958165 -0.9843089 -0.1764097 -0.003925025 -0.9843072 -0.1764199 -0.003913342 -0.9843033 -0.1764419 -0.003921449 0.03529405 -0.9993693 -0.003921449 0.03529429 -0.9993693 -0.003921449 0.03529423 -0.9993693 -0.003921449 0.03529447 -0.9993693 0.003911077 -0.3254837 -0.9455397 0.003908753 -0.3254801 -0.9455409 -0.003930747 -0.3176431 -0.9482022 -0.00392872 -0.3176439 -0.948202 0.8666595 -0.4352905 0.2437693 0.8745016 -0.4509732 0.1785226 0.9371325 -0.3489739 -1.07972e-5 0.9371319 -0.3489755 -1.30014e-5 0.4117463 -0.5215529 0.7472936 0.3803942 -0.4980349 0.7792699 -0.003908157 -0.4823639 0.8759622 -0.003910243 -0.4823591 0.8759649 0.9372501 -0.3411728 -0.07185685 0.9371321 -0.348975 -2.1368e-5 0.9371324 -0.3489741 -1.44914e-6 0.3019542 0.5059031 0.8080135 0.2941328 0.5293689 0.7957729 -0.02742499 0.529436 0.8479066 -0.035304 0.5450909 0.8376333 0.7803943 0.5058899 0.3675056 0.7725425 0.4980422 0.3938682 0.8980321 0.4352921 0.06371217 0.8980347 0.4274494 0.1040229 -0.5137327 0.1137048 0.8503823 -0.5137234 0.1137541 0.8503813 -0.5215395 0.1137507 0.8456107 -0.5215512 0.1137481 0.8456038 -0.003929078 0.5686111 0.8225972 -0.003929138 0.5686134 0.8225956 -0.003929257 0.5686128 0.8225961 -0.003929376 0.568616 0.8225937 -0.003942251 0.4352946 -0.9002795 -0.003941893 0.4352957 -0.9002789 -0.00389564 0.4352862 -0.9002838 -0.003895223 0.4352876 -0.900283 0.003877758 -0.1137269 -0.9935045 -0.003877758 -0.1137269 -0.9935045 0.003877758 -0.1137267 -0.9935045 -0.003925621 -0.1137242 -0.9935046 0.003927946 -0.8901894 0.4555739 0.003880083 -0.8901886 0.4555757 -0.003880083 -0.8901885 0.455576 -0.003928065 -0.8901889 0.4555748 -0.003930509 0.08235841 -0.9965951 -0.003930509 0.08235841 -0.996595 -0.003930687 0.08235818 -0.9965951 -0.00393033 0.08235865 -0.996595 -0.003893494 0.9999924 -3.59635e-4 -0.003892183 0.9999924 -3.56175e-4 -0.003893315 0.9999924 -3.59265e-4 -0.003936827 0.9999922 -3.38727e-4 0.9999923 0.003924548 -2.60606e-5 0.9999924 0.003916561 2.18321e-5 0.9999924 0.003916859 2.13292e-5 0.9999923 0.003919363 2.22348e-5 0.003902494 -0.9999924 8.33192e-6 0.003902912 -0.9999924 1.16519e-5 0.003902494 -0.9999924 8.49296e-6 0.003902792 -0.9999924 1.15495e-5 -0.9999923 0.003918766 -3.60911e-4 -0.9999923 -0.003919601 -3.60012e-4 -0.9999923 0.003918647 -3.60822e-4 -0.9999923 -0.003919601 -3.59937e-4 -0.003932356 0.00393176 0.9999846 0.9998078 -0.0196042 3.80911e-6 0.9998078 -0.01960235 7.03149e-6 0.999808 -0.01960182 1.45892e-5 0.9999309 -0.01176279 1.56648e-5 0.9999924 -0.003919482 6.60122e-6 0.9999924 0.003918051 8.06712e-6 0.9998069 -0.01965618 3.12999e-5 0.9998079 -0.01960253 2.24495e-6 0.9998078 -0.01960414 4.3691e-6 0.01958554 -0.44317 -0.8962237 -0.03529173 -0.6392039 -0.7682272 0.01176178 -0.4431354 -0.8963776 -0.04312491 -0.6470317 -0.7612426 -0.03528988 -0.7098015 -0.7035173 -0.02745664 -0.7176373 -0.6958757 -0.003887891 -0.7333329 -0.6798586 -0.003887832 -0.7333329 -0.6798586 0.01961064 -0.294107 -0.9555713 0.0195989 -0.2940878 -0.9555775 -0.003887832 -0.466616 -0.8844516 -0.00390315 -0.6000043 -0.7999873 0.003939688 -0.4666589 -0.8844287 0.003904104 -0.6000035 -0.7999879 -0.003894448 -0.5999937 -0.7999953 0.003873825 -0.5999924 -0.7999963 -0.003937065 -0.3176582 -0.9481972 0.00392276 -0.3176823 -0.9481891 -0.003912627 -0.3333318 -0.9428015 0.4039218 -0.9137176 -0.04435479 0.4039216 -0.9137179 -0.04435288 0.3948631 -0.91874 -9.37717e-6 0.3882185 -0.9215673 -4.40625e-5 0.6235138 -0.003968477 0.7818022 0.6235109 -0.00397861 0.7818046 0.6235205 -0.003939568 0.7817972 0.6235173 -0.00395143 0.7817996 -0.003915727 0.9999924 -3.44981e-4 -0.003915786 0.9999924 -3.44696e-4 -0.003915727 0.9999924 -3.45014e-4 -0.003915727 0.9999924 -3.44979e-4 -0.00393182 0.003932297 -0.9999846 -0.003932118 0.003931999 -0.9999846 -0.003932058 0.003932058 -0.9999846 -0.003932058 0.003932058 -0.9999846 0.9372743 0.01960194 0.3480413 0.4117786 0.05096769 0.9098575 0.9450953 0.01961314 0.3262059 0.4588075 0.03528881 0.8878347 0.003937542 0.04313677 0.9990615 0.4431475 0.05094516 0.895 0.9529376 0.01960098 0.3025321 0.003946006 0.05099797 0.998691 -0.003916025 0.05882626 0.9982606 0.0117644 0.04316657 0.9989987 -0.01964104 0.04311609 0.998877 0.9999924 0.003899574 6.28401e-6 0.9999925 0.003876507 5.12795e-6 0.9999923 -0.003923654 1.04737e-5 0.9999924 -0.003919363 -4.49293e-6 0.9999924 -0.003920435 7.56909e-6 -0.003901839 0.04313874 0.9990615 -0.003916263 0.05097687 0.9986922 -0.003923118 0.9999923 -3.40113e-4 -0.0039227 0.9999923 -3.42677e-4 -0.003921031 0.9999923 -3.42164e-4 -0.003921926 0.9999923 -3.44705e-4 0.9843092 0.003927946 0.1764088 0.9843074 0.00392425 0.176419 0.984306 0.01176404 0.1760777 0.9843068 0.01176363 0.1760733 0.505859 0.03526473 0.861895 -0.003854572 0.04319405 0.9990593 0.396086 0.04315304 0.9171988 0.003909647 0.0431469 0.9990611 -0.003925979 0.04313504 0.9990615 -0.003922283 0.04313617 0.9990615 0.9686218 0.003932356 0.2485082 -0.003927648 0.04313546 0.9990616 -0.003927588 0.04313528 0.9990615 0.9215636 0.0196129 0.3877316 0.9686222 0.003896653 0.2485073 0.3960772 0.04316914 0.9172019 0.9215534 0.01961952 0.3877556 0.9999925 -0.003895342 -1.03663e-6 0.9686158 0.003906548 0.2485321 0.9999924 -0.003907144 -5.14804e-7 0.9999924 -0.003909707 0 0.9999925 -0.003880023 1.94646e-5 0.9999925 -0.003886044 -2.89147e-6 0.9999924 -0.003912091 -1.15329e-6 0.9999923 -0.003919899 0 0.9999925 -0.00389558 9.74825e-7 0.9999924 -0.00390172 -3.77753e-7 0.9999926 -0.00387299 1.43247e-7 0.9999925 -0.003875136 -1.9775e-6 -0.003903508 0.05881273 0.9982615 -0.003903329 0.05881315 0.9982615 -0.00390321 0.05881327 0.9982614 -0.003903388 0.05881303 0.9982615 -0.003931164 0.05881845 -0.998261 -0.003887772 0.05883884 -0.99826 -0.003931105 0.05881839 -0.998261 -0.003887891 0.05883902 -0.99826 -0.003920912 0.9999924 -2.80167e-4 0.003915727 0.9999924 -3.41098e-4 -4.59502e-4 0.9999923 0.003903985 -0.003915727 0.9999924 -3.44971e-4 -0.003915786 0.9999924 -3.44783e-4 -0.00229144 0.9999924 0.003193914 -0.003915727 0.9999923 -3.41769e-4 0.002880692 0.9999924 0.002673566 -0.003915786 0.9999923 -3.43834e-4 0 0.9999923 0.003931105 -0.01174473 0.05881118 0.9982001 0.3333281 0.05882513 0.940974 0.4745187 0.05097591 0.8787682 0.9058672 0.01178747 0.4233977 0.9686216 0.01176607 0.2482614 0.9999308 -0.01177239 2.38672e-5 0.9999309 -0.0117622 2.42626e-5 0.9999924 -0.003914594 1.32798e-5 0.9999924 0.003913998 9.69542e-6 0.9999924 0.003917157 3.57197e-6 0.9999924 0.003908872 8.67574e-6 -0.003913462 0.05097717 0.9986922 -0.003953695 0.05095916 0.9986929 0.003897905 0.05882871 0.9982605 -0.003917098 0.05882418 0.9982607 -0.4588207 -0.8823444 0.104652 -0.4588214 -0.8823457 0.1046373 -0.7019533 -0.7019545 0.1205055 -0.7019542 -0.7019575 0.1204826 -0.3254876 -0.9450905 0.02935534 -0.3254874 -0.9450912 0.02933704 -0.8823468 -0.4588193 0.1046378 -0.8823509 -0.4588181 0.1046082 -0.9450902 -0.3254877 0.02936607 -0.94509 -0.3254896 0.02934956 0.6862704 0.6862691 0.2409722 0.5921356 0.7647094 0.2541553 0.6862714 0.6862706 0.2409652 0.592205 0.764674 0.2541003 0.7646892 0.5921743 0.2541265 0.7647064 0.5921375 0.2541602 0.2078861 0.2078868 -0.9558067 0.3097931 0.3097929 -0.8989197 0.1842898 0.2392113 -0.9533181 0.2627519 0.3490205 -0.8995256 0.1058579 0.1372285 -0.9848668 0.1215428 0.1215422 -0.9851168 0.2392162 0.1843339 -0.9533082 0.3490214 0.2627524 -0.899525 0.1372624 0.1058893 -0.9848586 -0.4194657 -0.4194649 -0.8050453 -0.2784183 -0.5216007 -0.8064838 -0.4194673 -0.4194672 -0.8050432 -0.2784159 -0.5216084 -0.8064797 -0.1921603 -0.5607882 -0.8053515 -0.1921582 -0.5607846 -0.8053545 -0.5216008 -0.2784183 -0.8064837 -0.5216081 -0.2784162 -0.8064796 -0.5607877 -0.1921605 -0.8053518 -0.5607852 -0.1921584 -0.8053541 0.707107 0.7071066 0 0.7071071 0.7071065 0 0.599996 0.7960723 -0.07920694 0.599999 0.79607 -0.07920688 0.7961277 0.5999225 -0.079207 0.7960706 0.5999983 -0.07920694 -0.003931224 0.003932952 -0.9999846 -0.003931045 0.003933072 -0.9999846 -0.003931999 0.003932118 -0.9999846 -0.003932297 0.003931879 -0.9999846 -0.8967601 0.4425171 2.41597e-7 -0.8967601 0.4425171 -2.40456e-7 -0.8967595 0.4425183 0 -0.8967595 0.4425184 0 -0.003932178 0.003931939 0.9999846 -0.003931939 0.003932178 0.9999846 -0.003931164 0.003933012 0.9999846 -0.003930866 0.00393325 0.9999846 0.8967598 -0.4425177 0 0.8967598 -0.4425178 0 0.8967597 -0.4425179 -2.40456e-7 0.8967598 -0.442518 2.41596e-7 0.4736391 0.8807191 1.64885e-7 0.4735944 0.8807432 0 0.4735942 0.8807433 -1.63366e-7 0.473634 0.8807218 0 -0.003931999 0.003932118 -0.9999846 -0.003931939 0.003932178 -0.9999846 -0.003932297 0.00393182 -0.9999846 -0.00393182 0.003932297 -0.9999846 -0.8039167 0.5921521 -0.05544477 -0.8039182 0.59215 -0.05544465 -0.8039152 0.592154 0.05544483 -0.8039135 0.5921562 0.05544495 -0.003935992 0.003932774 0.9999846 -0.003935396 0.003932893 0.9999846 -0.003927648 0.003932297 0.9999846 -0.003927648 0.00393182 0.9999846 0.8039149 -0.5921545 -0.05544477 0.8039132 -0.5921565 -0.05544495 0.8039165 -0.5921523 -0.05544459 0.8039149 -0.5921545 -0.05544477 0.6156112 0.78805 0 0.6155714 0.7880812 0 0.6155712 0.7880814 0 0.6155691 0.7880829 0 0.2862674 0.9215661 0.2622346 0.2862695 0.9215629 0.2622435 0.2862551 0.9215813 0.2621947 0.2862707 0.9215617 0.2622466 0.921562 -0.3803889 -0.07763975 0.9058768 -0.4196049 -0.05761307 0.9215601 -0.3803919 -0.07764744 0.9058761 -0.419602 -0.05764365 0.888879 -0.4581423 -7.50867e-6 0.8888762 -0.4581475 2.15862e-5 -0.3176295 -0.9137203 -0.2534303 -0.3176438 -0.9137176 -0.2534217 -0.3176252 -0.9137198 -0.2534372 -0.3176397 -0.9137171 -0.2534288 -0.9843061 0.1764693 -3.68483e-4 -0.9829166 0.1840517 1.22748e-5 -0.9843063 0.176468 -3.5298e-4 -0.9829166 0.1840519 9.2499e-6 -0.9764648 0.1921551 -0.09794342 -0.9764639 0.19216 -0.09794324 -0.833854 0.5519851 1.31875e-5 -0.8274468 0.5607763 -0.0293594 -0.8338549 0.5519838 2.50526e-5 -0.8352852 0.5450967 -0.07189083 -0.83529 0.5450912 -0.07187724 -0.8338511 0.5519894 7.62567e-6 -0.83529 0.5450911 -0.07187724 -0.8274427 0.560782 -0.02936422 -0.83385 0.5519912 -1.74232e-5 -0.8274421 0.5607828 -0.02936416 -0.5843046 -0.772545 -0.2485205 -0.5843053 -0.7725453 -0.2485181 -0.6862684 -0.6862679 -0.2409815 -0.6862727 -0.6862705 -0.240962 -0.7725424 -0.5843074 -0.248522 -0.7725419 -0.5843068 -0.2485251 0.08232265 0.1450945 -0.9859872 0.09798789 0.2705954 -0.9576933 0.05880182 0.1372672 -0.9887872 0.09020727 0.2627551 -0.9606364 0.1450615 0.4117959 -0.8996562 0.1450926 0.4117649 -0.8996653 -0.2155701 0.9764884 -2.82607e-4 -0.2155702 0.9764884 -2.82566e-4 -0.2155709 0.9764882 -2.82649e-4 -0.215571 0.9764882 -2.82607e-4 0.9294047 0.3647008 -0.0565713 0.9294038 0.3647032 -0.05657136 0.9294029 0.3647055 -0.05657142 0.9294039 0.3647029 -0.05657136 0.8823449 -0.4666647 -0.0607596 0.8823448 -0.4666633 -0.06077075 0.8823465 -0.4666634 -0.06074452 0.8823463 -0.4666623 -0.06075739 -0.8823455 0.4666634 -0.06076014 -0.8823459 0.4666644 -0.06074631 -0.8823461 0.4666606 -0.06077295 -0.882347 0.4666606 -0.06076073 0.3254215 0.945114 -0.02933406 0.3254879 0.9450911 -0.02933394 0.1764648 0.9843069 -3.45852e-4 0.1764748 0.9843052 -3.45712e-4 0.01951652 0.9998096 -5.05797e-5 0.01955604 0.9998088 4.7629e-6 0.0195921 0.9998081 -1.2371e-5 0.08235859 0.2706042 -0.9591614 0.1293818 0.239287 -0.9622901 0.09020614 0.1764597 -0.9801658 0.1764657 0.215682 -0.960386 0.2627283 0.3490027 -0.8995393 0.1450591 0.1450601 -0.9787316 0.3176089 0.3176101 -0.8934475 0.1372847 0.4117748 -0.9008854 0.05883115 0.2156719 -0.9746921 -0.05097591 -0.09802651 -0.9938775 -0.03528779 -0.105875 -0.9937532 0.1294178 0.4117568 -0.9020573 0.05098092 0.2784275 -0.9591034 0.003925681 0.2941041 -0.9557654 0.02745407 0.1294152 -0.9912105 0.003902673 0.1372128 -0.9905339 0.09806656 0.2706128 -0.9576804 0.05882883 0.1372117 -0.9887933 0.04319351 0.05100584 -0.9977639 0.02744054 -0.003930449 -0.9996158 0.03529143 0.02744781 -0.9990001 0.01962035 0.1294136 -0.9913966 0.06663596 0.1372672 -0.9882902 0.08235675 0.2705919 -0.959165 0.003907442 0.1372244 -0.9905323 0.003915727 0.1372421 -0.9905298 0.003893911 0.137197 -0.9905362 0.003904104 0.1372185 -0.9905331 0.04312908 0.1058819 -0.993443 0.05885118 0.09803056 -0.9934418 0.09805941 0.1372327 -0.9856732 0.1764743 0.2156877 -0.9603831 0.0431478 0.0588321 -0.9973351 0.05093228 0.05093324 -0.9974026 -0.003899633 0.003901064 -0.9999848 0.003931939 -0.003932178 -0.9999846 0.003910958 0.003911197 -0.9999848 0.1058728 0.1058743 -0.9887273 0.00393337 -0.003934383 -0.9999846 0.05881053 0.04312133 -0.9973374 -0.003932058 0.003932118 -0.9999846 0.137248 0.09804457 -0.9856725 0.2156777 0.1764686 -0.9603863 0.2392154 0.1294062 -0.9623046 0.2157089 0.1764868 -0.960376 0.098028 0.05883681 -0.9934429 0.1764606 0.09020572 -0.9801657 0.2705734 0.0823453 -0.9591712 0.3490328 0.2627583 -0.899519 0.4117559 0.1372415 -0.9009007 0.215672 0.0588321 -0.9746919 -0.09802585 -0.05097788 -0.9938774 -0.1059448 -0.03535121 -0.9937435 0.4117798 0.1293815 -0.9020521 0.2784026 0.05100429 -0.9591093 0.2941033 0.003929138 -0.9557656 0.1294148 0.02745318 -0.9912105 0.1372554 0.003920793 -0.9905279 0.270602 0.09805226 -0.9576849 0.1372163 0.05882769 -0.9887927 0.05095332 0.0430774 -0.9977716 -0.003927111 0.02744209 -0.9996157 0.02745956 0.03529691 -0.9989995 0.1294131 0.01961976 -0.9913967 0.1372722 0.06663554 -0.9882895 0.2705856 0.08235406 -0.959167 0.1372256 0.003908693 -0.9905321 0.1372424 0.003915369 -0.9905298 0.1372416 0.003915488 -0.9905299 0.1372187 0.003904104 -0.9905332 0.1058617 0.04317808 -0.993443 -0.07450169 -0.07450073 -0.9944341 0.3490168 0.6705827 0.6546038 0.2940957 0.5529741 0.7795687 0.2392183 0.7019737 0.670826 0.1921719 0.5764571 0.7942086 0.5372406 0.5372394 0.6501895 0.4509613 0.4509572 0.7702412 0.5529567 0.2941082 0.7795764 0.670585 0.3490196 0.6546 0.7019702 0.2392182 0.6708298 0.5764601 0.1999905 0.7922737 0.3646903 0.3647065 0.8567323 0.301918 0.396117 0.867143 0.4039392 0.3019688 0.8635092 0.1607598 0.4588277 0.8738613 0.1607828 0.4745107 0.8654413 0.466661 0.160792 0.8696974 0.4587968 0.1529539 0.8752775 0.2235122 0.4588101 0.8599626 0.1607763 0.4666647 0.8696982 0.1529175 0.4274129 0.8910301 0.1450309 0.4274224 0.8923432 0.03531277 0.2706162 0.9620395 0.03523266 0.27007 0.9621959 0.01960593 0.1686382 0.985483 0.01958423 0.1765099 0.9841041 0.0118125 0.1764605 0.9842369 0.04312336 0.1686109 0.984739 0.003923952 0.1764664 0.984299 0.04309386 0.1607111 0.9860603 0.01960504 0.05880713 0.9980769 -0.003932118 -0.003932058 0.9999846 -0.003932118 0.003931999 0.9999846 0.003902792 0.1764858 0.9842954 0.09802621 0.1921808 0.9764515 0.05888175 0.1685686 0.9839297 0.01960378 0.05882698 0.9980758 0.05882155 0.2392132 0.9691838 0.003915727 0.2548996 0.9669596 0.0352835 0.2156824 0.975826 0.07450932 0.1686332 0.9828588 0.0352863 0.2156914 0.9758239 0.07450968 0.1686331 0.9828587 0.0980724 0.1842693 0.9779707 0.09805017 0.2000067 0.9748762 0.09803932 0.1921762 0.976451 0.05884045 0.2392012 0.9691857 0.1686209 0.01960772 0.985486 0.2783798 0.03526782 0.9598234 0.1765525 0.01956194 0.9840969 0.1764602 0.01181387 0.9842369 0.1686256 0.03529369 0.9850482 0.1765178 0.003869473 0.9842899 0.1607143 0.04309666 0.9860597 0.05882525 0.01960682 0.9980758 -0.003931939 -0.003932178 0.9999846 -0.003931879 0.003932297 0.9999846 0.1765247 0.003852307 0.9842888 0.2705975 0.03530734 0.962045 0.4195798 0.1450772 0.89605 0.4195964 0.1529355 0.8947344 0.1686216 0.05879366 0.9839259 0.18433 0.09803754 0.9779628 0.4666554 0.1608167 0.8696959 0.1921563 0.09807515 0.9764513 0.1765068 0.09022015 0.980156 0.1843433 0.0980494 0.977959 0.1686289 0.05883526 0.9839221 0.2705663 -0.003934979 0.9626933 0.2235314 0.03529065 0.9740577 0.05883908 0.0195927 0.9980752 0.2235183 0.08237844 0.9712123 0.2156919 0.09018391 0.972288 0.2235282 0.0352841 0.9740586 0.1843313 0.09803748 0.9779626 0.1686126 0.07450288 0.9828628 0.1686126 0.074503 0.9828628 0.2235232 0.03529876 0.9740592 0.1215885 0.2235073 0.9670889 0.1293816 0.2235526 0.9660666 0.1058554 0.1529579 0.982547 0.1137247 0.1607835 0.9804159 0.1921586 0.364701 0.9110808 0.1921729 0.3646922 0.9110814 0.2626634 0.4353257 0.8611037 0.1058524 0.1450704 0.9837428 0.09803521 0.1293889 0.9867359 0.2234776 0.1216261 0.9670909 0.1529324 0.105895 0.9825467 0.2235043 0.1294338 0.9660708 0.1607681 0.1137132 0.9804198 0.3647137 0.2000089 0.9093846 0.3647017 0.1999984 0.9093918 0.4351974 0.2627503 0.861142 0.4587746 0.2235186 0.8599798 0.1294397 0.09803193 0.9867296 0.1450966 0.1058838 0.9837356 0.239193 0.239193 -0.9410491 -0.003914356 0.003934562 -0.9999846 0.1137183 0.3098282 -0.9439676 0.4274373 0.4274376 -0.7966145 0.2002593 0.5608009 -0.803367 -0.003916442 0.607836 -0.794053 -0.003910183 0.3333297 -0.9428023 -0.003913283 0.003899037 -0.9999848 0.6235244 0.6235238 -0.4716305 0.4038987 0.7803875 -0.477348 0.1529442 0.8666417 -0.4749109 -0.003919422 0.8745025 -0.4850053 0.4588333 0.8823379 -0.1046518 0.7019574 0.701958 -0.1204616 0.458146 0.888877 -1.92274e-6 0.7071067 0.707107 0 0.3098056 0.9293992 -0.2005934 0.1529381 0.9607737 -0.2313525 -0.003937542 0.976464 -0.2156446 0.3176448 0.9450927 -0.07682311 0.3176457 0.9450896 0.07685756 0.3170377 0.9452924 0.07687181 0.3176448 0.9450901 -0.07685482 0.8888772 0.4581455 -1.09639e-5 0.8823598 0.4587984 -0.1046198 0.7803879 0.4038985 -0.4773477 0.5607762 0.1999556 -0.8034599 0.3098319 0.1137178 -0.9439665 -0.003928124 0.003906786 -0.9999847 0.6078354 0.003936946 -0.7940534 0.3333303 0.00393486 -0.942802 -0.003916025 0.003912806 -0.9999848 0.8666418 0.1529435 -0.4749109 0.8745032 0.003937542 -0.4850038 0.9293991 0.3098052 -0.2005944 0.9607739 0.1529383 -0.2313513 0.97646 0.003947079 -0.2156625 0.9450922 0.3176463 -0.07682365 0.9450892 0.317646 0.0768603 0.9450876 0.3176492 0.07686734 0.9450913 0.3176487 0.0768224 0.1294176 0.6470403 0.7513921 -0.00393176 0.6627328 0.7488457 0.1842764 0.4431487 0.8773035 -0.003942131 0.4744946 0.8802496 -0.0039258 0.1921657 0.9813547 0.223546 0.1607695 0.9613431 0.1215902 0.733318 0.6689251 -0.003912746 0.7490112 0.6625458 0.3490066 0.4274417 0.8339594 0.2470638 0.6470562 0.7213028 0.4431359 0.1451013 0.8846334 0.5529602 -0.05881243 0.8311295 0.2705876 -0.01959908 0.9624958 -0.003931879 0.1921681 0.9813542 0.2077369 0.7174854 0.6648761 -0.003917038 0.01176452 0.9999232 0.270582 -0.01959156 0.9624976 -0.00391978 0.1921689 0.9813541 0.003846704 0.9999926 -3.33817e-4 -0.003929853 0.9999923 -3.45814e-4 0.003894269 0.9999924 -3.40916e-4 -0.003929853 0.9999923 -3.4609e-4 0.003892898 0.9999924 -3.40863e-4 0.003892958 0.9999924 -3.40763e-4 -0.01179599 -0.09019905 0.995854 -0.04313135 -0.08234089 0.9956706 -0.01172858 -0.09019601 0.995855 -0.04314506 -0.08235782 0.9956685 -0.003896534 -0.09021419 0.9959148 -0.003893852 -0.09021532 0.9959148 -0.0666632 -0.06666547 0.9955459 -0.06666415 -0.06666785 0.9955458 -0.08239287 -0.04315334 0.9956653 -0.08241468 -0.04316228 0.995663 -0.09017479 -0.01177668 0.9958564 -0.09016871 -0.01179748 0.9958567 -0.09022194 0.00390464 0.9959141 -0.09022861 0.003903746 0.9959135 0.1607793 0.9686183 0.1895482 0.4509742 0.8666587 0.213366 0.1607936 0.9843046 -0.07273161 0.4581372 0.8888815 0 0.7071063 0.7071073 0 0.6941216 0.6941012 0.1908374 -0.003917098 0.9764669 0.2156323 -0.003918886 0.9999923 -3.45403e-4 0.8666648 0.4509817 0.2133253 0.8888817 0.4581368 4.30878e-7 0.9843069 0.1607797 -0.07273155 0.9686214 0.1607856 0.189527 0.9764599 0.003921568 0.2156632 0.9999923 0.003931164 0 0.1372523 0.84314 0.5198817 0.3960888 0.7568653 0.5198736 0.1215546 0.7490291 0.651291 0.3490152 0.6705797 0.6546078 0.5999994 0.5999998 0.5291512 0.5372363 0.5372361 0.6501958 -0.003911554 0.8509733 0.5251947 -0.00391972 0.7646995 0.6443752 0.7568546 0.3960716 0.5199024 0.8431059 0.1372582 0.5199354 0.6706054 0.3490279 0.6545746 0.7489632 0.1216101 0.6513565 0.8509702 0.003905236 0.5251997 0.7646992 0.003921389 0.6443755 0.6862697 0.2470559 0.6841033 0.7098044 0.3960647 0.5825036 0.6940963 0.2549341 0.6732302 0.717641 0.4117769 0.5616327 0.678425 0.02745664 0.7341564 0.6862656 0.05098342 0.725562 0.6862634 -0.1058773 0.7196059 0.6941276 -0.1137006 0.7108158 0.7411475 0.4509767 0.4973133 0.7411714 0.4509794 0.4972752 0.7725436 0.6313686 0.06745541 0.772548 0.6313632 0.06745553 0.7725459 0.6313657 0.06745547 0.7725499 0.6313608 -0.06745558 0.2156549 0.6392388 0.738151 0.1529364 0.4587708 0.8752942 0.3097774 0.5921875 0.7438763 0.2156963 0.4196113 0.8817039 0.4744658 0.4744983 0.7414402 0.3333377 0.3333424 0.8819121 0.5921468 0.3098018 0.7438986 0.4196075 0.2235228 0.879754 0.6392318 0.2156612 0.7381552 0.4587705 0.1529365 0.8752944 0.3411831 0.6627447 0.666606 0.2392141 0.7176468 0.6540335 0.06659805 0.1921455 0.9791041 0.09020596 0.1764686 0.9801642 -0.003931701 0.003932237 0.9999846 -0.003931701 0.003931939 0.9999846 0.1372763 0.1372846 0.9809731 -0.00393337 0.003931879 0.9999846 -0.003932774 0.003931939 0.9999846 0.1764704 0.09016889 0.9801672 -0.003930628 0.003932178 0.9999846 0.1921519 0.06665712 0.9790989 0.7176422 0.2392138 0.6540386 0.5293649 0.5294418 0.6629211 0.6627454 0.3490003 0.6625462 0.1372421 0.8196229 0.5562221 0.3882262 0.7411682 0.547677 0.1529721 0.9293885 0.3359116 0.4352868 0.8352864 0.3358901 0.6627419 0.6627404 0.348638 0.5921587 0.5921591 0.5465307 0.05883222 0.3803824 0.9229562 0.1764695 0.3411649 0.9232904 -0.003903985 0.003913879 0.9999848 0.2705284 0.2705296 0.92392 -0.003910779 0.9450877 0.3267936 -0.003923594 0.8274444 0.561534 -0.003909289 0.3568557 0.9341514 0.7411676 0.3882252 0.5476787 0.8352996 0.4353326 0.3357977 0.9294059 0.1529378 0.3358793 0.8195972 0.1372564 0.5562564 0.3411618 0.1764689 0.9232917 0.3803824 0.0588327 0.9229562 0.945088 0.003917813 0.3267923 0.3568539 0.003908216 0.9341521 0.8274526 0.003911197 0.5615218 0.9450892 0.003918349 0.3267892 0.1450977 0.9058753 0.3979154 0.4274655 0.8117479 0.397918 0.215654 0.9764699 0 0.4581708 0.8888643 0 0.7071064 0.7071072 0 0.6470493 0.6470488 0.4033052 0.3019643 0.5843103 0.7532591 0.1058866 0.6548909 0.7482687 0.4667186 0.4667233 0.7512279 -0.003904104 0.9137142 0.4063388 -0.003903031 0.6627439 0.7488361 0.003935396 0.9999922 -3.46139e-4 -0.003916203 0.9999923 -3.44894e-4 0.003889083 0.9999924 -3.43146e-4 0.811777 0.4274143 0.3979135 0.8888882 0.4581244 0 0.9764703 0.2156519 0 0.9058744 0.1451041 0.397915 0.584312 0.3019661 0.7532569 0.6548971 0.1058809 0.748264 0.9137081 0.003902852 0.4063524 0.6627547 0.003895938 0.7488266 0.9999925 0.003894627 -2.47241e-6 0.9999926 0.003869235 -1.19986e-5 0.9999924 0.003901422 -1.24436e-6 -0.003931224 0.003932178 -0.9999846 -0.003932297 0.00393182 -0.9999846 -0.003931462 0.003932237 -0.9999846 -0.003931879 0.003932237 -0.9999846 -0.003931879 0.003931879 -0.9999846 -0.003932058 0.003932058 -0.9999846 -0.003931879 0.003932118 -0.9999846 -0.003931999 0.003931939 -0.9999846 -0.003932297 0.00393182 -0.9999846 -0.003932118 0.003932058 -0.9999846 0.4581536 0.8888731 -6.38637e-7 0.4581563 0.8888718 -5.54509e-6 0.7071075 0.7071062 -1.01421e-6 0.7019584 0.7097967 -0.05867773 0.8823475 0.4666627 -0.06073683 0.8888775 0.458145 -4.6473e-6 0.3176416 0.9450902 0.07686644 0.317642 0.9450898 0.07687026 -0.3176785 -0.9450829 0.07680451 0.3176468 0.9450892 -0.07685768 0.3176428 0.9450933 -0.07682275 0.9450905 0.317645 -0.07684862 0.9510042 0.3091785 -2.13139e-5 0.6864018 -0.388172 -0.6149594 0.9450907 0.3176463 -0.07684081 0.9450916 0.3176401 0.07685625 -0.7176326 -0.1294158 0.6842917 -0.7176299 -0.1294177 0.6842941 -0.7176433 -0.1294099 0.6842815 -0.7176405 -0.1294117 0.6842841 -0.2705828 0.6862588 0.6751548 -0.2705848 0.686261 0.6751517 -0.2705857 0.6862493 0.6751632 -0.2705842 0.6862623 0.6751506 -0.6862595 0.2705823 0.6751543 -0.6862823 0.2705911 0.6751275 -0.6862593 0.2705855 0.6751531 -0.6862436 0.2705883 0.675168 0.1294113 0.7176564 0.6842675 0.1294083 0.7176558 0.6842687 0.1294087 0.7176527 0.6842719 0.1294172 0.7176352 0.6842886 -0.7803635 0.4274729 0.4563989 -0.7725375 0.4274433 0.4695509 -0.7725449 0.4352802 0.462283 -0.7725384 0.4353111 0.4622646 0.2392118 0.7019524 0.6708507 0.2156771 0.7176625 0.6621509 0.04313361 0.3882066 0.9205624 0.2156853 0.7254907 0.6535618 0.1843184 0.7411632 0.645526 -0.09805589 0.1294065 0.9867315 0.04312413 0.3882497 0.9205447 -0.08231186 0.1686106 0.98224 -0.1372064 0.06667518 0.9882959 -0.4274563 0.772545 0.4695267 -0.4274582 0.7725477 0.4695208 -0.4353058 0.7725344 0.4622765 -0.4352894 0.7725543 0.4622586 -0.1294183 -0.3097862 0.9419572 -0.1293931 -0.3098316 0.9419459 -0.1294157 -0.3097937 0.9419552 -0.1294156 -0.3097974 0.941954 0.08227306 -0.02751219 0.99623 0.08227121 -0.02744948 0.9962319 0.08221513 -0.02751958 0.9962347 0.08230233 -0.02744853 0.9962294 0.05881321 0.3960546 0.9163416 0.05881053 0.3960956 0.916324 0.05881619 0.3960922 0.9163252 0.05880498 0.396094 0.9163251 -0.01176118 0.5686236 0.8225138 0.01957792 0.5607829 0.8277316 -0.0117318 0.5686271 0.8225118 0.01955765 0.5607479 0.8277557 -0.05100625 0.5842842 0.8099446 -0.05097448 0.5843104 0.8099278 -0.1921212 0.6235193 0.7578346 -0.1843213 0.6235125 0.7597749 -0.2235186 0.6313658 0.7425743 -0.2235459 0.6313679 0.7425644 -0.3960796 0.5529333 0.733066 -0.3960641 0.560762 0.7271034 -0.3960646 0.5529591 0.7330546 -0.3882095 0.5607675 0.731323 -0.6705874 0.2705913 0.6907192 -0.6627352 0.2627839 0.7012323 -0.6705795 0.2705845 0.6907294 -0.6627271 0.2627927 0.7012367 -0.6078326 -0.2157002 0.7642076 -0.6156795 -0.2156923 0.7579021 -0.6157027 -0.2156329 0.7579002 -0.6235153 -0.2156612 0.7514778 -0.4274459 -0.396064 0.8126644 -0.3254674 -0.4274808 0.8434046 -0.4274182 -0.396054 0.8126838 -0.3254871 -0.4352664 0.8394053 -0.2313646 -0.443171 0.8660658 -0.231368 -0.450955 0.8620374 -0.2313721 -0.4509728 0.862027 -0.2314133 -0.450913 0.8620472 -0.435299 -0.3882324 0.8122749 -0.4352865 -0.3882386 0.8122786 0.2392169 0.6392161 0.7308749 0.2235383 0.6391938 0.735841 0.2235205 0.6392166 0.7358267 0.2156845 0.631366 0.7448874 -0.2784231 0.6784216 0.6798712 -0.2784287 0.6862707 0.6719449 -0.2784664 0.6784474 0.6798277 -0.2784249 0.6862551 0.6719624 -0.5843048 0.4039177 0.703874 -0.5764626 0.3960716 0.7147156 -0.5764631 0.3960724 0.7147148 -0.5764705 0.3960576 0.7147169 -0.6548951 0.2156867 0.724287 -0.6392171 0.1764705 0.7485049 -0.6548694 0.2156925 0.7243086 -0.6392084 0.1686261 0.7503186 -0.6000052 0.03530311 0.7992168 -0.6078433 0.03529036 0.7932724 -0.5843103 -0.02744901 0.811066 -0.5842918 -0.02747803 0.8110783 -0.5921492 -0.003927648 0.8058188 -0.5921604 -0.003918886 0.8058107 -0.4039296 -0.09020864 0.9103315 -0.4039052 -0.09018576 0.9103446 -0.4039323 -0.0902096 0.9103301 -0.4039027 -0.09018158 0.9103462 0.04312527 -0.1215555 0.9916474 0.04311954 -0.1215536 0.9916478 0.04313915 -0.1215712 0.9916449 0.04313498 -0.1215672 0.9916456 0.3333174 0.1058738 0.9368513 0.3333334 0.1058844 0.9368444 0.3333495 0.1058927 0.9368377 0.3333519 0.1059088 0.9368351 0.4588254 0.3254573 0.8267749 0.4196162 0.4196223 0.8048847 0.4588539 0.3255438 0.8267251 0.4196099 0.4196385 0.8048795 0.4196076 0.4352919 0.7965241 0.4117872 0.4352747 0.8006044 0.474506 0.2313743 0.8492997 0.4745064 0.2313797 0.8492981 0.4745032 0.231364 0.8493042 0.4744999 0.2313612 0.8493067 -0.6705887 -0.1607825 0.7241959 -0.6235011 -0.1764839 0.7616429 -0.6627333 -0.1529456 0.7330705 -0.6156601 -0.1764923 0.7679929 -0.5137127 -0.2627397 0.8167418 -0.5136954 -0.262676 0.8167732 -0.4509837 -0.3254923 0.8310648 -0.4588255 -0.3333325 0.8236314 -0.2863243 -0.278404 0.9167931 -0.2941141 -0.2784284 0.9143165 -0.2862692 -0.2784265 0.9168035 -0.2940942 -0.2862497 0.9119045 0.04312556 -0.05880784 0.9973375 0.04313129 -0.0431385 0.9981377 0.0431286 -0.05881166 0.9973371 0.05099385 -0.04313611 0.997767 0.08234316 -0.0666697 0.9943716 0.09021097 -0.06667751 0.9936882 0.2470734 0.2941179 0.923282 0.2470592 0.3019642 0.9207494 0.2470605 0.294119 0.9232851 0.2470309 0.3019368 0.9207659 0.3333621 0.4510158 0.8279218 0.262741 0.5137197 0.816737 0.333283 0.4509932 0.827966 0.2549257 0.513738 0.8191985 0.1765003 0.6156483 0.7680006 0.1764907 0.6078696 0.7741742 0.1451258 0.6470257 0.7485295 0.1451046 0.6470366 0.7485241 -0.01960551 0.6941088 0.7196031 -0.01960796 0.6862828 0.7270706 -0.01960909 0.6862689 0.7270836 -0.01961112 0.6862566 0.7270951 -0.5921555 0.4431279 0.673045 -0.5215763 0.5215766 0.6752156 -0.5921589 0.4431183 0.6730483 -0.5215933 0.5215935 0.6751894 -0.4509741 0.5921506 0.6678175 -0.4509622 0.5921447 0.6678307 -0.6862755 0.01960313 0.7270776 -0.6862863 0.01960295 0.7270674 -0.6862826 0.01960319 0.7270709 -0.6940981 0.01960289 0.7196136 -0.1607881 0.07445967 0.9841763 -0.1686404 0.07449942 0.9828582 -0.1608131 0.08231419 0.9835465 -0.2155195 0.09793335 0.9715763 -0.2000021 0.07450628 0.9769585 -0.2313558 0.121548 0.9652464 -0.2548739 0.09799546 0.961996 -0.2783312 0.09798622 0.955474 -0.4117625 0.1450974 0.8996657 -0.4275694 0.1450701 0.8922663 -0.4666869 0.1607931 0.8696832 -0.4744472 0.1608654 0.8654608 -0.4744921 0.1608005 0.8654481 -0.4666731 0.1529378 0.8711064 -0.06668013 0.06668198 0.9955437 0.003848493 -0.003848254 0.9999852 -0.08235096 0.06666624 0.9943711 0.003930747 -0.003932356 0.9999846 -0.003932237 0.003931879 0.9999846 -0.05880308 0.07448858 0.9954867 0.003933012 -0.003931641 0.9999846 -0.003927767 0.003932714 0.9999846 -0.152947 0.1607763 0.9750683 -0.1764611 0.1294226 0.9757619 -0.1372442 0.1764656 0.9746918 -0.1529491 0.1764585 0.9723524 -0.1215528 0.2235404 0.9670857 -0.223513 0.1215809 0.9670884 -0.05883383 0.07449972 0.9954841 -0.176475 0.1529388 0.9723509 -0.1372442 0.176464 0.9746921 -0.1764717 0.1529368 0.9723519 -0.1293741 0.1764906 0.975763 -0.1294343 0.1607932 0.9784643 -0.1294343 0.1607932 0.9784644 -0.1764841 0.1529394 0.9723492 -0.1529402 0.1764504 0.9723551 -0.1607865 0.1294412 0.9784646 -0.1607865 0.1294411 0.9784645 -0.0902273 0.1372617 0.9864169 -0.09018957 0.2078377 0.9739966 -0.09019917 0.1529123 0.9841148 -0.08234405 0.168623 0.9822351 -0.07451826 0.1999786 0.9769625 -0.09805035 0.223511 0.9697573 -0.09798192 0.2548667 0.9619993 -0.09798133 0.2783175 0.9554786 -0.1451018 0.4117664 0.8996633 -0.1450299 0.4274365 0.8923364 -0.1607868 0.4666666 0.8696953 -0.1529473 0.4588294 0.8752616 -0.1606977 0.4746491 0.8653811 -0.1607778 0.4745547 0.865418 -0.1450258 0.1449916 0.9787467 -0.1215811 0.1686111 0.9781556 -0.1451633 0.1451225 0.9787069 -0.1293779 0.1764686 0.9757665 -0.1764817 0.1293867 0.975763 -0.168592 0.1215998 0.9781566 -0.1999824 0.199984 0.9591733 -0.1843354 0.2392128 0.9533088 -0.3176451 0.3176454 0.8934221 -0.2784256 0.356861 0.8917003 -0.239214 0.1843065 0.9533142 -0.3647145 0.2783994 0.8885253 -0.3647301 0.3647345 0.8567034 -0.3019418 0.3960711 0.8671556 -0.3019321 0.3960593 0.8671644 -0.4039188 0.3097913 0.8607433 -0.3960543 0.3020027 0.8671421 -0.2862779 0.75687 0.5875312 -0.4352889 0.5529362 0.7104824 -0.2862823 0.756864 0.5875367 -0.4431374 0.5450708 0.7117071 -0.701955 0.05880719 0.7097893 -0.6941057 0.06666505 0.7167797 -0.7882351 -0.1764536 0.5895335 -0.7882355 -0.1764559 0.5895323 -0.7254873 -0.6862667 -0.05202215 -0.7333244 -0.5764707 -0.36044 -0.7254879 -0.6862673 -0.05200612 -0.725486 -0.5607852 -0.3989863 -0.4588429 -0.1058992 -0.882184 -0.4823942 -0.1450738 -0.8638573 -0.168626 0.4431484 -0.8804458 -0.1529189 0.4823907 -0.8625051 0.07450443 0.929409 -0.3614528 0.05882865 0.9215559 -0.3837628 0.1607854 0.9843069 -0.07271778 0.1607832 0.9843072 -0.07271999 0.1764262 0.7882422 0.5895322 -0.05880665 0.7019528 0.7097916 0.1764583 0.7882291 0.58954 -0.06666737 0.6941091 0.7167761 -0.5529273 0.4352796 0.710495 -0.5450616 0.4431443 0.7117099 -0.7568713 0.2863121 0.5875128 -0.7568719 0.2863132 0.5875115 0.5764482 0.7333334 -0.3604575 0.6862675 0.725485 -0.05204337 0.5607737 0.7254831 -0.3990079 0.6862674 0.7254859 -0.05203235 0.1450952 0.4823519 -0.8638773 0.1059077 0.4588543 -0.8821771 -0.4823571 0.152917 -0.8625243 -0.4431311 0.1686267 -0.8804544 -0.9215546 -0.05882787 -0.3837665 -0.9294065 -0.07450824 -0.3614584 -0.9843067 -0.1607829 -0.0727272 -0.9843067 -0.1607828 -0.07272797 -0.8823458 0.4666622 -0.06076383 -0.882342 0.46667 -0.06075978 -0.882349 0.4666563 -0.06076425 -0.8823413 0.4666706 -0.06076604 -0.882347 0.466663 -0.06074094 -0.8823478 0.4666581 -0.06076759 -0.882349 0.4666584 -0.06074696 -0.8823522 0.4666536 -0.06073623 -0.8823481 0.4666597 -0.06074994 -0.8823495 0.4666599 -0.0607286 -0.8823472 0.4666602 -0.06076043 -0.8823453 0.4666637 -0.06075918 -0.8823458 0.4666653 -0.06074088 -0.8823455 0.4666673 -0.06073045 -0.8823431 0.4666708 -0.06073933 -0.8823453 0.4666672 -0.06073337 -0.4666646 0.8823438 -0.06077575 -0.4666655 0.882345 -0.0607503 -0.4666644 0.8823467 -0.06073462 -0.4666624 0.8823467 -0.06075078 -0.4666614 0.8823458 -0.06077051 -0.4666628 0.8823456 -0.06076353 -0.4666584 0.8823465 -0.06078469 -0.4666624 0.8823457 -0.06076455 -0.4666618 0.8823461 -0.06076377 -0.4666584 0.8823471 -0.06077438 -0.4666646 0.8823482 -0.0607115 -0.4666622 0.8823462 -0.06075811 -0.4666636 0.8823466 -0.06074172 -0.4666634 0.8823464 -0.06074851 -0.4666626 0.8823454 -0.06076699 -0.4666629 0.8823453 -0.06076866 0.2470225 0.6313513 0.7351024 0.2470223 0.6313515 0.7351022 0.2470223 0.6313515 0.7351022 -0.3960759 -0.5451019 0.73891 -0.3960756 -0.545102 0.73891 -0.3960753 -0.5451021 0.7389101 0.5451054 0.3960835 0.7389032 0.5451053 0.3960837 0.7389032 0.5451055 0.3960835 0.7389033 -0.4666594 0.8823475 -0.06076043 -0.4666614 0.8823474 -0.06074929 -0.4666642 0.8823463 -0.06074023 -0.4666584 0.88235 -0.06073349 -0.4666542 0.8823512 -0.06074869 -0.4666603 0.8823475 -0.06075662 -0.4736327 0.8807225 -6.22405e-6 -0.4666623 0.8823457 -0.06076657 -0.6313721 -0.2392119 0.7376632 -0.6313722 -0.2392122 0.737663 -0.6313723 -0.2392124 0.7376628 -0.466643 -0.4980826 -0.7308612 -0.4666433 -0.4980826 -0.730861 -0.4666432 -0.4980826 -0.7308611 -0.8823442 0.4666671 -0.06074953 -0.8823382 0.4666782 -0.06075459 -0.8823446 0.4666663 -0.06075102 -0.8823447 0.4666631 -0.06077414 -0.8823417 0.4666731 -0.06074035 -0.8823482 0.4666613 -0.06073623 -0.8823472 0.4666608 -0.06075501 -0.8823478 0.4666604 -0.06074959 0.1999769 0.6392109 -0.7425757 0.1999769 0.6392111 -0.7425757 0.1999769 0.6392109 -0.7425757 -0.6392136 -0.1999822 -0.742572 -0.6392133 -0.1999822 -0.7425723 -0.6392135 -0.1999822 -0.7425721 0.4980687 0.4666417 -0.7308715 0.4980686 0.4666416 -0.7308716 0.4980686 0.4666416 -0.7308717 -0.1137193 0.09019374 0.9894105 -0.08235412 0.07450217 0.9938145 -0.09804826 0.07450866 0.9923886 -0.09024453 0.058766 0.9941844 -0.09023225 0.05099183 0.9946145 -0.05885976 0.0901792 0.9941848 -0.2784416 -0.2000104 0.9393967 -0.1529848 0.03524184 0.9875999 -0.2784086 -0.1999875 0.9394114 -0.4744454 -0.5686546 0.6719624 -0.4431462 -0.5843016 0.6798626 -0.4745116 -0.5686203 0.6719448 -0.4980404 -0.5607742 0.6614289 -0.08233547 0.09803289 0.9917714 -0.05882894 0.09019696 0.994185 -0.07451117 0.08235418 0.9938139 -0.05883777 0.09019827 0.9941843 -0.05880826 0.105873 0.9926392 -0.05097883 0.105879 0.9930714 0.1999831 0.2784188 0.9394093 -0.03525429 0.1529873 0.9875991 0.5843142 0.4509815 0.6746797 0.5686956 0.4744879 0.6718978 0.1999913 0.2784426 0.9394004 0.5686241 0.4745215 0.6719346 0.5529708 0.5058478 0.6620735 -0.388229 -0.0431171 0.9205538 -0.08236074 0.09802377 0.9917702 -0.1294208 0.1058975 0.9859189 -0.1686315 0.08235424 0.9822328 -0.388264 -0.04311966 0.9205389 -0.7176308 -0.2156865 0.6621825 -0.7019498 -0.2391971 0.6708586 -0.7176274 -0.2156826 0.6621873 -0.7411711 -0.1843165 0.6455175 0.03531527 0.4666736 -0.8837243 0.01958537 0.4509735 -0.8923224 0.01177406 0.4509747 -0.8924592 -0.003920614 0.4352841 -0.9002847 -0.1372386 0.003913462 -0.9905303 -0.1372409 0.003914713 -0.99053 0.05885171 0.00389266 -0.9982591 0.05879706 0.003907322 -0.9982624 0.2392107 0.003924369 -0.9709598 0.2470549 0.003927052 -0.9689936 0.003920078 0.9999923 -3.52756e-4 0.003921568 0.9999923 -3.53988e-4 0.003925025 0.9999923 -3.21653e-4 0.02744203 0.9996234 1.04457e-5 0.04309678 0.999071 9.69565e-7 0.00392121 0.9999923 -3.59293e-4 -0.1686252 0.9843063 0.05202674 -0.1999997 0.9764631 0.08074587 -0.1529408 0.9843048 0.08805221 -0.1916101 0.9814711 2.69637e-5 0.003930687 0.9999922 -3.19041e-4 0.003919363 0.9999923 -3.51269e-4 0.01176416 0.9999309 -8.84756e-6 -0.003920912 0.9999923 -3.39648e-4 0.003920555 0.9999923 -3.26786e-4 0.003921806 0.9999923 -3.49086e-4 0.0196042 0.9998078 -1.79978e-6 0.01960217 0.9998078 -1.78205e-5 0.02744096 0.9996235 -6.78468e-6 0.01174187 0.9999311 -1.11794e-5 0.01176261 0.9999309 -1.05486e-5 0.02744293 0.9996234 -1.75685e-5 -0.9529566 0.2783814 -0.1199065 -0.9529299 0.2862794 -0.09984397 -0.8823391 0.4431368 0.1584536 -0.8823478 0.4352919 0.1788387 -0.9294037 0.003921806 -0.369044 -0.9293976 0.003930211 -0.3690593 0.9843053 -0.003912329 -0.1764306 0.9843055 -0.00391525 -0.1764299 0.9843064 -0.003927946 -0.176424 0.9843057 -0.003914654 -0.1764286 0.984309 0.003932297 -0.1764099 0.9843055 0.003921806 -0.17643 -0.03529381 0.003921389 -0.9993693 -0.03529399 0.003921449 -0.9993693 -0.03529393 0.003921449 -0.9993693 -0.03529417 0.003921449 -0.9993693 0.325459 0.003869891 -0.9455483 0.3254784 0.003909111 -0.9455414 0.3176431 0.003917872 -0.9482024 0.3176419 0.00393033 -0.9482026 0.4352911 0.8666598 0.2437675 0.4509757 0.8745023 0.1785131 0.3489724 0.937133 -1.87246e-5 0.3489749 0.9371321 1.90046e-5 0.5215526 0.4117492 0.7472921 0.4980034 0.3804396 0.779268 0.4823617 0.003912448 0.8759635 0.4823609 0.003910064 0.8759639 0.3411749 0.9372479 -0.07187587 0.3489693 0.9371342 -1.4184e-5 0.3489728 0.9371328 7.78213e-6 -0.5059509 0.3019437 0.8079876 -0.5293709 0.2941265 0.7957739 -0.5293996 -0.02745455 0.8479283 -0.5450733 -0.03526061 0.8376466 -0.5058894 0.7803951 0.3675045 -0.4980406 0.772545 0.3938655 -0.4352937 0.8980312 0.06371259 -0.427451 0.8980284 0.10407 -0.1137169 -0.5137249 0.8503854 -0.1137104 -0.5137219 0.850388 -0.1137254 -0.5215629 0.8455997 -0.113703 -0.5215725 0.8455968 -0.5686151 0.003929972 0.8225944 -0.5686172 -0.003930091 0.822593 -0.5686165 0.003930032 0.8225935 -0.5686194 0.003930211 0.8225914 -0.4352778 0.003898262 -0.9002878 -0.4352785 0.003898024 -0.9002875 -0.4352843 0.003895759 -0.9002846 -0.4353029 0.003939211 -0.9002755 0.8901888 0.003880083 0.4555754 0.8901894 0.003928005 0.455574 0.8901892 0.003928005 0.4555742 0.8901885 0.003880083 0.4555758 -0.08235824 0.003930687 -0.996595 -0.0823583 0.003930628 -0.996595 -0.0823583 0.003930628 -0.9965951 -0.08235889 0.003930211 -0.996595 -0.9999924 -0.003892421 -3.56288e-4 -0.9999924 -0.003892421 -3.56337e-4 -0.9999924 -0.003892481 -3.56444e-4 -0.9999924 0.0038926 -3.56773e-4 0.003924012 0.9999923 -3.64573e-4 -0.003923416 0.9999923 -3.6576e-4 0.003924131 0.9999923 -3.64633e-4 -0.003921806 0.9999923 -3.66034e-4 0.9999924 0.003902494 1.00656e-5 0.9999925 0.003902375 9.86329e-6 0.9999924 0.003902494 1.00691e-5 0.9999924 0.003902554 1.01549e-5 -0.003920614 -0.9999924 -2.20818e-5 0.003918468 -0.9999923 -2.27783e-5 -0.003920495 -0.9999924 -2.21394e-5 0.003916978 -0.9999924 -2.26636e-5 -0.003932178 0.003931999 0.9999846 0.01960432 0.9998078 3.20515e-6 0.01960277 0.9998078 7.53254e-6 0.01960122 0.999808 1.45556e-5 0.01176297 0.9999309 1.59461e-5 0.003923773 0.9999923 -3.31767e-4 -0.003923714 0.9999923 -3.2788e-4 0.01965594 0.9998069 2.79658e-5 0.01960688 0.9998078 -5.65313e-6 0.0196048 0.9998078 4.75114e-6 0.4431701 0.01958596 -0.8962236 0.6392039 -0.03529071 -0.7682272 0.4431149 0.01179975 -0.8963872 0.6470637 -0.04314267 -0.7612143 0.58434 -0.02743399 -0.8110452 0.7176371 -0.02745664 -0.6958759 0.7333324 0.003887832 -0.6798592 0.4509781 0.003916084 -0.8925264 0.1137246 0.003925621 -0.9935046 0.1137252 0.003925681 -0.9935045 0.2940633 0.01962381 -0.9555845 0.2940884 0.01959848 -0.9555773 0.6000034 0.003904223 -0.7999881 0.4666588 0.003939747 -0.8844287 0.6000112 0.003887653 -0.7999823 0.4666612 0.003934621 -0.8844274 0.5999939 0.003897011 -0.7999951 0.5999929 0.003873765 -0.799996 0.3176572 -0.003936827 -0.9481974 0.3176825 0.003920137 -0.9481891 0.3333311 0.003936529 -0.9428017 0.9137216 0.4039129 -0.04435515 0.9137216 0.4039131 -0.04435348 0.9187408 0.3948612 3.80294e-5 0.9215674 0.3882182 -4.46942e-5 0.003922998 0.6235242 0.7817942 0.00393337 0.6235215 0.7817964 0.003940403 0.6235198 0.7817978 0.003906428 0.6235275 0.7817918 -0.9999924 0.003915846 -3.4369e-4 -0.9999924 0.003915786 -3.44256e-4 -0.9999924 -0.003915846 -3.4389e-4 -0.9999923 -0.003915846 -3.43853e-4 -0.003932356 0.003932118 -0.9999846 -0.003931999 0.003932416 -0.9999846 -0.003932058 0.003932118 -0.9999846 -0.003932297 0.003931879 -0.9999846 -0.01959872 0.9372924 0.3479929 -0.05096852 0.4117786 0.9098575 -0.01960301 0.945086 0.3262335 -0.0352993 0.4588479 0.8878133 -0.04313778 0.003872096 0.9990617 -0.05099475 0.4431273 0.8950072 -0.01960015 0.9529379 0.3025314 -0.05096989 0.003907024 0.9986926 -0.05882495 0.003916144 0.9982606 -0.04316616 0.01176393 0.9989987 -0.04311591 -0.01963722 0.9988771 -0.003889203 0.9999924 -3.33089e-4 -0.00391227 0.9999924 -3.43356e-4 0.003921687 0.9999923 -3.43271e-4 0.003919184 0.9999923 -3.50311e-4 0.003919601 0.9999923 -3.31684e-4 -0.0431351 0.003914713 0.9990616 -0.05097585 0.003916561 0.9986923 -0.9999923 0.003923416 -3.3835e-4 -0.9999923 -0.003922522 -3.38193e-4 -0.9999923 0.003922343 -3.38163e-4 -0.9999923 -0.003922879 -3.38255e-4 -0.003927052 0.9843086 0.1764124 -0.00392878 0.9843093 0.1764077 -0.01176655 0.9843053 0.1760814 -0.01176375 0.9843069 0.1760732 -0.02747583 0.5059052 0.8621515 -0.04314357 -0.003898024 0.9990614 -0.04311573 0.3960784 0.917204 -0.04313451 -0.003940403 0.9990616 -0.04314458 0.003904819 0.9990612 -0.04313522 0.003927588 0.9990615 -0.003918468 0.968626 0.248492 -0.01960128 0.9215545 0.387754 0.003886818 0.9999924 -3.4278e-4 0.003898501 0.9999924 -3.42949e-4 0.003889083 0.9999924 -3.41397e-4 0.003905177 0.9999924 -3.43407e-4 0.003893017 0.9999924 -3.44232e-4 0.003882288 0.9999924 -3.44797e-4 0.003913462 0.9999924 -3.44664e-4 -0.04313564 0.003927648 0.9990616 -0.04313433 0.003927528 0.9990617 0.003961443 0.9999922 -3.51045e-4 0.003885805 0.9999924 -3.41574e-4 0.003900945 0.9999924 -3.43108e-4 0.003917157 0.9999924 -3.44862e-4 -0.05881261 0.003903388 0.9982615 -0.05881303 0.003903329 0.9982614 -0.05881297 0.003903269 0.9982615 -0.05881291 0.003903388 0.9982614 -0.05881822 0.003931045 -0.998261 -0.05881851 0.003931164 -0.998261 -0.05881816 0.003931045 -0.998261 -0.05883949 0.00388807 -0.99826 -0.9999923 -0.003918528 -2.82181e-4 -0.9999924 0.003914415 -3.43987e-4 -0.9999924 -0.001142144 -0.003762006 -0.9999924 0.003909587 -3.4418e-4 -0.9999924 -6.65631e-5 0.00393033 -0.9999924 0.0039137 -3.44018e-4 -0.9999924 0.00391674 -3.44404e-4 -0.9999923 1.6181e-7 0.003930926 -0.9999923 0.003915786 -3.44526e-4 -0.9999924 0.003915786 -3.44409e-4 -0.9999924 0 -0.003930926 -0.05098706 0.003927946 0.9986916 -0.05881118 -0.01174473 0.9982001 -0.05099028 0.4744766 0.8787901 -0.05096161 0.003936588 0.9986929 -0.05882859 0.003898143 0.9982606 -0.05882388 0.003917038 0.9982607 -0.0588237 0.333329 0.9409737 -0.01178437 0.905867 0.4233984 -0.01176613 0.9686225 0.2482581 0.01177287 0.9999307 2.4972e-5 0.01176548 0.9999308 -2.18265e-5 0.003921508 0.9999923 -3.441e-4 -0.003900945 0.9999923 -3.23165e-4 -0.003903865 0.9999924 -3.3199e-4 -0.003934681 0.9999922 -3.55075e-4 -0.003932178 0.003931939 -0.9999846 -0.003931999 0.003932178 -0.9999846 -0.003932118 0.003931999 -0.9999846 -0.003931879 0.003932297 -0.9999846 -0.4425171 -0.8967601 2.41596e-7 -0.4425172 -0.8967601 -2.40456e-7 -0.4425172 -0.8967601 0 -0.4425171 -0.8967601 0 -0.003934264 0.003932178 0.9999846 -0.003934323 0.003931939 0.9999846 -0.003931999 0.003932297 0.9999846 -0.003932118 0.003931999 0.9999846 0.4425184 0.8967595 0 0.4425184 0.8967595 0 0.4425184 0.8967595 -2.40456e-7 0.4425184 0.8967595 2.41596e-7 -0.8807234 0.4736309 1.64885e-7 -0.880748 0.4735852 0 -0.8807482 0.4735849 -1.63366e-7 -0.8807275 0.4736235 0 -0.003932237 0.003931879 -0.9999846 -0.003932118 0.003931999 -0.9999846 -0.003931879 0.003932237 -0.9999846 -0.5921536 -0.8039155 -0.05544477 -0.5921515 -0.8039171 -0.05544465 -0.5921566 -0.8039133 -0.05544495 -0.5921545 -0.8039148 -0.05544477 -0.003929197 0.003932595 0.9999846 -0.003929615 0.003932476 0.9999846 -0.003933966 0.003932237 0.9999846 -0.003934144 0.003932297 0.9999846 0.5921561 0.8039137 -0.05544483 0.592158 0.8039121 -0.05544495 0.5921521 0.8039166 -0.05544465 0.5921542 0.8039152 -0.05544477 -0.7880253 0.6156429 0 -0.7880223 0.6156468 0 -0.7880516 0.6156094 0 -0.7880486 0.6156132 0 -0.9215665 0.286268 0.2622327 -0.9215638 0.2862709 0.2622389 -0.9215654 0.2862688 0.2622358 -0.9215627 0.2862716 0.262242 0.3803911 0.9215619 -0.07763034 0.4196057 0.9058763 -0.05761426 0.3803849 0.9215638 -0.0776385 0.4196059 0.9058742 -0.05764555 0.4581457 0.8888772 -1.42462e-5 0.4581472 0.8888764 1.50576e-5 0.9137198 -0.3176559 -0.253399 0.9137189 -0.3176413 -0.2534203 0.9137188 -0.3176231 -0.2534436 0.9137187 -0.317637 -0.2534264 -0.1764699 -0.984306 2.28584e-5 -0.1840523 -0.9829165 1.25095e-5 -0.1764706 -0.9843059 -1.00313e-5 -0.1840525 -0.9829165 9.22009e-6 -0.1921536 -0.976465 -0.09794437 -0.1921585 -0.9764641 -0.09794431 -0.5519863 -0.8338531 2.61515e-6 -0.5607814 -0.8274437 -0.0293461 -0.5519856 -0.8338537 -9.49949e-6 -0.5450935 -0.8352868 -0.0718978 -0.5450895 -0.8352913 -0.07187438 -0.5607806 -0.8274444 -0.02934283 -0.5519877 -0.8338524 -1.16229e-6 -0.5607806 -0.8274444 -0.02934283 -0.1450952 0.08232271 -0.985987 -0.2705875 0.09803223 -0.957691 -0.1372409 0.05884248 -0.9887884 -0.2627245 0.09017693 -0.9606478 -0.4117965 0.1450616 -0.8996559 -0.4117948 0.1450555 -0.8996578 -0.976446 -0.2157621 -7.71413e-5 -0.9764868 -0.2155772 -9.92229e-5 -0.9764651 -0.2156759 -8.81619e-5 -0.9764237 -0.2158629 -6.60937e-5 -0.3647045 0.9294037 -0.05656433 -0.3647067 0.9294029 -0.05656445 -0.3646996 0.9294056 -0.05656427 -0.3646992 0.9294058 -0.05656421 0.4666635 0.8823447 -0.0607714 0.4666599 0.8823475 -0.06075847 0.4666594 0.8823473 -0.06076598 0.4666606 0.8823474 -0.06075388 -0.4666634 -0.8823462 -0.06074982 -0.4666652 -0.8823439 -0.06076991 -0.466663 -0.8823472 -0.06073921 -0.4666624 -0.8823462 -0.06075775 -0.9451141 0.3254209 -0.02933406 -0.9450913 0.3254875 -0.02933394 -0.9843077 0.1764611 -3.69955e-4 -0.9843145 0.1764222 -3.66447e-4 -0.9998087 0.01955866 -2.44814e-5 -0.9998088 0.01955687 9.46189e-6 -0.9998081 0.01959341 -8.46665e-6 -0.443155 0.1842699 0.8773018 -0.6470572 0.1294087 0.7513791 -0.4745109 0.00391668 0.880241 -0.6627462 0.003914654 0.7488339 -0.1607565 0.2235642 0.961341 -0.1921644 0.003912508 0.981355 -0.011765 0.003912627 0.9999232 0.01960653 0.2705893 0.9624952 -0.7490069 0.003905177 0.6625507 -0.7333448 0.1215348 0.6689057 -0.4275225 0.3489888 0.8339252 -0.6470531 0.2470551 0.7213087 0.05880737 0.5529705 0.831123 -0.145101 0.443139 0.8846319 -0.7177523 0.2079278 0.6645281 -0.9999924 0.003893613 -3.40643e-4 -0.9999926 0.003847599 -3.33501e-4 -0.9999924 0.003893315 -3.40909e-4 -0.9999924 0.003894865 -3.40862e-4 -0.9999924 0.003891766 -3.40561e-4 -0.9999924 0.003892958 -3.4012e-4 -0.4352924 0.6862674 0.5827156 -0.2784475 0.6627395 0.6951571 -0.4117735 0.6862564 0.599579 -0.262746 0.6549176 0.7085531 -0.0431382 0.6470523 0.7612243 -0.05883848 0.6548894 0.753431 0.1137164 0.6862837 0.7183895 0.1215283 0.6941391 0.7095081 -0.4745022 0.7097868 0.5206252 -0.4745042 0.7098037 0.5206001 -0.6626679 0.7489134 0 -0.6392098 0.7647039 -0.0814805 -0.6545976 0.7559776 2.17743e-5 -0.623526 0.772543 -0.1199693 -0.4352843 0.003918707 -0.9002845 -0.4509739 -0.01958149 -0.8923223 -0.4509695 -0.01177352 -0.8924618 -0.4666503 -0.035263 -0.8837387 -0.003908455 -0.05879706 -0.9982624 -0.003914713 0.1372409 -0.99053 -0.003892779 -0.05885183 -0.9982591 -0.003913462 0.1372387 -0.9905303 -0.003924071 -0.2392111 -0.9709597 -0.00392729 -0.2470555 -0.9689934 -0.9996234 -0.02744156 1.02837e-5 -0.9999923 -0.003921389 -3.53839e-4 -0.9999923 -0.003925204 -3.21642e-4 -0.9999923 -0.003920018 -3.5291e-4 -0.999071 -0.04309618 5.53206e-7 -0.9999923 -0.003921747 -3.59129e-4 -0.9814724 0.1916041 -3.69921e-6 -0.9764649 0.1999974 0.08073019 -0.9843076 0.1529405 0.08802157 -0.9843066 0.1686258 0.05201929 -0.9999923 -0.003929734 -3.18733e-4 -0.9999923 -0.003918647 -3.5094e-4 -0.9999308 -0.01176393 1.24308e-5 -0.9999923 0.003919363 -3.4445e-4 -0.9999923 -0.003922939 -3.23467e-4 -0.9999923 -0.003922045 -3.49212e-4 -0.9998078 -0.01960474 -1.97068e-6 -0.9998079 -0.01960211 -1.7941e-5 -0.9996234 -0.02744114 -6.64778e-6 -0.9999311 -0.01174235 -1.13523e-5 -0.9999309 -0.01176279 -1.02911e-5 -0.9996234 -0.02744263 -1.83114e-5 -0.4352927 0.8823476 0.1788384 -0.2862777 0.9529309 -0.09983992 -0.4431316 0.8823499 0.1584076 -0.2784105 0.9529433 -0.1199452 -0.003922581 0.9294042 -0.3690426 -0.003931403 0.929398 -0.3690585 0.003865301 -0.9843048 -0.1764349 0.00390923 -0.9843056 -0.1764293 0.003895521 -0.984307 -0.1764214 0.003914296 -0.9843059 -0.1764276 -0.00392872 -0.9843105 -0.1764016 -0.003918647 -0.984307 -0.1764215 -0.003921449 0.03529435 -0.9993693 -0.003921449 0.03529423 -0.9993693 -0.003921449 0.03529405 -0.9993693 -0.003921508 0.03529441 -0.9993693 -0.003930211 -0.3176463 -0.9482012 -0.003911077 -0.3254746 -0.9455427 -0.003918588 -0.317646 -0.9482014 -0.003913223 -0.3254772 -0.9455418 -0.9371322 -0.3489744 -1.29659e-5 -0.8745024 -0.450975 0.1785137 -0.937132 -0.3489755 -1.16056e-5 -0.8666605 -0.4352908 0.2437657 -0.4117485 -0.5215551 0.7472908 -0.3804903 -0.4979748 0.7792614 -0.003910958 -0.4823587 0.8759651 -0.003908216 -0.4823568 0.8759662 -0.93725 -0.3411732 -0.07185697 -0.9371325 -0.3489739 -2.3365e-5 -0.9371319 -0.3489755 -3.90573e-6 0.03530222 0.5450932 0.837632 -0.2941188 0.5294156 0.7957471 0.02745038 0.529401 0.8479276 -0.3019443 0.5059515 0.807987 -0.7803956 0.5058887 0.3675042 -0.7725434 0.4980421 0.3938664 -0.8980326 0.4352911 0.06371229 -0.89803 0.4274482 0.1040696 0.5215701 0.1137029 0.8455983 0.5137237 0.1137071 0.8503873 0.5215709 0.1137146 0.8455961 0.5137322 0.1137056 0.8503825 -0.003930687 0.5686181 0.8225923 0.003930985 0.5686174 0.8225928 -0.003931045 0.568617 0.822593 -0.003931045 0.5686165 0.8225935 -0.003896355 0.4352846 -0.9002846 -0.003898024 0.4352805 -0.9002866 -0.003896594 0.435284 -0.9002849 -0.003898203 0.4352799 -0.9002867 -0.003925621 -0.1137246 -0.9935046 -0.003925621 -0.1137243 -0.9935046 -0.003925621 -0.1137243 -0.9935046 -0.003877758 -0.113727 -0.9935045 -0.003928005 -0.8901883 0.455576 -0.003927946 -0.8901891 0.4555743 -0.003927946 -0.8901891 0.4555744 -0.003927886 -0.89019 0.4555727 -0.003930628 0.0823583 -0.996595 -0.003930509 0.08235847 -0.996595 -0.003891348 0.08233094 -0.9965975 -0.00393027 0.08235877 -0.996595 -0.003892123 0.9999924 -3.56043e-4 -0.003892183 0.9999924 -3.56187e-4 -0.003893315 0.9999924 -3.56797e-4 -0.003893435 0.9999924 -3.56872e-4 -0.9999923 0.003921806 -3.65736e-4 -0.9999923 0.003923416 -3.65573e-4 -0.9999923 0.003923714 -3.66084e-4 -0.9999923 0.003923892 -3.66095e-4 -0.003902792 -0.9999924 1.2861e-5 -0.003902912 -0.9999924 1.28902e-5 -0.003902196 -0.9999924 8.01145e-6 -0.003902077 -0.9999924 7.41822e-6 0.9999924 -0.003916978 -2.13739e-5 0.9999924 -0.003918468 -2.15939e-5 0.9999923 0.003920555 -2.22672e-5 0.9999923 0.003926575 2.525e-5 -0.9999309 -0.01176297 1.60299e-5 -0.9998078 -0.01960283 7.61077e-6 -0.999808 -0.01960116 1.45878e-5 -0.9998078 -0.01960426 3.22284e-6 -0.9999923 -0.003923833 -3.31661e-4 -0.9999923 0.003923654 -3.27863e-4 -0.999808 -0.01960039 1.57916e-5 -0.9998082 -0.01958543 3.72129e-5 -0.9998078 -0.01960486 4.76465e-6 0.04314327 -0.6470639 -0.7612142 0.03529185 -0.6392039 -0.7682271 -0.01176172 -0.4431354 -0.8963776 -0.01960706 -0.4431352 -0.8962405 0.03529006 -0.7098011 -0.7035177 0.02745664 -0.7176365 -0.6958764 -0.003887712 -0.7333322 -0.6798594 -0.003887534 -0.7333329 -0.6798586 -0.01961064 -0.294107 -0.9555714 -0.0195989 -0.294088 -0.9555774 -0.003904044 -0.6000034 -0.7999879 -0.00388801 -0.6000115 -0.799982 -0.003939688 -0.4666589 -0.8844286 -0.003934621 -0.4666616 -0.8844273 -0.003897309 -0.599994 -0.7999951 -0.003921627 -0.599995 -0.7999942 0.003935813 -0.3176576 -0.9481974 -0.003924548 -0.3176369 -0.9482043 -0.003936171 -0.3333309 -0.9428018 -0.3882437 -0.9215568 -7.69017e-6 -0.4039168 -0.9137199 -0.04435336 -0.3948633 -0.9187399 -9.379e-6 -0.4039171 -0.9137197 -0.04435503 -0.6235176 -0.003952622 0.7817994 -0.6235225 -0.00393325 0.7817956 -0.6235206 -0.003940522 0.7817971 -0.6235134 -0.003968358 0.7818025 -0.003915607 0.9999923 -3.46193e-4 -0.003915846 0.9999924 -3.43775e-4 -0.003915667 0.9999924 -3.46091e-4 -0.003915846 0.9999924 -3.4369e-4 -0.003931879 0.003932297 -0.9999846 -0.003931879 0.003932237 -0.9999846 -0.003932118 0.003931999 -0.9999846 -0.003932118 0.003931999 -0.9999846 -0.4588549 0.03530019 0.8878098 -0.4117787 0.05096805 0.9098574 -0.9450854 0.01960331 0.3262353 -0.9372556 0.01960599 0.3480913 -0.003888428 0.04313874 0.9990616 -0.4431273 0.05099529 0.8950071 -0.9529379 0.01960015 0.3025314 -0.003946006 0.05099785 0.998691 -0.003916025 0.05882644 0.9982606 -0.01176649 0.04311859 0.9990007 0.01964133 0.04311591 0.998877 -0.9999924 0.003889441 -3.32722e-4 -0.9999926 0.003866255 -3.31207e-4 -0.9999923 -0.003921687 -3.43406e-4 -0.9999923 -0.003918588 -3.50427e-4 -0.9999923 -0.003919601 -3.31789e-4 -0.003913402 0.04313546 0.9990616 -0.003916561 0.05097645 0.9986922 0.003794133 0.9999927 -3.20675e-4 0.0039227 0.9999923 -3.42187e-4 -0.003922045 0.9999923 -3.41989e-4 -0.003922045 0.9999923 -3.40993e-4 -0.9843068 0.01176369 0.1760733 -0.984307 0.003923714 0.1764214 -0.9843059 0.01176393 0.1760784 -0.9843087 0.00392729 0.1764117 -0.003909647 0.04314702 0.9990611 0.003926813 0.04313105 0.9990617 -0.3960861 0.04315328 0.9171988 -0.5058587 0.03526496 0.8618952 -0.003904044 0.04314476 0.9990612 -0.00388211 0.04316234 0.9990605 -0.9686219 0.003932535 0.2485082 -0.003927648 0.04313558 0.9990616 -0.003927648 0.0431357 0.9990615 -0.9215636 0.01961308 0.3877317 -0.3960772 0.04316908 0.9172019 -0.9686223 0.003897845 0.2485072 -0.9215538 0.01962041 0.3877546 -0.9686161 0.003905594 0.2485309 -0.9999924 -0.003886818 -3.41595e-4 -0.9999924 -0.003898501 -3.4208e-4 -0.9999924 -0.003889083 -3.40522e-4 -0.9999924 -0.003904521 -3.42529e-4 -0.9999924 -0.003893017 -3.4302e-4 -0.9999925 -0.003882229 -3.43431e-4 -0.9999924 -0.003913342 -3.43703e-4 -0.9999925 -0.003869235 -3.40327e-4 -0.9999924 -0.003885746 -3.40664e-4 -0.9999924 -0.003901004 -3.41731e-4 -0.9999923 -0.003914117 -3.43133e-4 -0.003903388 0.05881297 0.9982615 -0.003903329 0.05881315 0.9982614 -0.003903269 0.05881327 0.9982614 -0.003903388 0.05881297 0.9982615 -0.003887832 0.05883884 -0.9982599 -0.003931045 0.05881822 -0.998261 -0.003931045 0.05881822 -0.998261 -0.003931045 0.05881822 -0.998261 -0.003915548 0.9999924 -3.47036e-4 -0.003915727 0.9999924 -3.48711e-4 0.003908693 0.9999924 -4.17142e-4 -0.002604782 0.9999924 0.002943933 -0.003915667 0.9999924 -3.46097e-4 -0.003915786 0.9999923 -3.47628e-4 -0.002574145 0.9999924 -0.002968192 -0.003915786 0.9999924 -3.44777e-4 -0.3333311 0.05882376 0.940973 0.01174479 0.05881118 0.9982001 -0.4744763 0.05099016 0.8787903 -0.9058684 0.01178485 0.4233953 -0.9686225 0.01176756 0.2482582 -0.9999308 -0.01177263 2.40876e-5 -0.9999309 -0.0117653 -2.35213e-5 -0.9999924 -0.003905475 -2.9964e-4 -0.9999924 0.003902018 -3.22824e-4 -0.9999924 0.003905057 -3.31859e-4 -0.9999923 0.003935813 -3.54839e-4 -0.003927886 0.050987 0.9986917 -0.003936827 0.05096179 0.9986929 -0.003897905 0.05882871 0.9982605 -0.003917038 0.058824 0.9982607 0.7019557 -0.7019567 0.1204785 0.45885 -0.8823345 0.1046065 0.701954 -0.7019545 0.120502 0.4588209 -0.8823493 0.1046093 0.3254877 -0.9450906 0.02935314 0.3254876 -0.9450913 0.02933371 0.882347 -0.458819 0.1046378 0.882351 -0.458818 0.1046088 0.9450904 -0.3254882 0.02935475 0.9450908 -0.3254884 0.02933597 -0.5920911 0.7647312 0.2541936 -0.5921004 0.7647269 0.2541849 -0.6862676 0.686268 0.2409837 -0.6862693 0.6862697 0.2409738 -0.7647233 0.5921006 0.2541952 -0.7647114 0.5921249 0.2541742 -0.2627516 0.3490205 -0.8995256 -0.3097932 0.3097931 -0.8989197 -0.1842895 0.239211 -0.9533182 -0.2081054 0.2081056 -0.9557114 -0.1058566 0.1372277 -0.984867 -0.1215763 0.121576 -0.9851084 -0.2392114 0.1842899 -0.953318 -0.3490211 0.2627521 -0.8995253 -0.1372278 0.105857 -0.984867 0.2784279 -0.5215693 -0.8065009 0.2784303 -0.5215616 -0.8065049 0.4196529 -0.4196531 -0.8048496 0.4196496 -0.4196494 -0.8048532 0.1921601 -0.5607881 -0.8053517 0.1921584 -0.5607848 -0.8053545 0.5215224 -0.2784422 -0.8065262 0.5215693 -0.2784281 -0.8065007 0.560788 -0.1921602 -0.8053517 0.5607847 -0.1921581 -0.8053544 -0.5999985 0.7960705 -0.07920694 -0.7071068 0.7071067 0 -0.5999228 0.7961276 -0.079207 -0.7071069 0.7071067 0 -0.7960726 0.5999956 -0.07920694 -0.7960703 0.5999987 -0.07920688 -0.003932297 0.00393182 -0.9999846 -0.003932893 0.003931224 -0.9999846 -0.003931999 0.003932118 -0.9999846 -0.003933131 0.003931045 -0.9999846 0.8967597 0.4425179 0 0.8967605 0.4425164 -2.41597e-7 0.8967598 0.4425178 0 0.8967605 0.4425162 2.40456e-7 -0.003933131 0.003930985 0.9999846 -0.003931939 0.003932178 0.9999846 -0.003932833 0.003931283 0.9999846 -0.003932178 0.003931999 0.9999846 -0.8967598 -0.442518 2.40456e-7 -0.8967599 -0.4425175 0 -0.8967598 -0.4425179 -2.41597e-7 -0.8967599 -0.4425175 0 -0.4736258 0.8807262 0 -0.4736286 0.8807247 0 -0.4736284 0.8807249 -1.15814e-6 -0.4736311 0.8807234 1.65667e-7 -0.003932237 0.003931879 -0.9999846 -0.003931999 0.003932118 -0.9999846 -0.003932297 0.00393182 -0.9999846 -0.003931879 0.003932237 -0.9999846 0.8039172 0.5921512 0.05544453 0.8039169 0.5921518 -0.05544465 0.8039157 0.5921533 0.05544471 0.8039153 0.5921538 -0.05544477 -0.003936946 0.00393182 0.9999846 -0.003928899 0.003931105 0.9999846 -0.00393635 0.003931879 0.9999846 -0.003928363 0.003931164 0.9999846 -0.8039141 -0.5921555 -0.05544477 -0.8039122 -0.592158 -0.05544495 -0.8039156 -0.5921534 -0.05544459 -0.8039138 -0.5921559 -0.05544477 -0.6155754 0.7880781 0 -0.6155744 0.7880789 0 -0.6155745 0.7880788 0 -0.615649 0.7880206 0 -0.2862738 0.9215609 0.2622458 -0.2862722 0.9215623 0.2622427 -0.2862663 0.9215666 0.2622342 -0.2862779 0.9215517 0.2622741 -0.9058746 -0.4196052 -0.05764287 -0.9058766 -0.4196051 -0.05761164 -0.9215596 -0.3803943 -0.07764077 -0.9215614 -0.3803915 -0.07763272 -0.8888775 -0.458145 -1.40555e-5 -0.8888767 -0.4581466 1.50081e-5 0.3176642 -0.9137188 -0.253392 0.3176409 -0.9137181 -0.2534238 0.3176536 -0.9137206 -0.2533989 0.3176584 -0.9137208 -0.2533921 0.9829164 0.184053 1.01626e-5 0.9829165 0.1840527 1.32918e-5 0.9843061 0.1764698 -9.77889e-6 0.9843056 0.1764724 -2.48044e-5 0.976465 0.1921545 -0.09794342 0.9764655 0.1921524 -0.09794294 0.8274438 0.5607816 -0.02933973 0.8274438 0.5607816 -0.02933967 0.8338516 0.5519887 1.89617e-6 0.8338513 0.5519891 -2.11336e-5 0.8338536 0.5519858 -9.48459e-6 0.8274444 0.5607805 -0.02934592 0.8352892 0.5450924 -0.07187664 0.8352905 0.5450913 -0.0718702 0.8352906 0.5450913 -0.0718702 0.8338512 0.5519894 1.47186e-5 0.6862708 -0.6862688 -0.2409724 0.5843071 -0.7725446 -0.2485157 0.6862674 -0.6862657 -0.2409908 0.584306 -0.7725451 -0.2485172 0.7725427 -0.5843095 -0.2485162 0.7725424 -0.5843093 -0.2485177 -0.09017682 0.2627249 -0.9606476 -0.09803205 0.2705873 -0.9576911 -0.05884236 0.137241 -0.9887884 -0.08232277 0.1450949 -0.9859871 -0.1450951 0.4117633 -0.8996657 -0.145092 0.4117642 -0.899666 0.2155739 0.9764876 0 0.2155731 0.9764877 0 0.2155738 0.9764876 0 0.2155731 0.9764878 0 -0.9294052 0.3646994 -0.05657136 -0.9294039 0.3647028 -0.05657136 -0.9294041 0.3647025 -0.05657142 -0.9294018 0.3647084 -0.05657142 -0.882347 -0.4666609 -0.06075733 -0.8823454 -0.4666622 -0.06077003 -0.8823469 -0.4666631 -0.06074267 -0.8823465 -0.4666621 -0.06075674 0.8823457 0.4666628 -0.06076091 0.8823475 0.4666613 -0.06074655 0.8823439 0.4666646 -0.06077384 0.8823476 0.4666592 -0.06076103 -0.1764746 0.9843052 -3.46582e-4 -0.3254879 0.9450912 -0.02933394 -0.176415 0.9843158 -3.3629e-4 -0.3254892 0.9450907 -0.02933394 -0.0195648 0.9998087 -3.81726e-5 -0.01960366 0.9998079 2.65788e-7 -0.01960527 0.9998078 -2.54742e-5 -0.1293987 0.239246 -0.9622979 -0.08235871 0.2706042 -0.9591614 -0.0902059 0.1764593 -0.9801659 -0.1764654 0.2156819 -0.960386 -0.2627587 0.3490327 -0.8995187 -0.1450936 0.1450951 -0.9787213 -0.3176397 0.3176407 -0.8934257 -0.1372843 0.4117753 -0.9008852 -0.05883073 0.2156717 -0.9746921 0.05097615 -0.09802699 -0.9938774 0.03528761 -0.1058752 -0.9937531 -0.1294172 0.411756 -0.9020578 -0.05098122 0.2784276 -0.9591033 -0.003925383 0.2941042 -0.9557654 -0.02745449 0.1294154 -0.9912104 -0.003902852 0.1372124 -0.990534 -0.09806591 0.2706129 -0.9576804 -0.05882978 0.1372016 -0.9887946 -0.04306679 0.05094832 -0.9977723 -0.02747678 -0.003898024 -0.999615 -0.03529179 0.02744865 -0.999 -0.01962012 0.1294139 -0.9913966 -0.0666362 0.1372687 -0.98829 -0.08235621 0.2705934 -0.9591646 -0.003907501 0.1372243 -0.9905323 -0.003916144 0.1372414 -0.99053 -0.0039137 0.1372401 -0.9905301 -0.003904104 0.1372187 -0.9905332 -0.04317724 0.1058799 -0.9934412 -0.05880492 0.09804379 -0.9934433 -0.1764732 0.2156869 -0.9603835 -0.0980578 0.1372316 -0.9856735 -0.04314738 0.05883163 -0.997335 -0.05094164 0.05094212 -0.9974017 0.003935217 0.003933191 -0.9999846 -0.003931939 -0.003932178 -0.9999846 -0.003911137 0.003911197 -0.9999848 -0.1058598 0.1058614 -0.98873 -0.003932952 -0.003934741 -0.9999846 -0.05883967 0.0431568 -0.9973342 0.003932058 0.003932058 -0.9999846 -0.1372485 0.09804511 -0.9856724 -0.215678 0.176469 -0.9603863 -0.2156745 0.1764618 -0.9603883 -0.2392289 0.1293627 -0.962307 -0.09802776 0.05883705 -0.993443 -0.1764979 0.09016788 -0.9801625 -0.2706107 0.08236616 -0.9591589 -0.3490028 0.2627285 -0.8995393 -0.4117742 0.1372841 -0.9008858 -0.2156723 0.05883264 -0.9746918 0.09797906 -0.050969 -0.9938825 0.1059098 -0.03531968 -0.9937483 -0.4117581 0.1294211 -0.9020563 -0.2784284 0.05098211 -0.9591031 -0.2941045 0.003927946 -0.9557653 -0.1294149 0.02745318 -0.9912105 -0.1372555 0.003921747 -0.9905279 -0.2706123 0.09806549 -0.9576807 -0.1371703 0.05883252 -0.9887988 -0.05105042 0.04328829 -0.9977575 0.003927171 0.02744215 -0.9996157 -0.02745962 0.03529703 -0.9989996 -0.129413 0.0196197 -0.9913967 -0.1372724 0.06663542 -0.9882894 -0.2705852 0.08235365 -0.9591671 -0.1372691 0.003927767 -0.9905261 -0.1372423 0.003916382 -0.9905298 -0.1372416 0.003915607 -0.9905298 -0.1372188 0.003904104 -0.9905331 -0.1058615 0.04317826 -0.993443 0.07450288 -0.07450163 -0.9944339 -0.1921713 0.5764576 0.7942083 -0.2940953 0.5529743 0.7795689 -0.2392161 0.7019665 0.6708344 -0.3490173 0.6705839 0.6546024 -0.5372622 0.5372619 0.6501531 -0.450983 0.4509881 0.7702105 -0.5529561 0.294108 0.7795768 -0.6705843 0.3490185 0.6546013 -0.7019392 0.2392097 0.6708652 -0.5764564 0.1999822 0.7922785 -0.3646467 0.3647177 0.8567461 -0.3019515 0.3960822 0.8671472 -0.4039006 0.3019477 0.8635345 -0.1607591 0.4588251 0.8738628 -0.1607846 0.4745157 0.8654382 -0.4666677 0.1607807 0.8696959 -0.4587957 0.1529551 0.8752779 -0.2235122 0.4588105 0.8599624 -0.1606848 0.4666958 0.8696985 -0.4355457 0.2627228 0.8609743 -0.4666662 0.1607807 0.8696967 -0.4196033 0.1529359 0.8947311 -0.419581 0.1450746 0.8960498 -0.2705971 0.03530907 0.962045 -0.2784181 0.03529006 0.9598115 -0.1686214 0.01960784 0.9854859 -0.1765533 0.01956182 0.9840967 -0.1764513 0.01186078 0.984238 -0.1686251 0.03529322 0.9850482 -0.1764855 0.003904104 0.9842956 -0.1607551 0.0431205 0.986052 -0.05882495 0.01960664 0.9980758 0.003932178 -0.003931939 0.9999846 -0.003932058 0.003932118 0.9999846 -0.1765261 0.003850936 0.9842884 -0.1686204 0.05879265 0.9839262 -0.1843249 0.0980376 0.9779637 -0.1921637 0.09802848 0.9764546 -0.1843071 0.09802979 0.9779679 -0.1765078 0.0902208 0.9801557 -0.1686298 0.05883407 0.983922 -0.2235141 0.03530216 0.9740613 -0.2705679 -0.003937721 0.9626929 -0.05881655 0.01960307 0.9980764 -0.2235277 0.08235573 0.9712122 -0.223536 0.03531765 0.9740557 -0.2156623 0.09023249 0.97229 -0.1843244 0.09803926 0.9779637 -0.168615 0.07450574 0.9828621 -0.1686149 0.07450598 0.9828621 -0.2235271 0.03529578 0.9740585 -0.01958435 0.1765092 0.9841042 -0.01960593 0.168638 0.9854831 -0.03531271 0.2706164 0.9620394 -0.01185965 0.1764518 0.9842379 -0.04312312 0.1686103 0.9847391 -0.003923952 0.1764667 0.9842988 -0.04311776 0.1607513 0.9860528 -0.01960515 0.05880725 0.9980769 0.003932118 -0.003931999 0.9999846 -0.003932178 0.003931939 0.9999846 -0.003833711 0.1765527 0.9842838 -0.09802633 0.1921809 0.9764513 -0.05880814 0.1686308 0.9839235 -0.03527522 0.2704191 0.9620963 -0.1450309 0.4274236 0.8923425 -0.1529389 0.4274497 0.8910088 -0.01960372 0.05882638 0.9980757 -0.003917634 0.254899 0.9669598 -0.05882304 0.239213 0.9691838 -0.0352897 0.2156852 0.9758251 -0.03530728 0.215668 0.9758283 -0.07450205 0.168625 0.9828607 -0.07450211 0.168625 0.9828607 -0.09804433 0.1843072 0.9779664 -0.09803932 0.1921759 0.9764512 -0.0980497 0.2000066 0.9748763 -0.05880188 0.239229 0.9691811 -0.1136819 0.1607642 0.9804241 -0.1293821 0.2235524 0.9660666 -0.1058558 0.1529582 0.9825469 -0.1216215 0.2234743 0.9670923 -0.1921592 0.3647014 0.9110805 -0.1921733 0.3646916 0.9110816 -0.262619 0.4353464 0.8611067 -0.1058529 0.1450706 0.9837428 -0.09803611 0.1293901 0.9867356 -0.160768 0.1137135 0.9804198 -0.1529321 0.1058951 0.9825468 -0.2235368 0.1294003 0.9660677 -0.2234777 0.1216254 0.967091 -0.3647146 0.2000091 0.9093843 -0.364703 0.1999992 0.9093911 -0.4587759 0.2235193 0.859979 -0.1294391 0.09803152 0.9867297 -0.1450561 0.1059116 0.9837386 -0.00391674 0.003899753 -0.9999848 -0.2391925 0.23919 -0.9410501 -0.113718 0.3098291 -0.9439674 -0.4274371 0.4274372 -0.7966148 -0.2002561 0.5608013 -0.8033676 -0.003935337 0.6078348 -0.7940537 -0.003934562 0.3333316 -0.9428015 -0.003916144 0.003922879 -0.9999847 -0.6235246 0.623524 -0.4716301 -0.4038989 0.7803874 -0.4773483 -0.1529436 0.8666419 -0.4749107 -0.003937423 0.8745032 -0.4850038 -0.4588687 0.8823157 -0.1046835 -0.7019529 0.7019535 -0.120513 -0.4581004 0.8889005 -1.1627e-5 -0.707107 0.7071067 0 -0.3098055 0.9293988 -0.2005953 -0.1529383 0.9607737 -0.231352 -0.00390315 0.9764651 -0.2156404 -0.3176453 0.9450922 -0.07682561 -0.3176462 0.9450892 0.07685881 -0.3176409 0.9450904 0.07686758 -0.316648 0.9454243 -0.07685762 -0.8888772 0.4581459 -4.45186e-7 -0.8823155 0.4588689 -0.1046834 -0.7803874 0.4038988 -0.4773483 -0.5607928 0.2001557 -0.8033985 -0.3098291 0.113718 -0.9439672 -0.003899872 0.003917038 -0.9999848 -0.6078344 0.003935337 -0.794054 -0.3333317 0.003934383 -0.9428014 -0.00392276 0.003916144 -0.9999848 -0.8666418 0.1529442 -0.4749105 -0.8745032 0.0039379 -0.485004 -0.9294117 0.3097965 -0.2005493 -0.9607738 0.1529384 -0.231352 -0.9764652 0.003903865 -0.2156398 -0.9450921 0.317646 -0.07682508 -0.9450893 0.3176464 0.07685792 -0.9452925 0.3170374 0.07687246 -0.9450905 0.3176401 0.07686781 -0.003931045 0.4744992 0.8802472 -0.003905892 0.6627575 0.7488239 -0.1842741 0.4431496 0.8773036 -0.1294173 0.6470406 0.7513919 -0.003928184 0.1921371 0.9813603 -0.223546 0.1607694 0.9613431 -0.1215456 0.7333386 0.6689104 -0.003899574 0.749005 0.662553 -0.3489916 0.4274881 0.8339417 -0.2470635 0.6470568 0.7213025 -0.4431071 0.1450637 0.8846539 -0.5529683 -0.0588088 0.8311243 -0.2705814 -0.01960504 0.9624975 -0.003912389 0.1921694 0.9813541 -0.2077345 0.7174858 0.6648764 -0.00391221 0.01176375 0.9999232 -0.003924906 0.1921697 0.9813539 -0.2705783 -0.01962387 0.962498 -0.003895163 0.9999924 -3.41182e-4 -0.003895163 0.9999924 -3.41072e-4 -0.00389415 0.9999924 -3.40909e-4 -0.003846645 0.9999926 -3.33718e-4 -0.003892898 0.9999924 -3.40861e-4 -0.003892898 0.9999924 -3.40763e-4 0.04314512 -0.08235764 0.9956685 0.04313135 -0.08234065 0.9956706 0.01177603 -0.09019839 0.9958542 0.01179629 -0.09019911 0.9958539 -0.003903448 -0.09020805 0.9959153 -0.003902792 -0.09020894 0.9959153 0.0666626 -0.06666481 0.9955461 0.06666332 -0.06666725 0.9955458 0.08235573 -0.04312384 0.9956696 0.08237487 -0.04313641 0.9956675 0.09017252 -0.01172947 0.9958571 0.09016674 -0.01175016 0.9958574 0.0901972 0.003944873 0.9959162 0.09022927 0.003903388 0.9959135 -0.4581374 0.8888815 1.55411e-6 -0.4509744 0.8666585 0.2133665 -0.1607949 0.9843044 -0.07273161 -0.1607795 0.9686184 0.1895482 -0.7071071 0.7071065 0 -0.6941119 0.6941108 0.1908375 -0.003926455 0.9764602 0.2156621 -0.003859996 0.9999925 -3.36701e-4 -0.8666659 0.4509796 0.2133251 -0.8888821 0.4581363 0 -0.9843092 0.160766 -0.07273143 -0.9686215 0.1607854 0.1895271 -0.97646 0.003922343 0.215663 -0.9999924 0.003906965 -3.43087e-4 -0.1372574 0.8431118 0.5199261 -0.396063 0.7568488 0.5199174 -0.1215802 0.7489982 0.6513217 -0.3490151 0.6705799 0.6546075 -0.6000002 0.5999997 0.5291504 -0.5372371 0.5372371 0.6501943 -0.003907859 0.8509705 0.525199 -0.003918826 0.764697 0.6443781 -0.7568544 0.3960725 0.5199021 -0.8431342 0.1372534 0.5198907 -0.670577 0.3490129 0.6546118 -0.7489937 0.1215842 0.6513261 -0.8509707 0.003907442 0.5251987 -0.7646987 0.003919064 0.6443762 -0.7176459 0.4117322 0.5616591 -0.7098075 0.3960597 0.5825033 -0.6940985 0.2549302 0.6732295 -0.6862459 0.2470903 0.6841146 -0.6784237 0.02745962 0.7341576 -0.6862609 0.05098646 0.7255663 -0.6862627 -0.1058773 0.7196066 -0.6941016 -0.113738 0.7108352 -0.7411767 0.4509786 0.4972681 -0.7411546 0.4509654 0.4973131 -0.7725485 0.6313624 -0.06745523 -0.7725471 0.6313643 0.06745523 -0.7725446 0.6313673 0.06745511 -0.7725422 0.6313702 0.06745511 -0.2156961 0.4196115 0.8817037 -0.1529365 0.458771 0.875294 -0.3098045 0.5921479 0.7438966 -0.2157239 0.6391749 0.7381861 -0.4745064 0.4745056 0.7414095 -0.3333613 0.3333811 0.8818885 -0.5921473 0.3098021 0.743898 -0.4196072 0.2235227 0.8797542 -0.6392314 0.2156612 0.7381554 -0.458771 0.1529364 0.8752941 -0.3411826 0.6627444 0.6666067 -0.2392137 0.7176461 0.6540343 -0.06659817 0.1921455 0.9791041 -0.0902059 0.1764686 0.9801642 -0.003932297 0.003932058 0.9999846 -0.003932714 0.003931939 0.9999846 -0.1372757 0.1372845 0.9809733 -0.003931164 0.003931879 0.9999846 -0.003931343 0.003932237 0.9999846 -0.1764703 0.0901696 0.9801672 -0.003933489 0.003931999 0.9999846 -0.1921517 0.066657 0.9790989 -0.7176425 0.2392141 0.6540382 -0.662745 0.3490014 0.6625459 -0.5294041 0.5294101 0.6629151 -0.4353773 0.8353119 0.3357094 -0.3882259 0.7411683 0.547677 -0.1529023 0.9294237 0.3358461 -0.1372603 0.8195918 0.5562633 -0.6627417 0.6627401 0.3486391 -0.5921379 0.5921391 0.5465748 -0.05883103 0.380382 0.9229564 -0.1764695 0.3411649 0.9232904 -0.003893494 0.003893911 0.9999849 -0.2705648 0.2705662 0.9238986 -0.003917455 0.9450883 0.326792 -0.003910183 0.8274543 0.5615196 -0.003903687 0.3568538 0.9341522 -0.741168 0.3882269 0.5476769 -0.8353118 0.4353774 0.3357092 -0.9293885 0.1529728 0.3359116 -0.8196279 0.1372389 0.5562157 -0.3411659 0.1764693 0.9232901 -0.3803821 0.05883246 0.9229563 -0.9450885 0.003919005 0.3267914 -0.3568528 0.003905653 0.9341525 -0.8274535 0.003910183 0.5615207 -0.9450876 0.003916561 0.3267937 -0.4581249 0.8888878 -4.30881e-7 -0.4274146 0.8117761 0.397915 -0.2156907 0.9764617 -2.44894e-4 -0.1450972 0.9058751 0.3979162 -0.7071067 0.707107 0 -0.6470642 0.6470655 0.4032544 -0.3020057 0.5843276 0.753229 -0.105886 0.6548904 0.7482693 -0.4667187 0.4667226 0.7512281 -0.003907859 0.9137099 0.4063483 -0.003935098 0.6627283 0.7488497 -0.003935277 0.9999923 -3.46624e-4 -0.003857314 0.9999925 -3.33494e-4 -0.003889083 0.9999924 -3.43661e-4 -0.8117924 0.4274263 0.3978693 -0.8888881 0.4581246 0 -0.9764724 0.2156425 -2.31966e-4 -0.9058744 0.1451036 0.3979154 -0.5843117 0.3019667 0.753257 -0.6548913 0.1058824 0.7482689 -0.9137072 0.003900349 0.4063547 -0.6627291 0.00393629 0.748849 -0.9999924 0.003906905 -3.44069e-4 -0.9999923 0.003945708 -3.44379e-4 -0.9999924 0.003888666 -3.42736e-4 -0.003932237 0.003931879 -0.9999846 -0.003932058 0.003932058 -0.9999846 -0.003932654 0.003931879 -0.9999846 -0.003932654 0.003932237 -0.9999846 -0.003932654 0.003931879 -0.9999846 -0.003932297 0.003931879 -0.9999846 -0.003931939 0.003932237 -0.9999846 -0.003932416 0.003931879 -0.9999846 -0.003932058 0.003932058 -0.9999846 -0.003931879 0.003932237 -0.9999846 -0.7019585 0.7097966 -0.05867749 -0.4581563 0.8888717 -5.31401e-6 -0.7071076 0.7071061 -7.56234e-7 -0.458154 0.8888729 1.95089e-6 -0.8823491 0.4666596 -0.06073707 -0.8888771 0.4581457 -4.30085e-6 -0.3176426 0.9450924 0.07683587 -0.3176416 0.9450899 0.07686901 0.3176704 -0.9450855 0.07680493 -0.3176463 0.9450893 -0.07685768 -0.3176457 0.9450889 -0.07686465 -0.94509 0.3176463 -0.07684838 -0.9510049 0.3091757 -1.7643e-5 -0.6863469 -0.3882883 -0.6149474 -0.945089 0.3176521 -0.07683795 -0.9450909 0.3176415 0.07685732 0.7176376 0.129419 0.6842858 0.7176276 0.1294211 0.6842959 0.7176386 0.1294134 0.6842858 0.7176284 0.1294161 0.6842959 0.270583 -0.6862576 0.6751559 0.2705867 -0.6862574 0.6751545 0.2705888 -0.6862444 0.675167 0.2705926 -0.6862531 0.6751565 0.6862716 -0.2705756 0.6751446 0.6862581 -0.2705767 0.6751579 0.6862645 -0.2705806 0.6751497 0.6862442 -0.2705851 0.6751686 -0.129418 -0.7176174 0.6843071 -0.129403 -0.7176507 0.684275 -0.1294043 -0.7176481 0.6842776 -0.129414 -0.7176321 0.6842925 0.7803919 -0.4274414 0.4563798 0.7725384 -0.4274406 0.4695519 0.7725463 -0.435282 0.4622792 0.7725428 -0.4352788 0.4622879 -0.2392243 -0.7019637 0.6708345 -0.2156865 -0.717633 0.66218 -0.04314374 -0.3882318 0.9205514 -0.2156747 -0.725468 0.6535905 -0.1843187 -0.7411641 0.6455249 0.0980609 -0.1294069 0.9867309 -0.04311841 -0.3882497 0.9205451 0.08236253 -0.1686316 0.982232 0.1373026 -0.06666278 0.9882834 0.4274513 -0.7725474 0.4695273 0.4274529 -0.7725483 0.4695244 0.4352729 -0.7725577 0.4622688 0.4352864 -0.7725424 0.4622814 0.1294265 0.3097714 0.9419611 0.1294332 0.3097686 0.9419611 0.1294281 0.3097738 0.94196 0.1294345 0.3097712 0.94196 -0.08231163 0.02748471 0.9962276 -0.0823571 0.02745044 0.9962248 -0.08238595 0.02743709 0.9962228 -0.08229166 0.02744805 0.9962303 -0.05879038 -0.3960201 0.916358 -0.05883425 -0.3960591 0.9163383 -0.05883359 -0.3960533 0.9163408 -0.05887079 -0.3960301 0.9163484 0.01171278 -0.568617 0.8225191 -0.01957845 -0.5607808 0.8277329 0.01177918 -0.5686207 0.8225155 -0.01955932 -0.5607478 0.8277556 0.05100923 -0.5842826 0.8099457 0.0510196 -0.5842938 0.809937 0.1921214 -0.6235138 0.757839 0.1842969 -0.6235461 0.7597532 0.2235172 -0.6313638 0.7425765 0.2235422 -0.6313709 0.7425629 0.3960749 -0.552937 0.7330658 0.396079 -0.5607846 0.7270778 0.3960801 -0.5529319 0.7330668 0.3882189 -0.5607777 0.7313101 0.6705894 -0.2705942 0.6907162 0.6627343 -0.2627816 0.701234 0.6705814 -0.2705866 0.6907269 0.6627377 -0.2627444 0.7012448 0.6078371 0.2156862 0.7642078 0.6156651 0.2157196 0.757906 0.6156908 0.2156558 0.7579033 0.6235285 0.2157071 0.7514538 0.4274352 0.3960408 0.8126813 0.3254677 0.427477 0.8434063 0.4273991 0.3960452 0.8126981 0.3254867 0.4352622 0.8394078 0.2313665 0.4431573 0.8660722 0.2313705 0.4509736 0.8620269 0.2313747 0.4509651 0.8620303 0.2313599 0.4509904 0.862021 0.4353649 0.3882286 0.8122414 0.4353018 0.3882083 0.8122848 -0.2392145 -0.6392185 0.7308736 -0.223541 -0.6391959 0.7358384 -0.223523 -0.6392183 0.7358244 -0.2156822 -0.6313675 0.7448868 0.2784315 -0.6784255 0.6798638 0.2784288 -0.6862698 0.6719458 0.2784227 -0.6784194 0.6798735 0.2784261 -0.6862579 0.6719591 0.584298 -0.4039213 0.7038776 0.5764743 -0.3960795 0.7147018 0.5764715 -0.3960802 0.7147036 0.5764665 -0.396067 0.7147149 0.6548932 -0.2156846 0.7242894 0.6392144 -0.1764693 0.7485076 0.6549035 -0.2156822 0.7242808 0.6392319 -0.1686548 0.7502922 0.6000084 -0.0353046 0.7992144 0.607826 -0.03530961 0.7932849 0.5842633 0.02750802 0.8110979 0.5842851 0.02748864 0.8110828 0.5921672 0.003908157 0.8058058 0.5921719 0.00390923 0.8058024 0.4038996 0.09018361 0.9103473 0.403907 0.0901854 0.9103438 0.4039343 0.09021043 0.9103292 0.403936 0.0902096 0.9103285 -0.04312592 0.1215563 0.9916473 -0.0431559 0.1215845 0.9916425 -0.04313981 0.1215718 0.9916447 -0.04313528 0.1215667 0.9916456 -0.3333159 -0.1058744 0.9368518 -0.3333323 -0.105885 0.9368447 -0.3333485 -0.1058936 0.936838 -0.3333208 -0.1058737 0.9368501 -0.4588249 -0.3254577 0.8267751 -0.4196146 -0.4196242 0.8048845 -0.4588324 -0.325509 0.8267508 -0.4196077 -0.4196398 0.8048801 -0.4196082 -0.4352941 0.7965224 -0.4117899 -0.4352744 0.8006032 -0.4744891 -0.2314184 0.8492972 -0.4745057 -0.2313782 0.8492988 -0.4745219 -0.2314009 0.8492835 -0.4745 -0.2313603 0.8493069 0.6705856 0.1607819 0.7241989 0.6235342 0.1764628 0.7616207 0.6627301 0.1529472 0.733073 0.6156613 0.1764927 0.7679919 0.5137105 0.2627382 0.8167437 0.5137229 0.262749 0.8167325 0.4509823 0.325493 0.8310651 0.4588236 0.3333343 0.8236318 0.286282 0.2784254 0.9167999 0.294115 0.2784298 0.9143158 0.2862699 0.2784287 0.9168027 0.2941241 0.286286 0.9118835 -0.04313284 0.05881685 0.9973365 -0.04313135 0.04313862 0.9981377 -0.04313468 0.05882012 0.9973363 -0.05099362 0.04313611 0.997767 -0.08234339 0.06666988 0.9943716 -0.09021019 0.06667697 0.9936882 -0.2470881 -0.2941185 0.9232778 -0.2470577 -0.3019371 0.9207587 -0.2470639 -0.2941476 0.9232749 -0.2470257 -0.3019328 0.9207687 -0.3333387 -0.4509865 0.8279472 -0.2627019 -0.5137407 0.8167365 -0.3333291 -0.4509781 0.8279557 -0.2549257 -0.5137376 0.8191987 -0.1764956 -0.6156515 0.7679991 -0.1764677 -0.6078397 0.7742029 -0.1450953 -0.6470558 0.7485094 -0.1450929 -0.6470731 0.7484948 0.01960724 -0.6941123 0.7195998 0.0196073 -0.6862844 0.727069 0.01960837 -0.6862707 0.7270819 0.01960778 -0.6862921 0.7270617 0.5921536 -0.4431298 0.6730455 0.5215776 -0.5215758 0.6752152 0.5921415 -0.4431632 0.6730341 0.5215975 -0.521594 0.6751858 0.4509779 -0.5921534 0.6678123 0.4509703 -0.5921497 0.6678208 0.6862735 -0.01960593 0.7270794 0.6862868 -0.01960712 0.7270668 0.6862826 -0.019607 0.7270706 0.6941002 -0.01960879 0.7196114 0.1607896 -0.07445055 0.9841768 0.1686394 -0.07450073 0.9828584 0.1607776 -0.08236056 0.9835484 0.216068 -0.09828513 0.971419 0.1999208 -0.07456123 0.976971 0.2313823 -0.1215825 0.9652357 0.2548748 -0.09799623 0.9619957 0.2784469 -0.09804785 0.955434 0.4117367 -0.1450853 0.8996796 0.4275682 -0.145062 0.8922682 0.4666722 -0.160787 0.8696923 0.4744048 -0.16093 0.865472 0.474495 -0.1608057 0.8654456 0.4666653 -0.1529425 0.8711098 0.06667959 -0.06668198 0.9955438 -0.003916144 0.003916025 0.9999847 0.08239585 -0.06666123 0.9943678 -0.003932535 0.003931879 0.9999846 -0.003932178 0.003931939 0.9999846 0.05880218 -0.07448798 0.9954867 -0.003931999 0.003932118 0.9999846 -0.003931939 0.003932178 0.9999846 0.1529456 -0.1607774 0.9750684 0.1764604 -0.1294229 0.975762 0.1372376 -0.176463 0.9746932 0.1529508 -0.1764589 0.972352 0.1215569 -0.2235411 0.967085 0.2235105 -0.1215772 0.9670895 0.05883407 -0.07449823 0.9954841 0.1764711 -0.1529312 0.9723529 0.1372156 -0.17645 0.9746986 0.1764537 -0.1529452 0.9723538 0.1293984 -0.1764766 0.9757623 0.1293448 -0.1607628 0.9784811 0.1293448 -0.1607628 0.9784811 0.1764833 -0.1529412 0.9723491 0.152937 -0.1764517 0.9723554 0.1607762 -0.1293956 0.9784722 0.1607762 -0.1293956 0.9784722 0.09018284 -0.1372492 0.9864227 0.09019184 -0.2078401 0.9739959 0.09019905 -0.1529107 0.9841152 0.08234584 -0.1686239 0.9822348 0.07451677 -0.1999818 0.9769619 0.09805566 -0.2235121 0.9697564 0.09798198 -0.2548665 0.9619992 0.09802103 -0.2783954 0.9554518 0.145101 -0.411767 0.8996632 0.1449405 -0.42742 0.8923589 0.160785 -0.466667 0.8696954 0.1529427 -0.4588716 0.8752403 0.160697 -0.4746505 0.8653805 0.1607798 -0.4745199 0.8654369 0.1450266 -0.1449911 0.9787466 0.1215801 -0.1686113 0.9781557 0.1451645 -0.1451222 0.9787067 0.1294205 -0.1764692 0.9757608 0.1764578 -0.1294276 0.9757618 0.168592 -0.1216001 0.9781566 0.2000157 -0.2000148 0.95916 0.1842905 -0.2392152 0.9533169 0.3176461 -0.3176459 0.8934216 0.2783815 -0.3568665 0.8917119 0.239215 -0.1842617 0.9533226 0.3646968 -0.2784427 0.888519 0.3647293 -0.3647325 0.8567045 0.301966 -0.3960763 0.8671448 0.3019738 -0.3960754 0.8671425 0.4039239 -0.3098326 0.8607261 0.3960798 -0.3019617 0.8671448 0.2862997 -0.7568908 0.5874937 0.4352917 -0.5529382 0.7104791 0.2862868 -0.7568756 0.5875197 0.4431354 -0.5450891 0.7116944 0.7019528 -0.05882483 0.7097901 0.6941348 -0.06667625 0.7167504 0.7882389 0.1764206 0.5895382 0.7882403 0.1764343 0.5895321 0.72549 0.6862636 -0.05202496 0.7333204 0.5764994 -0.3604023 0.7254883 0.6862668 -0.0520069 0.7254877 0.5607808 -0.3989896 0.4588544 0.1059027 -0.8821776 0.4823562 0.1450969 -0.8638747 0.1685808 -0.4429099 -0.8805744 0.1529407 -0.482353 -0.8625223 -0.0745213 -0.9293966 -0.361481 -0.05882483 -0.9215568 -0.3837614 -0.1607835 -0.9843075 -0.07271444 -0.1607842 -0.9843073 -0.07271581 -0.1764889 -0.7882382 0.5895186 0.05879735 -0.7019637 0.7097815 -0.1764661 -0.788226 0.5895419 0.06667953 -0.6941332 0.7167516 0.5529029 -0.4352586 0.7105269 0.5450941 -0.4431334 0.7116919 0.7568669 -0.2863144 0.5875173 0.7568604 -0.2862674 0.5875486 -0.5765044 -0.7333133 -0.3604084 -0.6862685 -0.7254841 -0.05204212 -0.5607852 -0.7254882 -0.3989824 -0.6862675 -0.7254858 -0.05203193 -0.1450675 -0.4823799 -0.8638664 -0.1059172 -0.4588831 -0.8821609 0.4823602 -0.1529151 -0.8625229 0.4430691 -0.1686198 -0.880487 0.9215565 0.05882781 -0.3837617 0.9294081 0.07450747 -0.3614544 0.984306 0.1607849 -0.07273203 0.9843068 0.1607787 -0.07273435 0.8823514 -0.4666541 -0.06074529 0.8823491 -0.4666561 -0.06076437 0.8823518 -0.4666526 -0.06075143 0.8823499 -0.4666593 -0.06072789 0.882346 -0.4666616 -0.06076735 0.8823468 -0.4666622 -0.06075036 0.8823471 -0.4666619 -0.06074923 0.882346 -0.4666653 -0.06073707 0.8823493 -0.4666578 -0.06074738 0.8823514 -0.4666566 -0.06072568 0.8823478 -0.4666597 -0.06075602 0.882345 -0.4666646 -0.0607593 0.8823477 -0.4666605 -0.0607506 0.8823485 -0.4666617 -0.06072831 0.8823415 -0.466674 -0.06073832 0.8823448 -0.4666674 -0.06073999 0.46666 -0.8823465 -0.06077253 0.4666635 -0.8823461 -0.06074965 0.4666606 -0.8823487 -0.06073588 0.4666673 -0.8823438 -0.060754 0.4666643 -0.8823445 -0.06076836 0.4666661 -0.8823438 -0.06076282 0.4666654 -0.8823443 -0.06076246 0.466666 -0.8823451 -0.06074655 0.4666619 -0.8823463 -0.06075918 0.4666615 -0.8823456 -0.06077313 0.4666658 -0.882345 -0.06074947 0.4666605 -0.8823477 -0.06075114 0.4666641 -0.8823471 -0.06073188 0.4666613 -0.8823478 -0.0607419 0.4666643 -0.8823451 -0.06076014 0.4666646 -0.8823451 -0.06075567 -0.2470307 -0.631352 0.735099 -0.2470306 -0.631352 0.735099 -0.2470305 -0.6313521 0.735099 0.3960785 0.5451096 0.7389028 0.3960789 0.5451095 0.7389027 0.3960788 0.5451095 0.7389027 -0.5451045 -0.3960813 0.7389051 -0.5451046 -0.396081 0.7389052 -0.5451045 -0.3960812 0.7389052 0.466661 -0.8823441 -0.06079906 0.4666666 -0.8823444 -0.06075185 0.4666622 -0.8823469 -0.06074941 0.4666625 -0.8823446 -0.06078058 0.466666 -0.8823449 -0.06074899 0.466666 -0.8823451 -0.06074726 0.4736337 -0.880722 -2.75665e-5 0.4666736 -0.882339 -0.06077516 0.6313761 0.2392113 0.73766 0.6313762 0.2392116 0.7376597 0.6313762 0.2392115 0.7376598 0.4666604 0.4980391 -0.7308797 0.4666605 0.4980391 -0.7308797 0.4666606 0.4980391 -0.7308796 0.8823448 -0.4666649 -0.06075888 0.8823378 -0.4666785 -0.06075543 0.8823463 -0.4666627 -0.06075394 0.8823384 -0.4666752 -0.06077349 0.8823396 -0.466677 -0.06074059 0.8823473 -0.4666643 -0.06072795 0.8823518 -0.4666557 -0.06072556 0.8823241 -0.4667052 -0.06074923 -0.2000201 -0.6392084 -0.7425662 -0.2000201 -0.6392084 -0.7425663 -0.2000201 -0.6392085 -0.7425662 0.6392154 0.1999862 -0.7425693 0.6392155 0.1999862 -0.7425693 0.6392155 0.1999863 -0.7425693 -0.4980286 -0.4666656 -0.7308835 -0.4980288 -0.4666658 -0.7308833 -0.4980286 -0.4666656 -0.7308834 0.1137247 -0.09019339 0.9894099 0.08235478 -0.07450002 0.9938146 0.09802585 -0.07451057 0.9923906 0.09030818 -0.05869096 0.9941831 0.09014123 -0.05096209 0.9946243 0.05885702 -0.09018063 0.9941849 0.2784392 0.2000131 0.9393968 0.1529688 -0.03526312 0.9876018 0.2784143 0.1999782 0.9394116 0.4744436 0.5686522 0.6719658 0.4431443 0.584298 0.6798669 0.4744691 0.5686349 0.6719624 0.4980357 0.5607771 0.6614299 0.08238279 -0.09804666 0.9917661 0.05882608 -0.09019857 0.994185 0.07454055 -0.08239227 0.9938085 0.05883771 -0.09019833 0.9941844 0.05880832 -0.1058728 0.9926392 0.05097681 -0.1058806 0.9930714 -0.200009 -0.278418 0.939404 0.03530317 -0.1529296 0.9876064 -0.5843132 -0.4509778 0.6746831 -0.5688166 -0.4744622 0.6718136 -0.1999925 -0.2784345 0.9394027 -0.5686295 -0.4745618 0.6719016 -0.5529394 -0.5058782 0.6620765 0.3882289 0.04311835 0.9205538 0.08236414 -0.09802299 0.99177 0.1294028 -0.1058511 0.9859262 0.1686602 -0.08238756 0.9822251 0.3882284 0.04309862 0.9205549 0.717632 0.2156845 0.6621817 0.7019665 0.2392353 0.6708275 0.7176602 0.2156857 0.6621508 0.7411681 0.1843117 0.6455224 -0.0352655 -0.4666553 -0.8837361 -0.01957899 -0.4509699 -0.8923244 -0.01177036 -0.4509738 -0.8924596 0.003899633 -0.4352505 -0.900301 0.1372038 -0.003896176 -0.9905351 0.1372526 0.003920137 -0.9905284 -0.05883294 -0.003910183 -0.9982602 -0.05882829 0.003929078 -0.9982604 -0.2392138 0.003922462 -0.970959 -0.2470614 -0.003904819 -0.9689921 -0.003919184 -0.9999923 -1.45087e-5 -0.003917992 -0.9999924 -1.48062e-5 -0.003922939 -0.9999924 1.66521e-5 -0.0274406 -0.9996235 1.18371e-5 -0.04309493 -0.999071 4.09398e-6 -0.003920316 -0.9999923 2.46949e-5 0.1686264 -0.9843065 0.05201846 0.199991 -0.9764663 0.08072948 0.1529389 -0.9843078 0.08802181 0.1915974 -0.9814737 -3.14973e-6 -0.00393337 -0.9999923 3.44124e-5 -0.003925979 -0.9999923 1.10729e-5 -0.01176327 -0.9999308 1.30287e-5 0.003921627 -0.9999923 -9.83477e-6 -0.003921389 -0.9999923 1.23139e-5 -0.00392127 -0.9999924 -6.85547e-6 -0.01960456 -0.9998079 -2.58395e-6 -0.01960277 -0.9998079 -2.03517e-5 -0.02744179 -0.9996234 -1.12983e-5 -0.01174122 -0.9999312 -1.15965e-5 -0.01176327 -0.9999308 -1.37926e-5 -0.02744245 -0.9996234 -1.81049e-5 0.9529778 -0.2783351 -0.1198457 0.9529352 -0.2862681 -0.09982508 0.882354 -0.443124 0.1584063 0.882351 -0.4352853 0.1788394 0.929399 0.003930687 -0.3690559 0.9293989 0.003930628 -0.369056 -0.9843044 0.003895103 -0.1764366 -0.9843065 0.003933429 -0.1764239 -0.9843065 0.003926873 -0.1764236 -0.9843068 0.00393182 -0.1764227 -0.9843063 0.003920674 -0.176425 -0.9843026 0.003910899 -0.176446 0.03530311 0.003874361 -0.9993692 0.03529459 0.003921568 -0.9993693 0.03530144 0.003874123 -0.9993692 0.0352925 0.00392121 -0.9993694 -0.3254837 -0.003909647 -0.9455397 -0.3254797 -0.003907561 -0.945541 -0.317641 0.00393033 -0.948203 -0.3176413 0.003880858 -0.948203 -0.4352917 -0.8666584 0.2437714 -0.450976 -0.8745004 0.1785213 -0.3489761 -0.9371317 -1.07004e-5 -0.3489719 -0.9371333 -1.31481e-5 -0.521553 -0.4117478 0.7472928 -0.4980052 -0.3804386 0.7792673 -0.4823641 0.00390625 0.8759621 -0.4823591 0.003908812 0.8759649 -0.3411726 -0.9372466 -0.07190406 -0.3489703 -0.9371339 -2.06829e-5 -0.3489726 -0.937133 -9.61125e-7 0.5058505 -0.3019633 0.808043 0.5293677 -0.2941273 0.7957757 0.5294373 0.02742946 0.8479055 0.5451015 0.03530263 0.8376266 0.5058704 -0.780382 0.3675583 0.4980389 -0.7725437 0.3938701 0.4352933 -0.8980316 0.06371182 0.4274491 -0.8980293 0.1040703 0.1137179 0.5137234 0.8503861 0.1137098 0.5137214 0.8503885 0.1137279 0.5215618 0.8456 0.1137484 0.5215545 0.8456018 0.5686367 0.003895819 0.8225796 0.5686395 0.003895878 0.8225777 0.5686383 0.00389564 0.8225786 0.5686423 0.003895819 0.8225758 0.4352784 0.003897428 -0.9002876 0.4352787 0.003897368 -0.9002875 0.4352821 0.003895878 -0.9002858 0.4352827 -0.003895699 -0.9002854 -0.8901888 -0.003880143 0.4555751 -0.8901892 -0.003928065 0.4555742 -0.8901894 0.003928065 0.455574 -0.8901892 0.003928005 0.4555743 0.08235841 0.003930628 -0.9965951 0.08235859 0.003930509 -0.9965951 0.08235877 0.00393027 -0.996595 0.08235865 0.00393033 -0.996595 0.9999925 0.003902375 -9.86727e-6 0.9999924 0.003902494 -1.00653e-5 0.9999924 0.003902554 -1.01632e-5 0.9999924 0.003902494 -1.00744e-5 -0.003917098 -0.9999924 2.09853e-5 -0.003920555 -0.9999924 2.21003e-5 -0.003918588 -0.9999924 2.1223e-5 -0.003920555 -0.9999923 2.21443e-5 -0.9999922 -0.003932952 -3.50891e-4 -0.9999922 -0.003933012 -3.50848e-4 -0.9999923 -0.003932774 -3.51199e-4 -0.9999923 0.003932714 -3.51408e-4 0.003918707 0.9999923 -3.59549e-4 -0.00391972 0.9999923 -3.60385e-4 0.003918588 0.9999923 -3.59584e-4 -0.003919661 0.9999923 -3.60423e-4 -0.0196042 -0.9998079 3.76906e-6 -0.01960217 -0.9998078 7.03707e-6 -0.01960182 -0.999808 1.45864e-5 -0.01176279 -0.9999309 1.56928e-5 -0.003919363 -0.9999923 6.56769e-6 0.003918051 -0.9999924 8.04104e-6 -0.01965618 -0.9998068 3.11937e-5 -0.01960259 -0.9998079 2.00886e-6 -0.01960408 -0.9998078 4.28452e-6 -0.443135 -0.01960593 -0.8962405 -0.6392376 0.03530544 -0.7681984 -0.4431354 -0.01176112 -0.8963776 -0.6470318 0.04312372 -0.7612425 -0.5843077 0.02745133 -0.8110679 -0.7176376 0.02745538 -0.6958754 -0.7333256 0.003935337 -0.6798663 -0.4509772 0.003916084 -0.892527 -0.1137267 0.003877699 -0.9935045 -0.1137273 -0.003877758 -0.9935045 -0.2940634 -0.01962423 -0.9555845 -0.2940886 -0.01959866 -0.9555773 -0.5999845 -0.003945529 -0.800002 -0.4666692 -0.003897488 -0.8844233 -0.6000037 0.003903925 -0.7999878 -0.4667158 0.003958761 -0.8843986 -0.5999965 0.003942489 -0.799993 -0.5999954 -0.003921508 -0.7999939 -0.317686 0.003973305 -0.9481877 -0.3176378 -0.003922641 -0.9482041 -0.3333323 0.00391376 -0.9428013 -0.9137155 -0.403927 -0.0443533 -0.9137164 -0.4039251 -0.04435187 -0.9187387 -0.3948662 -9.97453e-6 -0.9215578 -0.3882412 -2.48755e-4 -0.003922998 -0.623524 0.7817944 -0.00393325 -0.6235215 0.7817964 -0.003939568 -0.6235202 0.7817973 -0.00395143 -0.6235173 0.7817996 0.9999924 0.003930926 3.06638e-7 0.9999925 0.003882944 0 0.9999924 0.003930926 0 -0.003932237 0.003931879 -0.9999846 -0.003932058 0.003932058 -0.9999846 -0.003932416 0.003931701 -0.9999846 -0.003932416 0.00393176 -0.9999846 0.01960635 -0.9372557 0.3480913 0.05096888 -0.4117789 0.9098574 0.01960235 -0.9450861 0.326233 0.03528845 -0.4588017 0.8878377 0.0431382 -0.003872692 0.9990617 0.0509454 -0.443148 0.8949998 0.01960098 -0.9529377 0.3025318 0.05097055 -0.003907918 0.9986926 0.05882656 0.003916084 0.9982606 0.04311919 -0.01176607 0.9990007 0.04311609 0.01963692 0.9988771 0.003899633 -0.9999924 6.3027e-6 0.003876566 -0.9999926 5.03458e-6 -0.003921806 -0.9999924 -7.24941e-6 -0.003928184 -0.9999923 1.4642e-5 -0.003920316 -0.9999924 7.61333e-6 0.04314088 0.003897607 0.9990614 0.05097687 0.003917455 0.9986922 0.9999923 0.003920614 2.75858e-6 0.9999924 0.003914535 3.79961e-6 0.9999923 0.003921687 2.56673e-6 0.9999923 0.003921806 2.5481e-6 0.003928005 -0.9843089 0.17641 0.003929316 -0.9843098 0.1764057 0.01176673 -0.9843054 0.1760808 0.01176375 -0.9843069 0.1760732 0.02747559 -0.5059053 0.8621514 0.04314363 0.003897845 0.9990613 0.04311484 -0.3960775 0.9172044 0.04313296 0.003940403 0.9990617 0.04315042 0.003897666 0.999061 0.04313576 0.003927409 0.9990615 0.00391829 -0.968626 0.2484923 0.01960134 -0.9215544 0.387754 -0.003895223 -0.9999924 -1.05349e-6 -0.003907024 -0.9999924 -5.989e-7 -0.003909885 -0.9999924 1.78328e-7 -0.003880441 -0.9999925 1.94728e-5 -0.003886103 -0.9999925 -2.76224e-6 -0.003864586 -0.9999926 -7.12798e-6 -0.003919661 -0.9999923 0 0.04313451 0.003927588 0.9990616 0.04313492 0.003927707 0.9990615 -0.003895521 -0.9999925 9.92368e-7 -0.00390172 -0.9999925 0 -0.00387299 -0.9999925 5.56225e-7 -0.003923118 -0.9999924 1.63294e-7 0.05881315 0.00390321 0.9982614 0.05881315 0.003903329 0.9982615 0.05881315 0.00390321 0.9982615 0.05881327 0.003903269 0.9982614 0.05881845 0.003931164 -0.998261 0.05883884 0.003887772 -0.99826 0.05881845 0.003931105 -0.998261 0.0588389 0.003887772 -0.99826 0.9999923 -0.002746045 0.002810478 0.9999925 0.003884494 1.48294e-7 0.9999926 0.003519117 0.001641035 0.9999925 0.003882944 0 0.9999924 -0.00364983 0.001456975 0.9999925 0.00388199 0 0.9999926 0.00388199 -3.86398e-7 0.9999925 0.003882944 1.86375e-7 0.05097782 0.003913104 0.9986922 0.05881142 0.01174432 0.9982001 0.05097645 -0.4745165 0.8787693 0.05098646 0.003913819 0.9986917 0.058829 -0.003898262 0.9982605 0.05882441 0.003917098 0.9982607 0.05882596 -0.3333255 0.9409748 0.01178795 -0.9058665 0.4233993 0.01176637 -0.968621 0.2482637 -0.01175636 -0.9999309 -2.04479e-5 -0.0117653 -0.9999309 -2.19615e-5 -0.003915131 -0.9999924 1.45317e-5 0.003913104 -0.9999924 9.16797e-6 0.00391674 -0.9999924 3.44004e-6 0.003908395 -0.9999924 8.506e-6 -0.00393176 0.003932356 -0.9999846 -0.003931462 0.003932654 -0.9999846 -0.003931939 0.003932178 -0.9999846 -0.003932178 0.003931939 -0.9999846 0.4425167 0.8967604 2.41597e-7 0.4425168 0.8967602 -2.40456e-7 0.4425183 0.8967596 0 0.4425184 0.8967595 0 -0.003932058 0.003932118 0.9999846 -0.003932297 0.00393182 0.9999846 -0.003932178 0.003931999 0.9999846 -0.003932178 0.003931999 0.9999846 -0.4425184 -0.8967595 0 -0.4425184 -0.8967595 0 -0.4425184 -0.8967595 -1.68896e-6 -0.4425184 -0.8967595 2.41596e-7 0.8807303 -0.4736183 1.62595e-7 0.8807328 -0.4736135 0 0.8807331 -0.4736131 -1.63365e-7 0.8807357 -0.4736083 0 -0.003931939 0.003932178 -0.9999846 -0.00393182 0.003932297 -0.9999846 -0.003932118 0.003931999 -0.9999846 -0.003932237 0.003931879 -0.9999846 0.5921546 0.8039147 -0.05544477 0.5921524 0.8039163 -0.05544459 0.592155 0.8039145 -0.05544489 0.5921527 0.8039162 -0.05544477 -0.003934144 0.003932297 0.9999846 -0.003934144 0.003932178 0.9999846 -0.003932416 0.003931879 0.9999846 -0.003932118 0.003931999 0.9999846 -0.5921527 -0.8039162 -0.05544477 -0.5921549 -0.8039145 -0.05544495 -0.5921514 -0.8039171 -0.05544459 -0.5921536 -0.8039155 -0.05544477 0.7881276 -0.615512 0 0.7880957 -0.6155529 0 0.7881546 -0.6154775 0 0.788093 -0.6155562 0 0.9215681 -0.2862668 0.2622283 0.9215621 -0.2862718 0.262244 0.921583 -0.286255 0.2621887 0.9215608 -0.2862725 0.2622476 -0.3803892 -0.9215623 -0.07763493 -0.419606 -0.9058761 -0.05761289 -0.3803923 -0.9215602 -0.07764315 -0.4196033 -0.9058755 -0.05764359 -0.4581431 -0.8888785 -4.45195e-6 -0.4581409 -0.8888796 -2.25045e-5 -0.913718 0.317654 -0.2534077 -0.9137183 0.3176445 -0.2534182 -0.9137178 0.3176504 -0.2534129 -0.9137185 0.3176405 -0.253423 0.176469 0.9843062 -3.68565e-4 0.1840515 0.9829167 1.43014e-5 0.1764671 0.9843065 -3.49865e-4 0.1840501 0.9829169 1.06134e-5 0.1921561 0.9764608 -0.09798228 0.1921603 0.9764643 -0.09793877 0.5519888 0.8338516 -8.41543e-6 0.5607817 0.8274432 -0.02935588 0.5519885 0.8338517 -2.14726e-5 0.5450971 0.8352844 -0.07189702 0.5450932 0.835289 -0.07187199 0.560783 0.8274417 -0.0293743 0.5519921 0.8338493 -2.74703e-5 0.5607806 0.8274433 -0.02937448 0.1450948 -0.08232301 -0.9859871 0.2705791 -0.09807646 -0.9576889 0.1372409 -0.05884259 -0.9887885 0.2627246 -0.09017729 -0.9606477 0.4117638 -0.1450954 -0.8996655 0.4117646 -0.1450929 -0.8996655 0.9764038 0.2159528 0 0.976404 0.2159518 0 0.976426 0.2158524 0 0.9764263 0.2158514 0 0.3647027 -0.9294044 -0.05656439 0.3646984 -0.9294061 -0.05656415 0.3647052 -0.9294035 -0.05656421 0.3647059 -0.9294031 -0.05656433 -0.4666634 -0.882348 -0.06072545 -0.466667 -0.8823437 -0.0607593 -0.4666635 -0.8823449 -0.06076759 -0.4666696 -0.8823426 -0.06075412 0.4666649 0.8823453 -0.06075155 0.4666636 0.8823447 -0.06077015 0.4666662 0.8823454 -0.06074053 0.4666625 0.8823461 -0.06075745 0.9451143 -0.3254207 -0.02933406 0.9450913 -0.3254873 -0.02933394 0.9843097 -0.1764498 8.22649e-7 0.9843124 -0.1764346 -9.61438e-7 0.9998087 -0.01956456 -2.35314e-5 0.9998078 -0.01960867 -1.58686e-6 0.9998078 -0.01960474 -2.12213e-6 0.4431073 -0.1843656 0.8773058 0.6470568 -0.1294078 0.7513795 0.4744993 0.003935456 0.8802471 0.6627537 0.003898262 0.7488274 0.1607565 -0.2235643 0.961341 0.1921498 0.003928363 0.9813578 0.0117644 0.003916501 0.9999232 -0.01963132 -0.2706314 0.9624829 0.7490165 0.003932654 0.6625397 0.7333446 -0.1215379 0.6689054 0.427476 -0.3490034 0.8339431 0.6470551 -0.2470547 0.721307 -0.05881184 -0.5529613 0.8311288 0.1450638 -0.4431105 0.8846523 0.717485 -0.2077416 0.664875 0.9999924 -0.003914773 8.4679e-7 0.9999924 0.003920078 -3.19978e-7 0.9999924 -0.003912448 1.26252e-7 0.9999924 0.003931343 -1.32268e-6 0.9999925 -0.003872334 0 0.9999923 -0.003918826 0 0.4352966 -0.6862651 0.5827155 0.2784491 -0.6627389 0.695157 0.4117442 -0.6862876 0.5995633 0.2627465 -0.6549133 0.708557 0.04313451 -0.6470547 0.7612226 0.05883502 -0.6548901 0.7534305 -0.1137334 -0.6862506 0.7184183 -0.1215272 -0.69414 0.7095075 0.4745103 -0.7098074 0.5205895 0.4745085 -0.709797 0.5206053 0.6627474 -0.7488431 0 0.6392077 -0.7647053 -0.08148247 0.6546036 -0.7559723 2.19513e-5 0.6235237 -0.7725446 -0.1199715 0.4352859 -0.003921151 -0.9002838 0.4509791 0.01957935 -0.8923198 0.4509753 0.01177161 -0.8924588 0.4666594 0.03526329 -0.8837338 -0.003928661 0.05882865 -0.9982604 -0.003919899 -0.1372529 -0.9905283 0.003910779 0.05883419 -0.9982602 0.00391817 -0.1372472 -0.9905291 -0.003923714 0.2392135 -0.9709592 0.003906011 0.2470656 -0.9689909 0.9996234 0.02744346 1.17514e-5 0.9999924 0.003917932 -1.47856e-5 0.9999924 0.00392282 1.65515e-5 0.9999924 0.003919422 -1.44728e-5 0.9990709 0.04309982 4.28595e-6 0.9999924 0.003919541 2.4374e-5 0.9814723 -0.1916043 -3.69735e-6 0.9764654 -0.1999961 0.08072894 0.9843079 -0.1529388 0.08802181 0.9843065 -0.1686264 0.05201858 0.9999923 0.003933608 3.43627e-5 0.9999923 0.003925919 1.11954e-5 0.9999308 0.01176333 1.29472e-5 0.9999923 -0.003924906 -9.90555e-6 0.9999923 0.003921389 1.24192e-5 0.9999924 0.003918588 -6.38142e-6 0.9998079 0.01960468 -2.53506e-6 0.9998078 0.01960277 -2.0314e-5 0.9996234 0.02744168 -1.13435e-5 0.9999312 0.01174128 -1.13004e-5 0.9999309 0.01176327 -1.34613e-5 0.9996234 0.02744233 -1.81928e-5 0.4352952 -0.8823457 0.1788413 0.2862716 -0.9529328 -0.09983801 0.4431332 -0.8823499 0.1584039 0.2784273 -0.9529331 -0.1199867 -0.003912329 -0.9294169 -0.3690109 -0.00391227 -0.9294179 -0.3690084 -0.003937959 0.9843056 -0.1764284 -0.004011094 0.9843109 -0.1763975 -0.003929853 0.9843048 -0.1764335 -0.003926634 0.9843062 -0.1764256 -0.00391978 0.9843047 -0.1764338 -0.003930032 0.9843087 -0.1764116 -0.003921449 -0.03529429 -0.9993693 -0.003921449 -0.03529423 -0.9993693 -0.003921449 -0.03529411 -0.9993693 -0.003921508 -0.03529465 -0.9993693 -0.003880441 0.3176461 -0.9482014 0.00390917 0.3254774 -0.9455418 -0.003882825 0.3176506 -0.9481999 0.003911077 0.3254809 -0.9455406 0.9371335 0.3489712 -1.27769e-5 0.8745008 0.4509755 0.1785205 0.937132 0.3489755 -1.04527e-5 0.8666585 0.4352913 0.243772 0.4117473 0.5215544 0.7472919 0.3803901 0.498036 0.7792712 -0.003907322 0.4823639 0.8759622 -0.003910243 0.4823591 0.8759649 0.9372504 0.341172 -0.07185661 0.9371321 0.348975 -2.13906e-5 0.9371324 0.3489744 -1.4843e-6 -0.03530353 -0.5450953 0.8376306 0.2941458 -0.5293211 0.7957999 -0.02742439 -0.5294381 0.8479053 0.3019555 -0.5059008 0.8080145 0.7803822 -0.5058714 0.3675563 0.7725428 -0.4980407 0.3938694 0.8980329 -0.4352907 0.0637111 0.8980354 -0.4274482 0.1040217 -0.5215517 -0.1137484 0.8456035 -0.5137193 -0.113707 0.85039 -0.5215691 -0.1137164 0.8455972 -0.5137272 -0.113705 0.8503856 -0.003895282 -0.5686371 0.8225793 -0.003895163 -0.5686386 0.8225783 -0.003895163 -0.568639 0.822578 -0.003894686 -0.5686397 0.8225775 -0.003896355 -0.4352777 -0.9002879 -0.003896117 -0.4352814 -0.9002861 -0.003896355 -0.4352782 -0.9002876 -0.003896176 -0.4352817 -0.900286 -0.003925621 0.1137248 -0.9935045 -0.003877699 0.1137268 -0.9935045 0.003877758 0.1137272 -0.9935045 0.003925621 0.1137243 -0.9935047 -0.003928005 0.8901907 0.4555711 0.003928005 0.8901894 0.4555739 -0.003928065 0.8901892 0.4555743 0.003880202 0.890187 0.4555786 -0.00393033 -0.08235883 -0.996595 -0.003930509 -0.08235859 -0.996595 -0.003930687 -0.08235836 -0.996595 -0.00389117 -0.08233124 -0.9965974 -0.003903269 -0.9999924 -1.38492e-5 -0.00390315 -0.9999924 -1.34774e-5 -0.003902554 -0.9999924 -9.86212e-6 -0.003902375 -0.9999924 -9.40822e-6 0.9999923 -0.003919422 2.19755e-5 0.9999923 -0.003916561 2.16622e-5 0.9999924 -0.003916978 2.24234e-5 0.9999923 -0.003918647 2.26796e-5 0.003890275 0.9999924 -3.29432e-4 0.003932058 0.9999923 -3.52902e-4 0.003932178 0.9999923 -3.52692e-4 0.003890216 0.9999924 -3.29509e-4 -0.9999923 0.003919661 -3.60865e-4 -0.9999923 0.00391972 -3.60847e-4 -0.9999923 -0.003918647 -3.6032e-4 -0.9999923 -0.003918707 -3.60304e-4 0.9999309 0.01176285 1.56462e-5 0.9998078 0.01960259 6.97002e-6 0.999808 0.01960182 1.46036e-5 0.9998078 0.0196042 3.83193e-6 0.9999923 0.003919422 6.59004e-6 0.9999924 -0.003918051 8.18074e-6 0.999808 0.01959955 1.88329e-5 0.9998083 0.01958119 4.51751e-5 0.9998078 0.01960408 4.21703e-6 -0.04312443 0.6470319 -0.7612424 -0.03530633 0.6392378 -0.7681984 0.01176118 0.4431352 -0.8963778 0.01958453 0.4431698 -0.8962239 -0.03525614 0.7098259 -0.7034943 -0.02745568 0.7176373 -0.6958757 -0.003935098 0.7333247 -0.6798673 -0.003888189 0.7333311 -0.6798606 0.0196107 0.2941074 -0.9555712 0.0195989 0.2940881 -0.9555773 0.003945171 0.5999842 -0.8000022 -0.003903985 0.6000034 -0.799988 0.003897666 0.466669 -0.8844236 -0.003958761 0.4667157 -0.8843986 -0.003942787 0.5999968 -0.7999927 0.003873705 0.5999932 -0.7999958 -0.003934383 0.3176566 -0.9481977 0.003926455 0.3176375 -0.9482042 -0.003914058 0.3333324 -0.9428013 0.3882398 0.9215584 -2.5165e-4 0.4039175 0.9137197 -0.04435169 0.3948628 0.9187401 -1.02124e-5 0.403919 0.9137189 -0.04435276 0.6235174 0.003951489 0.7817995 0.6235227 0.003933072 0.7817955 0.6235204 0.003939568 0.7817972 0.6235134 0.003968298 0.7818025 -0.003882944 -0.9999925 0 -0.003882944 -0.9999925 1.2255e-6 -0.003930926 -0.9999924 0 -0.003930926 -0.9999924 1.59948e-6 -0.003933787 0.003931879 -0.9999846 -0.003932237 0.003932058 -0.9999846 -0.003933608 0.00393182 -0.9999846 -0.003931879 0.003932237 -0.9999846 0.458806 -0.03528916 0.8878355 0.4117378 -0.05099624 0.9098744 0.9450951 -0.01961219 0.3262068 0.9372928 -0.01959812 0.3479919 0.003885388 -0.04313892 0.9990616 0.4431475 -0.05094516 0.8949999 0.9529377 -0.01960098 0.3025323 0.00390768 -0.05097043 0.9986925 -0.003916025 -0.05882638 0.9982606 0.01176625 -0.04311895 0.9990007 -0.01964128 -0.04311639 0.9988771 0.9999924 -0.003899574 6.28372e-6 0.9999925 -0.003876507 5.13018e-6 0.9999923 0.003923654 1.04889e-5 0.9999923 0.003919363 -4.509e-6 0.9999924 0.003920316 7.58632e-6 -0.003898859 -0.04314059 0.9990614 -0.003917455 -0.05097752 0.9986921 -0.003850698 -0.9999926 1.35507e-5 -0.003922045 -0.9999923 -1.77138e-6 -0.003921329 -0.9999924 -1.93529e-6 -0.003920257 -0.9999924 -5.10737e-6 0.9843069 -0.01176363 0.1760731 0.9843075 -0.00392425 0.1764186 0.9843061 -0.01176404 0.1760774 0.9843093 -0.003927946 0.1764084 0.003873169 -0.04317784 0.9990599 -0.003892123 -0.04316276 0.9990605 0.396085 -0.0431531 0.9171993 0.5058903 -0.03531032 0.8618749 -0.003884375 -0.04315841 0.9990608 -0.003922641 -0.04313701 0.9990615 0.9686229 -0.003932356 0.248504 -0.003927648 -0.04313534 0.9990615 -0.003927588 -0.04313528 0.9990615 0.9215636 -0.01961201 0.3877317 0.3960769 -0.04310518 0.917205 0.9686222 -0.003897547 0.2485072 0.9215534 -0.01961928 0.3877556 0.9686158 -0.003906488 0.2485322 0.9999924 0.003895342 -1.03294e-6 0.9999924 0.003907144 -5.14432e-7 0.9999924 0.003909707 0 0.9999925 0.003879964 0 0.9999926 0.003886044 -2.89569e-6 0.9999926 0.003864526 -7.19135e-6 0.9999924 0.003919899 0 0.9999925 0.003875136 -1.98136e-6 0.9999927 0.003853797 -6.8983e-7 0.9999925 0.00387305 1.73522e-5 0.9999925 0.00389558 9.74809e-7 -0.003903269 -0.05881321 0.9982615 -0.003903329 -0.05881315 0.9982615 -0.00390321 -0.05881327 0.9982614 -0.00390321 -0.05881333 0.9982615 -0.003931045 -0.05881828 -0.998261 -0.003887772 -0.05883884 -0.99826 -0.003931105 -0.05881845 -0.998261 -0.003887951 -0.05883926 -0.99826 -0.003882944 -0.9999925 -2.56754e-6 0.003882944 -0.9999925 3.90387e-6 0.002639889 -0.9999925 -0.002848923 0.002133429 -0.9999925 0.003243565 -0.003882944 -0.9999925 -1.26388e-6 0 -0.9999925 -0.003882944 -0.003882944 -0.9999926 -6.32087e-7 0.002574145 -0.9999924 -0.002973675 -0.003930926 -0.9999923 1.06059e-6 0 -0.9999926 0.003882944 0.3333244 -0.05882579 0.9409753 -0.01174396 -0.05881118 0.9982001 0.4745174 -0.05097621 0.8787689 0.9058651 -0.01178795 0.4234024 0.9686213 -0.01176613 0.2482625 0.9999308 0.01177245 2.38851e-5 0.9999309 0.01176208 2.42647e-5 0.9999923 0.003914713 1.33873e-5 0.9999924 -0.003914058 9.72472e-6 0.9999924 -0.003917157 3.59956e-6 0.9999924 -0.003908872 8.69833e-6 -0.003913879 -0.05097782 0.9986922 -0.003914296 -0.05098617 0.9986917 0.003898501 -0.05882877 0.9982605 -0.003917098 -0.05882424 0.9982607 -0.7019542 0.7019563 0.1204893 -0.4588214 0.8823458 0.1046378 -0.7019565 0.7019578 0.1204672 -0.4588214 0.8823492 0.1046081 -0.325486 0.9450907 0.02936965 -0.3254872 0.9450907 0.02935361 -0.8823459 0.4588208 0.1046386 -0.8823501 0.4588198 0.1046086 -0.9450904 0.3254871 0.02936559 -0.9450905 0.3254886 0.0293489 0.5921483 -0.7647033 0.2541443 0.5921079 -0.7647238 0.254177 0.686276 -0.686273 0.2409453 0.6862719 -0.6862688 0.2409689 0.7647199 -0.5921092 0.2541859 0.764699 -0.5921497 0.2541541 0.2627122 -0.3490024 -0.8995441 0.3097615 -0.3097618 -0.8989413 0.1842903 -0.2392113 -0.953318 0.2081058 -0.2081059 -0.9557113 0.1058584 -0.1372287 -0.9848667 0.1215427 -0.1215424 -0.9851167 0.2392114 -0.1842905 -0.9533179 0.3490211 -0.2627524 -0.8995252 0.1372291 -0.1058578 -0.9848667 -0.278428 0.521569 -0.806501 -0.2784184 0.5216007 -0.8064838 -0.4196529 0.4196528 -0.8048497 -0.419465 0.4194653 -0.8050455 -0.1921601 0.560788 -0.8053517 -0.1921583 0.5607851 -0.8053543 -0.5215613 0.2784302 -0.8065052 -0.5215691 0.2784279 -0.8065009 -0.560788 0.1921599 -0.8053517 -0.5607852 0.1921584 -0.8053541 0.599999 -0.79607 -0.07920688 0.7071068 -0.7071067 0 0.5999233 -0.7961272 -0.079207 0.7071069 -0.7071067 0 0.7960724 -0.5999958 -0.07920694 0.7960703 -0.5999988 -0.07920694 -0.003933131 0.003931045 -0.9999846 -0.003932118 0.003932058 -0.9999846 -0.003932952 0.003931224 -0.9999846 -0.00393182 0.003932297 -0.9999846 -0.8967604 -0.4425167 0 -0.8967602 -0.4425171 -2.41597e-7 -0.8967602 -0.4425168 0 -0.8967601 -0.4425171 2.40456e-7 -0.00392735 0.003932178 0.9999846 -0.003931581 0.003932297 0.9999846 -0.003927588 0.003932178 0.9999846 -0.003932118 0.003932058 0.9999846 0.8967598 0.442518 1.68896e-6 0.896759 0.4425194 0 0.8967597 0.4425181 -2.41597e-7 0.8967589 0.4425194 0 0.473617 -0.8807309 0 0.4736184 -0.8807303 0 0.4736183 -0.8807303 -1.62595e-7 0.4736196 -0.8807295 1.63366e-7 -0.003931879 0.003932237 -0.9999846 -0.003932297 0.00393182 -0.9999846 -0.003931999 0.003932118 -0.9999846 -0.003932178 0.003931939 -0.9999846 -0.8039135 -0.5921562 0.05544495 -0.8039168 -0.5921519 -0.05544459 -0.8039152 -0.5921541 0.05544483 -0.8039151 -0.5921541 -0.05544477 -0.003932952 0.003931164 0.9999846 -0.003932178 0.003931939 0.9999846 -0.003933012 0.003931105 0.9999846 -0.003932297 0.00393182 0.9999846 0.8039149 0.5921545 -0.05544477 0.8039147 0.5921546 -0.05544489 0.8039166 0.5921522 -0.05544459 0.8039163 0.5921524 -0.05544477 0.6155112 -0.7881281 0 0.6154767 -0.7881551 0 0.6155143 -0.7881258 0 0.6155554 -0.7880938 0 0.2862593 -0.9215776 0.2622027 0.2862719 -0.9215624 0.2622426 0.2862666 -0.9215651 0.2622392 0.2862651 -0.9215663 0.2622362 0.9058761 0.419602 -0.05764329 0.9058751 0.4196018 -0.05765986 0.9215599 0.3803929 -0.07764315 0.9215619 0.38039 -0.07763499 0.888879 0.4581421 1.71177e-6 0.8888801 0.4581399 -1.58036e-5 -0.3176391 0.9137173 -0.2534288 -0.3176431 0.9137175 -0.2534229 -0.317622 0.9137181 -0.2534473 -0.3176262 0.9137182 -0.2534416 -0.9829169 -0.1840503 1.13323e-5 -0.9829167 -0.1840516 1.5039e-5 -0.9843065 -0.1764672 -3.49682e-4 -0.9843062 -0.1764692 -3.68477e-4 -0.9764605 -0.1921561 -0.09798443 -0.976464 -0.1921601 -0.09794104 -0.8274437 -0.5607825 -0.02932637 -0.8274453 -0.5607802 -0.02932661 -0.833849 -0.5519927 -2.74368e-5 -0.8338544 -0.5519846 1.42753e-5 -0.8338516 -0.5519888 -2.16998e-5 -0.8274468 -0.5607763 -0.0293594 -0.835286 -0.5450957 -0.07188832 -0.83529 -0.5450915 -0.07187443 -0.83529 -0.5450916 -0.07187438 -0.8338519 -0.5519884 1.00769e-5 -0.6862657 0.6862661 -0.2409945 -0.5843032 0.7725448 -0.2485243 -0.6862697 0.6862702 -0.2409715 -0.5843174 0.7725475 -0.248483 -0.7725424 0.5843072 -0.2485228 -0.7725418 0.5843063 -0.2485268 0.09017693 -0.2627242 -0.9606478 0.09803205 -0.2705875 -0.9576911 0.05884253 -0.1372413 -0.9887884 0.08232265 -0.1450949 -0.9859871 0.1450951 -0.4117633 -0.8996657 0.1450932 -0.4117653 -0.8996651 -0.2159525 -0.9764039 0 -0.2160922 -0.976373 0 -0.2160928 -0.9763729 0 -0.2159516 -0.9764041 0 0.9294042 -0.3647019 -0.05657136 0.9294044 -0.3647016 -0.05657136 0.9294033 -0.3647044 -0.05657142 0.9294055 -0.3646991 -0.0565713 0.8823454 0.4666637 -0.06075739 0.8823439 0.4666651 -0.06077075 0.8823454 0.4666658 -0.06074452 0.8823448 0.4666647 -0.06075954 -0.8823476 -0.4666595 -0.06076061 -0.8823487 -0.4666591 -0.06074547 -0.8823445 -0.466664 -0.06077164 -0.8823434 -0.4666675 -0.06075829 0.1764855 -0.9843033 1.55837e-6 0.3254872 -0.9450913 -0.02933394 0.1764501 -0.9843097 6.2857e-7 0.3254886 -0.9450909 -0.02933394 0.01955902 -0.9998088 -6.37243e-6 0.01960963 -0.9998077 -2.53578e-6 0.01959258 -0.999808 2.11908e-5 0.1294316 -0.239162 -0.9623144 0.08235841 -0.2706039 -0.9591615 0.09020584 -0.1764596 -0.9801658 0.1764661 -0.2156817 -0.9603859 0.2627278 -0.3490028 -0.8995395 0.1450595 -0.1450607 -0.9787315 0.3176394 -0.3176412 -0.8934256 0.1372416 -0.4117562 -0.9009005 0.05883139 -0.2156722 -0.9746919 -0.05096739 0.09797978 -0.9938824 -0.03528767 0.1058751 -0.9937532 0.1294213 -0.4117563 -0.9020571 0.05100417 -0.2784019 -0.9591096 0.003928303 -0.2941029 -0.9557658 0.02743047 -0.1293737 -0.9912164 0.003901898 -0.1372132 -0.9905339 0.0980243 -0.2705718 -0.9576963 0.058829 -0.1372107 -0.9887935 0.04319262 -0.0510056 -0.997764 0.0274409 0.003930211 -0.9996157 0.03529238 -0.02744793 -0.9990001 0.01962035 -0.1294137 -0.9913966 0.06663423 -0.1372668 -0.9882903 0.082354 -0.2705929 -0.959165 0.003908812 -0.1372244 -0.9905323 0.003914058 -0.1372417 -0.9905298 0.003915846 -0.1372401 -0.9905301 0.003905057 -0.1372181 -0.9905332 0.0431295 -0.1058816 -0.993443 0.05880528 -0.09804338 -0.9934433 0.1764726 -0.215687 -0.9603835 0.0980578 -0.1372312 -0.9856735 0.04314738 -0.05883169 -0.9973351 0.05095666 -0.05095773 -0.9974001 -0.003899037 -0.003901064 -0.9999848 0.003932237 0.003931939 -0.9999846 0.003945291 -0.003944873 -0.9999845 0.1058514 -0.1058538 -0.9887318 0.003932952 0.0039348 -0.9999846 0.05880999 -0.04312121 -0.9973374 -0.003932058 -0.003932118 -0.9999846 0.1372469 -0.09804451 -0.9856727 0.2156766 -0.1764688 -0.9603866 0.2156746 -0.1764623 -0.9603883 0.239229 -0.1293633 -0.9623069 0.09802812 -0.05883687 -0.9934429 0.1764607 -0.09020596 -0.9801656 0.27061 -0.08236658 -0.959159 0.3490335 -0.2627588 -0.8995184 0.4117726 -0.1372838 -0.9008865 0.2157147 -0.0588029 -0.9746842 -0.0979793 0.05096912 -0.9938825 -0.1059095 0.03531926 -0.9937484 0.411754 -0.129422 -0.902058 0.2784366 -0.05097442 -0.959101 0.2941037 -0.003929078 -0.9557656 0.1294156 -0.02745306 -0.9912104 0.137212 -0.003900349 -0.990534 0.2706019 -0.0980525 -0.9576849 0.1372276 -0.05882698 -0.9887912 0.05095267 -0.04307776 -0.9977716 -0.003929853 -0.02744168 -0.9996157 0.02745425 -0.03529578 -0.9989998 0.1294134 -0.01962012 -0.9913966 0.1372495 -0.06667715 -0.9882898 0.2705847 -0.08235412 -0.9591673 0.1372256 -0.003908693 -0.9905322 0.1372417 -0.003915548 -0.9905299 0.1372412 -0.003915607 -0.99053 0.1372609 -0.003924608 -0.9905272 0.1058618 -0.04317808 -0.9934431 -0.07449984 0.07449966 -0.9944344 0.1921725 -0.5764581 0.7942076 0.2940949 -0.5529756 0.779568 0.2392113 -0.7019432 0.6708605 0.3490054 -0.6705587 0.6546345 0.5372648 -0.5372644 0.6501488 0.4509587 -0.4509562 0.7702432 0.5529564 -0.2941085 0.7795765 0.6705839 -0.3490193 0.6546013 0.7019409 -0.2392088 0.6708638 0.5764664 -0.1999996 0.7922668 0.3646376 -0.3647193 0.8567492 0.301979 -0.3960439 0.8671551 0.4039431 -0.3019682 0.8635076 0.1607584 -0.4588248 0.8738631 0.1607682 -0.4744721 0.8654651 0.4666659 -0.1607854 0.8696959 0.4587897 -0.1529569 0.8752808 0.2234757 -0.458786 0.8599849 0.1606871 -0.4666942 0.8696988 0.4353708 -0.2627368 0.8610585 0.4666666 -0.1607802 0.8696965 0.419597 -0.1529356 0.8947342 0.4196137 -0.1451033 0.8960298 0.2705975 -0.0353074 0.962045 0.2784572 -0.03530907 0.9597994 0.1686211 -0.01960772 0.985486 0.1765103 -0.01958495 0.984104 0.1764597 -0.01181375 0.984237 0.1686263 -0.03529351 0.985048 0.1764844 -0.003904461 0.9842957 0.1607562 -0.0431208 0.9860517 0.05882549 -0.01960688 0.9980758 -0.003934323 0.003932178 0.9999846 -0.003938794 0.003932058 0.9999845 0.1764928 -0.003890097 0.9842944 0.1686211 -0.05879199 0.9839261 0.1843304 -0.09803795 0.9779627 0.1921478 -0.0980755 0.976453 0.1842928 -0.09802818 0.9779707 0.1765038 -0.09022086 0.9801564 0.1686284 -0.05883514 0.9839223 0.2235351 -0.03529059 0.9740568 0.2705694 0.003933966 0.9626924 0.0588423 -0.01959198 0.998075 0.2235367 -0.08233457 0.9712118 0.223525 -0.03528302 0.9740595 0.2156922 -0.09018379 0.9722879 0.1843309 -0.09803652 0.9779627 0.1686154 -0.07450205 0.9828624 0.1686153 -0.07450222 0.9828624 0.2235255 -0.03529995 0.9740588 0.01956051 -0.1765495 0.9840974 0.01960718 -0.1686379 0.9854831 0.03529042 -0.2705788 0.9620509 0.01185959 -0.1764507 0.984238 0.04312407 -0.1686109 0.984739 0.003855526 -0.1765323 0.9842873 0.04311865 -0.1607523 0.9860525 0.01960533 -0.05880713 0.9980769 -0.003931939 0.003931999 0.9999846 -0.003932356 0.00393176 0.9999846 0.003835082 -0.1765483 0.9842845 0.09804767 -0.1921393 0.9764574 0.05889165 -0.1685686 0.9839291 0.03529125 -0.2705497 0.962059 0.1450775 -0.4274405 0.8923269 0.152919 -0.4274151 0.8910288 0.01960396 -0.05882751 0.9980757 0.003921747 -0.2549025 0.9669589 0.05882179 -0.2392137 0.9691836 0.03529179 -0.2156891 0.9758241 0.03528171 -0.215693 0.9758237 0.0745126 -0.1686331 0.9828585 0.07451289 -0.1686331 0.9828585 0.09804403 -0.1843028 0.9779673 0.09803783 -0.1921689 0.9764526 0.09805065 -0.200006 0.9748763 0.05884182 -0.2392017 0.9691853 0.113725 -0.160784 0.9804158 0.1293814 -0.2235532 0.9660665 0.1058556 -0.1529583 0.9825469 0.1215883 -0.2235079 0.9670887 0.1921582 -0.3647004 0.9110811 0.1921729 -0.3646913 0.9110817 0.2627066 -0.4353057 0.8611006 0.1058532 -0.1450716 0.9837426 0.09803634 -0.1293904 0.9867356 0.1608049 -0.1137412 0.9804106 0.1529529 -0.1058545 0.9825478 0.2235371 -0.1294007 0.9660677 0.2235375 -0.1215549 0.9670861 0.3646835 -0.1999804 0.909403 0.3647025 -0.1999983 0.9093915 0.4587749 -0.2235187 0.8599796 0.1294302 -0.09803211 0.9867308 0.1450597 -0.1059092 0.9837383 -0.003907263 0.003906846 -0.9999848 0.239229 -0.2392293 -0.9410308 0.1137177 -0.3098308 -0.9439668 0.4274979 -0.4274979 -0.7965494 0.2001597 -0.560793 -0.8033974 -0.003915011 -0.6078368 -0.7940524 -0.003909528 -0.3333328 -0.9428011 -0.003910064 0.003899574 -0.9999848 0.6235242 -0.6235238 -0.471631 0.4038988 -0.7803876 -0.477348 0.1529379 -0.8666689 -0.4748633 -0.003919243 -0.8745025 -0.4850053 0.4588698 -0.8823151 -0.1046836 0.7019528 -0.7019535 -0.1205142 0.4581459 -0.8888771 -1.14229e-5 0.7071071 -0.7071066 0 0.3097958 -0.9294123 -0.2005482 0.1529381 -0.9607739 -0.2313513 -0.003934979 -0.9764643 -0.2156431 0.3176422 -0.9450894 -0.07687264 0.317645 -0.9450895 0.07685995 0.3176493 -0.9450875 0.07686758 0.3166453 -0.9454253 -0.07685685 0.8888773 -0.4581456 -1.59124e-6 0.8823151 -0.4588698 -0.1046836 0.7803875 -0.4038987 -0.4773481 0.560801 -0.2002602 -0.8033667 0.3098309 -0.1137176 -0.9439668 -0.003906965 0.003907442 -0.9999848 0.6078368 0.003914833 -0.7940524 0.3333327 0.003909587 -0.9428012 -0.003946721 0.003918826 -0.9999846 0.8666417 -0.1529436 -0.474911 0.8745025 0.003919363 -0.4850054 0.9294123 -0.3097956 -0.2005481 0.960774 -0.1529381 -0.2313514 0.9764643 0.003934562 -0.2156431 0.9450887 -0.3176447 -0.07687175 0.9450894 -0.3176454 0.07686054 0.9452967 -0.3170365 0.07682436 0.9450915 -0.3176488 0.07682132 -0.003944993 -0.4744958 0.880249 -0.003933608 -0.6627333 0.7488452 0.1843261 -0.4431256 0.8773047 0.1294179 -0.6470401 0.7513922 -0.003927171 -0.1921643 0.981355 0.2235466 -0.1607697 0.9613429 0.1215441 -0.7333379 0.6689115 -0.003912746 -0.7490119 0.6625451 0.3490127 -0.427441 0.8339571 0.2470665 -0.6470577 0.7213006 0.443136 -0.1451027 0.8846331 0.5529521 0.05881243 0.8311348 0.27058 0.01959878 0.962498 -0.003931999 -0.1921681 0.9813542 0.2077317 -0.7174859 0.6648771 -0.003917098 -0.01176398 0.9999232 -0.003919959 -0.192169 0.9813541 0.270582 0.01959079 0.9624976 -0.003931522 -0.9999924 -3.96747e-6 -0.003920257 -0.9999923 -2.65113e-6 0.003912091 -0.9999924 -2.69984e-7 0.003914952 -0.9999924 0 0.003873169 -0.9999926 0 0.003921151 -0.9999923 0 -0.04314607 0.08235687 0.9956686 -0.04316169 0.08237695 0.9956662 -0.01177579 0.09019815 0.9958543 -0.01174807 0.09019702 0.9958547 -0.003936886 0.09018754 0.9959171 -0.003934562 0.09018933 0.9959169 -0.06662893 0.06663435 0.9955504 -0.06662976 0.06663686 0.9955502 -0.08234852 0.04312527 0.9956701 -0.08240652 0.04316365 0.9956637 -0.09018748 0.01177644 0.9958552 -0.09018266 0.0117492 0.995856 -0.09020006 0.003935933 0.995916 -0.09020709 0.003933191 0.9959154 0.4581372 -0.8888815 -2.15704e-6 0.4509747 -0.8666585 0.2133659 0.1607688 -0.9843087 -0.07273143 0.1607796 -0.9686183 0.1895483 0.7071064 -0.7071072 0 0.6941116 -0.6941111 0.1908374 -0.003917753 -0.9764668 0.2156324 -0.003929913 -0.9999923 2.58777e-7 0.866657 -0.4509724 0.2133768 0.8888817 -0.4581368 0 0.9843068 -0.160781 -0.07273149 0.9686215 -0.1607858 0.1895267 0.9764667 0.003915905 0.215633 0.9999923 0.003930449 2.60004e-7 0.137257 -0.8431116 0.5199263 0.3960626 -0.7568493 0.5199171 0.1215554 -0.7490291 0.6512908 0.3490298 -0.6706076 0.6545714 0.599999 -0.5999997 0.5291518 0.5372359 -0.5372354 0.6501968 -0.003914654 -0.8509722 0.5251962 -0.00391817 -0.7646996 0.644375 0.756855 -0.3960718 0.5199018 0.8431057 -0.1372587 0.5199354 0.670576 -0.3490129 0.6546128 0.7489938 -0.1215845 0.651326 0.8509725 0.003914535 0.5251957 0.7647012 0.003919661 0.6443731 0.7176456 -0.4117338 0.5616584 0.7097843 -0.3961094 0.5824978 0.694118 -0.2548882 0.6732252 0.686298 -0.2470156 0.6840894 0.6784414 -0.02741092 0.734143 0.6862633 -0.05098289 0.7255643 0.6862661 0.1058773 0.7196032 0.6941316 0.1136997 0.710812 0.7411745 -0.4509775 0.4972723 0.7411538 -0.4509633 0.4973159 0.7725499 -0.6313608 -0.06745558 0.772548 -0.6313632 0.06745553 0.7725459 -0.6313657 0.06745547 0.7725436 -0.6313686 0.06745541 0.2157365 -0.4196345 0.8816829 0.1529363 -0.4587707 0.8752942 0.3098047 -0.592148 0.7438964 0.2156541 -0.639238 0.7381518 0.4745063 -0.4745067 0.7414089 0.3333376 -0.3333422 0.8819122 0.5921877 -0.3097993 0.7438671 0.419607 -0.2235228 0.8797544 0.6392319 -0.2156613 0.7381551 0.4587705 -0.1529363 0.8752943 0.3411823 -0.6627442 0.666607 0.2392137 -0.717646 0.6540345 0.06659764 -0.1921455 0.9791041 0.09020584 -0.1764687 0.9801642 -0.003932654 0.00393182 0.9999846 -0.003931999 0.003932118 0.9999846 0.1372477 -0.1372445 0.9809827 -0.003930568 0.003931879 0.9999846 -0.003931522 0.003931999 0.9999846 0.176468 -0.09022015 0.980163 -0.003930807 0.003931999 0.9999846 0.1921522 -0.06665688 0.9790988 0.717642 -0.2392138 0.6540389 0.6627449 -0.3490006 0.6625464 0.5293649 -0.5294418 0.6629211 0.4353336 -0.8352993 0.3357973 0.388224 -0.7411677 0.5476792 0.1529018 -0.9294236 0.3358466 0.1372423 -0.8196229 0.556222 0.662741 -0.6627418 0.3486369 0.5921584 -0.5921581 0.546532 0.05887055 -0.3803467 0.9229684 0.1764667 -0.3411611 0.9232922 -0.003905236 0.003905534 0.9999848 0.2705976 -0.2705978 0.9238798 -0.003909587 -0.9450868 0.3267964 -0.003917932 -0.8274468 0.5615304 -0.003911852 -0.3568558 0.9341514 0.7411679 -0.3882251 0.5476784 0.8353127 -0.4353778 0.3357068 0.9294235 -0.1529024 0.3358463 0.8196287 -0.1372385 0.5562145 0.3411621 -0.1764688 0.9232916 0.3803476 -0.05887115 0.922968 0.9450871 0.003908634 0.3267954 0.3568555 0.003907859 0.9341515 0.8274466 0.003917098 0.5615308 0.9450867 0.003908455 0.3267967 0.4581259 -0.8888874 1.55413e-6 0.4274158 -0.8117757 0.3979145 0.2156529 -0.9764701 0 0.1451538 -0.9058722 0.3979021 0.7071066 -0.707107 0 0.6470639 -0.6470658 0.4032547 0.3019636 -0.5843086 0.7532606 0.1058813 -0.6548989 0.7482624 0.4667183 -0.4667232 0.751228 -0.003906667 -0.9137147 0.4063378 -0.003903567 -0.6627458 0.7488343 0.003884255 -0.9999926 -5.49341e-6 -0.003883898 -0.9999926 1.97849e-6 0.003900408 -0.9999924 -1.12562e-6 0.8117898 -0.4274271 0.3978737 0.888888 -0.4581249 0 0.9764704 -0.2156519 0 0.9058755 -0.145104 0.3979127 0.5843067 -0.3019635 0.7532621 0.6549 -0.1058806 0.7482616 0.9137127 0.003897726 0.4063421 0.6627483 0.003901839 0.748832 0.9999924 0.003903985 -5.7595e-7 0.9999926 -0.003868281 -1.18347e-5 0.9999924 -0.003900647 -1.23226e-6 -0.003932237 0.003931879 -0.9999846 -0.003932356 0.00393176 -0.9999846 -0.003932118 0.003932118 -0.9999846 -0.003932893 0.003931999 -0.9999846 -0.003931879 0.003932237 -0.9999846 -0.003931283 0.003932237 -0.9999846 -0.003932237 0.003931999 -0.9999846 -0.003932178 0.003932178 -0.9999846 -0.003932297 0.00393182 -0.9999846 -0.003931879 0.003932237 -0.9999846 0.7019577 -0.7097976 -0.05867624 0.4581564 -0.8888717 -5.3799e-6 0.7071069 -0.7071067 2.70084e-7 0.4581538 -0.8888729 -2.95398e-6 0.8823488 -0.4666603 -0.06073671 0.8888776 -0.4581449 -4.20585e-6 0.3176487 -0.9450879 0.07686436 0.3176458 -0.9450889 0.07686501 -0.3176211 0.9451081 0.07672983 0.3176415 -0.945091 -0.07685792 0.3176418 -0.9450935 -0.07682496 0.9450907 -0.3176437 -0.07685041 0.9510042 -0.3091782 -2.148e-5 0.6864017 0.3881689 -0.6149615 0.9450908 -0.3176457 -0.07684081 0.945091 -0.3176414 0.07685649 -0.7176399 0.1294116 0.6842848 -0.717629 0.129418 0.6842951 -0.7176423 0.1294102 0.6842825 -0.7176636 0.1293982 0.6842625 -0.2705835 -0.6862833 0.6751296 -0.2705875 -0.6862565 0.6751551 -0.2705891 -0.6862426 0.6751687 -0.2705854 -0.6862586 0.6751538 -0.6862723 -0.2705873 0.6751391 -0.6862515 -0.2705825 0.6751621 -0.6862584 -0.270585 0.6751543 -0.6862641 -0.2705841 0.6751488 0.1294138 -0.7176302 0.6842947 0.1294041 -0.7176522 0.6842733 0.1294052 -0.7176487 0.6842768 0.1294065 -0.7176544 0.6842706 -0.7725431 -0.4352737 0.4622921 -0.7725383 -0.4274411 0.4695519 -0.7725468 -0.4352794 0.4622805 -0.780394 -0.427441 0.4563766 0.2156765 -0.7254674 0.6535907 0.2156794 -0.7176656 0.6621469 0.04314732 -0.388232 0.9205511 0.2392237 -0.7019663 0.6708319 0.1843196 -0.7411663 0.6455222 0.0431208 -0.3882505 0.9205445 -0.0980587 -0.1294074 0.9867311 -0.08235895 -0.1686315 0.9822325 -0.1372073 -0.066675 0.9882959 -0.4352837 -0.7725487 0.4622736 -0.4274511 -0.7725453 0.4695309 -0.4352717 -0.7725596 0.4622666 -0.4274486 -0.7725433 0.4695364 -0.1294494 0.3097468 0.9419659 -0.1294341 0.3097647 0.9419622 -0.1294164 0.3097914 0.9419559 -0.1294322 0.3097592 0.9419643 0.08224397 0.02744585 0.9962343 0.08226162 0.02744913 0.9962328 0.0823431 0.02745771 0.9962258 0.08227264 0.02751201 0.9962301 0.05880469 -0.3960949 0.9163246 0.05880969 -0.3960963 0.9163238 0.05881488 -0.3960927 0.9163249 0.05881184 -0.396056 0.9163411 0.01955866 -0.5607492 0.8277546 0.01957827 -0.5607826 0.8277317 -0.01177972 -0.5686197 0.8225162 -0.01176136 -0.56862 0.8225162 -0.05100911 -0.5842812 0.8099467 -0.05101966 -0.5842928 0.8099376 -0.1921204 -0.6235202 0.7578341 -0.1843435 -0.6234796 0.7597965 -0.2235176 -0.6313651 0.7425754 -0.223501 -0.6313591 0.7425854 -0.3882432 -0.5607809 0.7312948 -0.396086 -0.5607877 0.7270717 -0.3960625 -0.5529602 0.7330551 -0.3960736 -0.5529342 0.7330685 -0.6627271 -0.2627926 0.7012367 -0.6627352 -0.2627839 0.7012323 -0.6705796 -0.2705845 0.6907294 -0.6705872 -0.2705916 0.6907192 -0.6235147 0.2156617 0.7514783 -0.6156869 0.2156735 0.7579014 -0.6156928 0.215653 0.7579025 -0.60781 0.2157137 0.7642216 -0.3254863 0.4352621 0.8394079 -0.3254687 0.4274771 0.8434059 -0.4274166 0.3960527 0.8126853 -0.4274303 0.3960239 0.8126921 -0.2313653 0.4431594 0.8660717 -0.2313634 0.4509347 0.8620493 -0.2313742 0.450966 0.86203 -0.2313843 0.4509525 0.8620343 -0.4353007 0.3882319 0.8122743 -0.435271 0.3882786 0.8122677 0.2156838 -0.6313689 0.7448852 0.2235419 -0.639195 0.7358388 0.223524 -0.6392176 0.7358247 0.2391948 -0.6391879 0.7309068 -0.2784242 -0.6862554 0.6719625 -0.2784283 -0.6862705 0.6719454 -0.2784299 -0.678427 0.679863 -0.2784451 -0.67844 0.6798438 -0.5764654 -0.3960593 0.7147201 -0.5764579 -0.3960719 0.7147191 -0.57646 -0.3960714 0.7147177 -0.5843018 -0.4039196 0.7038753 -0.6392074 -0.1686261 0.7503194 -0.6392163 -0.1764709 0.7485056 -0.6549059 -0.2156835 0.7242783 -0.6548951 -0.2156866 0.7242871 -0.6000058 -0.03530317 0.7992164 -0.6078441 -0.03529042 0.793272 -0.5842808 0.02748227 0.8110862 -0.5842911 0.02747815 0.8110789 -0.5921475 0.003927111 0.80582 -0.5921586 0.003918528 0.805812 -0.4039368 0.09021103 0.9103281 -0.4039064 0.09018486 0.9103442 -0.4038992 0.09018021 0.9103478 -0.40393 0.09020805 0.9103313 0.04313528 0.1215668 0.9916455 0.04311984 0.1215534 0.9916479 0.04313939 0.1215718 0.9916447 0.04312551 0.1215562 0.9916473 0.3333212 -0.1058749 0.9368498 0.3333328 -0.105885 0.9368445 0.3333871 -0.1059178 0.9368215 0.3333182 -0.1058747 0.9368509 0.4196082 -0.4196401 0.8048796 0.4195944 -0.4195928 0.8049114 0.4587925 -0.3254429 0.8267989 0.4588251 -0.3254578 0.826775 0.4196099 -0.4352946 0.7965214 0.4117918 -0.4352704 0.8006044 0.4744899 -0.2314187 0.8492966 0.4745001 -0.2314258 0.849289 0.4745228 -0.2314024 0.8492828 0.474501 -0.2313612 0.849306 -0.6156617 0.1764918 0.7679919 -0.6235347 0.176462 0.7616204 -0.6627322 0.1529453 0.7330715 -0.6705844 0.1607827 0.7241999 -0.5137128 0.2627394 0.8167418 -0.5136945 0.2626766 0.8167735 -0.4509837 0.3254938 0.8310641 -0.4588254 0.3333342 0.8236308 -0.2940938 0.2862505 0.9119043 -0.2941152 0.2784285 0.9143161 -0.2862686 0.2784274 0.9168035 -0.2862388 0.2784464 0.9168069 0.05099385 0.04313629 0.997767 0.04313129 0.0431388 0.9981377 0.04312825 0.05881124 0.9973371 0.04312515 0.05880737 0.9973375 0.08234304 0.06666964 0.9943716 0.09016805 0.06665515 0.9936936 0.2470645 -0.3019675 0.9207469 0.2470589 -0.3019637 0.9207497 0.24706 -0.2941188 0.9232853 0.2470808 -0.2941173 0.9232801 0.2548937 -0.5137179 0.8192211 0.2627432 -0.5137196 0.8167362 0.3333724 -0.4509657 0.8279449 0.3333366 -0.4509854 0.8279487 0.1764956 -0.6156519 0.7679988 0.1764673 -0.6078389 0.7742035 0.1450951 -0.6470556 0.7485094 0.145103 -0.647036 0.748525 -0.0196079 -0.6862938 0.7270601 -0.0196073 -0.6862828 0.7270705 -0.01960527 -0.6863033 0.7270512 -0.01960575 -0.6941052 0.7196066 -0.521573 -0.5215717 0.6752219 -0.5215801 -0.521579 0.6752109 -0.5921412 -0.4431629 0.6730346 -0.5921533 -0.4431295 0.673046 -0.4509727 -0.5921528 0.6678164 -0.4509605 -0.5921468 0.6678299 -0.6940997 -0.01960289 0.719612 -0.686288 -0.01960289 0.7270658 -0.6862844 -0.01960307 0.7270691 -0.6862776 -0.01960295 0.7270756 -0.1999607 -0.07453447 0.976965 -0.1686394 -0.07450073 0.9828583 -0.2156 -0.09798383 0.9715534 -0.160807 -0.08232146 0.9835468 -0.1607841 -0.07449597 0.9841743 -0.2313331 -0.1215086 0.9652568 -0.2548749 -0.09799611 0.9619957 -0.2783312 -0.09798628 0.955474 -0.4117245 -0.1450793 0.8996861 -0.427569 -0.1450702 0.8922665 -0.4666481 -0.1607756 0.8697074 -0.4744476 -0.1608657 0.8654605 -0.4744956 -0.1608017 0.865446 -0.4666454 -0.1529781 0.8711142 -0.00393182 0.003932297 0.9999846 0.003949999 0.00394982 0.9999845 0.003932237 0.003931879 0.9999846 -0.08226001 -0.0666759 0.994378 -0.06664925 -0.06664758 0.9955481 -0.05880242 -0.07448863 0.9954867 0.003931999 0.003932118 0.9999846 -0.003931999 0.003932118 0.9999846 -0.1529473 -0.1607761 0.9750683 -0.1764608 -0.1294231 0.975762 -0.137244 -0.1764656 0.9746918 -0.1529159 -0.1764916 0.9723516 -0.121554 -0.2235403 0.9670855 -0.2235095 -0.1215777 0.9670897 -0.17647 -0.1529316 0.972353 -0.05883288 -0.07449924 0.9954842 -0.1764699 -0.1529376 0.972352 -0.1372427 -0.1764641 0.9746922 -0.1294143 -0.1764681 0.9757618 -0.1294811 -0.1608067 0.9784559 -0.1294811 -0.1608068 0.9784559 -0.1764859 -0.1529389 0.9723489 -0.1607762 -0.1293964 0.9784722 -0.1529378 -0.1764523 0.9723553 -0.160776 -0.1293964 0.9784722 -0.09805071 -0.2235116 0.969757 -0.09019041 -0.2078378 0.9739965 -0.07451826 -0.1999785 0.9769625 -0.08234435 -0.168623 0.9822351 -0.09019863 -0.1529126 0.9841148 -0.0901826 -0.1372504 0.9864226 -0.09802043 -0.2548891 0.9619894 -0.09804064 -0.2784341 0.9554384 -0.1451011 -0.4117669 0.8996632 -0.1450302 -0.4274357 0.8923368 -0.160785 -0.4666668 0.8696956 -0.152941 -0.4588299 0.8752624 -0.160697 -0.4746482 0.8653817 -0.1607775 -0.4745557 0.8654175 -0.1294206 -0.176468 0.9757609 -0.1215794 -0.1686108 0.9781559 -0.1452966 -0.1451731 0.9786795 -0.1450259 -0.1449905 0.9787468 -0.1764573 -0.1294277 0.9757619 -0.1685918 -0.1216 0.9781566 -0.1999825 -0.1999837 0.9591734 -0.1842904 -0.239215 0.953317 -0.3176461 -0.3176453 0.8934218 -0.2784271 -0.3568595 0.8917005 -0.2392137 -0.1843066 0.9533142 -0.3646968 -0.2784428 0.888519 -0.364731 -0.3647346 0.8567029 -0.3019867 -0.3960823 0.8671349 -0.3019824 -0.3960804 0.8671371 -0.4039229 -0.3098336 0.8607262 -0.3960771 -0.3019614 0.8671461 -0.4431349 -0.5450873 0.7116961 -0.4352896 -0.5529366 0.7104817 -0.2862872 -0.7568714 0.5875248 -0.2862997 -0.7568908 0.5874937 -0.7019549 -0.0587911 0.7097908 -0.6941397 -0.06667768 0.7167456 -0.7882297 0.1764641 0.5895374 -0.7882335 0.1764525 0.5895358 -0.7254849 0.5607858 -0.3989874 -0.7333341 0.576449 -0.3604547 -0.7254846 0.6862706 -0.05200684 -0.72549 0.6862636 -0.0520249 -0.4588535 0.1059046 -0.8821779 -0.4823557 0.1450911 -0.863876 -0.1686015 -0.4430166 -0.8805168 -0.1529257 -0.4823882 -0.8625053 0.0745216 -0.9293977 -0.361478 0.0588268 -0.9215565 -0.3837615 0.1607822 -0.9843077 -0.07271552 0.1607825 -0.9843075 -0.07271724 -0.06667989 -0.6941325 0.7167524 -0.05880087 -0.7019605 0.7097845 0.176465 -0.7882226 0.5895467 0.176481 -0.7882354 0.5895248 -0.5529488 -0.4353026 0.7104641 -0.545062 -0.4431447 0.7117093 -0.7568713 -0.286314 0.5875118 -0.7568719 -0.2863132 0.5875115 0.686272 -0.7254818 -0.05202913 0.6862709 -0.7254819 -0.05204039 0.5607689 -0.7254804 -0.3990194 0.5764747 -0.7333236 -0.3604352 0.1450932 -0.4823486 -0.8638795 0.1059056 -0.4588521 -0.8821785 -0.4824494 -0.1527356 -0.8625048 -0.4431383 -0.1686269 -0.8804507 -0.921557 0.05882668 -0.3837605 -0.9294074 0.07450699 -0.3614563 -0.9843068 0.1607825 -0.07272738 -0.9843065 0.1607832 -0.07272851 -0.8823428 -0.4666674 -0.06076848 -0.8823431 -0.4666681 -0.060759 -0.8823481 -0.4666584 -0.06076157 -0.8823463 -0.4666625 -0.06075483 -0.8823475 -0.4666608 -0.06075066 -0.8823478 -0.4666628 -0.06073206 -0.8823498 -0.4666563 -0.06075251 -0.8823516 -0.4666545 -0.06073975 -0.8823497 -0.4666566 -0.06075066 -0.8823503 -0.466658 -0.06073099 -0.8823469 -0.4666602 -0.06076353 -0.8823445 -0.4666652 -0.06076151 -0.8823468 -0.4666628 -0.06074756 -0.8823457 -0.4666616 -0.06077027 -0.882342 -0.4666721 -0.06074339 -0.8823458 -0.4666647 -0.06074696 -0.4666641 -0.882346 -0.06074851 -0.466661 -0.8823484 -0.06073725 -0.466664 -0.8823471 -0.06073278 -0.4666636 -0.8823447 -0.06077045 -0.4666678 -0.8823457 -0.06072318 -0.4666608 -0.8823463 -0.0607683 -0.4666622 -0.882346 -0.06076252 -0.4666696 -0.8823432 -0.06074565 -0.4666667 -0.882344 -0.06075733 -0.4666671 -0.8823429 -0.06077063 -0.4666631 -0.8823456 -0.06076014 -0.4666643 -0.8823451 -0.06075853 -0.4666649 -0.8823453 -0.06075018 -0.4666621 -0.8823462 -0.06075972 -0.4666647 -0.8823457 -0.06074732 -0.4666647 -0.8823462 -0.06074106 0.2470353 -0.6313534 0.7350963 0.2470353 -0.6313533 0.7350963 0.2470354 -0.6313532 0.7350964 -0.3960759 0.5451056 0.7389072 -0.3960759 0.5451056 0.7389073 -0.3960762 0.5451054 0.7389072 0.5451029 -0.3960814 0.7389062 0.545103 -0.3960813 0.7389062 0.5451029 -0.3960816 0.7389062 -0.4666726 -0.8823369 -0.06081473 -0.4666656 -0.8823446 -0.06075656 -0.4666628 -0.8823457 -0.060763 -0.466662 -0.882347 -0.06074845 -0.4736255 -0.8807263 -2.80121e-5 -0.4666636 -0.8823465 -0.06074386 -0.4666622 -0.882348 -0.06073349 -0.466661 -0.8823506 -0.06070286 -0.631375 0.239216 0.7376595 -0.631375 0.239216 0.7376595 -0.631375 0.2392159 0.7376595 -0.4666586 0.4980415 -0.7308793 -0.4666587 0.4980415 -0.7308791 -0.4666585 0.4980415 -0.7308794 -0.8823474 -0.4666614 -0.06074798 -0.8823466 -0.4666596 -0.06077361 -0.8823472 -0.4666614 -0.06074982 -0.8823412 -0.4666724 -0.06075477 -0.8823419 -0.466673 -0.06073993 -0.8823471 -0.4666644 -0.06072753 -0.8823509 -0.4666576 -0.06072586 -0.882345 -0.4666668 -0.06074094 0.2000212 -0.6392108 -0.7425639 0.2000212 -0.6392108 -0.7425639 0.2000212 -0.6392107 -0.742564 -0.6392062 0.2000305 -0.7425653 -0.6392061 0.2000305 -0.7425654 -0.6392062 0.2000305 -0.7425653 0.4980301 -0.4666665 -0.7308819 0.4980302 -0.4666666 -0.7308819 0.4980301 -0.4666665 -0.730882 -0.1137239 -0.0901941 0.9894099 -0.0980494 -0.07450836 0.9923885 -0.08235335 -0.07450222 0.9938145 -0.09030681 -0.05869352 0.994183 -0.09018665 -0.05097717 0.9946194 -0.05885607 -0.09018027 0.9941849 -0.2784434 0.2000097 0.9393963 -0.1529836 -0.03524136 0.9876002 -0.2784274 0.2000181 0.9393993 -0.4431449 0.5843005 0.6798644 -0.4744443 0.568653 0.6719647 -0.4745113 0.568618 0.6719469 -0.4980381 0.5607753 0.6614297 -0.08235245 -0.09798926 0.9917743 -0.07451194 -0.08235514 0.9938138 -0.05882573 -0.09019851 0.994185 -0.05883771 -0.09019845 0.9941843 -0.05880832 -0.1058727 0.9926392 -0.05097627 -0.1058793 0.9930715 0.1999924 -0.2784168 0.9394079 -0.03524816 -0.152989 0.9875991 0.5686268 -0.4745245 0.6719301 0.568626 -0.4745048 0.6719447 0.1999868 -0.2784332 0.9394043 0.5843096 -0.4509741 0.6746886 0.5529736 -0.5058465 0.6620722 -0.08236116 -0.09802073 0.9917705 -0.3882291 0.04311805 0.9205538 -0.1294183 -0.105897 0.9859193 -0.168659 -0.08238941 0.9822251 -0.3882646 0.04311817 0.9205387 -0.7019652 0.239232 0.67083 -0.7176607 0.2156797 0.6621522 -0.7176245 0.2156814 0.6621909 -0.7411668 0.1843125 0.6455237 -0.003900766 -0.4352487 -0.9003018 0.01957952 -0.4509786 -0.89232 0.01176756 -0.4509762 -0.8924585 0.03526777 -0.4666618 -0.8837324 0.05882513 0.003923416 -0.9982606 -0.1372538 0.003922045 -0.9905282 0.05885106 -0.003892242 -0.9982593 -0.1372376 -0.003913581 -0.9905304 0.2392207 0.003911256 -0.9709573 0.2470732 -0.00388354 -0.9689891 0.02744072 -0.9996235 1.05016e-5 0.003917694 -0.9999923 -1.50462e-5 0.003922998 -0.9999924 1.64062e-5 0.003919243 -0.9999924 -1.43833e-5 0.04309594 -0.999071 9.68575e-7 0.003920257 -0.9999924 2.42895e-5 -0.1916077 -0.9814717 -2.94671e-6 -0.2000001 -0.9764645 0.08072954 -0.152938 -0.984308 0.08802169 -0.1686254 -0.9843067 0.05201834 0.003933429 -0.9999923 3.43805e-5 0.003926038 -0.9999923 1.10227e-5 0.01176387 -0.9999308 1.29174e-5 -0.003921508 -0.9999924 -1.01198e-5 0.003921389 -0.9999924 1.22832e-5 0.00392127 -0.9999924 -6.94022e-6 0.0196045 -0.9998078 -2.5793e-6 0.01960313 -0.9998078 -2.02451e-5 0.02744185 -0.9996235 -1.12858e-5 0.01174122 -0.9999312 -1.15486e-5 0.01176327 -0.9999308 -1.38003e-5 0.02744293 -0.9996234 -1.83485e-5 -0.8823478 -0.4352918 0.1788396 -0.9529303 -0.2862787 -0.09984177 -0.8823506 -0.4431307 0.1584066 -0.9529291 -0.27844 -0.1199884 -0.9293965 0.003930866 -0.369062 -0.9294133 0.003909885 -0.3690202 0.9843057 0.003914654 -0.1764284 0.9843076 0.003961324 -0.176417 0.9843055 0.0038805 -0.1764305 0.9843053 0.00391227 -0.1764304 0.9843077 0.003925442 -0.1764177 0.9843038 0.003914952 -0.1764395 -0.03529244 0.00392121 -0.9993694 -0.03529417 0.003921449 -0.9993693 -0.03530156 0.003874123 -0.9993693 -0.03529518 0.003921627 -0.9993693 0.3176424 0.003880858 -0.9482026 0.3254798 -0.003907561 -0.9455409 0.3176426 0.003930389 -0.9482024 0.3254606 -0.00386852 -0.9455477 0.3489769 -0.9371315 1.89591e-5 0.4509755 -0.8745008 0.1785201 0.3489758 -0.9371318 -1.82726e-5 0.4352913 -0.8666588 0.2437703 0.5215526 -0.4117469 0.7472934 0.4980347 -0.3803919 0.7792711 0.4823637 0.003907501 0.8759624 0.4823592 0.003910243 0.8759648 0.3411737 -0.9372484 -0.07187563 0.3489703 -0.9371338 -1.25021e-5 0.3489746 -0.9371322 9.80671e-6 -0.5450994 0.03530085 0.837628 -0.5293681 -0.2941278 0.7957754 -0.5294027 0.02745443 0.8479264 -0.5059458 -0.3019441 0.8079906 -0.5058875 -0.7803951 0.3675069 -0.4980116 -0.7725385 0.3939148 -0.4352937 -0.8980314 0.06371223 -0.4274513 -0.8980338 0.1040229 -0.1137043 0.5215721 0.8455969 -0.1137096 0.5137217 0.8503883 -0.1137274 0.5215612 0.8456005 -0.1137176 0.5137241 0.8503858 -0.5686174 0.003929913 0.8225929 -0.5686147 0.003930091 0.8225947 -0.5686139 0.003930211 0.8225952 -0.5686121 0.003930211 0.8225964 -0.4352839 -0.003896355 -0.9002848 -0.4352803 0.003897845 -0.9002866 -0.4353008 0.003940403 -0.9002765 -0.4352795 0.003898203 -0.9002869 0.8901892 0.003928005 0.4555741 0.8901889 -0.003880083 0.4555752 0.8901896 0.003927946 0.4555733 0.8901899 -0.003927946 0.4555727 -0.08235847 0.00393033 -0.9965951 -0.08233112 0.00389117 -0.9965975 -0.08235865 0.00393027 -0.996595 -0.0823583 0.003930628 -0.996595 -0.9999924 0.003892719 -3.57052e-4 -0.9999924 0.00389266 -3.56889e-4 -0.9999924 0.003892719 -3.57011e-4 -0.9999924 0.00389266 -3.56847e-4 -0.003919422 -0.9999923 2.17818e-5 -0.003916561 -0.9999924 2.1504e-5 0.003918707 -0.9999923 2.29369e-5 0.003917098 -0.9999924 2.28304e-5 0.9999924 0.003902494 1.00923e-5 0.9999925 -0.003902375 9.86713e-6 0.9999924 -0.003902494 1.00753e-5 0.9999924 -0.003902494 1.00667e-5 0.003919601 0.9999923 -3.61227e-4 0.003919601 0.9999923 -3.61161e-4 -0.003918647 0.9999923 -3.60201e-4 -0.003918766 0.9999923 -3.60156e-4 0.01176279 -0.9999309 1.56686e-5 0.01960241 -0.9998078 6.99609e-6 0.01960182 -0.999808 1.46241e-5 0.0196042 -0.9998079 3.81889e-6 0.003919422 -0.9999924 6.63102e-6 -0.003918111 -0.9999924 8.20309e-6 0.01959955 -0.9998079 1.91651e-5 0.01960253 -0.9998078 2.65086e-6 0.01960414 -0.9998079 4.65661e-6 0.6470316 0.04312437 -0.7612427 0.6392038 0.03529089 -0.7682273 0.4431152 -0.01179999 -0.8963871 0.4431352 -0.01960754 -0.8962404 0.5843403 0.02743387 -0.811045 0.7176373 0.02745658 -0.6958756 0.7333327 0.003887891 -0.6798589 0.4509789 0.003916323 -0.892526 0.1137244 0.003925621 -0.9935046 0.113725 -0.003925681 -0.9935046 0.2941071 -0.01960992 -0.9555714 0.2941319 -0.0196129 -0.9555637 0.4666159 0.00388801 -0.8844516 0.4666693 -0.003897249 -0.8844234 0.6000043 0.003903448 -0.7999873 0.6000037 -0.003904402 -0.7999877 0.5999939 0.003894746 -0.7999952 0.5999956 -0.003921627 -0.7999938 0.3176577 0.00393784 -0.9481974 0.3176367 -0.003922522 -0.9482044 0.3333316 0.00391227 -0.9428017 0.9215574 -0.3882424 -9.54141e-6 0.9137196 -0.4039174 -0.04435336 0.9187408 -0.3948612 3.78068e-5 0.9137198 -0.403917 -0.04435533 0.00395137 -0.623517 0.7817998 0.003933429 -0.6235219 0.7817962 0.003939449 -0.6235198 0.7817977 0.003968656 -0.6235125 0.7818034 -0.9999924 0.003915786 -3.44417e-4 -0.9999924 0.003915727 -3.44964e-4 -0.9999924 0.003915786 -3.4445e-4 -0.9999924 0.003915727 -3.44981e-4 -0.00393182 0.003932297 -0.9999846 -0.003931999 0.003932118 -0.9999846 -0.003932058 0.003932058 -0.9999846 -0.003932297 0.00393182 -0.9999846 -0.03529983 -0.458849 0.8878129 -0.05096888 -0.4117788 0.9098574 -0.01960235 -0.9450864 0.3262321 -0.01960247 -0.9372739 0.348042 -0.0431382 -0.003872036 0.9990617 -0.05099552 -0.4431276 0.895007 -0.01960074 -0.9529378 0.3025318 -0.05099803 -0.003946244 0.998691 -0.05882656 0.003916084 0.9982606 -0.04316681 -0.01176416 0.9989987 -0.04311609 0.01963675 0.9988771 -0.003899633 -0.9999924 6.25817e-6 -0.003876566 -0.9999926 5.03504e-6 0.003921866 -0.9999924 -7.18687e-6 0.003928184 -0.9999924 1.41764e-5 0.003920316 -0.9999924 7.62544e-6 -0.04313904 0.003900527 0.9990615 -0.05097621 0.003916263 0.9986922 -0.9999926 0.00385791 -3.26959e-4 -0.9999923 0.003922462 -3.38195e-4 -0.9999923 0.003922343 -3.38167e-4 -0.9999923 0.00392127 -3.37979e-4 -0.01176375 -0.9843068 0.1760734 -0.003929316 -0.9843099 0.1764054 -0.01176673 -0.9843054 0.1760808 -0.003928005 -0.9843091 0.1764096 -0.04313302 0.003940403 0.9990617 -0.04314333 0.003897964 0.9990614 -0.04311501 -0.3960781 0.917204 -0.02747511 -0.5059053 0.8621513 -0.04315018 0.003897666 0.999061 -0.04313546 0.003927409 0.9990616 -0.003918826 -0.968626 0.2484926 -0.01961928 -0.9215745 0.3877056 0.003895223 -0.9999925 -1.00822e-6 0.003906965 -0.9999924 -5.11478e-7 0.003909826 -0.9999924 0 0.003880381 -0.9999925 4.92039e-7 0.003933846 -0.9999923 9.33942e-7 0.003864526 -0.9999926 -7.21411e-6 0.003919661 -0.9999924 0 -0.04313462 0.003927588 0.9990617 -0.04314506 0.003880798 0.9990614 0.003923118 -0.9999924 0 0.00390172 -0.9999924 0 0.00387305 -0.9999926 1.72898e-5 0.003943443 -0.9999923 -8.72604e-7 -0.05881309 0.003903388 0.9982615 -0.05881315 0.003903329 0.9982615 -0.05881315 0.00390321 0.9982615 -0.05881315 0.00390321 0.9982615 -0.05883884 0.003887772 -0.99826 -0.05883884 0.003887772 -0.99826 -0.05883914 0.003887951 -0.9982599 -0.05881845 0.003931164 -0.998261 -0.9999923 0.003922045 -3.44328e-4 -0.9999924 0.003917157 -3.44584e-4 -0.9999924 -0.002670228 -0.002882659 -0.9999924 -2.07371e-6 -0.003930926 -0.9999924 -0.002576589 -0.002970814 -0.9999923 0.003917932 -3.44582e-4 -0.9999923 0.003914833 -3.4416e-4 -0.9999924 0.003915786 -3.4422e-4 -0.9999924 0.003915786 -3.44748e-4 -0.05881136 0.01174461 0.9982001 -0.05097705 0.003913462 0.9986922 -0.05097609 -0.4745183 0.8787684 -0.0509864 0.003914356 0.9986917 -0.05882894 -0.003898143 0.9982605 -0.05883544 0.003870487 0.9982602 -0.05882531 -0.3333272 0.9409743 -0.01178765 -0.9058666 0.4233992 -0.01176625 -0.9686214 0.2482622 0.01177269 -0.9999308 2.46389e-5 0.01176548 -0.9999309 -2.20162e-5 0.00391519 -0.9999924 1.45412e-5 -0.003913283 -0.9999924 9.13962e-6 -0.003876626 -0.9999926 3.00049e-5 -0.003908216 -0.9999924 8.66763e-6 -0.003931879 0.003932297 -0.9999846 -0.003932535 0.003931581 -0.9999846 -0.003932118 0.003931999 -0.9999846 -0.003932535 0.003931581 -0.9999846 -0.4425188 0.8967592 0 -0.4425172 0.8967601 -2.41597e-7 -0.4425188 0.8967593 0 -0.4425171 0.8967601 2.40456e-7 -0.003932118 0.003931999 0.9999846 -0.003931999 0.003932118 0.9999846 -0.003931879 0.003932297 0.9999846 -0.003931939 0.003932178 0.9999846 0.4425184 -0.8967595 2.40456e-7 0.4425184 -0.8967595 0 0.4425184 -0.8967595 -2.41596e-7 0.4425184 -0.8967595 0 -0.8807465 -0.4735881 0 -0.880721 -0.4736355 0 -0.8807439 -0.4735928 -1.14206e-6 -0.8807185 -0.4736403 1.65667e-7 -0.003932297 0.00393182 -0.9999846 -0.003932178 0.003931939 -0.9999846 -0.00393182 0.003932297 -0.9999846 -0.003932118 0.003931999 -0.9999846 -0.5921517 0.8039168 -0.05544477 -0.5921578 0.8039123 -0.05544501 -0.592154 0.8039152 -0.05544495 -0.5921536 0.8039155 -0.05544477 -0.00393182 0.003932297 0.9999846 -0.003929972 0.003931999 0.9999846 -0.003932178 0.00393182 0.9999846 -0.003929853 0.003931939 0.9999846 0.5921542 -0.8039152 -0.05544477 0.5921555 -0.8039141 -0.05544489 0.5921519 -0.8039168 -0.05544465 0.5921533 -0.8039157 -0.05544477 -0.7880805 -0.6155723 0 -0.7880831 -0.6155689 0 -0.7881419 -0.6154936 0 -0.7880856 -0.6155658 0 -0.9215618 -0.2862728 0.2622441 -0.9215629 -0.2862715 0.2622412 -0.9215648 -0.2862692 0.2622373 -0.921566 -0.2862684 0.2622342 0.4196029 -0.9058758 -0.0576421 0.4196058 -0.9058763 -0.05761134 0.380392 -0.9215602 -0.0776453 0.380389 -0.9215621 -0.07763731 0.4581422 -0.888879 -7.25128e-6 0.4581398 -0.8888803 -2.57265e-5 0.9137179 0.3176401 -0.2534253 0.9137182 0.3176442 -0.2534193 0.9137191 0.3176525 -0.2534055 0.9137184 0.3176283 -0.2534383 -0.1840519 0.9829165 7.38353e-6 -0.1840517 0.9829167 1.03265e-5 -0.1764681 0.9843063 -3.53247e-4 -0.1764695 0.9843061 -3.68653e-4 -0.1921547 0.9764651 -0.09794253 -0.1921596 0.976464 -0.09794205 -0.5607798 0.827444 -0.02937072 -0.5607805 0.8274434 -0.02937072 -0.551989 0.8338514 -2.37413e-5 -0.5519841 0.8338547 -9.86084e-6 -0.5519834 0.8338552 2.53171e-5 -0.5607824 0.8274427 -0.02935594 -0.5450945 0.8352857 -0.07190179 -0.5450906 0.8352904 -0.07187694 -0.2627248 -0.09017699 -0.9606477 -0.2705873 -0.09803223 -0.9576911 -0.137267 -0.05880194 -0.9887872 -0.1450946 -0.08232259 -0.9859871 -0.4117636 -0.1450953 -0.8996657 -0.4117935 -0.1450554 -0.8996583 -0.9764384 0.2157961 -2.02632e-4 -0.9764794 0.2156109 -2.60606e-4 -0.9764781 0.2156167 -2.60567e-4 -0.9764402 0.2157884 -2.02662e-4 -0.3647006 -0.9294052 -0.05656415 -0.3647104 -0.9294014 -0.05656445 -0.3647035 -0.9294041 -0.05656427 -0.3647083 -0.9294022 -0.05656433 0.4666589 -0.8823484 -0.06075388 0.4666657 -0.8823443 -0.06075906 0.4666648 -0.8823443 -0.06076693 0.4666635 -0.8823446 -0.06077235 -0.4666636 0.8823456 -0.06075757 -0.4666621 0.8823456 -0.06077039 -0.4666647 0.8823461 -0.06074112 -0.4666634 0.8823461 -0.06075245 -0.984305 -0.1764755 -3.43108e-4 -0.9450911 -0.3254877 -0.02933394 -0.9843068 -0.1764654 -3.4348e-4 -0.9450907 -0.3254891 -0.02933394 -0.9998095 -0.01951688 -4.81077e-5 -0.9998078 -0.01960384 -2.02788e-7 -0.999808 -0.01959341 -8.53161e-6 -0.6627544 0.003897845 0.7488267 -0.6470572 -0.1294086 0.7513791 -0.4744997 0.003935039 0.8802469 -0.4431771 -0.1842251 0.8773001 -0.1607896 -0.2235208 0.9613456 -0.1921503 0.003928005 0.9813577 -0.01176381 0.003916561 0.9999232 0.01960539 -0.270585 0.9624965 -0.7490062 0.003885626 0.6625517 -0.7333244 -0.1215789 0.66892 -0.4275209 -0.3489894 0.8339259 -0.6470531 -0.2470552 0.7213087 0.05881178 -0.5529627 0.8311278 -0.1451013 -0.4431389 0.8846319 -0.7177538 -0.2079266 0.6645268 -0.9999923 0.00393027 -3.45285e-4 -0.9999923 0.003930091 -3.45814e-4 -0.9999924 -0.003893554 -3.40214e-4 -0.9999926 -0.003846406 -3.32883e-4 -0.9999924 -0.003891885 -3.39964e-4 -0.9999922 -0.003940463 -3.467e-4 -0.2627457 -0.6549132 0.7085574 -0.2784017 -0.6627433 0.6951718 -0.4117779 -0.6862517 0.5995811 -0.4352977 -0.6862637 0.5827161 -0.04313474 -0.6470549 0.7612223 -0.05883485 -0.6548908 0.7534299 0.1137334 -0.6862506 0.7184183 0.1215271 -0.6941398 0.7095078 -0.4745023 -0.7097837 0.5206291 -0.4745059 -0.7097993 0.5206046 -0.6235213 -0.7725462 -0.1199738 -0.6392064 -0.7647064 -0.08148276 -0.6543358 -0.7562042 1.95615e-5 -0.662746 -0.7488443 0 -0.4666849 0.03535217 -0.8837169 -0.4509667 0.019629 -0.892325 -0.450972 0.011774 -0.8924604 -0.4353179 -0.003943562 -0.9002682 -0.003918051 -0.1372469 -0.9905291 -0.003895461 -0.1372042 -0.9905352 -0.003910899 0.05883365 -0.9982602 -0.003910064 0.05880147 -0.9982621 -0.003923833 0.2392104 -0.9709599 -0.00390625 0.2470644 -0.9689912 -0.9999923 0.003920018 -3.52845e-4 -0.9999923 0.003921687 -3.53724e-4 -0.9999923 0.003925144 -3.21537e-4 -0.9996234 0.02744156 1.17049e-5 -0.9990711 0.0430954 3.9317e-6 -0.9999923 0.003921806 -3.59196e-4 -0.9843064 -0.1686269 0.05201905 -0.9764658 -0.1999934 0.08073008 -0.9843078 -0.1529398 0.08802121 -0.9814723 -0.1916048 -4.17233e-6 -0.9999923 0.003930509 -3.18979e-4 -0.9999923 0.003919422 -3.51255e-4 -0.9999308 0.01176339 1.24462e-5 -0.9999923 -0.003919363 -3.44614e-4 -0.9999923 0.003922939 -3.23478e-4 -0.9999923 0.003922164 -3.49376e-4 -0.9998079 0.01960486 -2.06707e-6 -0.9998078 0.01960176 -1.78934e-5 -0.9996235 0.02744108 -6.59376e-6 -0.9999312 0.01174211 -1.08597e-5 -0.9999309 0.01176273 -1.02667e-5 -0.9996234 0.02744209 -1.77249e-5 -0.2783988 -0.9529474 -0.1199386 -0.2862713 -0.9529338 -0.09982973 -0.4431395 -0.8823382 0.1584511 -0.4352957 -0.8823456 0.1788406 -0.003921508 -0.9294044 -0.369042 -0.003931403 -0.9293978 -0.3690585 0.003881037 0.9843036 -0.1764412 0.003965497 0.9843083 -0.1764129 0.003883242 0.9843022 -0.1764488 0.003892898 0.9843025 -0.1764467 -0.003924548 0.9843077 -0.1764175 -0.003914773 0.9843045 -0.1764352 -0.003921508 -0.03529441 -0.9993693 -0.003921508 -0.03529441 -0.9993693 -0.003921508 -0.03529453 -0.9993693 -0.003921449 -0.03529423 -0.9993693 -0.003951132 0.3255084 -0.945531 -0.003907978 0.3254812 -0.9455406 -0.003919005 0.3176468 -0.9482011 -0.003930509 0.3176463 -0.9482012 -0.8666596 0.4352918 0.243767 -0.8745022 0.4509776 0.1785081 -0.9371332 0.348972 -1.11702e-5 -0.9371321 0.3489751 -1.31864e-5 -0.4117516 0.5215567 0.747288 -0.3804377 0.498005 0.7792679 -0.00391221 0.4823601 0.8759643 -0.003910064 0.4823588 0.8759651 -0.9372503 0.3411723 -0.07185679 -0.9371325 0.3489739 -2.33871e-5 -0.9371318 0.3489758 -3.95998e-6 -0.3019447 -0.5059483 0.8079888 -0.2941319 -0.529367 0.7957746 0.02742588 -0.5294387 0.8479048 0.03530204 -0.5450972 0.8376294 -0.7803837 -0.5058702 0.367555 -0.7725372 -0.4980142 0.3939137 -0.8980333 -0.4352897 0.06371122 -0.8980306 -0.427447 0.1040685 0.5137269 -0.1137058 0.8503856 0.5137194 -0.1137076 0.8503899 0.5215708 -0.1137151 0.8455961 0.5215712 -0.1137034 0.8455975 -0.003930509 -0.5686169 0.8225932 0.00389564 -0.5686412 0.8225765 -0.003894984 -0.5686416 0.8225762 -0.003896951 -0.5686395 0.8225777 -0.003895759 -0.4352812 -0.9002861 -0.003895759 -0.4352809 -0.9002864 -0.003896057 -0.435278 -0.9002878 -0.003896176 -0.4352774 -0.9002881 -0.003925621 0.1137243 -0.9935047 -0.003877699 0.1137268 -0.9935045 -0.003877758 0.1137272 -0.9935045 -0.003925621 0.1137245 -0.9935045 -0.003928005 0.8901889 0.4555748 -0.003928065 0.8901887 0.4555752 -0.003928005 0.8901888 0.455575 -0.003928124 0.8901884 0.4555758 -0.003891348 -0.08233094 -0.9965975 -0.003930509 -0.08235859 -0.996595 -0.003930628 -0.08235841 -0.9965951 -0.003930628 -0.08235847 -0.9965951 -0.003902554 -0.9999924 -9.76286e-6 -0.00390166 -0.9999925 -7.90809e-6 -0.003902494 -0.9999924 -9.63837e-6 -0.0039016 -0.9999924 -7.83597e-6 -0.9999923 -0.003923952 -3.64909e-4 -0.9999923 -0.003923416 -3.65745e-4 -0.9999923 -0.003923833 -3.64978e-4 -0.9999923 -0.003926336 -3.65433e-4 -0.00389111 0.9999924 -3.27861e-4 -0.003933012 0.9999922 -3.51186e-4 -0.003890931 0.9999924 -3.28168e-4 -0.003891229 0.9999924 -3.27712e-4 0.9999923 -0.003920555 -2.29062e-5 0.9999924 0.003918588 -2.1955e-5 0.9999924 -0.003920495 -2.28509e-5 0.9999923 0.003917038 -2.17135e-5 -0.9998079 0.01960426 3.24519e-6 -0.9998078 0.01960277 7.51019e-6 -0.999808 0.01960116 1.46022e-5 -0.9999309 0.01176303 1.59908e-5 -0.9999923 0.003923773 -3.3167e-4 -0.9999923 -0.003923594 -3.27751e-4 -0.9998068 0.019656 2.79294e-5 -0.9998083 0.0195856 3.72073e-5 -0.9998079 0.01960486 4.63488e-6 -0.01958483 0.44317 -0.8962237 0.03529149 0.6392042 -0.7682269 -0.01176124 0.4431353 -0.8963776 0.04312461 0.647032 -0.7612425 0.03528869 0.7098008 -0.703518 0.02745574 0.7176368 -0.6958762 -0.003888189 0.7333312 -0.6798605 -0.003935098 0.7333242 -0.6798677 -0.0196107 0.2941073 -0.9555712 -0.0195989 0.2940881 -0.9555774 -0.003890573 0.4666679 -0.8844241 -0.003928482 0.5999918 -0.7999966 -0.003897666 0.4666692 -0.8844234 -0.003903627 0.6000036 -0.7999877 -0.003896653 0.5999944 -0.7999948 -0.003873705 0.5999932 -0.7999957 0.003970444 0.3176851 -0.948188 -0.003926455 0.3176378 -0.9482041 -0.003934741 0.3333314 -0.9428015 -0.4039201 0.9137185 -0.04435276 -0.4039185 0.9137192 -0.04435169 -0.3948627 0.9187403 -1.02103e-5 -0.3882333 0.9215611 -3.4795e-4 -0.6235254 0.003922879 0.7817934 -0.6235225 0.00393325 0.7817956 -0.6235203 0.003940343 0.7817974 -0.6235173 0.003952503 0.7817996 -0.003882944 -0.9999925 3.06987e-7 -0.003882944 -0.9999925 2.09778e-7 -0.003882944 -0.9999925 0 -0.003882944 -0.9999926 0 -0.003932058 0.003932118 -0.9999846 -0.003931641 0.003932297 -0.9999846 -0.003930926 0.003931939 -0.9999846 -0.003930568 0.003932058 -0.9999846 -0.9372925 -0.01959848 0.3479927 -0.411738 -0.05099666 0.9098743 -0.9450851 -0.01960235 0.3262363 -0.4588075 -0.03528892 0.8878347 -0.003889083 -0.04313886 0.9990616 -0.4431273 -0.05099534 0.8950071 -0.9529379 -0.01960015 0.3025314 -0.00390768 -0.05097037 0.9986926 -0.003916203 -0.05882662 0.9982606 -0.01176637 -0.04311877 0.9990007 0.01964157 -0.04311621 0.998877 -0.9999923 -0.003934562 -3.49052e-4 -0.9999923 -0.003912985 -3.4213e-4 -0.9999923 0.003921627 -3.43392e-4 -0.9999923 0.003919064 -3.50685e-4 -0.9999923 0.003919541 -3.3178e-4 -0.003916323 -0.04313707 0.9990615 -0.003917336 -0.0509777 0.9986922 -0.003919184 -0.9999923 -5.99027e-6 0.003922045 -0.9999923 -2.72801e-6 -0.003921329 -0.9999924 -2.8871e-6 0.003921926 -0.9999924 4.00469e-7 -0.9843087 -0.00392729 0.1764113 -0.9843071 -0.003923714 0.1764209 -0.984306 -0.01176583 0.1760776 -0.9843069 -0.01176369 0.1760731 -0.5058599 -0.03526502 0.8618946 0.003892183 -0.0431627 0.9990605 -0.3960851 -0.04315304 0.9171993 -0.003909647 -0.0431469 0.9990611 -0.003903508 -0.04314482 0.9990612 -0.003922522 -0.04313689 0.9990615 -0.9686229 -0.003932416 0.248504 -0.003927648 -0.04313552 0.9990616 -0.003927648 -0.04313546 0.9990615 -0.9215636 -0.01961195 0.3877317 -0.9686222 -0.003896653 0.2485072 -0.3960769 -0.04310542 0.917205 -0.9215539 -0.01962029 0.3877546 -0.9999924 0.003886759 -3.42443e-4 -0.9686161 -0.003905713 0.2485309 -0.9999924 0.003898441 -3.42743e-4 -0.9999924 0.003889024 -3.40931e-4 -0.9999924 0.003904461 -3.42975e-4 -0.9999923 0.00394088 -3.45667e-4 -0.9999925 0.003882229 -3.44108e-4 -0.9999924 0.003913283 -3.44507e-4 -0.9999924 0.003913998 -3.43895e-4 -0.9999925 0.003885686 -3.41103e-4 -0.9999924 0.003900885 -3.42621e-4 -0.9999925 0.003869175 -3.40752e-4 -0.003903388 -0.05881297 0.9982615 -0.003903329 -0.05881315 0.9982614 -0.003903269 -0.05881327 0.9982615 -0.003903388 -0.05881297 0.9982615 -0.003931045 -0.05881834 -0.998261 -0.003887891 -0.05883908 -0.99826 -0.003931045 -0.05881828 -0.998261 -0.003930985 -0.05881816 -0.998261 0.003794312 -0.9999926 -8.22959e-4 -0.003882944 -0.9999925 8.52868e-7 -0.003362894 -0.9999925 -0.001942694 -0.003882944 -0.9999925 -2.38175e-6 -0.003882944 -0.9999925 -1.44939e-6 -0.003930926 -0.9999923 -1.30385e-7 -0.002845585 -0.9999925 0.002646028 -0.003882944 -0.9999925 3.1963e-6 0.01174408 -0.05881118 0.9982001 -0.3332787 -0.05884873 0.94099 -0.4744752 -0.05099081 0.8787907 -0.9058662 -0.01178532 0.4234002 -0.9686223 -0.01176619 0.2482588 -0.9999309 0.0117563 -2.09997e-5 -0.9999309 0.01176536 -2.35061e-5 -0.9999923 0.003921985 -3.44721e-4 -0.9999924 -0.003902375 -3.22479e-4 -0.9999923 -0.003905415 -3.31355e-4 -0.9999922 -0.003936171 -3.54349e-4 -0.00392729 -0.05098682 0.9986917 -0.003936707 -0.05096185 0.9986929 -0.003898501 -0.05882877 0.9982605 -0.003917038 -0.05882406 0.9982607 0.4588214 0.8823491 0.1046092 0.4588221 0.8823451 0.1046392 0.7019532 0.7019542 0.1205079 0.7019558 0.7019554 0.1204853 0.3254861 0.9450907 0.02936697 0.3254874 0.9450907 0.02935028 0.8823462 0.4588205 0.1046386 0.88235 0.4588195 0.1046091 0.9450906 0.3254875 0.02935463 0.9450913 0.3254873 0.02933579 -0.6862704 -0.6862689 0.2409732 -0.5921404 -0.7647054 0.2541565 -0.6862717 -0.6862699 0.2409664 -0.5921372 -0.7647069 0.2541593 -0.7646895 -0.5921705 0.2541342 -0.7647074 -0.5921353 0.2541623 -0.2078869 -0.2078863 -0.9558067 -0.3097929 -0.3097932 -0.8989197 -0.1842899 -0.2392114 -0.953318 -0.262752 -0.3490208 -0.8995254 -0.105857 -0.1372278 -0.9848669 -0.1215426 -0.1215423 -0.9851168 -0.2392114 -0.1842902 -0.9533179 -0.3490207 -0.2627521 -0.8995254 -0.137229 -0.1058579 -0.9848667 0.4194646 0.4194656 -0.8050456 0.2784184 0.5216008 -0.8064838 0.4196529 0.419653 -0.8048495 0.2784163 0.5216081 -0.8064796 0.19216 0.5607879 -0.8053518 0.1921584 0.560785 -0.8053542 0.521679 0.2783943 -0.8064415 0.5215693 0.2784279 -0.8065008 0.5607879 0.1921603 -0.8053518 0.5607845 0.1921581 -0.8053547 -0.7071068 -0.7071068 0 -0.7071067 -0.7071068 0 -0.5999956 -0.7960727 -0.07920694 -0.5999985 -0.7960705 -0.07920694 -0.7961272 -0.5999233 -0.079207 -0.7960699 -0.5999992 -0.07920688 -0.003932237 0.003931879 -0.9999846 -0.003931939 0.003932178 -0.9999846 -0.003931045 0.003933072 -0.9999846 -0.003931224 0.003932952 -0.9999846 0.8967605 -0.4425162 2.41596e-7 0.8967606 -0.4425162 -2.40456e-7 0.8967606 -0.4425163 0 0.8967605 -0.4425162 0 -0.003931939 0.003932178 0.9999846 -0.003932476 0.003931879 0.9999846 -0.003936529 0.003931999 0.9999846 -0.003936827 0.003931999 0.9999846 -0.896759 0.4425193 0 -0.8967592 0.4425192 0 -0.8967597 0.4425181 -2.40456e-7 -0.8967598 0.442518 2.41597e-7 -0.4736115 -0.8807339 1.62595e-7 -0.4736104 -0.8807346 0 -0.4736102 -0.8807346 -1.63366e-7 -0.4736089 -0.8807353 0 -0.00393182 0.003932297 -0.9999846 -0.003932297 0.00393182 -0.9999846 -0.003931939 0.003932178 -0.9999846 -0.003931999 0.003932118 -0.9999846 0.8039138 -0.5921559 -0.05544477 0.8039155 -0.5921537 -0.05544459 0.8039155 -0.5921534 0.05544465 0.8039172 -0.5921512 0.05544447 -0.003932297 0.00393182 0.9999846 -0.00393182 0.003932297 0.9999846 -0.003931283 0.003932893 0.9999846 -0.003931343 0.003932774 0.9999846 -0.8039169 0.5921517 -0.05544459 -0.8039184 0.5921496 -0.05544447 -0.8039157 0.5921533 -0.05544459 -0.8039141 0.5921555 -0.05544477 -0.6155554 -0.7880938 0 -0.6155553 -0.7880937 0 -0.6155553 -0.7880937 0 -0.6155931 -0.7880643 0 -0.2862625 -0.9215682 0.2622326 -0.2862747 -0.9215617 0.2622417 -0.2862638 -0.9215669 0.2622359 -0.2862759 -0.9215605 0.262245 -0.9215615 0.3803926 -0.07762801 -0.905875 0.419602 -0.05766117 -0.9215633 0.3803863 -0.07763636 -0.9058759 0.419602 -0.0576452 -0.8888795 0.4581412 -7.73894e-6 -0.8888767 0.4581465 2.16439e-5 0.3176519 0.9137206 -0.253401 0.3176397 0.9137182 -0.2534246 0.3176476 0.9137203 -0.2534071 0.3176355 0.9137181 -0.2534308 0.9843057 -0.1764723 -2.31192e-5 0.9829164 -0.1840526 1.53296e-5 0.9843063 -0.176469 -4.96255e-6 0.9829167 -0.1840513 1.14217e-5 0.9764649 -0.1921586 -0.09793573 0.9764643 -0.1921597 -0.0979399 0.8338517 -0.5519886 -2.00495e-5 0.8274444 -0.5607805 -0.02934592 0.833854 -0.5519852 -8.15466e-6 0.83529 -0.5450915 -0.0718742 0.8352903 -0.5450916 -0.07186973 0.8338518 -0.5519883 1.47708e-5 0.8352902 -0.5450918 -0.07186973 0.8274447 -0.5607801 -0.02934664 0.8338507 -0.5519902 -4.85033e-6 0.8274446 -0.5607801 -0.02934664 0.5843042 0.7725439 -0.2485252 0.5843051 0.7725442 -0.248522 0.6862686 0.686268 -0.2409808 0.6862714 0.6862721 -0.2409611 0.7725423 0.584309 -0.2485187 0.7725424 0.5843078 -0.248521 -0.08232283 -0.145095 -0.9859871 -0.09803205 -0.2705874 -0.9576911 -0.05884236 -0.137241 -0.9887885 -0.09017664 -0.2627251 -0.9606476 -0.1450951 -0.4117636 -0.8996657 -0.1451296 -0.4117349 -0.8996732 0.2157644 -0.9764455 0 0.2158582 -0.9764248 0 0.2158588 -0.9764246 0 0.2157652 -0.9764453 0 -0.9294024 -0.3647066 -0.05657142 -0.9294046 -0.3647011 -0.05657142 -0.9294044 -0.3647013 -0.05657142 -0.9294056 -0.3646984 -0.05657136 -0.8823465 0.4666623 -0.06075578 -0.8823444 0.4666641 -0.06076979 -0.8823456 0.4666653 -0.06074202 -0.8823463 0.4666624 -0.06075733 0.8823456 -0.4666633 -0.06075924 0.8823464 -0.4666637 -0.06074601 0.8823463 -0.4666602 -0.06077224 0.8823449 -0.4666643 -0.06076091 -0.3254206 -0.9451142 -0.02933406 -0.3254871 -0.9450914 -0.02933394 -0.1764501 -0.9843097 9.8387e-7 -0.1764348 -0.9843124 -1.85146e-6 -0.0195657 -0.9998086 -1.78745e-5 -0.01960963 -0.9998077 -4.90923e-7 -0.01957166 -0.9998084 -2.57076e-5 -0.08235871 -0.2706041 -0.9591614 -0.1294313 -0.2391624 -0.9623144 -0.0902059 -0.1764594 -0.9801658 -0.1764656 -0.2156814 -0.960386 -0.2627581 -0.3490326 -0.8995191 -0.1450592 -0.1450595 -0.9787316 -0.317608 -0.3176097 -0.893448 -0.1372416 -0.4117563 -0.9009004 -0.05883175 -0.2156724 -0.9746919 0.05097657 0.09802687 -0.9938774 0.03531986 0.1059104 -0.9937483 -0.1294213 -0.4117563 -0.902057 -0.05100452 -0.2784021 -0.9591094 -0.003928244 -0.294103 -0.9557657 -0.02745389 -0.1294158 -0.9912104 -0.003922343 -0.1372559 -0.9905279 -0.09805446 -0.270602 -0.9576848 -0.05882966 -0.1371999 -0.9887949 -0.0431925 -0.05100584 -0.997764 -0.0274769 0.003897905 -0.999615 -0.03529244 -0.02744865 -0.9990001 -0.01961982 -0.1294142 -0.9913966 -0.06667762 -0.137248 -0.98829 -0.08235317 -0.270594 -0.9591647 -0.003908514 -0.1372242 -0.9905323 -0.003913044 -0.1372417 -0.9905298 -0.003914952 -0.1372401 -0.9905301 -0.003904104 -0.1372182 -0.9905332 -0.04317754 -0.1058802 -0.9934411 -0.05885159 -0.09803062 -0.9934417 -0.09805649 -0.1372313 -0.9856737 -0.1764703 -0.2156868 -0.9603841 -0.04314726 -0.05883157 -0.997335 -0.05096536 -0.05096638 -0.9973992 0.003934621 -0.003933191 -0.9999846 -0.003931939 0.003932178 -0.9999846 -0.003911137 -0.003911018 -0.9999848 -0.1058714 -0.1058738 -0.9887275 -0.003900825 0.003899216 -0.9999848 -0.05880975 -0.04312151 -0.9973375 0.003932058 -0.003932058 -0.9999846 -0.1372473 -0.098046 -0.9856725 -0.2156757 -0.1764705 -0.9603865 -0.239229 -0.1293632 -0.9623069 -0.2157092 -0.1764872 -0.960376 -0.09802794 -0.05883723 -0.9934429 -0.1764609 -0.09020608 -0.9801656 -0.2706105 -0.08236622 -0.959159 -0.3490338 -0.2627594 -0.8995182 -0.4117728 -0.1372846 -0.9008863 -0.2156718 -0.0588321 -0.974692 0.09797883 0.05096906 -0.9938824 0.1058745 0.03528779 -0.9937533 -0.411756 -0.1294199 -0.9020575 -0.2784288 -0.05098235 -0.9591029 -0.2941046 -0.003927946 -0.9557652 -0.1294158 -0.02745312 -0.9912104 -0.1372125 -0.003901302 -0.990534 -0.2705819 -0.09803563 -0.9576923 -0.1371816 -0.05883145 -0.9887973 -0.05095273 -0.0430777 -0.9977716 0.003897666 -0.02747756 -0.9996149 -0.02745431 -0.0352959 -0.9989998 -0.1294131 -0.01962006 -0.9913967 -0.1372727 -0.06663525 -0.9882895 -0.2705837 -0.08235388 -0.9591675 -0.1372248 -0.003908336 -0.9905322 -0.1372426 -0.003916025 -0.9905297 -0.1372399 -0.003915309 -0.9905301 -0.1372175 -0.003904581 -0.9905332 -0.1058827 -0.0431351 -0.9934426 0.07450097 0.07450062 -0.9944342 -0.3490189 -0.670589 0.6545963 -0.2940947 -0.5529755 0.7795682 -0.2392175 -0.7019668 0.6708335 -0.1921712 -0.576458 0.7942081 -0.5372627 -0.5372639 0.650151 -0.4509595 -0.4509577 0.770242 -0.5529561 -0.2941085 0.7795768 -0.6705833 -0.3490185 0.6546024 -0.7019716 -0.2392185 0.6708282 -0.5764631 -0.1999914 0.7922713 -0.3646408 -0.3647205 0.8567475 -0.301917 -0.396115 0.8671443 -0.4039049 -0.3019477 0.8635325 -0.1607586 -0.4588258 0.8738624 -0.1607685 -0.4744719 0.8654651 -0.4666738 -0.1607739 0.8696938 -0.458788 -0.1529575 0.8752814 -0.2235123 -0.4588093 0.859963 -0.160777 -0.4666637 0.8696987 -0.1529185 -0.4274152 0.8910288 -0.1450772 -0.4274409 0.8923268 -0.03529047 -0.2705788 0.9620508 -0.0353018 -0.2706369 0.9620341 -0.01960927 -0.1685908 0.985491 -0.019584 -0.1765093 0.9841042 -0.01185977 -0.1764519 0.9842379 -0.0431239 -0.1686107 0.984739 -0.003923296 -0.176466 0.984299 -0.04309421 -0.1607114 0.9860603 -0.01960515 -0.05880707 0.9980769 0.003932118 0.003931999 0.9999846 -0.003931701 0.003932416 0.9999846 -0.003834903 -0.1765496 0.9842844 -0.09804666 -0.1921375 0.9764579 -0.05889099 -0.1685682 0.9839292 -0.01960366 -0.05882692 0.9980758 -0.05882298 -0.2392137 0.9691835 -0.003921329 -0.2549028 0.9669588 -0.03528791 -0.2156868 0.9758248 -0.07450532 -0.1686249 0.9828604 -0.03530269 -0.2156697 0.9758281 -0.07450526 -0.1686249 0.9828605 -0.09807318 -0.1842668 0.9779711 -0.09805029 -0.2000064 0.9748762 -0.09803992 -0.1921722 0.9764518 -0.05884069 -0.2392017 0.9691854 -0.1686687 -0.01960569 0.9854778 -0.2784567 -0.03531074 0.9597995 -0.1765109 -0.01958471 0.9841039 -0.1764603 -0.01181375 0.9842368 -0.1686256 -0.03529304 0.9850482 -0.176581 -0.003798782 0.9842788 -0.1607142 -0.043096 0.9860598 -0.05882543 -0.01960772 0.9980757 0.003934621 0.003931939 0.9999846 -0.003925144 0.003932297 0.9999846 -0.1764943 -0.003888726 0.9842941 -0.2705972 -0.03530907 0.9620449 -0.4196147 -0.1451007 0.8960298 -0.4196037 -0.1529359 0.894731 -0.1686303 -0.05883771 0.9839218 -0.1843252 -0.09803801 0.9779636 -0.4666485 -0.1608354 0.8696961 -0.1921479 -0.09807634 0.9764529 -0.1764668 -0.09019356 0.9801656 -0.1842986 -0.09803098 0.9779694 -0.1686292 -0.05883353 0.9839221 -0.2705675 0.003936409 0.962693 -0.2235144 -0.03530222 0.9740611 -0.05881667 -0.01960253 0.9980763 -0.2235264 -0.08235549 0.9712125 -0.2156872 -0.09019184 0.9722883 -0.2235327 -0.03531658 0.9740564 -0.1843239 -0.09803891 0.9779638 -0.1686158 -0.07450532 0.9828619 -0.1686157 -0.07450574 0.982862 -0.2235278 -0.03529655 0.9740583 -0.121556 -0.2235401 0.9670853 -0.1293818 -0.223553 0.9660665 -0.105894 -0.1529294 0.9825472 -0.1137254 -0.1607845 0.9804157 -0.1921589 -0.3647009 0.9110809 -0.1921737 -0.3646914 0.9110816 -0.2627061 -0.4353067 0.8611003 -0.1058539 -0.1450731 0.9837423 -0.0980364 -0.1293901 0.9867357 -0.2234778 -0.1216253 0.967091 -0.1529279 -0.1058955 0.9825474 -0.2235371 -0.1294003 0.9660677 -0.160768 -0.1137133 0.9804198 -0.3647156 -0.2000088 0.909384 -0.3647044 -0.1999993 0.9093905 -0.4355458 -0.2627228 0.8609743 -0.4587347 -0.2235112 0.860003 -0.1294295 -0.09803152 0.9867309 -0.1450996 -0.1058844 0.9837351 -0.2391937 -0.2391924 -0.9410491 -0.003907263 0.003928184 -0.9999848 -0.1137174 -0.3098316 -0.9439665 -0.4274677 -0.4274674 -0.7965821 -0.1999555 -0.5607766 -0.8034597 -0.003936767 -0.6078352 -0.7940535 -0.0039348 -0.33333 -0.9428021 -0.003912866 0.003915905 -0.9999847 -0.623525 -0.6235232 -0.4716305 -0.4038985 -0.7803878 -0.4773479 -0.1529435 -0.8666418 -0.474911 -0.003937602 -0.8745031 -0.4850041 -0.4587982 -0.8823599 -0.10462 -0.7019578 -0.7019575 -0.1204616 -0.4581457 -0.8888772 1.73929e-6 -0.7071074 -0.7071063 0 -0.3097957 -0.9294118 -0.2005501 -0.1529384 -0.960774 -0.231351 -0.003946602 -0.97646 -0.2156626 -0.3176457 -0.9450923 -0.07682442 -0.3176454 -0.9450893 0.07686167 -0.3170364 -0.945293 0.07687115 -0.3176458 -0.94509 -0.0768519 -0.888877 -0.4581459 -1.19838e-5 -0.8823378 -0.4588335 -0.1046518 -0.7803845 -0.4039429 -0.4773157 -0.5607929 -0.2001589 -0.8033977 -0.3098282 -0.1137183 -0.9439675 -0.003934562 0.003914117 -0.9999846 -0.6078361 0.003916382 -0.794053 -0.3333295 0.003910362 -0.9428023 -0.003899157 0.003913223 -0.9999848 -0.8666688 -0.1529386 -0.4748631 -0.8745025 0.003918945 -0.4850054 -0.9293991 -0.3098059 -0.2005934 -0.9607736 -0.1529393 -0.2313523 -0.9764641 0.003936767 -0.2156441 -0.9450924 -0.3176454 -0.07682323 -0.9450894 -0.3176459 0.07685816 -0.9450906 -0.3176398 0.07686817 -0.9450906 -0.3176402 0.07686674 -0.129418 -0.6470403 0.751392 -0.003905296 -0.6627577 0.7488238 -0.1842768 -0.4431501 0.8773028 -0.003929555 -0.4744991 0.8802472 -0.003926873 -0.192136 0.9813604 -0.2235463 -0.1607693 0.9613431 -0.1215428 -0.7333384 0.6689112 -0.00394082 -0.749021 0.6625346 -0.3489826 -0.4275323 0.8339229 -0.247066 -0.647058 0.7213004 -0.443107 -0.1450651 0.8846538 -0.55296 0.0588088 0.8311298 -0.2705738 0.01960468 0.9624996 -0.003912329 -0.1921694 0.9813541 -0.2079144 -0.7177568 0.6645275 -0.00391221 -0.01176398 0.9999232 -0.2705785 0.01962304 0.962498 -0.003924965 -0.1921697 0.9813539 -0.00386697 -0.9999926 0 -0.003918588 -0.9999924 -2.35008e-6 -0.003959953 -0.9999923 -9.06352e-7 -0.00389713 -0.9999924 4.01138e-7 -0.003921091 -0.9999923 0 -0.003873169 -0.9999926 0 0.01174837 0.0901966 0.9958547 0.04316169 0.08237701 0.9956662 0.01177567 0.09019809 0.9958543 0.04314613 0.08235687 0.9956686 -0.003904163 0.09020829 0.9959153 -0.003944277 0.09018433 0.9959173 0.06666177 0.06666719 0.9955459 0.0666626 0.0666697 0.9955457 0.08231145 0.04309558 0.9956745 0.08240652 0.04316353 0.9956637 0.0901876 0.01177668 0.9958552 0.09018486 0.01179701 0.9958552 0.09022712 0.003895521 0.9959136 0.0902341 0.003892838 0.995913 -0.1607794 -0.9686183 0.1895485 -0.4509748 -0.8666582 0.2133666 -0.1607674 -0.984309 -0.07273143 -0.4581374 -0.8888815 0 -0.7071071 -0.7071065 0 -0.6941224 -0.6941003 0.1908374 -0.003922998 -0.97646 0.215663 -0.003883779 -0.9999926 0 -0.8666565 -0.4509733 0.2133769 -0.8888821 -0.4581363 0 -0.9843045 -0.1607947 -0.07273161 -0.9686214 -0.1607862 0.1895269 -0.9764668 0.00391817 0.2156319 -0.9999923 0.003919482 -3.44626e-4 -0.1372568 -0.8431116 0.5199264 -0.3960627 -0.7568487 0.5199178 -0.1215809 -0.7489982 0.6513216 -0.3490145 -0.6705784 0.6546094 -0.5999996 -0.5999998 0.5291511 -0.5372366 -0.537236 0.6501956 -0.003904759 -0.8509706 0.5251989 -0.003898859 -0.764671 0.6444092 -0.7568548 -0.3960723 0.5199014 -0.8431341 -0.1372535 0.5198908 -0.6705771 -0.3490131 0.6546116 -0.7489936 -0.1215844 0.6513263 -0.850973 0.003912031 0.525195 -0.7647 0.003920376 0.6443746 -0.6862468 -0.2470891 0.6841143 -0.7098289 -0.3960141 0.5825082 -0.6940987 -0.2549291 0.6732298 -0.7176463 -0.411732 0.5616589 -0.6784027 -0.02750396 0.7341753 -0.6862584 -0.05098628 0.7255686 -0.6862666 0.1058769 0.7196029 -0.6941064 0.1137369 0.7108308 -0.7411514 -0.4509761 0.497308 -0.7411736 -0.4509797 0.4972716 -0.7725422 -0.6313702 0.06745511 -0.7725471 -0.6313642 0.06745523 -0.7725446 -0.6313673 0.06745511 -0.7725487 -0.6313624 -0.06745523 -0.215654 -0.6392381 0.7381519 -0.1529362 -0.4587711 0.875294 -0.309805 -0.5921475 0.7438967 -0.2157365 -0.4196346 0.8816828 -0.4744659 -0.4744982 0.7414402 -0.3333379 -0.3333421 0.8819121 -0.5921472 -0.309802 0.7438982 -0.4196069 -0.2235228 0.8797544 -0.6391997 -0.2156962 0.7381727 -0.4587711 -0.1529363 0.8752941 -0.3411816 -0.6627435 0.666608 -0.239214 -0.717647 0.6540333 -0.0666483 -0.192153 0.9790992 -0.09020578 -0.1764687 0.9801642 -0.003931939 0.003931879 0.9999846 -0.003931939 0.003932178 0.9999846 -0.1372471 -0.1372444 0.9809828 -0.003933608 0.003932237 0.9999846 -0.003932535 0.003932178 0.9999846 -0.1764693 -0.09016972 0.9801673 -0.00393337 0.003932118 0.9999846 -0.1921318 -0.06660979 0.9791061 -0.7176422 -0.2392141 0.6540385 -0.5293651 -0.5294414 0.6629213 -0.6627301 -0.349049 0.6625358 -0.1372423 -0.819623 0.5562219 -0.3882238 -0.7411679 0.5476793 -0.1529372 -0.9294061 0.335879 -0.4352881 -0.8352867 0.3358875 -0.6627417 -0.6627407 0.3486379 -0.5921587 -0.5921588 0.5465309 -0.05883139 -0.3803821 0.9229564 -0.1764666 -0.3411611 0.9232923 -0.003913462 0.003903985 0.9999848 -0.270564 -0.2705641 0.9238994 -0.003917217 -0.9450884 0.3267917 -0.003910541 -0.8274532 0.5615211 -0.003953278 -0.3568798 0.9341419 -0.7411684 -0.3882268 0.5476763 -0.8352869 -0.4352865 0.3358893 -0.9294236 -0.1529024 0.335846 -0.8196281 -0.1372386 0.5562151 -0.3411664 -0.1764695 0.9232898 -0.380383 -0.05883204 0.9229559 -0.9450878 0.003909826 0.3267934 -0.3568559 0.003909468 0.9341512 -0.8274445 0.003923237 0.5615339 -0.9450879 0.003911077 0.326793 -0.1450973 -0.9058755 0.3979151 -0.4274153 -0.8117768 0.3979129 -0.2156529 -0.9764701 0 -0.4581255 -0.8888875 0 -0.7071069 -0.7071067 0 -0.6470628 -0.6470671 0.4032543 -0.301967 -0.584312 0.7532566 -0.105881 -0.6548997 0.7482618 -0.4667189 -0.4667229 0.7512279 -0.003907203 -0.9137109 0.4063462 -0.003893554 -0.6627559 0.7488254 -0.003884077 -0.9999926 -5.50965e-6 -0.003881633 -0.9999926 0 -0.003900408 -0.9999924 -1.64087e-6 -0.8117468 -0.4274657 0.39792 -0.8888644 -0.4581705 0 -0.9764702 -0.2156525 -8.51731e-5 -0.905879 -0.145047 0.3979256 -0.5843067 -0.3019641 0.7532619 -0.6548943 -0.1058825 0.7482662 -0.913724 0.003943443 0.4063164 -0.662747 0.00390464 0.7488332 -0.9999924 0.003902733 -3.44717e-4 -0.9999924 -0.003896892 -3.45046e-4 -0.9999924 -0.003887951 -3.42078e-4 -0.003931224 0.003932178 -0.9999846 -0.00393182 0.003932356 -0.9999846 -0.003931999 0.003931999 -0.9999846 -0.003932058 0.003932118 -0.9999846 -0.003931879 0.003932237 -0.9999846 -0.003932654 0.003932058 -0.9999846 -0.003932178 0.003931879 -0.9999846 -0.003931999 0.003931939 -0.9999846 -0.00393182 0.003932297 -0.9999846 -0.003932237 0.003931879 -0.9999846 -0.4581543 -0.8888728 2.29917e-6 -0.4581561 -0.8888718 -5.61075e-6 -0.7071074 -0.7071062 2.57976e-7 -0.701958 -0.7097973 -0.05867624 -0.8823474 -0.466663 -0.06073641 -0.8888772 -0.4581454 -3.9814e-6 -0.3176409 -0.9450929 0.07683604 -0.3176454 -0.9450889 0.07686626 0.3176129 0.9451109 0.07673025 -0.3176412 -0.945091 -0.07685792 -0.3176447 -0.945089 -0.07686901 -0.9450899 -0.3176469 -0.0768482 -0.9510047 -0.3091766 -1.7662e-5 -0.6863345 0.3882781 -0.6149677 -0.9450886 -0.3176534 -0.07683789 -0.9450905 -0.3176429 0.07685756 0.003930509 -0.9999923 -3.37698e-6 -0.003902077 -0.9999924 1.96919e-5 0.7071046 -0.7071091 2.52947e-6 0.7071086 -0.707105 0 0.9999924 -0.003901481 5.30481e-6 0.9999923 -0.003935575 1.0327e-5</float_array>
          <technique_common>
            <accessor source="#StarBase_0_2608-mesh-normals-array" count="6264" stride="3">
              <param name="X" type="float"/>
              <param name="Y" type="float"/>
              <param name="Z" type="float"/>
            </accessor>
          </technique_common>
        </source>
        <source id="StarBase_0_2608-mesh-map-0">
          <float_array id="StarBase_0_2608-mesh-map-0-array" count="29388">0.1303977 0.08027118 0.1000689 0.08194035 0.1303673 0.07926964 0.09990704 0.07982605 0.1303673 0.07926964 0.1000689 0.08194035 0.1303673 0.07926964 0.09990704 0.07982605 0.1303775 0.07825803 0.1000183 0.07770162 0.1303775 0.07825803 0.09990704 0.07982605 0.1304686 0.08601725 0.1001296 0.08755499 0.1304382 0.08500564 0.09997785 0.08547097 0.1304382 0.08500564 0.1001296 0.08755499 0.1304382 0.08500564 0.09997785 0.08547097 0.1304382 0.0840041 0.1000689 0.08337688 0.1304382 0.0840041 0.09997785 0.08547097 0.1303673 0.06837433 0.09990704 0.06781792 0.1304079 0.06737279 0.1000689 0.06570363 0.1304079 0.06737279 0.09990704 0.06781792 0.09990704 0.06781792 0.1303673 0.06837433 0.1000183 0.06993228 0.1303775 0.069386 0.1000183 0.06993228 0.1303673 0.06837433 0.1932102 0.04761558 0.1604333 0.0483945 0.1932002 0.04649263 0.1603118 0.04645216 0.1932002 0.04649263 0.1604333 0.0483945 0.1932002 0.04649263 0.1603118 0.04645216 0.1932102 0.04536974 0.1604333 0.04451996 0.1932102 0.04536974 0.1603118 0.04645216 0.1932305 0.05256247 0.1604534 0.05377644 0.1932102 0.05143952 0.160322 0.05184417 0.1932102 0.05143952 0.1604534 0.05377644 0.1932102 0.05143952 0.160322 0.05184417 0.1932102 0.05031663 0.160423 0.04991197 0.1932102 0.05031663 0.160322 0.05184417 0.1932608 0.05789381 0.1604838 0.05889528 0.1932406 0.05677086 0.1603624 0.05698329 0.1932406 0.05677086 0.1604838 0.05889528 0.1932406 0.05677086 0.1603624 0.05698329 0.1932507 0.05564796 0.1604534 0.05507135 0.1932507 0.05564796 0.1603624 0.05698329 0.1932102 0.04147493 0.160322 0.04106014 0.1932406 0.04034191 0.1604636 0.03913807 0.1932406 0.04034191 0.160322 0.04106014 0.160322 0.04106014 0.1932102 0.04147493 0.160423 0.04299241 0.1932102 0.04259783 0.160423 0.04299241 0.1932102 0.04147493 0.004165768 0.02440863 0.03745871 0.02362966 0.004175901 0.02549105 0.03758013 0.02551132 0.004175901 0.02549105 0.03745871 0.02362966 0.004175901 0.02549105 0.03758013 0.02551132 0.004165768 0.02658367 0.03745871 0.02738285 0.004165768 0.02658367 0.03758013 0.02551132 0.004145562 0.01959323 0.03743851 0.01841974 0.004175901 0.02067571 0.03756999 0.02029126 0.004175901 0.02067571 0.03743851 0.01841974 0.004175901 0.02067571 0.03756999 0.02029126 0.004165768 0.02176827 0.03746885 0.02215266 0.004165768 0.02176827 0.03756999 0.02029126 0.004115223 0.0145148 0.03740817 0.01347285 0.004135429 0.01560741 0.03751945 0.01531404 0.004135429 0.01560741 0.03740817 0.01347285 0.004135429 0.01560741 0.03751945 0.01531404 0.004135429 0.01669996 0.03743851 0.0171653 0.004135429 0.01669996 0.03751945 0.01531404 0.004175901 0.03072124 0.03758013 0.03072124 0.004175901 0.03203636 0.03745871 0.03248149 0.004175901 0.03203636 0.03758013 0.03072124 0.03758013 0.03072124 0.004175901 0.03072124 0.03746885 0.028961 0.004175901 0.02940613 0.03746885 0.028961 0.004175901 0.03072124 0.2674745 0.619716 0.2684557 0.6194733 0.2669484 0.6205861 0.2684557 0.6194733 0.2680511 0.6220934 0.2669484 0.6205861 0.2695584 0.6209806 0.2680511 0.6220934 0.2684557 0.6194733 0.2693258 0.6199993 0.2695584 0.6209806 0.2684557 0.6194733 0.2690425 0.6218506 0.2680511 0.6220934 0.2695584 0.6209806 0.2669484 0.6205861 0.2680511 0.6220934 0.2671912 0.6215674 0.09834909 0.06489431 0.098167 0.06775724 0.001808702 0.06432777 0.001808702 0.06771677 0.001808702 0.06432777 0.098167 0.06775724 0.098167 0.06775724 0.09831875 0.07079213 0.001808702 0.06771677 0.00179857 0.070782 0.001808702 0.06771677 0.09831875 0.07079213 0.09831875 0.07079213 0.09814679 0.07381695 0.00179857 0.070782 0.001788437 0.07381695 0.00179857 0.070782 0.09814679 0.07381695 0.09814679 0.07381695 0.09831875 0.07685184 0.001788437 0.07381695 0.00179857 0.07686197 0.001788437 0.07381695 0.09831875 0.07685184 0.09831875 0.07685184 0.098167 0.07988673 0.00179857 0.07686197 0.001808702 0.0799272 0.00179857 0.07686197 0.098167 0.07988673 0.098167 0.07988673 0.09833902 0.08274966 0.001808702 0.0799272 0.001818776 0.0833162 0.001808702 0.0799272 0.09833902 0.08274966 0.09833902 0.08274966 0.09822773 0.08550131 0.001818776 0.0833162 0.00186938 0.08700865 0.001818776 0.0833162 0.09822773 0.08550131 0.09822773 0.08550131 0.09841996 0.08824288 0.00186938 0.08700865 0.00194019 0.09070116 0.00186938 0.08700865 0.09841996 0.08824288 0.09841996 0.08824288 0.09822773 0.08550131 0.1001296 0.08755499 0.09997785 0.08547097 0.1001296 0.08755499 0.09822773 0.08550131 0.09822773 0.08550131 0.09833902 0.08274966 0.09997785 0.08547097 0.1000689 0.08337688 0.09997785 0.08547097 0.09833902 0.08274966 0.09833902 0.08274966 0.098167 0.07988673 0.1000689 0.08194035 0.09990704 0.07982605 0.1000689 0.08194035 0.098167 0.07988673 0.098167 0.07988673 0.09831875 0.07685184 0.09990704 0.07982605 0.1000183 0.07770162 0.09990704 0.07982605 0.09831875 0.07685184 0.09831875 0.07685184 0.09814679 0.07381695 0.1000285 0.07595151 0.09988683 0.07381695 0.1000285 0.07595151 0.09814679 0.07381695 0.09814679 0.07381695 0.09831875 0.07079213 0.09988683 0.07381695 0.1000285 0.07169252 0.09988683 0.07381695 0.09831875 0.07079213 0.09831875 0.07079213 0.098167 0.06775724 0.1000183 0.06993228 0.09990704 0.06781792 0.1000183 0.06993228 0.098167 0.06775724 0.098167 0.06775724 0.09834909 0.06489431 0.09990704 0.06781792 0.1000689 0.06570363 0.09990704 0.06781792 0.09834909 0.06489431 0.2678791 0.6154773 0.2689515 0.6151233 0.2673733 0.6164789 0.2689515 0.6151233 0.2687188 0.6180671 0.2673733 0.6164789 0.2703071 0.6167115 0.2687188 0.6180671 0.2689515 0.6151233 0.2699631 0.6156392 0.2703071 0.6167115 0.2689515 0.6151233 0.2697911 0.617713 0.2687188 0.6180671 0.2703071 0.6167115 0.2673733 0.6164789 0.2687188 0.6180671 0.2677172 0.6175511 0.1587944 0.03842991 0.1586325 0.04101967 0.00302267 0.03801512 0.003012537 0.04098933 0.00302267 0.03801512 0.1586325 0.04101967 0.1586325 0.04101967 0.1587741 0.04374098 0.003012537 0.04098933 0.003002405 0.04373085 0.003012537 0.04098933 0.1587741 0.04374098 0.1587741 0.04374098 0.1586123 0.04645216 0.003002405 0.04373085 0.003002405 0.04645216 0.003002405 0.04373085 0.1586123 0.04645216 0.1586123 0.04645216 0.1587741 0.04917347 0.003002405 0.04645216 0.003002405 0.04917347 0.003002405 0.04645216 0.1587741 0.04917347 0.1587741 0.04917347 0.1586325 0.05188465 0.003002405 0.04917347 0.003012537 0.05191504 0.003002405 0.04917347 0.1586325 0.05188465 0.1586325 0.05188465 0.1587843 0.0544846 0.003012537 0.05191504 0.00302267 0.0548892 0.003012537 0.05191504 0.1587843 0.0544846 0.1587843 0.0544846 0.158673 0.05699342 0.00302267 0.0548892 0.003042876 0.05808597 0.00302267 0.0548892 0.158673 0.05699342 0.158673 0.05699342 0.1588146 0.0595023 0.003042876 0.05808597 0.003073215 0.06128275 0.003042876 0.05808597 0.1588146 0.0595023 0.1588146 0.0595023 0.158673 0.05699342 0.1604838 0.05889528 0.1603624 0.05698329 0.1604838 0.05889528 0.158673 0.05699342 0.158673 0.05699342 0.1587843 0.0544846 0.1603624 0.05698329 0.1604534 0.05507135 0.1603624 0.05698329 0.1587843 0.0544846 0.1587843 0.0544846 0.1586325 0.05188465 0.1604534 0.05377644 0.160322 0.05184417 0.1604534 0.05377644 0.1586325 0.05188465 0.1586325 0.05188465 0.1587741 0.04917347 0.160322 0.05184417 0.160423 0.04991197 0.160322 0.05184417 0.1587741 0.04917347 0.1587741 0.04917347 0.1586123 0.04645216 0.1604333 0.0483945 0.1603118 0.04645216 0.1604333 0.0483945 0.1586123 0.04645216 0.1586123 0.04645216 0.1587741 0.04374098 0.1603118 0.04645216 0.1604333 0.04451996 0.1603118 0.04645216 0.1587741 0.04374098 0.1587741 0.04374098 0.1586325 0.04101967 0.160423 0.04299241 0.160322 0.04106014 0.160423 0.04299241 0.1586325 0.04101967 0.1586325 0.04101967 0.1587944 0.03842991 0.160322 0.04106014 0.1604636 0.03913807 0.160322 0.04106014 0.1587944 0.03842991 0.2710354 0.6178344 0.2720673 0.6174803 0.27056 0.6188157 0.2720673 0.6174803 0.2718953 0.6203231 0.27056 0.6188157 0.2734027 0.6189877 0.2718953 0.6203231 0.2720673 0.6174803 0.2730486 0.6179558 0.2734027 0.6189877 0.2720673 0.6174803 0.2729272 0.619969 0.2718953 0.6203231 0.2734027 0.6189877 0.27056 0.6188157 0.2718953 0.6203231 0.270914 0.6198476 0.0390976 0.03326046 0.03926956 0.03076171 0.1632658 0.03366512 0.163276 0.03079205 0.1632658 0.03366512 0.03926956 0.03076171 0.03926956 0.03076171 0.03910768 0.02814155 0.163276 0.03079205 0.163276 0.02814155 0.163276 0.03079205 0.03910768 0.02814155 0.03910768 0.02814155 0.03925943 0.02551132 0.163276 0.02814155 0.1632658 0.02550119 0.163276 0.02814155 0.03925943 0.02551132 0.03925943 0.02551132 0.03910768 0.02288109 0.1632658 0.02550119 0.1632658 0.02287095 0.1632658 0.02550119 0.03910768 0.02288109 0.03910768 0.02288109 0.03924936 0.02025079 0.1632658 0.02287095 0.1632557 0.02022045 0.1632658 0.02287095 0.03924936 0.02025079 0.03924936 0.02025079 0.0390976 0.01773184 0.1632557 0.02022045 0.1632557 0.01733732 0.1632557 0.02022045 0.0390976 0.01773184 0.0390976 0.01773184 0.03920888 0.0153039 0.1632557 0.01733732 0.1632254 0.01424169 0.1632557 0.01733732 0.03920888 0.0153039 0.03920888 0.0153039 0.03905713 0.01287597 0.1632254 0.01424169 0.163195 0.01114606 0.1632254 0.01424169 0.03905713 0.01287597 0.03905713 0.01287597 0.03920888 0.0153039 0.03740817 0.01347285 0.03751945 0.01531404 0.03740817 0.01347285 0.03920888 0.0153039 0.03920888 0.0153039 0.0390976 0.01773184 0.03751945 0.01531404 0.03743851 0.0171653 0.03751945 0.01531404 0.0390976 0.01773184 0.0390976 0.01773184 0.03924936 0.02025079 0.03743851 0.01841974 0.03756999 0.02029126 0.03743851 0.01841974 0.03924936 0.02025079 0.03924936 0.02025079 0.03910768 0.02288109 0.03756999 0.02029126 0.03746885 0.02215266 0.03756999 0.02029126 0.03910768 0.02288109 0.03910768 0.02288109 0.03925943 0.02551132 0.03745871 0.02362966 0.03758013 0.02551132 0.03745871 0.02362966 0.03925943 0.02551132 0.03925943 0.02551132 0.03910768 0.02814155 0.03758013 0.02551132 0.03745871 0.02738285 0.03758013 0.02551132 0.03910768 0.02814155 0.03910768 0.02814155 0.03926956 0.03076171 0.03746885 0.028961 0.03758013 0.03072124 0.03746885 0.028961 0.03926956 0.03076171 0.03926956 0.03076171 0.0390976 0.03326046 0.03758013 0.03072124 0.03745871 0.03248149 0.03758013 0.03072124 0.0390976 0.03326046 0.3733928 0.7537782 0.3711065 0.7570254 0.3703781 0.7518155 0.3686078 0.7553158 0.3703781 0.7518155 0.3711065 0.7570254 0.3749001 0.7714311 0.3717337 0.7689628 0.3767312 0.7683659 0.3732511 0.7663628 0.3767312 0.7683659 0.3717337 0.7689628 0.3705906 0.8708345 0.366888 0.8723925 0.3691338 0.867567 0.3656841 0.8696306 0.3691338 0.867567 0.366888 0.8723925 0.3622344 0.8865148 0.3608991 0.8828225 0.3654615 0.8849266 0.36359 0.8814365 0.3654615 0.8849266 0.3608991 0.8828225 0.3732511 0.7663628 0.3711065 0.7570254 0.3767312 0.7683659 0.3733928 0.7537782 0.3767312 0.7683659 0.3711065 0.7570254 0.3540705 0.7757812 0.3535748 0.7725338 0.3749001 0.7714311 0.3717337 0.7689628 0.3749001 0.7714311 0.3535748 0.7725338 0.3237821 0.7779259 0.3535748 0.7725338 0.3540705 0.7757812 0.3749001 0.7714311 0.3792906 0.7701666 0.378977 0.7732723 0.3767312 0.7683659 0.3792906 0.7701666 0.3749001 0.7714311 0.36359 0.8814365 0.366888 0.8723925 0.3654615 0.8849266 0.3705906 0.8708345 0.3654615 0.8849266 0.366888 0.8723925 0.3005247 0.7369849 0.3040957 0.7395443 0.2985722 0.7450376 0.3027604 0.7448352 0.2985722 0.7450376 0.3040957 0.7395443 0.2985722 0.7450376 0.3027604 0.7448352 0.3077983 0.7675869 0.3107826 0.7644914 0.3077983 0.7675869 0.3027604 0.7448352 0.3077983 0.7675869 0.3107826 0.7644914 0.3145863 0.7706421 0.3144447 0.7660999 0.3145863 0.7706421 0.3107826 0.7644914 0.3717236 0.748983 0.3702061 0.744643 0.3859168 0.7431256 0.382801 0.7397366 0.3859168 0.7431256 0.3702061 0.744643 0.3702061 0.744643 0.3717236 0.748983 0.3482941 0.7524529 0.3497711 0.7564589 0.3482941 0.7524529 0.3717236 0.748983 0.3482941 0.7524529 0.3497711 0.7564589 0.3198671 0.7640867 0.3216375 0.7681736 0.3198671 0.7640867 0.3497711 0.7564589 0.3198671 0.7640867 0.3216375 0.7681736 0.3144447 0.7660999 0.3145863 0.7706421 0.3144447 0.7660999 0.3216375 0.7681736 0.3859168 0.7431256 0.382801 0.7397366 0.3887393 0.7363679 0.3843083 0.7362364 0.3887393 0.7363679 0.382801 0.7397366 0.3887393 0.7363679 0.3843083 0.7362364 0.3735951 0.6982898 0.3705804 0.7015777 0.3735951 0.6982898 0.3843083 0.7362364 0.3735951 0.6982898 0.3705804 0.7015777 0.3672117 0.6960542 0.3678895 0.7006268 0.3672117 0.6960542 0.3705804 0.7015777 0.3341514 0.7152247 0.3365288 0.7190992 0.3071002 0.7312996 0.3095181 0.7350528 0.3071002 0.7312996 0.3365288 0.7190992 0.3365288 0.7190992 0.3341514 0.7152247 0.3562152 0.7074957 0.3537873 0.7038235 0.3562152 0.7074957 0.3341514 0.7152247 0.3562152 0.7074957 0.3537873 0.7038235 0.3678895 0.7006268 0.3672117 0.6960542 0.3678895 0.7006268 0.3537873 0.7038235 0.3071002 0.7312996 0.3095181 0.7350528 0.3005247 0.7369849 0.3040957 0.7395443 0.3005247 0.7369849 0.3095181 0.7350528 0.3527352 0.9418109 0.3539188 0.9372788 0.3593209 0.9403238 0.3566198 0.9366515 0.3593209 0.9403238 0.3539188 0.9372788 0.3593209 0.9403238 0.3566198 0.9366515 0.3786634 0.9040769 0.3741515 0.9036824 0.3786634 0.9040769 0.3566198 0.9366515 0.3786634 0.9040769 0.3741515 0.9036824 0.3766503 0.8969955 0.373069 0.9 0.3766503 0.8969955 0.3741515 0.9036824 0.31577 0.8644815 0.313423 0.868356 0.3090932 0.8611532 0.3083142 0.8656752 0.3090932 0.8611532 0.313423 0.868356 0.313423 0.868356 0.31577 0.8644815 0.3403022 0.8832776 0.3423254 0.8794335 0.3403022 0.8832776 0.31577 0.8644815 0.3403022 0.8832776 0.3423254 0.8794335 0.3611317 0.8936166 0.3632258 0.8894587 0.3611317 0.8936166 0.3423254 0.8794335 0.3611317 0.8936166 0.3632258 0.8894587 0.373069 0.9 0.3766503 0.8969955 0.373069 0.9 0.3632258 0.8894587 0.3090932 0.8611532 0.3083142 0.8656752 0.3019814 0.8633282 0.3045509 0.8667981 0.3019814 0.8633282 0.3083142 0.8656752 0.3019814 0.8633282 0.3045509 0.8667981 0.2901047 0.8845624 0.2942424 0.8852504 0.2901047 0.8845624 0.3045509 0.8667981 0.2901047 0.8845624 0.2942424 0.8852504 0.2910557 0.8928073 0.2949101 0.8906525 0.2910557 0.8928073 0.2942424 0.8852504 0.2968726 0.8992918 0.2997355 0.8957815 0.321769 0.9185331 0.3246117 0.9148812 0.321769 0.9185331 0.2997355 0.8957815 0.2997355 0.8957815 0.2968726 0.8992918 0.2949101 0.8906525 0.2910557 0.8928073 0.2949101 0.8906525 0.2968726 0.8992918 0.321769 0.9185331 0.3246117 0.9148812 0.3399177 0.9321801 0.3427706 0.9287608 0.3399177 0.9321801 0.3246117 0.9148812 0.3399177 0.9321801 0.3427706 0.9287608 0.3527352 0.9418109 0.3539188 0.9372788 0.3527352 0.9418109 0.3427706 0.9287608 0.3237821 0.7779259 0.3239844 0.7824984 0.3163871 0.7786846 0.3181777 0.7830346 0.3163871 0.7786846 0.3239844 0.7824984 0.3239844 0.7824984 0.3237821 0.7779259 0.3544549 0.7801009 0.3540705 0.7757812 0.3544549 0.7801009 0.3237821 0.7779259 0.3544549 0.7801009 0.3540705 0.7757812 0.377672 0.7779461 0.378977 0.7732723 0.377672 0.7779461 0.3540705 0.7757812 0.3163871 0.7786846 0.3181777 0.7830346 0.3116021 0.7843195 0.3156283 0.7859785 0.3116021 0.7843195 0.3181777 0.7830346 0.3135646 0.8159633 0.317682 0.8162163 0.3078287 0.8471825 0.3120472 0.8460495 0.3078287 0.8471825 0.317682 0.8162163 0.317682 0.8162163 0.3135646 0.8159633 0.3156283 0.7859785 0.3116021 0.7843195 0.3156283 0.7859785 0.3135646 0.8159633 0.3078287 0.8471825 0.3120472 0.8460495 0.3118853 0.8533636 0.3142424 0.8493474 0.3118853 0.8533636 0.3120472 0.8460495 0.3489416 0.8607586 0.3498217 0.8565199 0.3733928 0.8662215 0.3726543 0.8614162 0.3733928 0.8662215 0.3498217 0.8565199 0.3498217 0.8565199 0.3489416 0.8607586 0.3198772 0.8505613 0.3191387 0.8550631 0.3198772 0.8505613 0.3489416 0.8607586 0.3198772 0.8505613 0.3191387 0.8550631 0.3142424 0.8493474 0.3118853 0.8533636 0.3142424 0.8493474 0.3191387 0.8550631 0.3733928 0.8662215 0.3726543 0.8614162 0.3794525 0.8620333 0.3756892 0.8593323 0.3794525 0.8620333 0.3726543 0.8614162 0.3874848 0.8203641 0.3831955 0.820101 0.3844904 0.7781686 0.3804237 0.7803841 0.3844904 0.7781686 0.3831955 0.820101 0.3831955 0.820101 0.3874848 0.8203641 0.3756892 0.8593323 0.3794525 0.8620333 0.3756892 0.8593323 0.3874848 0.8203641 0.3844904 0.7781686 0.3804237 0.7803841 0.378977 0.7732723 0.377672 0.7779461 0.378977 0.7732723 0.3804237 0.7803841 0.3702061 0.744643 0.3562152 0.7074957 0.382801 0.7397366 0.3562152 0.7074957 0.3705804 0.7015777 0.382801 0.7397366 0.3678895 0.7006268 0.3705804 0.7015777 0.3562152 0.7074957 0.382801 0.7397366 0.3705804 0.7015777 0.3843083 0.7362364 0.3562152 0.7074957 0.3702061 0.744643 0.3365288 0.7190992 0.3482941 0.7524529 0.3365288 0.7190992 0.3702061 0.744643 0.3365288 0.7190992 0.3482941 0.7524529 0.3095181 0.7350528 0.3198671 0.7640867 0.3095181 0.7350528 0.3482941 0.7524529 0.3095181 0.7350528 0.3198671 0.7640867 0.3040957 0.7395443 0.3198671 0.7640867 0.3107826 0.7644914 0.3040957 0.7395443 0.3144447 0.7660999 0.3107826 0.7644914 0.3198671 0.7640867 0.3040957 0.7395443 0.3107826 0.7644914 0.3027604 0.7448352 0.4113292 0.7693877 0.4151936 0.8220838 0.4083043 0.767162 0.4083043 0.767162 0.4151936 0.8220838 0.4001101 0.769074 0.4151936 0.8220838 0.4037318 0.8213757 0.4001101 0.769074 0.4151936 0.8220838 0.3937975 0.8728983 0.4037318 0.8213757 0.4017793 0.8757915 0.3937975 0.8728983 0.4151936 0.8220838 0.4050469 0.8739504 0.4017793 0.8757915 0.4151936 0.8220838 0.4037318 0.8213757 0.3874848 0.8203641 0.4001101 0.769074 0.3844904 0.7781686 0.4001101 0.769074 0.3874848 0.8203641 0.3937975 0.8728983 0.3794525 0.8620333 0.4037318 0.8213757 0.3794525 0.8620333 0.3874848 0.8203641 0.4037318 0.8213757 0.3844904 0.7781686 0.378977 0.7732723 0.4001101 0.769074 0.3792906 0.7701666 0.4001101 0.769074 0.378977 0.7732723 0.3734434 0.8693778 0.3733928 0.8662215 0.3937975 0.8728983 0.3733928 0.8662215 0.3794525 0.8620333 0.3938076 0.8729286 0.3691338 0.867567 0.3489416 0.8607586 0.3733928 0.8662215 0.3749001 0.7714311 0.378977 0.7732723 0.3540705 0.7757812 0.373069 0.9 0.3741515 0.9036824 0.3611317 0.8936166 0.3611317 0.8936166 0.3741515 0.9036824 0.3427706 0.9287608 0.3741515 0.9036824 0.3539188 0.9372788 0.3427706 0.9287608 0.3566198 0.9366515 0.3539188 0.9372788 0.3741515 0.9036824 0.3427706 0.9287608 0.3246117 0.9148812 0.3611317 0.8936166 0.3403022 0.8832776 0.3611317 0.8936166 0.3246117 0.9148812 0.3246117 0.9148812 0.2997355 0.8957815 0.3403022 0.8832776 0.313423 0.868356 0.3403022 0.8832776 0.2997355 0.8957815 0.2997355 0.8957815 0.2942424 0.8852504 0.313423 0.868356 0.2949101 0.8906525 0.2942424 0.8852504 0.2997355 0.8957815 0.313423 0.868356 0.2942424 0.8852504 0.3083142 0.8656752 0.3083142 0.8656752 0.2942424 0.8852504 0.3045509 0.8667981 0.3756892 0.8593323 0.3726543 0.8614162 0.3831955 0.820101 0.3802921 0.8199289 0.3831955 0.820101 0.3726543 0.8614162 0.3831955 0.820101 0.3802921 0.8199289 0.3804237 0.7803841 0.377672 0.7779461 0.3804237 0.7803841 0.3802921 0.8199289 0.3802921 0.8199289 0.3726543 0.8614162 0.3572875 0.8184722 0.3802921 0.8199289 0.3572875 0.8184722 0.377672 0.7779461 0.3498217 0.8565199 0.3572875 0.8184722 0.3726543 0.8614162 0.3572875 0.8184722 0.3498217 0.8565199 0.3257346 0.8167018 0.3198772 0.8505613 0.3257346 0.8167018 0.3498217 0.8565199 0.3544549 0.7801009 0.377672 0.7779461 0.3572875 0.8184722 0.3572875 0.8184722 0.3257346 0.8167018 0.3544549 0.7801009 0.3239844 0.7824984 0.3544549 0.7801009 0.3257346 0.8167018 0.3257346 0.8167018 0.3198772 0.8505613 0.317682 0.8162163 0.3257346 0.8167018 0.317682 0.8162163 0.3239844 0.7824984 0.3198772 0.8505613 0.3120472 0.8460495 0.317682 0.8162163 0.3142424 0.8493474 0.3120472 0.8460495 0.3198772 0.8505613 0.3239844 0.7824984 0.317682 0.8162163 0.3181777 0.7830346 0.3181777 0.7830346 0.317682 0.8162163 0.3156283 0.7859785 0.286817 0.7793421 0.2800795 0.779676 0.28621 0.7775009 0.2796546 0.7784216 0.28621 0.7775009 0.2800795 0.779676 0.2800795 0.779676 0.286817 0.7793421 0.2783293 0.7917246 0.2847027 0.7939501 0.2783293 0.7917246 0.286817 0.7793421 0.2783293 0.7917246 0.2847027 0.7939501 0.2775605 0.7928373 0.2835797 0.7955789 0.2775605 0.7928373 0.2847027 0.7939501 0.2717537 0.8027312 0.2700036 0.7974302 0.2835797 0.7955789 0.2775605 0.7928373 0.2835797 0.7955789 0.2700036 0.7974302 0.2700036 0.7974302 0.2717537 0.8027312 0.2687188 0.7977337 0.2698721 0.8031865 0.2687188 0.7977337 0.2717537 0.8027312 0.2687188 0.7977337 0.2698721 0.8031865 0.2565084 0.79741 0.2550718 0.8027818 0.2565084 0.79741 0.2698721 0.8031865 0.2565084 0.79741 0.2550718 0.8027818 0.2552539 0.7970255 0.2532205 0.8022354 0.2552539 0.7970255 0.2550718 0.8027818 0.2552539 0.7970255 0.2532205 0.8022354 0.2479297 0.7920381 0.2417789 0.7944559 0.2479297 0.7920381 0.2532205 0.8022354 0.2989667 0.8006877 0.2922494 0.8013352 0.2982687 0.7988465 0.291774 0.8000807 0.2982687 0.7988465 0.2922494 0.8013352 0.2922494 0.8013352 0.2989667 0.8006877 0.2910861 0.8134646 0.2975605 0.8153867 0.2910861 0.8134646 0.2989667 0.8006877 0.2910861 0.8134646 0.2975605 0.8153867 0.290388 0.8145774 0.2965286 0.8170256 0.290388 0.8145774 0.2975605 0.8153867 0.2547178 0.8180169 0.2607471 0.8152856 0.2665235 0.8251895 0.2682939 0.8198885 0.2665235 0.8251895 0.2607471 0.8152856 0.2665235 0.8251895 0.2682939 0.8198885 0.2684052 0.8256448 0.2695787 0.820192 0.2684052 0.8256448 0.2682939 0.8198885 0.2684052 0.8256448 0.2695787 0.820192 0.2832054 0.8252906 0.2817891 0.8198987 0.2832054 0.8252906 0.2695787 0.820192 0.2832054 0.8252906 0.2817891 0.8198987 0.2850567 0.8247444 0.2830436 0.8195345 0.2850567 0.8247444 0.2817891 0.8198987 0.2850567 0.8247444 0.2830436 0.8195345 0.2965286 0.8170256 0.290388 0.8145774 0.2965286 0.8170256 0.2830436 0.8195345 0.1300538 0.6512285 0.1275753 0.650136 0.1300336 0.6335452 0.1275753 0.6346478 0.1300336 0.6335452 0.1275753 0.650136 0.1275753 0.650136 0.1300538 0.6512285 0.1259668 0.6516029 0.1269177 0.6540713 0.1259668 0.6516029 0.1300538 0.6512285 0.1269177 0.6540713 0.108425 0.6540713 0.1259668 0.6516029 0.109376 0.6515927 0.1259668 0.6516029 0.108425 0.6540713 0.109376 0.6515927 0.108425 0.6540713 0.1077776 0.650136 0.1052991 0.6512285 0.1077776 0.650136 0.108425 0.6540713 0.1077776 0.650136 0.1052991 0.6512285 0.1077776 0.6346377 0.1052991 0.6335452 0.1077776 0.6346377 0.1052991 0.6512285 0.1077776 0.6346377 0.1052991 0.6335452 0.109376 0.633181 0.108425 0.6307126 0.109376 0.633181 0.1052991 0.6335452 0.109376 0.633181 0.108425 0.6307126 0.1259162 0.633181 0.126857 0.6307126 0.1259162 0.633181 0.108425 0.6307126 0.1300336 0.6335452 0.1275753 0.6346478 0.126857 0.6307126 0.1259162 0.633181 0.126857 0.6307126 0.1275753 0.6346478 0.2579954 0.6332113 0.2602716 0.6343443 0.2579145 0.6516231 0.2601907 0.6505103 0.2579145 0.6516231 0.2602716 0.6343443 0.2602716 0.6343443 0.2579954 0.6332113 0.2617992 0.6328269 0.2609393 0.6302371 0.2617992 0.6328269 0.2579954 0.6332113 0.2617992 0.6328269 0.2609393 0.6302371 0.2770445 0.6328572 0.2779348 0.6302776 0.2770445 0.6328572 0.2609393 0.6302371 0.2770445 0.6328572 0.2779348 0.6302776 0.2785215 0.6343747 0.2808079 0.6332214 0.2785215 0.6343747 0.2779348 0.6302776 0.2785215 0.6343747 0.2808079 0.6332214 0.2784406 0.6505507 0.2807168 0.6517141 0.2784406 0.6505507 0.2808079 0.6332214 0.2784406 0.6505507 0.2807168 0.6517141 0.2769636 0.6520581 0.2778336 0.6546479 0.2769636 0.6520581 0.2807168 0.6517141 0.2778336 0.6546479 0.2607774 0.6546074 0.2769636 0.6520581 0.2579145 0.6516231 0.2601907 0.6505103 0.2607774 0.6546074 0.2616677 0.6520277 0.2769636 0.6520581 0.2607774 0.6546074 0.2616677 0.6520277 0.2607774 0.6546074 0.2601907 0.6505103 0.3987949 0.7650173 0.4001101 0.769074 0.3792906 0.7701666 0.3945562 0.7467776 0.3749001 0.7509961 0.3939189 0.7424073 0.3855223 0.8944158 0.3843994 0.898604 0.3666856 0.8879109 0.2905701 0.8132724 0.290388 0.8145774 0.2837517 0.8031763 0.290388 0.8145774 0.2817689 0.8192208 0.2837517 0.8031763 0.2830436 0.8195345 0.2817689 0.8192208 0.290388 0.8145774 0.2837517 0.8031763 0.2817689 0.8192208 0.2824467 0.8028424 0.2824467 0.8028424 0.2817689 0.8192208 0.2751225 0.8077894 0.2817689 0.8192208 0.2749404 0.8090944 0.2751225 0.8077894 0.3920069 0.8767931 0.3734434 0.8693778 0.3937975 0.8728983 0.2147884 0.7459278 0.2209291 0.702387 0.2249959 0.7032165 0.2700036 0.7974302 0.2687289 0.7970559 0.2775605 0.7928373 0.2687289 0.7970559 0.2714907 0.7811024 0.2775605 0.7928373 0.2702261 0.780728 0.2714907 0.7811024 0.2687289 0.7970559 0.2626489 0.7853209 0.2702261 0.780728 0.2687289 0.7970559 0.262396 0.7866158 0.2626489 0.7853209 0.2687289 0.7970559 0.2714907 0.7811024 0.2778033 0.7915122 0.2775605 0.7928373 0.1992598 0.6950324 0.2035289 0.6970152 0.1891738 0.7373896 0.108597 0.737076 0.09456562 0.6965701 0.09884482 0.6946176 0.07305818 0.7025995 0.07712501 0.7018103 0.08290141 0.7454119 0.3733928 0.7537782 0.3749001 0.7509961 0.3767312 0.7683659 0.3749001 0.7509961 0.3945562 0.7467776 0.3767312 0.7683659 0.3945562 0.7467776 0.3987949 0.7650173 0.3767312 0.7683659 0.3767312 0.7683659 0.3987949 0.7650173 0.3792906 0.7701666 0.3733928 0.7537782 0.3703781 0.7518155 0.3749001 0.7509961 0.3703781 0.7518155 0.3717236 0.748983 0.3749001 0.7509961 0.3703781 0.7518155 0.3686078 0.7553158 0.3497711 0.7564589 0.3507524 0.7596152 0.3497711 0.7564589 0.3686078 0.7553158 0.3497711 0.7564589 0.3507524 0.7596152 0.3216375 0.7681736 0.3705906 0.8708345 0.3734434 0.8693778 0.3654615 0.8849266 0.3734434 0.8693778 0.3920069 0.8767931 0.3654615 0.8849266 0.3920069 0.8767931 0.3855223 0.8944158 0.3654615 0.8849266 0.3654615 0.8849266 0.3855223 0.8944158 0.3666856 0.8879109 0.3622344 0.8865148 0.3654615 0.8849266 0.3666856 0.8879109 0.3632258 0.8894587 0.3622344 0.8865148 0.3666856 0.8879109 0.3423254 0.8794335 0.343681 0.8764289 0.3622344 0.8865148 0.3608991 0.8828225 0.3622344 0.8865148 0.343681 0.8764289 0.31577 0.8644815 0.343681 0.8764289 0.3423254 0.8794335 0.3705906 0.8708345 0.3691338 0.867567 0.3734434 0.8693778 0.3691338 0.867567 0.3733928 0.8662215 0.3734434 0.8693778 0.3691338 0.867567 0.3656841 0.8696306 0.3489416 0.8607586 0.3480715 0.8639149 0.3489416 0.8607586 0.3656841 0.8696306 0.3489416 0.8607586 0.3480715 0.8639149 0.3191387 0.8550631 0.5640963 0.6938892 0.5680316 0.6940208 0.5643189 0.6901259 0.5684261 0.6902069 0.5643189 0.6901259 0.5680316 0.6940208 0.5686689 0.6366913 0.5552951 0.6352851 0.5670604 0.657096 0.553029 0.6561552 0.5670604 0.657096 0.5552951 0.6352851 0.5686689 0.6366913 0.5670604 0.657096 0.5732719 0.6366407 0.571805 0.6564283 0.5732719 0.6366407 0.5670604 0.657096 0.5670604 0.657096 0.553029 0.6561552 0.5643189 0.6901259 0.5507731 0.6897921 0.5643189 0.6901259 0.553029 0.6561552 0.5670604 0.657096 0.5643189 0.6901259 0.571805 0.6564283 0.5684261 0.6902069 0.571805 0.6564283 0.5643189 0.6901259 0.5315824 0.6902474 0.536074 0.6901867 0.5335449 0.654921 0.5381479 0.6553459 0.5335449 0.654921 0.536074 0.6901867 0.536074 0.6901867 0.5471312 0.6902474 0.5381479 0.6553459 0.5498626 0.6557506 0.5381479 0.6553459 0.5471312 0.6902474 0.5090532 0.6893369 0.5315824 0.6902474 0.5335449 0.654921 0.5090532 0.6893369 0.5335449 0.654921 0.480869 0.6778447 0.48269 0.6556292 0.480869 0.6778447 0.5335449 0.654921 0.4778442 0.6785731 0.480869 0.6778447 0.48269 0.6556292 0.4778442 0.6785731 0.48269 0.6556292 0.4608791 0.6830748 0.4778442 0.6785731 0.4608791 0.6830748 0.4274243 0.725422 0.431056 0.7120481 0.4274243 0.725422 0.4608791 0.6830748 0.431056 0.7120481 0.4091541 0.721952 0.4274243 0.725422 0.4091541 0.721952 0.4104895 0.732129 0.4274243 0.725422 0.4282235 0.729782 0.4274243 0.725422 0.4104895 0.732129 0.5507731 0.6897921 0.553029 0.6561552 0.5471312 0.6902474 0.5498626 0.6557506 0.5471312 0.6902474 0.553029 0.6561552 0.553029 0.6561552 0.5552951 0.6352851 0.5498626 0.6557506 0.5525435 0.6342229 0.5498626 0.6557506 0.5552951 0.6352851 0.571805 0.6564283 0.5684261 0.6902069 0.5747489 0.6559428 0.5716229 0.6926449 0.5747489 0.6559428 0.5684261 0.6902069 0.5747489 0.6559428 0.5763877 0.6366205 0.571805 0.6564283 0.5732719 0.6366407 0.571805 0.6564283 0.5763877 0.6366205 0.5498626 0.6557506 0.5525435 0.6342229 0.5381479 0.6553459 0.5410613 0.6324425 0.5381479 0.6553459 0.5525435 0.6342229 0.7404144 0.826444 0.7188463 0.8284976 0.74003 0.822367 0.7170961 0.8245117 0.74003 0.822367 0.7188463 0.8284976 0.6644911 0.83654 0.633181 0.8435709 0.6615574 0.8326756 0.6325638 0.8392007 0.6615574 0.8326756 0.633181 0.8435709 0.633181 0.8435709 0.6293671 0.8442386 0.6325638 0.8392007 0.6288714 0.8397065 0.6325638 0.8392007 0.6293671 0.8442386 0.6293671 0.8442386 0.6095289 0.8442284 0.6288714 0.8397065 0.6091344 0.8397065 0.6288714 0.8397065 0.6095289 0.8442284 0.6615574 0.8326756 0.6792104 0.8346989 0.6644911 0.83654 0.6615574 0.8326756 0.7170961 0.8245117 0.6792104 0.8346989 0.7157608 0.8286189 0.6792104 0.8346989 0.7170961 0.8245117 0.61571 0.87392 0.6291344 0.8740414 0.6191192 0.8782802 0.6291951 0.878442 0.6191192 0.8782802 0.6291344 0.8740414 0.6291344 0.8740414 0.6324627 0.8731714 0.6291951 0.878442 0.6331506 0.8775215 0.6291951 0.878442 0.6324627 0.8731714 0.6331506 0.8775215 0.6324627 0.8731714 0.6608998 0.8703085 0.6608796 0.8659685 0.6608998 0.8703085 0.6324627 0.8731714 0.6113498 0.9025089 0.61571 0.87392 0.6151839 0.9068487 0.6191192 0.8782802 0.6151839 0.9068487 0.61571 0.87392 0.6089017 0.9024988 0.6113498 0.9025089 0.6092052 0.907041 0.6151839 0.9068487 0.6092052 0.907041 0.6113498 0.9025089 0.5381479 0.6553459 0.5410613 0.6324425 0.5335449 0.654921 0.5367821 0.6317444 0.5335449 0.654921 0.5410613 0.6324425 0.4159321 0.9349824 0.4024672 0.9349824 0.4159321 0.919565 0.4001405 0.919565 0.4159321 0.919565 0.4024672 0.9349824 0.7357205 0.7749112 0.74003 0.822367 0.7127259 0.7769446 0.7170961 0.8245117 0.7127259 0.7769446 0.74003 0.822367 0.2556383 0.6855837 0.255699 0.6878801 0.2315412 0.6855432 0.231612 0.6878397 0.2315412 0.6855432 0.255699 0.6878801 0.2557192 0.6783404 0.2557192 0.6808088 0.2316322 0.6782999 0.2316322 0.6807683 0.2316322 0.6782999 0.2557192 0.6808088 0.2557192 0.6808088 0.2556383 0.6831153 0.2316322 0.6807683 0.2315513 0.6830648 0.2316322 0.6807683 0.2556383 0.6831153 0.2556383 0.6831153 0.2556383 0.6855837 0.2315513 0.6830648 0.2315412 0.6855432 0.2315513 0.6830648 0.2556383 0.6855837 0.2290829 0.6829838 0.2291638 0.6806874 0.2315513 0.6830648 0.2316322 0.6807683 0.2315513 0.6830648 0.2291638 0.6806874 0.4544754 0.6760541 0.4408689 0.6695088 0.4185724 0.7017699 0.4144956 0.6894886 0.4185724 0.7017699 0.4408689 0.6695088 0.4408689 0.6695088 0.4544754 0.6760541 0.4535548 0.6599893 0.4739696 0.6580571 0.4535548 0.6599893 0.4544754 0.6760541 0.4144956 0.6894886 0.3965289 0.7003941 0.4185724 0.7017699 0.3965289 0.7003941 0.4144956 0.6894886 0.3955072 0.6958012 0.3965795 0.7087097 0.4185724 0.7017699 0.3965289 0.7003941 0.4475356 0.6546984 0.4467061 0.6451385 0.4058259 0.6538082 0.4062608 0.6444303 0.4058259 0.6538082 0.4467061 0.6451385 0.4467061 0.6451385 0.4475356 0.6546984 0.4713191 0.6458062 0.48269 0.6556292 0.4713191 0.6458062 0.4475356 0.6546984 0.48269 0.6556292 0.4827608 0.6313499 0.4713191 0.6458062 0.4713293 0.6314612 0.4713191 0.6458062 0.4827608 0.6313499 0.4713293 0.6314612 0.4523914 0.6314713 0.4713191 0.6458062 0.4523914 0.6458062 0.4713191 0.6458062 0.4523914 0.6314713 0.4058259 0.6538082 0.4062608 0.6444303 0.3817286 0.653616 0.3851581 0.643965 0.3817286 0.653616 0.4062608 0.6444303 0.4076468 0.6314713 0.4076468 0.6443899 0.4384612 0.6314713 0.4384612 0.645098 0.4384612 0.6314713 0.4076468 0.6443899 0.4384612 0.6314713 0.4384612 0.645098 0.4523914 0.6314713 0.4523914 0.6458062 0.4523914 0.6314713 0.4384612 0.645098 0.4076468 0.6443899 0.4076468 0.6314713 0.3902163 0.641446 0.3902163 0.641446 0.3893564 0.6440662 0.4076468 0.6443899 0.3901961 0.6314713 0.3902163 0.641446 0.4076468 0.6314713 0.3330588 0.6187247 0.3329476 0.5860893 0.3425986 0.6256949 0.3425177 0.5860792 0.3425986 0.6256949 0.3329476 0.5860893 0.2904285 0.6187044 0.3330588 0.6187247 0.2904285 0.6299033 0.336812 0.6299437 0.2904285 0.6299033 0.3330588 0.6187247 0.2904285 0.5861095 0.2904285 0.6187044 0.2816778 0.5860994 0.2816778 0.6257049 0.2816778 0.5860994 0.2904285 0.6187044 0.3329476 0.5860893 0.2904285 0.5861095 0.3368019 0.5773285 0.2904285 0.5773588 0.3368019 0.5773285 0.2904285 0.5861095 0.6292356 0.9318261 0.6292154 0.9069499 0.6337576 0.9326859 0.6335755 0.906434 0.6337576 0.9326859 0.6292154 0.9069499 0.6292154 0.9069499 0.6292356 0.9318261 0.6276069 0.9313 0.6292154 0.9069499 0.6291951 0.878442 0.6335755 0.906434 0.6331506 0.8775215 0.6335755 0.906434 0.6291951 0.878442 0.6292154 0.9069499 0.6151839 0.9068487 0.6291951 0.878442 0.6191192 0.8782802 0.6291951 0.878442 0.6151839 0.9068487 0.6151839 0.9068487 0.6292154 0.9069499 0.6220327 0.9283461 0.6252295 0.9283561 0.6220327 0.9283461 0.6292154 0.9069499 0.6276069 0.9313 0.6252295 0.9283561 0.6292154 0.9069499 0.6335755 0.906434 0.6331506 0.8775215 0.659443 0.8877187 0.6608998 0.8703085 0.659443 0.8877187 0.6331506 0.8775215 0.6399488 0.9322206 0.6337576 0.9326859 0.6335755 0.906434 0.6442786 0.9275873 0.6399488 0.9322206 0.6335755 0.906434 0.6502776 0.9145979 0.6442786 0.9275873 0.6335755 0.906434 0.659443 0.8877187 0.6502776 0.9145979 0.6335755 0.906434 0.6220327 0.9283461 0.6092254 0.9283561 0.6151839 0.9068487 0.6092052 0.907041 0.6151839 0.9068487 0.6092254 0.9283561 0.4001 0.9905111 0.4024369 0.9770361 0.4159321 0.9905111 0.4159321 0.9770361 0.4159321 0.9905111 0.4024369 0.9770361 0.4024672 0.9349824 0.4024369 0.9770361 0.3881728 0.9287406 0.3887596 0.9774812 0.3881728 0.9287406 0.4024369 0.9770361 0.6229432 0.8306827 0.6229938 0.7874048 0.6288714 0.8397065 0.6300044 0.7767726 0.6288714 0.8397065 0.6229938 0.7874048 0.6300044 0.7767726 0.6229938 0.7874048 0.6089725 0.7767726 0.6089725 0.7874048 0.6089725 0.7767726 0.6229938 0.7874048 0.6300044 0.7767726 0.6343747 0.7766715 0.6288714 0.8397065 0.6325638 0.8392007 0.6288714 0.8397065 0.6343747 0.7766715 0.6325638 0.8392007 0.6343747 0.7766715 0.6601917 0.8239856 0.6595442 0.7830953 0.6601917 0.8239856 0.6343747 0.7766715 0.6343747 0.7766715 0.7127259 0.7769446 0.6595442 0.7830953 0.6947593 0.7836518 0.6595442 0.7830953 0.7127259 0.7769446 0.7127259 0.7769446 0.7170961 0.8245117 0.6947593 0.7836518 0.6953055 0.8247343 0.6947593 0.7836518 0.7170961 0.8245117 0.6601917 0.8239856 0.6615574 0.8326756 0.6325638 0.8392007 0.7170961 0.8245117 0.6615574 0.8326756 0.6953055 0.8247343 0.6601917 0.8239856 0.6953055 0.8247343 0.6615574 0.8326756 0.6229432 0.8306827 0.6288714 0.8397065 0.6089523 0.8306827 0.6091344 0.8397065 0.6089523 0.8306827 0.6288714 0.8397065 0.3329476 0.5860893 0.3330588 0.6187247 0.2904285 0.5861095 0.2904285 0.6187044 0.2904285 0.5861095 0.3330588 0.6187247 0.4024672 0.9349824 0.4159321 0.9349824 0.4024369 0.9770361 0.4159321 0.9770361 0.4024369 0.9770361 0.4159321 0.9349824 0.5335449 0.654921 0.5334033 0.6312386 0.48269 0.6556292 0.4827608 0.6313499 0.48269 0.6556292 0.5334033 0.6312386 0.7127259 0.7769446 0.6343747 0.7766715 0.7048048 0.7695293 0.641881 0.7694281 0.7048048 0.7695293 0.6343747 0.7766715 0.641881 0.7694281 0.6343747 0.7766715 0.6384819 0.7664337 0.6307732 0.7745976 0.6384819 0.7664337 0.6343747 0.7766715 0.6307732 0.7745976 0.6308036 0.7536163 0.6384819 0.7664337 0.6384819 0.7536163 0.6384819 0.7664337 0.6308036 0.7536163 0.704815 0.7538186 0.7127158 0.7538186 0.7048048 0.7695293 0.7127259 0.7769446 0.7048048 0.7695293 0.7127158 0.7538186 0.61571 0.87392 0.6095289 0.8442284 0.6293671 0.8442386 0.61571 0.87392 0.6095795 0.873748 0.6095289 0.8442284 0.61571 0.87392 0.6113498 0.9025089 0.6095795 0.873748 0.6089017 0.9024988 0.6095795 0.873748 0.6113498 0.9025089 0.6291344 0.8740414 0.61571 0.87392 0.6293671 0.8442386 0.6291344 0.8740414 0.6293671 0.8442386 0.6324627 0.8731714 0.633181 0.8435709 0.6324627 0.8731714 0.6293671 0.8442386 0.6324627 0.8731714 0.633181 0.8435709 0.6608796 0.8659685 0.663611 0.8420029 0.6608796 0.8659685 0.633181 0.8435709 0.6643394 0.8377034 0.663611 0.8420029 0.633181 0.8435709 0.6643394 0.8377034 0.633181 0.8435709 0.6644911 0.83654 0.6644911 0.83654 0.6792104 0.8346989 0.6643394 0.8377034 0.6790384 0.8383914 0.6643394 0.8377034 0.6792104 0.8346989 0.3068676 0.6866864 0.3452895 0.6866864 0.3069485 0.689873 0.3453705 0.689873 0.3069485 0.689873 0.3452895 0.6866864 0.3068676 0.6832671 0.3452895 0.6832671 0.3068676 0.6866864 0.3452895 0.6866864 0.3068676 0.6866864 0.3452895 0.6832671 0.3069485 0.6800804 0.3453705 0.6800804 0.3068676 0.6832671 0.3452895 0.6832671 0.3068676 0.6832671 0.3453705 0.6800804 0.3069485 0.689873 0.3453705 0.689873 0.3069485 0.6933025 0.3453705 0.6933025 0.3069485 0.6933025 0.3453705 0.689873 0.3034483 0.6867774 0.3068676 0.6866864 0.3035292 0.6899641 0.3069485 0.689873 0.3035292 0.6899641 0.3068676 0.6866864 0.2872722 0.7058873 0.3256941 0.7058873 0.2873531 0.709074 0.3257751 0.709074 0.2873531 0.709074 0.3256941 0.7058873 0.2872722 0.7024578 0.3256941 0.7024578 0.2872722 0.7058873 0.3256941 0.7058873 0.2872722 0.7058873 0.3256941 0.7024578 0.2873531 0.6992711 0.3257751 0.6992711 0.2872722 0.7024578 0.3256941 0.7024578 0.2872722 0.7024578 0.3257751 0.6992711 0.2873531 0.709074 0.3257751 0.709074 0.2873531 0.7124932 0.3257751 0.7124932 0.2873531 0.7124932 0.3257751 0.709074 0.2838427 0.7059783 0.2872722 0.7058873 0.2839338 0.7091649 0.2873531 0.709074 0.2839338 0.7091649 0.2872722 0.7058873 0.4456236 0.7164993 0.4496499 0.7164083 0.4459878 0.7617194 0.4500141 0.7616082 0.4459878 0.7617194 0.4496499 0.7164083 0.4892858 0.7585631 0.4889216 0.7545672 0.5168529 0.7557508 0.517116 0.7518054 0.5168529 0.7557508 0.4889216 0.7545672 0.4889216 0.7545672 0.4892858 0.7585631 0.4500141 0.7616082 0.4509853 0.7654625 0.4500141 0.7616082 0.4892858 0.7585631 0.5211422 0.7516536 0.517116 0.7518054 0.5201002 0.723692 0.5160841 0.7239146 0.5201002 0.723692 0.517116 0.7518054 0.487819 0.7168534 0.4875053 0.7208595 0.4505199 0.7125337 0.4496499 0.7164083 0.4505199 0.7125337 0.4875053 0.7208595 0.4875053 0.7208595 0.487819 0.7168534 0.5160841 0.7239146 0.5158412 0.7199591 0.5160841 0.7239146 0.487819 0.7168534 0.1932811 0.6993724 0.1949199 0.6982291 0.1860175 0.7368231 0.1891738 0.7373896 0.1860175 0.7368231 0.1949199 0.6982291 0.1860175 0.7368231 0.1891738 0.7373896 0.1799173 0.7632369 0.1814652 0.7649769 0.1799173 0.7632369 0.1891738 0.7373896 0.4875053 0.7208595 0.4889216 0.7545672 0.4496499 0.7164083 0.4500141 0.7616082 0.4496499 0.7164083 0.4889216 0.7545672 0.4875053 0.7208595 0.5160841 0.7239146 0.4889216 0.7545672 0.517116 0.7518054 0.4889216 0.7545672 0.5160841 0.7239146 0.1421934 0.6335654 0.1421934 0.6512589 0.1384909 0.6335654 0.1384706 0.6512589 0.1384909 0.6335654 0.1421934 0.6512589 0.093382 0.6515725 0.09328085 0.6333327 0.09691262 0.6513803 0.09682154 0.6334743 0.09691262 0.6513803 0.09328085 0.6333327 0.09682154 0.6334743 0.1052991 0.6335452 0.09691262 0.6513803 0.1052991 0.6512285 0.09691262 0.6513803 0.1052991 0.6335452 0.1384706 0.6512589 0.1300538 0.6512285 0.1384909 0.6335654 0.1300336 0.6335452 0.1384909 0.6335654 0.1300538 0.6512285 0.03814667 0.6335654 0.09328085 0.6333327 0.03824782 0.6519164 0.093382 0.6515725 0.03824782 0.6519164 0.09328085 0.6333327 0.03814667 0.6335654 0.03824782 0.6519164 0.02131301 0.6353863 0.02136361 0.6520075 0.02131301 0.6353863 0.03824782 0.6519164 0.02131301 0.6353863 0.01769137 0.6336665 0.03814667 0.6335654 0.2467257 0.9878809 0.2391891 0.9776835 0.2664123 0.9730098 0.260039 0.9650179 0.2664123 0.9730098 0.2391891 0.9776835 0.260039 0.9650179 0.2720976 0.956945 0.2664123 0.9730098 0.277864 0.9633588 0.2664123 0.9730098 0.2720976 0.956945 0.277864 0.9633588 0.2720976 0.956945 0.2917133 0.9499647 0.2874138 0.9455337 0.2917133 0.9499647 0.2720976 0.956945 0.2467257 0.9878809 0.23492 0.9963786 0.2391891 0.9776835 0.2267662 0.9850685 0.2391891 0.9776835 0.23492 0.9963786 0.260039 0.9650179 0.2391891 0.9776835 0.2579752 0.9632172 0.2367309 0.9754782 0.2579752 0.9632172 0.2391891 0.9776835 0.2391891 0.9776835 0.2267662 0.9850685 0.2367309 0.9754782 0.2874138 0.9455337 0.2720976 0.956945 0.2861392 0.9442388 0.2703374 0.9552454 0.2861392 0.9442388 0.2720976 0.956945 0.2579752 0.9632172 0.2703374 0.9552454 0.260039 0.9650179 0.2720976 0.956945 0.260039 0.9650179 0.2703374 0.9552454 0.2240449 0.9824787 0.2367309 0.9754782 0.2267662 0.9850685 0.0124005 0.6755584 0.01222854 0.6718356 0.02668482 0.6748705 0.02650272 0.6709453 0.02668482 0.6748705 0.01222854 0.6718356 0.02668482 0.6748705 0.02650272 0.6709453 0.0302053 0.6735958 0.03006368 0.6707228 0.0302053 0.6735958 0.02650272 0.6709453 0.2563161 0.9596764 0.2579752 0.9632172 0.2355574 0.9715429 0.2367309 0.9754782 0.2355574 0.9715429 0.2579752 0.9632172 0.2563161 0.9596764 0.2685873 0.9518363 0.2579752 0.9632172 0.2703374 0.9552454 0.2579752 0.9632172 0.2685873 0.9518363 0.2703374 0.9552454 0.2685873 0.9518363 0.2861392 0.9442388 0.2836809 0.9415883 0.2861392 0.9442388 0.2685873 0.9518363 0.2355574 0.9715429 0.2367309 0.9754782 0.2230232 0.978159 0.2240449 0.9824787 0.2230232 0.978159 0.2367309 0.9754782 0.0342822 0.6708138 0.03450477 0.6724021 0.03006368 0.6707228 0.0302053 0.6735958 0.03006368 0.6707228 0.03450477 0.6724021 0.5684261 0.6902069 0.5680316 0.6940208 0.5643189 0.6901259 0.5640963 0.6938892 0.5643189 0.6901259 0.5680316 0.6940208 0.553029 0.6561552 0.5552951 0.6352851 0.5670604 0.657096 0.5686689 0.6366913 0.5670604 0.657096 0.5552951 0.6352851 0.5686689 0.6366913 0.5732719 0.6366407 0.5670604 0.657096 0.571805 0.6564283 0.5670604 0.657096 0.5732719 0.6366407 0.5507731 0.6897921 0.553029 0.6561552 0.5643189 0.6901259 0.5670604 0.657096 0.5643189 0.6901259 0.553029 0.6561552 0.5670604 0.657096 0.571805 0.6564283 0.5643189 0.6901259 0.5684261 0.6902069 0.5643189 0.6901259 0.571805 0.6564283 0.5381479 0.6553459 0.536074 0.6901867 0.5335449 0.654921 0.5315824 0.6902474 0.5335449 0.654921 0.536074 0.6901867 0.536074 0.6901867 0.5381479 0.6553459 0.5471312 0.6902474 0.5498626 0.6557506 0.5471312 0.6902474 0.5381479 0.6553459 0.5315824 0.6902474 0.5090532 0.6893369 0.5335449 0.654921 0.5090532 0.6893369 0.480869 0.6778447 0.5335449 0.654921 0.48269 0.6556292 0.5335449 0.654921 0.480869 0.6778447 0.480869 0.6778447 0.4778442 0.6785731 0.48269 0.6556292 0.48269 0.6556292 0.4778442 0.6785731 0.4608791 0.6830748 0.4778442 0.6785731 0.4274243 0.725422 0.4608791 0.6830748 0.431056 0.7120481 0.4608791 0.6830748 0.4274243 0.725422 0.4091541 0.721952 0.431056 0.7120481 0.4274243 0.725422 0.4091541 0.721952 0.4274243 0.725422 0.4104895 0.732129 0.4282235 0.729782 0.4104895 0.732129 0.4274243 0.725422 0.5498626 0.6557506 0.553029 0.6561552 0.5471312 0.6902474 0.5507731 0.6897921 0.5471312 0.6902474 0.553029 0.6561552 0.553029 0.6561552 0.5498626 0.6557506 0.5552951 0.6352851 0.5525435 0.6342229 0.5552951 0.6352851 0.5498626 0.6557506 0.5716229 0.6926449 0.5684261 0.6902069 0.5747489 0.6559428 0.571805 0.6564283 0.5747489 0.6559428 0.5684261 0.6902069 0.5747489 0.6559428 0.571805 0.6564283 0.5763877 0.6366205 0.5732719 0.6366407 0.5763877 0.6366205 0.571805 0.6564283 0.5410613 0.6324425 0.5525435 0.6342229 0.5381479 0.6553459 0.5498626 0.6557506 0.5381479 0.6553459 0.5525435 0.6342229 0.7041573 0.8792412 0.7001411 0.8775619 0.7059075 0.856277 0.7018306 0.8559635 0.7059075 0.856277 0.7001411 0.8775619 0.6895595 0.9641781 0.6852297 0.9636622 0.6952145 0.9348509 0.6911173 0.9320183 0.6952145 0.9348509 0.6852297 0.9636622 0.6852297 0.9636622 0.6895595 0.9641781 0.6847542 0.9676278 0.6892661 0.9680831 0.6847542 0.9676278 0.6895595 0.9641781 0.6847542 0.9676278 0.6892661 0.9680831 0.6856343 0.9875167 0.6899135 0.9877797 0.6856343 0.9875167 0.6892661 0.9680831 0.6934947 0.9172686 0.6952145 0.9348509 0.6911173 0.9320183 0.6952145 0.9348509 0.6934947 0.9172686 0.7041573 0.8792412 0.6997871 0.8806575 0.7041573 0.8792412 0.6934947 0.9172686 0.6505406 0.9696208 0.6549918 0.9694489 0.65136 0.9796866 0.6558416 0.9827923 0.65136 0.9796866 0.6549918 0.9694489 0.6549918 0.9694489 0.6505406 0.9696208 0.6556898 0.9661205 0.6512589 0.9657058 0.6556898 0.9661205 0.6505406 0.9696208 0.6512589 0.9657058 0.6565194 0.9375823 0.6556898 0.9661205 0.6611021 0.9373192 0.6556898 0.9661205 0.6565194 0.9375823 0.65136 0.9796866 0.6558416 0.9827923 0.6232163 0.9860801 0.6277586 0.9895298 0.6232163 0.9860801 0.6558416 0.9827923 0.6232163 0.9860801 0.6277586 0.9895298 0.6234086 0.9920488 0.6279407 0.9919881 0.6234086 0.9920488 0.6277586 0.9895298 0.5367821 0.6317444 0.5410613 0.6324425 0.5335449 0.654921 0.5381479 0.6553459 0.5335449 0.654921 0.5410613 0.6324425 0.4523914 0.6458062 0.4523914 0.6314713 0.4713191 0.6458062 0.4713293 0.6314612 0.4713191 0.6458062 0.4523914 0.6314713 0.283165 0.9770259 0.2985924 0.9793528 0.283165 0.9928176 0.2985924 0.9928176 0.283165 0.9928176 0.2985924 0.9793528 0.7041573 0.8792412 0.7059075 0.856277 0.751765 0.8828426 0.7534341 0.8598279 0.751765 0.8828426 0.7059075 0.856277 0.1987237 0.6636312 0.2228006 0.6643798 0.1985821 0.6659276 0.222659 0.6666762 0.1985821 0.6659276 0.2228006 0.6643798 0.1988046 0.6611628 0.2228816 0.6619114 0.1987237 0.6636312 0.2228006 0.6643798 0.1987237 0.6636312 0.2228816 0.6619114 0.1988046 0.6588563 0.2228816 0.659615 0.1988046 0.6611628 0.2228816 0.6619114 0.1988046 0.6611628 0.2228816 0.659615 0.1988754 0.6563879 0.2229524 0.6571466 0.1988046 0.6588563 0.2228816 0.659615 0.1988046 0.6588563 0.2229524 0.6571466 0.1988046 0.6611628 0.1963362 0.6611628 0.1988046 0.6588563 0.1963362 0.6588563 0.1988046 0.6588563 0.1963362 0.6611628 0.4144956 0.6894886 0.4408689 0.6695088 0.4185724 0.7017699 0.4544754 0.6760541 0.4185724 0.7017699 0.4408689 0.6695088 0.4408689 0.6695088 0.4535548 0.6599893 0.4544754 0.6760541 0.4739696 0.6580571 0.4544754 0.6760541 0.4535548 0.6599893 0.4144956 0.6894886 0.4185724 0.7017699 0.3965289 0.7003941 0.4144956 0.6894886 0.3965289 0.7003941 0.3955072 0.6958012 0.3965795 0.7087097 0.3965289 0.7003941 0.4185724 0.7017699 0.4062608 0.6444303 0.4467061 0.6451385 0.4058259 0.6538082 0.4475356 0.6546984 0.4058259 0.6538082 0.4467061 0.6451385 0.4467061 0.6451385 0.4713191 0.6458062 0.4475356 0.6546984 0.48269 0.6556292 0.4475356 0.6546984 0.4713191 0.6458062 0.48269 0.6556292 0.4713191 0.6458062 0.4827608 0.6313499 0.4713293 0.6314612 0.4827608 0.6313499 0.4713191 0.6458062 0.4058259 0.6538082 0.3817286 0.653616 0.4062608 0.6444303 0.3851581 0.643965 0.4062608 0.6444303 0.3817286 0.653616 0.4076468 0.6314713 0.4384612 0.6314713 0.4076468 0.6443899 0.4384612 0.645098 0.4076468 0.6443899 0.4384612 0.6314713 0.4384612 0.6314713 0.4523914 0.6314713 0.4384612 0.645098 0.4523914 0.6458062 0.4384612 0.645098 0.4523914 0.6314713 0.4076468 0.6443899 0.3902163 0.641446 0.4076468 0.6314713 0.3893564 0.6440662 0.3902163 0.641446 0.4076468 0.6443899 0.3901961 0.6314713 0.4076468 0.6314713 0.3902163 0.641446 0.7171771 0.7249566 0.7264437 0.7249768 0.7170961 0.7633078 0.7263324 0.7565601 0.7170961 0.7633078 0.7264437 0.7249768 0.7226905 0.7674049 0.7263324 0.7565601 0.767597 0.7674049 0.7676072 0.7565601 0.767597 0.7674049 0.7263324 0.7565601 0.7760847 0.7633279 0.7676072 0.7565601 0.7760847 0.7249768 0.7676072 0.7249768 0.7760847 0.7249768 0.7676072 0.7565601 0.767597 0.7164993 0.7676072 0.7249768 0.7227007 0.7164993 0.7264437 0.7249768 0.7227007 0.7164993 0.7676072 0.7249768 0.6223767 0.9676481 0.6221238 0.9720994 0.5961348 0.9691858 0.5972982 0.9736775 0.5961348 0.9691858 0.6221238 0.9720994 0.5972982 0.9736775 0.6221238 0.9720994 0.5979356 0.9752657 0.6221238 0.9720994 0.6223767 0.9676481 0.6505406 0.9696208 0.6512589 0.9657058 0.6505406 0.9696208 0.6223767 0.9676481 0.6221238 0.9720994 0.6505406 0.9696208 0.6232163 0.9860801 0.65136 0.9796866 0.6232163 0.9860801 0.6505406 0.9696208 0.6232163 0.9860801 0.6012942 0.9806578 0.6221238 0.9720994 0.6010514 0.9774812 0.6221238 0.9720994 0.6012942 0.9806578 0.6010514 0.9774812 0.5979356 0.9752657 0.6221238 0.9720994 0.6223767 0.9676481 0.6391799 0.9404047 0.6512589 0.9657058 0.6565194 0.9375823 0.6512589 0.9657058 0.6391799 0.9404047 0.5961348 0.9691858 0.5962057 0.9629137 0.6223767 0.9676481 0.5962057 0.9629137 0.6005658 0.9583208 0.6223767 0.9676481 0.6005658 0.9583208 0.6131101 0.9515328 0.6223767 0.9676481 0.6131101 0.9515328 0.6391799 0.9404047 0.6223767 0.9676481 0.6012942 0.9806578 0.6232163 0.9860801 0.6021439 0.9934145 0.6234086 0.9920488 0.6021439 0.9934145 0.6232163 0.9860801 0.3406461 0.9928176 0.3406461 0.9793122 0.3542425 0.9928074 0.3542425 0.9769855 0.3542425 0.9928074 0.3406461 0.9793122 0.3411013 0.9655237 0.3406461 0.9793122 0.2923405 0.9650583 0.2985924 0.9793528 0.2923405 0.9650583 0.3406461 0.9793122 0.7520685 0.9647447 0.7417397 0.9720994 0.6892661 0.9680831 0.6984922 0.9737483 0.6892661 0.9680831 0.7417397 0.9720994 0.7520685 0.9647447 0.752898 0.9857362 0.7417397 0.9720994 0.7422758 0.9861408 0.7417397 0.9720994 0.752898 0.9857362 0.7520685 0.9647447 0.6892661 0.9680831 0.7518964 0.9610218 0.6984922 0.9737483 0.6988968 0.9877291 0.6892661 0.9680831 0.6899135 0.9877797 0.6892661 0.9680831 0.6988968 0.9877291 0.6895595 0.9641781 0.7518964 0.9610218 0.6892661 0.9680831 0.6895595 0.9641781 0.7040258 0.9361559 0.7518964 0.9610218 0.7452196 0.9360244 0.7518964 0.9610218 0.7040258 0.9361559 0.7518964 0.9610218 0.7452196 0.9360244 0.751765 0.8828426 0.7451488 0.9008802 0.751765 0.8828426 0.7452196 0.9360244 0.751765 0.8828426 0.7451488 0.9008802 0.7041573 0.8792412 0.703955 0.9009914 0.7041573 0.8792412 0.7451488 0.9008802 0.6952145 0.9348509 0.7040258 0.9361559 0.6895595 0.9641781 0.7040258 0.9361559 0.6952145 0.9348509 0.703955 0.9009914 0.7041573 0.8792412 0.703955 0.9009914 0.6952145 0.9348509 0.7676072 0.7565601 0.7263324 0.7565601 0.7676072 0.7249768 0.7264437 0.7249768 0.7676072 0.7249768 0.7263324 0.7565601 0.3406461 0.9928176 0.2985924 0.9928176 0.3406461 0.9793122 0.2985924 0.9793528 0.3406461 0.9793122 0.2985924 0.9928176 0.4827608 0.6313499 0.5334033 0.6312386 0.48269 0.6556292 0.5335449 0.654921 0.48269 0.6556292 0.5334033 0.6312386 0.7592308 0.9535763 0.7518964 0.9610218 0.7590589 0.8907233 0.751765 0.8828426 0.7590589 0.8907233 0.7518964 0.9610218 0.751765 0.8828426 0.7748606 0.8829842 0.7590589 0.8907233 0.7747999 0.8908852 0.7590589 0.8907233 0.7748606 0.8829842 0.7518964 0.9610218 0.7592308 0.9535763 0.7539501 0.9645323 0.7621645 0.9569653 0.7539501 0.9645323 0.7592308 0.9535763 0.7539501 0.9645323 0.7621645 0.9569653 0.7749516 0.964593 0.774982 0.9570158 0.7749516 0.964593 0.7621645 0.9569653 0.6558416 0.9827923 0.6549918 0.9694489 0.6847542 0.9676278 0.6549918 0.9694489 0.6556898 0.9661205 0.6847542 0.9676278 0.6852297 0.9636622 0.6847542 0.9676278 0.6556898 0.9661205 0.6556898 0.9661205 0.6611021 0.9373192 0.6852297 0.9636622 0.6851689 0.9331513 0.6852297 0.9636622 0.6611021 0.9373192 0.6898022 0.9321801 0.6852297 0.9636622 0.6851689 0.9331513 0.6852297 0.9636622 0.6898022 0.9321801 0.6911173 0.9320183 0.6911173 0.9320183 0.6898022 0.9321801 0.6934947 0.9172686 0.6897921 0.9173799 0.6934947 0.9172686 0.6898022 0.9321801 0.6856343 0.9875167 0.6558416 0.9827923 0.6847542 0.9676278 0.6563879 0.9888824 0.6558416 0.9827923 0.6856343 0.9875167 0.6558416 0.9827923 0.6563879 0.9888824 0.6277586 0.9895298 0.6279407 0.9919881 0.6277586 0.9895298 0.6563879 0.9888824 0.1245708 0.8445218 0.1236703 0.8401011 0.1484656 0.84262 0.1484858 0.8378147 0.1484656 0.84262 0.1236703 0.8401011 0.1245708 0.8445218 0.1089005 0.8496609 0.1236703 0.8401011 0.1073628 0.8457054 0.1236703 0.8401011 0.1089005 0.8496609 0.1484858 0.8378147 0.173281 0.8402932 0.1484656 0.84262 0.1723402 0.8447141 0.1484656 0.84262 0.173281 0.8402932 0.1723402 0.8447141 0.173281 0.8402932 0.18797 0.8499644 0.1895481 0.8460292 0.18797 0.8499644 0.173281 0.8402932 0.1490625 0.6934846 0.1047933 0.6990182 0.1490726 0.6900956 0.1031544 0.6978649 0.1490726 0.6900956 0.1047933 0.6990182 0.1490625 0.6934846 0.1490726 0.6900956 0.1932811 0.6993724 0.1949199 0.6982291 0.1932811 0.6993724 0.1490726 0.6900956 0.1489107 0.7318863 0.1487994 0.7591802 0.1117533 0.7365298 0.117641 0.7629941 0.1117533 0.7365298 0.1487994 0.7591802 0.1117533 0.7365298 0.1047933 0.6990182 0.1489107 0.7318863 0.1490625 0.6934846 0.1489107 0.7318863 0.1047933 0.6990182 0.1489107 0.7318863 0.1860175 0.7368231 0.1487994 0.7591802 0.1799173 0.7632369 0.1487994 0.7591802 0.1860175 0.7368231 0.1860175 0.7368231 0.1489107 0.7318863 0.1932811 0.6993724 0.1490625 0.6934846 0.1932811 0.6993724 0.1489107 0.7318863 0.1484858 0.8378147 0.1236703 0.8401011 0.148759 0.7692156 0.1079192 0.7729992 0.148759 0.7692156 0.1236703 0.8401011 0.1079192 0.7729992 0.1236703 0.8401011 0.06726151 0.7878905 0.1073628 0.8457054 0.06726151 0.7878905 0.1236703 0.8401011 0.1484858 0.8378147 0.148759 0.7692156 0.173281 0.8402932 0.1895583 0.7733127 0.173281 0.8402932 0.148759 0.7692156 0.1895583 0.7733127 0.2300945 0.7885278 0.173281 0.8402932 0.1895481 0.8460292 0.173281 0.8402932 0.2300945 0.7885278 0.1943534 0.6512589 0.1943534 0.6335654 0.2465234 0.6513702 0.2465234 0.6334642 0.2465234 0.6513702 0.1943534 0.6335654 0.1943534 0.6512589 0.1421934 0.6512589 0.1943534 0.6335654 0.1421934 0.6335654 0.1943534 0.6335654 0.1421934 0.6512589 0.2598467 0.6883354 0.2603121 0.6852297 0.2976213 0.6890435 0.2974492 0.6859378 0.2976213 0.6890435 0.2603121 0.6852297 0.2603121 0.6852297 0.2601705 0.6815675 0.2974492 0.6859378 0.2977325 0.6822858 0.2974492 0.6859378 0.2601705 0.6815675 0.2601705 0.6815675 0.2597152 0.6783708 0.2977325 0.6822858 0.2981372 0.6791092 0.2977325 0.6822858 0.2597152 0.6783708 0.2596748 0.6917142 0.2598467 0.6883354 0.2976617 0.6924527 0.2976213 0.6890435 0.2976617 0.6924527 0.2598467 0.6883354 0.2976213 0.6890435 0.3004538 0.6889929 0.2976617 0.6924527 0.3004943 0.6924325 0.2976617 0.6924527 0.3004538 0.6889929 0.363853 0.6693975 0.363762 0.6725842 0.3254311 0.6693975 0.3253401 0.6725842 0.3254311 0.6693975 0.363762 0.6725842 0.363762 0.6725842 0.363762 0.6760035 0.3253401 0.6725842 0.3253401 0.6760035 0.3253401 0.6725842 0.363762 0.6760035 0.363762 0.6627814 0.363853 0.6659782 0.3253401 0.6627814 0.3254311 0.6659782 0.3253401 0.6627814 0.363853 0.6659782 0.363853 0.6659782 0.363853 0.6693975 0.3254311 0.6659782 0.3254311 0.6693975 0.3254311 0.6659782 0.363853 0.6693975 0.3254311 0.6693975 0.3253401 0.6725842 0.3220118 0.6693065 0.3219208 0.6724932 0.3220118 0.6693065 0.3253401 0.6725842 0.6016786 0.7544863 0.6016685 0.7092864 0.6057049 0.7545672 0.6056948 0.7093369 0.6057049 0.7545672 0.6016685 0.7092864 0.534506 0.74525 0.5627104 0.7477791 0.5347993 0.7491853 0.5623866 0.7517751 0.5347993 0.7491853 0.5627104 0.7477791 0.5627104 0.7477791 0.6016786 0.7544863 0.5623866 0.7517751 0.6007479 0.7583507 0.5623866 0.7517751 0.6016786 0.7544863 0.5353051 0.7173491 0.534506 0.74525 0.5312788 0.717167 0.5304797 0.7451286 0.5312788 0.717167 0.534506 0.74525 0.6016685 0.7092864 0.5638535 0.7140512 0.6007681 0.7054219 0.5634995 0.7100552 0.6007681 0.7054219 0.5638535 0.7140512 0.5638535 0.7140512 0.5353051 0.7173491 0.5634995 0.7100552 0.5355176 0.7133936 0.5634995 0.7100552 0.5353051 0.7173491 0.108597 0.737076 0.1031544 0.6978649 0.1117533 0.7365298 0.1117533 0.7365298 0.117641 0.7629941 0.108597 0.737076 0.1160831 0.7647139 0.108597 0.737076 0.117641 0.7629941 0.1047933 0.6990182 0.1117533 0.7365298 0.1031544 0.6978649 0.1160831 0.7647139 0.117641 0.7629941 0.1487792 0.7627918 0.1487994 0.7591802 0.1487792 0.7627918 0.117641 0.7629941 0.1487994 0.7591802 0.1799173 0.7632369 0.1487792 0.7627918 0.1814652 0.7649769 0.1487792 0.7627918 0.1799173 0.7632369 0.6016786 0.7544863 0.5627104 0.7477791 0.6016685 0.7092864 0.5638535 0.7140512 0.6016685 0.7092864 0.5627104 0.7477791 0.5638535 0.7140512 0.5627104 0.7477791 0.5353051 0.7173491 0.534506 0.74525 0.5353051 0.7173491 0.5627104 0.7477791 0.2502362 0.6515321 0.2465234 0.6513702 0.2502362 0.6332923 0.2465234 0.6334642 0.2502362 0.6332923 0.2465234 0.6513702 0.2886379 0.633272 0.2922494 0.6332923 0.2884659 0.6518052 0.2920775 0.6518456 0.2884659 0.6518052 0.2922494 0.6332923 0.2807168 0.6517141 0.2808079 0.6332214 0.2884659 0.6518052 0.2886379 0.633272 0.2884659 0.6518052 0.2808079 0.6332214 0.2579954 0.6332113 0.2579145 0.6516231 0.2502362 0.6332923 0.2502362 0.6515321 0.2502362 0.6332923 0.2579145 0.6516231 0.2920775 0.6518456 0.2922494 0.6332923 0.3478389 0.6523717 0.3480108 0.6338082 0.3478389 0.6523717 0.2922494 0.6332923 0.3480108 0.6338082 0.3650265 0.6357303 0.3478389 0.6523717 0.3649153 0.6525335 0.3478389 0.6523717 0.3650265 0.6357303 0.3686988 0.6340004 0.3650265 0.6357303 0.3480108 0.6338082 0.08290141 0.7454119 0.09713518 0.7403335 0.1068772 0.7697013 0.1068772 0.7697013 0.09713518 0.7403335 0.108597 0.737076 0.1160831 0.7647139 0.1068772 0.7697013 0.108597 0.737076 0.1068772 0.7697013 0.1160831 0.7647139 0.1487691 0.7664337 0.1487792 0.7627918 0.1487691 0.7664337 0.1160831 0.7647139 0.09332126 0.7709557 0.08290141 0.7454119 0.1068772 0.7697013 0.1068772 0.7697013 0.0650258 0.7853108 0.09332126 0.7709557 0.1068772 0.7697013 0.1079192 0.7729992 0.0650258 0.7853108 0.1068772 0.7697013 0.1487691 0.7664337 0.1079192 0.7729992 0.06726151 0.7878905 0.0650258 0.7853108 0.1079192 0.7729992 0.06705921 0.7798479 0.09332126 0.7709557 0.0650258 0.7853108 0.0650258 0.7853108 0.04757511 0.7586846 0.06705921 0.7798479 0.04385226 0.7621544 0.04757511 0.7586846 0.0650258 0.7853108 0.04757511 0.7586846 0.04385226 0.7621544 0.02336663 0.7241574 0.02769643 0.7458671 0.02336663 0.7241574 0.04385226 0.7621544 0.04757511 0.7586846 0.02336663 0.7241574 0.05091351 0.7564285 0.05091351 0.7564285 0.06705921 0.7798479 0.04757511 0.7586846 0.02919369 0.7257963 0.05091351 0.7564285 0.02336663 0.7241574 0.02336663 0.7241574 0.07305818 0.7025995 0.02919369 0.7257963 0.02336663 0.7241574 0.07114624 0.6945266 0.07305818 0.7025995 0.0679292 0.6928675 0.07114624 0.6945266 0.02336663 0.7241574 0.01685172 0.7136061 0.0679292 0.6928675 0.02336663 0.7241574 0.07049876 0.7082646 0.02919369 0.7257963 0.07305818 0.7025995 0.07049876 0.7082646 0.07305818 0.7025995 0.08290141 0.7454119 0.01685172 0.7136061 0.02336663 0.7241574 0.01540505 0.7358215 0.02325534 0.7441068 0.02336663 0.7241574 0.02769643 0.7458671 0.01540505 0.7358215 0.02336663 0.7241574 0.02325534 0.7441068 0.01181375 0.7368332 0.01685172 0.7136061 0.01540505 0.7358215 0.002365052 0.7264032 0.01685172 0.7136061 0.01181375 0.7368332 0.08290141 0.7454119 0.07712501 0.7018103 0.09713518 0.7403335 0.09713518 0.7403335 0.07712501 0.7018103 0.09456562 0.6965701 0.108597 0.737076 0.09713518 0.7403335 0.09456562 0.6965701 0.1031544 0.6978649 0.108597 0.737076 0.09884482 0.6946176 0.09884482 0.6946176 0.1490827 0.6864638 0.1031544 0.6978649 0.09884482 0.6946176 0.09838956 0.6834998 0.1490827 0.6864638 0.09652817 0.6866156 0.09838956 0.6834998 0.09884482 0.6946176 0.1490827 0.6864638 0.09838956 0.6834998 0.1491333 0.6749514 0.1490726 0.6900956 0.1031544 0.6978649 0.1490827 0.6864638 0.199796 0.6839044 0.1490827 0.6864638 0.1491333 0.6749514 0.1992598 0.6950324 0.1490827 0.6864638 0.199796 0.6839044 0.2016372 0.6870304 0.1992598 0.6950324 0.199796 0.6839044 0.1992598 0.6950324 0.1949199 0.6982291 0.1490827 0.6864638 0.1490726 0.6900956 0.1490827 0.6864638 0.1949199 0.6982291 0.1891738 0.7373896 0.1949199 0.6982291 0.1992598 0.6950324 0.2006458 0.7406066 0.1891738 0.7373896 0.2035289 0.6970152 0.2006458 0.7406066 0.1906306 0.7700351 0.1891738 0.7373896 0.2006458 0.7406066 0.2147884 0.7459278 0.1906306 0.7700351 0.1906306 0.7700351 0.1814652 0.7649769 0.1891738 0.7373896 0.1906306 0.7700351 0.1487691 0.7664337 0.1814652 0.7649769 0.1487792 0.7627918 0.1814652 0.7649769 0.1487691 0.7664337 0.2147884 0.7459278 0.2041764 0.7714007 0.1906306 0.7700351 0.1906306 0.7700351 0.2041764 0.7714007 0.2323505 0.7859785 0.1906306 0.7700351 0.2323505 0.7859785 0.1895583 0.7733127 0.1906306 0.7700351 0.1895583 0.7733127 0.1487691 0.7664337 0.2300945 0.7885278 0.1895583 0.7733127 0.2323505 0.7859785 0.2303677 0.7804955 0.2323505 0.7859785 0.2041764 0.7714007 0.2323505 0.7859785 0.2303677 0.7804955 0.2500136 0.7594838 0.2500136 0.7594838 0.2537162 0.762984 0.2323505 0.7859785 0.2500136 0.7594838 0.2745155 0.7251589 0.2537162 0.762984 0.2700036 0.7468281 0.2537162 0.762984 0.2745155 0.7251589 0.2500136 0.7594838 0.2467056 0.7571974 0.2745155 0.7251589 0.2467056 0.7571974 0.2500136 0.7594838 0.2303677 0.7804955 0.2686682 0.7267573 0.2745155 0.7251589 0.2467056 0.7571974 0.2745155 0.7251589 0.2686682 0.7267573 0.2249959 0.7032165 0.2269686 0.6951538 0.2745155 0.7251589 0.2249959 0.7032165 0.2301957 0.6935149 0.2745155 0.7251589 0.2269686 0.6951538 0.2811113 0.7146581 0.2745155 0.7251589 0.2301957 0.6935149 0.2275047 0.7088918 0.2249959 0.7032165 0.2686682 0.7267573 0.2249959 0.7032165 0.2275047 0.7088918 0.2147884 0.7459278 0.2745155 0.7251589 0.2811113 0.7146581 0.2823759 0.736894 0.2745155 0.7251589 0.2744649 0.7451084 0.2700036 0.7468281 0.2745155 0.7251589 0.2823759 0.736894 0.2744649 0.7451084 0.2811113 0.7146581 0.285957 0.7379257 0.2823759 0.736894 0.2811113 0.7146581 0.2954968 0.7275667 0.285957 0.7379257 0.2147884 0.7459278 0.2006458 0.7406066 0.2209291 0.702387 0.2209291 0.702387 0.2006458 0.7406066 0.2035289 0.6970152 0.148759 0.7692156 0.1079192 0.7729992 0.1487691 0.7664337 0.148759 0.7692156 0.1487691 0.7664337 0.1895583 0.7733127 0.2973279 0.8525644 0.3037012 0.8548406 0.2792904 0.8847546 0.2845306 0.8893678 0.2792904 0.8847546 0.3037012 0.8548406 0.2973279 0.8525644 0.3044295 0.815407 0.3037012 0.8548406 0.3110558 0.8158016 0.3037012 0.8548406 0.3044295 0.815407 0.3110558 0.8158016 0.3044295 0.815407 0.3084458 0.7762061 0.3018398 0.7776628 0.3084458 0.7762061 0.3044295 0.815407 0.3018398 0.7776628 0.2878488 0.7435099 0.3084458 0.7762061 0.293605 0.7395849 0.3084458 0.7762061 0.2878488 0.7435099 0.3110558 0.8158016 0.3135646 0.8159633 0.3037012 0.8548406 0.3078287 0.8471825 0.3037012 0.8548406 0.3135646 0.8159633 0.3084458 0.7762061 0.3116021 0.7843195 0.3110558 0.8158016 0.3135646 0.8159633 0.3110558 0.8158016 0.3116021 0.7843195 0.3037012 0.8548406 0.3019814 0.8633282 0.2845306 0.8893678 0.2901047 0.8845624 0.2845306 0.8893678 0.3019814 0.8633282 0.293605 0.7395849 0.2985722 0.7450376 0.3084458 0.7762061 0.3077983 0.7675869 0.3084458 0.7762061 0.2985722 0.7450376 0.3090932 0.8611532 0.3019814 0.8633282 0.3037012 0.8548406 0.2901047 0.8845624 0.2910557 0.8928073 0.2845306 0.8893678 0.2845306 0.8893678 0.2910557 0.8928073 0.2951528 0.9011027 0.2968726 0.8992918 0.2951528 0.9011027 0.2910557 0.8928073 0.2951528 0.9011027 0.2968726 0.8992918 0.3166096 0.9240263 0.321769 0.9185331 0.3166096 0.9240263 0.2968726 0.8992918 0.3166096 0.9240263 0.321769 0.9185331 0.3399177 0.9321801 0.3399177 0.9321801 0.3298621 0.9381792 0.3166096 0.9240263 0.3315009 0.9429339 0.3298621 0.9381792 0.3399177 0.9321801 0.3399177 0.9321801 0.357672 0.9485686 0.3315009 0.9429339 0.3503072 0.9624079 0.3315009 0.9429339 0.357672 0.9485686 0.357672 0.9485686 0.3657246 0.9547396 0.3503072 0.9624079 0.3657246 0.9547396 0.357672 0.9485686 0.3843994 0.898604 0.3923104 0.9015984 0.3657246 0.9547396 0.3843994 0.898604 0.3935952 0.9051189 0.3657246 0.9547396 0.3923104 0.9015984 0.3538885 0.9661711 0.3503072 0.9624079 0.3657246 0.9547396 0.357672 0.9485686 0.3593209 0.9403238 0.3843994 0.898604 0.3527352 0.9418109 0.357672 0.9485686 0.3399177 0.9321801 0.3527352 0.9418109 0.3593209 0.9403238 0.357672 0.9485686 0.3843994 0.898604 0.3766503 0.8969955 0.3666856 0.8879109 0.3666856 0.8879109 0.3766503 0.8969955 0.3632258 0.8894587 0.3622344 0.8865148 0.3632258 0.8894587 0.3423254 0.8794335 0.3786634 0.9040769 0.38445 0.8985938 0.3593209 0.9403238 0.3786634 0.9040769 0.3766503 0.8969955 0.38445 0.8985938 0.3537873 0.7038235 0.32968 0.7091448 0.3445106 0.6966612 0.3467159 0.6921492 0.3537873 0.7038235 0.3445106 0.6966612 0.3537873 0.7038235 0.3467159 0.6921492 0.3728971 0.6899236 0.3676872 0.6750425 0.3728971 0.6899236 0.3467159 0.6921492 0.3728971 0.6899236 0.3676872 0.6750425 0.3820828 0.684481 0.3820828 0.684481 0.3939189 0.7424073 0.3728971 0.6899236 0.4020727 0.7404346 0.3939189 0.7424073 0.3820828 0.684481 0.4037722 0.7370963 0.4020727 0.7404346 0.3820828 0.684481 0.3716933 0.6717243 0.3820828 0.684481 0.3676872 0.6750425 0.3537873 0.7038235 0.3341514 0.7152247 0.32968 0.7091448 0.32968 0.7091448 0.3341514 0.7152247 0.3056132 0.7292965 0.3071002 0.7312996 0.3056132 0.7292965 0.3341514 0.7152247 0.3537873 0.7038235 0.3728971 0.6899236 0.3672117 0.6960542 0.3939189 0.7424073 0.3887393 0.7363679 0.3728971 0.6899236 0.3056132 0.7292965 0.3071002 0.7312996 0.293605 0.7395849 0.3005247 0.7369849 0.293605 0.7395849 0.3071002 0.7312996 0.3005247 0.7369849 0.2985722 0.7450376 0.293605 0.7395849 0.3735951 0.6982898 0.3729072 0.6899034 0.3887393 0.7363679 0.3735951 0.6982898 0.3672117 0.6960542 0.3729072 0.6899034 0.3749001 0.7509961 0.3717236 0.748983 0.3939189 0.7424073 0.3859168 0.7431256 0.3938784 0.7424681 0.3717236 0.748983 0.3859168 0.7431256 0.3887393 0.7363679 0.3938784 0.7424681 0.3703781 0.7518155 0.3497711 0.7564589 0.3717236 0.748983 0.343681 0.8764289 0.3480715 0.8639149 0.3608991 0.8828225 0.3656841 0.8696306 0.3608991 0.8828225 0.3480715 0.8639149 0.3480715 0.8639149 0.343681 0.8764289 0.3191387 0.8550631 0.31577 0.8644815 0.3191387 0.8550631 0.343681 0.8764289 0.31577 0.8644815 0.3090932 0.8611532 0.3191387 0.8550631 0.3118853 0.8533636 0.3191387 0.8550631 0.3090932 0.8611532 0.3656841 0.8696306 0.366888 0.8723925 0.3608991 0.8828225 0.36359 0.8814365 0.3608991 0.8828225 0.366888 0.8723925 0.3118853 0.8533636 0.3090932 0.8611532 0.3037012 0.8548406 0.3078287 0.8471825 0.3118853 0.8533636 0.3037012 0.8548406 0.3507524 0.7596152 0.3686078 0.7553158 0.3535748 0.7725338 0.3717337 0.7689628 0.3535748 0.7725338 0.3686078 0.7553158 0.3507524 0.7596152 0.3535748 0.7725338 0.3216375 0.7681736 0.3237821 0.7779259 0.3216375 0.7681736 0.3535748 0.7725338 0.3237821 0.7779259 0.3163871 0.7786846 0.3216375 0.7681736 0.3145863 0.7706421 0.3216375 0.7681736 0.3163871 0.7786846 0.3686078 0.7553158 0.3711065 0.7570254 0.3717337 0.7689628 0.3732511 0.7663628 0.3717337 0.7689628 0.3711065 0.7570254 0.3145863 0.7706421 0.3163871 0.7786846 0.3084458 0.7762061 0.3163871 0.7786846 0.3116021 0.7843195 0.3084458 0.7762061 0.3077983 0.7675869 0.3145863 0.7706421 0.3084458 0.7762061 0.1480711 0.9449875 0.14798 0.9708752 0.1364372 0.9475672 0.1480711 0.9449875 0.1364372 0.9475672 0.1481519 0.9238948 0.1282126 0.9277087 0.1481519 0.9238948 0.1364372 0.9475672 0.1282126 0.9277087 0.1364372 0.9475672 0.1154357 0.9338999 0.1293861 0.951816 0.1154357 0.9338999 0.1364372 0.9475672 0.1364372 0.9475672 0.14798 0.9708752 0.1293861 0.951816 0.1481519 0.9238948 0.1282126 0.9277087 0.1482329 0.9030653 0.1300032 0.9048255 0.1482329 0.9030653 0.1282126 0.9277087 0.1300032 0.9048255 0.1282126 0.9277087 0.1141914 0.9092868 0.1141914 0.9092868 0.1282126 0.9277087 0.1043785 0.913829 0.1154357 0.9338999 0.1043785 0.913829 0.1282126 0.9277087 0.1300032 0.9048255 0.1289006 0.8816591 0.1482329 0.9030653 0.148324 0.880354 0.1482329 0.9030653 0.1289006 0.8816591 0.1289006 0.8816591 0.1279698 0.8620839 0.148324 0.880354 0.1483948 0.8607789 0.148324 0.880354 0.1279698 0.8620839 0.1300032 0.9048255 0.1141914 0.9092868 0.1105798 0.889833 0.1300032 0.9048255 0.1105798 0.889833 0.1289006 0.8816591 0.1073325 0.8918057 0.1105798 0.889833 0.1141914 0.9092868 0.1043785 0.913829 0.09751957 0.8955589 0.1141914 0.9092868 0.1073325 0.8918057 0.1141914 0.9092868 0.09751957 0.8955589 0.1101246 0.8846332 0.1289006 0.8816591 0.1105798 0.889833 0.1101246 0.8846332 0.1091838 0.8765908 0.1289006 0.8816591 0.1196137 0.8738896 0.1289006 0.8816591 0.1091838 0.8765908 0.1289006 0.8816591 0.1196137 0.8738896 0.1279698 0.8620839 0.11929 0.8638644 0.1279698 0.8620839 0.1196137 0.8738896 0.1483948 0.8607789 0.1688095 0.8622356 0.148324 0.880354 0.1677373 0.8818107 0.148324 0.880354 0.1688095 0.8622356 0.148324 0.880354 0.1677373 0.8818107 0.1482329 0.9030653 0.1664525 0.9049671 0.1482329 0.9030653 0.1677373 0.8818107 0.1664525 0.9049671 0.1680711 0.9278604 0.1482329 0.9030653 0.1481519 0.9238948 0.1482329 0.9030653 0.1680711 0.9278604 0.1680711 0.9278604 0.1596948 0.9476581 0.1481519 0.9238948 0.1480711 0.9449875 0.1481519 0.9238948 0.1596948 0.9476581 0.14798 0.9708752 0.1480711 0.9449875 0.1596948 0.9476581 0.1680711 0.9278604 0.1807975 0.9341528 0.1596948 0.9476581 0.1667054 0.9519576 0.1596948 0.9476581 0.1807975 0.9341528 0.14798 0.9708752 0.1596948 0.9476581 0.1667054 0.9519576 0.1680711 0.9278604 0.1664525 0.9049671 0.182234 0.9095499 0.1807975 0.9341528 0.1680711 0.9278604 0.1920064 0.9141629 0.182234 0.9095499 0.1920064 0.9141629 0.1680711 0.9278604 0.1664525 0.9049671 0.1859872 0.8901264 0.182234 0.9095499 0.1664525 0.9049671 0.1677373 0.8818107 0.1859872 0.8901264 0.1892244 0.8921193 0.182234 0.9095499 0.1859872 0.8901264 0.1892244 0.8921193 0.1990069 0.8959433 0.182234 0.9095499 0.1920064 0.9141629 0.182234 0.9095499 0.1990069 0.8959433 0.186493 0.8849266 0.1859872 0.8901264 0.1677373 0.8818107 0.186493 0.8849266 0.1677373 0.8818107 0.1874844 0.8768942 0.1770747 0.8741122 0.1874844 0.8768942 0.1677373 0.8818107 0.1677373 0.8818107 0.1688095 0.8622356 0.1770747 0.8741122 0.1774793 0.8640869 0.1770747 0.8741122 0.1688095 0.8622356 0.2407875 0.8268384 0.2485164 0.8167929 0.2614148 0.8398886 0.2679398 0.8320181 0.2614148 0.8398886 0.2485164 0.8167929 0.2679398 0.8320181 0.27926 0.8419017 0.2614148 0.8398886 0.2734128 0.8481031 0.2614148 0.8398886 0.27926 0.8419017 0.2407875 0.8268384 0.2285063 0.8192006 0.2485164 0.8167929 0.2368927 0.8080625 0.2485164 0.8167929 0.2285063 0.8192006 0.2614148 0.8398886 0.2593005 0.8416589 0.2407875 0.8268384 0.2382584 0.8289933 0.2407875 0.8268384 0.2593005 0.8416589 0.2407875 0.8268384 0.2382584 0.8289933 0.2285063 0.8192006 0.2593005 0.8416589 0.2614148 0.8398886 0.271693 0.8496509 0.2734128 0.8481031 0.271693 0.8496509 0.2614148 0.8398886 0.271693 0.8496509 0.2734128 0.8481031 0.2867563 0.8616894 0.2881928 0.8602427 0.2867563 0.8616894 0.2734128 0.8481031 0.2734128 0.8481031 0.27926 0.8419017 0.2881928 0.8602427 0.2257242 0.8217196 0.2285063 0.8192006 0.2382584 0.8289933 0.2927148 0.8557712 0.2881928 0.8602427 0.27926 0.8419017 0.2043989 0.6702574 0.2186934 0.67048 0.2043989 0.6741927 0.2186934 0.6742028 0.2043989 0.6741927 0.2186934 0.67048 0.2043989 0.6741927 0.2008178 0.6730799 0.2043989 0.6702574 0.2008178 0.6702068 0.2043989 0.6702574 0.2008178 0.6730799 0.03705406 0.9134346 0.03749918 0.9305008 0.03459578 0.9134447 0.0354759 0.9309358 0.03459578 0.9134447 0.03749918 0.9305008 0.03705406 0.9134346 0.03459578 0.9134447 0.03800499 0.9053313 0.03551638 0.9050683 0.03800499 0.9053313 0.03459578 0.9134447 0.0354759 0.9309358 0.03749918 0.9305008 0.03914815 0.9463229 0.040959 0.9457057 0.03914815 0.9463229 0.03749918 0.9305008 0.040959 0.9457057 0.04746383 0.9598889 0.03914815 0.9463229 0.04560238 0.960769 0.03914815 0.9463229 0.04746383 0.9598889 0.04560238 0.960769 0.04746383 0.9598889 0.05554682 0.9751849 0.05749922 0.9736977 0.05554682 0.9751849 0.04746383 0.9598889 0.05749922 0.9736977 0.06318461 0.9795551 0.05554682 0.9751849 0.06137382 0.9812749 0.05554682 0.9751849 0.06318461 0.9795551 0.005905807 0.9136571 0.007585108 0.9358119 0.002658426 0.9138089 0.004388332 0.9363886 0.002658426 0.9138089 0.007585108 0.9358119 0.004388332 0.9363886 0.007585108 0.9358119 0.009365618 0.9564291 0.01243084 0.9553871 0.009365618 0.9564291 0.007585108 0.9358119 0.005905807 0.9136571 0.002658426 0.9138089 0.006421744 0.9030147 0.003073215 0.9029641 0.006421744 0.9030147 0.002658426 0.9138089 0.01243084 0.9553871 0.02049362 0.9738696 0.009365618 0.9564291 0.01761043 0.9753568 0.009365618 0.9564291 0.02049362 0.9738696 0.01761043 0.9753568 0.02049362 0.9738696 0.02997261 0.9943351 0.03264337 0.9924737 0.02997261 0.9943351 0.02049362 0.9738696 0.03264337 0.9924737 0.03952246 1.000607 0.02997261 0.9943351 0.03691244 1.002691 0.02997261 0.9943351 0.03952246 1.000607 0.005905807 0.9136571 0.02240556 0.9132321 0.007585108 0.9358119 0.005905807 0.9136571 0.006421744 0.9030147 0.02240556 0.9132321 0.02374094 0.9329389 0.007585108 0.9358119 0.02240556 0.9132321 0.007585108 0.9358119 0.02374094 0.9329389 0.01243084 0.9553871 0.02240556 0.9132321 0.03459578 0.9134447 0.02374094 0.9329389 0.0354759 0.9309358 0.02374094 0.9329389 0.03459578 0.9134447 0.02374094 0.9329389 0.0354759 0.9309358 0.02793926 0.9501266 0.02793926 0.9501266 0.01243084 0.9553871 0.02374094 0.9329389 0.01243084 0.9553871 0.02793926 0.9501266 0.02049362 0.9738696 0.03914815 0.9463229 0.02793926 0.9501266 0.0354759 0.9309358 0.02240556 0.9132321 0.02319467 0.9037228 0.03459578 0.9134447 0.02319467 0.9037228 0.02240556 0.9132321 0.006421744 0.9030147 0.03551638 0.9050683 0.03459578 0.9134447 0.02319467 0.9037228 0.02049362 0.9738696 0.03506118 0.9663228 0.03264337 0.9924737 0.02793926 0.9501266 0.03914815 0.9463229 0.03506118 0.9663228 0.03506118 0.9663228 0.02049362 0.9738696 0.02793926 0.9501266 0.04599696 0.9827721 0.03264337 0.9924737 0.03506118 0.9663228 0.03264337 0.9924737 0.04599696 0.9827721 0.03952246 1.000607 0.03506118 0.9663228 0.04560238 0.960769 0.04599696 0.9827721 0.04560238 0.960769 0.03506118 0.9663228 0.03914815 0.9463229 0.05554682 0.9751849 0.04599696 0.9827721 0.04560238 0.960769 0.04599696 0.9827721 0.05554682 0.9751849 0.05241072 0.9898434 0.05241072 0.9898434 0.03952246 1.000607 0.04599696 0.9827721 0.06137382 0.9812749 0.05241072 0.9898434 0.05554682 0.9751849 0.2577122 0.8449872 0.2370647 0.8327667 0.2593005 0.8416589 0.2382584 0.8289933 0.2593005 0.8416589 0.2370647 0.8327667 0.2577122 0.8449872 0.2593005 0.8416589 0.2699226 0.8530095 0.271693 0.8496509 0.2699226 0.8530095 0.2593005 0.8416589 0.271693 0.8496509 0.2867563 0.8616894 0.2699226 0.8530095 0.2842879 0.8640971 0.2699226 0.8530095 0.2867563 0.8616894 0.2370647 0.8327667 0.2246924 0.8258875 0.2382584 0.8289933 0.2257242 0.8217196 0.2382584 0.8289933 0.2246924 0.8258875 0.2008178 0.6730799 0.1966195 0.6720885 0.2008178 0.6702068 0.1966195 0.6704901 0.2008178 0.6702068 0.1966195 0.6720885 0.2370647 0.8327667 0.2577122 0.8449872 0.2217081 0.8678502 0.2442068 0.8738796 0.2217081 0.8678502 0.2577122 0.8449872 0.2217081 0.8678502 0.2442068 0.8738796 0.2167004 0.9018816 0.2402514 0.9022661 0.2167004 0.9018816 0.2442068 0.8738796 0.2167004 0.9018816 0.2402514 0.9022661 0.220919 0.9361559 0.2436302 0.9304401 0.220919 0.9361559 0.2402514 0.9022661 0.220919 0.9361559 0.2436302 0.9304401 0.2355574 0.9715429 0.2563161 0.9596764 0.2355574 0.9715429 0.2436302 0.9304401 0.2217081 0.8678502 0.2082027 0.8642083 0.2370647 0.8327667 0.2246924 0.8258875 0.2370647 0.8327667 0.2082027 0.8642083 0.2577122 0.8449872 0.2699226 0.8530095 0.2442068 0.8738796 0.2575807 0.8777136 0.2442068 0.8738796 0.2699226 0.8530095 0.2442068 0.8738796 0.2575807 0.8777136 0.2402514 0.9022661 0.2699226 0.8530095 0.2842879 0.8640971 0.2575807 0.8777136 0.2746875 0.8832271 0.2575807 0.8777136 0.2842879 0.8640971 0.2575807 0.8777136 0.2746875 0.8832271 0.2540501 0.9022964 0.2540501 0.9022964 0.2402514 0.9022661 0.2575807 0.8777136 0.2402514 0.9022661 0.2540501 0.9022964 0.2436302 0.9304401 0.2717739 0.9025696 0.2540501 0.9022964 0.2746875 0.8832271 0.2717739 0.9025696 0.274384 0.9220132 0.2540501 0.9022964 0.2570748 0.9268286 0.2540501 0.9022964 0.274384 0.9220132 0.2436302 0.9304401 0.2570748 0.9268286 0.2563161 0.9596764 0.2570748 0.9268286 0.2436302 0.9304401 0.2540501 0.9022964 0.274384 0.9220132 0.2836809 0.9415883 0.2570748 0.9268286 0.2685873 0.9518363 0.2570748 0.9268286 0.2836809 0.9415883 0.2685873 0.9518363 0.2563161 0.9596764 0.2570748 0.9268286 0.2355574 0.9715429 0.2230232 0.978159 0.220919 0.9361559 0.2082027 0.8642083 0.2217081 0.8678502 0.2027298 0.90174 0.2167004 0.9018816 0.2027298 0.90174 0.2217081 0.8678502 0.2027298 0.90174 0.2167004 0.9018816 0.2073428 0.9395145 0.2073428 0.9395145 0.220919 0.9361559 0.2230232 0.978159 0.220919 0.9361559 0.2073428 0.9395145 0.2167004 0.9018816 0.05239051 0.9137582 0.05209714 0.9283662 0.03705406 0.9134346 0.03749918 0.9305008 0.03705406 0.9134346 0.05209714 0.9283662 0.03749918 0.9305008 0.05209714 0.9283662 0.040959 0.9457057 0.05479818 0.9410117 0.040959 0.9457057 0.05209714 0.9283662 0.05239051 0.9137582 0.05742841 0.9143956 0.05209714 0.9283662 0.05648761 0.9278706 0.05209714 0.9283662 0.05742841 0.9143956 0.09833902 0.9262519 0.05648761 0.9278706 0.05742841 0.9143956 0.09833902 0.9262519 0.05888521 0.9396359 0.05648761 0.9278706 0.05648761 0.9278706 0.05888521 0.9396359 0.05209714 0.9283662 0.05479818 0.9410117 0.05209714 0.9283662 0.05888521 0.9396359 0.03705406 0.9134346 0.03800499 0.9053313 0.05239051 0.9137582 0.05373597 0.9067881 0.05239051 0.9137582 0.03800499 0.9053313 0.05239051 0.9137582 0.05373597 0.9067881 0.05742841 0.9143956 0.09833902 0.9262519 0.05742841 0.9143956 0.05954277 0.9082246 0.05954277 0.9082246 0.05742841 0.9143956 0.05373597 0.9067881 0.05479818 0.9410117 0.06035208 0.9526961 0.040959 0.9457057 0.05479818 0.9410117 0.05888521 0.9396359 0.06035208 0.9526961 0.04746383 0.9598889 0.040959 0.9457057 0.06035208 0.9526961 0.04746383 0.9598889 0.06035208 0.9526961 0.05749922 0.9736977 0.06947702 0.9641175 0.05749922 0.9736977 0.06035208 0.9526961 0.05888521 0.9396359 0.09833902 0.9262519 0.06413561 0.95042 0.06413561 0.95042 0.06035208 0.9526961 0.05888521 0.9396359 0.06413561 0.95042 0.09833902 0.9262519 0.07307845 0.9605363 0.06947702 0.9641175 0.06035208 0.9526961 0.07307845 0.9605363 0.06413561 0.95042 0.07307845 0.9605363 0.06035208 0.9526961 0.05749922 0.9736977 0.06947702 0.9641175 0.06318461 0.9795551 0.07307845 0.9605363 0.09833902 0.9262519 0.07851094 0.964158 0.06947702 0.9641175 0.07307845 0.9605363 0.07478809 0.9688317 0.07851094 0.964158 0.07478809 0.9688317 0.07307845 0.9605363 0.07478809 0.9688317 0.06318461 0.9795551 0.06947702 0.9641175 0.3013238 0.6728169 0.2836202 0.6719368 0.3020927 0.6602119 0.2841058 0.6593216 0.3020927 0.6602119 0.2836202 0.6719368 0.2841058 0.6593216 0.2836202 0.6719368 0.2678387 0.6588967 0.2676566 0.671522 0.2678387 0.6588967 0.2836202 0.6719368 0.2836202 0.6719368 0.3013238 0.6728169 0.2835494 0.6742736 0.2836202 0.6719368 0.2835494 0.6742736 0.2676566 0.671522 0.3011417 0.6751234 0.2835494 0.6742736 0.3013238 0.6728169 0.267606 0.6738588 0.2676566 0.671522 0.2835494 0.6742736 0.3013238 0.6728169 0.3098317 0.6735654 0.3011417 0.6751234 0.3095788 0.6759226 0.3011417 0.6751234 0.3098317 0.6735654 0.3013238 0.6728169 0.3054513 0.6634693 0.3098317 0.6735654 0.3106511 0.6639144 0.3098317 0.6735654 0.3054513 0.6634693 0.3020927 0.6602119 0.3041564 0.6624577 0.3013238 0.6728169 0.3041564 0.6624577 0.3054513 0.6634693 0.3013238 0.6728169 0.2676566 0.671522 0.2516423 0.6715118 0.2678387 0.6588967 0.2516626 0.6588967 0.2678387 0.6588967 0.2516423 0.6715118 0.2516626 0.6588967 0.2516423 0.6715118 0.2338173 0.6588967 0.2338679 0.671522 0.2338173 0.6588967 0.2516423 0.6715118 0.2516423 0.6715118 0.2516221 0.6738386 0.2338679 0.671522 0.267606 0.6738588 0.2516221 0.6738386 0.2676566 0.671522 0.2516423 0.6715118 0.2676566 0.671522 0.2516221 0.6738386 0.2339286 0.6738285 0.2338679 0.671522 0.2516221 0.6738386 0.2338679 0.671522 0.2339286 0.6738285 0.2253296 0.6716029 0.2254208 0.6739802 0.2253296 0.6716029 0.2339286 0.6738285 0.2253296 0.6716029 0.2252792 0.6619013 0.2338679 0.671522 0.2304587 0.6618912 0.2338679 0.671522 0.2252792 0.6619013 0.2317334 0.6609807 0.2338173 0.6588967 0.2338679 0.671522 0.2317334 0.6609807 0.2338679 0.671522 0.2304587 0.6618912 0.1279698 0.8620839 0.11929 0.8638644 0.1245708 0.8445218 0.1089005 0.8496609 0.1245708 0.8445218 0.11929 0.8638644 0.1279698 0.8620839 0.1245708 0.8445218 0.1483948 0.8607789 0.1484656 0.84262 0.1483948 0.8607789 0.1245708 0.8445218 0.1484656 0.84262 0.1723402 0.8447141 0.1483948 0.8607789 0.1688095 0.8622356 0.1483948 0.8607789 0.1723402 0.8447141 0.1688095 0.8622356 0.1723402 0.8447141 0.1774793 0.8640869 0.18797 0.8499644 0.1774793 0.8640869 0.1723402 0.8447141 0.1539385 0.6602523 0.1539891 0.6722503 0.1154357 0.6604041 0.1156279 0.6724021 0.1154357 0.6604041 0.1539891 0.6722503 0.1156279 0.6724021 0.07714521 0.6724021 0.1154357 0.6604041 0.07693278 0.6604041 0.1154357 0.6604041 0.07714521 0.6724021 0.1539891 0.6722503 0.1539385 0.6602523 0.1911061 0.6669999 0.1539891 0.6722503 0.1911061 0.6669999 0.1966195 0.6720885 0.1947581 0.67048 0.1966195 0.6720885 0.1911061 0.6669999 0.1966195 0.6704901 0.1966195 0.6720885 0.1947581 0.67048 0.1913489 0.6601107 0.1911061 0.6669999 0.1539385 0.6602523 0.07714521 0.6724021 0.0397855 0.6672933 0.07693278 0.6604041 0.07714521 0.6724021 0.03450477 0.6724021 0.0397855 0.6672933 0.0361436 0.6707936 0.0397855 0.6672933 0.03450477 0.6724021 0.03450477 0.6724021 0.0342822 0.6708138 0.0361436 0.6707936 0.03951233 0.6604041 0.07693278 0.6604041 0.0397855 0.6672933 0.3686078 0.7553158 0.3711065 0.7570254 0.3703781 0.7518155 0.3733928 0.7537782 0.3703781 0.7518155 0.3711065 0.7570254 0.3732511 0.7663628 0.3717337 0.7689628 0.3767312 0.7683659 0.3749001 0.7714311 0.3767312 0.7683659 0.3717337 0.7689628 0.3656841 0.8696306 0.366888 0.8723925 0.3691338 0.867567 0.3705906 0.8708345 0.3691338 0.867567 0.366888 0.8723925 0.36359 0.8814365 0.3608991 0.8828225 0.3654615 0.8849266 0.3622344 0.8865148 0.3654615 0.8849266 0.3608991 0.8828225 0.3733928 0.7537782 0.3711065 0.7570254 0.3767312 0.7683659 0.3732511 0.7663628 0.3767312 0.7683659 0.3711065 0.7570254 0.3717337 0.7689628 0.3535748 0.7725338 0.3749001 0.7714311 0.3540705 0.7757812 0.3749001 0.7714311 0.3535748 0.7725338 0.3535748 0.7725338 0.3237821 0.7779259 0.3540705 0.7757812 0.3792906 0.7701666 0.3749001 0.7714311 0.378977 0.7732723 0.3792906 0.7701666 0.3767312 0.7683659 0.3749001 0.7714311 0.3705906 0.8708345 0.366888 0.8723925 0.3654615 0.8849266 0.36359 0.8814365 0.3654615 0.8849266 0.366888 0.8723925 0.3027604 0.7448352 0.3040957 0.7395443 0.2985722 0.7450376 0.3005247 0.7369849 0.2985722 0.7450376 0.3040957 0.7395443 0.3107826 0.7644914 0.3027604 0.7448352 0.3077983 0.7675869 0.2985722 0.7450376 0.3077983 0.7675869 0.3027604 0.7448352 0.3144447 0.7660999 0.3107826 0.7644914 0.3145863 0.7706421 0.3077983 0.7675869 0.3145863 0.7706421 0.3107826 0.7644914 0.382801 0.7397366 0.3702061 0.744643 0.3859168 0.7431256 0.3717236 0.748983 0.3859168 0.7431256 0.3702061 0.744643 0.3702061 0.744643 0.3482941 0.7524529 0.3717236 0.748983 0.3497711 0.7564589 0.3717236 0.748983 0.3482941 0.7524529 0.3482941 0.7524529 0.3198671 0.7640867 0.3497711 0.7564589 0.3216375 0.7681736 0.3497711 0.7564589 0.3198671 0.7640867 0.3198671 0.7640867 0.3144447 0.7660999 0.3216375 0.7681736 0.3145863 0.7706421 0.3216375 0.7681736 0.3144447 0.7660999 0.3843083 0.7362364 0.382801 0.7397366 0.3887393 0.7363679 0.3859168 0.7431256 0.3887393 0.7363679 0.382801 0.7397366 0.3705804 0.7015777 0.3843083 0.7362364 0.3735951 0.6982898 0.3887393 0.7363679 0.3735951 0.6982898 0.3843083 0.7362364 0.3678895 0.7006268 0.3705804 0.7015777 0.3672117 0.6960542 0.3735951 0.6982898 0.3672117 0.6960542 0.3705804 0.7015777 0.3095181 0.7350528 0.3365288 0.7190992 0.3071002 0.7312996 0.3341514 0.7152247 0.3071002 0.7312996 0.3365288 0.7190992 0.3365288 0.7190992 0.3562152 0.7074957 0.3341514 0.7152247 0.3537873 0.7038235 0.3341514 0.7152247 0.3562152 0.7074957 0.3562152 0.7074957 0.3678895 0.7006268 0.3537873 0.7038235 0.3672117 0.6960542 0.3537873 0.7038235 0.3678895 0.7006268 0.3071002 0.7312996 0.3005247 0.7369849 0.3095181 0.7350528 0.3040957 0.7395443 0.3095181 0.7350528 0.3005247 0.7369849 0.3566198 0.9366515 0.3539188 0.9372788 0.3593209 0.9403238 0.3527352 0.9418109 0.3593209 0.9403238 0.3539188 0.9372788 0.3741515 0.9036824 0.3566198 0.9366515 0.3786634 0.9040769 0.3593209 0.9403238 0.3786634 0.9040769 0.3566198 0.9366515 0.373069 0.9 0.3741515 0.9036824 0.3766503 0.8969955 0.3786634 0.9040769 0.3766503 0.8969955 0.3741515 0.9036824 0.3083142 0.8656752 0.313423 0.868356 0.3090932 0.8611532 0.31577 0.8644815 0.3090932 0.8611532 0.313423 0.868356 0.313423 0.868356 0.3403022 0.8832776 0.31577 0.8644815 0.3423254 0.8794335 0.31577 0.8644815 0.3403022 0.8832776 0.3403022 0.8832776 0.3611317 0.8936166 0.3423254 0.8794335 0.3632258 0.8894587 0.3423254 0.8794335 0.3611317 0.8936166 0.3611317 0.8936166 0.373069 0.9 0.3632258 0.8894587 0.3766503 0.8969955 0.3632258 0.8894587 0.373069 0.9 0.3045509 0.8667981 0.3083142 0.8656752 0.3019814 0.8633282 0.3090932 0.8611532 0.3019814 0.8633282 0.3083142 0.8656752 0.2942424 0.8852504 0.3045509 0.8667981 0.2901047 0.8845624 0.3019814 0.8633282 0.2901047 0.8845624 0.3045509 0.8667981 0.2949101 0.8906525 0.2942424 0.8852504 0.2910557 0.8928073 0.2901047 0.8845624 0.2910557 0.8928073 0.2942424 0.8852504 0.3246117 0.9148812 0.2997355 0.8957815 0.321769 0.9185331 0.2968726 0.8992918 0.321769 0.9185331 0.2997355 0.8957815 0.2997355 0.8957815 0.2949101 0.8906525 0.2968726 0.8992918 0.2910557 0.8928073 0.2968726 0.8992918 0.2949101 0.8906525 0.321769 0.9185331 0.3399177 0.9321801 0.3246117 0.9148812 0.3427706 0.9287608 0.3246117 0.9148812 0.3399177 0.9321801 0.3399177 0.9321801 0.3527352 0.9418109 0.3427706 0.9287608 0.3539188 0.9372788 0.3427706 0.9287608 0.3527352 0.9418109 0.3181777 0.7830346 0.3239844 0.7824984 0.3163871 0.7786846 0.3237821 0.7779259 0.3163871 0.7786846 0.3239844 0.7824984 0.3239844 0.7824984 0.3544549 0.7801009 0.3237821 0.7779259 0.3540705 0.7757812 0.3237821 0.7779259 0.3544549 0.7801009 0.3544549 0.7801009 0.377672 0.7779461 0.3540705 0.7757812 0.378977 0.7732723 0.3540705 0.7757812 0.377672 0.7779461 0.3156283 0.7859785 0.3181777 0.7830346 0.3116021 0.7843195 0.3163871 0.7786846 0.3116021 0.7843195 0.3181777 0.7830346 0.3120472 0.8460495 0.317682 0.8162163 0.3078287 0.8471825 0.3135646 0.8159633 0.3078287 0.8471825 0.317682 0.8162163 0.317682 0.8162163 0.3156283 0.7859785 0.3135646 0.8159633 0.3116021 0.7843195 0.3135646 0.8159633 0.3156283 0.7859785 0.3142424 0.8493474 0.3120472 0.8460495 0.3118853 0.8533636 0.3078287 0.8471825 0.3118853 0.8533636 0.3120472 0.8460495 0.3726543 0.8614162 0.3498217 0.8565199 0.3733928 0.8662215 0.3489416 0.8607586 0.3733928 0.8662215 0.3498217 0.8565199 0.3498217 0.8565199 0.3198772 0.8505613 0.3489416 0.8607586 0.3191387 0.8550631 0.3489416 0.8607586 0.3198772 0.8505613 0.3198772 0.8505613 0.3142424 0.8493474 0.3191387 0.8550631 0.3118853 0.8533636 0.3191387 0.8550631 0.3142424 0.8493474 0.3756892 0.8593323 0.3726543 0.8614162 0.3794525 0.8620333 0.3733928 0.8662215 0.3794525 0.8620333 0.3726543 0.8614162 0.3804237 0.7803841 0.3831955 0.820101 0.3844904 0.7781686 0.3874848 0.8203641 0.3844904 0.7781686 0.3831955 0.820101 0.3831955 0.820101 0.3756892 0.8593323 0.3874848 0.8203641 0.3794525 0.8620333 0.3874848 0.8203641 0.3756892 0.8593323 0.377672 0.7779461 0.3804237 0.7803841 0.378977 0.7732723 0.3844904 0.7781686 0.378977 0.7732723 0.3804237 0.7803841 0.3678895 0.7006268 0.3562152 0.7074957 0.3705804 0.7015777 0.3562152 0.7074957 0.382801 0.7397366 0.3705804 0.7015777 0.3702061 0.744643 0.382801 0.7397366 0.3562152 0.7074957 0.3705804 0.7015777 0.382801 0.7397366 0.3843083 0.7362364 0.3562152 0.7074957 0.3365288 0.7190992 0.3702061 0.744643 0.3482941 0.7524529 0.3702061 0.744643 0.3365288 0.7190992 0.3365288 0.7190992 0.3095181 0.7350528 0.3482941 0.7524529 0.3198671 0.7640867 0.3482941 0.7524529 0.3095181 0.7350528 0.3095181 0.7350528 0.3040957 0.7395443 0.3198671 0.7640867 0.3198671 0.7640867 0.3040957 0.7395443 0.3107826 0.7644914 0.3144447 0.7660999 0.3198671 0.7640867 0.3107826 0.7644914 0.3107826 0.7644914 0.3040957 0.7395443 0.3027604 0.7448352 0.4037318 0.8213757 0.4151936 0.8220838 0.4001101 0.769074 0.4151936 0.8220838 0.4083043 0.767162 0.4001101 0.769074 0.4113292 0.7693877 0.4083043 0.767162 0.4151936 0.8220838 0.3937975 0.8728983 0.4151936 0.8220838 0.4037318 0.8213757 0.4017793 0.8757915 0.4151936 0.8220838 0.3937975 0.8728983 0.4050469 0.8739504 0.4151936 0.8220838 0.4017793 0.8757915 0.4037318 0.8213757 0.4001101 0.769074 0.3874848 0.8203641 0.3844904 0.7781686 0.3874848 0.8203641 0.4001101 0.769074 0.3874848 0.8203641 0.3794525 0.8620333 0.4037318 0.8213757 0.3794525 0.8620333 0.3937975 0.8728983 0.4037318 0.8213757 0.378977 0.7732723 0.3844904 0.7781686 0.4001101 0.769074 0.4001101 0.769074 0.3792906 0.7701666 0.378977 0.7732723 0.3734434 0.8693778 0.3937975 0.8728983 0.3733928 0.8662215 0.3794525 0.8620333 0.3733928 0.8662215 0.3938076 0.8729286 0.3489416 0.8607586 0.3691338 0.867567 0.3733928 0.8662215 0.378977 0.7732723 0.3749001 0.7714311 0.3540705 0.7757812 0.3566198 0.9366515 0.3741515 0.9036824 0.3539188 0.9372788 0.3539188 0.9372788 0.3741515 0.9036824 0.3427706 0.9287608 0.3741515 0.9036824 0.3611317 0.8936166 0.3427706 0.9287608 0.373069 0.9 0.3611317 0.8936166 0.3741515 0.9036824 0.3427706 0.9287608 0.3611317 0.8936166 0.3246117 0.9148812 0.3403022 0.8832776 0.3246117 0.9148812 0.3611317 0.8936166 0.3246117 0.9148812 0.3403022 0.8832776 0.2997355 0.8957815 0.313423 0.868356 0.2997355 0.8957815 0.3403022 0.8832776 0.2997355 0.8957815 0.313423 0.868356 0.2942424 0.8852504 0.2949101 0.8906525 0.2997355 0.8957815 0.2942424 0.8852504 0.313423 0.868356 0.3083142 0.8656752 0.2942424 0.8852504 0.2942424 0.8852504 0.3083142 0.8656752 0.3045509 0.8667981 0.3802921 0.8199289 0.3726543 0.8614162 0.3831955 0.820101 0.3756892 0.8593323 0.3831955 0.820101 0.3726543 0.8614162 0.3831955 0.820101 0.3804237 0.7803841 0.3802921 0.8199289 0.377672 0.7779461 0.3802921 0.8199289 0.3804237 0.7803841 0.3802921 0.8199289 0.3572875 0.8184722 0.3726543 0.8614162 0.3802921 0.8199289 0.377672 0.7779461 0.3572875 0.8184722 0.3498217 0.8565199 0.3726543 0.8614162 0.3572875 0.8184722 0.3572875 0.8184722 0.3257346 0.8167018 0.3498217 0.8565199 0.3198772 0.8505613 0.3498217 0.8565199 0.3257346 0.8167018 0.3544549 0.7801009 0.3572875 0.8184722 0.377672 0.7779461 0.3572875 0.8184722 0.3544549 0.7801009 0.3257346 0.8167018 0.3239844 0.7824984 0.3257346 0.8167018 0.3544549 0.7801009 0.3198772 0.8505613 0.3257346 0.8167018 0.317682 0.8162163 0.3257346 0.8167018 0.3239844 0.7824984 0.317682 0.8162163 0.3120472 0.8460495 0.3198772 0.8505613 0.317682 0.8162163 0.3142424 0.8493474 0.3198772 0.8505613 0.3120472 0.8460495 0.3239844 0.7824984 0.3181777 0.7830346 0.317682 0.8162163 0.317682 0.8162163 0.3181777 0.7830346 0.3156283 0.7859785 0.2796546 0.7784216 0.2800795 0.779676 0.28621 0.7775009 0.286817 0.7793421 0.28621 0.7775009 0.2800795 0.779676 0.2800795 0.779676 0.2783293 0.7917246 0.286817 0.7793421 0.2847027 0.7939501 0.286817 0.7793421 0.2783293 0.7917246 0.2783293 0.7917246 0.2775605 0.7928373 0.2847027 0.7939501 0.2835797 0.7955789 0.2847027 0.7939501 0.2775605 0.7928373 0.2775605 0.7928373 0.2700036 0.7974302 0.2835797 0.7955789 0.2717537 0.8027312 0.2835797 0.7955789 0.2700036 0.7974302 0.2700036 0.7974302 0.2687188 0.7977337 0.2717537 0.8027312 0.2698721 0.8031865 0.2717537 0.8027312 0.2687188 0.7977337 0.2687188 0.7977337 0.2565084 0.79741 0.2698721 0.8031865 0.2550718 0.8027818 0.2698721 0.8031865 0.2565084 0.79741 0.2565084 0.79741 0.2552539 0.7970255 0.2550718 0.8027818 0.2532205 0.8022354 0.2550718 0.8027818 0.2552539 0.7970255 0.2552539 0.7970255 0.2479297 0.7920381 0.2532205 0.8022354 0.2417789 0.7944559 0.2532205 0.8022354 0.2479297 0.7920381 0.291774 0.8000807 0.2922494 0.8013352 0.2982687 0.7988465 0.2989667 0.8006877 0.2982687 0.7988465 0.2922494 0.8013352 0.2922494 0.8013352 0.2910861 0.8134646 0.2989667 0.8006877 0.2975605 0.8153867 0.2989667 0.8006877 0.2910861 0.8134646 0.2910861 0.8134646 0.290388 0.8145774 0.2975605 0.8153867 0.2965286 0.8170256 0.2975605 0.8153867 0.290388 0.8145774 0.2682939 0.8198885 0.2607471 0.8152856 0.2665235 0.8251895 0.2547178 0.8180169 0.2665235 0.8251895 0.2607471 0.8152856 0.2665235 0.8251895 0.2684052 0.8256448 0.2682939 0.8198885 0.2695787 0.820192 0.2682939 0.8198885 0.2684052 0.8256448 0.2684052 0.8256448 0.2832054 0.8252906 0.2695787 0.820192 0.2817891 0.8198987 0.2695787 0.820192 0.2832054 0.8252906 0.2832054 0.8252906 0.2850567 0.8247444 0.2817891 0.8198987 0.2830436 0.8195345 0.2817891 0.8198987 0.2850567 0.8247444 0.2850567 0.8247444 0.2965286 0.8170256 0.2830436 0.8195345 0.290388 0.8145774 0.2830436 0.8195345 0.2965286 0.8170256 0.1275753 0.6346478 0.1275753 0.650136 0.1300336 0.6335452 0.1300538 0.6512285 0.1300336 0.6335452 0.1275753 0.650136 0.1275753 0.650136 0.1259668 0.6516029 0.1300538 0.6512285 0.1269177 0.6540713 0.1300538 0.6512285 0.1259668 0.6516029 0.1269177 0.6540713 0.1259668 0.6516029 0.108425 0.6540713 0.109376 0.6515927 0.108425 0.6540713 0.1259668 0.6516029 0.109376 0.6515927 0.1077776 0.650136 0.108425 0.6540713 0.1052991 0.6512285 0.108425 0.6540713 0.1077776 0.650136 0.1077776 0.650136 0.1077776 0.6346377 0.1052991 0.6512285 0.1052991 0.6335452 0.1052991 0.6512285 0.1077776 0.6346377 0.1077776 0.6346377 0.109376 0.633181 0.1052991 0.6335452 0.108425 0.6307126 0.1052991 0.6335452 0.109376 0.633181 0.109376 0.633181 0.1259162 0.633181 0.108425 0.6307126 0.126857 0.6307126 0.108425 0.6307126 0.1259162 0.633181 0.1259162 0.633181 0.1275753 0.6346478 0.126857 0.6307126 0.1300336 0.6335452 0.126857 0.6307126 0.1275753 0.6346478 0.2601907 0.6505103 0.2602716 0.6343443 0.2579145 0.6516231 0.2579954 0.6332113 0.2579145 0.6516231 0.2602716 0.6343443 0.2602716 0.6343443 0.2617992 0.6328269 0.2579954 0.6332113 0.2609393 0.6302371 0.2579954 0.6332113 0.2617992 0.6328269 0.2617992 0.6328269 0.2770445 0.6328572 0.2609393 0.6302371 0.2779348 0.6302776 0.2609393 0.6302371 0.2770445 0.6328572 0.2770445 0.6328572 0.2785215 0.6343747 0.2779348 0.6302776 0.2808079 0.6332214 0.2779348 0.6302776 0.2785215 0.6343747 0.2785215 0.6343747 0.2784406 0.6505507 0.2808079 0.6332214 0.2807168 0.6517141 0.2808079 0.6332214 0.2784406 0.6505507 0.2784406 0.6505507 0.2769636 0.6520581 0.2807168 0.6517141 0.2778336 0.6546479 0.2807168 0.6517141 0.2769636 0.6520581 0.2778336 0.6546479 0.2769636 0.6520581 0.2607774 0.6546074 0.2579145 0.6516231 0.2607774 0.6546074 0.2601907 0.6505103 0.2616677 0.6520277 0.2607774 0.6546074 0.2769636 0.6520581 0.2616677 0.6520277 0.2601907 0.6505103 0.2607774 0.6546074 0.4001101 0.769074 0.3987949 0.7650173 0.3792906 0.7701666 0.3749001 0.7509961 0.3945562 0.7467776 0.3939189 0.7424073 0.3843994 0.898604 0.3855223 0.8944158 0.3666856 0.8879109 0.2749404 0.8090944 0.2817689 0.8192208 0.2751225 0.8077894 0.2817689 0.8192208 0.2824467 0.8028424 0.2751225 0.8077894 0.2837517 0.8031763 0.2824467 0.8028424 0.2817689 0.8192208 0.290388 0.8145774 0.2837517 0.8031763 0.2817689 0.8192208 0.2830436 0.8195345 0.290388 0.8145774 0.2817689 0.8192208 0.2905701 0.8132724 0.2837517 0.8031763 0.290388 0.8145774 0.3734434 0.8693778 0.3920069 0.8767931 0.3937975 0.8728983 0.2209291 0.702387 0.2147884 0.7459278 0.2249959 0.7032165 0.2778033 0.7915122 0.2714907 0.7811024 0.2775605 0.7928373 0.2714907 0.7811024 0.2687289 0.7970559 0.2775605 0.7928373 0.2702261 0.780728 0.2687289 0.7970559 0.2714907 0.7811024 0.2626489 0.7853209 0.2687289 0.7970559 0.2702261 0.780728 0.262396 0.7866158 0.2687289 0.7970559 0.2626489 0.7853209 0.2687289 0.7970559 0.2700036 0.7974302 0.2775605 0.7928373 0.2035289 0.6970152 0.1992598 0.6950324 0.1891738 0.7373896 0.09456562 0.6965701 0.108597 0.737076 0.09884482 0.6946176 0.07712501 0.7018103 0.07305818 0.7025995 0.08290141 0.7454119 0.3733928 0.7537782 0.3767312 0.7683659 0.3749001 0.7509961 0.3749001 0.7509961 0.3767312 0.7683659 0.3945562 0.7467776 0.3945562 0.7467776 0.3767312 0.7683659 0.3987949 0.7650173 0.3987949 0.7650173 0.3767312 0.7683659 0.3792906 0.7701666 0.3703781 0.7518155 0.3733928 0.7537782 0.3749001 0.7509961 0.3717236 0.748983 0.3703781 0.7518155 0.3749001 0.7509961 0.3703781 0.7518155 0.3497711 0.7564589 0.3686078 0.7553158 0.3507524 0.7596152 0.3686078 0.7553158 0.3497711 0.7564589 0.3507524 0.7596152 0.3497711 0.7564589 0.3216375 0.7681736 0.3705906 0.8708345 0.3654615 0.8849266 0.3734434 0.8693778 0.3734434 0.8693778 0.3654615 0.8849266 0.3920069 0.8767931 0.3920069 0.8767931 0.3654615 0.8849266 0.3855223 0.8944158 0.3855223 0.8944158 0.3654615 0.8849266 0.3666856 0.8879109 0.3654615 0.8849266 0.3622344 0.8865148 0.3666856 0.8879109 0.3622344 0.8865148 0.3632258 0.8894587 0.3666856 0.8879109 0.3608991 0.8828225 0.343681 0.8764289 0.3622344 0.8865148 0.3423254 0.8794335 0.3622344 0.8865148 0.343681 0.8764289 0.343681 0.8764289 0.31577 0.8644815 0.3423254 0.8794335 0.3691338 0.867567 0.3705906 0.8708345 0.3734434 0.8693778 0.3733928 0.8662215 0.3691338 0.867567 0.3734434 0.8693778 0.3691338 0.867567 0.3489416 0.8607586 0.3656841 0.8696306 0.3480715 0.8639149 0.3656841 0.8696306 0.3489416 0.8607586 0.3480715 0.8639149 0.3489416 0.8607586 0.3191387 0.8550631 0.5684261 0.6902069 0.5680316 0.6940208 0.5643189 0.6901259 0.5640963 0.6938892 0.5643189 0.6901259 0.5680316 0.6940208 0.553029 0.6561552 0.5552951 0.6352851 0.5670604 0.657096 0.5686689 0.6366913 0.5670604 0.657096 0.5552951 0.6352851 0.5686689 0.6366913 0.5732719 0.6366407 0.5670604 0.657096 0.571805 0.6564283 0.5670604 0.657096 0.5732719 0.6366407 0.5507731 0.6897921 0.553029 0.6561552 0.5643189 0.6901259 0.5670604 0.657096 0.5643189 0.6901259 0.553029 0.6561552 0.5670604 0.657096 0.571805 0.6564283 0.5643189 0.6901259 0.5684261 0.6902069 0.5643189 0.6901259 0.571805 0.6564283 0.5381479 0.6553459 0.536074 0.6901867 0.5335449 0.654921 0.5315824 0.6902474 0.5335449 0.654921 0.536074 0.6901867 0.536074 0.6901867 0.5381479 0.6553459 0.5471312 0.6902474 0.5498626 0.6557506 0.5471312 0.6902474 0.5381479 0.6553459 0.5315824 0.6902474 0.5090532 0.6893369 0.5335449 0.654921 0.5090532 0.6893369 0.480869 0.6778447 0.5335449 0.654921 0.48269 0.6556292 0.5335449 0.654921 0.480869 0.6778447 0.480869 0.6778447 0.4778442 0.6785731 0.48269 0.6556292 0.48269 0.6556292 0.4778442 0.6785731 0.4608791 0.6830748 0.4778442 0.6785731 0.4274243 0.725422 0.4608791 0.6830748 0.431056 0.7120481 0.4608791 0.6830748 0.4274243 0.725422 0.4091541 0.721952 0.431056 0.7120481 0.4274243 0.725422 0.4091541 0.721952 0.4274243 0.725422 0.4104895 0.732129 0.4282235 0.729782 0.4104895 0.732129 0.4274243 0.725422 0.5498626 0.6557506 0.553029 0.6561552 0.5471312 0.6902474 0.5507731 0.6897921 0.5471312 0.6902474 0.553029 0.6561552 0.553029 0.6561552 0.5498626 0.6557506 0.5552951 0.6352851 0.5525435 0.6342229 0.5552951 0.6352851 0.5498626 0.6557506 0.5716229 0.6926449 0.5684261 0.6902069 0.5747489 0.6559428 0.571805 0.6564283 0.5747489 0.6559428 0.5684261 0.6902069 0.5747489 0.6559428 0.571805 0.6564283 0.5763877 0.6366205 0.5732719 0.6366407 0.5763877 0.6366205 0.571805 0.6564283 0.5410613 0.6324425 0.5525435 0.6342229 0.5381479 0.6553459 0.5498626 0.6557506 0.5381479 0.6553459 0.5525435 0.6342229 0.7170961 0.8245117 0.7188463 0.8284976 0.74003 0.822367 0.7404144 0.826444 0.74003 0.822367 0.7188463 0.8284976 0.6325638 0.8392007 0.633181 0.8435709 0.6615574 0.8326756 0.6644911 0.83654 0.6615574 0.8326756 0.633181 0.8435709 0.633181 0.8435709 0.6325638 0.8392007 0.6293671 0.8442386 0.6288714 0.8397065 0.6293671 0.8442386 0.6325638 0.8392007 0.6293671 0.8442386 0.6288714 0.8397065 0.6095289 0.8442284 0.6091344 0.8397065 0.6095289 0.8442284 0.6288714 0.8397065 0.6792104 0.8346989 0.6615574 0.8326756 0.6644911 0.83654 0.6615574 0.8326756 0.6792104 0.8346989 0.7170961 0.8245117 0.7157608 0.8286189 0.7170961 0.8245117 0.6792104 0.8346989 0.6291951 0.878442 0.6291344 0.8740414 0.6191192 0.8782802 0.61571 0.87392 0.6191192 0.8782802 0.6291344 0.8740414 0.6291344 0.8740414 0.6291951 0.878442 0.6324627 0.8731714 0.6331506 0.8775215 0.6324627 0.8731714 0.6291951 0.878442 0.6331506 0.8775215 0.6608998 0.8703085 0.6324627 0.8731714 0.6608796 0.8659685 0.6324627 0.8731714 0.6608998 0.8703085 0.6191192 0.8782802 0.61571 0.87392 0.6151839 0.9068487 0.6113498 0.9025089 0.6151839 0.9068487 0.61571 0.87392 0.6151839 0.9068487 0.6113498 0.9025089 0.6092052 0.907041 0.6089017 0.9024988 0.6092052 0.907041 0.6113498 0.9025089 0.5367821 0.6317444 0.5410613 0.6324425 0.5335449 0.654921 0.5381479 0.6553459 0.5335449 0.654921 0.5410613 0.6324425 0.4001405 0.919565 0.4024672 0.9349824 0.4159321 0.919565 0.4159321 0.9349824 0.4159321 0.919565 0.4024672 0.9349824 0.7170961 0.8245117 0.74003 0.822367 0.7127259 0.7769446 0.7357205 0.7749112 0.7127259 0.7769446 0.74003 0.822367 0.231612 0.6878397 0.255699 0.6878801 0.2315412 0.6855432 0.2556383 0.6855837 0.2315412 0.6855432 0.255699 0.6878801 0.2316322 0.6807683 0.2557192 0.6808088 0.2316322 0.6782999 0.2557192 0.6783404 0.2316322 0.6782999 0.2557192 0.6808088 0.2315513 0.6830648 0.2556383 0.6831153 0.2316322 0.6807683 0.2557192 0.6808088 0.2316322 0.6807683 0.2556383 0.6831153 0.2315412 0.6855432 0.2556383 0.6855837 0.2315513 0.6830648 0.2556383 0.6831153 0.2315513 0.6830648 0.2556383 0.6855837 0.2316322 0.6807683 0.2291638 0.6806874 0.2315513 0.6830648 0.2290829 0.6829838 0.2315513 0.6830648 0.2291638 0.6806874 0.4144956 0.6894886 0.4408689 0.6695088 0.4185724 0.7017699 0.4544754 0.6760541 0.4185724 0.7017699 0.4408689 0.6695088 0.4408689 0.6695088 0.4535548 0.6599893 0.4544754 0.6760541 0.4739696 0.6580571 0.4544754 0.6760541 0.4535548 0.6599893 0.4144956 0.6894886 0.4185724 0.7017699 0.3965289 0.7003941 0.4144956 0.6894886 0.3965289 0.7003941 0.3955072 0.6958012 0.3965795 0.7087097 0.3965289 0.7003941 0.4185724 0.7017699 0.4062608 0.6444303 0.4467061 0.6451385 0.4058259 0.6538082 0.4475356 0.6546984 0.4058259 0.6538082 0.4467061 0.6451385 0.4467061 0.6451385 0.4713191 0.6458062 0.4475356 0.6546984 0.48269 0.6556292 0.4475356 0.6546984 0.4713191 0.6458062 0.48269 0.6556292 0.4713191 0.6458062 0.4827608 0.6313499 0.4713293 0.6314612 0.4827608 0.6313499 0.4713191 0.6458062 0.4713293 0.6314612 0.4713191 0.6458062 0.4523914 0.6314713 0.4523914 0.6458062 0.4523914 0.6314713 0.4713191 0.6458062 0.4058259 0.6538082 0.3817286 0.653616 0.4062608 0.6444303 0.3851581 0.643965 0.4062608 0.6444303 0.3817286 0.653616 0.4384612 0.645098 0.4076468 0.6443899 0.4384612 0.6314713 0.4076468 0.6314713 0.4384612 0.6314713 0.4076468 0.6443899 0.4384612 0.6314713 0.4523914 0.6314713 0.4384612 0.645098 0.4523914 0.6458062 0.4384612 0.645098 0.4523914 0.6314713 0.4076468 0.6443899 0.3902163 0.641446 0.4076468 0.6314713 0.3893564 0.6440662 0.3902163 0.641446 0.4076468 0.6443899 0.3901961 0.6314713 0.4076468 0.6314713 0.3902163 0.641446 0.3425177 0.5860792 0.3329476 0.5860893 0.3425986 0.6256949 0.3330588 0.6187247 0.3425986 0.6256949 0.3329476 0.5860893 0.336812 0.6299437 0.3330588 0.6187247 0.2904285 0.6299033 0.2904285 0.6187044 0.2904285 0.6299033 0.3330588 0.6187247 0.2816778 0.6257049 0.2904285 0.6187044 0.2816778 0.5860994 0.2904285 0.5861095 0.2816778 0.5860994 0.2904285 0.6187044 0.2904285 0.5773588 0.2904285 0.5861095 0.3368019 0.5773285 0.3329476 0.5860893 0.3368019 0.5773285 0.2904285 0.5861095 0.6335755 0.906434 0.6292154 0.9069499 0.6337576 0.9326859 0.6292356 0.9318261 0.6337576 0.9326859 0.6292154 0.9069499 0.6292356 0.9318261 0.6292154 0.9069499 0.6276069 0.9313 0.6292154 0.9069499 0.6335755 0.906434 0.6291951 0.878442 0.6331506 0.8775215 0.6291951 0.878442 0.6335755 0.906434 0.6292154 0.9069499 0.6291951 0.878442 0.6151839 0.9068487 0.6191192 0.8782802 0.6151839 0.9068487 0.6291951 0.878442 0.6151839 0.9068487 0.6220327 0.9283461 0.6292154 0.9069499 0.6252295 0.9283561 0.6292154 0.9069499 0.6220327 0.9283461 0.6252295 0.9283561 0.6276069 0.9313 0.6292154 0.9069499 0.6335755 0.906434 0.659443 0.8877187 0.6331506 0.8775215 0.6608998 0.8703085 0.6331506 0.8775215 0.659443 0.8877187 0.6337576 0.9326859 0.6399488 0.9322206 0.6335755 0.906434 0.6399488 0.9322206 0.6442786 0.9275873 0.6335755 0.906434 0.6442786 0.9275873 0.6502776 0.9145979 0.6335755 0.906434 0.6502776 0.9145979 0.659443 0.8877187 0.6335755 0.906434 0.6220327 0.9283461 0.6151839 0.9068487 0.6092254 0.9283561 0.6092052 0.907041 0.6092254 0.9283561 0.6151839 0.9068487 0.4159321 0.9770361 0.4024369 0.9770361 0.4159321 0.9905111 0.4001 0.9905111 0.4159321 0.9905111 0.4024369 0.9770361 0.3887596 0.9774812 0.4024369 0.9770361 0.3881728 0.9287406 0.4024672 0.9349824 0.3881728 0.9287406 0.4024369 0.9770361 0.6300044 0.7767726 0.6229938 0.7874048 0.6288714 0.8397065 0.6229432 0.8306827 0.6288714 0.8397065 0.6229938 0.7874048 0.6300044 0.7767726 0.6089725 0.7767726 0.6229938 0.7874048 0.6089725 0.7874048 0.6229938 0.7874048 0.6089725 0.7767726 0.6300044 0.7767726 0.6288714 0.8397065 0.6343747 0.7766715 0.6325638 0.8392007 0.6343747 0.7766715 0.6288714 0.8397065 0.6325638 0.8392007 0.6601917 0.8239856 0.6343747 0.7766715 0.6595442 0.7830953 0.6343747 0.7766715 0.6601917 0.8239856 0.6343747 0.7766715 0.6595442 0.7830953 0.7127259 0.7769446 0.6947593 0.7836518 0.7127259 0.7769446 0.6595442 0.7830953 0.7127259 0.7769446 0.6947593 0.7836518 0.7170961 0.8245117 0.6953055 0.8247343 0.7170961 0.8245117 0.6947593 0.7836518 0.6615574 0.8326756 0.6601917 0.8239856 0.6325638 0.8392007 0.6601917 0.8239856 0.6615574 0.8326756 0.6953055 0.8247343 0.7170961 0.8245117 0.6953055 0.8247343 0.6615574 0.8326756 0.6229432 0.8306827 0.6089523 0.8306827 0.6288714 0.8397065 0.6091344 0.8397065 0.6288714 0.8397065 0.6089523 0.8306827 0.2904285 0.6187044 0.3330588 0.6187247 0.2904285 0.5861095 0.3329476 0.5860893 0.2904285 0.5861095 0.3330588 0.6187247 0.4159321 0.9770361 0.4159321 0.9349824 0.4024369 0.9770361 0.4024672 0.9349824 0.4024369 0.9770361 0.4159321 0.9349824 0.4827608 0.6313499 0.5334033 0.6312386 0.48269 0.6556292 0.5335449 0.654921 0.48269 0.6556292 0.5334033 0.6312386 0.641881 0.7694281 0.6343747 0.7766715 0.7048048 0.7695293 0.7127259 0.7769446 0.7048048 0.7695293 0.6343747 0.7766715 0.641881 0.7694281 0.6384819 0.7664337 0.6343747 0.7766715 0.6307732 0.7745976 0.6343747 0.7766715 0.6384819 0.7664337 0.6307732 0.7745976 0.6384819 0.7664337 0.6308036 0.7536163 0.6384819 0.7536163 0.6308036 0.7536163 0.6384819 0.7664337 0.7127259 0.7769446 0.7127158 0.7538186 0.7048048 0.7695293 0.704815 0.7538186 0.7048048 0.7695293 0.7127158 0.7538186 0.6095289 0.8442284 0.61571 0.87392 0.6293671 0.8442386 0.6095795 0.873748 0.61571 0.87392 0.6095289 0.8442284 0.61571 0.87392 0.6095795 0.873748 0.6113498 0.9025089 0.6089017 0.9024988 0.6113498 0.9025089 0.6095795 0.873748 0.61571 0.87392 0.6291344 0.8740414 0.6293671 0.8442386 0.6291344 0.8740414 0.6324627 0.8731714 0.6293671 0.8442386 0.633181 0.8435709 0.6293671 0.8442386 0.6324627 0.8731714 0.6324627 0.8731714 0.6608796 0.8659685 0.633181 0.8435709 0.663611 0.8420029 0.633181 0.8435709 0.6608796 0.8659685 0.663611 0.8420029 0.6643394 0.8377034 0.633181 0.8435709 0.633181 0.8435709 0.6643394 0.8377034 0.6644911 0.83654 0.6644911 0.83654 0.6643394 0.8377034 0.6792104 0.8346989 0.6790384 0.8383914 0.6792104 0.8346989 0.6643394 0.8377034 0.3453705 0.689873 0.3452895 0.6866864 0.3069485 0.689873 0.3068676 0.6866864 0.3069485 0.689873 0.3452895 0.6866864 0.3452895 0.6866864 0.3452895 0.6832671 0.3068676 0.6866864 0.3068676 0.6832671 0.3068676 0.6866864 0.3452895 0.6832671 0.3452895 0.6832671 0.3453705 0.6800804 0.3068676 0.6832671 0.3069485 0.6800804 0.3068676 0.6832671 0.3453705 0.6800804 0.3453705 0.6933025 0.3453705 0.689873 0.3069485 0.6933025 0.3069485 0.689873 0.3069485 0.6933025 0.3453705 0.689873 0.3069485 0.689873 0.3068676 0.6866864 0.3035292 0.6899641 0.3034483 0.6867774 0.3035292 0.6899641 0.3068676 0.6866864 0.3257751 0.709074 0.3256941 0.7058873 0.2873531 0.709074 0.2872722 0.7058873 0.2873531 0.709074 0.3256941 0.7058873 0.3256941 0.7058873 0.3256941 0.7024578 0.2872722 0.7058873 0.2872722 0.7024578 0.2872722 0.7058873 0.3256941 0.7024578 0.3256941 0.7024578 0.3257751 0.6992711 0.2872722 0.7024578 0.2873531 0.6992711 0.2872722 0.7024578 0.3257751 0.6992711 0.3257751 0.7124932 0.3257751 0.709074 0.2873531 0.7124932 0.2873531 0.709074 0.2873531 0.7124932 0.3257751 0.709074 0.2873531 0.709074 0.2872722 0.7058873 0.2839338 0.7091649 0.2838427 0.7059783 0.2839338 0.7091649 0.2872722 0.7058873 0.4500141 0.7616082 0.4496499 0.7164083 0.4459878 0.7617194 0.4456236 0.7164993 0.4459878 0.7617194 0.4496499 0.7164083 0.517116 0.7518054 0.4889216 0.7545672 0.5168529 0.7557508 0.4892858 0.7585631 0.5168529 0.7557508 0.4889216 0.7545672 0.4889216 0.7545672 0.4500141 0.7616082 0.4892858 0.7585631 0.4509853 0.7654625 0.4892858 0.7585631 0.4500141 0.7616082 0.5160841 0.7239146 0.517116 0.7518054 0.5201002 0.723692 0.5211422 0.7516536 0.5201002 0.723692 0.517116 0.7518054 0.4496499 0.7164083 0.4875053 0.7208595 0.4505199 0.7125337 0.487819 0.7168534 0.4505199 0.7125337 0.4875053 0.7208595 0.4875053 0.7208595 0.5160841 0.7239146 0.487819 0.7168534 0.5158412 0.7199591 0.487819 0.7168534 0.5160841 0.7239146 0.1891738 0.7373896 0.1949199 0.6982291 0.1860175 0.7368231 0.1860175 0.7368231 0.1799173 0.7632369 0.1891738 0.7373896 0.1814652 0.7649769 0.1891738 0.7373896 0.1799173 0.7632369 0.1932811 0.6993724 0.1860175 0.7368231 0.1949199 0.6982291 0.4500141 0.7616082 0.4889216 0.7545672 0.4496499 0.7164083 0.4875053 0.7208595 0.4496499 0.7164083 0.4889216 0.7545672 0.4875053 0.7208595 0.4889216 0.7545672 0.5160841 0.7239146 0.517116 0.7518054 0.5160841 0.7239146 0.4889216 0.7545672 0.1384706 0.6512589 0.1421934 0.6512589 0.1384909 0.6335654 0.1421934 0.6335654 0.1384909 0.6335654 0.1421934 0.6512589 0.09682154 0.6334743 0.09328085 0.6333327 0.09691262 0.6513803 0.093382 0.6515725 0.09691262 0.6513803 0.09328085 0.6333327 0.1052991 0.6512285 0.1052991 0.6335452 0.09691262 0.6513803 0.09682154 0.6334743 0.09691262 0.6513803 0.1052991 0.6335452 0.1300336 0.6335452 0.1300538 0.6512285 0.1384909 0.6335654 0.1384706 0.6512589 0.1384909 0.6335654 0.1300538 0.6512285 0.093382 0.6515725 0.09328085 0.6333327 0.03824782 0.6519164 0.03814667 0.6335654 0.03824782 0.6519164 0.09328085 0.6333327 0.03814667 0.6335654 0.02131301 0.6353863 0.03824782 0.6519164 0.02136361 0.6520075 0.03824782 0.6519164 0.02131301 0.6353863 0.01769137 0.6336665 0.02131301 0.6353863 0.03814667 0.6335654 0.260039 0.9650179 0.2391891 0.9776835 0.2664123 0.9730098 0.2467257 0.9878809 0.2664123 0.9730098 0.2391891 0.9776835 0.260039 0.9650179 0.2664123 0.9730098 0.2720976 0.956945 0.277864 0.9633588 0.2720976 0.956945 0.2664123 0.9730098 0.277864 0.9633588 0.2917133 0.9499647 0.2720976 0.956945 0.2874138 0.9455337 0.2720976 0.956945 0.2917133 0.9499647 0.2467257 0.9878809 0.2391891 0.9776835 0.23492 0.9963786 0.2267662 0.9850685 0.23492 0.9963786 0.2391891 0.9776835 0.260039 0.9650179 0.2579752 0.9632172 0.2391891 0.9776835 0.2367309 0.9754782 0.2391891 0.9776835 0.2579752 0.9632172 0.2391891 0.9776835 0.2367309 0.9754782 0.2267662 0.9850685 0.2874138 0.9455337 0.2861392 0.9442388 0.2720976 0.956945 0.2703374 0.9552454 0.2720976 0.956945 0.2861392 0.9442388 0.2720976 0.956945 0.2703374 0.9552454 0.260039 0.9650179 0.2579752 0.9632172 0.260039 0.9650179 0.2703374 0.9552454 0.2240449 0.9824787 0.2267662 0.9850685 0.2367309 0.9754782 0.02650272 0.6709453 0.01222854 0.6718356 0.02668482 0.6748705 0.0124005 0.6755584 0.02668482 0.6748705 0.01222854 0.6718356 0.02668482 0.6748705 0.0302053 0.6735958 0.02650272 0.6709453 0.03006368 0.6707228 0.02650272 0.6709453 0.0302053 0.6735958 0.2367309 0.9754782 0.2579752 0.9632172 0.2355574 0.9715429 0.2563161 0.9596764 0.2355574 0.9715429 0.2579752 0.9632172 0.2563161 0.9596764 0.2579752 0.9632172 0.2685873 0.9518363 0.2703374 0.9552454 0.2685873 0.9518363 0.2579752 0.9632172 0.2703374 0.9552454 0.2861392 0.9442388 0.2685873 0.9518363 0.2836809 0.9415883 0.2685873 0.9518363 0.2861392 0.9442388 0.2355574 0.9715429 0.2230232 0.978159 0.2367309 0.9754782 0.2240449 0.9824787 0.2367309 0.9754782 0.2230232 0.978159 0.0302053 0.6735958 0.03450477 0.6724021 0.03006368 0.6707228 0.0342822 0.6708138 0.03006368 0.6707228 0.03450477 0.6724021 0.5640963 0.6938892 0.5680316 0.6940208 0.5643189 0.6901259 0.5684261 0.6902069 0.5643189 0.6901259 0.5680316 0.6940208 0.5686689 0.6366913 0.5552951 0.6352851 0.5670604 0.657096 0.553029 0.6561552 0.5670604 0.657096 0.5552951 0.6352851 0.5686689 0.6366913 0.5670604 0.657096 0.5732719 0.6366407 0.571805 0.6564283 0.5732719 0.6366407 0.5670604 0.657096 0.5670604 0.657096 0.553029 0.6561552 0.5643189 0.6901259 0.5507731 0.6897921 0.5643189 0.6901259 0.553029 0.6561552 0.5670604 0.657096 0.5643189 0.6901259 0.571805 0.6564283 0.5684261 0.6902069 0.571805 0.6564283 0.5643189 0.6901259 0.5315824 0.6902474 0.536074 0.6901867 0.5335449 0.654921 0.5381479 0.6553459 0.5335449 0.654921 0.536074 0.6901867 0.536074 0.6901867 0.5471312 0.6902474 0.5381479 0.6553459 0.5498626 0.6557506 0.5381479 0.6553459 0.5471312 0.6902474 0.5090532 0.6893369 0.5315824 0.6902474 0.5335449 0.654921 0.5090532 0.6893369 0.5335449 0.654921 0.480869 0.6778447 0.48269 0.6556292 0.480869 0.6778447 0.5335449 0.654921 0.4778442 0.6785731 0.480869 0.6778447 0.48269 0.6556292 0.4778442 0.6785731 0.48269 0.6556292 0.4608791 0.6830748 0.4778442 0.6785731 0.4608791 0.6830748 0.4274243 0.725422 0.431056 0.7120481 0.4274243 0.725422 0.4608791 0.6830748 0.431056 0.7120481 0.4091541 0.721952 0.4274243 0.725422 0.4091541 0.721952 0.4104895 0.732129 0.4274243 0.725422 0.4282235 0.729782 0.4274243 0.725422 0.4104895 0.732129 0.5507731 0.6897921 0.553029 0.6561552 0.5471312 0.6902474 0.5498626 0.6557506 0.5471312 0.6902474 0.553029 0.6561552 0.553029 0.6561552 0.5552951 0.6352851 0.5498626 0.6557506 0.5525435 0.6342229 0.5498626 0.6557506 0.5552951 0.6352851 0.571805 0.6564283 0.5684261 0.6902069 0.5747489 0.6559428 0.5716229 0.6926449 0.5747489 0.6559428 0.5684261 0.6902069 0.5747489 0.6559428 0.5763877 0.6366205 0.571805 0.6564283 0.5732719 0.6366407 0.571805 0.6564283 0.5763877 0.6366205 0.5498626 0.6557506 0.5525435 0.6342229 0.5381479 0.6553459 0.5410613 0.6324425 0.5381479 0.6553459 0.5525435 0.6342229 0.7018306 0.8559635 0.7001411 0.8775619 0.7059075 0.856277 0.7041573 0.8792412 0.7059075 0.856277 0.7001411 0.8775619 0.6911173 0.9320183 0.6852297 0.9636622 0.6952145 0.9348509 0.6895595 0.9641781 0.6952145 0.9348509 0.6852297 0.9636622 0.6852297 0.9636622 0.6847542 0.9676278 0.6895595 0.9641781 0.6892661 0.9680831 0.6895595 0.9641781 0.6847542 0.9676278 0.6847542 0.9676278 0.6856343 0.9875167 0.6892661 0.9680831 0.6899135 0.9877797 0.6892661 0.9680831 0.6856343 0.9875167 0.6952145 0.9348509 0.6934947 0.9172686 0.6911173 0.9320183 0.6952145 0.9348509 0.7041573 0.8792412 0.6934947 0.9172686 0.6997871 0.8806575 0.6934947 0.9172686 0.7041573 0.8792412 0.6558416 0.9827923 0.6549918 0.9694489 0.65136 0.9796866 0.6505406 0.9696208 0.65136 0.9796866 0.6549918 0.9694489 0.6549918 0.9694489 0.6556898 0.9661205 0.6505406 0.9696208 0.6512589 0.9657058 0.6505406 0.9696208 0.6556898 0.9661205 0.6512589 0.9657058 0.6556898 0.9661205 0.6565194 0.9375823 0.6611021 0.9373192 0.6565194 0.9375823 0.6556898 0.9661205 0.6277586 0.9895298 0.6558416 0.9827923 0.6232163 0.9860801 0.65136 0.9796866 0.6232163 0.9860801 0.6558416 0.9827923 0.6279407 0.9919881 0.6277586 0.9895298 0.6234086 0.9920488 0.6232163 0.9860801 0.6234086 0.9920488 0.6277586 0.9895298 0.5381479 0.6553459 0.5410613 0.6324425 0.5335449 0.654921 0.5367821 0.6317444 0.5335449 0.654921 0.5410613 0.6324425 0.4713293 0.6314612 0.4523914 0.6314713 0.4713191 0.6458062 0.4523914 0.6458062 0.4713191 0.6458062 0.4523914 0.6314713 0.2985924 0.9928176 0.2985924 0.9793528 0.283165 0.9928176 0.283165 0.9770259 0.283165 0.9928176 0.2985924 0.9793528 0.7534341 0.8598279 0.7059075 0.856277 0.751765 0.8828426 0.7041573 0.8792412 0.751765 0.8828426 0.7059075 0.856277 0.222659 0.6666762 0.2228006 0.6643798 0.1985821 0.6659276 0.1987237 0.6636312 0.1985821 0.6659276 0.2228006 0.6643798 0.2228006 0.6643798 0.2228816 0.6619114 0.1987237 0.6636312 0.1988046 0.6611628 0.1987237 0.6636312 0.2228816 0.6619114 0.2228816 0.6619114 0.2228816 0.659615 0.1988046 0.6611628 0.1988046 0.6588563 0.1988046 0.6611628 0.2228816 0.659615 0.2228816 0.659615 0.2229524 0.6571466 0.1988046 0.6588563 0.1988754 0.6563879 0.1988046 0.6588563 0.2229524 0.6571466 0.1963362 0.6588563 0.1963362 0.6611628 0.1988046 0.6588563 0.1988046 0.6611628 0.1988046 0.6588563 0.1963362 0.6611628 0.4544754 0.6760541 0.4408689 0.6695088 0.4185724 0.7017699 0.4144956 0.6894886 0.4185724 0.7017699 0.4408689 0.6695088 0.4408689 0.6695088 0.4544754 0.6760541 0.4535548 0.6599893 0.4739696 0.6580571 0.4535548 0.6599893 0.4544754 0.6760541 0.4144956 0.6894886 0.3965289 0.7003941 0.4185724 0.7017699 0.3965289 0.7003941 0.4144956 0.6894886 0.3955072 0.6958012 0.3965795 0.7087097 0.4185724 0.7017699 0.3965289 0.7003941 0.4475356 0.6546984 0.4467061 0.6451385 0.4058259 0.6538082 0.4062608 0.6444303 0.4058259 0.6538082 0.4467061 0.6451385 0.4467061 0.6451385 0.4475356 0.6546984 0.4713191 0.6458062 0.48269 0.6556292 0.4713191 0.6458062 0.4475356 0.6546984 0.48269 0.6556292 0.4827608 0.6313499 0.4713191 0.6458062 0.4713293 0.6314612 0.4713191 0.6458062 0.4827608 0.6313499 0.4058259 0.6538082 0.4062608 0.6444303 0.3817286 0.653616 0.3851581 0.643965 0.3817286 0.653616 0.4062608 0.6444303 0.4384612 0.645098 0.4384612 0.6314713 0.4076468 0.6443899 0.4076468 0.6314713 0.4076468 0.6443899 0.4384612 0.6314713 0.4384612 0.6314713 0.4384612 0.645098 0.4523914 0.6314713 0.4523914 0.6458062 0.4523914 0.6314713 0.4384612 0.645098 0.4076468 0.6443899 0.4076468 0.6314713 0.3902163 0.641446 0.3902163 0.641446 0.3893564 0.6440662 0.4076468 0.6443899 0.3901961 0.6314713 0.3902163 0.641446 0.4076468 0.6314713 0.7263324 0.7565601 0.7264437 0.7249768 0.7170961 0.7633078 0.7171771 0.7249566 0.7170961 0.7633078 0.7264437 0.7249768 0.7676072 0.7565601 0.7263324 0.7565601 0.767597 0.7674049 0.7226905 0.7674049 0.767597 0.7674049 0.7263324 0.7565601 0.7676072 0.7249768 0.7676072 0.7565601 0.7760847 0.7249768 0.7760847 0.7633279 0.7760847 0.7249768 0.7676072 0.7565601 0.7264437 0.7249768 0.7676072 0.7249768 0.7227007 0.7164993 0.767597 0.7164993 0.7227007 0.7164993 0.7676072 0.7249768 0.5972982 0.9736775 0.6221238 0.9720994 0.5961348 0.9691858 0.6223767 0.9676481 0.5961348 0.9691858 0.6221238 0.9720994 0.6221238 0.9720994 0.5972982 0.9736775 0.5979356 0.9752657 0.6221238 0.9720994 0.6505406 0.9696208 0.6223767 0.9676481 0.6512589 0.9657058 0.6223767 0.9676481 0.6505406 0.9696208 0.6221238 0.9720994 0.6232163 0.9860801 0.6505406 0.9696208 0.65136 0.9796866 0.6505406 0.9696208 0.6232163 0.9860801 0.6232163 0.9860801 0.6221238 0.9720994 0.6012942 0.9806578 0.6010514 0.9774812 0.6012942 0.9806578 0.6221238 0.9720994 0.5979356 0.9752657 0.6010514 0.9774812 0.6221238 0.9720994 0.6223767 0.9676481 0.6512589 0.9657058 0.6391799 0.9404047 0.6565194 0.9375823 0.6391799 0.9404047 0.6512589 0.9657058 0.5962057 0.9629137 0.5961348 0.9691858 0.6223767 0.9676481 0.6005658 0.9583208 0.5962057 0.9629137 0.6223767 0.9676481 0.6131101 0.9515328 0.6005658 0.9583208 0.6223767 0.9676481 0.6391799 0.9404047 0.6131101 0.9515328 0.6223767 0.9676481 0.6012942 0.9806578 0.6021439 0.9934145 0.6232163 0.9860801 0.6234086 0.9920488 0.6232163 0.9860801 0.6021439 0.9934145 0.3542425 0.9769855 0.3406461 0.9793122 0.3542425 0.9928074 0.3406461 0.9928176 0.3542425 0.9928074 0.3406461 0.9793122 0.2985924 0.9793528 0.3406461 0.9793122 0.2923405 0.9650583 0.3411013 0.9655237 0.2923405 0.9650583 0.3406461 0.9793122 0.6984922 0.9737483 0.7417397 0.9720994 0.6892661 0.9680831 0.7520685 0.9647447 0.6892661 0.9680831 0.7417397 0.9720994 0.7520685 0.9647447 0.7417397 0.9720994 0.752898 0.9857362 0.7422758 0.9861408 0.752898 0.9857362 0.7417397 0.9720994 0.7520685 0.9647447 0.7518964 0.9610218 0.6892661 0.9680831 0.6984922 0.9737483 0.6892661 0.9680831 0.6988968 0.9877291 0.6899135 0.9877797 0.6988968 0.9877291 0.6892661 0.9680831 0.6895595 0.9641781 0.6892661 0.9680831 0.7518964 0.9610218 0.6895595 0.9641781 0.7518964 0.9610218 0.7040258 0.9361559 0.7452196 0.9360244 0.7040258 0.9361559 0.7518964 0.9610218 0.7518964 0.9610218 0.751765 0.8828426 0.7452196 0.9360244 0.7451488 0.9008802 0.7452196 0.9360244 0.751765 0.8828426 0.751765 0.8828426 0.7041573 0.8792412 0.7451488 0.9008802 0.703955 0.9009914 0.7451488 0.9008802 0.7041573 0.8792412 0.7040258 0.9361559 0.6952145 0.9348509 0.6895595 0.9641781 0.7041573 0.8792412 0.6952145 0.9348509 0.703955 0.9009914 0.7040258 0.9361559 0.703955 0.9009914 0.6952145 0.9348509 0.7264437 0.7249768 0.7263324 0.7565601 0.7676072 0.7249768 0.7676072 0.7565601 0.7676072 0.7249768 0.7263324 0.7565601 0.2985924 0.9793528 0.2985924 0.9928176 0.3406461 0.9793122 0.3406461 0.9928176 0.3406461 0.9793122 0.2985924 0.9928176 0.5335449 0.654921 0.5334033 0.6312386 0.48269 0.6556292 0.4827608 0.6313499 0.48269 0.6556292 0.5334033 0.6312386 0.751765 0.8828426 0.7518964 0.9610218 0.7590589 0.8907233 0.7592308 0.9535763 0.7590589 0.8907233 0.7518964 0.9610218 0.751765 0.8828426 0.7590589 0.8907233 0.7748606 0.8829842 0.7747999 0.8908852 0.7748606 0.8829842 0.7590589 0.8907233 0.7518964 0.9610218 0.7539501 0.9645323 0.7592308 0.9535763 0.7621645 0.9569653 0.7592308 0.9535763 0.7539501 0.9645323 0.7539501 0.9645323 0.7749516 0.964593 0.7621645 0.9569653 0.774982 0.9570158 0.7621645 0.9569653 0.7749516 0.964593 0.6549918 0.9694489 0.6558416 0.9827923 0.6847542 0.9676278 0.6549918 0.9694489 0.6847542 0.9676278 0.6556898 0.9661205 0.6852297 0.9636622 0.6556898 0.9661205 0.6847542 0.9676278 0.6556898 0.9661205 0.6852297 0.9636622 0.6611021 0.9373192 0.6851689 0.9331513 0.6611021 0.9373192 0.6852297 0.9636622 0.6852297 0.9636622 0.6898022 0.9321801 0.6851689 0.9331513 0.6898022 0.9321801 0.6852297 0.9636622 0.6911173 0.9320183 0.6911173 0.9320183 0.6934947 0.9172686 0.6898022 0.9321801 0.6897921 0.9173799 0.6898022 0.9321801 0.6934947 0.9172686 0.6558416 0.9827923 0.6856343 0.9875167 0.6847542 0.9676278 0.6558416 0.9827923 0.6563879 0.9888824 0.6856343 0.9875167 0.6558416 0.9827923 0.6277586 0.9895298 0.6563879 0.9888824 0.6279407 0.9919881 0.6563879 0.9888824 0.6277586 0.9895298 0.1484858 0.8378147 0.1236703 0.8401011 0.1484656 0.84262 0.1245708 0.8445218 0.1484656 0.84262 0.1236703 0.8401011 0.1245708 0.8445218 0.1236703 0.8401011 0.1089005 0.8496609 0.1073628 0.8457054 0.1089005 0.8496609 0.1236703 0.8401011 0.1484858 0.8378147 0.1484656 0.84262 0.173281 0.8402932 0.1723402 0.8447141 0.173281 0.8402932 0.1484656 0.84262 0.1723402 0.8447141 0.18797 0.8499644 0.173281 0.8402932 0.1895481 0.8460292 0.173281 0.8402932 0.18797 0.8499644 0.1031544 0.6978649 0.1047933 0.6990182 0.1490726 0.6900956 0.1490625 0.6934846 0.1490726 0.6900956 0.1047933 0.6990182 0.1490625 0.6934846 0.1932811 0.6993724 0.1490726 0.6900956 0.1949199 0.6982291 0.1490726 0.6900956 0.1932811 0.6993724 0.117641 0.7629941 0.1487994 0.7591802 0.1117533 0.7365298 0.1489107 0.7318863 0.1117533 0.7365298 0.1487994 0.7591802 0.1117533 0.7365298 0.1489107 0.7318863 0.1047933 0.6990182 0.1490625 0.6934846 0.1047933 0.6990182 0.1489107 0.7318863 0.1489107 0.7318863 0.1487994 0.7591802 0.1860175 0.7368231 0.1799173 0.7632369 0.1860175 0.7368231 0.1487994 0.7591802 0.1490625 0.6934846 0.1489107 0.7318863 0.1932811 0.6993724 0.1860175 0.7368231 0.1932811 0.6993724 0.1489107 0.7318863 0.1079192 0.7729992 0.1236703 0.8401011 0.148759 0.7692156 0.1484858 0.8378147 0.148759 0.7692156 0.1236703 0.8401011 0.1079192 0.7729992 0.06726151 0.7878905 0.1236703 0.8401011 0.1073628 0.8457054 0.1236703 0.8401011 0.06726151 0.7878905 0.1484858 0.8378147 0.173281 0.8402932 0.148759 0.7692156 0.1895583 0.7733127 0.148759 0.7692156 0.173281 0.8402932 0.1895583 0.7733127 0.173281 0.8402932 0.2300945 0.7885278 0.1895481 0.8460292 0.2300945 0.7885278 0.173281 0.8402932 0.2465234 0.6334642 0.1943534 0.6335654 0.2465234 0.6513702 0.1943534 0.6512589 0.2465234 0.6513702 0.1943534 0.6335654 0.1943534 0.6512589 0.1943534 0.6335654 0.1421934 0.6512589 0.1421934 0.6335654 0.1421934 0.6512589 0.1943534 0.6335654 0.2974492 0.6859378 0.2603121 0.6852297 0.2976213 0.6890435 0.2598467 0.6883354 0.2976213 0.6890435 0.2603121 0.6852297 0.2977325 0.6822858 0.2601705 0.6815675 0.2974492 0.6859378 0.2603121 0.6852297 0.2974492 0.6859378 0.2601705 0.6815675 0.2981372 0.6791092 0.2597152 0.6783708 0.2977325 0.6822858 0.2601705 0.6815675 0.2977325 0.6822858 0.2597152 0.6783708 0.2976213 0.6890435 0.2598467 0.6883354 0.2976617 0.6924527 0.2596748 0.6917142 0.2976617 0.6924527 0.2598467 0.6883354 0.3004943 0.6924325 0.3004538 0.6889929 0.2976617 0.6924527 0.2976213 0.6890435 0.2976617 0.6924527 0.3004538 0.6889929 0.3253401 0.6725842 0.363762 0.6725842 0.3254311 0.6693975 0.363853 0.6693975 0.3254311 0.6693975 0.363762 0.6725842 0.3253401 0.6760035 0.363762 0.6760035 0.3253401 0.6725842 0.363762 0.6725842 0.3253401 0.6725842 0.363762 0.6760035 0.3254311 0.6659782 0.363853 0.6659782 0.3253401 0.6627814 0.363762 0.6627814 0.3253401 0.6627814 0.363853 0.6659782 0.3254311 0.6693975 0.363853 0.6693975 0.3254311 0.6659782 0.363853 0.6659782 0.3254311 0.6659782 0.363853 0.6693975 0.3219208 0.6724932 0.3253401 0.6725842 0.3220118 0.6693065 0.3254311 0.6693975 0.3220118 0.6693065 0.3253401 0.6725842 0.6056948 0.7093369 0.6016685 0.7092864 0.6057049 0.7545672 0.6016786 0.7544863 0.6057049 0.7545672 0.6016685 0.7092864 0.5623866 0.7517751 0.5627104 0.7477791 0.5347993 0.7491853 0.534506 0.74525 0.5347993 0.7491853 0.5627104 0.7477791 0.5627104 0.7477791 0.5623866 0.7517751 0.6016786 0.7544863 0.6007479 0.7583507 0.6016786 0.7544863 0.5623866 0.7517751 0.5304797 0.7451286 0.534506 0.74525 0.5312788 0.717167 0.5353051 0.7173491 0.5312788 0.717167 0.534506 0.74525 0.5634995 0.7100552 0.5638535 0.7140512 0.6007681 0.7054219 0.6016685 0.7092864 0.6007681 0.7054219 0.5638535 0.7140512 0.5638535 0.7140512 0.5634995 0.7100552 0.5353051 0.7173491 0.5355176 0.7133936 0.5353051 0.7173491 0.5634995 0.7100552 0.1047933 0.6990182 0.1031544 0.6978649 0.1117533 0.7365298 0.108597 0.737076 0.1117533 0.7365298 0.1031544 0.6978649 0.1117533 0.7365298 0.108597 0.737076 0.117641 0.7629941 0.1160831 0.7647139 0.117641 0.7629941 0.108597 0.737076 0.1487994 0.7591802 0.117641 0.7629941 0.1487792 0.7627918 0.1160831 0.7647139 0.1487792 0.7627918 0.117641 0.7629941 0.1487994 0.7591802 0.1487792 0.7627918 0.1799173 0.7632369 0.1814652 0.7649769 0.1799173 0.7632369 0.1487792 0.7627918 0.5638535 0.7140512 0.5627104 0.7477791 0.6016685 0.7092864 0.6016786 0.7544863 0.6016685 0.7092864 0.5627104 0.7477791 0.5638535 0.7140512 0.5353051 0.7173491 0.5627104 0.7477791 0.534506 0.74525 0.5627104 0.7477791 0.5353051 0.7173491 0.2465234 0.6334642 0.2465234 0.6513702 0.2502362 0.6332923 0.2502362 0.6515321 0.2502362 0.6332923 0.2465234 0.6513702 0.2920775 0.6518456 0.2922494 0.6332923 0.2884659 0.6518052 0.2886379 0.633272 0.2884659 0.6518052 0.2922494 0.6332923 0.2886379 0.633272 0.2808079 0.6332214 0.2884659 0.6518052 0.2807168 0.6517141 0.2884659 0.6518052 0.2808079 0.6332214 0.2502362 0.6515321 0.2579145 0.6516231 0.2502362 0.6332923 0.2579954 0.6332113 0.2502362 0.6332923 0.2579145 0.6516231 0.3480108 0.6338082 0.2922494 0.6332923 0.3478389 0.6523717 0.2920775 0.6518456 0.3478389 0.6523717 0.2922494 0.6332923 0.3480108 0.6338082 0.3478389 0.6523717 0.3650265 0.6357303 0.3649153 0.6525335 0.3650265 0.6357303 0.3478389 0.6523717 0.3650265 0.6357303 0.3686988 0.6340004 0.3480108 0.6338082 0.09713518 0.7403335 0.08290141 0.7454119 0.1068772 0.7697013 0.09713518 0.7403335 0.1068772 0.7697013 0.108597 0.737076 0.1068772 0.7697013 0.1160831 0.7647139 0.108597 0.737076 0.1068772 0.7697013 0.1487691 0.7664337 0.1160831 0.7647139 0.1487792 0.7627918 0.1160831 0.7647139 0.1487691 0.7664337 0.08290141 0.7454119 0.09332126 0.7709557 0.1068772 0.7697013 0.1068772 0.7697013 0.09332126 0.7709557 0.0650258 0.7853108 0.1068772 0.7697013 0.0650258 0.7853108 0.1079192 0.7729992 0.1068772 0.7697013 0.1079192 0.7729992 0.1487691 0.7664337 0.06726151 0.7878905 0.1079192 0.7729992 0.0650258 0.7853108 0.06705921 0.7798479 0.0650258 0.7853108 0.09332126 0.7709557 0.0650258 0.7853108 0.06705921 0.7798479 0.04757511 0.7586846 0.04757511 0.7586846 0.04385226 0.7621544 0.0650258 0.7853108 0.04757511 0.7586846 0.02336663 0.7241574 0.04385226 0.7621544 0.02769643 0.7458671 0.04385226 0.7621544 0.02336663 0.7241574 0.04757511 0.7586846 0.05091351 0.7564285 0.02336663 0.7241574 0.05091351 0.7564285 0.04757511 0.7586846 0.06705921 0.7798479 0.02919369 0.7257963 0.02336663 0.7241574 0.05091351 0.7564285 0.02336663 0.7241574 0.02919369 0.7257963 0.07305818 0.7025995 0.07114624 0.6945266 0.02336663 0.7241574 0.07305818 0.7025995 0.0679292 0.6928675 0.02336663 0.7241574 0.07114624 0.6945266 0.01685172 0.7136061 0.02336663 0.7241574 0.0679292 0.6928675 0.07049876 0.7082646 0.07305818 0.7025995 0.02919369 0.7257963 0.07305818 0.7025995 0.07049876 0.7082646 0.08290141 0.7454119 0.02336663 0.7241574 0.01685172 0.7136061 0.01540505 0.7358215 0.02336663 0.7241574 0.02325534 0.7441068 0.02769643 0.7458671 0.02336663 0.7241574 0.01540505 0.7358215 0.02325534 0.7441068 0.01685172 0.7136061 0.01181375 0.7368332 0.01540505 0.7358215 0.01685172 0.7136061 0.002365052 0.7264032 0.01181375 0.7368332 0.07712501 0.7018103 0.08290141 0.7454119 0.09713518 0.7403335 0.07712501 0.7018103 0.09713518 0.7403335 0.09456562 0.6965701 0.09713518 0.7403335 0.108597 0.737076 0.09456562 0.6965701 0.108597 0.737076 0.1031544 0.6978649 0.09884482 0.6946176 0.09884482 0.6946176 0.1031544 0.6978649 0.1490827 0.6864638 0.09884482 0.6946176 0.1490827 0.6864638 0.09838956 0.6834998 0.09652817 0.6866156 0.09884482 0.6946176 0.09838956 0.6834998 0.09838956 0.6834998 0.1490827 0.6864638 0.1491333 0.6749514 0.1490726 0.6900956 0.1490827 0.6864638 0.1031544 0.6978649 0.1490827 0.6864638 0.199796 0.6839044 0.1491333 0.6749514 0.1992598 0.6950324 0.199796 0.6839044 0.1490827 0.6864638 0.2016372 0.6870304 0.199796 0.6839044 0.1992598 0.6950324 0.1490726 0.6900956 0.1949199 0.6982291 0.1490827 0.6864638 0.1992598 0.6950324 0.1490827 0.6864638 0.1949199 0.6982291 0.1949199 0.6982291 0.1891738 0.7373896 0.1992598 0.6950324 0.1891738 0.7373896 0.2006458 0.7406066 0.2035289 0.6970152 0.1906306 0.7700351 0.2006458 0.7406066 0.1891738 0.7373896 0.2147884 0.7459278 0.2006458 0.7406066 0.1906306 0.7700351 0.1814652 0.7649769 0.1906306 0.7700351 0.1891738 0.7373896 0.1906306 0.7700351 0.1814652 0.7649769 0.1487691 0.7664337 0.1487792 0.7627918 0.1487691 0.7664337 0.1814652 0.7649769 0.2041764 0.7714007 0.2147884 0.7459278 0.1906306 0.7700351 0.1906306 0.7700351 0.2323505 0.7859785 0.2041764 0.7714007 0.1906306 0.7700351 0.1895583 0.7733127 0.2323505 0.7859785 0.1906306 0.7700351 0.1487691 0.7664337 0.1895583 0.7733127 0.2300945 0.7885278 0.2323505 0.7859785 0.1895583 0.7733127 0.2303677 0.7804955 0.2041764 0.7714007 0.2323505 0.7859785 0.2323505 0.7859785 0.2500136 0.7594838 0.2303677 0.7804955 0.2537162 0.762984 0.2500136 0.7594838 0.2323505 0.7859785 0.2500136 0.7594838 0.2537162 0.762984 0.2745155 0.7251589 0.2700036 0.7468281 0.2745155 0.7251589 0.2537162 0.762984 0.2500136 0.7594838 0.2745155 0.7251589 0.2467056 0.7571974 0.2467056 0.7571974 0.2303677 0.7804955 0.2500136 0.7594838 0.2686682 0.7267573 0.2467056 0.7571974 0.2745155 0.7251589 0.2745155 0.7251589 0.2249959 0.7032165 0.2686682 0.7267573 0.2745155 0.7251589 0.2269686 0.6951538 0.2249959 0.7032165 0.2301957 0.6935149 0.2269686 0.6951538 0.2745155 0.7251589 0.2811113 0.7146581 0.2301957 0.6935149 0.2745155 0.7251589 0.2275047 0.7088918 0.2686682 0.7267573 0.2249959 0.7032165 0.2275047 0.7088918 0.2249959 0.7032165 0.2147884 0.7459278 0.2811113 0.7146581 0.2745155 0.7251589 0.2823759 0.736894 0.2744649 0.7451084 0.2745155 0.7251589 0.2700036 0.7468281 0.2823759 0.736894 0.2745155 0.7251589 0.2744649 0.7451084 0.285957 0.7379257 0.2811113 0.7146581 0.2823759 0.736894 0.2954968 0.7275667 0.2811113 0.7146581 0.285957 0.7379257 0.2006458 0.7406066 0.2147884 0.7459278 0.2209291 0.702387 0.2006458 0.7406066 0.2209291 0.702387 0.2035289 0.6970152 0.148759 0.7692156 0.1487691 0.7664337 0.1079192 0.7729992 0.148759 0.7692156 0.1895583 0.7733127 0.1487691 0.7664337 0.2845306 0.8893678 0.3037012 0.8548406 0.2792904 0.8847546 0.2973279 0.8525644 0.2792904 0.8847546 0.3037012 0.8548406 0.2973279 0.8525644 0.3037012 0.8548406 0.3044295 0.815407 0.3110558 0.8158016 0.3044295 0.815407 0.3037012 0.8548406 0.3110558 0.8158016 0.3084458 0.7762061 0.3044295 0.815407 0.3018398 0.7776628 0.3044295 0.815407 0.3084458 0.7762061 0.3018398 0.7776628 0.3084458 0.7762061 0.2878488 0.7435099 0.293605 0.7395849 0.2878488 0.7435099 0.3084458 0.7762061 0.3110558 0.8158016 0.3037012 0.8548406 0.3135646 0.8159633 0.3078287 0.8471825 0.3135646 0.8159633 0.3037012 0.8548406 0.3135646 0.8159633 0.3116021 0.7843195 0.3110558 0.8158016 0.3084458 0.7762061 0.3110558 0.8158016 0.3116021 0.7843195 0.3037012 0.8548406 0.2845306 0.8893678 0.3019814 0.8633282 0.2901047 0.8845624 0.3019814 0.8633282 0.2845306 0.8893678 0.293605 0.7395849 0.3084458 0.7762061 0.2985722 0.7450376 0.3077983 0.7675869 0.2985722 0.7450376 0.3084458 0.7762061 0.3019814 0.8633282 0.3090932 0.8611532 0.3037012 0.8548406 0.2910557 0.8928073 0.2901047 0.8845624 0.2845306 0.8893678 0.3116021 0.7843195 0.3163871 0.7786846 0.3084458 0.7762061 0.2985722 0.7450376 0.3005247 0.7369849 0.293605 0.7395849 0.3005247 0.7369849 0.3071002 0.7312996 0.293605 0.7395849 0.3056132 0.7292965 0.293605 0.7395849 0.3071002 0.7312996 0.3071002 0.7312996 0.3341514 0.7152247 0.3056132 0.7292965 0.32968 0.7091448 0.3056132 0.7292965 0.3341514 0.7152247 0.3341514 0.7152247 0.3537873 0.7038235 0.32968 0.7091448 0.32968 0.7091448 0.3537873 0.7038235 0.3445106 0.6966612 0.3537873 0.7038235 0.3467159 0.6921492 0.3445106 0.6966612 0.3537873 0.7038235 0.3728971 0.6899236 0.3467159 0.6921492 0.3676872 0.6750425 0.3467159 0.6921492 0.3728971 0.6899236 0.3728971 0.6899236 0.3820828 0.684481 0.3676872 0.6750425 0.3939189 0.7424073 0.3820828 0.684481 0.3728971 0.6899236 0.4020727 0.7404346 0.3820828 0.684481 0.3939189 0.7424073 0.4037722 0.7370963 0.3820828 0.684481 0.4020727 0.7404346 0.3716933 0.6717243 0.3676872 0.6750425 0.3820828 0.684481 0.3537873 0.7038235 0.3672117 0.6960542 0.3728971 0.6899236 0.3887393 0.7363679 0.3939189 0.7424073 0.3728971 0.6899236 0.3735951 0.6982898 0.3887393 0.7363679 0.3729072 0.6899034 0.3672117 0.6960542 0.3735951 0.6982898 0.3729072 0.6899034 0.3717236 0.748983 0.3749001 0.7509961 0.3939189 0.7424073 0.3859168 0.7431256 0.3717236 0.748983 0.3938784 0.7424681 0.3887393 0.7363679 0.3859168 0.7431256 0.3938784 0.7424681 0.3497711 0.7564589 0.3703781 0.7518155 0.3717236 0.748983 0.3298621 0.9381792 0.3399177 0.9321801 0.3166096 0.9240263 0.3298621 0.9381792 0.3315009 0.9429339 0.3399177 0.9321801 0.3399177 0.9321801 0.3315009 0.9429339 0.357672 0.9485686 0.3503072 0.9624079 0.357672 0.9485686 0.3315009 0.9429339 0.357672 0.9485686 0.3503072 0.9624079 0.3657246 0.9547396 0.357672 0.9485686 0.3657246 0.9547396 0.3843994 0.898604 0.3657246 0.9547396 0.3923104 0.9015984 0.3843994 0.898604 0.3935952 0.9051189 0.3923104 0.9015984 0.3657246 0.9547396 0.3538885 0.9661711 0.3657246 0.9547396 0.3503072 0.9624079 0.3593209 0.9403238 0.357672 0.9485686 0.3843994 0.898604 0.3527352 0.9418109 0.3399177 0.9321801 0.357672 0.9485686 0.3593209 0.9403238 0.3527352 0.9418109 0.357672 0.9485686 0.321769 0.9185331 0.3166096 0.9240263 0.3399177 0.9321801 0.321769 0.9185331 0.2968726 0.8992918 0.3166096 0.9240263 0.2951528 0.9011027 0.3166096 0.9240263 0.2968726 0.8992918 0.2968726 0.8992918 0.2910557 0.8928073 0.2951528 0.9011027 0.2845306 0.8893678 0.2951528 0.9011027 0.2910557 0.8928073 0.3843994 0.898604 0.3666856 0.8879109 0.3766503 0.8969955 0.3766503 0.8969955 0.3666856 0.8879109 0.3632258 0.8894587 0.3632258 0.8894587 0.3622344 0.8865148 0.3423254 0.8794335 0.3786634 0.9040769 0.3593209 0.9403238 0.38445 0.8985938 0.3766503 0.8969955 0.3786634 0.9040769 0.38445 0.8985938 0.3656841 0.8696306 0.3480715 0.8639149 0.3608991 0.8828225 0.343681 0.8764289 0.3608991 0.8828225 0.3480715 0.8639149 0.3480715 0.8639149 0.3191387 0.8550631 0.343681 0.8764289 0.31577 0.8644815 0.343681 0.8764289 0.3191387 0.8550631 0.31577 0.8644815 0.3191387 0.8550631 0.3090932 0.8611532 0.3118853 0.8533636 0.3090932 0.8611532 0.3191387 0.8550631 0.3656841 0.8696306 0.3608991 0.8828225 0.366888 0.8723925 0.36359 0.8814365 0.366888 0.8723925 0.3608991 0.8828225 0.3090932 0.8611532 0.3118853 0.8533636 0.3037012 0.8548406 0.3118853 0.8533636 0.3078287 0.8471825 0.3037012 0.8548406 0.3717337 0.7689628 0.3686078 0.7553158 0.3535748 0.7725338 0.3507524 0.7596152 0.3535748 0.7725338 0.3686078 0.7553158 0.3507524 0.7596152 0.3216375 0.7681736 0.3535748 0.7725338 0.3237821 0.7779259 0.3535748 0.7725338 0.3216375 0.7681736 0.3237821 0.7779259 0.3216375 0.7681736 0.3163871 0.7786846 0.3145863 0.7706421 0.3163871 0.7786846 0.3216375 0.7681736 0.3686078 0.7553158 0.3717337 0.7689628 0.3711065 0.7570254 0.3732511 0.7663628 0.3711065 0.7570254 0.3717337 0.7689628 0.3163871 0.7786846 0.3145863 0.7706421 0.3084458 0.7762061 0.3145863 0.7706421 0.3077983 0.7675869 0.3084458 0.7762061 0.14798 0.9708752 0.1480711 0.9449875 0.1364372 0.9475672 0.1480711 0.9449875 0.1481519 0.9238948 0.1364372 0.9475672 0.1282126 0.9277087 0.1364372 0.9475672 0.1481519 0.9238948 0.1282126 0.9277087 0.1154357 0.9338999 0.1364372 0.9475672 0.1293861 0.951816 0.1364372 0.9475672 0.1154357 0.9338999 0.14798 0.9708752 0.1364372 0.9475672 0.1293861 0.951816 0.1481519 0.9238948 0.1482329 0.9030653 0.1282126 0.9277087 0.1300032 0.9048255 0.1282126 0.9277087 0.1482329 0.9030653 0.1282126 0.9277087 0.1300032 0.9048255 0.1141914 0.9092868 0.1154357 0.9338999 0.1282126 0.9277087 0.1043785 0.913829 0.1141914 0.9092868 0.1043785 0.913829 0.1282126 0.9277087 0.1300032 0.9048255 0.1482329 0.9030653 0.1289006 0.8816591 0.148324 0.880354 0.1289006 0.8816591 0.1482329 0.9030653 0.1289006 0.8816591 0.148324 0.880354 0.1279698 0.8620839 0.1483948 0.8607789 0.1279698 0.8620839 0.148324 0.880354 0.1300032 0.9048255 0.1105798 0.889833 0.1141914 0.9092868 0.1300032 0.9048255 0.1289006 0.8816591 0.1105798 0.889833 0.1073325 0.8918057 0.1141914 0.9092868 0.1105798 0.889833 0.1073325 0.8918057 0.09751957 0.8955589 0.1141914 0.9092868 0.1043785 0.913829 0.1141914 0.9092868 0.09751957 0.8955589 0.1101246 0.8846332 0.1105798 0.889833 0.1289006 0.8816591 0.1101246 0.8846332 0.1289006 0.8816591 0.1091838 0.8765908 0.1196137 0.8738896 0.1091838 0.8765908 0.1289006 0.8816591 0.1289006 0.8816591 0.1279698 0.8620839 0.1196137 0.8738896 0.11929 0.8638644 0.1196137 0.8738896 0.1279698 0.8620839 0.1483948 0.8607789 0.148324 0.880354 0.1688095 0.8622356 0.1677373 0.8818107 0.1688095 0.8622356 0.148324 0.880354 0.148324 0.880354 0.1482329 0.9030653 0.1677373 0.8818107 0.1664525 0.9049671 0.1677373 0.8818107 0.1482329 0.9030653 0.1664525 0.9049671 0.1482329 0.9030653 0.1680711 0.9278604 0.1481519 0.9238948 0.1680711 0.9278604 0.1482329 0.9030653 0.1680711 0.9278604 0.1481519 0.9238948 0.1596948 0.9476581 0.1480711 0.9449875 0.1596948 0.9476581 0.1481519 0.9238948 0.1480711 0.9449875 0.14798 0.9708752 0.1596948 0.9476581 0.1680711 0.9278604 0.1596948 0.9476581 0.1807975 0.9341528 0.1667054 0.9519576 0.1807975 0.9341528 0.1596948 0.9476581 0.1596948 0.9476581 0.14798 0.9708752 0.1667054 0.9519576 0.1664525 0.9049671 0.1680711 0.9278604 0.182234 0.9095499 0.182234 0.9095499 0.1680711 0.9278604 0.1920064 0.9141629 0.1807975 0.9341528 0.1920064 0.9141629 0.1680711 0.9278604 0.1664525 0.9049671 0.182234 0.9095499 0.1859872 0.8901264 0.1664525 0.9049671 0.1859872 0.8901264 0.1677373 0.8818107 0.1892244 0.8921193 0.1859872 0.8901264 0.182234 0.9095499 0.1920064 0.9141629 0.1990069 0.8959433 0.182234 0.9095499 0.1892244 0.8921193 0.182234 0.9095499 0.1990069 0.8959433 0.186493 0.8849266 0.1677373 0.8818107 0.1859872 0.8901264 0.186493 0.8849266 0.1874844 0.8768942 0.1677373 0.8818107 0.1770747 0.8741122 0.1677373 0.8818107 0.1874844 0.8768942 0.1677373 0.8818107 0.1770747 0.8741122 0.1688095 0.8622356 0.1774793 0.8640869 0.1688095 0.8622356 0.1770747 0.8741122 0.2679398 0.8320181 0.2485164 0.8167929 0.2614148 0.8398886 0.2407875 0.8268384 0.2614148 0.8398886 0.2485164 0.8167929 0.2679398 0.8320181 0.2614148 0.8398886 0.27926 0.8419017 0.2734128 0.8481031 0.27926 0.8419017 0.2614148 0.8398886 0.2407875 0.8268384 0.2485164 0.8167929 0.2285063 0.8192006 0.2368927 0.8080625 0.2285063 0.8192006 0.2485164 0.8167929 0.2614148 0.8398886 0.2407875 0.8268384 0.2593005 0.8416589 0.2382584 0.8289933 0.2593005 0.8416589 0.2407875 0.8268384 0.2407875 0.8268384 0.2285063 0.8192006 0.2382584 0.8289933 0.2734128 0.8481031 0.2614148 0.8398886 0.271693 0.8496509 0.2593005 0.8416589 0.271693 0.8496509 0.2614148 0.8398886 0.271693 0.8496509 0.2867563 0.8616894 0.2734128 0.8481031 0.2881928 0.8602427 0.2734128 0.8481031 0.2867563 0.8616894 0.2734128 0.8481031 0.2881928 0.8602427 0.27926 0.8419017 0.2257242 0.8217196 0.2382584 0.8289933 0.2285063 0.8192006 0.2927148 0.8557712 0.27926 0.8419017 0.2881928 0.8602427 0.2186934 0.6742028 0.2186934 0.67048 0.2043989 0.6741927 0.2043989 0.6702574 0.2043989 0.6741927 0.2186934 0.67048 0.2043989 0.6741927 0.2043989 0.6702574 0.2008178 0.6730799 0.2008178 0.6702068 0.2008178 0.6730799 0.2043989 0.6702574 0.0354759 0.9309358 0.03749918 0.9305008 0.03459578 0.9134447 0.03705406 0.9134346 0.03459578 0.9134447 0.03749918 0.9305008 0.03705406 0.9134346 0.03800499 0.9053313 0.03459578 0.9134447 0.03551638 0.9050683 0.03459578 0.9134447 0.03800499 0.9053313 0.0354759 0.9309358 0.03914815 0.9463229 0.03749918 0.9305008 0.040959 0.9457057 0.03749918 0.9305008 0.03914815 0.9463229 0.040959 0.9457057 0.03914815 0.9463229 0.04746383 0.9598889 0.04560238 0.960769 0.04746383 0.9598889 0.03914815 0.9463229 0.04560238 0.960769 0.05554682 0.9751849 0.04746383 0.9598889 0.05749922 0.9736977 0.04746383 0.9598889 0.05554682 0.9751849 0.05749922 0.9736977 0.05554682 0.9751849 0.06318461 0.9795551 0.06137382 0.9812749 0.06318461 0.9795551 0.05554682 0.9751849 0.004388332 0.9363886 0.007585108 0.9358119 0.002658426 0.9138089 0.005905807 0.9136571 0.002658426 0.9138089 0.007585108 0.9358119 0.004388332 0.9363886 0.009365618 0.9564291 0.007585108 0.9358119 0.01243084 0.9553871 0.007585108 0.9358119 0.009365618 0.9564291 0.005905807 0.9136571 0.006421744 0.9030147 0.002658426 0.9138089 0.003073215 0.9029641 0.002658426 0.9138089 0.006421744 0.9030147 0.01243084 0.9553871 0.009365618 0.9564291 0.02049362 0.9738696 0.01761043 0.9753568 0.02049362 0.9738696 0.009365618 0.9564291 0.01761043 0.9753568 0.02997261 0.9943351 0.02049362 0.9738696 0.03264337 0.9924737 0.02049362 0.9738696 0.02997261 0.9943351 0.03264337 0.9924737 0.02997261 0.9943351 0.03952246 1.000607 0.03691244 1.002691 0.03952246 1.000607 0.02997261 0.9943351 0.005905807 0.9136571 0.007585108 0.9358119 0.02240556 0.9132321 0.005905807 0.9136571 0.02240556 0.9132321 0.006421744 0.9030147 0.02374094 0.9329389 0.02240556 0.9132321 0.007585108 0.9358119 0.007585108 0.9358119 0.01243084 0.9553871 0.02374094 0.9329389 0.02240556 0.9132321 0.02374094 0.9329389 0.03459578 0.9134447 0.0354759 0.9309358 0.03459578 0.9134447 0.02374094 0.9329389 0.02374094 0.9329389 0.02793926 0.9501266 0.0354759 0.9309358 0.02793926 0.9501266 0.02374094 0.9329389 0.01243084 0.9553871 0.01243084 0.9553871 0.02049362 0.9738696 0.02793926 0.9501266 0.03914815 0.9463229 0.0354759 0.9309358 0.02793926 0.9501266 0.02240556 0.9132321 0.03459578 0.9134447 0.02319467 0.9037228 0.02319467 0.9037228 0.006421744 0.9030147 0.02240556 0.9132321 0.03551638 0.9050683 0.02319467 0.9037228 0.03459578 0.9134447 0.02049362 0.9738696 0.03264337 0.9924737 0.03506118 0.9663228 0.02793926 0.9501266 0.03506118 0.9663228 0.03914815 0.9463229 0.03506118 0.9663228 0.02793926 0.9501266 0.02049362 0.9738696 0.04599696 0.9827721 0.03506118 0.9663228 0.03264337 0.9924737 0.03264337 0.9924737 0.03952246 1.000607 0.04599696 0.9827721 0.03506118 0.9663228 0.04599696 0.9827721 0.04560238 0.960769 0.04560238 0.960769 0.03914815 0.9463229 0.03506118 0.9663228 0.05554682 0.9751849 0.04560238 0.960769 0.04599696 0.9827721 0.04599696 0.9827721 0.05241072 0.9898434 0.05554682 0.9751849 0.05241072 0.9898434 0.04599696 0.9827721 0.03952246 1.000607 0.06137382 0.9812749 0.05554682 0.9751849 0.05241072 0.9898434 0.2382584 0.8289933 0.2370647 0.8327667 0.2593005 0.8416589 0.2577122 0.8449872 0.2593005 0.8416589 0.2370647 0.8327667 0.2577122 0.8449872 0.2699226 0.8530095 0.2593005 0.8416589 0.271693 0.8496509 0.2593005 0.8416589 0.2699226 0.8530095 0.271693 0.8496509 0.2699226 0.8530095 0.2867563 0.8616894 0.2842879 0.8640971 0.2867563 0.8616894 0.2699226 0.8530095 0.2370647 0.8327667 0.2382584 0.8289933 0.2246924 0.8258875 0.2257242 0.8217196 0.2246924 0.8258875 0.2382584 0.8289933 0.1966195 0.6704901 0.1966195 0.6720885 0.2008178 0.6702068 0.2008178 0.6730799 0.2008178 0.6702068 0.1966195 0.6720885 0.2442068 0.8738796 0.2577122 0.8449872 0.2217081 0.8678502 0.2370647 0.8327667 0.2217081 0.8678502 0.2577122 0.8449872 0.2217081 0.8678502 0.2167004 0.9018816 0.2442068 0.8738796 0.2402514 0.9022661 0.2442068 0.8738796 0.2167004 0.9018816 0.2167004 0.9018816 0.220919 0.9361559 0.2402514 0.9022661 0.2436302 0.9304401 0.2402514 0.9022661 0.220919 0.9361559 0.220919 0.9361559 0.2355574 0.9715429 0.2436302 0.9304401 0.2563161 0.9596764 0.2436302 0.9304401 0.2355574 0.9715429 0.2217081 0.8678502 0.2370647 0.8327667 0.2082027 0.8642083 0.2246924 0.8258875 0.2082027 0.8642083 0.2370647 0.8327667 0.2577122 0.8449872 0.2442068 0.8738796 0.2699226 0.8530095 0.2575807 0.8777136 0.2699226 0.8530095 0.2442068 0.8738796 0.2442068 0.8738796 0.2402514 0.9022661 0.2575807 0.8777136 0.2699226 0.8530095 0.2575807 0.8777136 0.2842879 0.8640971 0.2746875 0.8832271 0.2842879 0.8640971 0.2575807 0.8777136 0.2575807 0.8777136 0.2540501 0.9022964 0.2746875 0.8832271 0.2540501 0.9022964 0.2575807 0.8777136 0.2402514 0.9022661 0.2402514 0.9022661 0.2436302 0.9304401 0.2540501 0.9022964 0.2717739 0.9025696 0.2746875 0.8832271 0.2540501 0.9022964 0.2717739 0.9025696 0.2540501 0.9022964 0.274384 0.9220132 0.2570748 0.9268286 0.274384 0.9220132 0.2540501 0.9022964 0.2436302 0.9304401 0.2563161 0.9596764 0.2570748 0.9268286 0.2570748 0.9268286 0.2540501 0.9022964 0.2436302 0.9304401 0.274384 0.9220132 0.2570748 0.9268286 0.2836809 0.9415883 0.2685873 0.9518363 0.2836809 0.9415883 0.2570748 0.9268286 0.2685873 0.9518363 0.2570748 0.9268286 0.2563161 0.9596764 0.2355574 0.9715429 0.220919 0.9361559 0.2230232 0.978159 0.2073428 0.9395145 0.2230232 0.978159 0.220919 0.9361559 0.220919 0.9361559 0.2167004 0.9018816 0.2073428 0.9395145 0.2027298 0.90174 0.2073428 0.9395145 0.2167004 0.9018816 0.2167004 0.9018816 0.2217081 0.8678502 0.2027298 0.90174 0.2082027 0.8642083 0.2027298 0.90174 0.2217081 0.8678502 0.03749918 0.9305008 0.05209714 0.9283662 0.03705406 0.9134346 0.05239051 0.9137582 0.03705406 0.9134346 0.05209714 0.9283662 0.03749918 0.9305008 0.040959 0.9457057 0.05209714 0.9283662 0.05479818 0.9410117 0.05209714 0.9283662 0.040959 0.9457057 0.05239051 0.9137582 0.05209714 0.9283662 0.05742841 0.9143956 0.05648761 0.9278706 0.05742841 0.9143956 0.05209714 0.9283662 0.05648761 0.9278706 0.09833902 0.9262519 0.05742841 0.9143956 0.05888521 0.9396359 0.09833902 0.9262519 0.05648761 0.9278706 0.05479818 0.9410117 0.05888521 0.9396359 0.05209714 0.9283662 0.05648761 0.9278706 0.05209714 0.9283662 0.05888521 0.9396359 0.03705406 0.9134346 0.05239051 0.9137582 0.03800499 0.9053313 0.05373597 0.9067881 0.03800499 0.9053313 0.05239051 0.9137582 0.05239051 0.9137582 0.05742841 0.9143956 0.05373597 0.9067881 0.05742841 0.9143956 0.09833902 0.9262519 0.05954277 0.9082246 0.05954277 0.9082246 0.05373597 0.9067881 0.05742841 0.9143956 0.05479818 0.9410117 0.040959 0.9457057 0.06035208 0.9526961 0.05479818 0.9410117 0.06035208 0.9526961 0.05888521 0.9396359 0.04746383 0.9598889 0.06035208 0.9526961 0.040959 0.9457057 0.04746383 0.9598889 0.05749922 0.9736977 0.06035208 0.9526961 0.06947702 0.9641175 0.06035208 0.9526961 0.05749922 0.9736977 0.09833902 0.9262519 0.05888521 0.9396359 0.06413561 0.95042 0.06413561 0.95042 0.05888521 0.9396359 0.06035208 0.9526961 0.09833902 0.9262519 0.06413561 0.95042 0.07307845 0.9605363 0.06413561 0.95042 0.06035208 0.9526961 0.07307845 0.9605363 0.06947702 0.9641175 0.07307845 0.9605363 0.06035208 0.9526961 0.05749922 0.9736977 0.06318461 0.9795551 0.06947702 0.9641175 0.09833902 0.9262519 0.07307845 0.9605363 0.07851094 0.964158 0.07851094 0.964158 0.07307845 0.9605363 0.07478809 0.9688317 0.06947702 0.9641175 0.07478809 0.9688317 0.07307845 0.9605363 0.07478809 0.9688317 0.06947702 0.9641175 0.06318461 0.9795551 0.2841058 0.6593216 0.2836202 0.6719368 0.3020927 0.6602119 0.3013238 0.6728169 0.3020927 0.6602119 0.2836202 0.6719368 0.2841058 0.6593216 0.2678387 0.6588967 0.2836202 0.6719368 0.2676566 0.671522 0.2836202 0.6719368 0.2678387 0.6588967 0.2836202 0.6719368 0.2835494 0.6742736 0.3013238 0.6728169 0.2836202 0.6719368 0.2676566 0.671522 0.2835494 0.6742736 0.3011417 0.6751234 0.3013238 0.6728169 0.2835494 0.6742736 0.267606 0.6738588 0.2835494 0.6742736 0.2676566 0.671522 0.3013238 0.6728169 0.3011417 0.6751234 0.3098317 0.6735654 0.3095788 0.6759226 0.3098317 0.6735654 0.3011417 0.6751234 0.3013238 0.6728169 0.3098317 0.6735654 0.3054513 0.6634693 0.3106511 0.6639144 0.3054513 0.6634693 0.3098317 0.6735654 0.3041564 0.6624577 0.3020927 0.6602119 0.3013238 0.6728169 0.3054513 0.6634693 0.3041564 0.6624577 0.3013238 0.6728169 0.2676566 0.671522 0.2678387 0.6588967 0.2516423 0.6715118 0.2516626 0.6588967 0.2516423 0.6715118 0.2678387 0.6588967 0.2516626 0.6588967 0.2338173 0.6588967 0.2516423 0.6715118 0.2338679 0.671522 0.2516423 0.6715118 0.2338173 0.6588967 0.2516423 0.6715118 0.2338679 0.671522 0.2516221 0.6738386 0.2516423 0.6715118 0.2516221 0.6738386 0.2676566 0.671522 0.267606 0.6738588 0.2676566 0.671522 0.2516221 0.6738386 0.2339286 0.6738285 0.2516221 0.6738386 0.2338679 0.671522 0.2338679 0.671522 0.2253296 0.6716029 0.2339286 0.6738285 0.2254208 0.6739802 0.2339286 0.6738285 0.2253296 0.6716029 0.2253296 0.6716029 0.2338679 0.671522 0.2252792 0.6619013 0.2304587 0.6618912 0.2252792 0.6619013 0.2338679 0.671522 0.2338173 0.6588967 0.2317334 0.6609807 0.2338679 0.671522 0.2338679 0.671522 0.2317334 0.6609807 0.2304587 0.6618912 0.1089005 0.8496609 0.11929 0.8638644 0.1245708 0.8445218 0.1279698 0.8620839 0.1245708 0.8445218 0.11929 0.8638644 0.1279698 0.8620839 0.1483948 0.8607789 0.1245708 0.8445218 0.1484656 0.84262 0.1245708 0.8445218 0.1483948 0.8607789 0.1484656 0.84262 0.1483948 0.8607789 0.1723402 0.8447141 0.1688095 0.8622356 0.1723402 0.8447141 0.1483948 0.8607789 0.1688095 0.8622356 0.1774793 0.8640869 0.1723402 0.8447141 0.18797 0.8499644 0.1723402 0.8447141 0.1774793 0.8640869 0.1156279 0.6724021 0.1539891 0.6722503 0.1154357 0.6604041 0.1539385 0.6602523 0.1154357 0.6604041 0.1539891 0.6722503 0.1156279 0.6724021 0.1154357 0.6604041 0.07714521 0.6724021 0.07693278 0.6604041 0.07714521 0.6724021 0.1154357 0.6604041 0.1539891 0.6722503 0.1911061 0.6669999 0.1539385 0.6602523 0.1539891 0.6722503 0.1966195 0.6720885 0.1911061 0.6669999 0.1947581 0.67048 0.1911061 0.6669999 0.1966195 0.6720885 0.1966195 0.6720885 0.1966195 0.6704901 0.1947581 0.67048 0.1913489 0.6601107 0.1539385 0.6602523 0.1911061 0.6669999 0.07714521 0.6724021 0.07693278 0.6604041 0.0397855 0.6672933 0.07714521 0.6724021 0.0397855 0.6672933 0.03450477 0.6724021 0.0361436 0.6707936 0.03450477 0.6724021 0.0397855 0.6672933 0.0342822 0.6708138 0.03450477 0.6724021 0.0361436 0.6707936 0.03951233 0.6604041 0.0397855 0.6672933 0.07693278 0.6604041 0.3686078 0.7553158 0.3711065 0.7570254 0.3703781 0.7518155 0.3733928 0.7537782 0.3703781 0.7518155 0.3711065 0.7570254 0.3732511 0.7663628 0.3717337 0.7689628 0.3767312 0.7683659 0.3749001 0.7714311 0.3767312 0.7683659 0.3717337 0.7689628 0.3656841 0.8696306 0.366888 0.8723925 0.3691338 0.867567 0.3705906 0.8708345 0.3691338 0.867567 0.366888 0.8723925 0.36359 0.8814365 0.3608991 0.8828225 0.3654615 0.8849266 0.3622344 0.8865148 0.3654615 0.8849266 0.3608991 0.8828225 0.3733928 0.7537782 0.3711065 0.7570254 0.3767312 0.7683659 0.3732511 0.7663628 0.3767312 0.7683659 0.3711065 0.7570254 0.3717337 0.7689628 0.3535748 0.7725338 0.3749001 0.7714311 0.3540705 0.7757812 0.3749001 0.7714311 0.3535748 0.7725338 0.3535748 0.7725338 0.3237821 0.7779259 0.3540705 0.7757812 0.3792906 0.7701666 0.3749001 0.7714311 0.378977 0.7732723 0.3792906 0.7701666 0.3767312 0.7683659 0.3749001 0.7714311 0.3705906 0.8708345 0.366888 0.8723925 0.3654615 0.8849266 0.36359 0.8814365 0.3654615 0.8849266 0.366888 0.8723925 0.3027604 0.7448352 0.3040957 0.7395443 0.2985722 0.7450376 0.3005247 0.7369849 0.2985722 0.7450376 0.3040957 0.7395443 0.3107826 0.7644914 0.3027604 0.7448352 0.3077983 0.7675869 0.2985722 0.7450376 0.3077983 0.7675869 0.3027604 0.7448352 0.3144447 0.7660999 0.3107826 0.7644914 0.3145863 0.7706421 0.3077983 0.7675869 0.3145863 0.7706421 0.3107826 0.7644914 0.382801 0.7397366 0.3702061 0.744643 0.3859168 0.7431256 0.3717236 0.748983 0.3859168 0.7431256 0.3702061 0.744643 0.3702061 0.744643 0.3482941 0.7524529 0.3717236 0.748983 0.3497711 0.7564589 0.3717236 0.748983 0.3482941 0.7524529 0.3482941 0.7524529 0.3198671 0.7640867 0.3497711 0.7564589 0.3216375 0.7681736 0.3497711 0.7564589 0.3198671 0.7640867 0.3198671 0.7640867 0.3144447 0.7660999 0.3216375 0.7681736 0.3145863 0.7706421 0.3216375 0.7681736 0.3144447 0.7660999 0.3843083 0.7362364 0.382801 0.7397366 0.3887393 0.7363679 0.3859168 0.7431256 0.3887393 0.7363679 0.382801 0.7397366 0.3705804 0.7015777 0.3843083 0.7362364 0.3735951 0.6982898 0.3887393 0.7363679 0.3735951 0.6982898 0.3843083 0.7362364 0.3678895 0.7006268 0.3705804 0.7015777 0.3672117 0.6960542 0.3735951 0.6982898 0.3672117 0.6960542 0.3705804 0.7015777 0.3095181 0.7350528 0.3365288 0.7190992 0.3071002 0.7312996 0.3341514 0.7152247 0.3071002 0.7312996 0.3365288 0.7190992 0.3365288 0.7190992 0.3562152 0.7074957 0.3341514 0.7152247 0.3537873 0.7038235 0.3341514 0.7152247 0.3562152 0.7074957 0.3562152 0.7074957 0.3678895 0.7006268 0.3537873 0.7038235 0.3672117 0.6960542 0.3537873 0.7038235 0.3678895 0.7006268 0.3071002 0.7312996 0.3005247 0.7369849 0.3095181 0.7350528 0.3040957 0.7395443 0.3095181 0.7350528 0.3005247 0.7369849 0.3566198 0.9366515 0.3539188 0.9372788 0.3593209 0.9403238 0.3527352 0.9418109 0.3593209 0.9403238 0.3539188 0.9372788 0.3741515 0.9036824 0.3566198 0.9366515 0.3786634 0.9040769 0.3593209 0.9403238 0.3786634 0.9040769 0.3566198 0.9366515 0.373069 0.9 0.3741515 0.9036824 0.3766503 0.8969955 0.3786634 0.9040769 0.3766503 0.8969955 0.3741515 0.9036824 0.3083142 0.8656752 0.313423 0.868356 0.3090932 0.8611532 0.31577 0.8644815 0.3090932 0.8611532 0.313423 0.868356 0.313423 0.868356 0.3403022 0.8832776 0.31577 0.8644815 0.3423254 0.8794335 0.31577 0.8644815 0.3403022 0.8832776 0.3403022 0.8832776 0.3611317 0.8936166 0.3423254 0.8794335 0.3632258 0.8894587 0.3423254 0.8794335 0.3611317 0.8936166 0.3611317 0.8936166 0.373069 0.9 0.3632258 0.8894587 0.3766503 0.8969955 0.3632258 0.8894587 0.373069 0.9 0.3045509 0.8667981 0.3083142 0.8656752 0.3019814 0.8633282 0.3090932 0.8611532 0.3019814 0.8633282 0.3083142 0.8656752 0.2942424 0.8852504 0.3045509 0.8667981 0.2901047 0.8845624 0.3019814 0.8633282 0.2901047 0.8845624 0.3045509 0.8667981 0.2949101 0.8906525 0.2942424 0.8852504 0.2910557 0.8928073 0.2901047 0.8845624 0.2910557 0.8928073 0.2942424 0.8852504 0.3246117 0.9148812 0.2997355 0.8957815 0.321769 0.9185331 0.2968726 0.8992918 0.321769 0.9185331 0.2997355 0.8957815 0.2997355 0.8957815 0.2949101 0.8906525 0.2968726 0.8992918 0.2910557 0.8928073 0.2968726 0.8992918 0.2949101 0.8906525 0.321769 0.9185331 0.3399177 0.9321801 0.3246117 0.9148812 0.3427706 0.9287608 0.3246117 0.9148812 0.3399177 0.9321801 0.3399177 0.9321801 0.3527352 0.9418109 0.3427706 0.9287608 0.3539188 0.9372788 0.3427706 0.9287608 0.3527352 0.9418109 0.3181777 0.7830346 0.3239844 0.7824984 0.3163871 0.7786846 0.3237821 0.7779259 0.3163871 0.7786846 0.3239844 0.7824984 0.3239844 0.7824984 0.3544549 0.7801009 0.3237821 0.7779259 0.3540705 0.7757812 0.3237821 0.7779259 0.3544549 0.7801009 0.3544549 0.7801009 0.377672 0.7779461 0.3540705 0.7757812 0.378977 0.7732723 0.3540705 0.7757812 0.377672 0.7779461 0.3156283 0.7859785 0.3181777 0.7830346 0.3116021 0.7843195 0.3163871 0.7786846 0.3116021 0.7843195 0.3181777 0.7830346 0.3120472 0.8460495 0.317682 0.8162163 0.3078287 0.8471825 0.3135646 0.8159633 0.3078287 0.8471825 0.317682 0.8162163 0.317682 0.8162163 0.3156283 0.7859785 0.3135646 0.8159633 0.3116021 0.7843195 0.3135646 0.8159633 0.3156283 0.7859785 0.3142424 0.8493474 0.3120472 0.8460495 0.3118853 0.8533636 0.3078287 0.8471825 0.3118853 0.8533636 0.3120472 0.8460495 0.3726543 0.8614162 0.3498217 0.8565199 0.3733928 0.8662215 0.3489416 0.8607586 0.3733928 0.8662215 0.3498217 0.8565199 0.3498217 0.8565199 0.3198772 0.8505613 0.3489416 0.8607586 0.3191387 0.8550631 0.3489416 0.8607586 0.3198772 0.8505613 0.3198772 0.8505613 0.3142424 0.8493474 0.3191387 0.8550631 0.3118853 0.8533636 0.3191387 0.8550631 0.3142424 0.8493474 0.3756892 0.8593323 0.3726543 0.8614162 0.3794525 0.8620333 0.3733928 0.8662215 0.3794525 0.8620333 0.3726543 0.8614162 0.3804237 0.7803841 0.3831955 0.820101 0.3844904 0.7781686 0.3874848 0.8203641 0.3844904 0.7781686 0.3831955 0.820101 0.3831955 0.820101 0.3756892 0.8593323 0.3874848 0.8203641 0.3794525 0.8620333 0.3874848 0.8203641 0.3756892 0.8593323 0.377672 0.7779461 0.3804237 0.7803841 0.378977 0.7732723 0.3844904 0.7781686 0.378977 0.7732723 0.3804237 0.7803841 0.3678895 0.7006268 0.3562152 0.7074957 0.3705804 0.7015777 0.3562152 0.7074957 0.382801 0.7397366 0.3705804 0.7015777 0.3702061 0.744643 0.382801 0.7397366 0.3562152 0.7074957 0.3705804 0.7015777 0.382801 0.7397366 0.3843083 0.7362364 0.3562152 0.7074957 0.3365288 0.7190992 0.3702061 0.744643 0.3482941 0.7524529 0.3702061 0.744643 0.3365288 0.7190992 0.3365288 0.7190992 0.3095181 0.7350528 0.3482941 0.7524529 0.3198671 0.7640867 0.3482941 0.7524529 0.3095181 0.7350528 0.3095181 0.7350528 0.3040957 0.7395443 0.3198671 0.7640867 0.3198671 0.7640867 0.3040957 0.7395443 0.3107826 0.7644914 0.3144447 0.7660999 0.3198671 0.7640867 0.3107826 0.7644914 0.3107826 0.7644914 0.3040957 0.7395443 0.3027604 0.7448352 0.4037318 0.8213757 0.4151936 0.8220838 0.4001101 0.769074 0.4151936 0.8220838 0.4083043 0.767162 0.4001101 0.769074 0.4113292 0.7693877 0.4083043 0.767162 0.4151936 0.8220838 0.3937975 0.8728983 0.4151936 0.8220838 0.4037318 0.8213757 0.4017793 0.8757915 0.4151936 0.8220838 0.3937975 0.8728983 0.4050469 0.8739504 0.4151936 0.8220838 0.4017793 0.8757915 0.4037318 0.8213757 0.4001101 0.769074 0.3874848 0.8203641 0.3844904 0.7781686 0.3874848 0.8203641 0.4001101 0.769074 0.3874848 0.8203641 0.3794525 0.8620333 0.4037318 0.8213757 0.3794525 0.8620333 0.3937975 0.8728983 0.4037318 0.8213757 0.378977 0.7732723 0.3844904 0.7781686 0.4001101 0.769074 0.4001101 0.769074 0.3792906 0.7701666 0.378977 0.7732723 0.3734434 0.8693778 0.3937975 0.8728983 0.3733928 0.8662215 0.3794525 0.8620333 0.3733928 0.8662215 0.3938076 0.8729286 0.3489416 0.8607586 0.3691338 0.867567 0.3733928 0.8662215 0.378977 0.7732723 0.3749001 0.7714311 0.3540705 0.7757812 0.3566198 0.9366515 0.3741515 0.9036824 0.3539188 0.9372788 0.3539188 0.9372788 0.3741515 0.9036824 0.3427706 0.9287608 0.3741515 0.9036824 0.3611317 0.8936166 0.3427706 0.9287608 0.373069 0.9 0.3611317 0.8936166 0.3741515 0.9036824 0.3427706 0.9287608 0.3611317 0.8936166 0.3246117 0.9148812 0.3403022 0.8832776 0.3246117 0.9148812 0.3611317 0.8936166 0.3246117 0.9148812 0.3403022 0.8832776 0.2997355 0.8957815 0.313423 0.868356 0.2997355 0.8957815 0.3403022 0.8832776 0.2997355 0.8957815 0.313423 0.868356 0.2942424 0.8852504 0.2949101 0.8906525 0.2997355 0.8957815 0.2942424 0.8852504 0.313423 0.868356 0.3083142 0.8656752 0.2942424 0.8852504 0.2942424 0.8852504 0.3083142 0.8656752 0.3045509 0.8667981 0.3802921 0.8199289 0.3726543 0.8614162 0.3831955 0.820101 0.3756892 0.8593323 0.3831955 0.820101 0.3726543 0.8614162 0.3831955 0.820101 0.3804237 0.7803841 0.3802921 0.8199289 0.377672 0.7779461 0.3802921 0.8199289 0.3804237 0.7803841 0.3802921 0.8199289 0.3572875 0.8184722 0.3726543 0.8614162 0.3802921 0.8199289 0.377672 0.7779461 0.3572875 0.8184722 0.3498217 0.8565199 0.3726543 0.8614162 0.3572875 0.8184722 0.3572875 0.8184722 0.3257346 0.8167018 0.3498217 0.8565199 0.3198772 0.8505613 0.3498217 0.8565199 0.3257346 0.8167018 0.3544549 0.7801009 0.3572875 0.8184722 0.377672 0.7779461 0.3572875 0.8184722 0.3544549 0.7801009 0.3257346 0.8167018 0.3239844 0.7824984 0.3257346 0.8167018 0.3544549 0.7801009 0.3198772 0.8505613 0.3257346 0.8167018 0.317682 0.8162163 0.3257346 0.8167018 0.3239844 0.7824984 0.317682 0.8162163 0.3120472 0.8460495 0.3198772 0.8505613 0.317682 0.8162163 0.3142424 0.8493474 0.3198772 0.8505613 0.3120472 0.8460495 0.3239844 0.7824984 0.3181777 0.7830346 0.317682 0.8162163 0.317682 0.8162163 0.3181777 0.7830346 0.3156283 0.7859785 0.2796546 0.7784216 0.2800795 0.779676 0.28621 0.7775009 0.286817 0.7793421 0.28621 0.7775009 0.2800795 0.779676 0.2800795 0.779676 0.2783293 0.7917246 0.286817 0.7793421 0.2847027 0.7939501 0.286817 0.7793421 0.2783293 0.7917246 0.2783293 0.7917246 0.2775605 0.7928373 0.2847027 0.7939501 0.2835797 0.7955789 0.2847027 0.7939501 0.2775605 0.7928373 0.2775605 0.7928373 0.2700036 0.7974302 0.2835797 0.7955789 0.2717537 0.8027312 0.2835797 0.7955789 0.2700036 0.7974302 0.2700036 0.7974302 0.2687188 0.7977337 0.2717537 0.8027312 0.2698721 0.8031865 0.2717537 0.8027312 0.2687188 0.7977337 0.2687188 0.7977337 0.2565084 0.79741 0.2698721 0.8031865 0.2550718 0.8027818 0.2698721 0.8031865 0.2565084 0.79741 0.2565084 0.79741 0.2552539 0.7970255 0.2550718 0.8027818 0.2532205 0.8022354 0.2550718 0.8027818 0.2552539 0.7970255 0.2552539 0.7970255 0.2479297 0.7920381 0.2532205 0.8022354 0.2417789 0.7944559 0.2532205 0.8022354 0.2479297 0.7920381 0.291774 0.8000807 0.2922494 0.8013352 0.2982687 0.7988465 0.2989667 0.8006877 0.2982687 0.7988465 0.2922494 0.8013352 0.2922494 0.8013352 0.2910861 0.8134646 0.2989667 0.8006877 0.2975605 0.8153867 0.2989667 0.8006877 0.2910861 0.8134646 0.2910861 0.8134646 0.290388 0.8145774 0.2975605 0.8153867 0.2965286 0.8170256 0.2975605 0.8153867 0.290388 0.8145774 0.2682939 0.8198885 0.2607471 0.8152856 0.2665235 0.8251895 0.2547178 0.8180169 0.2665235 0.8251895 0.2607471 0.8152856 0.2665235 0.8251895 0.2684052 0.8256448 0.2682939 0.8198885 0.2695787 0.820192 0.2682939 0.8198885 0.2684052 0.8256448 0.2684052 0.8256448 0.2832054 0.8252906 0.2695787 0.820192 0.2817891 0.8198987 0.2695787 0.820192 0.2832054 0.8252906 0.2832054 0.8252906 0.2850567 0.8247444 0.2817891 0.8198987 0.2830436 0.8195345 0.2817891 0.8198987 0.2850567 0.8247444 0.2850567 0.8247444 0.2965286 0.8170256 0.2830436 0.8195345 0.290388 0.8145774 0.2830436 0.8195345 0.2965286 0.8170256 0.1275753 0.6346478 0.1275753 0.650136 0.1300336 0.6335452 0.1300538 0.6512285 0.1300336 0.6335452 0.1275753 0.650136 0.1275753 0.650136 0.1259668 0.6516029 0.1300538 0.6512285 0.1269177 0.6540713 0.1300538 0.6512285 0.1259668 0.6516029 0.1269177 0.6540713 0.1259668 0.6516029 0.108425 0.6540713 0.109376 0.6515927 0.108425 0.6540713 0.1259668 0.6516029 0.109376 0.6515927 0.1077776 0.650136 0.108425 0.6540713 0.1052991 0.6512285 0.108425 0.6540713 0.1077776 0.650136 0.1077776 0.650136 0.1077776 0.6346377 0.1052991 0.6512285 0.1052991 0.6335452 0.1052991 0.6512285 0.1077776 0.6346377 0.1077776 0.6346377 0.109376 0.633181 0.1052991 0.6335452 0.108425 0.6307126 0.1052991 0.6335452 0.109376 0.633181 0.109376 0.633181 0.1259162 0.633181 0.108425 0.6307126 0.126857 0.6307126 0.108425 0.6307126 0.1259162 0.633181 0.1259162 0.633181 0.1275753 0.6346478 0.126857 0.6307126 0.1300336 0.6335452 0.126857 0.6307126 0.1275753 0.6346478 0.2601907 0.6505103 0.2602716 0.6343443 0.2579145 0.6516231 0.2579954 0.6332113 0.2579145 0.6516231 0.2602716 0.6343443 0.2602716 0.6343443 0.2617992 0.6328269 0.2579954 0.6332113 0.2609393 0.6302371 0.2579954 0.6332113 0.2617992 0.6328269 0.2617992 0.6328269 0.2770445 0.6328572 0.2609393 0.6302371 0.2779348 0.6302776 0.2609393 0.6302371 0.2770445 0.6328572 0.2770445 0.6328572 0.2785215 0.6343747 0.2779348 0.6302776 0.2808079 0.6332214 0.2779348 0.6302776 0.2785215 0.6343747 0.2785215 0.6343747 0.2784406 0.6505507 0.2808079 0.6332214 0.2807168 0.6517141 0.2808079 0.6332214 0.2784406 0.6505507 0.2784406 0.6505507 0.2769636 0.6520581 0.2807168 0.6517141 0.2778336 0.6546479 0.2807168 0.6517141 0.2769636 0.6520581 0.2778336 0.6546479 0.2769636 0.6520581 0.2607774 0.6546074 0.2579145 0.6516231 0.2607774 0.6546074 0.2601907 0.6505103 0.2616677 0.6520277 0.2607774 0.6546074 0.2769636 0.6520581 0.2616677 0.6520277 0.2601907 0.6505103 0.2607774 0.6546074 0.4001101 0.769074 0.3987949 0.7650173 0.3792906 0.7701666 0.3749001 0.7509961 0.3945562 0.7467776 0.3939189 0.7424073 0.3843994 0.898604 0.3855223 0.8944158 0.3666856 0.8879109 0.2749404 0.8090944 0.2817689 0.8192208 0.2751225 0.8077894 0.2817689 0.8192208 0.2824467 0.8028424 0.2751225 0.8077894 0.2837517 0.8031763 0.2824467 0.8028424 0.2817689 0.8192208 0.290388 0.8145774 0.2837517 0.8031763 0.2817689 0.8192208 0.2830436 0.8195345 0.290388 0.8145774 0.2817689 0.8192208 0.2905701 0.8132724 0.2837517 0.8031763 0.290388 0.8145774 0.3734434 0.8693778 0.3920069 0.8767931 0.3937975 0.8728983 0.2209291 0.702387 0.2147884 0.7459278 0.2249959 0.7032165 0.2778033 0.7915122 0.2714907 0.7811024 0.2775605 0.7928373 0.2714907 0.7811024 0.2687289 0.7970559 0.2775605 0.7928373 0.2702261 0.780728 0.2687289 0.7970559 0.2714907 0.7811024 0.2626489 0.7853209 0.2687289 0.7970559 0.2702261 0.780728 0.262396 0.7866158 0.2687289 0.7970559 0.2626489 0.7853209 0.2687289 0.7970559 0.2700036 0.7974302 0.2775605 0.7928373 0.2035289 0.6970152 0.1992598 0.6950324 0.1891738 0.7373896 0.09456562 0.6965701 0.108597 0.737076 0.09884482 0.6946176 0.07712501 0.7018103 0.07305818 0.7025995 0.08290141 0.7454119 0.3733928 0.7537782 0.3767312 0.7683659 0.3749001 0.7509961 0.3749001 0.7509961 0.3767312 0.7683659 0.3945562 0.7467776 0.3945562 0.7467776 0.3767312 0.7683659 0.3987949 0.7650173 0.3987949 0.7650173 0.3767312 0.7683659 0.3792906 0.7701666 0.3703781 0.7518155 0.3733928 0.7537782 0.3749001 0.7509961 0.3717236 0.748983 0.3703781 0.7518155 0.3749001 0.7509961 0.3703781 0.7518155 0.3497711 0.7564589 0.3686078 0.7553158 0.3507524 0.7596152 0.3686078 0.7553158 0.3497711 0.7564589 0.3507524 0.7596152 0.3497711 0.7564589 0.3216375 0.7681736 0.3705906 0.8708345 0.3654615 0.8849266 0.3734434 0.8693778 0.3734434 0.8693778 0.3654615 0.8849266 0.3920069 0.8767931 0.3920069 0.8767931 0.3654615 0.8849266 0.3855223 0.8944158 0.3855223 0.8944158 0.3654615 0.8849266 0.3666856 0.8879109 0.3654615 0.8849266 0.3622344 0.8865148 0.3666856 0.8879109 0.3622344 0.8865148 0.3632258 0.8894587 0.3666856 0.8879109 0.3608991 0.8828225 0.343681 0.8764289 0.3622344 0.8865148 0.3423254 0.8794335 0.3622344 0.8865148 0.343681 0.8764289 0.343681 0.8764289 0.31577 0.8644815 0.3423254 0.8794335 0.3691338 0.867567 0.3705906 0.8708345 0.3734434 0.8693778 0.3733928 0.8662215 0.3691338 0.867567 0.3734434 0.8693778 0.3691338 0.867567 0.3489416 0.8607586 0.3656841 0.8696306 0.3480715 0.8639149 0.3656841 0.8696306 0.3489416 0.8607586 0.3480715 0.8639149 0.3489416 0.8607586 0.3191387 0.8550631 0.5684261 0.6902069 0.5680316 0.6940208 0.5643189 0.6901259 0.5640963 0.6938892 0.5643189 0.6901259 0.5680316 0.6940208 0.553029 0.6561552 0.5552951 0.6352851 0.5670604 0.657096 0.5686689 0.6366913 0.5670604 0.657096 0.5552951 0.6352851 0.5686689 0.6366913 0.5732719 0.6366407 0.5670604 0.657096 0.571805 0.6564283 0.5670604 0.657096 0.5732719 0.6366407 0.5507731 0.6897921 0.553029 0.6561552 0.5643189 0.6901259 0.5670604 0.657096 0.5643189 0.6901259 0.553029 0.6561552 0.5670604 0.657096 0.571805 0.6564283 0.5643189 0.6901259 0.5684261 0.6902069 0.5643189 0.6901259 0.571805 0.6564283 0.5381479 0.6553459 0.536074 0.6901867 0.5335449 0.654921 0.5315824 0.6902474 0.5335449 0.654921 0.536074 0.6901867 0.536074 0.6901867 0.5381479 0.6553459 0.5471312 0.6902474 0.5498626 0.6557506 0.5471312 0.6902474 0.5381479 0.6553459 0.5315824 0.6902474 0.5090532 0.6893369 0.5335449 0.654921 0.5090532 0.6893369 0.480869 0.6778447 0.5335449 0.654921 0.48269 0.6556292 0.5335449 0.654921 0.480869 0.6778447 0.480869 0.6778447 0.4778442 0.6785731 0.48269 0.6556292 0.48269 0.6556292 0.4778442 0.6785731 0.4608791 0.6830748 0.4778442 0.6785731 0.4274243 0.725422 0.4608791 0.6830748 0.431056 0.7120481 0.4608791 0.6830748 0.4274243 0.725422 0.4091541 0.721952 0.431056 0.7120481 0.4274243 0.725422 0.4091541 0.721952 0.4274243 0.725422 0.4104895 0.732129 0.4282235 0.729782 0.4104895 0.732129 0.4274243 0.725422 0.5498626 0.6557506 0.553029 0.6561552 0.5471312 0.6902474 0.5507731 0.6897921 0.5471312 0.6902474 0.553029 0.6561552 0.553029 0.6561552 0.5498626 0.6557506 0.5552951 0.6352851 0.5525435 0.6342229 0.5552951 0.6352851 0.5498626 0.6557506 0.5716229 0.6926449 0.5684261 0.6902069 0.5747489 0.6559428 0.571805 0.6564283 0.5747489 0.6559428 0.5684261 0.6902069 0.5747489 0.6559428 0.571805 0.6564283 0.5763877 0.6366205 0.5732719 0.6366407 0.5763877 0.6366205 0.571805 0.6564283 0.5410613 0.6324425 0.5525435 0.6342229 0.5381479 0.6553459 0.5498626 0.6557506 0.5381479 0.6553459 0.5525435 0.6342229 0.7170961 0.8245117 0.7188463 0.8284976 0.74003 0.822367 0.7404144 0.826444 0.74003 0.822367 0.7188463 0.8284976 0.6325638 0.8392007 0.633181 0.8435709 0.6615574 0.8326756 0.6644911 0.83654 0.6615574 0.8326756 0.633181 0.8435709 0.633181 0.8435709 0.6325638 0.8392007 0.6293671 0.8442386 0.6288714 0.8397065 0.6293671 0.8442386 0.6325638 0.8392007 0.6293671 0.8442386 0.6288714 0.8397065 0.6095289 0.8442284 0.6091344 0.8397065 0.6095289 0.8442284 0.6288714 0.8397065 0.6792104 0.8346989 0.6615574 0.8326756 0.6644911 0.83654 0.6615574 0.8326756 0.6792104 0.8346989 0.7170961 0.8245117 0.7157608 0.8286189 0.7170961 0.8245117 0.6792104 0.8346989 0.6291951 0.878442 0.6291344 0.8740414 0.6191192 0.8782802 0.61571 0.87392 0.6191192 0.8782802 0.6291344 0.8740414 0.6291344 0.8740414 0.6291951 0.878442 0.6324627 0.8731714 0.6331506 0.8775215 0.6324627 0.8731714 0.6291951 0.878442 0.6331506 0.8775215 0.6608998 0.8703085 0.6324627 0.8731714 0.6608796 0.8659685 0.6324627 0.8731714 0.6608998 0.8703085 0.6191192 0.8782802 0.61571 0.87392 0.6151839 0.9068487 0.6113498 0.9025089 0.6151839 0.9068487 0.61571 0.87392 0.6151839 0.9068487 0.6113498 0.9025089 0.6092052 0.907041 0.6089017 0.9024988 0.6092052 0.907041 0.6113498 0.9025089 0.5367821 0.6317444 0.5410613 0.6324425 0.5335449 0.654921 0.5381479 0.6553459 0.5335449 0.654921 0.5410613 0.6324425 0.4001405 0.919565 0.4024672 0.9349824 0.4159321 0.919565 0.4159321 0.9349824 0.4159321 0.919565 0.4024672 0.9349824 0.7170961 0.8245117 0.74003 0.822367 0.7127259 0.7769446 0.7357205 0.7749112 0.7127259 0.7769446 0.74003 0.822367 0.231612 0.6878397 0.255699 0.6878801 0.2315412 0.6855432 0.2556383 0.6855837 0.2315412 0.6855432 0.255699 0.6878801 0.2316322 0.6807683 0.2557192 0.6808088 0.2316322 0.6782999 0.2557192 0.6783404 0.2316322 0.6782999 0.2557192 0.6808088 0.2315513 0.6830648 0.2556383 0.6831153 0.2316322 0.6807683 0.2557192 0.6808088 0.2316322 0.6807683 0.2556383 0.6831153 0.2315412 0.6855432 0.2556383 0.6855837 0.2315513 0.6830648 0.2556383 0.6831153 0.2315513 0.6830648 0.2556383 0.6855837 0.2316322 0.6807683 0.2291638 0.6806874 0.2315513 0.6830648 0.2290829 0.6829838 0.2315513 0.6830648 0.2291638 0.6806874 0.4144956 0.6894886 0.4408689 0.6695088 0.4185724 0.7017699 0.4544754 0.6760541 0.4185724 0.7017699 0.4408689 0.6695088 0.4408689 0.6695088 0.4535548 0.6599893 0.4544754 0.6760541 0.4739696 0.6580571 0.4544754 0.6760541 0.4535548 0.6599893 0.4144956 0.6894886 0.4185724 0.7017699 0.3965289 0.7003941 0.4144956 0.6894886 0.3965289 0.7003941 0.3955072 0.6958012 0.3965795 0.7087097 0.3965289 0.7003941 0.4185724 0.7017699 0.4062608 0.6444303 0.4467061 0.6451385 0.4058259 0.6538082 0.4475356 0.6546984 0.4058259 0.6538082 0.4467061 0.6451385 0.4467061 0.6451385 0.4713191 0.6458062 0.4475356 0.6546984 0.48269 0.6556292 0.4475356 0.6546984 0.4713191 0.6458062 0.48269 0.6556292 0.4713191 0.6458062 0.4827608 0.6313499 0.4713293 0.6314612 0.4827608 0.6313499 0.4713191 0.6458062 0.4713293 0.6314612 0.4713191 0.6458062 0.4523914 0.6314713 0.4523914 0.6458062 0.4523914 0.6314713 0.4713191 0.6458062 0.4058259 0.6538082 0.3817286 0.653616 0.4062608 0.6444303 0.3851581 0.643965 0.4062608 0.6444303 0.3817286 0.653616 0.4384612 0.645098 0.4076468 0.6443899 0.4384612 0.6314713 0.4076468 0.6314713 0.4384612 0.6314713 0.4076468 0.6443899 0.4384612 0.6314713 0.4523914 0.6314713 0.4384612 0.645098 0.4523914 0.6458062 0.4384612 0.645098 0.4523914 0.6314713 0.4076468 0.6443899 0.3902163 0.641446 0.4076468 0.6314713 0.3893564 0.6440662 0.3902163 0.641446 0.4076468 0.6443899 0.3901961 0.6314713 0.4076468 0.6314713 0.3902163 0.641446 0.3425177 0.5860792 0.3329476 0.5860893 0.3425986 0.6256949 0.3330588 0.6187247 0.3425986 0.6256949 0.3329476 0.5860893 0.336812 0.6299437 0.3330588 0.6187247 0.2904285 0.6299033 0.2904285 0.6187044 0.2904285 0.6299033 0.3330588 0.6187247 0.2816778 0.6257049 0.2904285 0.6187044 0.2816778 0.5860994 0.2904285 0.5861095 0.2816778 0.5860994 0.2904285 0.6187044 0.2904285 0.5773588 0.2904285 0.5861095 0.3368019 0.5773285 0.3329476 0.5860893 0.3368019 0.5773285 0.2904285 0.5861095 0.6335755 0.906434 0.6292154 0.9069499 0.6337576 0.9326859 0.6292356 0.9318261 0.6337576 0.9326859 0.6292154 0.9069499 0.6292356 0.9318261 0.6292154 0.9069499 0.6276069 0.9313 0.6292154 0.9069499 0.6335755 0.906434 0.6291951 0.878442 0.6331506 0.8775215 0.6291951 0.878442 0.6335755 0.906434 0.6292154 0.9069499 0.6291951 0.878442 0.6151839 0.9068487 0.6191192 0.8782802 0.6151839 0.9068487 0.6291951 0.878442 0.6151839 0.9068487 0.6220327 0.9283461 0.6292154 0.9069499 0.6252295 0.9283561 0.6292154 0.9069499 0.6220327 0.9283461 0.6252295 0.9283561 0.6276069 0.9313 0.6292154 0.9069499 0.6335755 0.906434 0.659443 0.8877187 0.6331506 0.8775215 0.6608998 0.8703085 0.6331506 0.8775215 0.659443 0.8877187 0.6337576 0.9326859 0.6399488 0.9322206 0.6335755 0.906434 0.6399488 0.9322206 0.6442786 0.9275873 0.6335755 0.906434 0.6442786 0.9275873 0.6502776 0.9145979 0.6335755 0.906434 0.6502776 0.9145979 0.659443 0.8877187 0.6335755 0.906434 0.6220327 0.9283461 0.6151839 0.9068487 0.6092254 0.9283561 0.6092052 0.907041 0.6092254 0.9283561 0.6151839 0.9068487 0.4159321 0.9770361 0.4024369 0.9770361 0.4159321 0.9905111 0.4001 0.9905111 0.4159321 0.9905111 0.4024369 0.9770361 0.3887596 0.9774812 0.4024369 0.9770361 0.3881728 0.9287406 0.4024672 0.9349824 0.3881728 0.9287406 0.4024369 0.9770361 0.6300044 0.7767726 0.6229938 0.7874048 0.6288714 0.8397065 0.6229432 0.8306827 0.6288714 0.8397065 0.6229938 0.7874048 0.6300044 0.7767726 0.6089725 0.7767726 0.6229938 0.7874048 0.6089725 0.7874048 0.6229938 0.7874048 0.6089725 0.7767726 0.6300044 0.7767726 0.6288714 0.8397065 0.6343747 0.7766715 0.6325638 0.8392007 0.6343747 0.7766715 0.6288714 0.8397065 0.6325638 0.8392007 0.6601917 0.8239856 0.6343747 0.7766715 0.6595442 0.7830953 0.6343747 0.7766715 0.6601917 0.8239856 0.6343747 0.7766715 0.6595442 0.7830953 0.7127259 0.7769446 0.6947593 0.7836518 0.7127259 0.7769446 0.6595442 0.7830953 0.7127259 0.7769446 0.6947593 0.7836518 0.7170961 0.8245117 0.6953055 0.8247343 0.7170961 0.8245117 0.6947593 0.7836518 0.6615574 0.8326756 0.6601917 0.8239856 0.6325638 0.8392007 0.6601917 0.8239856 0.6615574 0.8326756 0.6953055 0.8247343 0.7170961 0.8245117 0.6953055 0.8247343 0.6615574 0.8326756 0.6229432 0.8306827 0.6089523 0.8306827 0.6288714 0.8397065 0.6091344 0.8397065 0.6288714 0.8397065 0.6089523 0.8306827 0.2904285 0.6187044 0.3330588 0.6187247 0.2904285 0.5861095 0.3329476 0.5860893 0.2904285 0.5861095 0.3330588 0.6187247 0.4159321 0.9770361 0.4159321 0.9349824 0.4024369 0.9770361 0.4024672 0.9349824 0.4024369 0.9770361 0.4159321 0.9349824 0.4827608 0.6313499 0.5334033 0.6312386 0.48269 0.6556292 0.5335449 0.654921 0.48269 0.6556292 0.5334033 0.6312386 0.641881 0.7694281 0.6343747 0.7766715 0.7048048 0.7695293 0.7127259 0.7769446 0.7048048 0.7695293 0.6343747 0.7766715 0.641881 0.7694281 0.6384819 0.7664337 0.6343747 0.7766715 0.6307732 0.7745976 0.6343747 0.7766715 0.6384819 0.7664337 0.6307732 0.7745976 0.6384819 0.7664337 0.6308036 0.7536163 0.6384819 0.7536163 0.6308036 0.7536163 0.6384819 0.7664337 0.7127259 0.7769446 0.7127158 0.7538186 0.7048048 0.7695293 0.704815 0.7538186 0.7048048 0.7695293 0.7127158 0.7538186 0.6095289 0.8442284 0.61571 0.87392 0.6293671 0.8442386 0.6095795 0.873748 0.61571 0.87392 0.6095289 0.8442284 0.61571 0.87392 0.6095795 0.873748 0.6113498 0.9025089 0.6089017 0.9024988 0.6113498 0.9025089 0.6095795 0.873748 0.61571 0.87392 0.6291344 0.8740414 0.6293671 0.8442386 0.6291344 0.8740414 0.6324627 0.8731714 0.6293671 0.8442386 0.633181 0.8435709 0.6293671 0.8442386 0.6324627 0.8731714 0.6324627 0.8731714 0.6608796 0.8659685 0.633181 0.8435709 0.663611 0.8420029 0.633181 0.8435709 0.6608796 0.8659685 0.663611 0.8420029 0.6643394 0.8377034 0.633181 0.8435709 0.633181 0.8435709 0.6643394 0.8377034 0.6644911 0.83654 0.6644911 0.83654 0.6643394 0.8377034 0.6792104 0.8346989 0.6790384 0.8383914 0.6792104 0.8346989 0.6643394 0.8377034 0.3453705 0.689873 0.3452895 0.6866864 0.3069485 0.689873 0.3068676 0.6866864 0.3069485 0.689873 0.3452895 0.6866864 0.3452895 0.6866864 0.3452895 0.6832671 0.3068676 0.6866864 0.3068676 0.6832671 0.3068676 0.6866864 0.3452895 0.6832671 0.3452895 0.6832671 0.3453705 0.6800804 0.3068676 0.6832671 0.3069485 0.6800804 0.3068676 0.6832671 0.3453705 0.6800804 0.3453705 0.6933025 0.3453705 0.689873 0.3069485 0.6933025 0.3069485 0.689873 0.3069485 0.6933025 0.3453705 0.689873 0.3069485 0.689873 0.3068676 0.6866864 0.3035292 0.6899641 0.3034483 0.6867774 0.3035292 0.6899641 0.3068676 0.6866864 0.3257751 0.709074 0.3256941 0.7058873 0.2873531 0.709074 0.2872722 0.7058873 0.2873531 0.709074 0.3256941 0.7058873 0.3256941 0.7058873 0.3256941 0.7024578 0.2872722 0.7058873 0.2872722 0.7024578 0.2872722 0.7058873 0.3256941 0.7024578 0.3256941 0.7024578 0.3257751 0.6992711 0.2872722 0.7024578 0.2873531 0.6992711 0.2872722 0.7024578 0.3257751 0.6992711 0.3257751 0.7124932 0.3257751 0.709074 0.2873531 0.7124932 0.2873531 0.709074 0.2873531 0.7124932 0.3257751 0.709074 0.2873531 0.709074 0.2872722 0.7058873 0.2839338 0.7091649 0.2838427 0.7059783 0.2839338 0.7091649 0.2872722 0.7058873 0.4500141 0.7616082 0.4496499 0.7164083 0.4459878 0.7617194 0.4456236 0.7164993 0.4459878 0.7617194 0.4496499 0.7164083 0.517116 0.7518054 0.4889216 0.7545672 0.5168529 0.7557508 0.4892858 0.7585631 0.5168529 0.7557508 0.4889216 0.7545672 0.4889216 0.7545672 0.4500141 0.7616082 0.4892858 0.7585631 0.4509853 0.7654625 0.4892858 0.7585631 0.4500141 0.7616082 0.5160841 0.7239146 0.517116 0.7518054 0.5201002 0.723692 0.5211422 0.7516536 0.5201002 0.723692 0.517116 0.7518054 0.4496499 0.7164083 0.4875053 0.7208595 0.4505199 0.7125337 0.487819 0.7168534 0.4505199 0.7125337 0.4875053 0.7208595 0.4875053 0.7208595 0.5160841 0.7239146 0.487819 0.7168534 0.5158412 0.7199591 0.487819 0.7168534 0.5160841 0.7239146 0.1891738 0.7373896 0.1949199 0.6982291 0.1860175 0.7368231 0.1860175 0.7368231 0.1799173 0.7632369 0.1891738 0.7373896 0.1814652 0.7649769 0.1891738 0.7373896 0.1799173 0.7632369 0.1932811 0.6993724 0.1860175 0.7368231 0.1949199 0.6982291 0.4500141 0.7616082 0.4889216 0.7545672 0.4496499 0.7164083 0.4875053 0.7208595 0.4496499 0.7164083 0.4889216 0.7545672 0.4875053 0.7208595 0.4889216 0.7545672 0.5160841 0.7239146 0.517116 0.7518054 0.5160841 0.7239146 0.4889216 0.7545672 0.1384706 0.6512589 0.1421934 0.6512589 0.1384909 0.6335654 0.1421934 0.6335654 0.1384909 0.6335654 0.1421934 0.6512589 0.09682154 0.6334743 0.09328085 0.6333327 0.09691262 0.6513803 0.093382 0.6515725 0.09691262 0.6513803 0.09328085 0.6333327 0.1052991 0.6512285 0.1052991 0.6335452 0.09691262 0.6513803 0.09682154 0.6334743 0.09691262 0.6513803 0.1052991 0.6335452 0.1300336 0.6335452 0.1300538 0.6512285 0.1384909 0.6335654 0.1384706 0.6512589 0.1384909 0.6335654 0.1300538 0.6512285 0.093382 0.6515725 0.09328085 0.6333327 0.03824782 0.6519164 0.03814667 0.6335654 0.03824782 0.6519164 0.09328085 0.6333327 0.03814667 0.6335654 0.02131301 0.6353863 0.03824782 0.6519164 0.02136361 0.6520075 0.03824782 0.6519164 0.02131301 0.6353863 0.01769137 0.6336665 0.02131301 0.6353863 0.03814667 0.6335654 0.260039 0.9650179 0.2391891 0.9776835 0.2664123 0.9730098 0.2467257 0.9878809 0.2664123 0.9730098 0.2391891 0.9776835 0.260039 0.9650179 0.2664123 0.9730098 0.2720976 0.956945 0.277864 0.9633588 0.2720976 0.956945 0.2664123 0.9730098 0.277864 0.9633588 0.2917133 0.9499647 0.2720976 0.956945 0.2874138 0.9455337 0.2720976 0.956945 0.2917133 0.9499647 0.2467257 0.9878809 0.2391891 0.9776835 0.23492 0.9963786 0.2267662 0.9850685 0.23492 0.9963786 0.2391891 0.9776835 0.260039 0.9650179 0.2579752 0.9632172 0.2391891 0.9776835 0.2367309 0.9754782 0.2391891 0.9776835 0.2579752 0.9632172 0.2391891 0.9776835 0.2367309 0.9754782 0.2267662 0.9850685 0.2874138 0.9455337 0.2861392 0.9442388 0.2720976 0.956945 0.2703374 0.9552454 0.2720976 0.956945 0.2861392 0.9442388 0.2720976 0.956945 0.2703374 0.9552454 0.260039 0.9650179 0.2579752 0.9632172 0.260039 0.9650179 0.2703374 0.9552454 0.2240449 0.9824787 0.2267662 0.9850685 0.2367309 0.9754782 0.02650272 0.6709453 0.01222854 0.6718356 0.02668482 0.6748705 0.0124005 0.6755584 0.02668482 0.6748705 0.01222854 0.6718356 0.02668482 0.6748705 0.0302053 0.6735958 0.02650272 0.6709453 0.03006368 0.6707228 0.02650272 0.6709453 0.0302053 0.6735958 0.2367309 0.9754782 0.2579752 0.9632172 0.2355574 0.9715429 0.2563161 0.9596764 0.2355574 0.9715429 0.2579752 0.9632172 0.2563161 0.9596764 0.2579752 0.9632172 0.2685873 0.9518363 0.2703374 0.9552454 0.2685873 0.9518363 0.2579752 0.9632172 0.2703374 0.9552454 0.2861392 0.9442388 0.2685873 0.9518363 0.2836809 0.9415883 0.2685873 0.9518363 0.2861392 0.9442388 0.2355574 0.9715429 0.2230232 0.978159 0.2367309 0.9754782 0.2240449 0.9824787 0.2367309 0.9754782 0.2230232 0.978159 0.0302053 0.6735958 0.03450477 0.6724021 0.03006368 0.6707228 0.0342822 0.6708138 0.03006368 0.6707228 0.03450477 0.6724021 0.5640963 0.6938892 0.5680316 0.6940208 0.5643189 0.6901259 0.5684261 0.6902069 0.5643189 0.6901259 0.5680316 0.6940208 0.5686689 0.6366913 0.5552951 0.6352851 0.5670604 0.657096 0.553029 0.6561552 0.5670604 0.657096 0.5552951 0.6352851 0.5686689 0.6366913 0.5670604 0.657096 0.5732719 0.6366407 0.571805 0.6564283 0.5732719 0.6366407 0.5670604 0.657096 0.5670604 0.657096 0.553029 0.6561552 0.5643189 0.6901259 0.5507731 0.6897921 0.5643189 0.6901259 0.553029 0.6561552 0.5670604 0.657096 0.5643189 0.6901259 0.571805 0.6564283 0.5684261 0.6902069 0.571805 0.6564283 0.5643189 0.6901259 0.5315824 0.6902474 0.536074 0.6901867 0.5335449 0.654921 0.5381479 0.6553459 0.5335449 0.654921 0.536074 0.6901867 0.536074 0.6901867 0.5471312 0.6902474 0.5381479 0.6553459 0.5498626 0.6557506 0.5381479 0.6553459 0.5471312 0.6902474 0.5090532 0.6893369 0.5315824 0.6902474 0.5335449 0.654921 0.5090532 0.6893369 0.5335449 0.654921 0.480869 0.6778447 0.48269 0.6556292 0.480869 0.6778447 0.5335449 0.654921 0.4778442 0.6785731 0.480869 0.6778447 0.48269 0.6556292 0.4778442 0.6785731 0.48269 0.6556292 0.4608791 0.6830748 0.4778442 0.6785731 0.4608791 0.6830748 0.4274243 0.725422 0.431056 0.7120481 0.4274243 0.725422 0.4608791 0.6830748 0.431056 0.7120481 0.4091541 0.721952 0.4274243 0.725422 0.4091541 0.721952 0.4104895 0.732129 0.4274243 0.725422 0.4282235 0.729782 0.4274243 0.725422 0.4104895 0.732129 0.5507731 0.6897921 0.553029 0.6561552 0.5471312 0.6902474 0.5498626 0.6557506 0.5471312 0.6902474 0.553029 0.6561552 0.553029 0.6561552 0.5552951 0.6352851 0.5498626 0.6557506 0.5525435 0.6342229 0.5498626 0.6557506 0.5552951 0.6352851 0.571805 0.6564283 0.5684261 0.6902069 0.5747489 0.6559428 0.5716229 0.6926449 0.5747489 0.6559428 0.5684261 0.6902069 0.5747489 0.6559428 0.5763877 0.6366205 0.571805 0.6564283 0.5732719 0.6366407 0.571805 0.6564283 0.5763877 0.6366205 0.5498626 0.6557506 0.5525435 0.6342229 0.5381479 0.6553459 0.5410613 0.6324425 0.5381479 0.6553459 0.5525435 0.6342229 0.7018306 0.8559635 0.7001411 0.8775619 0.7059075 0.856277 0.7041573 0.8792412 0.7059075 0.856277 0.7001411 0.8775619 0.6911173 0.9320183 0.6852297 0.9636622 0.6952145 0.9348509 0.6895595 0.9641781 0.6952145 0.9348509 0.6852297 0.9636622 0.6852297 0.9636622 0.6847542 0.9676278 0.6895595 0.9641781 0.6892661 0.9680831 0.6895595 0.9641781 0.6847542 0.9676278 0.6847542 0.9676278 0.6856343 0.9875167 0.6892661 0.9680831 0.6899135 0.9877797 0.6892661 0.9680831 0.6856343 0.9875167 0.6952145 0.9348509 0.6934947 0.9172686 0.6911173 0.9320183 0.6952145 0.9348509 0.7041573 0.8792412 0.6934947 0.9172686 0.6997871 0.8806575 0.6934947 0.9172686 0.7041573 0.8792412 0.6558416 0.9827923 0.6549918 0.9694489 0.65136 0.9796866 0.6505406 0.9696208 0.65136 0.9796866 0.6549918 0.9694489 0.6549918 0.9694489 0.6556898 0.9661205 0.6505406 0.9696208 0.6512589 0.9657058 0.6505406 0.9696208 0.6556898 0.9661205 0.6512589 0.9657058 0.6556898 0.9661205 0.6565194 0.9375823 0.6611021 0.9373192 0.6565194 0.9375823 0.6556898 0.9661205 0.6277586 0.9895298 0.6558416 0.9827923 0.6232163 0.9860801 0.65136 0.9796866 0.6232163 0.9860801 0.6558416 0.9827923 0.6279407 0.9919881 0.6277586 0.9895298 0.6234086 0.9920488 0.6232163 0.9860801 0.6234086 0.9920488 0.6277586 0.9895298 0.5381479 0.6553459 0.5410613 0.6324425 0.5335449 0.654921 0.5367821 0.6317444 0.5335449 0.654921 0.5410613 0.6324425 0.4713293 0.6314612 0.4523914 0.6314713 0.4713191 0.6458062 0.4523914 0.6458062 0.4713191 0.6458062 0.4523914 0.6314713 0.2985924 0.9928176 0.2985924 0.9793528 0.283165 0.9928176 0.283165 0.9770259 0.283165 0.9928176 0.2985924 0.9793528 0.7534341 0.8598279 0.7059075 0.856277 0.751765 0.8828426 0.7041573 0.8792412 0.751765 0.8828426 0.7059075 0.856277 0.222659 0.6666762 0.2228006 0.6643798 0.1985821 0.6659276 0.1987237 0.6636312 0.1985821 0.6659276 0.2228006 0.6643798 0.2228006 0.6643798 0.2228816 0.6619114 0.1987237 0.6636312 0.1988046 0.6611628 0.1987237 0.6636312 0.2228816 0.6619114 0.2228816 0.6619114 0.2228816 0.659615 0.1988046 0.6611628 0.1988046 0.6588563 0.1988046 0.6611628 0.2228816 0.659615 0.2228816 0.659615 0.2229524 0.6571466 0.1988046 0.6588563 0.1988754 0.6563879 0.1988046 0.6588563 0.2229524 0.6571466 0.1963362 0.6588563 0.1963362 0.6611628 0.1988046 0.6588563 0.1988046 0.6611628 0.1988046 0.6588563 0.1963362 0.6611628 0.4544754 0.6760541 0.4408689 0.6695088 0.4185724 0.7017699 0.4144956 0.6894886 0.4185724 0.7017699 0.4408689 0.6695088 0.4408689 0.6695088 0.4544754 0.6760541 0.4535548 0.6599893 0.4739696 0.6580571 0.4535548 0.6599893 0.4544754 0.6760541 0.4144956 0.6894886 0.3965289 0.7003941 0.4185724 0.7017699 0.3965289 0.7003941 0.4144956 0.6894886 0.3955072 0.6958012 0.3965795 0.7087097 0.4185724 0.7017699 0.3965289 0.7003941 0.4475356 0.6546984 0.4467061 0.6451385 0.4058259 0.6538082 0.4062608 0.6444303 0.4058259 0.6538082 0.4467061 0.6451385 0.4467061 0.6451385 0.4475356 0.6546984 0.4713191 0.6458062 0.48269 0.6556292 0.4713191 0.6458062 0.4475356 0.6546984 0.48269 0.6556292 0.4827608 0.6313499 0.4713191 0.6458062 0.4713293 0.6314612 0.4713191 0.6458062 0.4827608 0.6313499 0.4058259 0.6538082 0.4062608 0.6444303 0.3817286 0.653616 0.3851581 0.643965 0.3817286 0.653616 0.4062608 0.6444303 0.4384612 0.645098 0.4384612 0.6314713 0.4076468 0.6443899 0.4076468 0.6314713 0.4076468 0.6443899 0.4384612 0.6314713 0.4384612 0.6314713 0.4384612 0.645098 0.4523914 0.6314713 0.4523914 0.6458062 0.4523914 0.6314713 0.4384612 0.645098 0.4076468 0.6443899 0.4076468 0.6314713 0.3902163 0.641446 0.3902163 0.641446 0.3893564 0.6440662 0.4076468 0.6443899 0.3901961 0.6314713 0.3902163 0.641446 0.4076468 0.6314713 0.7263324 0.7565601 0.7264437 0.7249768 0.7170961 0.7633078 0.7171771 0.7249566 0.7170961 0.7633078 0.7264437 0.7249768 0.7676072 0.7565601 0.7263324 0.7565601 0.767597 0.7674049 0.7226905 0.7674049 0.767597 0.7674049 0.7263324 0.7565601 0.7676072 0.7249768 0.7676072 0.7565601 0.7760847 0.7249768 0.7760847 0.7633279 0.7760847 0.7249768 0.7676072 0.7565601 0.7264437 0.7249768 0.7676072 0.7249768 0.7227007 0.7164993 0.767597 0.7164993 0.7227007 0.7164993 0.7676072 0.7249768 0.5972982 0.9736775 0.6221238 0.9720994 0.5961348 0.9691858 0.6223767 0.9676481 0.5961348 0.9691858 0.6221238 0.9720994 0.6221238 0.9720994 0.5972982 0.9736775 0.5979356 0.9752657 0.6221238 0.9720994 0.6505406 0.9696208 0.6223767 0.9676481 0.6512589 0.9657058 0.6223767 0.9676481 0.6505406 0.9696208 0.6221238 0.9720994 0.6232163 0.9860801 0.6505406 0.9696208 0.65136 0.9796866 0.6505406 0.9696208 0.6232163 0.9860801 0.6232163 0.9860801 0.6221238 0.9720994 0.6012942 0.9806578 0.6010514 0.9774812 0.6012942 0.9806578 0.6221238 0.9720994 0.5979356 0.9752657 0.6010514 0.9774812 0.6221238 0.9720994 0.6223767 0.9676481 0.6512589 0.9657058 0.6391799 0.9404047 0.6565194 0.9375823 0.6391799 0.9404047 0.6512589 0.9657058 0.5962057 0.9629137 0.5961348 0.9691858 0.6223767 0.9676481 0.6005658 0.9583208 0.5962057 0.9629137 0.6223767 0.9676481 0.6131101 0.9515328 0.6005658 0.9583208 0.6223767 0.9676481 0.6391799 0.9404047 0.6131101 0.9515328 0.6223767 0.9676481 0.6012942 0.9806578 0.6021439 0.9934145 0.6232163 0.9860801 0.6234086 0.9920488 0.6232163 0.9860801 0.6021439 0.9934145 0.3542425 0.9769855 0.3406461 0.9793122 0.3542425 0.9928074 0.3406461 0.9928176 0.3542425 0.9928074 0.3406461 0.9793122 0.2985924 0.9793528 0.3406461 0.9793122 0.2923405 0.9650583 0.3411013 0.9655237 0.2923405 0.9650583 0.3406461 0.9793122 0.6984922 0.9737483 0.7417397 0.9720994 0.6892661 0.9680831 0.7520685 0.9647447 0.6892661 0.9680831 0.7417397 0.9720994 0.7520685 0.9647447 0.7417397 0.9720994 0.752898 0.9857362 0.7422758 0.9861408 0.752898 0.9857362 0.7417397 0.9720994 0.7520685 0.9647447 0.7518964 0.9610218 0.6892661 0.9680831 0.6984922 0.9737483 0.6892661 0.9680831 0.6988968 0.9877291 0.6899135 0.9877797 0.6988968 0.9877291 0.6892661 0.9680831 0.6895595 0.9641781 0.6892661 0.9680831 0.7518964 0.9610218 0.6895595 0.9641781 0.7518964 0.9610218 0.7040258 0.9361559 0.7452196 0.9360244 0.7040258 0.9361559 0.7518964 0.9610218 0.7518964 0.9610218 0.751765 0.8828426 0.7452196 0.9360244 0.7451488 0.9008802 0.7452196 0.9360244 0.751765 0.8828426 0.751765 0.8828426 0.7041573 0.8792412 0.7451488 0.9008802 0.703955 0.9009914 0.7451488 0.9008802 0.7041573 0.8792412 0.7040258 0.9361559 0.6952145 0.9348509 0.6895595 0.9641781 0.7041573 0.8792412 0.6952145 0.9348509 0.703955 0.9009914 0.7040258 0.9361559 0.703955 0.9009914 0.6952145 0.9348509 0.7264437 0.7249768 0.7263324 0.7565601 0.7676072 0.7249768 0.7676072 0.7565601 0.7676072 0.7249768 0.7263324 0.7565601 0.2985924 0.9793528 0.2985924 0.9928176 0.3406461 0.9793122 0.3406461 0.9928176 0.3406461 0.9793122 0.2985924 0.9928176 0.5335449 0.654921 0.5334033 0.6312386 0.48269 0.6556292 0.4827608 0.6313499 0.48269 0.6556292 0.5334033 0.6312386 0.751765 0.8828426 0.7518964 0.9610218 0.7590589 0.8907233 0.7592308 0.9535763 0.7590589 0.8907233 0.7518964 0.9610218 0.751765 0.8828426 0.7590589 0.8907233 0.7748606 0.8829842 0.7747999 0.8908852 0.7748606 0.8829842 0.7590589 0.8907233 0.7518964 0.9610218 0.7539501 0.9645323 0.7592308 0.9535763 0.7621645 0.9569653 0.7592308 0.9535763 0.7539501 0.9645323 0.7539501 0.9645323 0.7749516 0.964593 0.7621645 0.9569653 0.774982 0.9570158 0.7621645 0.9569653 0.7749516 0.964593 0.6549918 0.9694489 0.6558416 0.9827923 0.6847542 0.9676278 0.6549918 0.9694489 0.6847542 0.9676278 0.6556898 0.9661205 0.6852297 0.9636622 0.6556898 0.9661205 0.6847542 0.9676278 0.6556898 0.9661205 0.6852297 0.9636622 0.6611021 0.9373192 0.6851689 0.9331513 0.6611021 0.9373192 0.6852297 0.9636622 0.6852297 0.9636622 0.6898022 0.9321801 0.6851689 0.9331513 0.6898022 0.9321801 0.6852297 0.9636622 0.6911173 0.9320183 0.6911173 0.9320183 0.6934947 0.9172686 0.6898022 0.9321801 0.6897921 0.9173799 0.6898022 0.9321801 0.6934947 0.9172686 0.6558416 0.9827923 0.6856343 0.9875167 0.6847542 0.9676278 0.6558416 0.9827923 0.6563879 0.9888824 0.6856343 0.9875167 0.6558416 0.9827923 0.6277586 0.9895298 0.6563879 0.9888824 0.6279407 0.9919881 0.6563879 0.9888824 0.6277586 0.9895298 0.1484858 0.8378147 0.1236703 0.8401011 0.1484656 0.84262 0.1245708 0.8445218 0.1484656 0.84262 0.1236703 0.8401011 0.1245708 0.8445218 0.1236703 0.8401011 0.1089005 0.8496609 0.1073628 0.8457054 0.1089005 0.8496609 0.1236703 0.8401011 0.1484858 0.8378147 0.1484656 0.84262 0.173281 0.8402932 0.1723402 0.8447141 0.173281 0.8402932 0.1484656 0.84262 0.1723402 0.8447141 0.18797 0.8499644 0.173281 0.8402932 0.1895481 0.8460292 0.173281 0.8402932 0.18797 0.8499644 0.1031544 0.6978649 0.1047933 0.6990182 0.1490726 0.6900956 0.1490625 0.6934846 0.1490726 0.6900956 0.1047933 0.6990182 0.1490625 0.6934846 0.1932811 0.6993724 0.1490726 0.6900956 0.1949199 0.6982291 0.1490726 0.6900956 0.1932811 0.6993724 0.117641 0.7629941 0.1487994 0.7591802 0.1117533 0.7365298 0.1489107 0.7318863 0.1117533 0.7365298 0.1487994 0.7591802 0.1117533 0.7365298 0.1489107 0.7318863 0.1047933 0.6990182 0.1490625 0.6934846 0.1047933 0.6990182 0.1489107 0.7318863 0.1489107 0.7318863 0.1487994 0.7591802 0.1860175 0.7368231 0.1799173 0.7632369 0.1860175 0.7368231 0.1487994 0.7591802 0.1490625 0.6934846 0.1489107 0.7318863 0.1932811 0.6993724 0.1860175 0.7368231 0.1932811 0.6993724 0.1489107 0.7318863 0.1079192 0.7729992 0.1236703 0.8401011 0.148759 0.7692156 0.1484858 0.8378147 0.148759 0.7692156 0.1236703 0.8401011 0.1079192 0.7729992 0.06726151 0.7878905 0.1236703 0.8401011 0.1073628 0.8457054 0.1236703 0.8401011 0.06726151 0.7878905 0.1484858 0.8378147 0.173281 0.8402932 0.148759 0.7692156 0.1895583 0.7733127 0.148759 0.7692156 0.173281 0.8402932 0.1895583 0.7733127 0.173281 0.8402932 0.2300945 0.7885278 0.1895481 0.8460292 0.2300945 0.7885278 0.173281 0.8402932 0.2465234 0.6334642 0.1943534 0.6335654 0.2465234 0.6513702 0.1943534 0.6512589 0.2465234 0.6513702 0.1943534 0.6335654 0.1943534 0.6512589 0.1943534 0.6335654 0.1421934 0.6512589 0.1421934 0.6335654 0.1421934 0.6512589 0.1943534 0.6335654 0.2974492 0.6859378 0.2603121 0.6852297 0.2976213 0.6890435 0.2598467 0.6883354 0.2976213 0.6890435 0.2603121 0.6852297 0.2977325 0.6822858 0.2601705 0.6815675 0.2974492 0.6859378 0.2603121 0.6852297 0.2974492 0.6859378 0.2601705 0.6815675 0.2981372 0.6791092 0.2597152 0.6783708 0.2977325 0.6822858 0.2601705 0.6815675 0.2977325 0.6822858 0.2597152 0.6783708 0.2976213 0.6890435 0.2598467 0.6883354 0.2976617 0.6924527 0.2596748 0.6917142 0.2976617 0.6924527 0.2598467 0.6883354 0.3004943 0.6924325 0.3004538 0.6889929 0.2976617 0.6924527 0.2976213 0.6890435 0.2976617 0.6924527 0.3004538 0.6889929 0.3253401 0.6725842 0.363762 0.6725842 0.3254311 0.6693975 0.363853 0.6693975 0.3254311 0.6693975 0.363762 0.6725842 0.3253401 0.6760035 0.363762 0.6760035 0.3253401 0.6725842 0.363762 0.6725842 0.3253401 0.6725842 0.363762 0.6760035 0.3254311 0.6659782 0.363853 0.6659782 0.3253401 0.6627814 0.363762 0.6627814 0.3253401 0.6627814 0.363853 0.6659782 0.3254311 0.6693975 0.363853 0.6693975 0.3254311 0.6659782 0.363853 0.6659782 0.3254311 0.6659782 0.363853 0.6693975 0.3219208 0.6724932 0.3253401 0.6725842 0.3220118 0.6693065 0.3254311 0.6693975 0.3220118 0.6693065 0.3253401 0.6725842 0.6056948 0.7093369 0.6016685 0.7092864 0.6057049 0.7545672 0.6016786 0.7544863 0.6057049 0.7545672 0.6016685 0.7092864 0.5623866 0.7517751 0.5627104 0.7477791 0.5347993 0.7491853 0.534506 0.74525 0.5347993 0.7491853 0.5627104 0.7477791 0.5627104 0.7477791 0.5623866 0.7517751 0.6016786 0.7544863 0.6007479 0.7583507 0.6016786 0.7544863 0.5623866 0.7517751 0.5304797 0.7451286 0.534506 0.74525 0.5312788 0.717167 0.5353051 0.7173491 0.5312788 0.717167 0.534506 0.74525 0.5634995 0.7100552 0.5638535 0.7140512 0.6007681 0.7054219 0.6016685 0.7092864 0.6007681 0.7054219 0.5638535 0.7140512 0.5638535 0.7140512 0.5634995 0.7100552 0.5353051 0.7173491 0.5355176 0.7133936 0.5353051 0.7173491 0.5634995 0.7100552 0.1047933 0.6990182 0.1031544 0.6978649 0.1117533 0.7365298 0.108597 0.737076 0.1117533 0.7365298 0.1031544 0.6978649 0.1117533 0.7365298 0.108597 0.737076 0.117641 0.7629941 0.1160831 0.7647139 0.117641 0.7629941 0.108597 0.737076 0.1487994 0.7591802 0.117641 0.7629941 0.1487792 0.7627918 0.1160831 0.7647139 0.1487792 0.7627918 0.117641 0.7629941 0.1487994 0.7591802 0.1487792 0.7627918 0.1799173 0.7632369 0.1814652 0.7649769 0.1799173 0.7632369 0.1487792 0.7627918 0.5638535 0.7140512 0.5627104 0.7477791 0.6016685 0.7092864 0.6016786 0.7544863 0.6016685 0.7092864 0.5627104 0.7477791 0.5638535 0.7140512 0.5353051 0.7173491 0.5627104 0.7477791 0.534506 0.74525 0.5627104 0.7477791 0.5353051 0.7173491 0.2465234 0.6334642 0.2465234 0.6513702 0.2502362 0.6332923 0.2502362 0.6515321 0.2502362 0.6332923 0.2465234 0.6513702 0.2920775 0.6518456 0.2922494 0.6332923 0.2884659 0.6518052 0.2886379 0.633272 0.2884659 0.6518052 0.2922494 0.6332923 0.2886379 0.633272 0.2808079 0.6332214 0.2884659 0.6518052 0.2807168 0.6517141 0.2884659 0.6518052 0.2808079 0.6332214 0.2502362 0.6515321 0.2579145 0.6516231 0.2502362 0.6332923 0.2579954 0.6332113 0.2502362 0.6332923 0.2579145 0.6516231 0.3480108 0.6338082 0.2922494 0.6332923 0.3478389 0.6523717 0.2920775 0.6518456 0.3478389 0.6523717 0.2922494 0.6332923 0.3480108 0.6338082 0.3478389 0.6523717 0.3650265 0.6357303 0.3649153 0.6525335 0.3650265 0.6357303 0.3478389 0.6523717 0.3650265 0.6357303 0.3686988 0.6340004 0.3480108 0.6338082 0.09713518 0.7403335 0.08290141 0.7454119 0.1068772 0.7697013 0.09713518 0.7403335 0.1068772 0.7697013 0.108597 0.737076 0.1068772 0.7697013 0.1160831 0.7647139 0.108597 0.737076 0.1068772 0.7697013 0.1487691 0.7664337 0.1160831 0.7647139 0.1487792 0.7627918 0.1160831 0.7647139 0.1487691 0.7664337 0.08290141 0.7454119 0.09332126 0.7709557 0.1068772 0.7697013 0.1068772 0.7697013 0.09332126 0.7709557 0.0650258 0.7853108 0.1068772 0.7697013 0.0650258 0.7853108 0.1079192 0.7729992 0.1068772 0.7697013 0.1079192 0.7729992 0.1487691 0.7664337 0.06726151 0.7878905 0.1079192 0.7729992 0.0650258 0.7853108 0.06705921 0.7798479 0.0650258 0.7853108 0.09332126 0.7709557 0.0650258 0.7853108 0.06705921 0.7798479 0.04757511 0.7586846 0.04757511 0.7586846 0.04385226 0.7621544 0.0650258 0.7853108 0.04757511 0.7586846 0.02336663 0.7241574 0.04385226 0.7621544 0.02769643 0.7458671 0.04385226 0.7621544 0.02336663 0.7241574 0.04757511 0.7586846 0.05091351 0.7564285 0.02336663 0.7241574 0.05091351 0.7564285 0.04757511 0.7586846 0.06705921 0.7798479 0.02919369 0.7257963 0.02336663 0.7241574 0.05091351 0.7564285 0.02336663 0.7241574 0.02919369 0.7257963 0.07305818 0.7025995 0.07114624 0.6945266 0.02336663 0.7241574 0.07305818 0.7025995 0.0679292 0.6928675 0.02336663 0.7241574 0.07114624 0.6945266 0.01685172 0.7136061 0.02336663 0.7241574 0.0679292 0.6928675 0.07049876 0.7082646 0.07305818 0.7025995 0.02919369 0.7257963 0.07305818 0.7025995 0.07049876 0.7082646 0.08290141 0.7454119 0.02336663 0.7241574 0.01685172 0.7136061 0.01540505 0.7358215 0.02336663 0.7241574 0.02325534 0.7441068 0.02769643 0.7458671 0.02336663 0.7241574 0.01540505 0.7358215 0.02325534 0.7441068 0.01685172 0.7136061 0.01181375 0.7368332 0.01540505 0.7358215 0.01685172 0.7136061 0.002365052 0.7264032 0.01181375 0.7368332 0.07712501 0.7018103 0.08290141 0.7454119 0.09713518 0.7403335 0.07712501 0.7018103 0.09713518 0.7403335 0.09456562 0.6965701 0.09713518 0.7403335 0.108597 0.737076 0.09456562 0.6965701 0.108597 0.737076 0.1031544 0.6978649 0.09884482 0.6946176 0.09884482 0.6946176 0.1031544 0.6978649 0.1490827 0.6864638 0.09884482 0.6946176 0.1490827 0.6864638 0.09838956 0.6834998 0.09652817 0.6866156 0.09884482 0.6946176 0.09838956 0.6834998 0.09838956 0.6834998 0.1490827 0.6864638 0.1491333 0.6749514 0.1490726 0.6900956 0.1490827 0.6864638 0.1031544 0.6978649 0.1490827 0.6864638 0.199796 0.6839044 0.1491333 0.6749514 0.1992598 0.6950324 0.199796 0.6839044 0.1490827 0.6864638 0.2016372 0.6870304 0.199796 0.6839044 0.1992598 0.6950324 0.1490726 0.6900956 0.1949199 0.6982291 0.1490827 0.6864638 0.1992598 0.6950324 0.1490827 0.6864638 0.1949199 0.6982291 0.1949199 0.6982291 0.1891738 0.7373896 0.1992598 0.6950324 0.1891738 0.7373896 0.2006458 0.7406066 0.2035289 0.6970152 0.1906306 0.7700351 0.2006458 0.7406066 0.1891738 0.7373896 0.2147884 0.7459278 0.2006458 0.7406066 0.1906306 0.7700351 0.1814652 0.7649769 0.1906306 0.7700351 0.1891738 0.7373896 0.1906306 0.7700351 0.1814652 0.7649769 0.1487691 0.7664337 0.1487792 0.7627918 0.1487691 0.7664337 0.1814652 0.7649769 0.2041764 0.7714007 0.2147884 0.7459278 0.1906306 0.7700351 0.1906306 0.7700351 0.2323505 0.7859785 0.2041764 0.7714007 0.1906306 0.7700351 0.1895583 0.7733127 0.2323505 0.7859785 0.1906306 0.7700351 0.1487691 0.7664337 0.1895583 0.7733127 0.2300945 0.7885278 0.2323505 0.7859785 0.1895583 0.7733127 0.2303677 0.7804955 0.2041764 0.7714007 0.2323505 0.7859785 0.2323505 0.7859785 0.2500136 0.7594838 0.2303677 0.7804955 0.2537162 0.762984 0.2500136 0.7594838 0.2323505 0.7859785 0.2500136 0.7594838 0.2537162 0.762984 0.2745155 0.7251589 0.2700036 0.7468281 0.2745155 0.7251589 0.2537162 0.762984 0.2500136 0.7594838 0.2745155 0.7251589 0.2467056 0.7571974 0.2467056 0.7571974 0.2303677 0.7804955 0.2500136 0.7594838 0.2686682 0.7267573 0.2467056 0.7571974 0.2745155 0.7251589 0.2745155 0.7251589 0.2249959 0.7032165 0.2686682 0.7267573 0.2745155 0.7251589 0.2269686 0.6951538 0.2249959 0.7032165 0.2301957 0.6935149 0.2269686 0.6951538 0.2745155 0.7251589 0.2811113 0.7146581 0.2301957 0.6935149 0.2745155 0.7251589 0.2275047 0.7088918 0.2686682 0.7267573 0.2249959 0.7032165 0.2275047 0.7088918 0.2249959 0.7032165 0.2147884 0.7459278 0.2811113 0.7146581 0.2745155 0.7251589 0.2823759 0.736894 0.2744649 0.7451084 0.2745155 0.7251589 0.2700036 0.7468281 0.2823759 0.736894 0.2745155 0.7251589 0.2744649 0.7451084 0.285957 0.7379257 0.2811113 0.7146581 0.2823759 0.736894 0.2954968 0.7275667 0.2811113 0.7146581 0.285957 0.7379257 0.2006458 0.7406066 0.2147884 0.7459278 0.2209291 0.702387 0.2006458 0.7406066 0.2209291 0.702387 0.2035289 0.6970152 0.148759 0.7692156 0.1487691 0.7664337 0.1079192 0.7729992 0.148759 0.7692156 0.1895583 0.7733127 0.1487691 0.7664337 0.2845306 0.8893678 0.3037012 0.8548406 0.2792904 0.8847546 0.2973279 0.8525644 0.2792904 0.8847546 0.3037012 0.8548406 0.2973279 0.8525644 0.3037012 0.8548406 0.3044295 0.815407 0.3110558 0.8158016 0.3044295 0.815407 0.3037012 0.8548406 0.3110558 0.8158016 0.3084458 0.7762061 0.3044295 0.815407 0.3018398 0.7776628 0.3044295 0.815407 0.3084458 0.7762061 0.3018398 0.7776628 0.3084458 0.7762061 0.2878488 0.7435099 0.293605 0.7395849 0.2878488 0.7435099 0.3084458 0.7762061 0.3110558 0.8158016 0.3037012 0.8548406 0.3135646 0.8159633 0.3078287 0.8471825 0.3135646 0.8159633 0.3037012 0.8548406 0.3135646 0.8159633 0.3116021 0.7843195 0.3110558 0.8158016 0.3084458 0.7762061 0.3110558 0.8158016 0.3116021 0.7843195 0.3037012 0.8548406 0.2845306 0.8893678 0.3019814 0.8633282 0.2901047 0.8845624 0.3019814 0.8633282 0.2845306 0.8893678 0.293605 0.7395849 0.3084458 0.7762061 0.2985722 0.7450376 0.3077983 0.7675869 0.2985722 0.7450376 0.3084458 0.7762061 0.3019814 0.8633282 0.3090932 0.8611532 0.3037012 0.8548406 0.2910557 0.8928073 0.2901047 0.8845624 0.2845306 0.8893678 0.3116021 0.7843195 0.3163871 0.7786846 0.3084458 0.7762061 0.2985722 0.7450376 0.3005247 0.7369849 0.293605 0.7395849 0.3005247 0.7369849 0.3071002 0.7312996 0.293605 0.7395849 0.3056132 0.7292965 0.293605 0.7395849 0.3071002 0.7312996 0.3071002 0.7312996 0.3341514 0.7152247 0.3056132 0.7292965 0.32968 0.7091448 0.3056132 0.7292965 0.3341514 0.7152247 0.3341514 0.7152247 0.3537873 0.7038235 0.32968 0.7091448 0.32968 0.7091448 0.3537873 0.7038235 0.3445106 0.6966612 0.3537873 0.7038235 0.3467159 0.6921492 0.3445106 0.6966612 0.3537873 0.7038235 0.3728971 0.6899236 0.3467159 0.6921492 0.3676872 0.6750425 0.3467159 0.6921492 0.3728971 0.6899236 0.3728971 0.6899236 0.3820828 0.684481 0.3676872 0.6750425 0.3939189 0.7424073 0.3820828 0.684481 0.3728971 0.6899236 0.4020727 0.7404346 0.3820828 0.684481 0.3939189 0.7424073 0.4037722 0.7370963 0.3820828 0.684481 0.4020727 0.7404346 0.3716933 0.6717243 0.3676872 0.6750425 0.3820828 0.684481 0.3537873 0.7038235 0.3672117 0.6960542 0.3728971 0.6899236 0.3887393 0.7363679 0.3939189 0.7424073 0.3728971 0.6899236 0.3735951 0.6982898 0.3887393 0.7363679 0.3729072 0.6899034 0.3672117 0.6960542 0.3735951 0.6982898 0.3729072 0.6899034 0.3717236 0.748983 0.3749001 0.7509961 0.3939189 0.7424073 0.3859168 0.7431256 0.3717236 0.748983 0.3938784 0.7424681 0.3887393 0.7363679 0.3859168 0.7431256 0.3938784 0.7424681 0.3497711 0.7564589 0.3703781 0.7518155 0.3717236 0.748983 0.3298621 0.9381792 0.3399177 0.9321801 0.3166096 0.9240263 0.3298621 0.9381792 0.3315009 0.9429339 0.3399177 0.9321801 0.3399177 0.9321801 0.3315009 0.9429339 0.357672 0.9485686 0.3503072 0.9624079 0.357672 0.9485686 0.3315009 0.9429339 0.357672 0.9485686 0.3503072 0.9624079 0.3657246 0.9547396 0.357672 0.9485686 0.3657246 0.9547396 0.3843994 0.898604 0.3657246 0.9547396 0.3923104 0.9015984 0.3843994 0.898604 0.3935952 0.9051189 0.3923104 0.9015984 0.3657246 0.9547396 0.3538885 0.9661711 0.3657246 0.9547396 0.3503072 0.9624079 0.3593209 0.9403238 0.357672 0.9485686 0.3843994 0.898604 0.3527352 0.9418109 0.3399177 0.9321801 0.357672 0.9485686 0.3593209 0.9403238 0.3527352 0.9418109 0.357672 0.9485686 0.321769 0.9185331 0.3166096 0.9240263 0.3399177 0.9321801 0.321769 0.9185331 0.2968726 0.8992918 0.3166096 0.9240263 0.2951528 0.9011027 0.3166096 0.9240263 0.2968726 0.8992918 0.2968726 0.8992918 0.2910557 0.8928073 0.2951528 0.9011027 0.2845306 0.8893678 0.2951528 0.9011027 0.2910557 0.8928073 0.3843994 0.898604 0.3666856 0.8879109 0.3766503 0.8969955 0.3766503 0.8969955 0.3666856 0.8879109 0.3632258 0.8894587 0.3632258 0.8894587 0.3622344 0.8865148 0.3423254 0.8794335 0.3786634 0.9040769 0.3593209 0.9403238 0.38445 0.8985938 0.3766503 0.8969955 0.3786634 0.9040769 0.38445 0.8985938 0.3656841 0.8696306 0.3480715 0.8639149 0.3608991 0.8828225 0.343681 0.8764289 0.3608991 0.8828225 0.3480715 0.8639149 0.3480715 0.8639149 0.3191387 0.8550631 0.343681 0.8764289 0.31577 0.8644815 0.343681 0.8764289 0.3191387 0.8550631 0.31577 0.8644815 0.3191387 0.8550631 0.3090932 0.8611532 0.3118853 0.8533636 0.3090932 0.8611532 0.3191387 0.8550631 0.3656841 0.8696306 0.3608991 0.8828225 0.366888 0.8723925 0.36359 0.8814365 0.366888 0.8723925 0.3608991 0.8828225 0.3090932 0.8611532 0.3118853 0.8533636 0.3037012 0.8548406 0.3118853 0.8533636 0.3078287 0.8471825 0.3037012 0.8548406 0.3717337 0.7689628 0.3686078 0.7553158 0.3535748 0.7725338 0.3507524 0.7596152 0.3535748 0.7725338 0.3686078 0.7553158 0.3507524 0.7596152 0.3216375 0.7681736 0.3535748 0.7725338 0.3237821 0.7779259 0.3535748 0.7725338 0.3216375 0.7681736 0.3237821 0.7779259 0.3216375 0.7681736 0.3163871 0.7786846 0.3145863 0.7706421 0.3163871 0.7786846 0.3216375 0.7681736 0.3686078 0.7553158 0.3717337 0.7689628 0.3711065 0.7570254 0.3732511 0.7663628 0.3711065 0.7570254 0.3717337 0.7689628 0.3163871 0.7786846 0.3145863 0.7706421 0.3084458 0.7762061 0.3145863 0.7706421 0.3077983 0.7675869 0.3084458 0.7762061 0.14798 0.9708752 0.1480711 0.9449875 0.1364372 0.9475672 0.1480711 0.9449875 0.1481519 0.9238948 0.1364372 0.9475672 0.1282126 0.9277087 0.1364372 0.9475672 0.1481519 0.9238948 0.1282126 0.9277087 0.1154357 0.9338999 0.1364372 0.9475672 0.1293861 0.951816 0.1364372 0.9475672 0.1154357 0.9338999 0.14798 0.9708752 0.1364372 0.9475672 0.1293861 0.951816 0.1481519 0.9238948 0.1482329 0.9030653 0.1282126 0.9277087 0.1300032 0.9048255 0.1282126 0.9277087 0.1482329 0.9030653 0.1282126 0.9277087 0.1300032 0.9048255 0.1141914 0.9092868 0.1154357 0.9338999 0.1282126 0.9277087 0.1043785 0.913829 0.1141914 0.9092868 0.1043785 0.913829 0.1282126 0.9277087 0.1300032 0.9048255 0.1482329 0.9030653 0.1289006 0.8816591 0.148324 0.880354 0.1289006 0.8816591 0.1482329 0.9030653 0.1289006 0.8816591 0.148324 0.880354 0.1279698 0.8620839 0.1483948 0.8607789 0.1279698 0.8620839 0.148324 0.880354 0.1300032 0.9048255 0.1105798 0.889833 0.1141914 0.9092868 0.1300032 0.9048255 0.1289006 0.8816591 0.1105798 0.889833 0.1073325 0.8918057 0.1141914 0.9092868 0.1105798 0.889833 0.1073325 0.8918057 0.09751957 0.8955589 0.1141914 0.9092868 0.1043785 0.913829 0.1141914 0.9092868 0.09751957 0.8955589 0.1101246 0.8846332 0.1105798 0.889833 0.1289006 0.8816591 0.1101246 0.8846332 0.1289006 0.8816591 0.1091838 0.8765908 0.1196137 0.8738896 0.1091838 0.8765908 0.1289006 0.8816591 0.1289006 0.8816591 0.1279698 0.8620839 0.1196137 0.8738896 0.11929 0.8638644 0.1196137 0.8738896 0.1279698 0.8620839 0.1483948 0.8607789 0.148324 0.880354 0.1688095 0.8622356 0.1677373 0.8818107 0.1688095 0.8622356 0.148324 0.880354 0.148324 0.880354 0.1482329 0.9030653 0.1677373 0.8818107 0.1664525 0.9049671 0.1677373 0.8818107 0.1482329 0.9030653 0.1664525 0.9049671 0.1482329 0.9030653 0.1680711 0.9278604 0.1481519 0.9238948 0.1680711 0.9278604 0.1482329 0.9030653 0.1680711 0.9278604 0.1481519 0.9238948 0.1596948 0.9476581 0.1480711 0.9449875 0.1596948 0.9476581 0.1481519 0.9238948 0.1480711 0.9449875 0.14798 0.9708752 0.1596948 0.9476581 0.1680711 0.9278604 0.1596948 0.9476581 0.1807975 0.9341528 0.1667054 0.9519576 0.1807975 0.9341528 0.1596948 0.9476581 0.1596948 0.9476581 0.14798 0.9708752 0.1667054 0.9519576 0.1664525 0.9049671 0.1680711 0.9278604 0.182234 0.9095499 0.182234 0.9095499 0.1680711 0.9278604 0.1920064 0.9141629 0.1807975 0.9341528 0.1920064 0.9141629 0.1680711 0.9278604 0.1664525 0.9049671 0.182234 0.9095499 0.1859872 0.8901264 0.1664525 0.9049671 0.1859872 0.8901264 0.1677373 0.8818107 0.1892244 0.8921193 0.1859872 0.8901264 0.182234 0.9095499 0.1920064 0.9141629 0.1990069 0.8959433 0.182234 0.9095499 0.1892244 0.8921193 0.182234 0.9095499 0.1990069 0.8959433 0.186493 0.8849266 0.1677373 0.8818107 0.1859872 0.8901264 0.186493 0.8849266 0.1874844 0.8768942 0.1677373 0.8818107 0.1770747 0.8741122 0.1677373 0.8818107 0.1874844 0.8768942 0.1677373 0.8818107 0.1770747 0.8741122 0.1688095 0.8622356 0.1774793 0.8640869 0.1688095 0.8622356 0.1770747 0.8741122 0.2679398 0.8320181 0.2485164 0.8167929 0.2614148 0.8398886 0.2407875 0.8268384 0.2614148 0.8398886 0.2485164 0.8167929 0.2679398 0.8320181 0.2614148 0.8398886 0.27926 0.8419017 0.2734128 0.8481031 0.27926 0.8419017 0.2614148 0.8398886 0.2407875 0.8268384 0.2485164 0.8167929 0.2285063 0.8192006 0.2368927 0.8080625 0.2285063 0.8192006 0.2485164 0.8167929 0.2614148 0.8398886 0.2407875 0.8268384 0.2593005 0.8416589 0.2382584 0.8289933 0.2593005 0.8416589 0.2407875 0.8268384 0.2407875 0.8268384 0.2285063 0.8192006 0.2382584 0.8289933 0.2734128 0.8481031 0.2614148 0.8398886 0.271693 0.8496509 0.2593005 0.8416589 0.271693 0.8496509 0.2614148 0.8398886 0.271693 0.8496509 0.2867563 0.8616894 0.2734128 0.8481031 0.2881928 0.8602427 0.2734128 0.8481031 0.2867563 0.8616894 0.2734128 0.8481031 0.2881928 0.8602427 0.27926 0.8419017 0.2257242 0.8217196 0.2382584 0.8289933 0.2285063 0.8192006 0.2927148 0.8557712 0.27926 0.8419017 0.2881928 0.8602427 0.2186934 0.6742028 0.2186934 0.67048 0.2043989 0.6741927 0.2043989 0.6702574 0.2043989 0.6741927 0.2186934 0.67048 0.2043989 0.6741927 0.2043989 0.6702574 0.2008178 0.6730799 0.2008178 0.6702068 0.2008178 0.6730799 0.2043989 0.6702574 0.0354759 0.9309358 0.03749918 0.9305008 0.03459578 0.9134447 0.03705406 0.9134346 0.03459578 0.9134447 0.03749918 0.9305008 0.03705406 0.9134346 0.03800499 0.9053313 0.03459578 0.9134447 0.03551638 0.9050683 0.03459578 0.9134447 0.03800499 0.9053313 0.0354759 0.9309358 0.03914815 0.9463229 0.03749918 0.9305008 0.040959 0.9457057 0.03749918 0.9305008 0.03914815 0.9463229 0.040959 0.9457057 0.03914815 0.9463229 0.04746383 0.9598889 0.04560238 0.960769 0.04746383 0.9598889 0.03914815 0.9463229 0.04560238 0.960769 0.05554682 0.9751849 0.04746383 0.9598889 0.05749922 0.9736977 0.04746383 0.9598889 0.05554682 0.9751849 0.05749922 0.9736977 0.05554682 0.9751849 0.06318461 0.9795551 0.06137382 0.9812749 0.06318461 0.9795551 0.05554682 0.9751849 0.004388332 0.9363886 0.007585108 0.9358119 0.002658426 0.9138089 0.005905807 0.9136571 0.002658426 0.9138089 0.007585108 0.9358119 0.004388332 0.9363886 0.009365618 0.9564291 0.007585108 0.9358119 0.01243084 0.9553871 0.007585108 0.9358119 0.009365618 0.9564291 0.005905807 0.9136571 0.006421744 0.9030147 0.002658426 0.9138089 0.003073215 0.9029641 0.002658426 0.9138089 0.006421744 0.9030147 0.01243084 0.9553871 0.009365618 0.9564291 0.02049362 0.9738696 0.01761043 0.9753568 0.02049362 0.9738696 0.009365618 0.9564291 0.01761043 0.9753568 0.02997261 0.9943351 0.02049362 0.9738696 0.03264337 0.9924737 0.02049362 0.9738696 0.02997261 0.9943351 0.03264337 0.9924737 0.02997261 0.9943351 0.03952246 1.000607 0.03691244 1.002691 0.03952246 1.000607 0.02997261 0.9943351 0.005905807 0.9136571 0.007585108 0.9358119 0.02240556 0.9132321 0.005905807 0.9136571 0.02240556 0.9132321 0.006421744 0.9030147 0.02374094 0.9329389 0.02240556 0.9132321 0.007585108 0.9358119 0.007585108 0.9358119 0.01243084 0.9553871 0.02374094 0.9329389 0.02240556 0.9132321 0.02374094 0.9329389 0.03459578 0.9134447 0.0354759 0.9309358 0.03459578 0.9134447 0.02374094 0.9329389 0.02374094 0.9329389 0.02793926 0.9501266 0.0354759 0.9309358 0.02793926 0.9501266 0.02374094 0.9329389 0.01243084 0.9553871 0.01243084 0.9553871 0.02049362 0.9738696 0.02793926 0.9501266 0.03914815 0.9463229 0.0354759 0.9309358 0.02793926 0.9501266 0.02240556 0.9132321 0.03459578 0.9134447 0.02319467 0.9037228 0.02319467 0.9037228 0.006421744 0.9030147 0.02240556 0.9132321 0.03551638 0.9050683 0.02319467 0.9037228 0.03459578 0.9134447 0.02049362 0.9738696 0.03264337 0.9924737 0.03506118 0.9663228 0.02793926 0.9501266 0.03506118 0.9663228 0.03914815 0.9463229 0.03506118 0.9663228 0.02793926 0.9501266 0.02049362 0.9738696 0.04599696 0.9827721 0.03506118 0.9663228 0.03264337 0.9924737 0.03264337 0.9924737 0.03952246 1.000607 0.04599696 0.9827721 0.03506118 0.9663228 0.04599696 0.9827721 0.04560238 0.960769 0.04560238 0.960769 0.03914815 0.9463229 0.03506118 0.9663228 0.05554682 0.9751849 0.04560238 0.960769 0.04599696 0.9827721 0.04599696 0.9827721 0.05241072 0.9898434 0.05554682 0.9751849 0.05241072 0.9898434 0.04599696 0.9827721 0.03952246 1.000607 0.06137382 0.9812749 0.05554682 0.9751849 0.05241072 0.9898434 0.2382584 0.8289933 0.2370647 0.8327667 0.2593005 0.8416589 0.2577122 0.8449872 0.2593005 0.8416589 0.2370647 0.8327667 0.2577122 0.8449872 0.2699226 0.8530095 0.2593005 0.8416589 0.271693 0.8496509 0.2593005 0.8416589 0.2699226 0.8530095 0.271693 0.8496509 0.2699226 0.8530095 0.2867563 0.8616894 0.2842879 0.8640971 0.2867563 0.8616894 0.2699226 0.8530095 0.2370647 0.8327667 0.2382584 0.8289933 0.2246924 0.8258875 0.2257242 0.8217196 0.2246924 0.8258875 0.2382584 0.8289933 0.1966195 0.6704901 0.1966195 0.6720885 0.2008178 0.6702068 0.2008178 0.6730799 0.2008178 0.6702068 0.1966195 0.6720885 0.2442068 0.8738796 0.2577122 0.8449872 0.2217081 0.8678502 0.2370647 0.8327667 0.2217081 0.8678502 0.2577122 0.8449872 0.2217081 0.8678502 0.2167004 0.9018816 0.2442068 0.8738796 0.2402514 0.9022661 0.2442068 0.8738796 0.2167004 0.9018816 0.2167004 0.9018816 0.220919 0.9361559 0.2402514 0.9022661 0.2436302 0.9304401 0.2402514 0.9022661 0.220919 0.9361559 0.220919 0.9361559 0.2355574 0.9715429 0.2436302 0.9304401 0.2563161 0.9596764 0.2436302 0.9304401 0.2355574 0.9715429 0.2217081 0.8678502 0.2370647 0.8327667 0.2082027 0.8642083 0.2246924 0.8258875 0.2082027 0.8642083 0.2370647 0.8327667 0.2577122 0.8449872 0.2442068 0.8738796 0.2699226 0.8530095 0.2575807 0.8777136 0.2699226 0.8530095 0.2442068 0.8738796 0.2442068 0.8738796 0.2402514 0.9022661 0.2575807 0.8777136 0.2699226 0.8530095 0.2575807 0.8777136 0.2842879 0.8640971 0.2746875 0.8832271 0.2842879 0.8640971 0.2575807 0.8777136 0.2575807 0.8777136 0.2540501 0.9022964 0.2746875 0.8832271 0.2540501 0.9022964 0.2575807 0.8777136 0.2402514 0.9022661 0.2402514 0.9022661 0.2436302 0.9304401 0.2540501 0.9022964 0.2717739 0.9025696 0.2746875 0.8832271 0.2540501 0.9022964 0.2717739 0.9025696 0.2540501 0.9022964 0.274384 0.9220132 0.2570748 0.9268286 0.274384 0.9220132 0.2540501 0.9022964 0.2436302 0.9304401 0.2563161 0.9596764 0.2570748 0.9268286 0.2570748 0.9268286 0.2540501 0.9022964 0.2436302 0.9304401 0.274384 0.9220132 0.2570748 0.9268286 0.2836809 0.9415883 0.2685873 0.9518363 0.2836809 0.9415883 0.2570748 0.9268286 0.2685873 0.9518363 0.2570748 0.9268286 0.2563161 0.9596764 0.2355574 0.9715429 0.220919 0.9361559 0.2230232 0.978159 0.2073428 0.9395145 0.2230232 0.978159 0.220919 0.9361559 0.220919 0.9361559 0.2167004 0.9018816 0.2073428 0.9395145 0.2027298 0.90174 0.2073428 0.9395145 0.2167004 0.9018816 0.2167004 0.9018816 0.2217081 0.8678502 0.2027298 0.90174 0.2082027 0.8642083 0.2027298 0.90174 0.2217081 0.8678502 0.03749918 0.9305008 0.05209714 0.9283662 0.03705406 0.9134346 0.05239051 0.9137582 0.03705406 0.9134346 0.05209714 0.9283662 0.03749918 0.9305008 0.040959 0.9457057 0.05209714 0.9283662 0.05479818 0.9410117 0.05209714 0.9283662 0.040959 0.9457057 0.05239051 0.9137582 0.05209714 0.9283662 0.05742841 0.9143956 0.05648761 0.9278706 0.05742841 0.9143956 0.05209714 0.9283662 0.05648761 0.9278706 0.09833902 0.9262519 0.05742841 0.9143956 0.05888521 0.9396359 0.09833902 0.9262519 0.05648761 0.9278706 0.05479818 0.9410117 0.05888521 0.9396359 0.05209714 0.9283662 0.05648761 0.9278706 0.05209714 0.9283662 0.05888521 0.9396359 0.03705406 0.9134346 0.05239051 0.9137582 0.03800499 0.9053313 0.05373597 0.9067881 0.03800499 0.9053313 0.05239051 0.9137582 0.05239051 0.9137582 0.05742841 0.9143956 0.05373597 0.9067881 0.05742841 0.9143956 0.09833902 0.9262519 0.05954277 0.9082246 0.05954277 0.9082246 0.05373597 0.9067881 0.05742841 0.9143956 0.05479818 0.9410117 0.040959 0.9457057 0.06035208 0.9526961 0.05479818 0.9410117 0.06035208 0.9526961 0.05888521 0.9396359 0.04746383 0.9598889 0.06035208 0.9526961 0.040959 0.9457057 0.04746383 0.9598889 0.05749922 0.9736977 0.06035208 0.9526961 0.06947702 0.9641175 0.06035208 0.9526961 0.05749922 0.9736977 0.09833902 0.9262519 0.05888521 0.9396359 0.06413561 0.95042 0.06413561 0.95042 0.05888521 0.9396359 0.06035208 0.9526961 0.09833902 0.9262519 0.06413561 0.95042 0.07307845 0.9605363 0.06413561 0.95042 0.06035208 0.9526961 0.07307845 0.9605363 0.06947702 0.9641175 0.07307845 0.9605363 0.06035208 0.9526961 0.05749922 0.9736977 0.06318461 0.9795551 0.06947702 0.9641175 0.09833902 0.9262519 0.07307845 0.9605363 0.07851094 0.964158 0.07851094 0.964158 0.07307845 0.9605363 0.07478809 0.9688317 0.06947702 0.9641175 0.07478809 0.9688317 0.07307845 0.9605363 0.07478809 0.9688317 0.06947702 0.9641175 0.06318461 0.9795551 0.2841058 0.6593216 0.2836202 0.6719368 0.3020927 0.6602119 0.3013238 0.6728169 0.3020927 0.6602119 0.2836202 0.6719368 0.2841058 0.6593216 0.2678387 0.6588967 0.2836202 0.6719368 0.2676566 0.671522 0.2836202 0.6719368 0.2678387 0.6588967 0.2836202 0.6719368 0.2835494 0.6742736 0.3013238 0.6728169 0.2836202 0.6719368 0.2676566 0.671522 0.2835494 0.6742736 0.3011417 0.6751234 0.3013238 0.6728169 0.2835494 0.6742736 0.267606 0.6738588 0.2835494 0.6742736 0.2676566 0.671522 0.3013238 0.6728169 0.3011417 0.6751234 0.3098317 0.6735654 0.3095788 0.6759226 0.3098317 0.6735654 0.3011417 0.6751234 0.3013238 0.6728169 0.3098317 0.6735654 0.3054513 0.6634693 0.3106511 0.6639144 0.3054513 0.6634693 0.3098317 0.6735654 0.3041564 0.6624577 0.3020927 0.6602119 0.3013238 0.6728169 0.3054513 0.6634693 0.3041564 0.6624577 0.3013238 0.6728169 0.2676566 0.671522 0.2678387 0.6588967 0.2516423 0.6715118 0.2516626 0.6588967 0.2516423 0.6715118 0.2678387 0.6588967 0.2516626 0.6588967 0.2338173 0.6588967 0.2516423 0.6715118 0.2338679 0.671522 0.2516423 0.6715118 0.2338173 0.6588967 0.2516423 0.6715118 0.2338679 0.671522 0.2516221 0.6738386 0.2516423 0.6715118 0.2516221 0.6738386 0.2676566 0.671522 0.267606 0.6738588 0.2676566 0.671522 0.2516221 0.6738386 0.2339286 0.6738285 0.2516221 0.6738386 0.2338679 0.671522 0.2338679 0.671522 0.2253296 0.6716029 0.2339286 0.6738285 0.2254208 0.6739802 0.2339286 0.6738285 0.2253296 0.6716029 0.2253296 0.6716029 0.2338679 0.671522 0.2252792 0.6619013 0.2304587 0.6618912 0.2252792 0.6619013 0.2338679 0.671522 0.2338173 0.6588967 0.2317334 0.6609807 0.2338679 0.671522 0.2338679 0.671522 0.2317334 0.6609807 0.2304587 0.6618912 0.1089005 0.8496609 0.11929 0.8638644 0.1245708 0.8445218 0.1279698 0.8620839 0.1245708 0.8445218 0.11929 0.8638644 0.1279698 0.8620839 0.1483948 0.8607789 0.1245708 0.8445218 0.1484656 0.84262 0.1245708 0.8445218 0.1483948 0.8607789 0.1484656 0.84262 0.1483948 0.8607789 0.1723402 0.8447141 0.1688095 0.8622356 0.1723402 0.8447141 0.1483948 0.8607789 0.1688095 0.8622356 0.1774793 0.8640869 0.1723402 0.8447141 0.18797 0.8499644 0.1723402 0.8447141 0.1774793 0.8640869 0.1156279 0.6724021 0.1539891 0.6722503 0.1154357 0.6604041 0.1539385 0.6602523 0.1154357 0.6604041 0.1539891 0.6722503 0.1156279 0.6724021 0.1154357 0.6604041 0.07714521 0.6724021 0.07693278 0.6604041 0.07714521 0.6724021 0.1154357 0.6604041 0.1539891 0.6722503 0.1911061 0.6669999 0.1539385 0.6602523 0.1539891 0.6722503 0.1966195 0.6720885 0.1911061 0.6669999 0.1947581 0.67048 0.1911061 0.6669999 0.1966195 0.6720885 0.1966195 0.6720885 0.1966195 0.6704901 0.1947581 0.67048 0.1913489 0.6601107 0.1539385 0.6602523 0.1911061 0.6669999 0.07714521 0.6724021 0.07693278 0.6604041 0.0397855 0.6672933 0.07714521 0.6724021 0.0397855 0.6672933 0.03450477 0.6724021 0.0361436 0.6707936 0.03450477 0.6724021 0.0397855 0.6672933 0.0342822 0.6708138 0.03450477 0.6724021 0.0361436 0.6707936 0.03951233 0.6604041 0.0397855 0.6672933 0.07693278 0.6604041 0.3733928 0.7537782 0.3711065 0.7570254 0.3703781 0.7518155 0.3686078 0.7553158 0.3703781 0.7518155 0.3711065 0.7570254 0.3749001 0.7714311 0.3717337 0.7689628 0.3767312 0.7683659 0.3732511 0.7663628 0.3767312 0.7683659 0.3717337 0.7689628 0.3705906 0.8708345 0.366888 0.8723925 0.3691338 0.867567 0.3656841 0.8696306 0.3691338 0.867567 0.366888 0.8723925 0.3622344 0.8865148 0.3608991 0.8828225 0.3654615 0.8849266 0.36359 0.8814365 0.3654615 0.8849266 0.3608991 0.8828225 0.3732511 0.7663628 0.3711065 0.7570254 0.3767312 0.7683659 0.3733928 0.7537782 0.3767312 0.7683659 0.3711065 0.7570254 0.3540705 0.7757812 0.3535748 0.7725338 0.3749001 0.7714311 0.3717337 0.7689628 0.3749001 0.7714311 0.3535748 0.7725338 0.3237821 0.7779259 0.3535748 0.7725338 0.3540705 0.7757812 0.3749001 0.7714311 0.3792906 0.7701666 0.378977 0.7732723 0.3767312 0.7683659 0.3792906 0.7701666 0.3749001 0.7714311 0.36359 0.8814365 0.366888 0.8723925 0.3654615 0.8849266 0.3705906 0.8708345 0.3654615 0.8849266 0.366888 0.8723925 0.3005247 0.7369849 0.3040957 0.7395443 0.2985722 0.7450376 0.3027604 0.7448352 0.2985722 0.7450376 0.3040957 0.7395443 0.2985722 0.7450376 0.3027604 0.7448352 0.3077983 0.7675869 0.3107826 0.7644914 0.3077983 0.7675869 0.3027604 0.7448352 0.3077983 0.7675869 0.3107826 0.7644914 0.3145863 0.7706421 0.3144447 0.7660999 0.3145863 0.7706421 0.3107826 0.7644914 0.3717236 0.748983 0.3702061 0.744643 0.3859168 0.7431256 0.382801 0.7397366 0.3859168 0.7431256 0.3702061 0.744643 0.3702061 0.744643 0.3717236 0.748983 0.3482941 0.7524529 0.3497711 0.7564589 0.3482941 0.7524529 0.3717236 0.748983 0.3482941 0.7524529 0.3497711 0.7564589 0.3198671 0.7640867 0.3216375 0.7681736 0.3198671 0.7640867 0.3497711 0.7564589 0.3198671 0.7640867 0.3216375 0.7681736 0.3144447 0.7660999 0.3145863 0.7706421 0.3144447 0.7660999 0.3216375 0.7681736 0.3859168 0.7431256 0.382801 0.7397366 0.3887393 0.7363679 0.3843083 0.7362364 0.3887393 0.7363679 0.382801 0.7397366 0.3887393 0.7363679 0.3843083 0.7362364 0.3735951 0.6982898 0.3705804 0.7015777 0.3735951 0.6982898 0.3843083 0.7362364 0.3735951 0.6982898 0.3705804 0.7015777 0.3672117 0.6960542 0.3678895 0.7006268 0.3672117 0.6960542 0.3705804 0.7015777 0.3341514 0.7152247 0.3365288 0.7190992 0.3071002 0.7312996 0.3095181 0.7350528 0.3071002 0.7312996 0.3365288 0.7190992 0.3365288 0.7190992 0.3341514 0.7152247 0.3562152 0.7074957 0.3537873 0.7038235 0.3562152 0.7074957 0.3341514 0.7152247 0.3562152 0.7074957 0.3537873 0.7038235 0.3678895 0.7006268 0.3672117 0.6960542 0.3678895 0.7006268 0.3537873 0.7038235 0.3071002 0.7312996 0.3095181 0.7350528 0.3005247 0.7369849 0.3040957 0.7395443 0.3005247 0.7369849 0.3095181 0.7350528 0.3527352 0.9418109 0.3539188 0.9372788 0.3593209 0.9403238 0.3566198 0.9366515 0.3593209 0.9403238 0.3539188 0.9372788 0.3593209 0.9403238 0.3566198 0.9366515 0.3786634 0.9040769 0.3741515 0.9036824 0.3786634 0.9040769 0.3566198 0.9366515 0.3786634 0.9040769 0.3741515 0.9036824 0.3766503 0.8969955 0.373069 0.9 0.3766503 0.8969955 0.3741515 0.9036824 0.31577 0.8644815 0.313423 0.868356 0.3090932 0.8611532 0.3083142 0.8656752 0.3090932 0.8611532 0.313423 0.868356 0.313423 0.868356 0.31577 0.8644815 0.3403022 0.8832776 0.3423254 0.8794335 0.3403022 0.8832776 0.31577 0.8644815 0.3403022 0.8832776 0.3423254 0.8794335 0.3611317 0.8936166 0.3632258 0.8894587 0.3611317 0.8936166 0.3423254 0.8794335 0.3611317 0.8936166 0.3632258 0.8894587 0.373069 0.9 0.3766503 0.8969955 0.373069 0.9 0.3632258 0.8894587 0.3090932 0.8611532 0.3083142 0.8656752 0.3019814 0.8633282 0.3045509 0.8667981 0.3019814 0.8633282 0.3083142 0.8656752 0.3019814 0.8633282 0.3045509 0.8667981 0.2901047 0.8845624 0.2942424 0.8852504 0.2901047 0.8845624 0.3045509 0.8667981 0.2901047 0.8845624 0.2942424 0.8852504 0.2910557 0.8928073 0.2949101 0.8906525 0.2910557 0.8928073 0.2942424 0.8852504 0.2968726 0.8992918 0.2997355 0.8957815 0.321769 0.9185331 0.3246117 0.9148812 0.321769 0.9185331 0.2997355 0.8957815 0.2997355 0.8957815 0.2968726 0.8992918 0.2949101 0.8906525 0.2910557 0.8928073 0.2949101 0.8906525 0.2968726 0.8992918 0.321769 0.9185331 0.3246117 0.9148812 0.3399177 0.9321801 0.3427706 0.9287608 0.3399177 0.9321801 0.3246117 0.9148812 0.3399177 0.9321801 0.3427706 0.9287608 0.3527352 0.9418109 0.3539188 0.9372788 0.3527352 0.9418109 0.3427706 0.9287608 0.3237821 0.7779259 0.3239844 0.7824984 0.3163871 0.7786846 0.3181777 0.7830346 0.3163871 0.7786846 0.3239844 0.7824984 0.3239844 0.7824984 0.3237821 0.7779259 0.3544549 0.7801009 0.3540705 0.7757812 0.3544549 0.7801009 0.3237821 0.7779259 0.3544549 0.7801009 0.3540705 0.7757812 0.377672 0.7779461 0.378977 0.7732723 0.377672 0.7779461 0.3540705 0.7757812 0.3163871 0.7786846 0.3181777 0.7830346 0.3116021 0.7843195 0.3156283 0.7859785 0.3116021 0.7843195 0.3181777 0.7830346 0.3135646 0.8159633 0.317682 0.8162163 0.3078287 0.8471825 0.3120472 0.8460495 0.3078287 0.8471825 0.317682 0.8162163 0.317682 0.8162163 0.3135646 0.8159633 0.3156283 0.7859785 0.3116021 0.7843195 0.3156283 0.7859785 0.3135646 0.8159633 0.3078287 0.8471825 0.3120472 0.8460495 0.3118853 0.8533636 0.3142424 0.8493474 0.3118853 0.8533636 0.3120472 0.8460495 0.3489416 0.8607586 0.3498217 0.8565199 0.3733928 0.8662215 0.3726543 0.8614162 0.3733928 0.8662215 0.3498217 0.8565199 0.3498217 0.8565199 0.3489416 0.8607586 0.3198772 0.8505613 0.3191387 0.8550631 0.3198772 0.8505613 0.3489416 0.8607586 0.3198772 0.8505613 0.3191387 0.8550631 0.3142424 0.8493474 0.3118853 0.8533636 0.3142424 0.8493474 0.3191387 0.8550631 0.3733928 0.8662215 0.3726543 0.8614162 0.3794525 0.8620333 0.3756892 0.8593323 0.3794525 0.8620333 0.3726543 0.8614162 0.3874848 0.8203641 0.3831955 0.820101 0.3844904 0.7781686 0.3804237 0.7803841 0.3844904 0.7781686 0.3831955 0.820101 0.3831955 0.820101 0.3874848 0.8203641 0.3756892 0.8593323 0.3794525 0.8620333 0.3756892 0.8593323 0.3874848 0.8203641 0.3844904 0.7781686 0.3804237 0.7803841 0.378977 0.7732723 0.377672 0.7779461 0.378977 0.7732723 0.3804237 0.7803841 0.3702061 0.744643 0.3562152 0.7074957 0.382801 0.7397366 0.3562152 0.7074957 0.3705804 0.7015777 0.382801 0.7397366 0.3678895 0.7006268 0.3705804 0.7015777 0.3562152 0.7074957 0.382801 0.7397366 0.3705804 0.7015777 0.3843083 0.7362364 0.3562152 0.7074957 0.3702061 0.744643 0.3365288 0.7190992 0.3482941 0.7524529 0.3365288 0.7190992 0.3702061 0.744643 0.3365288 0.7190992 0.3482941 0.7524529 0.3095181 0.7350528 0.3198671 0.7640867 0.3095181 0.7350528 0.3482941 0.7524529 0.3095181 0.7350528 0.3198671 0.7640867 0.3040957 0.7395443 0.3198671 0.7640867 0.3107826 0.7644914 0.3040957 0.7395443 0.3144447 0.7660999 0.3107826 0.7644914 0.3198671 0.7640867 0.3040957 0.7395443 0.3107826 0.7644914 0.3027604 0.7448352 0.4113292 0.7693877 0.4151936 0.8220838 0.4083043 0.767162 0.4083043 0.767162 0.4151936 0.8220838 0.4001101 0.769074 0.4151936 0.8220838 0.4037318 0.8213757 0.4001101 0.769074 0.4151936 0.8220838 0.3937975 0.8728983 0.4037318 0.8213757 0.4017793 0.8757915 0.3937975 0.8728983 0.4151936 0.8220838 0.4050469 0.8739504 0.4017793 0.8757915 0.4151936 0.8220838 0.4037318 0.8213757 0.3874848 0.8203641 0.4001101 0.769074 0.3844904 0.7781686 0.4001101 0.769074 0.3874848 0.8203641 0.3937975 0.8728983 0.3794525 0.8620333 0.4037318 0.8213757 0.3794525 0.8620333 0.3874848 0.8203641 0.4037318 0.8213757 0.3844904 0.7781686 0.378977 0.7732723 0.4001101 0.769074 0.3792906 0.7701666 0.4001101 0.769074 0.378977 0.7732723 0.3734434 0.8693778 0.3733928 0.8662215 0.3937975 0.8728983 0.3733928 0.8662215 0.3794525 0.8620333 0.3938076 0.8729286 0.3691338 0.867567 0.3489416 0.8607586 0.3733928 0.8662215 0.3749001 0.7714311 0.378977 0.7732723 0.3540705 0.7757812 0.373069 0.9 0.3741515 0.9036824 0.3611317 0.8936166 0.3611317 0.8936166 0.3741515 0.9036824 0.3427706 0.9287608 0.3741515 0.9036824 0.3539188 0.9372788 0.3427706 0.9287608 0.3566198 0.9366515 0.3539188 0.9372788 0.3741515 0.9036824 0.3427706 0.9287608 0.3246117 0.9148812 0.3611317 0.8936166 0.3403022 0.8832776 0.3611317 0.8936166 0.3246117 0.9148812 0.3246117 0.9148812 0.2997355 0.8957815 0.3403022 0.8832776 0.313423 0.868356 0.3403022 0.8832776 0.2997355 0.8957815 0.2997355 0.8957815 0.2942424 0.8852504 0.313423 0.868356 0.2949101 0.8906525 0.2942424 0.8852504 0.2997355 0.8957815 0.313423 0.868356 0.2942424 0.8852504 0.3083142 0.8656752 0.3083142 0.8656752 0.2942424 0.8852504 0.3045509 0.8667981 0.3756892 0.8593323 0.3726543 0.8614162 0.3831955 0.820101 0.3802921 0.8199289 0.3831955 0.820101 0.3726543 0.8614162 0.3831955 0.820101 0.3802921 0.8199289 0.3804237 0.7803841 0.377672 0.7779461 0.3804237 0.7803841 0.3802921 0.8199289 0.3802921 0.8199289 0.3726543 0.8614162 0.3572875 0.8184722 0.3802921 0.8199289 0.3572875 0.8184722 0.377672 0.7779461 0.3498217 0.8565199 0.3572875 0.8184722 0.3726543 0.8614162 0.3572875 0.8184722 0.3498217 0.8565199 0.3257346 0.8167018 0.3198772 0.8505613 0.3257346 0.8167018 0.3498217 0.8565199 0.3544549 0.7801009 0.377672 0.7779461 0.3572875 0.8184722 0.3572875 0.8184722 0.3257346 0.8167018 0.3544549 0.7801009 0.3239844 0.7824984 0.3544549 0.7801009 0.3257346 0.8167018 0.3257346 0.8167018 0.3198772 0.8505613 0.317682 0.8162163 0.3257346 0.8167018 0.317682 0.8162163 0.3239844 0.7824984 0.3198772 0.8505613 0.3120472 0.8460495 0.317682 0.8162163 0.3142424 0.8493474 0.3120472 0.8460495 0.3198772 0.8505613 0.3239844 0.7824984 0.317682 0.8162163 0.3181777 0.7830346 0.3181777 0.7830346 0.317682 0.8162163 0.3156283 0.7859785 0.286817 0.7793421 0.2800795 0.779676 0.28621 0.7775009 0.2796546 0.7784216 0.28621 0.7775009 0.2800795 0.779676 0.2800795 0.779676 0.286817 0.7793421 0.2783293 0.7917246 0.2847027 0.7939501 0.2783293 0.7917246 0.286817 0.7793421 0.2783293 0.7917246 0.2847027 0.7939501 0.2775605 0.7928373 0.2835797 0.7955789 0.2775605 0.7928373 0.2847027 0.7939501 0.2717537 0.8027312 0.2700036 0.7974302 0.2835797 0.7955789 0.2775605 0.7928373 0.2835797 0.7955789 0.2700036 0.7974302 0.2700036 0.7974302 0.2717537 0.8027312 0.2687188 0.7977337 0.2698721 0.8031865 0.2687188 0.7977337 0.2717537 0.8027312 0.2687188 0.7977337 0.2698721 0.8031865 0.2565084 0.79741 0.2550718 0.8027818 0.2565084 0.79741 0.2698721 0.8031865 0.2565084 0.79741 0.2550718 0.8027818 0.2552539 0.7970255 0.2532205 0.8022354 0.2552539 0.7970255 0.2550718 0.8027818 0.2552539 0.7970255 0.2532205 0.8022354 0.2479297 0.7920381 0.2417789 0.7944559 0.2479297 0.7920381 0.2532205 0.8022354 0.2989667 0.8006877 0.2922494 0.8013352 0.2982687 0.7988465 0.291774 0.8000807 0.2982687 0.7988465 0.2922494 0.8013352 0.2922494 0.8013352 0.2989667 0.8006877 0.2910861 0.8134646 0.2975605 0.8153867 0.2910861 0.8134646 0.2989667 0.8006877 0.2910861 0.8134646 0.2975605 0.8153867 0.290388 0.8145774 0.2965286 0.8170256 0.290388 0.8145774 0.2975605 0.8153867 0.2547178 0.8180169 0.2607471 0.8152856 0.2665235 0.8251895 0.2682939 0.8198885 0.2665235 0.8251895 0.2607471 0.8152856 0.2665235 0.8251895 0.2682939 0.8198885 0.2684052 0.8256448 0.2695787 0.820192 0.2684052 0.8256448 0.2682939 0.8198885 0.2684052 0.8256448 0.2695787 0.820192 0.2832054 0.8252906 0.2817891 0.8198987 0.2832054 0.8252906 0.2695787 0.820192 0.2832054 0.8252906 0.2817891 0.8198987 0.2850567 0.8247444 0.2830436 0.8195345 0.2850567 0.8247444 0.2817891 0.8198987 0.2850567 0.8247444 0.2830436 0.8195345 0.2965286 0.8170256 0.290388 0.8145774 0.2965286 0.8170256 0.2830436 0.8195345 0.1300538 0.6512285 0.1275753 0.650136 0.1300336 0.6335452 0.1275753 0.6346478 0.1300336 0.6335452 0.1275753 0.650136 0.1275753 0.650136 0.1300538 0.6512285 0.1259668 0.6516029 0.1269177 0.6540713 0.1259668 0.6516029 0.1300538 0.6512285 0.1269177 0.6540713 0.108425 0.6540713 0.1259668 0.6516029 0.109376 0.6515927 0.1259668 0.6516029 0.108425 0.6540713 0.109376 0.6515927 0.108425 0.6540713 0.1077776 0.650136 0.1052991 0.6512285 0.1077776 0.650136 0.108425 0.6540713 0.1077776 0.650136 0.1052991 0.6512285 0.1077776 0.6346377 0.1052991 0.6335452 0.1077776 0.6346377 0.1052991 0.6512285 0.1077776 0.6346377 0.1052991 0.6335452 0.109376 0.633181 0.108425 0.6307126 0.109376 0.633181 0.1052991 0.6335452 0.109376 0.633181 0.108425 0.6307126 0.1259162 0.633181 0.126857 0.6307126 0.1259162 0.633181 0.108425 0.6307126 0.1300336 0.6335452 0.1275753 0.6346478 0.126857 0.6307126 0.1259162 0.633181 0.126857 0.6307126 0.1275753 0.6346478 0.2579954 0.6332113 0.2602716 0.6343443 0.2579145 0.6516231 0.2601907 0.6505103 0.2579145 0.6516231 0.2602716 0.6343443 0.2602716 0.6343443 0.2579954 0.6332113 0.2617992 0.6328269 0.2609393 0.6302371 0.2617992 0.6328269 0.2579954 0.6332113 0.2617992 0.6328269 0.2609393 0.6302371 0.2770445 0.6328572 0.2779348 0.6302776 0.2770445 0.6328572 0.2609393 0.6302371 0.2770445 0.6328572 0.2779348 0.6302776 0.2785215 0.6343747 0.2808079 0.6332214 0.2785215 0.6343747 0.2779348 0.6302776 0.2785215 0.6343747 0.2808079 0.6332214 0.2784406 0.6505507 0.2807168 0.6517141 0.2784406 0.6505507 0.2808079 0.6332214 0.2784406 0.6505507 0.2807168 0.6517141 0.2769636 0.6520581 0.2778336 0.6546479 0.2769636 0.6520581 0.2807168 0.6517141 0.2778336 0.6546479 0.2607774 0.6546074 0.2769636 0.6520581 0.2579145 0.6516231 0.2601907 0.6505103 0.2607774 0.6546074 0.2616677 0.6520277 0.2769636 0.6520581 0.2607774 0.6546074 0.2616677 0.6520277 0.2607774 0.6546074 0.2601907 0.6505103 0.3987949 0.7650173 0.4001101 0.769074 0.3792906 0.7701666 0.3945562 0.7467776 0.3749001 0.7509961 0.3939189 0.7424073 0.3855223 0.8944158 0.3843994 0.898604 0.3666856 0.8879109 0.2905701 0.8132724 0.290388 0.8145774 0.2837517 0.8031763 0.290388 0.8145774 0.2817689 0.8192208 0.2837517 0.8031763 0.2830436 0.8195345 0.2817689 0.8192208 0.290388 0.8145774 0.2837517 0.8031763 0.2817689 0.8192208 0.2824467 0.8028424 0.2824467 0.8028424 0.2817689 0.8192208 0.2751225 0.8077894 0.2817689 0.8192208 0.2749404 0.8090944 0.2751225 0.8077894 0.3920069 0.8767931 0.3734434 0.8693778 0.3937975 0.8728983 0.2147884 0.7459278 0.2209291 0.702387 0.2249959 0.7032165 0.2700036 0.7974302 0.2687289 0.7970559 0.2775605 0.7928373 0.2687289 0.7970559 0.2714907 0.7811024 0.2775605 0.7928373 0.2702261 0.780728 0.2714907 0.7811024 0.2687289 0.7970559 0.2626489 0.7853209 0.2702261 0.780728 0.2687289 0.7970559 0.262396 0.7866158 0.2626489 0.7853209 0.2687289 0.7970559 0.2714907 0.7811024 0.2778033 0.7915122 0.2775605 0.7928373 0.1992598 0.6950324 0.2035289 0.6970152 0.1891738 0.7373896 0.108597 0.737076 0.09456562 0.6965701 0.09884482 0.6946176 0.07305818 0.7025995 0.07712501 0.7018103 0.08290141 0.7454119 0.3733928 0.7537782 0.3749001 0.7509961 0.3767312 0.7683659 0.3749001 0.7509961 0.3945562 0.7467776 0.3767312 0.7683659 0.3945562 0.7467776 0.3987949 0.7650173 0.3767312 0.7683659 0.3767312 0.7683659 0.3987949 0.7650173 0.3792906 0.7701666 0.3733928 0.7537782 0.3703781 0.7518155 0.3749001 0.7509961 0.3703781 0.7518155 0.3717236 0.748983 0.3749001 0.7509961 0.3703781 0.7518155 0.3686078 0.7553158 0.3497711 0.7564589 0.3507524 0.7596152 0.3497711 0.7564589 0.3686078 0.7553158 0.3497711 0.7564589 0.3507524 0.7596152 0.3216375 0.7681736 0.3705906 0.8708345 0.3734434 0.8693778 0.3654615 0.8849266 0.3734434 0.8693778 0.3920069 0.8767931 0.3654615 0.8849266 0.3920069 0.8767931 0.3855223 0.8944158 0.3654615 0.8849266 0.3654615 0.8849266 0.3855223 0.8944158 0.3666856 0.8879109 0.3622344 0.8865148 0.3654615 0.8849266 0.3666856 0.8879109 0.3632258 0.8894587 0.3622344 0.8865148 0.3666856 0.8879109 0.3423254 0.8794335 0.343681 0.8764289 0.3622344 0.8865148 0.3608991 0.8828225 0.3622344 0.8865148 0.343681 0.8764289 0.31577 0.8644815 0.343681 0.8764289 0.3423254 0.8794335 0.3705906 0.8708345 0.3691338 0.867567 0.3734434 0.8693778 0.3691338 0.867567 0.3733928 0.8662215 0.3734434 0.8693778 0.3691338 0.867567 0.3656841 0.8696306 0.3489416 0.8607586 0.3480715 0.8639149 0.3489416 0.8607586 0.3656841 0.8696306 0.3489416 0.8607586 0.3480715 0.8639149 0.3191387 0.8550631 0.5640963 0.6938892 0.5680316 0.6940208 0.5643189 0.6901259 0.5684261 0.6902069 0.5643189 0.6901259 0.5680316 0.6940208 0.5686689 0.6366913 0.5552951 0.6352851 0.5670604 0.657096 0.553029 0.6561552 0.5670604 0.657096 0.5552951 0.6352851 0.5686689 0.6366913 0.5670604 0.657096 0.5732719 0.6366407 0.571805 0.6564283 0.5732719 0.6366407 0.5670604 0.657096 0.5670604 0.657096 0.553029 0.6561552 0.5643189 0.6901259 0.5507731 0.6897921 0.5643189 0.6901259 0.553029 0.6561552 0.5670604 0.657096 0.5643189 0.6901259 0.571805 0.6564283 0.5684261 0.6902069 0.571805 0.6564283 0.5643189 0.6901259 0.5315824 0.6902474 0.536074 0.6901867 0.5335449 0.654921 0.5381479 0.6553459 0.5335449 0.654921 0.536074 0.6901867 0.536074 0.6901867 0.5471312 0.6902474 0.5381479 0.6553459 0.5498626 0.6557506 0.5381479 0.6553459 0.5471312 0.6902474 0.5090532 0.6893369 0.5315824 0.6902474 0.5335449 0.654921 0.5090532 0.6893369 0.5335449 0.654921 0.480869 0.6778447 0.48269 0.6556292 0.480869 0.6778447 0.5335449 0.654921 0.4778442 0.6785731 0.480869 0.6778447 0.48269 0.6556292 0.4778442 0.6785731 0.48269 0.6556292 0.4608791 0.6830748 0.4778442 0.6785731 0.4608791 0.6830748 0.4274243 0.725422 0.431056 0.7120481 0.4274243 0.725422 0.4608791 0.6830748 0.431056 0.7120481 0.4091541 0.721952 0.4274243 0.725422 0.4091541 0.721952 0.4104895 0.732129 0.4274243 0.725422 0.4282235 0.729782 0.4274243 0.725422 0.4104895 0.732129 0.5507731 0.6897921 0.553029 0.6561552 0.5471312 0.6902474 0.5498626 0.6557506 0.5471312 0.6902474 0.553029 0.6561552 0.553029 0.6561552 0.5552951 0.6352851 0.5498626 0.6557506 0.5525435 0.6342229 0.5498626 0.6557506 0.5552951 0.6352851 0.571805 0.6564283 0.5684261 0.6902069 0.5747489 0.6559428 0.5716229 0.6926449 0.5747489 0.6559428 0.5684261 0.6902069 0.5747489 0.6559428 0.5763877 0.6366205 0.571805 0.6564283 0.5732719 0.6366407 0.571805 0.6564283 0.5763877 0.6366205 0.5498626 0.6557506 0.5525435 0.6342229 0.5381479 0.6553459 0.5410613 0.6324425 0.5381479 0.6553459 0.5525435 0.6342229 0.7404144 0.826444 0.7188463 0.8284976 0.74003 0.822367 0.7170961 0.8245117 0.74003 0.822367 0.7188463 0.8284976 0.6644911 0.83654 0.633181 0.8435709 0.6615574 0.8326756 0.6325638 0.8392007 0.6615574 0.8326756 0.633181 0.8435709 0.633181 0.8435709 0.6293671 0.8442386 0.6325638 0.8392007 0.6288714 0.8397065 0.6325638 0.8392007 0.6293671 0.8442386 0.6293671 0.8442386 0.6095289 0.8442284 0.6288714 0.8397065 0.6091344 0.8397065 0.6288714 0.8397065 0.6095289 0.8442284 0.6615574 0.8326756 0.6792104 0.8346989 0.6644911 0.83654 0.6615574 0.8326756 0.7170961 0.8245117 0.6792104 0.8346989 0.7157608 0.8286189 0.6792104 0.8346989 0.7170961 0.8245117 0.61571 0.87392 0.6291344 0.8740414 0.6191192 0.8782802 0.6291951 0.878442 0.6191192 0.8782802 0.6291344 0.8740414 0.6291344 0.8740414 0.6324627 0.8731714 0.6291951 0.878442 0.6331506 0.8775215 0.6291951 0.878442 0.6324627 0.8731714 0.6331506 0.8775215 0.6324627 0.8731714 0.6608998 0.8703085 0.6608796 0.8659685 0.6608998 0.8703085 0.6324627 0.8731714 0.6113498 0.9025089 0.61571 0.87392 0.6151839 0.9068487 0.6191192 0.8782802 0.6151839 0.9068487 0.61571 0.87392 0.6089017 0.9024988 0.6113498 0.9025089 0.6092052 0.907041 0.6151839 0.9068487 0.6092052 0.907041 0.6113498 0.9025089 0.5381479 0.6553459 0.5410613 0.6324425 0.5335449 0.654921 0.5367821 0.6317444 0.5335449 0.654921 0.5410613 0.6324425 0.4159321 0.9349824 0.4024672 0.9349824 0.4159321 0.919565 0.4001405 0.919565 0.4159321 0.919565 0.4024672 0.9349824 0.7357205 0.7749112 0.74003 0.822367 0.7127259 0.7769446 0.7170961 0.8245117 0.7127259 0.7769446 0.74003 0.822367 0.2556383 0.6855837 0.255699 0.6878801 0.2315412 0.6855432 0.231612 0.6878397 0.2315412 0.6855432 0.255699 0.6878801 0.2557192 0.6783404 0.2557192 0.6808088 0.2316322 0.6782999 0.2316322 0.6807683 0.2316322 0.6782999 0.2557192 0.6808088 0.2557192 0.6808088 0.2556383 0.6831153 0.2316322 0.6807683 0.2315513 0.6830648 0.2316322 0.6807683 0.2556383 0.6831153 0.2556383 0.6831153 0.2556383 0.6855837 0.2315513 0.6830648 0.2315412 0.6855432 0.2315513 0.6830648 0.2556383 0.6855837 0.2290829 0.6829838 0.2291638 0.6806874 0.2315513 0.6830648 0.2316322 0.6807683 0.2315513 0.6830648 0.2291638 0.6806874 0.4544754 0.6760541 0.4408689 0.6695088 0.4185724 0.7017699 0.4144956 0.6894886 0.4185724 0.7017699 0.4408689 0.6695088 0.4408689 0.6695088 0.4544754 0.6760541 0.4535548 0.6599893 0.4739696 0.6580571 0.4535548 0.6599893 0.4544754 0.6760541 0.4144956 0.6894886 0.3965289 0.7003941 0.4185724 0.7017699 0.3965289 0.7003941 0.4144956 0.6894886 0.3955072 0.6958012 0.3965795 0.7087097 0.4185724 0.7017699 0.3965289 0.7003941 0.4475356 0.6546984 0.4467061 0.6451385 0.4058259 0.6538082 0.4062608 0.6444303 0.4058259 0.6538082 0.4467061 0.6451385 0.4467061 0.6451385 0.4475356 0.6546984 0.4713191 0.6458062 0.48269 0.6556292 0.4713191 0.6458062 0.4475356 0.6546984 0.48269 0.6556292 0.4827608 0.6313499 0.4713191 0.6458062 0.4713293 0.6314612 0.4713191 0.6458062 0.4827608 0.6313499 0.4713293 0.6314612 0.4523914 0.6314713 0.4713191 0.6458062 0.4523914 0.6458062 0.4713191 0.6458062 0.4523914 0.6314713 0.4058259 0.6538082 0.4062608 0.6444303 0.3817286 0.653616 0.3851581 0.643965 0.3817286 0.653616 0.4062608 0.6444303 0.4076468 0.6314713 0.4076468 0.6443899 0.4384612 0.6314713 0.4384612 0.645098 0.4384612 0.6314713 0.4076468 0.6443899 0.4384612 0.6314713 0.4384612 0.645098 0.4523914 0.6314713 0.4523914 0.6458062 0.4523914 0.6314713 0.4384612 0.645098 0.4076468 0.6443899 0.4076468 0.6314713 0.3902163 0.641446 0.3902163 0.641446 0.3893564 0.6440662 0.4076468 0.6443899 0.3901961 0.6314713 0.3902163 0.641446 0.4076468 0.6314713 0.3330588 0.6187247 0.3329476 0.5860893 0.3425986 0.6256949 0.3425177 0.5860792 0.3425986 0.6256949 0.3329476 0.5860893 0.2904285 0.6187044 0.3330588 0.6187247 0.2904285 0.6299033 0.336812 0.6299437 0.2904285 0.6299033 0.3330588 0.6187247 0.2904285 0.5861095 0.2904285 0.6187044 0.2816778 0.5860994 0.2816778 0.6257049 0.2816778 0.5860994 0.2904285 0.6187044 0.3329476 0.5860893 0.2904285 0.5861095 0.3368019 0.5773285 0.2904285 0.5773588 0.3368019 0.5773285 0.2904285 0.5861095 0.6292356 0.9318261 0.6292154 0.9069499 0.6337576 0.9326859 0.6335755 0.906434 0.6337576 0.9326859 0.6292154 0.9069499 0.6292154 0.9069499 0.6292356 0.9318261 0.6276069 0.9313 0.6292154 0.9069499 0.6291951 0.878442 0.6335755 0.906434 0.6331506 0.8775215 0.6335755 0.906434 0.6291951 0.878442 0.6292154 0.9069499 0.6151839 0.9068487 0.6291951 0.878442 0.6191192 0.8782802 0.6291951 0.878442 0.6151839 0.9068487 0.6151839 0.9068487 0.6292154 0.9069499 0.6220327 0.9283461 0.6252295 0.9283561 0.6220327 0.9283461 0.6292154 0.9069499 0.6276069 0.9313 0.6252295 0.9283561 0.6292154 0.9069499 0.6335755 0.906434 0.6331506 0.8775215 0.659443 0.8877187 0.6608998 0.8703085 0.659443 0.8877187 0.6331506 0.8775215 0.6399488 0.9322206 0.6337576 0.9326859 0.6335755 0.906434 0.6442786 0.9275873 0.6399488 0.9322206 0.6335755 0.906434 0.6502776 0.9145979 0.6442786 0.9275873 0.6335755 0.906434 0.659443 0.8877187 0.6502776 0.9145979 0.6335755 0.906434 0.6220327 0.9283461 0.6092254 0.9283561 0.6151839 0.9068487 0.6092052 0.907041 0.6151839 0.9068487 0.6092254 0.9283561 0.4001 0.9905111 0.4024369 0.9770361 0.4159321 0.9905111 0.4159321 0.9770361 0.4159321 0.9905111 0.4024369 0.9770361 0.4024672 0.9349824 0.4024369 0.9770361 0.3881728 0.9287406 0.3887596 0.9774812 0.3881728 0.9287406 0.4024369 0.9770361 0.6229432 0.8306827 0.6229938 0.7874048 0.6288714 0.8397065 0.6300044 0.7767726 0.6288714 0.8397065 0.6229938 0.7874048 0.6300044 0.7767726 0.6229938 0.7874048 0.6089725 0.7767726 0.6089725 0.7874048 0.6089725 0.7767726 0.6229938 0.7874048 0.6300044 0.7767726 0.6343747 0.7766715 0.6288714 0.8397065 0.6325638 0.8392007 0.6288714 0.8397065 0.6343747 0.7766715 0.6325638 0.8392007 0.6343747 0.7766715 0.6601917 0.8239856 0.6595442 0.7830953 0.6601917 0.8239856 0.6343747 0.7766715 0.6343747 0.7766715 0.7127259 0.7769446 0.6595442 0.7830953 0.6947593 0.7836518 0.6595442 0.7830953 0.7127259 0.7769446 0.7127259 0.7769446 0.7170961 0.8245117 0.6947593 0.7836518 0.6953055 0.8247343 0.6947593 0.7836518 0.7170961 0.8245117 0.6601917 0.8239856 0.6615574 0.8326756 0.6325638 0.8392007 0.7170961 0.8245117 0.6615574 0.8326756 0.6953055 0.8247343 0.6601917 0.8239856 0.6953055 0.8247343 0.6615574 0.8326756 0.6229432 0.8306827 0.6288714 0.8397065 0.6089523 0.8306827 0.6091344 0.8397065 0.6089523 0.8306827 0.6288714 0.8397065 0.3329476 0.5860893 0.3330588 0.6187247 0.2904285 0.5861095 0.2904285 0.6187044 0.2904285 0.5861095 0.3330588 0.6187247 0.4024672 0.9349824 0.4159321 0.9349824 0.4024369 0.9770361 0.4159321 0.9770361 0.4024369 0.9770361 0.4159321 0.9349824 0.5335449 0.654921 0.5334033 0.6312386 0.48269 0.6556292 0.4827608 0.6313499 0.48269 0.6556292 0.5334033 0.6312386 0.7127259 0.7769446 0.6343747 0.7766715 0.7048048 0.7695293 0.641881 0.7694281 0.7048048 0.7695293 0.6343747 0.7766715 0.641881 0.7694281 0.6343747 0.7766715 0.6384819 0.7664337 0.6307732 0.7745976 0.6384819 0.7664337 0.6343747 0.7766715 0.6307732 0.7745976 0.6308036 0.7536163 0.6384819 0.7664337 0.6384819 0.7536163 0.6384819 0.7664337 0.6308036 0.7536163 0.704815 0.7538186 0.7127158 0.7538186 0.7048048 0.7695293 0.7127259 0.7769446 0.7048048 0.7695293 0.7127158 0.7538186 0.61571 0.87392 0.6095289 0.8442284 0.6293671 0.8442386 0.61571 0.87392 0.6095795 0.873748 0.6095289 0.8442284 0.61571 0.87392 0.6113498 0.9025089 0.6095795 0.873748 0.6089017 0.9024988 0.6095795 0.873748 0.6113498 0.9025089 0.6291344 0.8740414 0.61571 0.87392 0.6293671 0.8442386 0.6291344 0.8740414 0.6293671 0.8442386 0.6324627 0.8731714 0.633181 0.8435709 0.6324627 0.8731714 0.6293671 0.8442386 0.6324627 0.8731714 0.633181 0.8435709 0.6608796 0.8659685 0.663611 0.8420029 0.6608796 0.8659685 0.633181 0.8435709 0.6643394 0.8377034 0.663611 0.8420029 0.633181 0.8435709 0.6643394 0.8377034 0.633181 0.8435709 0.6644911 0.83654 0.6644911 0.83654 0.6792104 0.8346989 0.6643394 0.8377034 0.6790384 0.8383914 0.6643394 0.8377034 0.6792104 0.8346989 0.3068676 0.6866864 0.3452895 0.6866864 0.3069485 0.689873 0.3453705 0.689873 0.3069485 0.689873 0.3452895 0.6866864 0.3068676 0.6832671 0.3452895 0.6832671 0.3068676 0.6866864 0.3452895 0.6866864 0.3068676 0.6866864 0.3452895 0.6832671 0.3069485 0.6800804 0.3453705 0.6800804 0.3068676 0.6832671 0.3452895 0.6832671 0.3068676 0.6832671 0.3453705 0.6800804 0.3069485 0.689873 0.3453705 0.689873 0.3069485 0.6933025 0.3453705 0.6933025 0.3069485 0.6933025 0.3453705 0.689873 0.3034483 0.6867774 0.3068676 0.6866864 0.3035292 0.6899641 0.3069485 0.689873 0.3035292 0.6899641 0.3068676 0.6866864 0.2872722 0.7058873 0.3256941 0.7058873 0.2873531 0.709074 0.3257751 0.709074 0.2873531 0.709074 0.3256941 0.7058873 0.2872722 0.7024578 0.3256941 0.7024578 0.2872722 0.7058873 0.3256941 0.7058873 0.2872722 0.7058873 0.3256941 0.7024578 0.2873531 0.6992711 0.3257751 0.6992711 0.2872722 0.7024578 0.3256941 0.7024578 0.2872722 0.7024578 0.3257751 0.6992711 0.2873531 0.709074 0.3257751 0.709074 0.2873531 0.7124932 0.3257751 0.7124932 0.2873531 0.7124932 0.3257751 0.709074 0.2838427 0.7059783 0.2872722 0.7058873 0.2839338 0.7091649 0.2873531 0.709074 0.2839338 0.7091649 0.2872722 0.7058873 0.4456236 0.7164993 0.4496499 0.7164083 0.4459878 0.7617194 0.4500141 0.7616082 0.4459878 0.7617194 0.4496499 0.7164083 0.4892858 0.7585631 0.4889216 0.7545672 0.5168529 0.7557508 0.517116 0.7518054 0.5168529 0.7557508 0.4889216 0.7545672 0.4889216 0.7545672 0.4892858 0.7585631 0.4500141 0.7616082 0.4509853 0.7654625 0.4500141 0.7616082 0.4892858 0.7585631 0.5211422 0.7516536 0.517116 0.7518054 0.5201002 0.723692 0.5160841 0.7239146 0.5201002 0.723692 0.517116 0.7518054 0.487819 0.7168534 0.4875053 0.7208595 0.4505199 0.7125337 0.4496499 0.7164083 0.4505199 0.7125337 0.4875053 0.7208595 0.4875053 0.7208595 0.487819 0.7168534 0.5160841 0.7239146 0.5158412 0.7199591 0.5160841 0.7239146 0.487819 0.7168534 0.1932811 0.6993724 0.1949199 0.6982291 0.1860175 0.7368231 0.1891738 0.7373896 0.1860175 0.7368231 0.1949199 0.6982291 0.1860175 0.7368231 0.1891738 0.7373896 0.1799173 0.7632369 0.1814652 0.7649769 0.1799173 0.7632369 0.1891738 0.7373896 0.4875053 0.7208595 0.4889216 0.7545672 0.4496499 0.7164083 0.4500141 0.7616082 0.4496499 0.7164083 0.4889216 0.7545672 0.4875053 0.7208595 0.5160841 0.7239146 0.4889216 0.7545672 0.517116 0.7518054 0.4889216 0.7545672 0.5160841 0.7239146 0.1421934 0.6335654 0.1421934 0.6512589 0.1384909 0.6335654 0.1384706 0.6512589 0.1384909 0.6335654 0.1421934 0.6512589 0.093382 0.6515725 0.09328085 0.6333327 0.09691262 0.6513803 0.09682154 0.6334743 0.09691262 0.6513803 0.09328085 0.6333327 0.09682154 0.6334743 0.1052991 0.6335452 0.09691262 0.6513803 0.1052991 0.6512285 0.09691262 0.6513803 0.1052991 0.6335452 0.1384706 0.6512589 0.1300538 0.6512285 0.1384909 0.6335654 0.1300336 0.6335452 0.1384909 0.6335654 0.1300538 0.6512285 0.03814667 0.6335654 0.09328085 0.6333327 0.03824782 0.6519164 0.093382 0.6515725 0.03824782 0.6519164 0.09328085 0.6333327 0.03814667 0.6335654 0.03824782 0.6519164 0.02131301 0.6353863 0.02136361 0.6520075 0.02131301 0.6353863 0.03824782 0.6519164 0.02131301 0.6353863 0.01769137 0.6336665 0.03814667 0.6335654 0.2467257 0.9878809 0.2391891 0.9776835 0.2664123 0.9730098 0.260039 0.9650179 0.2664123 0.9730098 0.2391891 0.9776835 0.260039 0.9650179 0.2720976 0.956945 0.2664123 0.9730098 0.277864 0.9633588 0.2664123 0.9730098 0.2720976 0.956945 0.277864 0.9633588 0.2720976 0.956945 0.2917133 0.9499647 0.2874138 0.9455337 0.2917133 0.9499647 0.2720976 0.956945 0.2467257 0.9878809 0.23492 0.9963786 0.2391891 0.9776835 0.2267662 0.9850685 0.2391891 0.9776835 0.23492 0.9963786 0.260039 0.9650179 0.2391891 0.9776835 0.2579752 0.9632172 0.2367309 0.9754782 0.2579752 0.9632172 0.2391891 0.9776835 0.2391891 0.9776835 0.2267662 0.9850685 0.2367309 0.9754782 0.2874138 0.9455337 0.2720976 0.956945 0.2861392 0.9442388 0.2703374 0.9552454 0.2861392 0.9442388 0.2720976 0.956945 0.2579752 0.9632172 0.2703374 0.9552454 0.260039 0.9650179 0.2720976 0.956945 0.260039 0.9650179 0.2703374 0.9552454 0.2240449 0.9824787 0.2367309 0.9754782 0.2267662 0.9850685 0.0124005 0.6755584 0.01222854 0.6718356 0.02668482 0.6748705 0.02650272 0.6709453 0.02668482 0.6748705 0.01222854 0.6718356 0.02668482 0.6748705 0.02650272 0.6709453 0.0302053 0.6735958 0.03006368 0.6707228 0.0302053 0.6735958 0.02650272 0.6709453 0.2563161 0.9596764 0.2579752 0.9632172 0.2355574 0.9715429 0.2367309 0.9754782 0.2355574 0.9715429 0.2579752 0.9632172 0.2563161 0.9596764 0.2685873 0.9518363 0.2579752 0.9632172 0.2703374 0.9552454 0.2579752 0.9632172 0.2685873 0.9518363 0.2703374 0.9552454 0.2685873 0.9518363 0.2861392 0.9442388 0.2836809 0.9415883 0.2861392 0.9442388 0.2685873 0.9518363 0.2355574 0.9715429 0.2367309 0.9754782 0.2230232 0.978159 0.2240449 0.9824787 0.2230232 0.978159 0.2367309 0.9754782 0.0342822 0.6708138 0.03450477 0.6724021 0.03006368 0.6707228 0.0302053 0.6735958 0.03006368 0.6707228 0.03450477 0.6724021 0.5684261 0.6902069 0.5680316 0.6940208 0.5643189 0.6901259 0.5640963 0.6938892 0.5643189 0.6901259 0.5680316 0.6940208 0.553029 0.6561552 0.5552951 0.6352851 0.5670604 0.657096 0.5686689 0.6366913 0.5670604 0.657096 0.5552951 0.6352851 0.5686689 0.6366913 0.5732719 0.6366407 0.5670604 0.657096 0.571805 0.6564283 0.5670604 0.657096 0.5732719 0.6366407 0.5507731 0.6897921 0.553029 0.6561552 0.5643189 0.6901259 0.5670604 0.657096 0.5643189 0.6901259 0.553029 0.6561552 0.5670604 0.657096 0.571805 0.6564283 0.5643189 0.6901259 0.5684261 0.6902069 0.5643189 0.6901259 0.571805 0.6564283 0.5381479 0.6553459 0.536074 0.6901867 0.5335449 0.654921 0.5315824 0.6902474 0.5335449 0.654921 0.536074 0.6901867 0.536074 0.6901867 0.5381479 0.6553459 0.5471312 0.6902474 0.5498626 0.6557506 0.5471312 0.6902474 0.5381479 0.6553459 0.5315824 0.6902474 0.5090532 0.6893369 0.5335449 0.654921 0.5090532 0.6893369 0.480869 0.6778447 0.5335449 0.654921 0.48269 0.6556292 0.5335449 0.654921 0.480869 0.6778447 0.480869 0.6778447 0.4778442 0.6785731 0.48269 0.6556292 0.48269 0.6556292 0.4778442 0.6785731 0.4608791 0.6830748 0.4778442 0.6785731 0.4274243 0.725422 0.4608791 0.6830748 0.431056 0.7120481 0.4608791 0.6830748 0.4274243 0.725422 0.4091541 0.721952 0.431056 0.7120481 0.4274243 0.725422 0.4091541 0.721952 0.4274243 0.725422 0.4104895 0.732129 0.4282235 0.729782 0.4104895 0.732129 0.4274243 0.725422 0.5498626 0.6557506 0.553029 0.6561552 0.5471312 0.6902474 0.5507731 0.6897921 0.5471312 0.6902474 0.553029 0.6561552 0.553029 0.6561552 0.5498626 0.6557506 0.5552951 0.6352851 0.5525435 0.6342229 0.5552951 0.6352851 0.5498626 0.6557506 0.5716229 0.6926449 0.5684261 0.6902069 0.5747489 0.6559428 0.571805 0.6564283 0.5747489 0.6559428 0.5684261 0.6902069 0.5747489 0.6559428 0.571805 0.6564283 0.5763877 0.6366205 0.5732719 0.6366407 0.5763877 0.6366205 0.571805 0.6564283 0.5410613 0.6324425 0.5525435 0.6342229 0.5381479 0.6553459 0.5498626 0.6557506 0.5381479 0.6553459 0.5525435 0.6342229 0.7041573 0.8792412 0.7001411 0.8775619 0.7059075 0.856277 0.7018306 0.8559635 0.7059075 0.856277 0.7001411 0.8775619 0.6895595 0.9641781 0.6852297 0.9636622 0.6952145 0.9348509 0.6911173 0.9320183 0.6952145 0.9348509 0.6852297 0.9636622 0.6852297 0.9636622 0.6895595 0.9641781 0.6847542 0.9676278 0.6892661 0.9680831 0.6847542 0.9676278 0.6895595 0.9641781 0.6847542 0.9676278 0.6892661 0.9680831 0.6856343 0.9875167 0.6899135 0.9877797 0.6856343 0.9875167 0.6892661 0.9680831 0.6934947 0.9172686 0.6952145 0.9348509 0.6911173 0.9320183 0.6952145 0.9348509 0.6934947 0.9172686 0.7041573 0.8792412 0.6997871 0.8806575 0.7041573 0.8792412 0.6934947 0.9172686 0.6505406 0.9696208 0.6549918 0.9694489 0.65136 0.9796866 0.6558416 0.9827923 0.65136 0.9796866 0.6549918 0.9694489 0.6549918 0.9694489 0.6505406 0.9696208 0.6556898 0.9661205 0.6512589 0.9657058 0.6556898 0.9661205 0.6505406 0.9696208 0.6512589 0.9657058 0.6565194 0.9375823 0.6556898 0.9661205 0.6611021 0.9373192 0.6556898 0.9661205 0.6565194 0.9375823 0.65136 0.9796866 0.6558416 0.9827923 0.6232163 0.9860801 0.6277586 0.9895298 0.6232163 0.9860801 0.6558416 0.9827923 0.6232163 0.9860801 0.6277586 0.9895298 0.6234086 0.9920488 0.6279407 0.9919881 0.6234086 0.9920488 0.6277586 0.9895298 0.5367821 0.6317444 0.5410613 0.6324425 0.5335449 0.654921 0.5381479 0.6553459 0.5335449 0.654921 0.5410613 0.6324425 0.4523914 0.6458062 0.4523914 0.6314713 0.4713191 0.6458062 0.4713293 0.6314612 0.4713191 0.6458062 0.4523914 0.6314713 0.283165 0.9770259 0.2985924 0.9793528 0.283165 0.9928176 0.2985924 0.9928176 0.283165 0.9928176 0.2985924 0.9793528 0.7041573 0.8792412 0.7059075 0.856277 0.751765 0.8828426 0.7534341 0.8598279 0.751765 0.8828426 0.7059075 0.856277 0.1987237 0.6636312 0.2228006 0.6643798 0.1985821 0.6659276 0.222659 0.6666762 0.1985821 0.6659276 0.2228006 0.6643798 0.1988046 0.6611628 0.2228816 0.6619114 0.1987237 0.6636312 0.2228006 0.6643798 0.1987237 0.6636312 0.2228816 0.6619114 0.1988046 0.6588563 0.2228816 0.659615 0.1988046 0.6611628 0.2228816 0.6619114 0.1988046 0.6611628 0.2228816 0.659615 0.1988754 0.6563879 0.2229524 0.6571466 0.1988046 0.6588563 0.2228816 0.659615 0.1988046 0.6588563 0.2229524 0.6571466 0.1988046 0.6611628 0.1963362 0.6611628 0.1988046 0.6588563 0.1963362 0.6588563 0.1988046 0.6588563 0.1963362 0.6611628 0.4144956 0.6894886 0.4408689 0.6695088 0.4185724 0.7017699 0.4544754 0.6760541 0.4185724 0.7017699 0.4408689 0.6695088 0.4408689 0.6695088 0.4535548 0.6599893 0.4544754 0.6760541 0.4739696 0.6580571 0.4544754 0.6760541 0.4535548 0.6599893 0.4144956 0.6894886 0.4185724 0.7017699 0.3965289 0.7003941 0.4144956 0.6894886 0.3965289 0.7003941 0.3955072 0.6958012 0.3965795 0.7087097 0.3965289 0.7003941 0.4185724 0.7017699 0.4062608 0.6444303 0.4467061 0.6451385 0.4058259 0.6538082 0.4475356 0.6546984 0.4058259 0.6538082 0.4467061 0.6451385 0.4467061 0.6451385 0.4713191 0.6458062 0.4475356 0.6546984 0.48269 0.6556292 0.4475356 0.6546984 0.4713191 0.6458062 0.48269 0.6556292 0.4713191 0.6458062 0.4827608 0.6313499 0.4713293 0.6314612 0.4827608 0.6313499 0.4713191 0.6458062 0.4058259 0.6538082 0.3817286 0.653616 0.4062608 0.6444303 0.3851581 0.643965 0.4062608 0.6444303 0.3817286 0.653616 0.4076468 0.6314713 0.4384612 0.6314713 0.4076468 0.6443899 0.4384612 0.645098 0.4076468 0.6443899 0.4384612 0.6314713 0.4384612 0.6314713 0.4523914 0.6314713 0.4384612 0.645098 0.4523914 0.6458062 0.4384612 0.645098 0.4523914 0.6314713 0.4076468 0.6443899 0.3902163 0.641446 0.4076468 0.6314713 0.3893564 0.6440662 0.3902163 0.641446 0.4076468 0.6443899 0.3901961 0.6314713 0.4076468 0.6314713 0.3902163 0.641446 0.7171771 0.7249566 0.7264437 0.7249768 0.7170961 0.7633078 0.7263324 0.7565601 0.7170961 0.7633078 0.7264437 0.7249768 0.7226905 0.7674049 0.7263324 0.7565601 0.767597 0.7674049 0.7676072 0.7565601 0.767597 0.7674049 0.7263324 0.7565601 0.7760847 0.7633279 0.7676072 0.7565601 0.7760847 0.7249768 0.7676072 0.7249768 0.7760847 0.7249768 0.7676072 0.7565601 0.767597 0.7164993 0.7676072 0.7249768 0.7227007 0.7164993 0.7264437 0.7249768 0.7227007 0.7164993 0.7676072 0.7249768 0.6223767 0.9676481 0.6221238 0.9720994 0.5961348 0.9691858 0.5972982 0.9736775 0.5961348 0.9691858 0.6221238 0.9720994 0.5972982 0.9736775 0.6221238 0.9720994 0.5979356 0.9752657 0.6221238 0.9720994 0.6223767 0.9676481 0.6505406 0.9696208 0.6512589 0.9657058 0.6505406 0.9696208 0.6223767 0.9676481 0.6221238 0.9720994 0.6505406 0.9696208 0.6232163 0.9860801 0.65136 0.9796866 0.6232163 0.9860801 0.6505406 0.9696208 0.6232163 0.9860801 0.6012942 0.9806578 0.6221238 0.9720994 0.6010514 0.9774812 0.6221238 0.9720994 0.6012942 0.9806578 0.6010514 0.9774812 0.5979356 0.9752657 0.6221238 0.9720994 0.6223767 0.9676481 0.6391799 0.9404047 0.6512589 0.9657058 0.6565194 0.9375823 0.6512589 0.9657058 0.6391799 0.9404047 0.5961348 0.9691858 0.5962057 0.9629137 0.6223767 0.9676481 0.5962057 0.9629137 0.6005658 0.9583208 0.6223767 0.9676481 0.6005658 0.9583208 0.6131101 0.9515328 0.6223767 0.9676481 0.6131101 0.9515328 0.6391799 0.9404047 0.6223767 0.9676481 0.6012942 0.9806578 0.6232163 0.9860801 0.6021439 0.9934145 0.6234086 0.9920488 0.6021439 0.9934145 0.6232163 0.9860801 0.3406461 0.9928176 0.3406461 0.9793122 0.3542425 0.9928074 0.3542425 0.9769855 0.3542425 0.9928074 0.3406461 0.9793122 0.3411013 0.9655237 0.3406461 0.9793122 0.2923405 0.9650583 0.2985924 0.9793528 0.2923405 0.9650583 0.3406461 0.9793122 0.7520685 0.9647447 0.7417397 0.9720994 0.6892661 0.9680831 0.6984922 0.9737483 0.6892661 0.9680831 0.7417397 0.9720994 0.7520685 0.9647447 0.752898 0.9857362 0.7417397 0.9720994 0.7422758 0.9861408 0.7417397 0.9720994 0.752898 0.9857362 0.7520685 0.9647447 0.6892661 0.9680831 0.7518964 0.9610218 0.6984922 0.9737483 0.6988968 0.9877291 0.6892661 0.9680831 0.6899135 0.9877797 0.6892661 0.9680831 0.6988968 0.9877291 0.6895595 0.9641781 0.7518964 0.9610218 0.6892661 0.9680831 0.6895595 0.9641781 0.7040258 0.9361559 0.7518964 0.9610218 0.7452196 0.9360244 0.7518964 0.9610218 0.7040258 0.9361559 0.7518964 0.9610218 0.7452196 0.9360244 0.751765 0.8828426 0.7451488 0.9008802 0.751765 0.8828426 0.7452196 0.9360244 0.751765 0.8828426 0.7451488 0.9008802 0.7041573 0.8792412 0.703955 0.9009914 0.7041573 0.8792412 0.7451488 0.9008802 0.6952145 0.9348509 0.7040258 0.9361559 0.6895595 0.9641781 0.7040258 0.9361559 0.6952145 0.9348509 0.703955 0.9009914 0.7041573 0.8792412 0.703955 0.9009914 0.6952145 0.9348509 0.7676072 0.7565601 0.7263324 0.7565601 0.7676072 0.7249768 0.7264437 0.7249768 0.7676072 0.7249768 0.7263324 0.7565601 0.3406461 0.9928176 0.2985924 0.9928176 0.3406461 0.9793122 0.2985924 0.9793528 0.3406461 0.9793122 0.2985924 0.9928176 0.4827608 0.6313499 0.5334033 0.6312386 0.48269 0.6556292 0.5335449 0.654921 0.48269 0.6556292 0.5334033 0.6312386 0.7592308 0.9535763 0.7518964 0.9610218 0.7590589 0.8907233 0.751765 0.8828426 0.7590589 0.8907233 0.7518964 0.9610218 0.751765 0.8828426 0.7748606 0.8829842 0.7590589 0.8907233 0.7747999 0.8908852 0.7590589 0.8907233 0.7748606 0.8829842 0.7518964 0.9610218 0.7592308 0.9535763 0.7539501 0.9645323 0.7621645 0.9569653 0.7539501 0.9645323 0.7592308 0.9535763 0.7539501 0.9645323 0.7621645 0.9569653 0.7749516 0.964593 0.774982 0.9570158 0.7749516 0.964593 0.7621645 0.9569653 0.6558416 0.9827923 0.6549918 0.9694489 0.6847542 0.9676278 0.6549918 0.9694489 0.6556898 0.9661205 0.6847542 0.9676278 0.6852297 0.9636622 0.6847542 0.9676278 0.6556898 0.9661205 0.6556898 0.9661205 0.6611021 0.9373192 0.6852297 0.9636622 0.6851689 0.9331513 0.6852297 0.9636622 0.6611021 0.9373192 0.6898022 0.9321801 0.6852297 0.9636622 0.6851689 0.9331513 0.6852297 0.9636622 0.6898022 0.9321801 0.6911173 0.9320183 0.6911173 0.9320183 0.6898022 0.9321801 0.6934947 0.9172686 0.6897921 0.9173799 0.6934947 0.9172686 0.6898022 0.9321801 0.6856343 0.9875167 0.6558416 0.9827923 0.6847542 0.9676278 0.6563879 0.9888824 0.6558416 0.9827923 0.6856343 0.9875167 0.6558416 0.9827923 0.6563879 0.9888824 0.6277586 0.9895298 0.6279407 0.9919881 0.6277586 0.9895298 0.6563879 0.9888824 0.1245708 0.8445218 0.1236703 0.8401011 0.1484656 0.84262 0.1484858 0.8378147 0.1484656 0.84262 0.1236703 0.8401011 0.1245708 0.8445218 0.1089005 0.8496609 0.1236703 0.8401011 0.1073628 0.8457054 0.1236703 0.8401011 0.1089005 0.8496609 0.1484858 0.8378147 0.173281 0.8402932 0.1484656 0.84262 0.1723402 0.8447141 0.1484656 0.84262 0.173281 0.8402932 0.1723402 0.8447141 0.173281 0.8402932 0.18797 0.8499644 0.1895481 0.8460292 0.18797 0.8499644 0.173281 0.8402932 0.1490625 0.6934846 0.1047933 0.6990182 0.1490726 0.6900956 0.1031544 0.6978649 0.1490726 0.6900956 0.1047933 0.6990182 0.1490625 0.6934846 0.1490726 0.6900956 0.1932811 0.6993724 0.1949199 0.6982291 0.1932811 0.6993724 0.1490726 0.6900956 0.1489107 0.7318863 0.1487994 0.7591802 0.1117533 0.7365298 0.117641 0.7629941 0.1117533 0.7365298 0.1487994 0.7591802 0.1117533 0.7365298 0.1047933 0.6990182 0.1489107 0.7318863 0.1490625 0.6934846 0.1489107 0.7318863 0.1047933 0.6990182 0.1489107 0.7318863 0.1860175 0.7368231 0.1487994 0.7591802 0.1799173 0.7632369 0.1487994 0.7591802 0.1860175 0.7368231 0.1860175 0.7368231 0.1489107 0.7318863 0.1932811 0.6993724 0.1490625 0.6934846 0.1932811 0.6993724 0.1489107 0.7318863 0.1484858 0.8378147 0.1236703 0.8401011 0.148759 0.7692156 0.1079192 0.7729992 0.148759 0.7692156 0.1236703 0.8401011 0.1079192 0.7729992 0.1236703 0.8401011 0.06726151 0.7878905 0.1073628 0.8457054 0.06726151 0.7878905 0.1236703 0.8401011 0.1484858 0.8378147 0.148759 0.7692156 0.173281 0.8402932 0.1895583 0.7733127 0.173281 0.8402932 0.148759 0.7692156 0.1895583 0.7733127 0.2300945 0.7885278 0.173281 0.8402932 0.1895481 0.8460292 0.173281 0.8402932 0.2300945 0.7885278 0.1943534 0.6512589 0.1943534 0.6335654 0.2465234 0.6513702 0.2465234 0.6334642 0.2465234 0.6513702 0.1943534 0.6335654 0.1943534 0.6512589 0.1421934 0.6512589 0.1943534 0.6335654 0.1421934 0.6335654 0.1943534 0.6335654 0.1421934 0.6512589 0.2598467 0.6883354 0.2603121 0.6852297 0.2976213 0.6890435 0.2974492 0.6859378 0.2976213 0.6890435 0.2603121 0.6852297 0.2603121 0.6852297 0.2601705 0.6815675 0.2974492 0.6859378 0.2977325 0.6822858 0.2974492 0.6859378 0.2601705 0.6815675 0.2601705 0.6815675 0.2597152 0.6783708 0.2977325 0.6822858 0.2981372 0.6791092 0.2977325 0.6822858 0.2597152 0.6783708 0.2596748 0.6917142 0.2598467 0.6883354 0.2976617 0.6924527 0.2976213 0.6890435 0.2976617 0.6924527 0.2598467 0.6883354 0.2976213 0.6890435 0.3004538 0.6889929 0.2976617 0.6924527 0.3004943 0.6924325 0.2976617 0.6924527 0.3004538 0.6889929 0.363853 0.6693975 0.363762 0.6725842 0.3254311 0.6693975 0.3253401 0.6725842 0.3254311 0.6693975 0.363762 0.6725842 0.363762 0.6725842 0.363762 0.6760035 0.3253401 0.6725842 0.3253401 0.6760035 0.3253401 0.6725842 0.363762 0.6760035 0.363762 0.6627814 0.363853 0.6659782 0.3253401 0.6627814 0.3254311 0.6659782 0.3253401 0.6627814 0.363853 0.6659782 0.363853 0.6659782 0.363853 0.6693975 0.3254311 0.6659782 0.3254311 0.6693975 0.3254311 0.6659782 0.363853 0.6693975 0.3254311 0.6693975 0.3253401 0.6725842 0.3220118 0.6693065 0.3219208 0.6724932 0.3220118 0.6693065 0.3253401 0.6725842 0.6016786 0.7544863 0.6016685 0.7092864 0.6057049 0.7545672 0.6056948 0.7093369 0.6057049 0.7545672 0.6016685 0.7092864 0.534506 0.74525 0.5627104 0.7477791 0.5347993 0.7491853 0.5623866 0.7517751 0.5347993 0.7491853 0.5627104 0.7477791 0.5627104 0.7477791 0.6016786 0.7544863 0.5623866 0.7517751 0.6007479 0.7583507 0.5623866 0.7517751 0.6016786 0.7544863 0.5353051 0.7173491 0.534506 0.74525 0.5312788 0.717167 0.5304797 0.7451286 0.5312788 0.717167 0.534506 0.74525 0.6016685 0.7092864 0.5638535 0.7140512 0.6007681 0.7054219 0.5634995 0.7100552 0.6007681 0.7054219 0.5638535 0.7140512 0.5638535 0.7140512 0.5353051 0.7173491 0.5634995 0.7100552 0.5355176 0.7133936 0.5634995 0.7100552 0.5353051 0.7173491 0.108597 0.737076 0.1031544 0.6978649 0.1117533 0.7365298 0.1117533 0.7365298 0.117641 0.7629941 0.108597 0.737076 0.1160831 0.7647139 0.108597 0.737076 0.117641 0.7629941 0.1047933 0.6990182 0.1117533 0.7365298 0.1031544 0.6978649 0.1160831 0.7647139 0.117641 0.7629941 0.1487792 0.7627918 0.1487994 0.7591802 0.1487792 0.7627918 0.117641 0.7629941 0.1487994 0.7591802 0.1799173 0.7632369 0.1487792 0.7627918 0.1814652 0.7649769 0.1487792 0.7627918 0.1799173 0.7632369 0.6016786 0.7544863 0.5627104 0.7477791 0.6016685 0.7092864 0.5638535 0.7140512 0.6016685 0.7092864 0.5627104 0.7477791 0.5638535 0.7140512 0.5627104 0.7477791 0.5353051 0.7173491 0.534506 0.74525 0.5353051 0.7173491 0.5627104 0.7477791 0.2502362 0.6515321 0.2465234 0.6513702 0.2502362 0.6332923 0.2465234 0.6334642 0.2502362 0.6332923 0.2465234 0.6513702 0.2886379 0.633272 0.2922494 0.6332923 0.2884659 0.6518052 0.2920775 0.6518456 0.2884659 0.6518052 0.2922494 0.6332923 0.2807168 0.6517141 0.2808079 0.6332214 0.2884659 0.6518052 0.2886379 0.633272 0.2884659 0.6518052 0.2808079 0.6332214 0.2579954 0.6332113 0.2579145 0.6516231 0.2502362 0.6332923 0.2502362 0.6515321 0.2502362 0.6332923 0.2579145 0.6516231 0.2920775 0.6518456 0.2922494 0.6332923 0.3478389 0.6523717 0.3480108 0.6338082 0.3478389 0.6523717 0.2922494 0.6332923 0.3480108 0.6338082 0.3650265 0.6357303 0.3478389 0.6523717 0.3649153 0.6525335 0.3478389 0.6523717 0.3650265 0.6357303 0.3686988 0.6340004 0.3650265 0.6357303 0.3480108 0.6338082 0.08290141 0.7454119 0.09713518 0.7403335 0.1068772 0.7697013 0.1068772 0.7697013 0.09713518 0.7403335 0.108597 0.737076 0.1160831 0.7647139 0.1068772 0.7697013 0.108597 0.737076 0.1068772 0.7697013 0.1160831 0.7647139 0.1487691 0.7664337 0.1487792 0.7627918 0.1487691 0.7664337 0.1160831 0.7647139 0.09332126 0.7709557 0.08290141 0.7454119 0.1068772 0.7697013 0.1068772 0.7697013 0.0650258 0.7853108 0.09332126 0.7709557 0.1068772 0.7697013 0.1079192 0.7729992 0.0650258 0.7853108 0.1068772 0.7697013 0.1487691 0.7664337 0.1079192 0.7729992 0.06726151 0.7878905 0.0650258 0.7853108 0.1079192 0.7729992 0.06705921 0.7798479 0.09332126 0.7709557 0.0650258 0.7853108 0.0650258 0.7853108 0.04757511 0.7586846 0.06705921 0.7798479 0.04385226 0.7621544 0.04757511 0.7586846 0.0650258 0.7853108 0.04757511 0.7586846 0.04385226 0.7621544 0.02336663 0.7241574 0.02769643 0.7458671 0.02336663 0.7241574 0.04385226 0.7621544 0.04757511 0.7586846 0.02336663 0.7241574 0.05091351 0.7564285 0.05091351 0.7564285 0.06705921 0.7798479 0.04757511 0.7586846 0.02919369 0.7257963 0.05091351 0.7564285 0.02336663 0.7241574 0.02336663 0.7241574 0.07305818 0.7025995 0.02919369 0.7257963 0.02336663 0.7241574 0.07114624 0.6945266 0.07305818 0.7025995 0.0679292 0.6928675 0.07114624 0.6945266 0.02336663 0.7241574 0.01685172 0.7136061 0.0679292 0.6928675 0.02336663 0.7241574 0.07049876 0.7082646 0.02919369 0.7257963 0.07305818 0.7025995 0.07049876 0.7082646 0.07305818 0.7025995 0.08290141 0.7454119 0.01685172 0.7136061 0.02336663 0.7241574 0.01540505 0.7358215 0.02325534 0.7441068 0.02336663 0.7241574 0.02769643 0.7458671 0.01540505 0.7358215 0.02336663 0.7241574 0.02325534 0.7441068 0.01181375 0.7368332 0.01685172 0.7136061 0.01540505 0.7358215 0.002365052 0.7264032 0.01685172 0.7136061 0.01181375 0.7368332 0.08290141 0.7454119 0.07712501 0.7018103 0.09713518 0.7403335 0.09713518 0.7403335 0.07712501 0.7018103 0.09456562 0.6965701 0.108597 0.737076 0.09713518 0.7403335 0.09456562 0.6965701 0.1031544 0.6978649 0.108597 0.737076 0.09884482 0.6946176 0.09884482 0.6946176 0.1490827 0.6864638 0.1031544 0.6978649 0.09884482 0.6946176 0.09838956 0.6834998 0.1490827 0.6864638 0.09652817 0.6866156 0.09838956 0.6834998 0.09884482 0.6946176 0.1490827 0.6864638 0.09838956 0.6834998 0.1491333 0.6749514 0.1490726 0.6900956 0.1031544 0.6978649 0.1490827 0.6864638 0.199796 0.6839044 0.1490827 0.6864638 0.1491333 0.6749514 0.1992598 0.6950324 0.1490827 0.6864638 0.199796 0.6839044 0.2016372 0.6870304 0.1992598 0.6950324 0.199796 0.6839044 0.1992598 0.6950324 0.1949199 0.6982291 0.1490827 0.6864638 0.1490726 0.6900956 0.1490827 0.6864638 0.1949199 0.6982291 0.1891738 0.7373896 0.1949199 0.6982291 0.1992598 0.6950324 0.2006458 0.7406066 0.1891738 0.7373896 0.2035289 0.6970152 0.2006458 0.7406066 0.1906306 0.7700351 0.1891738 0.7373896 0.2006458 0.7406066 0.2147884 0.7459278 0.1906306 0.7700351 0.1906306 0.7700351 0.1814652 0.7649769 0.1891738 0.7373896 0.1906306 0.7700351 0.1487691 0.7664337 0.1814652 0.7649769 0.1487792 0.7627918 0.1814652 0.7649769 0.1487691 0.7664337 0.2147884 0.7459278 0.2041764 0.7714007 0.1906306 0.7700351 0.1906306 0.7700351 0.2041764 0.7714007 0.2323505 0.7859785 0.1906306 0.7700351 0.2323505 0.7859785 0.1895583 0.7733127 0.1906306 0.7700351 0.1895583 0.7733127 0.1487691 0.7664337 0.2300945 0.7885278 0.1895583 0.7733127 0.2323505 0.7859785 0.2303677 0.7804955 0.2323505 0.7859785 0.2041764 0.7714007 0.2323505 0.7859785 0.2303677 0.7804955 0.2500136 0.7594838 0.2500136 0.7594838 0.2537162 0.762984 0.2323505 0.7859785 0.2500136 0.7594838 0.2745155 0.7251589 0.2537162 0.762984 0.2700036 0.7468281 0.2537162 0.762984 0.2745155 0.7251589 0.2500136 0.7594838 0.2467056 0.7571974 0.2745155 0.7251589 0.2467056 0.7571974 0.2500136 0.7594838 0.2303677 0.7804955 0.2686682 0.7267573 0.2745155 0.7251589 0.2467056 0.7571974 0.2745155 0.7251589 0.2686682 0.7267573 0.2249959 0.7032165 0.2269686 0.6951538 0.2745155 0.7251589 0.2249959 0.7032165 0.2301957 0.6935149 0.2745155 0.7251589 0.2269686 0.6951538 0.2811113 0.7146581 0.2745155 0.7251589 0.2301957 0.6935149 0.2275047 0.7088918 0.2249959 0.7032165 0.2686682 0.7267573 0.2249959 0.7032165 0.2275047 0.7088918 0.2147884 0.7459278 0.2745155 0.7251589 0.2811113 0.7146581 0.2823759 0.736894 0.2745155 0.7251589 0.2744649 0.7451084 0.2700036 0.7468281 0.2745155 0.7251589 0.2823759 0.736894 0.2744649 0.7451084 0.2811113 0.7146581 0.285957 0.7379257 0.2823759 0.736894 0.2811113 0.7146581 0.2954968 0.7275667 0.285957 0.7379257 0.2147884 0.7459278 0.2006458 0.7406066 0.2209291 0.702387 0.2209291 0.702387 0.2006458 0.7406066 0.2035289 0.6970152 0.148759 0.7692156 0.1079192 0.7729992 0.1487691 0.7664337 0.148759 0.7692156 0.1487691 0.7664337 0.1895583 0.7733127 0.2973279 0.8525644 0.3037012 0.8548406 0.2792904 0.8847546 0.2845306 0.8893678 0.2792904 0.8847546 0.3037012 0.8548406 0.2973279 0.8525644 0.3044295 0.815407 0.3037012 0.8548406 0.3110558 0.8158016 0.3037012 0.8548406 0.3044295 0.815407 0.3110558 0.8158016 0.3044295 0.815407 0.3084458 0.7762061 0.3018398 0.7776628 0.3084458 0.7762061 0.3044295 0.815407 0.3018398 0.7776628 0.2878488 0.7435099 0.3084458 0.7762061 0.293605 0.7395849 0.3084458 0.7762061 0.2878488 0.7435099 0.3110558 0.8158016 0.3135646 0.8159633 0.3037012 0.8548406 0.3078287 0.8471825 0.3037012 0.8548406 0.3135646 0.8159633 0.3084458 0.7762061 0.3116021 0.7843195 0.3110558 0.8158016 0.3135646 0.8159633 0.3110558 0.8158016 0.3116021 0.7843195 0.3037012 0.8548406 0.3019814 0.8633282 0.2845306 0.8893678 0.2901047 0.8845624 0.2845306 0.8893678 0.3019814 0.8633282 0.293605 0.7395849 0.2985722 0.7450376 0.3084458 0.7762061 0.3077983 0.7675869 0.3084458 0.7762061 0.2985722 0.7450376 0.3090932 0.8611532 0.3019814 0.8633282 0.3037012 0.8548406 0.2901047 0.8845624 0.2910557 0.8928073 0.2845306 0.8893678 0.2845306 0.8893678 0.2910557 0.8928073 0.2951528 0.9011027 0.2968726 0.8992918 0.2951528 0.9011027 0.2910557 0.8928073 0.2951528 0.9011027 0.2968726 0.8992918 0.3166096 0.9240263 0.321769 0.9185331 0.3166096 0.9240263 0.2968726 0.8992918 0.3166096 0.9240263 0.321769 0.9185331 0.3399177 0.9321801 0.3399177 0.9321801 0.3298621 0.9381792 0.3166096 0.9240263 0.3315009 0.9429339 0.3298621 0.9381792 0.3399177 0.9321801 0.3399177 0.9321801 0.357672 0.9485686 0.3315009 0.9429339 0.3503072 0.9624079 0.3315009 0.9429339 0.357672 0.9485686 0.357672 0.9485686 0.3657246 0.9547396 0.3503072 0.9624079 0.3657246 0.9547396 0.357672 0.9485686 0.3843994 0.898604 0.3923104 0.9015984 0.3657246 0.9547396 0.3843994 0.898604 0.3935952 0.9051189 0.3657246 0.9547396 0.3923104 0.9015984 0.3538885 0.9661711 0.3503072 0.9624079 0.3657246 0.9547396 0.357672 0.9485686 0.3593209 0.9403238 0.3843994 0.898604 0.3527352 0.9418109 0.357672 0.9485686 0.3399177 0.9321801 0.3527352 0.9418109 0.3593209 0.9403238 0.357672 0.9485686 0.3843994 0.898604 0.3766503 0.8969955 0.3666856 0.8879109 0.3666856 0.8879109 0.3766503 0.8969955 0.3632258 0.8894587 0.3622344 0.8865148 0.3632258 0.8894587 0.3423254 0.8794335 0.3786634 0.9040769 0.38445 0.8985938 0.3593209 0.9403238 0.3786634 0.9040769 0.3766503 0.8969955 0.38445 0.8985938 0.3537873 0.7038235 0.32968 0.7091448 0.3445106 0.6966612 0.3467159 0.6921492 0.3537873 0.7038235 0.3445106 0.6966612 0.3537873 0.7038235 0.3467159 0.6921492 0.3728971 0.6899236 0.3676872 0.6750425 0.3728971 0.6899236 0.3467159 0.6921492 0.3728971 0.6899236 0.3676872 0.6750425 0.3820828 0.684481 0.3820828 0.684481 0.3939189 0.7424073 0.3728971 0.6899236 0.4020727 0.7404346 0.3939189 0.7424073 0.3820828 0.684481 0.4037722 0.7370963 0.4020727 0.7404346 0.3820828 0.684481 0.3716933 0.6717243 0.3820828 0.684481 0.3676872 0.6750425 0.3537873 0.7038235 0.3341514 0.7152247 0.32968 0.7091448 0.32968 0.7091448 0.3341514 0.7152247 0.3056132 0.7292965 0.3071002 0.7312996 0.3056132 0.7292965 0.3341514 0.7152247 0.3537873 0.7038235 0.3728971 0.6899236 0.3672117 0.6960542 0.3939189 0.7424073 0.3887393 0.7363679 0.3728971 0.6899236 0.3056132 0.7292965 0.3071002 0.7312996 0.293605 0.7395849 0.3005247 0.7369849 0.293605 0.7395849 0.3071002 0.7312996 0.3005247 0.7369849 0.2985722 0.7450376 0.293605 0.7395849 0.3735951 0.6982898 0.3729072 0.6899034 0.3887393 0.7363679 0.3735951 0.6982898 0.3672117 0.6960542 0.3729072 0.6899034 0.3749001 0.7509961 0.3717236 0.748983 0.3939189 0.7424073 0.3859168 0.7431256 0.3938784 0.7424681 0.3717236 0.748983 0.3859168 0.7431256 0.3887393 0.7363679 0.3938784 0.7424681 0.3703781 0.7518155 0.3497711 0.7564589 0.3717236 0.748983 0.343681 0.8764289 0.3480715 0.8639149 0.3608991 0.8828225 0.3656841 0.8696306 0.3608991 0.8828225 0.3480715 0.8639149 0.3480715 0.8639149 0.343681 0.8764289 0.3191387 0.8550631 0.31577 0.8644815 0.3191387 0.8550631 0.343681 0.8764289 0.31577 0.8644815 0.3090932 0.8611532 0.3191387 0.8550631 0.3118853 0.8533636 0.3191387 0.8550631 0.3090932 0.8611532 0.3656841 0.8696306 0.366888 0.8723925 0.3608991 0.8828225 0.36359 0.8814365 0.3608991 0.8828225 0.366888 0.8723925 0.3118853 0.8533636 0.3090932 0.8611532 0.3037012 0.8548406 0.3078287 0.8471825 0.3118853 0.8533636 0.3037012 0.8548406 0.3507524 0.7596152 0.3686078 0.7553158 0.3535748 0.7725338 0.3717337 0.7689628 0.3535748 0.7725338 0.3686078 0.7553158 0.3507524 0.7596152 0.3535748 0.7725338 0.3216375 0.7681736 0.3237821 0.7779259 0.3216375 0.7681736 0.3535748 0.7725338 0.3237821 0.7779259 0.3163871 0.7786846 0.3216375 0.7681736 0.3145863 0.7706421 0.3216375 0.7681736 0.3163871 0.7786846 0.3686078 0.7553158 0.3711065 0.7570254 0.3717337 0.7689628 0.3732511 0.7663628 0.3717337 0.7689628 0.3711065 0.7570254 0.3145863 0.7706421 0.3163871 0.7786846 0.3084458 0.7762061 0.3163871 0.7786846 0.3116021 0.7843195 0.3084458 0.7762061 0.3077983 0.7675869 0.3145863 0.7706421 0.3084458 0.7762061 0.1480711 0.9449875 0.14798 0.9708752 0.1364372 0.9475672 0.1480711 0.9449875 0.1364372 0.9475672 0.1481519 0.9238948 0.1282126 0.9277087 0.1481519 0.9238948 0.1364372 0.9475672 0.1282126 0.9277087 0.1364372 0.9475672 0.1154357 0.9338999 0.1293861 0.951816 0.1154357 0.9338999 0.1364372 0.9475672 0.1364372 0.9475672 0.14798 0.9708752 0.1293861 0.951816 0.1481519 0.9238948 0.1282126 0.9277087 0.1482329 0.9030653 0.1300032 0.9048255 0.1482329 0.9030653 0.1282126 0.9277087 0.1300032 0.9048255 0.1282126 0.9277087 0.1141914 0.9092868 0.1141914 0.9092868 0.1282126 0.9277087 0.1043785 0.913829 0.1154357 0.9338999 0.1043785 0.913829 0.1282126 0.9277087 0.1300032 0.9048255 0.1289006 0.8816591 0.1482329 0.9030653 0.148324 0.880354 0.1482329 0.9030653 0.1289006 0.8816591 0.1289006 0.8816591 0.1279698 0.8620839 0.148324 0.880354 0.1483948 0.8607789 0.148324 0.880354 0.1279698 0.8620839 0.1300032 0.9048255 0.1141914 0.9092868 0.1105798 0.889833 0.1300032 0.9048255 0.1105798 0.889833 0.1289006 0.8816591 0.1073325 0.8918057 0.1105798 0.889833 0.1141914 0.9092868 0.1043785 0.913829 0.09751957 0.8955589 0.1141914 0.9092868 0.1073325 0.8918057 0.1141914 0.9092868 0.09751957 0.8955589 0.1101246 0.8846332 0.1289006 0.8816591 0.1105798 0.889833 0.1101246 0.8846332 0.1091838 0.8765908 0.1289006 0.8816591 0.1196137 0.8738896 0.1289006 0.8816591 0.1091838 0.8765908 0.1289006 0.8816591 0.1196137 0.8738896 0.1279698 0.8620839 0.11929 0.8638644 0.1279698 0.8620839 0.1196137 0.8738896 0.1483948 0.8607789 0.1688095 0.8622356 0.148324 0.880354 0.1677373 0.8818107 0.148324 0.880354 0.1688095 0.8622356 0.148324 0.880354 0.1677373 0.8818107 0.1482329 0.9030653 0.1664525 0.9049671 0.1482329 0.9030653 0.1677373 0.8818107 0.1664525 0.9049671 0.1680711 0.9278604 0.1482329 0.9030653 0.1481519 0.9238948 0.1482329 0.9030653 0.1680711 0.9278604 0.1680711 0.9278604 0.1596948 0.9476581 0.1481519 0.9238948 0.1480711 0.9449875 0.1481519 0.9238948 0.1596948 0.9476581 0.14798 0.9708752 0.1480711 0.9449875 0.1596948 0.9476581 0.1680711 0.9278604 0.1807975 0.9341528 0.1596948 0.9476581 0.1667054 0.9519576 0.1596948 0.9476581 0.1807975 0.9341528 0.14798 0.9708752 0.1596948 0.9476581 0.1667054 0.9519576 0.1680711 0.9278604 0.1664525 0.9049671 0.182234 0.9095499 0.1807975 0.9341528 0.1680711 0.9278604 0.1920064 0.9141629 0.182234 0.9095499 0.1920064 0.9141629 0.1680711 0.9278604 0.1664525 0.9049671 0.1859872 0.8901264 0.182234 0.9095499 0.1664525 0.9049671 0.1677373 0.8818107 0.1859872 0.8901264 0.1892244 0.8921193 0.182234 0.9095499 0.1859872 0.8901264 0.1892244 0.8921193 0.1990069 0.8959433 0.182234 0.9095499 0.1920064 0.9141629 0.182234 0.9095499 0.1990069 0.8959433 0.186493 0.8849266 0.1859872 0.8901264 0.1677373 0.8818107 0.186493 0.8849266 0.1677373 0.8818107 0.1874844 0.8768942 0.1770747 0.8741122 0.1874844 0.8768942 0.1677373 0.8818107 0.1677373 0.8818107 0.1688095 0.8622356 0.1770747 0.8741122 0.1774793 0.8640869 0.1770747 0.8741122 0.1688095 0.8622356 0.2407875 0.8268384 0.2485164 0.8167929 0.2614148 0.8398886 0.2679398 0.8320181 0.2614148 0.8398886 0.2485164 0.8167929 0.2679398 0.8320181 0.27926 0.8419017 0.2614148 0.8398886 0.2734128 0.8481031 0.2614148 0.8398886 0.27926 0.8419017 0.2407875 0.8268384 0.2285063 0.8192006 0.2485164 0.8167929 0.2368927 0.8080625 0.2485164 0.8167929 0.2285063 0.8192006 0.2614148 0.8398886 0.2593005 0.8416589 0.2407875 0.8268384 0.2382584 0.8289933 0.2407875 0.8268384 0.2593005 0.8416589 0.2407875 0.8268384 0.2382584 0.8289933 0.2285063 0.8192006 0.2593005 0.8416589 0.2614148 0.8398886 0.271693 0.8496509 0.2734128 0.8481031 0.271693 0.8496509 0.2614148 0.8398886 0.271693 0.8496509 0.2734128 0.8481031 0.2867563 0.8616894 0.2881928 0.8602427 0.2867563 0.8616894 0.2734128 0.8481031 0.2734128 0.8481031 0.27926 0.8419017 0.2881928 0.8602427 0.2257242 0.8217196 0.2285063 0.8192006 0.2382584 0.8289933 0.2927148 0.8557712 0.2881928 0.8602427 0.27926 0.8419017 0.2043989 0.6702574 0.2186934 0.67048 0.2043989 0.6741927 0.2186934 0.6742028 0.2043989 0.6741927 0.2186934 0.67048 0.2043989 0.6741927 0.2008178 0.6730799 0.2043989 0.6702574 0.2008178 0.6702068 0.2043989 0.6702574 0.2008178 0.6730799 0.03705406 0.9134346 0.03749918 0.9305008 0.03459578 0.9134447 0.0354759 0.9309358 0.03459578 0.9134447 0.03749918 0.9305008 0.03705406 0.9134346 0.03459578 0.9134447 0.03800499 0.9053313 0.03551638 0.9050683 0.03800499 0.9053313 0.03459578 0.9134447 0.0354759 0.9309358 0.03749918 0.9305008 0.03914815 0.9463229 0.040959 0.9457057 0.03914815 0.9463229 0.03749918 0.9305008 0.040959 0.9457057 0.04746383 0.9598889 0.03914815 0.9463229 0.04560238 0.960769 0.03914815 0.9463229 0.04746383 0.9598889 0.04560238 0.960769 0.04746383 0.9598889 0.05554682 0.9751849 0.05749922 0.9736977 0.05554682 0.9751849 0.04746383 0.9598889 0.05749922 0.9736977 0.06318461 0.9795551 0.05554682 0.9751849 0.06137382 0.9812749 0.05554682 0.9751849 0.06318461 0.9795551 0.005905807 0.9136571 0.007585108 0.9358119 0.002658426 0.9138089 0.004388332 0.9363886 0.002658426 0.9138089 0.007585108 0.9358119 0.004388332 0.9363886 0.007585108 0.9358119 0.009365618 0.9564291 0.01243084 0.9553871 0.009365618 0.9564291 0.007585108 0.9358119 0.005905807 0.9136571 0.002658426 0.9138089 0.006421744 0.9030147 0.003073215 0.9029641 0.006421744 0.9030147 0.002658426 0.9138089 0.01243084 0.9553871 0.02049362 0.9738696 0.009365618 0.9564291 0.01761043 0.9753568 0.009365618 0.9564291 0.02049362 0.9738696 0.01761043 0.9753568 0.02049362 0.9738696 0.02997261 0.9943351 0.03264337 0.9924737 0.02997261 0.9943351 0.02049362 0.9738696 0.03264337 0.9924737 0.03952246 1.000607 0.02997261 0.9943351 0.03691244 1.002691 0.02997261 0.9943351 0.03952246 1.000607 0.005905807 0.9136571 0.02240556 0.9132321 0.007585108 0.9358119 0.005905807 0.9136571 0.006421744 0.9030147 0.02240556 0.9132321 0.02374094 0.9329389 0.007585108 0.9358119 0.02240556 0.9132321 0.007585108 0.9358119 0.02374094 0.9329389 0.01243084 0.9553871 0.02240556 0.9132321 0.03459578 0.9134447 0.02374094 0.9329389 0.0354759 0.9309358 0.02374094 0.9329389 0.03459578 0.9134447 0.02374094 0.9329389 0.0354759 0.9309358 0.02793926 0.9501266 0.02793926 0.9501266 0.01243084 0.9553871 0.02374094 0.9329389 0.01243084 0.9553871 0.02793926 0.9501266 0.02049362 0.9738696 0.03914815 0.9463229 0.02793926 0.9501266 0.0354759 0.9309358 0.02240556 0.9132321 0.02319467 0.9037228 0.03459578 0.9134447 0.02319467 0.9037228 0.02240556 0.9132321 0.006421744 0.9030147 0.03551638 0.9050683 0.03459578 0.9134447 0.02319467 0.9037228 0.02049362 0.9738696 0.03506118 0.9663228 0.03264337 0.9924737 0.02793926 0.9501266 0.03914815 0.9463229 0.03506118 0.9663228 0.03506118 0.9663228 0.02049362 0.9738696 0.02793926 0.9501266 0.04599696 0.9827721 0.03264337 0.9924737 0.03506118 0.9663228 0.03264337 0.9924737 0.04599696 0.9827721 0.03952246 1.000607 0.03506118 0.9663228 0.04560238 0.960769 0.04599696 0.9827721 0.04560238 0.960769 0.03506118 0.9663228 0.03914815 0.9463229 0.05554682 0.9751849 0.04599696 0.9827721 0.04560238 0.960769 0.04599696 0.9827721 0.05554682 0.9751849 0.05241072 0.9898434 0.05241072 0.9898434 0.03952246 1.000607 0.04599696 0.9827721 0.06137382 0.9812749 0.05241072 0.9898434 0.05554682 0.9751849 0.2577122 0.8449872 0.2370647 0.8327667 0.2593005 0.8416589 0.2382584 0.8289933 0.2593005 0.8416589 0.2370647 0.8327667 0.2577122 0.8449872 0.2593005 0.8416589 0.2699226 0.8530095 0.271693 0.8496509 0.2699226 0.8530095 0.2593005 0.8416589 0.271693 0.8496509 0.2867563 0.8616894 0.2699226 0.8530095 0.2842879 0.8640971 0.2699226 0.8530095 0.2867563 0.8616894 0.2370647 0.8327667 0.2246924 0.8258875 0.2382584 0.8289933 0.2257242 0.8217196 0.2382584 0.8289933 0.2246924 0.8258875 0.2008178 0.6730799 0.1966195 0.6720885 0.2008178 0.6702068 0.1966195 0.6704901 0.2008178 0.6702068 0.1966195 0.6720885 0.2370647 0.8327667 0.2577122 0.8449872 0.2217081 0.8678502 0.2442068 0.8738796 0.2217081 0.8678502 0.2577122 0.8449872 0.2217081 0.8678502 0.2442068 0.8738796 0.2167004 0.9018816 0.2402514 0.9022661 0.2167004 0.9018816 0.2442068 0.8738796 0.2167004 0.9018816 0.2402514 0.9022661 0.220919 0.9361559 0.2436302 0.9304401 0.220919 0.9361559 0.2402514 0.9022661 0.220919 0.9361559 0.2436302 0.9304401 0.2355574 0.9715429 0.2563161 0.9596764 0.2355574 0.9715429 0.2436302 0.9304401 0.2217081 0.8678502 0.2082027 0.8642083 0.2370647 0.8327667 0.2246924 0.8258875 0.2370647 0.8327667 0.2082027 0.8642083 0.2577122 0.8449872 0.2699226 0.8530095 0.2442068 0.8738796 0.2575807 0.8777136 0.2442068 0.8738796 0.2699226 0.8530095 0.2442068 0.8738796 0.2575807 0.8777136 0.2402514 0.9022661 0.2699226 0.8530095 0.2842879 0.8640971 0.2575807 0.8777136 0.2746875 0.8832271 0.2575807 0.8777136 0.2842879 0.8640971 0.2575807 0.8777136 0.2746875 0.8832271 0.2540501 0.9022964 0.2540501 0.9022964 0.2402514 0.9022661 0.2575807 0.8777136 0.2402514 0.9022661 0.2540501 0.9022964 0.2436302 0.9304401 0.2717739 0.9025696 0.2540501 0.9022964 0.2746875 0.8832271 0.2717739 0.9025696 0.274384 0.9220132 0.2540501 0.9022964 0.2570748 0.9268286 0.2540501 0.9022964 0.274384 0.9220132 0.2436302 0.9304401 0.2570748 0.9268286 0.2563161 0.9596764 0.2570748 0.9268286 0.2436302 0.9304401 0.2540501 0.9022964 0.274384 0.9220132 0.2836809 0.9415883 0.2570748 0.9268286 0.2685873 0.9518363 0.2570748 0.9268286 0.2836809 0.9415883 0.2685873 0.9518363 0.2563161 0.9596764 0.2570748 0.9268286 0.2355574 0.9715429 0.2230232 0.978159 0.220919 0.9361559 0.2082027 0.8642083 0.2217081 0.8678502 0.2027298 0.90174 0.2167004 0.9018816 0.2027298 0.90174 0.2217081 0.8678502 0.2027298 0.90174 0.2167004 0.9018816 0.2073428 0.9395145 0.2073428 0.9395145 0.220919 0.9361559 0.2230232 0.978159 0.220919 0.9361559 0.2073428 0.9395145 0.2167004 0.9018816 0.05239051 0.9137582 0.05209714 0.9283662 0.03705406 0.9134346 0.03749918 0.9305008 0.03705406 0.9134346 0.05209714 0.9283662 0.03749918 0.9305008 0.05209714 0.9283662 0.040959 0.9457057 0.05479818 0.9410117 0.040959 0.9457057 0.05209714 0.9283662 0.05239051 0.9137582 0.05742841 0.9143956 0.05209714 0.9283662 0.05648761 0.9278706 0.05209714 0.9283662 0.05742841 0.9143956 0.09833902 0.9262519 0.05648761 0.9278706 0.05742841 0.9143956 0.09833902 0.9262519 0.05888521 0.9396359 0.05648761 0.9278706 0.05648761 0.9278706 0.05888521 0.9396359 0.05209714 0.9283662 0.05479818 0.9410117 0.05209714 0.9283662 0.05888521 0.9396359 0.03705406 0.9134346 0.03800499 0.9053313 0.05239051 0.9137582 0.05373597 0.9067881 0.05239051 0.9137582 0.03800499 0.9053313 0.05239051 0.9137582 0.05373597 0.9067881 0.05742841 0.9143956 0.09833902 0.9262519 0.05742841 0.9143956 0.05954277 0.9082246 0.05954277 0.9082246 0.05742841 0.9143956 0.05373597 0.9067881 0.05479818 0.9410117 0.06035208 0.9526961 0.040959 0.9457057 0.05479818 0.9410117 0.05888521 0.9396359 0.06035208 0.9526961 0.04746383 0.9598889 0.040959 0.9457057 0.06035208 0.9526961 0.04746383 0.9598889 0.06035208 0.9526961 0.05749922 0.9736977 0.06947702 0.9641175 0.05749922 0.9736977 0.06035208 0.9526961 0.05888521 0.9396359 0.09833902 0.9262519 0.06413561 0.95042 0.06413561 0.95042 0.06035208 0.9526961 0.05888521 0.9396359 0.06413561 0.95042 0.09833902 0.9262519 0.07307845 0.9605363 0.06947702 0.9641175 0.06035208 0.9526961 0.07307845 0.9605363 0.06413561 0.95042 0.07307845 0.9605363 0.06035208 0.9526961 0.05749922 0.9736977 0.06947702 0.9641175 0.06318461 0.9795551 0.07307845 0.9605363 0.09833902 0.9262519 0.07851094 0.964158 0.06947702 0.9641175 0.07307845 0.9605363 0.07478809 0.9688317 0.07851094 0.964158 0.07478809 0.9688317 0.07307845 0.9605363 0.07478809 0.9688317 0.06318461 0.9795551 0.06947702 0.9641175 0.3013238 0.6728169 0.2836202 0.6719368 0.3020927 0.6602119 0.2841058 0.6593216 0.3020927 0.6602119 0.2836202 0.6719368 0.2841058 0.6593216 0.2836202 0.6719368 0.2678387 0.6588967 0.2676566 0.671522 0.2678387 0.6588967 0.2836202 0.6719368 0.2836202 0.6719368 0.3013238 0.6728169 0.2835494 0.6742736 0.2836202 0.6719368 0.2835494 0.6742736 0.2676566 0.671522 0.3011417 0.6751234 0.2835494 0.6742736 0.3013238 0.6728169 0.267606 0.6738588 0.2676566 0.671522 0.2835494 0.6742736 0.3013238 0.6728169 0.3098317 0.6735654 0.3011417 0.6751234 0.3095788 0.6759226 0.3011417 0.6751234 0.3098317 0.6735654 0.3013238 0.6728169 0.3054513 0.6634693 0.3098317 0.6735654 0.3106511 0.6639144 0.3098317 0.6735654 0.3054513 0.6634693 0.3020927 0.6602119 0.3041564 0.6624577 0.3013238 0.6728169 0.3041564 0.6624577 0.3054513 0.6634693 0.3013238 0.6728169 0.2676566 0.671522 0.2516423 0.6715118 0.2678387 0.6588967 0.2516626 0.6588967 0.2678387 0.6588967 0.2516423 0.6715118 0.2516626 0.6588967 0.2516423 0.6715118 0.2338173 0.6588967 0.2338679 0.671522 0.2338173 0.6588967 0.2516423 0.6715118 0.2516423 0.6715118 0.2516221 0.6738386 0.2338679 0.671522 0.267606 0.6738588 0.2516221 0.6738386 0.2676566 0.671522 0.2516423 0.6715118 0.2676566 0.671522 0.2516221 0.6738386 0.2339286 0.6738285 0.2338679 0.671522 0.2516221 0.6738386 0.2338679 0.671522 0.2339286 0.6738285 0.2253296 0.6716029 0.2254208 0.6739802 0.2253296 0.6716029 0.2339286 0.6738285 0.2253296 0.6716029 0.2252792 0.6619013 0.2338679 0.671522 0.2304587 0.6618912 0.2338679 0.671522 0.2252792 0.6619013 0.2317334 0.6609807 0.2338173 0.6588967 0.2338679 0.671522 0.2317334 0.6609807 0.2338679 0.671522 0.2304587 0.6618912 0.1279698 0.8620839 0.11929 0.8638644 0.1245708 0.8445218 0.1089005 0.8496609 0.1245708 0.8445218 0.11929 0.8638644 0.1279698 0.8620839 0.1245708 0.8445218 0.1483948 0.8607789 0.1484656 0.84262 0.1483948 0.8607789 0.1245708 0.8445218 0.1484656 0.84262 0.1723402 0.8447141 0.1483948 0.8607789 0.1688095 0.8622356 0.1483948 0.8607789 0.1723402 0.8447141 0.1688095 0.8622356 0.1723402 0.8447141 0.1774793 0.8640869 0.18797 0.8499644 0.1774793 0.8640869 0.1723402 0.8447141 0.1539385 0.6602523 0.1539891 0.6722503 0.1154357 0.6604041 0.1156279 0.6724021 0.1154357 0.6604041 0.1539891 0.6722503 0.1156279 0.6724021 0.07714521 0.6724021 0.1154357 0.6604041 0.07693278 0.6604041 0.1154357 0.6604041 0.07714521 0.6724021 0.1539891 0.6722503 0.1539385 0.6602523 0.1911061 0.6669999 0.1539891 0.6722503 0.1911061 0.6669999 0.1966195 0.6720885 0.1947581 0.67048 0.1966195 0.6720885 0.1911061 0.6669999 0.1966195 0.6704901 0.1966195 0.6720885 0.1947581 0.67048 0.1913489 0.6601107 0.1911061 0.6669999 0.1539385 0.6602523 0.07714521 0.6724021 0.0397855 0.6672933 0.07693278 0.6604041 0.07714521 0.6724021 0.03450477 0.6724021 0.0397855 0.6672933 0.0361436 0.6707936 0.0397855 0.6672933 0.03450477 0.6724021 0.03450477 0.6724021 0.0342822 0.6708138 0.0361436 0.6707936 0.03951233 0.6604041 0.07693278 0.6604041 0.0397855 0.6672933 0.1303775 0.07484883 0.1000285 0.07595151 0.1303573 0.07384729 0.09988683 0.07381695 0.1303573 0.07384729 0.1000285 0.07595151 0.1303573 0.07384729 0.09988683 0.07381695 0.1303775 0.07283568 0.1000285 0.07169252 0.1303775 0.07283568 0.09988683 0.07381695 0.704815 0.7538186 0.641881 0.7694281 0.6384819 0.7536163 0.774982 0.9570158 0.7592308 0.9535763 0.7747999 0.8908852 0.6384819 0.7536163 0.641881 0.7694281 0.704815 0.7538186 0.7747999 0.8908852 0.7592308 0.9535763 0.774982 0.9570158 0.6384819 0.7536163 0.6384819 0.7664337 0.641881 0.7694281 0.641881 0.7694281 0.7048048 0.7695293 0.704815 0.7538186 0.704815 0.7538186 0.7048048 0.7695293 0.641881 0.7694281 0.641881 0.7694281 0.6384819 0.7664337 0.6384819 0.7536163 0.6384819 0.7536163 0.641881 0.7694281 0.704815 0.7538186 0.7590589 0.8907233 0.7592308 0.9535763 0.7747999 0.8908852 0.7592308 0.9535763 0.7621645 0.9569653 0.774982 0.9570158 0.774982 0.9570158 0.7621645 0.9569653 0.7592308 0.9535763 0.7592308 0.9535763 0.774982 0.9570158 0.7747999 0.8908852 0.7592308 0.9535763 0.7590589 0.8907233 0.7747999 0.8908852 0.7048048 0.7695293 0.641881 0.7694281 0.704815 0.7538186 0.641881 0.7694281 0.6384819 0.7664337 0.6384819 0.7536163 0.6384819 0.7536163 0.6384819 0.7664337 0.641881 0.7694281 0.641881 0.7694281 0.6384819 0.7536163 0.704815 0.7538186 0.641881 0.7694281 0.7048048 0.7695293 0.704815 0.7538186 0.774982 0.9570158 0.7621645 0.9569653 0.7592308 0.9535763 0.7592308 0.9535763 0.7590589 0.8907233 0.7747999 0.8908852 0.7747999 0.8908852 0.7590589 0.8907233 0.7592308 0.9535763 0.7592308 0.9535763 0.7621645 0.9569653 0.774982 0.9570158 0.774982 0.9570158 0.7592308 0.9535763 0.7747999 0.8908852</float_array>
          <technique_common>
            <accessor source="#StarBase_0_2608-mesh-map-0-array" count="14694" stride="2">
              <param name="S" type="float"/>
              <param name="T" type="float"/>
            </accessor>
          </technique_common>
        </source>
        <vertices id="StarBase_0_2608-mesh-vertices">
          <input semantic="POSITION" source="#StarBase_0_2608-mesh-positions"/>
        </vertices>
        <triangles material="Starbase-material" count="4898">
          <input semantic="VERTEX" source="#StarBase_0_2608-mesh-vertices" offset="0"/>
          <input semantic="NORMAL" source="#StarBase_0_2608-mesh-normals" offset="1"/>
          <input semantic="TEXCOORD" source="#StarBase_0_2608-mesh-map-0" offset="2" set="0"/>
          <p>0 0 0 1 1 1 2 2 2 3 3 3 2 2 4 1 1 5 2 2 6 3 3 7 4 4 8 5 5 9 4 4 10 3 3 11 6 6 12 7 7 13 8 8 14 9 9 15 8 8 16 7 7 17 8 8 18 9 9 19 10 10 20 11 11 21 10 10 22 9 9 23 12 12 24 13 13 25 14 14 26 15 15 27 14 14 28 13 13 29 13 13 30 12 12 31 16 16 32 17 17 33 16 16 34 12 12 35 18 18 36 19 19 37 20 20 38 21 21 39 20 20 40 19 19 41 20 20 42 21 21 43 22 22 44 23 23 45 22 22 46 21 21 47 24 24 48 25 25 49 26 26 50 27 27 51 26 26 52 25 25 53 26 26 54 27 27 55 28 28 56 29 29 57 28 28 58 27 27 59 30 30 60 31 31 61 32 32 62 33 33 63 32 32 64 31 31 65 32 32 66 33 33 67 34 34 68 35 35 69 34 34 70 33 33 71 36 36 72 37 37 73 38 38 74 39 39 75 38 38 76 37 37 77 37 37 78 36 36 79 40 40 80 41 41 81 40 40 82 36 36 83 42 42 84 43 43 85 44 44 86 45 45 87 44 44 88 43 43 89 44 44 90 45 45 91 46 46 92 47 47 93 46 46 94 45 45 95 48 48 96 49 49 97 50 50 98 51 51 99 50 50 100 49 49 101 50 50 102 51 51 103 52 52 104 53 53 105 52 52 106 51 51 107 54 54 108 55 55 109 56 56 110 57 57 111 56 56 112 55 55 113 56 56 114 57 57 115 58 58 116 59 59 117 58 58 118 57 57 119 60 60 120 61 61 121 62 62 122 63 63 123 62 62 124 61 61 125 61 61 126 60 60 127 64 64 128 65 65 129 64 64 130 60 60 131 66 66 132 67 67 133 68 68 134 67 67 135 69 69 136 68 68 137 70 70 138 69 69 139 67 67 140 71 71 141 70 70 142 67 67 143 72 72 144 69 69 145 70 70 146 68 68 147 69 69 148 73 73 149 74 74 150 75 75 151 76 76 152 77 77 153 76 76 154 75 75 155 75 75 156 78 78 157 77 77 158 79 79 159 77 77 160 78 78 161 78 78 162 80 80 163 79 79 164 81 81 165 79 79 166 80 80 167 80 80 168 82 82 169 81 81 170 83 83 171 81 81 172 82 82 173 82 82 174 84 84 175 83 83 176 85 85 177 83 83 178 84 84 179 84 84 180 86 86 181 85 85 182 87 87 183 85 85 184 86 86 185 86 86 186 88 88 187 87 87 188 89 89 189 87 87 190 88 88 191 88 88 192 90 90 193 89 89 194 91 91 195 89 89 196 90 90 197 90 90 198 88 88 199 92 92 200 93 93 201 92 92 202 88 88 203 88 88 204 86 86 205 93 93 206 94 94 207 93 93 208 86 86 209 86 86 210 84 84 211 95 95 212 96 96 213 95 95 214 84 84 215 84 84 216 82 82 217 96 96 218 97 97 219 96 96 220 82 82 221 82 82 222 80 80 223 98 98 224 99 99 225 98 98 226 80 80 227 80 80 228 78 78 229 99 99 230 100 100 231 99 99 232 78 78 233 78 78 234 75 75 235 101 101 236 102 102 237 101 101 238 75 75 239 75 75 240 74 74 241 102 102 242 103 103 243 102 102 244 74 74 245 104 104 246 105 105 247 106 106 248 105 105 249 107 107 250 106 106 251 108 108 252 107 107 253 105 105 254 109 109 255 108 108 256 105 105 257 110 110 258 107 107 259 108 108 260 106 106 261 107 107 262 111 111 263 112 112 264 113 113 265 114 114 266 115 115 267 114 114 268 113 113 269 113 113 270 116 116 271 115 115 272 117 117 273 115 115 274 116 116 275 116 116 276 118 118 277 117 117 278 119 119 279 117 117 280 118 118 281 118 118 282 120 120 283 119 119 284 121 121 285 119 119 286 120 120 287 120 120 288 122 122 289 121 121 290 123 123 291 121 121 292 122 122 293 122 122 294 124 124 295 123 123 296 125 125 297 123 123 298 124 124 299 124 124 300 126 126 301 125 125 302 127 127 303 125 125 304 126 126 305 126 126 306 128 128 307 127 127 308 129 129 309 127 127 310 128 128 311 128 128 312 126 126 313 130 130 314 131 131 315 130 130 316 126 126 317 126 126 318 124 124 319 131 131 320 132 132 321 131 131 322 124 124 323 124 124 324 122 122 325 133 133 326 134 134 327 133 133 328 122 122 329 122 122 330 120 120 331 134 134 332 135 135 333 134 134 334 120 120 335 120 120 336 118 118 337 136 136 338 137 137 339 136 136 340 118 118 341 118 118 342 116 116 343 137 137 344 138 138 345 137 137 346 116 116 347 116 116 348 113 113 349 139 139 350 140 140 351 139 139 352 113 113 353 113 113 354 112 112 355 140 140 356 141 141 357 140 140 358 112 112 359 142 142 360 143 143 361 144 144 362 143 143 363 145 145 364 144 144 365 146 146 366 145 145 367 143 143 368 147 147 369 146 146 370 143 143 371 148 148 372 145 145 373 146 146 374 144 144 375 145 145 376 149 149 377 150 150 378 151 151 379 152 152 380 153 153 381 152 152 382 151 151 383 151 151 384 154 154 385 153 153 386 155 155 387 153 153 388 154 154 389 154 154 390 156 156 391 155 155 392 157 157 393 155 155 394 156 156 395 156 156 396 158 158 397 157 157 398 159 159 399 157 157 400 158 158 401 158 158 402 160 160 403 159 159 404 161 161 405 159 159 406 160 160 407 160 160 408 162 162 409 161 161 410 163 163 411 161 161 412 162 162 413 162 162 414 164 164 415 163 163 416 165 165 417 163 163 418 164 164 419 164 164 420 166 166 421 165 165 422 167 167 423 165 165 424 166 166 425 166 166 426 164 164 427 168 168 428 169 169 429 168 168 430 164 164 431 164 164 432 162 162 433 169 169 434 170 170 435 169 169 436 162 162 437 162 162 438 160 160 439 171 171 440 172 172 441 171 171 442 160 160 443 160 160 444 158 158 445 172 172 446 173 173 447 172 172 448 158 158 449 158 158 450 156 156 451 174 174 452 175 175 453 174 174 454 156 156 455 156 156 456 154 154 457 175 175 458 176 176 459 175 175 460 154 154 461 154 154 462 151 151 463 177 177 464 178 178 465 177 177 466 151 151 467 151 151 468 150 150 469 178 178 470 179 179 471 178 178 472 150 150 473 180 180 474 181 181 475 182 182 476 183 183 477 182 182 478 181 181 479 184 184 480 185 185 481 186 186 482 187 187 483 186 186 484 185 185 485 188 188 486 189 189 487 190 190 488 191 191 489 190 190 490 189 189 491 192 192 492 193 193 493 194 194 494 195 195 495 194 194 496 193 193 497 196 196 498 197 197 499 198 198 500 199 199 501 198 198 502 197 197 503 200 200 504 201 201 505 202 202 506 203 203 507 202 202 508 201 201 509 204 204 510 201 201 511 200 200 512 202 205 513 205 206 514 206 207 515 207 208 516 205 206 517 202 205 518 208 209 519 209 210 520 210 211 521 211 212 522 210 211 523 209 210 524 212 213 525 213 214 526 214 215 527 215 216 528 214 215 529 213 214 530 216 217 531 217 218 532 218 219 533 219 220 534 218 219 535 217 218 536 220 221 537 221 222 538 222 223 539 223 224 540 222 223 541 221 222 542 224 225 543 225 226 544 226 227 545 227 228 546 226 227 547 225 226 548 225 226 549 224 225 550 228 229 551 229 230 552 228 229 553 224 225 554 228 229 555 229 230 556 230 231 557 231 232 558 230 231 559 229 230 560 230 231 561 231 232 562 232 233 563 233 234 564 232 233 565 231 232 566 234 235 567 235 236 568 236 237 569 237 238 570 236 237 571 235 236 572 238 239 573 239 240 574 240 241 575 241 242 576 240 241 577 239 240 578 242 243 579 243 244 580 244 245 581 245 246 582 244 245 583 243 244 584 246 247 585 247 248 586 248 249 587 249 250 588 248 249 589 247 248 590 247 248 591 246 247 592 250 251 593 251 252 594 250 251 595 246 247 596 250 251 597 251 252 598 252 253 599 253 254 600 252 253 601 251 252 602 248 249 603 249 250 604 254 255 605 255 256 606 254 255 607 249 250 608 256 257 609 257 258 610 258 259 611 259 260 612 258 259 613 257 258 614 260 261 615 261 262 616 262 263 617 263 264 618 262 263 619 261 262 620 264 265 621 265 266 622 266 267 623 267 268 624 266 267 625 265 266 626 268 269 627 269 270 628 270 271 629 271 272 630 270 271 631 269 270 632 269 270 633 268 269 634 272 273 635 273 274 636 272 273 637 268 269 638 272 273 639 273 274 640 274 275 641 275 276 642 274 275 643 273 274 644 274 275 645 275 276 646 276 277 647 277 278 648 276 277 649 275 276 650 278 279 651 279 280 652 280 281 653 281 282 654 280 281 655 279 280 656 282 283 657 283 284 658 284 285 659 285 286 660 284 285 661 283 284 662 286 287 663 287 288 664 288 289 665 289 290 666 288 289 667 287 288 668 290 291 669 291 292 670 292 293 671 293 294 672 292 293 673 291 292 674 291 292 675 290 291 676 294 295 677 295 296 678 294 295 679 290 291 680 292 293 681 293 294 682 296 297 683 297 298 684 296 297 685 293 294 686 296 297 687 297 298 688 298 299 689 299 300 690 298 299 691 297 298 692 300 301 693 301 302 694 302 303 695 303 304 696 302 303 697 301 302 698 301 302 699 300 301 700 304 305 701 305 306 702 304 305 703 300 301 704 304 305 705 305 306 706 306 307 707 307 308 708 306 307 709 305 306 710 308 309 711 309 310 712 310 311 713 311 312 714 310 311 715 309 310 716 312 313 717 313 314 718 314 315 719 315 316 720 314 315 721 313 314 722 313 314 723 312 313 724 316 317 725 317 318 726 316 317 727 312 313 728 318 319 729 319 320 730 320 321 731 321 322 732 320 321 733 319 320 734 322 323 735 323 324 736 324 325 737 325 326 738 324 325 739 323 324 740 323 324 741 322 323 742 326 327 743 327 328 744 326 327 745 322 323 746 326 327 747 327 328 748 328 329 749 329 330 750 328 329 751 327 328 752 330 331 753 331 332 754 332 333 755 333 334 756 332 333 757 331 332 758 334 335 759 335 336 760 336 337 761 337 338 762 336 337 763 335 336 764 335 336 765 334 335 766 338 339 767 339 340 768 338 339 769 334 335 770 340 341 771 341 342 772 342 343 773 343 344 774 342 343 775 341 342 776 344 345 777 345 346 778 346 347 779 345 346 780 347 348 781 346 347 782 348 349 783 347 348 784 345 346 785 346 347 786 347 348 787 349 350 788 345 346 789 344 345 790 350 351 791 351 352 792 350 351 793 344 345 794 350 351 795 351 352 796 352 353 797 353 354 798 352 353 799 351 352 800 352 353 801 353 354 802 354 355 803 353 354 804 355 356 805 354 355 806 356 357 807 355 356 808 353 354 809 354 355 810 355 356 811 357 358 812 358 359 813 359 360 814 360 361 815 360 361 816 359 360 817 361 362 818 359 360 819 362 363 820 361 362 821 359 360 822 363 364 823 362 363 824 364 365 825 363 364 826 359 360 827 365 366 828 364 365 829 359 360 830 362 363 831 366 367 832 361 362 833 367 368 834 361 362 835 366 367 836 363 364 837 368 369 838 362 363 839 368 369 840 366 367 841 362 363 842 367 368 843 369 370 844 361 362 845 370 371 846 361 362 847 369 370 848 371 372 849 372 373 850 363 374 851 372 375 852 368 376 853 373 377 854 374 378 855 375 379 856 372 380 857 376 381 858 369 382 859 377 383 860 378 384 861 379 385 862 380 386 863 380 386 864 379 385 865 381 387 866 379 385 867 382 388 868 381 387 869 383 389 870 382 388 871 379 385 872 381 387 873 384 390 874 380 386 875 385 391 876 380 386 877 384 390 878 384 390 879 386 392 880 385 391 881 387 393 882 385 391 883 386 392 884 386 392 885 388 394 886 387 393 887 389 395 888 388 394 889 386 392 890 387 393 891 388 394 892 390 396 893 390 396 894 388 394 895 391 397 896 392 398 897 393 399 898 394 400 899 395 401 900 394 400 901 393 399 902 394 400 903 395 401 904 396 402 905 397 403 906 396 402 907 395 401 908 395 401 909 393 399 910 398 404 911 395 401 912 398 404 913 397 403 914 399 405 915 398 404 916 393 399 917 398 404 918 399 405 919 400 406 920 401 407 921 400 406 922 399 405 923 402 408 924 397 403 925 398 404 926 398 404 927 400 406 928 402 408 929 403 409 930 402 408 931 400 406 932 400 406 933 401 407 934 404 410 935 400 406 936 404 410 937 403 409 938 401 407 939 405 411 940 404 410 941 406 412 942 405 411 943 401 407 944 403 409 945 404 410 946 407 413 947 407 413 948 404 410 949 408 414 950 409 415 951 410 416 952 411 417 953 412 418 954 411 417 955 410 416 956 410 416 957 409 415 958 413 419 959 414 420 960 413 419 961 409 415 962 413 419 963 414 420 964 415 421 965 416 422 966 415 421 967 414 420 968 417 423 969 418 424 970 419 425 971 420 426 972 419 425 973 418 424 974 418 424 975 417 423 976 421 427 977 422 428 978 421 427 979 417 423 980 421 427 981 422 428 982 423 429 983 424 430 984 423 429 985 422 428 986 423 429 987 424 430 988 425 431 989 426 432 990 425 431 991 424 430 992 425 431 993 426 432 994 427 433 995 428 434 996 427 433 997 426 432 998 429 435 999 430 436 1000 431 437 1001 432 438 1002 431 437 1003 430 436 1004 430 436 1005 429 435 1006 433 439 1007 434 440 1008 433 439 1009 429 435 1010 433 439 1011 434 440 1012 435 441 1013 436 442 1014 435 441 1015 434 440 1016 437 443 1017 438 444 1018 439 445 1019 440 446 1020 439 445 1021 438 444 1022 439 445 1023 440 446 1024 441 447 1025 442 448 1026 441 447 1027 440 446 1028 441 447 1029 442 448 1030 443 449 1031 444 450 1032 443 449 1033 442 448 1034 443 449 1035 444 450 1036 445 451 1037 446 452 1038 445 451 1039 444 450 1040 445 451 1041 446 452 1042 447 453 1043 448 454 1044 447 453 1045 446 452 1046 449 455 1047 450 456 1048 451 457 1049 452 458 1050 451 457 1051 450 456 1052 450 456 1053 449 455 1054 453 459 1055 454 460 1056 453 459 1057 449 455 1058 454 460 1059 455 461 1060 453 459 1061 456 462 1062 453 459 1063 455 461 1064 456 462 1065 455 461 1066 457 463 1067 458 464 1068 457 463 1069 455 461 1070 457 463 1071 458 464 1072 459 465 1073 460 466 1074 459 465 1075 458 464 1076 459 465 1077 460 466 1078 461 467 1079 462 468 1080 461 467 1081 460 466 1082 461 467 1083 462 468 1084 463 469 1085 464 470 1086 463 469 1087 462 468 1088 451 457 1089 452 458 1090 464 470 1091 463 469 1092 464 470 1093 452 458 1094 465 471 1095 466 472 1096 467 473 1097 468 474 1098 467 473 1099 466 472 1100 466 472 1101 465 471 1102 469 475 1103 470 476 1104 469 475 1105 465 471 1106 469 475 1107 470 476 1108 471 477 1109 472 478 1110 471 477 1111 470 476 1112 471 477 1113 472 478 1114 473 479 1115 474 480 1116 473 479 1117 472 478 1118 473 479 1119 474 480 1120 475 481 1121 476 482 1122 475 481 1123 474 480 1124 475 481 1125 476 482 1126 477 483 1127 478 484 1128 477 483 1129 476 482 1130 478 484 1131 479 485 1132 477 483 1133 467 473 1134 468 474 1135 479 485 1136 480 486 1137 477 483 1138 479 485 1139 480 486 1140 479 485 1141 468 474 1142 481 487 1143 482 488 1144 483 489 1145 484 490 1146 485 491 1147 486 492 1148 487 493 1149 488 494 1150 489 495 1151 490 496 1152 491 497 1153 492 498 1154 491 497 1155 493 499 1156 492 498 1157 494 500 1158 493 499 1159 491 497 1160 492 498 1161 493 499 1162 495 501 1163 495 501 1164 493 499 1165 496 502 1166 493 499 1167 497 503 1168 496 502 1169 498 504 1170 499 505 1171 500 506 1172 501 507 1173 502 508 1174 503 509 1175 504 510 1176 505 511 1177 506 512 1178 505 511 1179 507 513 1180 506 512 1181 508 514 1182 507 513 1183 505 511 1184 509 515 1185 508 514 1186 505 511 1187 510 516 1188 509 515 1189 505 511 1190 507 513 1191 511 517 1192 506 512 1193 512 518 1194 513 519 1195 514 520 1196 515 521 1197 516 522 1198 517 523 1199 518 524 1200 519 525 1201 520 526 1202 521 527 1203 522 528 1204 523 529 1205 522 528 1206 524 530 1207 523 529 1208 524 530 1209 525 531 1210 523 529 1211 523 529 1212 525 531 1213 526 532 1214 521 527 1215 527 533 1216 522 528 1217 527 533 1218 528 534 1219 522 528 1220 527 535 1221 529 536 1222 530 537 1223 531 538 1224 530 537 1225 529 536 1226 530 537 1227 531 538 1228 532 539 1229 533 540 1230 534 541 1231 535 542 1232 534 541 1233 536 543 1234 535 542 1235 536 543 1236 537 544 1237 535 542 1238 535 542 1239 537 544 1240 538 545 1241 539 546 1242 535 542 1243 538 545 1244 540 547 1245 539 546 1246 538 545 1247 541 548 1248 542 549 1249 539 550 1250 543 551 1251 539 550 1252 542 549 1253 544 552 1254 542 549 1255 541 548 1256 533 553 1257 545 554 1258 546 555 1259 545 554 1260 547 556 1261 546 555 1262 545 557 1263 548 558 1264 549 559 1265 550 560 1266 549 559 1267 548 558 1268 549 559 1269 550 560 1270 551 561 1271 552 562 1272 553 563 1273 554 564 1274 555 565 1275 554 564 1276 553 563 1277 556 566 1278 557 567 1279 558 568 1280 559 569 1281 558 568 1282 557 567 1283 556 566 1284 558 568 1285 560 570 1286 561 571 1287 560 570 1288 558 568 1289 562 572 1290 563 573 1291 564 574 1292 565 575 1293 564 574 1294 563 573 1295 562 572 1296 564 574 1297 566 576 1298 567 577 1299 566 576 1300 564 574 1301 568 578 1302 569 579 1303 570 580 1304 571 581 1305 570 580 1306 569 579 1307 569 579 1308 572 582 1309 571 581 1310 573 583 1311 571 581 1312 572 582 1313 574 584 1314 568 578 1315 570 580 1316 574 584 1317 570 580 1318 575 585 1319 576 586 1320 575 585 1321 570 580 1322 577 587 1323 575 585 1324 576 586 1325 577 587 1326 576 586 1327 578 588 1328 577 587 1329 578 588 1330 579 589 1331 580 590 1332 579 589 1333 578 588 1334 580 590 1335 581 591 1336 579 589 1337 581 591 1338 582 592 1339 579 589 1340 583 593 1341 579 589 1342 582 592 1343 584 594 1344 585 595 1345 586 596 1346 587 597 1347 586 596 1348 585 595 1349 585 595 1350 588 598 1351 587 597 1352 589 599 1353 587 597 1354 588 598 1355 590 600 1356 591 601 1357 592 602 1358 593 603 1359 592 602 1360 591 601 1361 592 602 1362 594 604 1363 590 600 1364 595 605 1365 590 600 1366 594 604 1367 596 606 1368 597 607 1369 598 608 1370 599 609 1371 598 608 1372 597 607 1373 600 610 1374 601 611 1375 602 612 1376 603 613 1377 602 612 1378 601 611 1379 604 614 1380 605 615 1381 606 616 1382 607 617 1383 606 616 1384 605 615 1385 605 615 1386 608 618 1387 607 617 1388 609 619 1389 607 617 1390 608 618 1391 608 618 1392 610 620 1393 609 619 1394 611 621 1395 609 619 1396 610 620 1397 606 616 1398 612 622 1399 604 614 1400 606 616 1401 613 623 1402 612 622 1403 614 624 1404 612 622 1405 613 623 1406 615 625 1407 616 626 1408 617 627 1409 618 628 1410 617 627 1411 616 626 1412 616 626 1413 619 629 1414 618 628 1415 620 630 1416 618 628 1417 619 629 1418 620 630 1419 619 629 1420 621 631 1421 622 632 1422 621 631 1423 619 629 1424 623 633 1425 624 634 1426 625 635 1427 626 636 1428 625 635 1429 624 634 1430 627 637 1431 628 638 1432 629 639 1433 630 640 1434 629 639 1435 628 638 1436 631 641 1437 632 642 1438 633 643 1439 634 644 1440 633 643 1441 632 642 1442 635 645 1443 636 646 1444 637 647 1445 638 648 1446 637 647 1447 636 646 1448 639 649 1449 640 650 1450 641 651 1451 642 652 1452 641 651 1453 640 650 1454 643 653 1455 644 654 1456 645 655 1457 646 656 1458 645 655 1459 644 654 1460 647 657 1461 648 658 1462 649 659 1463 650 660 1464 649 659 1465 648 658 1466 651 661 1467 652 662 1468 653 663 1469 654 664 1470 653 663 1471 652 662 1472 655 665 1473 656 666 1474 657 667 1475 658 668 1476 657 667 1477 656 666 1478 659 669 1479 660 670 1480 661 669 1481 662 671 1482 661 669 1483 660 670 1484 663 672 1485 664 673 1486 665 674 1487 666 675 1488 665 674 1489 664 673 1490 664 673 1491 663 672 1492 667 676 1493 668 677 1494 667 676 1495 663 672 1496 666 675 1497 669 678 1498 665 674 1499 669 678 1500 666 675 1501 670 679 1502 671 680 1503 665 674 1504 669 678 1505 672 681 1506 673 682 1507 674 683 1508 675 684 1509 674 683 1510 673 682 1511 673 682 1512 672 681 1513 676 685 1514 677 686 1515 676 685 1516 672 681 1517 677 686 1518 678 687 1519 676 685 1520 679 688 1521 676 685 1522 678 687 1523 679 688 1524 680 689 1525 676 685 1526 681 690 1527 676 685 1528 680 689 1529 674 683 1530 675 684 1531 682 691 1532 683 692 1533 682 691 1534 675 684 1535 684 693 1536 685 694 1537 686 695 1538 687 696 1539 686 695 1540 685 694 1541 686 695 1542 687 696 1543 688 697 1544 689 698 1545 688 697 1546 687 696 1547 685 694 1548 684 693 1549 690 699 1550 690 699 1551 691 700 1552 685 694 1553 692 701 1554 690 699 1555 684 693 1556 693 702 1557 694 703 1558 695 704 1559 696 705 1560 695 704 1561 694 703 1562 697 706 1563 698 707 1564 699 708 1565 700 709 1566 699 708 1567 698 707 1568 701 710 1569 702 711 1570 703 712 1571 704 713 1572 703 712 1573 702 711 1574 705 714 1575 706 715 1576 707 716 1577 708 717 1578 707 716 1579 706 715 1580 709 718 1581 710 719 1582 711 720 1583 712 721 1584 711 720 1585 710 719 1586 710 719 1587 709 718 1588 713 722 1589 710 719 1590 714 723 1591 712 721 1592 715 724 1593 712 721 1594 714 723 1595 710 719 1596 716 725 1597 714 723 1598 717 726 1599 714 723 1600 716 725 1601 716 725 1602 710 719 1603 718 727 1604 719 728 1605 718 727 1606 710 719 1607 713 722 1608 719 728 1609 710 719 1610 712 721 1611 715 724 1612 720 729 1613 721 730 1614 720 729 1615 715 724 1616 722 731 1617 711 720 1618 712 721 1619 723 732 1620 722 731 1621 712 721 1622 724 733 1623 723 732 1624 712 721 1625 720 729 1626 724 733 1627 712 721 1628 718 727 1629 725 734 1630 716 725 1631 726 735 1632 716 725 1633 725 734 1634 727 736 1635 728 737 1636 729 738 1637 730 739 1638 729 738 1639 728 737 1640 731 740 1641 732 741 1642 733 742 1643 734 743 1644 733 742 1645 732 741 1646 735 744 1647 736 745 1648 737 746 1649 738 747 1650 737 746 1651 736 745 1652 738 747 1653 736 745 1654 739 748 1655 740 749 1656 739 748 1657 736 745 1658 738 747 1659 741 750 1660 737 746 1661 742 751 1662 737 746 1663 741 750 1664 742 751 1665 741 750 1666 743 752 1667 744 753 1668 743 752 1669 741 750 1670 741 750 1671 745 754 1672 744 753 1673 746 755 1674 744 753 1675 745 754 1676 745 754 1677 747 756 1678 746 755 1679 748 757 1680 746 755 1681 747 756 1682 743 752 1683 749 758 1684 742 751 1685 747 756 1686 749 758 1687 748 757 1688 743 752 1689 748 757 1690 749 758 1691 735 744 1692 737 746 1693 750 759 1694 751 760 1695 750 759 1696 737 746 1697 752 761 1698 753 762 1699 754 763 1700 755 764 1701 754 763 1702 753 762 1703 756 765 1704 757 766 1705 758 767 1706 759 768 1707 758 767 1708 757 766 1709 760 769 1710 761 770 1711 762 771 1712 763 772 1713 762 771 1714 761 770 1715 764 773 1716 765 774 1717 766 775 1718 767 776 1719 766 775 1720 765 774 1721 767 776 1722 765 774 1723 768 777 1724 769 778 1725 768 777 1726 765 774 1727 769 778 1728 770 779 1729 768 777 1730 3765 780 1731 768 777 1732 770 779 1733 3637 781 1734 771 782 1735 766 775 1736 772 783 1737 766 775 1738 771 782 1739 773 784 1740 774 785 1741 775 786 1742 773 784 1743 776 787 1744 774 785 1745 773 784 1746 777 788 1747 776 787 1748 778 789 1749 776 787 1750 777 788 1751 779 790 1752 773 784 1753 775 786 1754 779 790 1755 775 786 1756 780 791 1757 781 792 1758 780 791 1759 775 786 1760 780 791 1761 781 792 1762 782 793 1763 783 794 1764 782 793 1765 781 792 1766 784 795 1767 783 794 1768 781 792 1769 784 795 1770 781 792 1771 785 796 1772 785 796 1773 786 797 1774 784 795 1775 787 798 1776 784 795 1777 786 797 1778 788 799 1779 789 800 1780 790 801 1781 791 802 1782 790 801 1783 789 800 1784 792 803 1785 793 804 1786 794 805 1787 795 806 1788 794 805 1789 793 804 1790 796 807 1791 797 808 1792 798 809 1793 799 810 1794 798 809 1795 797 808 1796 800 811 1797 801 812 1798 802 813 1799 803 814 1800 802 813 1801 801 812 1802 804 815 1803 805 816 1804 806 817 1805 807 818 1806 806 817 1807 805 816 1808 808 819 1809 809 820 1810 810 821 1811 811 822 1812 810 821 1813 809 820 1814 812 823 1815 813 824 1816 814 825 1817 815 826 1818 814 825 1819 813 824 1820 816 827 1821 817 828 1822 818 829 1823 819 830 1824 818 829 1825 817 828 1826 820 831 1827 821 832 1828 822 833 1829 823 834 1830 822 833 1831 821 832 1832 824 835 1833 825 836 1834 826 837 1835 827 838 1836 826 837 1837 825 836 1838 828 839 1839 829 840 1840 830 841 1841 831 842 1842 830 841 1843 829 840 1844 832 843 1845 833 844 1846 834 845 1847 835 846 1848 834 845 1849 833 844 1850 833 844 1851 832 843 1852 836 847 1853 837 848 1854 836 847 1855 832 843 1856 838 849 1857 839 850 1858 840 851 1859 841 852 1860 840 851 1861 839 850 1862 842 853 1863 843 854 1864 844 855 1865 845 856 1866 844 855 1867 843 854 1868 843 854 1869 842 853 1870 846 857 1871 847 858 1872 846 857 1873 842 853 1874 848 859 1875 849 860 1876 850 861 1877 851 862 1878 852 863 1879 853 864 1880 852 863 1881 851 862 1882 854 865 1883 855 866 1884 854 865 1885 851 862 1886 856 867 1887 857 868 1888 858 869 1889 859 870 1890 858 869 1891 857 868 1892 856 867 1893 860 871 1894 857 868 1895 861 872 1896 857 868 1897 860 871 1898 862 873 1899 863 874 1900 864 875 1901 865 876 1902 864 875 1903 863 874 1904 866 877 1905 867 878 1906 868 879 1907 869 880 1908 868 879 1909 867 878 1910 870 881 1911 871 882 1912 872 883 1913 873 884 1914 872 883 1915 871 882 1916 874 885 1917 875 886 1918 876 887 1919 877 888 1920 876 887 1921 875 886 1922 878 889 1923 879 890 1924 880 891 1925 881 892 1926 880 891 1927 879 890 1928 878 889 1929 880 891 1930 882 893 1931 883 894 1932 882 893 1933 880 891 1934 882 893 1935 884 895 1936 878 889 1937 885 896 1938 886 897 1939 887 898 1940 888 899 1941 887 898 1942 886 897 1943 888 899 1944 889 900 1945 887 898 1946 890 901 1947 887 898 1948 889 900 1949 890 901 1950 889 900 1951 891 902 1952 892 903 1953 891 902 1954 889 900 1955 885 896 1956 893 904 1957 886 897 1958 894 905 1959 886 897 1960 893 904 1961 888 899 1962 886 897 1963 895 906 1964 896 907 1965 895 906 1966 886 897 1967 886 897 1968 894 905 1969 896 907 1970 892 903 1971 889 900 1972 897 908 1973 898 909 1974 897 908 1975 889 900 1976 895 906 1977 898 909 1978 888 899 1979 889 900 1980 888 899 1981 898 909 1982 899 910 1983 896 907 1984 894 905 1985 900 911 1986 901 912 1987 902 913 1988 903 914 1989 902 913 1990 901 912 1991 902 913 1992 903 914 1993 904 915 1994 905 916 1995 904 915 1996 903 914 1997 906 917 1998 907 918 1999 908 919 2000 909 920 2001 908 919 2002 907 918 2003 906 917 2004 910 921 2005 907 918 2006 911 922 2007 907 918 2008 910 921 2009 911 922 2010 910 921 2011 912 923 2012 913 924 2013 912 923 2014 910 921 2015 908 919 2016 909 920 2017 914 925 2018 915 926 2019 914 925 2020 909 920 2021 916 927 2022 917 928 2023 918 929 2024 919 930 2025 918 929 2026 917 928 2027 920 931 2028 921 932 2029 922 933 2030 923 934 2031 922 933 2032 921 932 2033 924 935 2034 925 936 2035 926 937 2036 927 938 2037 926 937 2038 925 936 2039 927 938 2040 928 939 2041 926 937 2042 929 940 2043 926 937 2044 928 939 2045 930 941 2046 931 942 2047 932 943 2048 933 944 2049 932 943 2050 931 942 2051 933 944 2052 934 945 2053 932 943 2054 935 946 2055 932 943 2056 934 945 2057 936 947 2058 937 948 2059 938 949 2060 939 950 2061 938 949 2062 937 948 2063 937 948 2064 936 947 2065 940 951 2066 941 952 2067 940 951 2068 936 947 2069 939 950 2070 942 953 2071 938 949 2072 942 953 2073 943 954 2074 938 949 2075 944 955 2076 938 949 2077 943 954 2078 943 954 2079 945 956 2080 944 955 2081 944 955 2082 945 956 2083 946 957 2084 945 956 2085 947 958 2086 946 957 2087 948 959 2088 946 957 2089 947 958 2090 949 960 2091 948 959 2092 947 958 2093 949 960 2094 947 958 2095 950 961 2096 951 962 2097 950 961 2098 947 958 2099 952 963 2100 953 964 2101 954 965 2102 955 966 2103 954 965 2104 953 964 2105 953 964 2106 952 963 2107 956 967 2108 957 968 2109 956 967 2110 952 963 2111 958 969 2112 959 970 2113 960 971 2114 961 972 2115 960 971 2116 959 970 2117 960 971 2118 961 972 2119 962 973 2120 963 974 2121 962 973 2122 961 972 2123 964 975 2124 965 976 2125 966 977 2126 967 978 2127 966 977 2128 965 976 2129 968 979 2130 969 980 2131 970 981 2132 971 982 2133 970 981 2134 969 980 2135 972 983 2136 973 984 2137 974 985 2138 975 986 2139 974 985 2140 973 984 2141 973 984 2142 972 983 2143 976 987 2144 977 988 2145 976 987 2146 972 983 2147 976 987 2148 977 988 2149 978 989 2150 979 990 2151 978 989 2152 977 988 2153 980 991 2154 974 985 2155 975 986 2156 974 985 2157 980 991 2158 981 992 2159 982 993 2160 981 992 2161 980 991 2162 983 994 2163 984 995 2164 985 996 2165 986 997 2166 985 996 2167 984 995 2168 984 995 2169 983 994 2170 987 998 2171 988 999 2172 987 998 2173 983 994 2174 988 999 2175 989 1000 2176 987 998 2177 990 1001 2178 987 998 2179 989 1000 2180 991 1002 2181 992 1003 2182 993 1004 2183 994 1005 2184 993 1004 2185 992 1003 2186 995 1006 2187 996 1007 2188 997 1008 2189 998 1009 2190 997 1008 2191 996 1007 2192 999 1010 2193 1000 1011 2194 1001 1012 2195 1002 1013 2196 1001 1012 2197 1000 1011 2198 1003 1014 2199 1004 1015 2200 1005 1016 2201 1006 1017 2202 1005 1016 2203 1004 1015 2204 1007 1018 2205 1008 1019 2206 1009 1020 2207 1010 1021 2208 1009 1020 2209 1008 1019 2210 1011 1022 2211 1012 1023 2212 1013 1024 2213 1014 1025 2214 1013 1024 2215 1012 1023 2216 1016 1026 2217 1017 1027 2218 1018 1028 2219 1019 1029 2220 1018 1028 2221 1017 1027 2222 1020 1030 2223 1021 1031 2224 1022 1032 2225 1023 1033 2226 1022 1032 2227 1021 1031 2228 1024 1034 2229 1025 1035 2230 1026 1036 2231 1027 1037 2232 1026 1036 2233 1025 1035 2234 1028 1038 2235 1029 1039 2236 1030 1040 2237 1031 1041 2238 1030 1040 2239 1029 1039 2240 1032 669 2241 1033 670 2242 1034 669 2243 1035 1042 2244 1034 669 2245 1033 670 2246 1036 1043 2247 1037 1044 2248 1038 1045 2249 1039 1046 2250 1038 1045 2251 1037 1044 2252 1037 1044 2253 1040 1047 2254 1039 1046 2255 1041 1048 2256 1039 1046 2257 1040 1047 2258 1036 1043 2259 1038 1045 2260 1042 1049 2261 1036 1043 2262 1042 1049 2263 1043 1050 2264 1044 1051 2265 1042 1049 2266 1038 1045 2267 1045 1052 2268 1046 1053 2269 1047 1054 2270 1048 1055 2271 1047 1054 2272 1046 1053 2273 1046 1053 2274 1049 1056 2275 1048 1055 2276 1050 1057 2277 1048 1055 2278 1049 1056 2279 1050 1057 2280 1049 1056 2281 1051 1058 2282 1052 1059 2283 1051 1058 2284 1049 1056 2285 1047 1054 2286 1053 1060 2287 1045 1052 2288 1054 1061 2289 1045 1052 2290 1053 1060 2291 1055 1062 2292 1056 1063 2293 1057 1064 2294 1058 1065 2295 1057 1064 2296 1056 1063 2297 1056 1063 2298 1059 1066 2299 1058 1065 2300 1060 1067 2301 1058 1065 2302 1059 1066 2303 1057 1064 2304 1061 1068 2305 1055 1062 2306 1062 1069 2307 1061 1068 2308 1057 1064 2309 1063 1070 2310 1055 1062 2311 1061 1068 2312 1064 1071 2313 1065 1072 2314 1066 1073 2315 1067 1074 2316 1066 1073 2317 1065 1072 2318 1068 1075 2319 1069 1076 2320 1070 1077 2321 1071 1078 2322 1070 1077 2323 1069 1076 2324 1072 1079 2325 1073 1080 2326 1074 1081 2327 1075 1082 2328 1074 1081 2329 1073 1080 2330 1076 1083 2331 1077 1084 2332 1078 1085 2333 1079 1086 2334 1078 1085 2335 1077 1084 2336 1080 1087 2337 1081 1088 2338 1082 1089 2339 1083 1090 2340 1082 1089 2341 1081 1088 2342 1083 1090 2343 1081 1088 2344 1084 1091 2345 1081 1088 2346 1080 1087 2347 1085 1092 2348 1086 1093 2349 1085 1092 2350 1080 1087 2351 1081 1088 2352 1085 1092 2353 1087 1094 2354 1088 1095 2355 1087 1094 2356 1085 1092 2357 1087 1094 2358 1089 1096 2359 1081 1088 2360 1090 1097 2361 1081 1088 2362 1089 1096 2363 1090 1097 2364 1084 1091 2365 1081 1088 2366 1080 1087 2367 1091 1098 2368 1086 1093 2369 1092 1099 2370 1086 1093 2371 1091 1098 2372 1082 1089 2373 1093 1100 2374 1080 1087 2375 1093 1100 2376 1094 1101 2377 1080 1087 2378 1094 1101 2379 1095 1102 2380 1080 1087 2381 1095 1102 2382 1091 1098 2383 1080 1087 2384 1089 1096 2385 1087 1094 2386 1096 1103 2387 1097 1104 2388 1096 1103 2389 1087 1094 2390 1098 1105 2391 1099 1106 2392 1100 1107 2393 1101 1108 2394 1100 1107 2395 1099 1106 2396 1102 1109 2397 1103 1110 2398 1104 1111 2399 1105 1112 2400 1104 1111 2401 1103 1110 2402 1106 1113 2403 1107 1114 2404 1108 1115 2405 1109 1116 2406 1108 1115 2407 1107 1114 2408 1106 1113 2409 1110 1117 2410 1107 1114 2411 1111 1118 2412 1107 1114 2413 1110 1117 2414 1106 1113 2415 1108 1115 2416 1112 1119 2417 1109 1116 2418 1113 1120 2419 1108 1115 2420 1114 1121 2421 1108 1115 2422 1113 1120 2423 1115 1122 2424 1116 1123 2425 1108 1124 2426 1115 1125 2427 1117 1126 2428 1112 1127 2429 1118 1128 2430 1112 1127 2431 1117 1126 2432 1112 1127 2433 1118 1128 2434 1119 1129 2435 1120 1130 2436 1119 1129 2437 1118 1128 2438 1119 1129 2439 1120 1130 2440 1121 1131 2441 1122 1132 2442 1121 1131 2443 1120 1130 2444 1123 1133 2445 1117 1126 2446 1115 1125 2447 1117 1126 2448 1123 1133 2449 1122 1132 2450 1121 1131 2451 1122 1132 2452 1123 1133 2453 1124 1134 2454 1125 1135 2455 1126 1136 2456 1127 1137 2457 1126 1136 2458 1125 1135 2459 1128 1138 2460 1129 1139 2461 1130 1140 2462 1131 1141 2463 1130 1140 2464 1129 1139 2465 1132 1142 2466 1133 1143 2467 1134 1144 2468 1135 1145 2469 1134 1144 2470 1133 1143 2471 1136 1146 2472 1137 1147 2473 1015 1148 2474 1138 1149 2475 1015 1148 2476 1137 1147 2477 1138 1149 2478 1139 1150 2479 1015 1148 2480 2635 1151 2481 1015 1148 2482 1139 1150 2483 1137 1147 2484 1136 1146 2485 1140 1152 2486 1141 1153 2487 1140 1152 2488 1136 1146 2489 1140 1152 2490 1141 1153 2491 1142 1154 2492 2639 1155 2493 1142 1154 2494 1141 1153 2495 1143 1156 2496 1144 1157 2497 1145 1158 2498 1144 1157 2499 1146 1159 2500 1145 1158 2501 1147 1160 2502 1145 1158 2503 1146 1159 2504 1146 1159 2505 1148 1161 2506 1147 1160 2507 1149 1162 2508 1147 1160 2509 1148 1161 2510 1150 1163 2511 1147 1160 2512 1149 1162 2513 1147 1160 2514 1150 1163 2515 1151 1164 2516 1151 1164 2517 1150 1163 2518 1152 1165 2519 1153 1166 2520 1152 1165 2521 1150 1163 2522 1154 1167 2523 1143 1156 2524 1145 1158 2525 1155 1168 2526 1143 1156 2527 1154 1167 2528 1143 1156 2529 1155 1168 2530 1156 1169 2531 1157 1170 2532 1156 1169 2533 1155 1168 2534 1158 1171 2535 1159 1172 2536 1160 1173 2537 1161 1174 2538 1160 1173 2539 1159 1172 2540 1158 1171 2541 1162 1175 2542 1159 1172 2543 1163 1176 2544 1159 1172 2545 1162 1175 2546 1161 1174 2547 1164 1177 2548 1160 1173 2549 1165 1178 2550 1160 1173 2551 1164 1177 2552 1165 1178 2553 1164 1177 2554 1166 1179 2555 1167 1180 2556 1166 1179 2557 1164 1177 2558 1168 1181 2559 1169 1182 2560 1170 1183 2561 1171 1184 2562 1170 1183 2563 1169 1182 2564 1168 1181 2565 1170 1183 2566 1172 1185 2567 1173 1186 2568 1172 1185 2569 1170 1183 2570 1174 1187 2571 1175 1188 2572 1176 1189 2573 1177 1190 2574 1176 1189 2575 1175 1188 2576 1176 1189 2577 1178 1191 2578 1174 1187 2579 1179 1192 2580 1174 1187 2581 1178 1191 2582 1174 1187 2583 1180 1193 2584 1175 1188 2585 1181 1194 2586 1175 1188 2587 1180 1193 2588 1180 1193 2589 1174 1187 2590 1182 1195 2591 1179 1192 2592 1182 1195 2593 1174 1187 2594 1183 1196 2595 1184 1197 2596 1185 1198 2597 1186 1199 2598 1185 1198 2599 1184 1197 2600 1186 1199 2601 1184 1197 2602 1187 1200 2603 1188 1201 2604 1187 1200 2605 1184 1197 2606 1183 1196 2607 1185 1198 2608 1189 1202 2609 1190 1203 2610 1189 1202 2611 1185 1198 2612 1190 1203 2613 1191 1204 2614 1189 1202 2615 1192 1205 2616 1189 1202 2617 1191 1204 2618 1193 1206 2619 1194 1207 2620 1195 1208 2621 1196 1209 2622 1195 1208 2623 1194 1207 2624 1193 1206 2625 1197 1210 2626 1194 1207 2627 1198 1211 2628 1194 1207 2629 1197 1210 2630 1199 1212 2631 1200 1213 2632 1201 1214 2633 1202 1215 2634 1201 1214 2635 1200 1213 2636 1203 1216 2637 1204 1217 2638 1205 1218 2639 1206 1219 2640 1205 1218 2641 1204 1217 2642 1207 1220 2643 1208 1221 2644 1209 1222 2645 1210 1223 2646 1209 1222 2647 1208 1221 2648 1211 1224 2649 1212 1225 2650 1213 1226 2651 1214 1227 2652 1213 1226 2653 1212 1225 2654 1215 1228 2655 1216 1229 2656 1217 1230 2657 1218 1231 2658 1217 1230 2659 1216 1229 2660 1219 1232 2661 1220 1233 2662 1221 1234 2663 1222 1235 2664 1221 1234 2665 1220 1233 2666 1223 1236 2667 1224 1237 2668 1225 1238 2669 1226 1239 2670 1225 1238 2671 1224 1237 2672 1227 1240 2673 1228 1241 2674 1229 1242 2675 1230 1243 2676 1229 1242 2677 1228 1241 2678 1231 1244 2679 1232 1245 2680 1233 1246 2681 1234 1247 2682 1233 1246 2683 1232 1245 2684 1235 1248 2685 1236 1249 2686 1237 1250 2687 1238 1251 2688 1237 1250 2689 1236 1249 2690 1239 1252 2691 1240 1253 2692 1241 1254 2693 1242 1255 2694 1241 1254 2695 1240 1253 2696 1243 1256 2697 1244 1257 2698 1245 1258 2699 1246 1259 2700 1245 1258 2701 1244 1257 2702 1244 1257 2703 1247 1260 2704 1246 1259 2705 1248 1261 2706 1246 1259 2707 1247 1260 2708 1249 1262 2709 1250 1263 2710 1251 1264 2711 1252 1265 2712 1251 1264 2713 1250 1263 2714 1253 1266 2715 1254 1267 2716 1255 1268 2717 1256 1269 2718 1255 1268 2719 1254 1267 2720 1254 1267 2721 1257 1270 2722 1256 1269 2723 1258 1271 2724 1256 1269 2725 1257 1270 2726 1259 1272 2727 1260 1273 2728 1261 1274 2729 1261 1274 2730 1262 1275 2731 1259 1272 2732 1263 1276 2733 1264 1277 2734 1262 1278 2735 1265 1279 2736 1266 1280 2737 1267 1281 2738 1268 1282 2739 1269 1283 2740 1270 1284 2741 1271 1285 2742 1270 1284 2743 1269 1283 2744 1271 1285 2745 1272 1286 2746 1270 1284 2747 1273 1287 2748 1270 1284 2749 1272 1286 2750 1274 1288 2751 1275 1289 2752 1276 1290 2753 1277 1291 2754 1276 1290 2755 1275 1289 2756 1277 1291 2757 1275 1289 2758 1278 1292 2759 1279 1293 2760 1278 1292 2761 1275 1289 2762 1280 1294 2763 1281 1295 2764 1282 1296 2765 1283 1297 2766 1282 1296 2767 1281 1295 2768 1284 1298 2769 1285 1299 2770 1286 1300 2771 1287 1301 2772 1286 1300 2773 1285 1299 2774 1288 1302 2775 1289 1303 2776 1290 1304 2777 1291 1305 2778 1290 1304 2779 1289 1303 2780 1292 1306 2781 1293 1307 2782 1294 1308 2783 1295 1309 2784 1294 1308 2785 1293 1307 2786 1296 1310 2787 1297 1311 2788 1298 1312 2789 1299 1313 2790 1298 1312 2791 1297 1311 2792 1299 1313 2793 1300 1314 2794 1298 1312 2795 1301 1315 2796 1298 1312 2797 1300 1314 2798 1302 1316 2799 1300 1314 2800 1299 1313 2801 1303 1317 2802 1304 1318 2803 1305 1319 2804 1305 1319 2805 1304 1318 2806 1306 1320 2807 1307 1321 2808 1305 1319 2809 1306 1320 2810 1305 1319 2811 1307 1321 2812 1308 1322 2813 1309 1323 2814 1308 1322 2815 1307 1321 2816 1310 1324 2817 1303 1317 2818 1305 1319 2819 1305 1319 2820 1311 1325 2821 1310 1324 2822 1305 1319 2823 1312 1326 2824 1311 1325 2825 1305 1319 2826 1308 1322 2827 1312 1326 2828 1313 1327 2829 1311 1325 2830 1312 1326 2831 1314 1328 2832 1310 1324 2833 1311 1325 2834 1311 1325 2835 1315 1329 2836 1314 1328 2837 1316 1330 2838 1315 1329 2839 1311 1325 2840 1315 1329 2841 1316 1330 2842 1317 1331 2843 1318 1332 2844 1317 1331 2845 1316 1330 2846 1315 1329 2847 1317 1331 2848 1319 1333 2849 1319 1333 2850 1314 1328 2851 1315 1329 2852 1320 1334 2853 1319 1333 2854 1317 1331 2855 1317 1331 2856 1321 1335 2857 1320 1334 2858 1317 1331 2859 1322 1336 2860 1321 1335 2861 1323 1337 2862 1322 1336 2863 1317 1331 2864 1324 1338 2865 1323 1337 2866 1317 1331 2867 1325 1339 2868 1320 1334 2869 1321 1335 2870 1325 1339 2871 1321 1335 2872 1303 1340 2873 1324 1338 2874 1317 1331 2875 1326 1341 2876 1327 1342 2877 1317 1331 2878 1318 1332 2879 1326 1341 2880 1317 1331 2881 1327 1342 2882 1328 1343 2883 1324 1338 2884 1326 1341 2885 1329 1344 2886 1324 1338 2887 1328 1343 2888 1303 1317 2889 1330 1345 2890 1304 1318 2891 1304 1318 2892 1330 1345 2893 1331 1346 2894 1306 1320 2895 1304 1318 2896 1331 1346 2897 1332 1347 2898 1306 1348 2899 1333 1349 2900 1333 1349 2901 1334 1350 2902 1332 1347 2903 1333 1349 2904 1335 1351 2905 1334 1350 2906 1336 1352 2907 1335 1351 2908 1333 1349 2909 1334 1350 2910 1335 1351 2911 1337 1353 2912 1338 1354 2913 1332 1347 2914 1334 1350 2915 1339 1355 2916 1334 1350 2917 1337 1353 2918 1340 1356 2919 1334 1350 2920 1339 1355 2921 1341 1357 2922 1340 1356 2923 1339 1355 2924 1340 1356 2925 1342 1358 2926 1334 1350 2927 1338 1354 2928 1334 1350 2929 1342 1358 2930 1343 1359 2931 1342 1358 2932 1340 1356 2933 1344 1360 2934 1343 1361 2935 1345 1362 2936 1344 1360 2937 1346 1363 2938 1343 1361 2939 1344 1360 2940 1347 1364 2941 1346 1363 2942 1346 1363 2943 1348 1365 2944 1343 1361 2945 1346 1363 2946 1308 1322 2947 1348 1365 2948 1309 1323 2949 1348 1365 2950 1308 1322 2951 1347 1364 2952 1349 1366 2953 1346 1363 2954 1346 1363 2955 1349 1366 2956 1350 1367 2957 1346 1363 2958 1350 1367 2959 1351 1368 2960 1346 1363 2961 1351 1368 2962 1308 1322 2963 1352 1369 2964 1351 1368 2965 1350 1367 2966 1353 1370 2967 1350 1367 2968 1349 1366 2969 1350 1367 2970 1353 1370 2971 1354 1371 2972 1354 1371 2973 1355 1372 2974 1350 1367 2975 1354 1371 2976 1356 1373 2977 1355 1372 2978 1357 1374 2979 1355 1372 2980 1356 1373 2981 1354 1371 2982 1358 1375 2983 1356 1373 2984 1358 1375 2985 1354 1371 2986 1353 1370 2987 1359 1376 2988 1356 1373 2989 1358 1375 2990 1356 1373 2991 1359 1376 2992 1360 1377 2993 1361 1378 2994 1356 1373 2995 1360 1377 2996 1362 1379 2997 1356 1373 2998 1361 1378 2999 1363 1380 3000 1356 1373 3001 1362 1379 3002 1364 1381 3003 1360 1377 3004 1359 1376 3005 1360 1377 3006 1364 1381 3007 1347 1382 3008 1356 1373 3009 1363 1380 3010 1365 1383 3011 1356 1373 3012 1366 1384 3013 1357 1374 3014 1356 1373 3015 1365 1383 3016 1366 1384 3017 1363 1380 3018 1367 1385 3019 1365 1383 3020 1363 1380 3021 1368 1386 3022 1367 1385 3023 1347 1364 3024 1344 1360 3025 1369 1387 3026 1369 1387 3027 1344 1360 3028 1345 1362 3029 1370 1388 3030 1312 1326 3031 1308 1322 3032 1370 1388 3033 1308 1322 3034 1351 1368 3035 1371 1389 3036 1372 1390 3037 1373 1391 3038 1374 1392 3039 1373 1391 3040 1372 1390 3041 1371 1389 3042 1375 1393 3043 1372 1390 3044 1376 1394 3045 1372 1390 3046 1375 1393 3047 1376 1394 3048 1375 1393 3049 1377 1395 3050 1378 1396 3051 1377 1395 3052 1375 1393 3053 1378 1396 3054 1379 1397 3055 1377 1395 3056 1380 1398 3057 1377 1395 3058 1379 1397 3059 1376 1394 3060 1381 1399 3061 1372 1390 3062 1382 1400 3063 1372 1390 3064 1381 1399 3065 1377 1395 3066 1383 1401 3067 1376 1394 3068 1381 1399 3069 1376 1394 3070 1383 1401 3071 1372 1390 3072 1384 1402 3073 1374 1392 3074 1385 1403 3075 1374 1392 3076 1384 1402 3077 1380 1398 3078 1386 1404 3079 1377 1395 3080 1387 1405 3081 1377 1395 3082 1386 1404 3083 1388 1406 3084 1384 1402 3085 1372 1390 3086 1385 1403 3087 1389 1407 3088 1374 1392 3089 1374 1392 3090 1389 1407 3091 1390 1408 3092 1391 1409 3093 1390 1408 3094 1389 1407 3095 1390 1408 3096 1391 1409 3097 1392 1410 3098 1393 1411 3099 1392 1410 3100 1391 1409 3101 1392 1410 3102 1393 1411 3103 1394 1412 3104 1394 1412 3105 1395 1413 3106 1392 1410 3107 1396 1414 3108 1395 1413 3109 1394 1412 3110 1394 1412 3111 1397 1415 3112 1396 1414 3113 1398 1416 3114 1396 1414 3115 1397 1415 3116 1397 1415 3117 1399 1417 3118 1398 1416 3119 1399 1417 3120 1397 1415 3121 1400 1418 3122 1401 1419 3123 1399 1417 3124 1400 1418 3125 1402 1420 3126 1399 1417 3127 1401 1419 3128 1403 1421 3129 1398 1416 3130 1399 1417 3131 1397 1415 3132 1404 1422 3133 1400 1418 3134 1405 1423 3135 1397 1415 3136 1394 1412 3137 1405 1423 3138 1404 1422 3139 1397 1415 3140 1400 1424 3141 1406 1425 3142 1407 1426 3143 1407 1426 3144 1406 1425 3145 1408 1427 3146 1409 1428 3147 1408 1429 3148 1410 1430 3149 1411 1431 3150 1412 1432 3151 1404 1433 3152 1411 1431 3153 1406 1434 3154 1412 1432 3155 1413 1435 3156 1414 1436 3157 1415 1437 3158 1416 1438 3159 1413 1435 3160 1415 1437 3161 1413 1435 3162 1416 1438 3163 1417 1439 3164 1418 1440 3165 1417 1439 3166 1416 1438 3167 1417 1439 3168 1418 1440 3169 1419 1441 3170 1419 1441 3171 1420 1442 3172 1417 1439 3173 1421 1443 3174 1420 1442 3175 1419 1441 3176 1422 1444 3177 1421 1443 3178 1419 1441 3179 1423 1445 3180 1419 1441 3181 1418 1440 3182 1413 1435 3183 1424 1446 3184 1414 1436 3185 1414 1436 3186 1424 1446 3187 1425 1447 3188 1426 1448 3189 1425 1447 3190 1424 1446 3191 1413 1435 3192 1417 1439 3193 1427 1449 3194 1420 1442 3195 1428 1450 3196 1417 1439 3197 1425 1447 3198 1426 1448 3199 1380 1398 3200 1429 1451 3201 1380 1398 3202 1426 1448 3203 1429 1451 3204 1386 1404 3205 1380 1398 3206 1430 1452 3207 1431 1453 3208 1428 1454 3209 1430 1452 3210 1427 1455 3211 1431 1453 3212 1432 1456 3213 1433 1457 3214 1420 1458 3215 1434 1459 3216 1435 1460 3217 1433 1461 3218 1434 1459 3219 1428 1462 3220 1435 1460 3221 1436 1463 3222 1437 1464 3223 1433 1465 3224 1438 1466 3225 1439 1467 3226 1440 1468 3227 1441 1469 3228 1440 1468 3229 1439 1467 3230 1439 1467 3231 1438 1466 3232 1442 1470 3233 1443 1471 3234 1442 1470 3235 1438 1466 3236 1443 1471 3237 1388 1406 3238 1442 1470 3239 1444 1472 3240 1442 1470 3241 1388 1406 3242 1441 1469 3243 1445 1473 3244 1440 1468 3245 1446 1474 3246 1440 1468 3247 1445 1473 3248 1444 1472 3249 1388 1406 3250 1372 1390 3251 1382 1400 3252 1444 1472 3253 1372 1390 3254 1447 1475 3255 1448 1476 3256 1449 1477 3257 1450 1478 3258 1449 1477 3259 1448 1476 3260 1447 1475 3261 1449 1477 3262 1451 1479 3263 1452 1480 3264 1451 1479 3265 1449 1477 3266 1452 1480 3267 1453 1481 3268 1451 1479 3269 1454 1482 3270 1451 1479 3271 1453 1481 3272 1448 1476 3273 1455 1483 3274 1450 1478 3275 1456 1484 3276 1450 1478 3277 1455 1483 3278 1454 1482 3279 1453 1481 3280 1377 1395 3281 1453 1481 3282 1383 1401 3283 1377 1395 3284 1387 1405 3285 1454 1482 3286 1377 1395 3287 1457 1485 3288 1458 1486 3289 1459 1487 3290 1457 1485 3291 1459 1487 3292 1460 1488 3293 1461 1489 3294 1460 1488 3295 1459 1487 3296 1461 1489 3297 1459 1487 3298 1462 1490 3299 1463 1491 3300 1462 1490 3301 1459 1487 3302 1459 1487 3303 1464 1492 3304 1463 1491 3305 1460 1488 3306 1461 1489 3307 1465 1493 3308 1466 1494 3309 1465 1493 3310 1461 1489 3311 1466 1494 3312 1461 1489 3313 1467 1495 3314 1467 1495 3315 1461 1489 3316 1468 1496 3317 1462 1490 3318 1468 1496 3319 1461 1489 3320 1466 1494 3321 1469 1497 3322 1465 1493 3323 1470 1498 3324 1465 1493 3325 1469 1497 3326 1469 1497 3327 1471 1499 3328 1470 1498 3329 1472 1500 3330 1470 1498 3331 1471 1499 3332 1466 1494 3333 1467 1495 3334 1473 1501 3335 1466 1494 3336 1473 1501 3337 1469 1497 3338 1474 1502 3339 1473 1501 3340 1467 1495 3341 1468 1496 3342 1475 1503 3343 1467 1495 3344 1474 1502 3345 1467 1495 3346 1475 1503 3347 1476 1504 3348 1469 1497 3349 1473 1501 3350 1476 1504 3351 1477 1505 3352 1469 1497 3353 1478 1506 3354 1469 1497 3355 1477 1505 3356 1469 1497 3357 1478 1506 3358 1471 1499 3359 1479 1507 3360 1471 1499 3361 1478 1506 3362 1472 1500 3363 1480 1508 3364 1470 1498 3365 1481 1509 3366 1470 1498 3367 1480 1508 3368 1470 1498 3369 1481 1509 3370 1465 1493 3371 1482 1510 3372 1465 1493 3373 1481 1509 3374 1482 1510 3375 1483 1511 3376 1465 1493 3377 1460 1488 3378 1465 1493 3379 1483 1511 3380 1483 1511 3381 1484 1512 3382 1460 1488 3383 1457 1485 3384 1460 1488 3385 1484 1512 3386 1485 1513 3387 1457 1485 3388 1484 1512 3389 1483 1511 3390 1486 1514 3391 1484 1512 3392 1487 1515 3393 1484 1512 3394 1486 1514 3395 1488 1516 3396 1484 1512 3397 1487 1515 3398 1483 1511 3399 1482 1510 3400 1489 1517 3401 1486 1514 3402 1483 1511 3403 1490 1518 3404 1489 1517 3405 1490 1518 3406 1483 1511 3407 1482 1510 3408 1491 1519 3409 1489 1517 3410 1482 1510 3411 1481 1509 3412 1491 1519 3413 1492 1520 3414 1489 1517 3415 1491 1519 3416 1492 1520 3417 1493 1521 3418 1489 1517 3419 1490 1518 3420 1489 1517 3421 1493 1521 3422 1494 1522 3423 1491 1519 3424 1481 1509 3425 1494 1522 3426 1481 1509 3427 1495 1523 3428 1496 1524 3429 1495 1523 3430 1481 1509 3431 1481 1509 3432 1480 1508 3433 1496 1524 3434 1497 1525 3435 1496 1524 3436 1480 1508 3437 1498 1526 3438 1499 1527 3439 1500 1528 3440 1501 1529 3441 1500 1528 3442 1499 1527 3443 1501 1529 3444 1502 1530 3445 1500 1528 3446 1503 1531 3447 1500 1528 3448 1502 1530 3449 1498 1526 3450 1504 1532 3451 1499 1527 3452 1505 1533 3453 1499 1527 3454 1504 1532 3455 1500 1528 3456 1506 1534 3457 1498 1526 3458 1507 1535 3459 1498 1526 3460 1506 1534 3461 1498 1526 3462 1507 1535 3463 1504 1532 3464 1506 1534 3465 1500 1528 3466 1508 1536 3467 1503 1531 3468 1508 1536 3469 1500 1528 3470 1508 1536 3471 1503 1531 3472 1509 1537 3473 1510 1538 3474 1509 1537 3475 1503 1531 3476 1503 1531 3477 1511 1539 3478 1510 1538 3479 1512 1540 3480 1504 1532 3481 1507 1535 3482 1513 1541 3483 1510 1542 3484 1514 1543 3485 1515 1544 3486 1516 1545 3487 1517 1546 3488 1518 1547 3489 1517 1546 3490 1516 1545 3491 1517 1546 3492 1519 1548 3493 1515 1544 3494 1520 1549 3495 1515 1544 3496 1519 1548 3497 1521 1550 3498 1522 1551 3499 1523 1552 3500 1524 1553 3501 1523 1552 3502 1522 1551 3503 1521 1550 3504 1523 1552 3505 1525 1554 3506 1526 1555 3507 1525 1554 3508 1523 1552 3509 1524 1553 3510 1522 1551 3511 1527 1556 3512 1528 1557 3513 1527 1556 3514 1522 1551 3515 1528 1557 3516 1529 1558 3517 1527 1556 3518 1530 1559 3519 1527 1556 3520 1529 1558 3521 1530 1559 3522 1529 1558 3523 1531 1560 3524 1532 1561 3525 1531 1560 3526 1529 1558 3527 1532 1561 3528 1533 1562 3529 1531 1560 3530 1534 1563 3531 1531 1560 3532 1533 1562 3533 1535 1564 3534 1536 1565 3535 1537 1566 3536 1538 1567 3537 1537 1566 3538 1536 1565 3539 1538 1567 3540 1536 1565 3541 1539 1568 3542 1540 1569 3543 1539 1568 3544 1536 1565 3545 1535 1564 3546 1537 1566 3547 1541 1570 3548 1542 1571 3549 1541 1570 3550 1537 1566 3551 1540 1569 3552 1543 1572 3553 1539 1568 3554 1544 1573 3555 1539 1568 3556 1543 1572 3557 1544 1573 3558 1543 1572 3559 1545 1574 3560 1546 1575 3561 1545 1574 3562 1543 1572 3563 1546 1575 3564 1547 1576 3565 1545 1574 3566 1548 1577 3567 1545 1574 3568 1547 1576 3569 1535 1564 3570 1549 1578 3571 1536 1565 3572 1535 1564 3573 1541 1570 3574 1549 1578 3575 1550 1579 3576 1536 1565 3577 1549 1578 3578 1536 1565 3579 1550 1579 3580 1540 1569 3581 1549 1578 3582 1551 1580 3583 1550 1579 3584 1552 1581 3585 1550 1579 3586 1551 1580 3587 1550 1579 3588 1552 1581 3589 1553 1582 3590 1553 1582 3591 1540 1569 3592 1550 1579 3593 1540 1569 3594 1553 1582 3595 1543 1572 3596 1554 1583 3597 1553 1582 3598 1552 1581 3599 1549 1578 3600 1555 1584 3601 1551 1580 3602 1555 1584 3603 1549 1578 3604 1541 1570 3605 1556 1585 3606 1551 1580 3607 1555 1584 3608 1543 1572 3609 1557 1586 3610 1546 1575 3611 1553 1582 3612 1554 1583 3613 1557 1586 3614 1557 1586 3615 1543 1572 3616 1553 1582 3617 1558 1587 3618 1546 1575 3619 1557 1586 3620 1546 1575 3621 1558 1587 3622 1547 1576 3623 1557 1586 3624 1559 1588 3625 1558 1587 3626 1559 1588 3627 1557 1586 3628 1554 1583 3629 1560 1589 3630 1558 1587 3631 1559 1588 3632 1558 1587 3633 1560 1589 3634 1561 1590 3635 1561 1590 3636 1547 1576 3637 1558 1587 3638 1562 1591 3639 1561 1590 3640 1560 1589 3641 1563 1592 3642 1564 1593 3643 1565 1594 3644 1566 1595 3645 1565 1594 3646 1564 1593 3647 1563 1592 3648 1565 1594 3649 1567 1596 3650 1568 1597 3651 1567 1596 3652 1565 1594 3653 1568 1597 3654 1569 1598 3655 1567 1596 3656 1570 1599 3657 1567 1596 3658 1569 1598 3659 1564 1593 3660 1571 1600 3661 1566 1595 3662 1572 1601 3663 1566 1595 3664 1571 1600 3665 1573 1602 3666 1574 1603 3667 1575 1604 3668 1576 1605 3669 1575 1604 3670 1574 1603 3671 1577 1606 3672 1578 1607 3673 1579 1608 3674 1580 1609 3675 1579 1608 3676 1578 1607 3677 1579 1608 3678 1580 1609 3679 1581 1610 3680 1582 1611 3681 1581 1610 3682 1580 1609 3683 1581 1610 3684 1582 1611 3685 1583 1612 3686 1584 1613 3687 1583 1612 3688 1582 1611 3689 1583 1612 3690 1584 1613 3691 1585 1614 3692 1586 1615 3693 1585 1614 3694 1584 1613 3695 1579 1608 3696 1587 1616 3697 1577 1606 3698 1588 1617 3699 1577 1606 3700 1587 1616 3701 1578 1607 3702 1589 1618 3703 1580 1609 3704 1590 1619 3705 1580 1609 3706 1589 1618 3707 1580 1609 3708 1590 1619 3709 1582 1611 3710 1589 1618 3711 1591 1620 3712 1590 1619 3713 1592 1621 3714 1590 1619 3715 1591 1620 3716 1590 1619 3717 1592 1621 3718 1593 1622 3719 1593 1622 3720 1582 1611 3721 1590 1619 3722 1582 1611 3723 1593 1622 3724 1584 1613 3725 1594 1623 3726 1593 1622 3727 1592 1621 3728 1594 1623 3729 1595 1624 3730 1593 1622 3731 1596 1625 3732 1593 1622 3733 1595 1624 3734 1584 1613 3735 1596 1625 3736 1586 1615 3737 1596 1625 3738 1584 1613 3739 1593 1622 3740 1595 1624 3741 1597 1626 3742 1596 1625 3743 1598 1627 3744 1596 1625 3745 1597 1626 3746 1598 1627 3747 1586 1615 3748 1596 1625 3749 1585 1614 3750 1599 1628 3751 1583 1612 3752 1587 1616 3753 1579 1608 3754 1600 1629 3755 1581 1610 3756 1600 1629 3757 1579 1608 3758 1600 1629 3759 1581 1610 3760 1601 1630 3761 1601 1630 3762 1583 1612 3763 1599 1628 3764 1583 1612 3765 1601 1630 3766 1581 1610 3767 1602 1631 3768 1603 1632 3769 1604 1633 3770 1605 1634 3771 1604 1633 3772 1603 1632 3773 1605 1634 3774 1603 1632 3775 1606 1635 3776 1607 1636 3777 1606 1635 3778 1603 1632 3779 1602 1631 3780 1608 1637 3781 1603 1632 3782 1609 1638 3783 1603 1632 3784 1608 1637 3785 1610 1639 3786 1609 1638 3787 1608 1637 3788 1610 1639 3789 1611 1640 3790 1609 1638 3791 1609 1638 3792 1611 1640 3793 1603 1632 3794 1607 1636 3795 1603 1632 3796 1611 1640 3797 1604 1633 3798 1612 1641 3799 1602 1631 3800 1613 1642 3801 1602 1631 3802 1612 1641 3803 1602 1631 3804 1613 1642 3805 1608 1637 3806 1610 1639 3807 1608 1637 3808 1614 1643 3809 1614 1643 3810 1608 1637 3811 1613 1642 3812 1607 1636 3813 1615 1644 3814 1606 1635 3815 1607 1636 3816 1611 1640 3817 1615 1644 3818 1616 1645 3819 1606 1635 3820 1615 1644 3821 1616 1645 3822 1615 1644 3823 1617 1646 3824 1618 1647 3825 1617 1646 3826 1615 1644 3827 1611 1640 3828 1610 1639 3829 1619 1648 3830 1619 1648 3831 1615 1644 3832 1611 1640 3833 1619 1648 3834 1610 1639 3835 1620 1649 3836 1618 1647 3837 1615 1644 3838 1620 1649 3839 1619 1648 3840 1620 1649 3841 1615 1644 3842 1617 1646 3843 1618 1647 3844 1621 1650 3845 1620 1649 3846 1610 1639 3847 1622 1651 3848 1618 1647 3849 1620 1649 3850 1623 1652 3851 1622 1651 3852 1623 1652 3853 1620 1649 3854 1623 1652 3855 1624 1653 3856 1618 1647 3857 1625 1654 3858 1626 1655 3859 1627 1656 3860 1628 1657 3861 1627 1656 3862 1626 1655 3863 1628 1657 3864 1626 1655 3865 1629 1658 3866 1630 1659 3867 1629 1658 3868 1626 1655 3869 1626 1655 3870 1625 1654 3871 1631 1660 3872 1626 1655 3873 1631 1660 3874 1630 1659 3875 1632 1661 3876 1631 1660 3877 1625 1654 3878 1633 1662 3879 1630 1659 3880 1631 1660 3881 1625 1654 3882 1634 1663 3883 1632 1661 3884 1635 1664 3885 1632 1661 3886 1634 1663 3887 1625 1654 3888 1636 1665 3889 1634 1663 3890 1637 1666 3891 1634 1663 3892 1636 1665 3893 1627 1656 3894 1638 1667 3895 1625 1654 3896 1638 1667 3897 1636 1665 3898 1625 1654 3899 1630 1659 3900 1639 1668 3901 1629 1658 3902 1640 1669 3903 1629 1658 3904 1639 1668 3905 1640 1669 3906 1639 1668 3907 1641 1670 3908 1642 1671 3909 1641 1670 3910 1639 1668 3911 1639 1668 3912 1643 1672 3913 1642 1671 3914 1633 1662 3915 1643 1672 3916 1630 1659 3917 1639 1668 3918 1630 1659 3919 1643 1672 3920 1644 1673 3921 1642 1671 3922 1643 1672 3923 1642 1671 3924 1644 1673 3925 1645 1674 3926 1646 1675 3927 1645 1674 3928 1644 1673 3929 1645 1674 3930 1647 1676 3931 1642 1671 3932 1648 1677 3933 1642 1671 3934 1647 1676 3935 1649 1678 3936 1641 1670 3937 1642 1671 3938 1649 1678 3939 1642 1671 3940 1648 1677 3941 1650 1679 3942 1651 1680 3943 1652 1681 3944 1653 1682 3945 1652 1681 3946 1651 1680 3947 1650 1679 3948 1652 1681 3949 1654 1683 3950 1655 1684 3951 1654 1683 3952 1652 1681 3953 1655 1684 3954 1656 1685 3955 1654 1683 3956 1657 1686 3957 1654 1683 3958 1656 1685 3959 1657 1686 3960 1656 1685 3961 1658 1687 3962 1659 1688 3963 1658 1687 3964 1656 1685 3965 1660 1689 3966 1661 1690 3967 1662 1691 3968 1663 1692 3969 1662 1691 3970 1661 1690 3971 1663 1692 3972 1664 1693 3973 1662 1691 3974 1665 1694 3975 1662 1691 3976 1664 1693 3977 1661 1690 3978 1660 1689 3979 1666 1695 3980 1661 1690 3981 1666 1695 3982 1667 1696 3983 1668 1697 3984 1667 1696 3985 1666 1695 3986 1669 1698 3987 1667 1696 3988 1668 1697 3989 1670 1699 3990 1666 1695 3991 1660 1689 3992 1664 1693 3993 1671 1700 3994 1665 1694 3995 1664 1693 3996 1672 1701 3997 1671 1700 3998 1673 1702 3999 1671 1700 4000 1672 1701 4001 1672 1701 4002 1674 1703 4003 1673 1702 4004 1675 1704 4005 1665 1694 4006 1671 1700 4007 1676 1705 4008 1677 1706 4009 1678 1707 4010 1679 1708 4011 1678 1707 4012 1677 1706 4013 1680 1709 4014 1681 1710 4015 1682 1711 4016 1683 1712 4017 1682 1711 4018 1681 1710 4019 1684 1713 4020 1685 1714 4021 1686 1715 4022 1687 1716 4023 1686 1715 4024 1685 1714 4025 1688 1717 4026 1689 1718 4027 1690 1719 4028 1691 1720 4029 1690 1719 4030 1689 1718 4031 1692 1721 4032 1693 1722 4033 1694 1723 4034 1695 1724 4035 1694 1723 4036 1693 1722 4037 1696 1725 4038 1697 1726 4039 1698 1727 4040 1699 1728 4041 1698 1727 4042 1697 1726 4043 1697 1726 4044 1700 1729 4045 1699 1728 4046 1701 1730 4047 1698 1731 4048 1702 1732 4049 1701 1730 4050 1703 1733 4051 1698 1731 4052 1704 1734 4053 1705 1735 4054 1706 1736 4055 1707 1737 4056 1706 1736 4057 1705 1735 4058 1708 1738 4059 1709 1739 4060 1710 1740 4061 1711 1741 4062 1710 1740 4063 1709 1739 4064 1712 1742 4065 1713 1743 4066 1714 1744 4067 1715 1745 4068 1714 1744 4069 1713 1743 4070 1716 1746 4071 1717 1747 4072 1718 1748 4073 1719 1749 4074 1718 1748 4075 1717 1747 4076 1720 1750 4077 1721 1751 4078 1722 1752 4079 1723 1753 4080 1722 1752 4081 1721 1751 4082 1721 1751 4083 1724 1754 4084 1723 1753 4085 1725 1755 4086 1723 1753 4087 1724 1754 4088 1724 1754 4089 1726 1756 4090 1725 1755 4091 1727 1757 4092 1725 1755 4093 1726 1756 4094 1726 1756 4095 1728 1758 4096 1727 1757 4097 1729 1759 4098 1727 1757 4099 1728 1758 4100 1730 1760 4101 1731 1761 4102 1732 1762 4103 1733 1763 4104 1732 1762 4105 1731 1761 4106 1734 1764 4107 1735 1765 4108 1736 1766 4109 1737 1767 4110 1736 1766 4111 1735 1765 4112 1738 1768 4113 1739 1769 4114 1740 1770 4115 1741 1771 4116 1740 1770 4117 1739 1769 4118 1742 1772 4119 1743 1773 4120 1744 1774 4121 1745 1775 4122 1744 1774 4123 1743 1773 4124 1743 1773 4125 1746 1776 4126 1745 1775 4127 1747 1777 4128 1745 1775 4129 1746 1776 4130 1746 1776 4131 1748 1778 4132 1747 1777 4133 1749 1779 4134 1747 1777 4135 1748 1778 4136 1744 1774 4137 1750 1780 4138 1742 1772 4139 1751 1781 4140 1742 1772 4141 1750 1780 4142 1752 1782 4143 1753 1783 4144 1754 1784 4145 1755 1785 4146 1754 1784 4147 1753 1783 4148 1756 1786 4149 1757 1787 4150 1758 1788 4151 1759 1789 4152 1758 1788 4153 1757 1787 4154 1760 1790 4155 1761 1791 4156 1762 1792 4157 1763 1793 4158 1762 1792 4159 1761 1791 4160 1764 1794 4161 1765 1795 4162 1766 1796 4163 1767 1797 4164 1766 1796 4165 1765 1795 4166 1765 1795 4167 1768 1798 4168 1767 1797 4169 1769 1799 4170 1767 1797 4171 1768 1798 4172 1768 1798 4173 1770 1800 4174 1769 1799 4175 1771 1801 4176 1769 1799 4177 1770 1800 4178 1770 1800 4179 1772 1802 4180 1771 1801 4181 1773 1803 4182 1771 1801 4183 1772 1802 4184 1774 1804 4185 1775 1805 4186 1776 1806 4187 1777 1807 4188 1776 1806 4189 1775 1805 4190 1778 1808 4191 1779 1809 4192 1780 1810 4193 1781 1811 4194 1780 1810 4195 1779 1809 4196 1782 1812 4197 1783 1813 4198 1784 1814 4199 1785 1815 4200 1784 1814 4201 1783 1813 4202 1786 1816 4203 1787 1817 4204 1788 1818 4205 1789 1819 4206 1788 1818 4207 1787 1817 4208 1787 1817 4209 1790 1820 4210 1789 1819 4211 1791 1821 4212 1789 1819 4213 1790 1820 4214 1788 1818 4215 1792 1822 4216 1786 1816 4217 1793 1823 4218 1786 1816 4219 1792 1822 4220 1792 1822 4221 1794 1824 4222 1793 1823 4223 1795 1825 4224 1793 1823 4225 1794 1824 4226 1796 1826 4227 1797 1827 4228 1798 1828 4229 1799 1829 4230 1798 1828 4231 1797 1827 4232 1797 1827 4233 1800 1830 4234 1799 1829 4235 1801 1831 4236 1799 1829 4237 1800 1830 4238 1800 1830 4239 1802 1832 4240 1801 1831 4241 1803 1833 4242 1801 1831 4243 1802 1832 4244 1804 1834 4245 1805 1835 4246 1806 1836 4247 1807 1837 4248 1806 1836 4249 1805 1835 4250 1808 1838 4251 1809 1839 4252 1810 1840 4253 1811 1841 4254 1810 1840 4255 1809 1839 4256 1809 1839 4257 1812 1842 4258 1811 1841 4259 1813 1843 4260 1811 1841 4261 1812 1842 4262 1814 1844 4263 1815 1845 4264 1816 1846 4265 1817 1847 4266 1816 1846 4267 1815 1845 4268 1818 1848 4269 1819 1849 4270 1820 1850 4271 1821 1851 4272 1820 1850 4273 1819 1849 4274 1819 1849 4275 1822 1852 4276 1821 1851 4277 1823 1853 4278 1821 1851 4279 1822 1852 4280 1822 1852 4281 1824 1854 4282 1823 1853 4283 1825 1855 4284 1823 1853 4285 1824 1854 4286 1826 1856 4287 1827 1857 4288 1828 1858 4289 1829 1859 4290 1828 1858 4291 1827 1857 4292 1830 1860 4293 1831 1861 4294 1832 1862 4295 1833 1863 4296 1832 1862 4297 1831 1861 4298 1831 1861 4299 1834 1864 4300 1833 1863 4301 1835 1865 4302 1833 1863 4303 1834 1864 4304 1836 1866 4305 1837 1867 4306 1838 1868 4307 1839 1869 4308 1838 1868 4309 1837 1867 4310 1840 1870 4311 1841 1871 4312 1842 1872 4313 1841 1871 4314 1843 1873 4315 1842 1872 4316 1844 1874 4317 1843 1873 4318 1841 1871 4319 1842 1872 4320 1843 1873 4321 1845 1875 4322 1841 1871 4323 1846 1876 4324 1844 1874 4325 1847 1877 4326 1844 1874 4327 1846 1876 4328 1846 1876 4329 1848 1878 4330 1847 1877 4331 1849 1879 4332 1847 1877 4333 1848 1878 4334 1848 1878 4335 1850 1880 4336 1849 1879 4337 1849 1879 4338 1850 1880 4339 1851 1881 4340 1852 1882 4341 1849 1879 4342 1851 1881 4343 1851 1881 4344 1850 1880 4345 1853 1883 4346 1854 1884 4347 1855 1885 4348 1856 1886 4349 1855 1885 4350 1857 1887 4351 1856 1886 4352 1858 1888 4353 1857 1887 4354 1855 1885 4355 1859 1889 4356 1855 1885 4357 1854 1884 4358 1860 1890 4359 1855 1885 4360 1859 1889 4361 1861 1891 4362 1855 1885 4363 1860 1890 4364 1854 1884 4365 1856 1886 4366 1862 1892 4367 1863 1893 4368 1862 1892 4369 1856 1886 4370 1862 1892 4371 1864 1894 4372 1854 1884 4373 1864 1894 4374 1859 1889 4375 1854 1884 4376 1865 1895 4377 1863 1893 4378 1856 1886 4379 1856 1886 4380 1866 1896 4381 1865 1895 4382 1867 1897 4383 1859 1898 4384 1868 1899 4385 1864 1900 4386 1868 1901 4387 1869 1902 4388 1870 1903 4389 1871 1904 4390 1868 1905 4391 1865 1906 4392 1872 1907 4393 1873 1908 4394 1874 1909 4395 1875 1910 4396 1876 1911 4397 1876 1911 4398 1875 1910 4399 1877 1912 4400 1875 1910 4401 1878 1913 4402 1877 1912 4403 1879 1914 4404 1878 1913 4405 1875 1910 4406 1877 1912 4407 1878 1913 4408 1880 1915 4409 1881 1916 4410 1880 1915 4411 1878 1913 4412 1880 1915 4413 1881 1916 4414 1882 1917 4415 1883 1918 4416 1882 1917 4417 1881 1916 4418 1882 1917 4419 1883 1918 4420 1884 1919 4421 1885 1920 4422 1882 1917 4423 1884 1919 4424 1883 1918 4425 1886 1921 4426 1884 1919 4427 1884 1919 4428 1886 1921 4429 1887 1922 4430 1888 1923 4431 1889 1924 4432 1890 1925 4433 1891 1926 4434 1890 1925 4435 1889 1924 4436 1890 1925 4437 1892 1927 4438 1888 1923 4439 1893 1928 4440 1888 1923 4441 1892 1927 4442 1888 1923 4443 1894 1929 4444 1889 1924 4445 1888 1923 4446 1893 1928 4447 1894 1929 4448 1895 1930 4449 1889 1924 4450 1894 1929 4451 1894 1929 4452 1896 1931 4453 1895 1930 4454 1897 1932 4455 1895 1930 4456 1896 1931 4457 1898 1933 4458 1894 1929 4459 1893 1928 4460 1894 1929 4461 1898 1933 4462 1896 1931 4463 1899 1934 4464 1896 1931 4465 1898 1933 4466 1897 1932 4467 1896 1931 4468 1900 1935 4469 1896 1931 4470 1899 1934 4471 1900 1935 4472 1901 1936 4473 1897 1932 4474 1900 1935 4475 1902 1937 4476 1897 1932 4477 1901 1936 4478 1899 1934 4479 1903 1938 4480 1900 1935 4481 1900 1935 4482 1903 1938 4483 1904 1939 4484 1905 1940 4485 1906 1941 4486 1907 1942 4487 1908 1943 4488 1907 1942 4489 1906 1941 4490 1906 1941 4491 1909 1944 4492 1908 1943 4493 1910 1945 4494 1908 1943 4495 1909 1944 4496 1909 1944 4497 1911 1946 4498 1910 1945 4499 1912 1947 4500 1910 1945 4501 1911 1946 4502 1913 1948 4503 1914 1949 4504 1915 1950 4505 1916 1951 4506 1915 1950 4507 1914 1949 4508 1914 1949 4509 1917 1952 4510 1916 1951 4511 1918 1953 4512 1916 1951 4513 1917 1952 4514 1917 1952 4515 1919 1954 4516 1918 1953 4517 1920 1955 4518 1918 1953 4519 1919 1954 4520 1919 1954 4521 1921 1956 4522 1920 1955 4523 1922 1957 4524 1920 1955 4525 1921 1956 4526 1921 1956 4527 1923 1958 4528 1922 1957 4529 1924 1959 4530 1922 1957 4531 1923 1958 4532 1925 1960 4533 1926 1961 4534 1927 1962 4535 1928 1963 4536 1927 1962 4537 1926 1961 4538 1926 1961 4539 1929 1964 4540 1928 1963 4541 1930 1965 4542 1928 1963 4543 1929 1964 4544 1929 1964 4545 1931 1966 4546 1930 1965 4547 1932 1967 4548 1930 1965 4549 1931 1966 4550 1933 1968 4551 1934 1969 4552 1935 1970 4553 1936 1971 4554 1935 1970 4555 1934 1969 4556 1935 1970 4557 1937 1972 4558 1933 1968 4559 1938 1973 4560 1933 1968 4561 1937 1972 4562 1937 1972 4563 1939 1974 4564 1938 1973 4565 1940 1975 4566 1938 1973 4567 1939 1974 4568 1939 1974 4569 1941 1976 4570 1940 1975 4571 1942 1977 4572 1940 1975 4573 1941 1976 4574 1941 1976 4575 1943 1978 4576 1942 1977 4577 1944 1979 4578 1942 1977 4579 1943 1978 4580 1945 1980 4581 1946 1981 4582 1947 1982 4583 1948 1983 4584 1947 1982 4585 1946 1981 4586 1946 1981 4587 1949 1984 4588 1948 1983 4589 1950 1985 4590 1948 1983 4591 1949 1984 4592 1950 1985 4593 1949 1984 4594 1951 1986 4595 1952 1987 4596 1951 1986 4597 1949 1984 4598 1952 1987 4599 1953 1988 4600 1951 1986 4601 1954 1989 4602 1951 1986 4603 1953 1988 4604 1953 1988 4605 1955 1990 4606 1954 1989 4607 1956 1991 4608 1954 1989 4609 1955 1990 4610 1955 1990 4611 1957 1992 4612 1956 1991 4613 1958 1993 4614 1956 1991 4615 1957 1992 4616 1957 1992 4617 1959 1994 4618 1958 1993 4619 1960 1995 4620 1958 1993 4621 1959 1994 4622 1959 1994 4623 1945 1980 4624 1960 1995 4625 1947 1982 4626 1960 1995 4627 1945 1980 4628 1961 1996 4629 1962 1997 4630 1963 1998 4631 1964 1999 4632 1963 1998 4633 1962 1997 4634 1962 1997 4635 1965 2000 4636 1964 1999 4637 1966 2001 4638 1964 1999 4639 1965 2000 4640 1965 2000 4641 1967 2002 4642 1966 2001 4643 1968 2003 4644 1966 2001 4645 1967 2002 4646 1967 2002 4647 1969 2004 4648 1968 2003 4649 1970 2005 4650 1968 2003 4651 1969 2004 4652 1969 2004 4653 1971 2006 4654 1970 2005 4655 1972 2007 4656 1970 2005 4657 1971 2006 4658 1971 2006 4659 1973 2008 4660 1972 2007 4661 1974 2009 4662 1972 2007 4663 1973 2008 4664 1974 2009 4665 1973 2008 4666 1975 2010 4667 1963 1998 4668 1975 2010 4669 1961 1996 4670 1976 2011 4671 1975 2010 4672 1973 2008 4673 1976 2011 4674 1961 1996 4675 1975 2010 4676 1977 2012 4677 1978 2013 4678 1979 2014 4679 1980 2015 4680 1981 2016 4681 1982 2017 4682 1983 2018 4683 1984 2019 4684 1985 2020 4685 1986 2021 4686 1987 2022 4687 1988 2023 4688 1987 2022 4689 1989 2024 4690 1988 2023 4691 1990 2025 4692 1989 2024 4693 1987 2022 4694 1991 2026 4695 1990 2025 4696 1987 2022 4697 1992 2027 4698 1991 2026 4699 1987 2022 4700 1993 2028 4701 1990 2025 4702 1991 2026 4703 1994 2029 4704 1995 2030 4705 1996 2031 4706 1997 2032 4707 1998 2033 4708 1999 2034 4709 2000 2035 4710 2001 2036 4711 2002 2037 4712 2001 2036 4713 2003 2038 4714 2002 2037 4715 2004 2039 4716 2003 2038 4717 2001 2036 4718 2005 2040 4719 2003 2038 4720 2004 2039 4721 2006 2041 4722 2003 2038 4723 2005 2040 4724 2003 2038 4725 2007 2042 4726 2002 2037 4727 2008 2043 4728 2009 2044 4729 2010 2045 4730 2011 2046 4731 2012 2047 4732 2013 2048 4733 2014 2049 4734 2015 2050 4735 2016 2051 4736 2017 2052 4737 2018 2053 4738 2019 2054 4739 2019 2054 4740 2018 2053 4741 2020 2055 4742 2020 2055 4743 2018 2053 4744 2021 2056 4745 2021 2056 4746 2018 2053 4747 2022 2057 4748 2023 2058 4749 2017 2052 4750 2019 2054 4751 2024 2059 4752 2023 2058 4753 2019 2054 4754 2023 2060 4755 2025 2061 4756 2026 2062 4757 2027 2063 4758 2026 2062 4759 2025 2061 4760 2027 2063 4761 2025 2061 4762 2028 2064 4763 2029 2065 4764 2030 2066 4765 2031 2067 4766 2031 2067 4767 2030 2066 4768 2032 2068 4769 2032 2068 4770 2030 2066 4771 2033 2069 4772 2033 2069 4773 2030 2066 4774 2034 2070 4775 2030 2066 4776 2035 2071 4777 2034 2070 4778 2035 2071 4779 2036 2072 4780 2034 2070 4781 2037 2073 4782 2038 2074 4783 2035 2075 4784 2039 2076 4785 2035 2075 4786 2038 2074 4787 2038 2074 4788 2040 2077 4789 2039 2076 4790 2041 2078 4791 2029 2079 4792 2042 2080 4793 2043 2081 4794 2041 2078 4795 2042 2080 4796 2041 2082 4797 2044 2083 4798 2045 2084 4799 2046 2085 4800 2045 2084 4801 2044 2083 4802 2046 2085 4803 2044 2083 4804 2047 2086 4805 2048 2087 4806 2049 2088 4807 2050 2089 4808 2051 2090 4809 2050 2089 4810 2049 2088 4811 2052 2091 4812 2053 2092 4813 2054 2093 4814 2055 2094 4815 2054 2093 4816 2053 2092 4817 2055 2094 4818 2056 2095 4819 2054 2093 4820 2057 2096 4821 2054 2093 4822 2056 2095 4823 2058 2097 4824 2059 2098 4825 2060 2099 4826 2061 2100 4827 2060 2099 4828 2059 2098 4829 2061 2100 4830 2062 2101 4831 2060 2099 4832 2063 2102 4833 2060 2099 4834 2062 2101 4835 2064 2103 4836 2065 2104 4837 2066 2105 4838 2067 2106 4839 2066 2105 4840 2065 2104 4841 2065 2104 4842 2064 2103 4843 2068 2107 4844 2069 2108 4845 2068 2107 4846 2064 2103 4847 2067 2106 4848 2070 2109 4849 2066 2105 4850 2070 2109 4851 2071 2110 4852 2066 2105 4853 2072 2111 4854 2066 2105 4855 2071 2110 4856 2071 2110 4857 2073 2112 4858 2072 2111 4859 2072 2111 4860 2073 2112 4861 2074 2113 4862 2073 2112 4863 2075 2114 4864 2074 2113 4865 2076 2115 4866 2074 2113 4867 2075 2114 4868 2077 2116 4869 2076 2115 4870 2075 2114 4871 2077 2116 4872 2075 2114 4873 2078 2117 4874 2079 2118 4875 2078 2117 4876 2075 2114 4877 2080 2119 4878 2081 2120 4879 2082 2121 4880 2083 2122 4881 2082 2121 4882 2081 2120 4883 2081 2120 4884 2080 2119 4885 2084 2123 4886 2085 2124 4887 2084 2123 4888 2080 2119 4889 2086 2125 4890 2087 2126 4891 2088 2127 4892 2089 2128 4893 2088 2127 4894 2087 2126 4895 2088 2127 4896 2089 2128 4897 2090 2129 4898 2091 2130 4899 2090 2129 4900 2089 2128 4901 2092 2131 4902 2093 2132 4903 2094 2133 4904 2095 2134 4905 2094 2133 4906 2093 2132 4907 2096 2135 4908 2097 2136 4909 2098 2137 4910 2099 2138 4911 2098 2137 4912 2097 2136 4913 2100 2139 4914 2101 2140 4915 2102 2141 4916 2103 2142 4917 2102 2141 4918 2101 2140 4919 2101 2140 4920 2100 2139 4921 2104 2143 4922 2105 2144 4923 2104 2143 4924 2100 2139 4925 2104 2143 4926 2105 2144 4927 2106 2145 4928 2107 2146 4929 2106 2145 4930 2105 2144 4931 2108 2147 4932 2102 2141 4933 2103 2142 4934 2102 2141 4935 2108 2147 4936 2109 2148 4937 2110 2149 4938 2109 2148 4939 2108 2147 4940 2111 2150 4941 2112 2151 4942 2113 2152 4943 2114 2153 4944 2113 2152 4945 2112 2151 4946 2112 2151 4947 2111 2150 4948 2115 2154 4949 2116 2155 4950 2115 2154 4951 2111 2150 4952 2116 2155 4953 2117 2156 4954 2115 2154 4955 2118 2157 4956 2115 2154 4957 2117 2156 4958 2119 2158 4959 2120 2159 4960 2121 2160 4961 2122 2161 4962 2121 2160 4963 2120 2159 4964 2123 2162 4965 2124 2163 4966 2125 2164 4967 2126 2165 4968 2125 2164 4969 2124 2163 4970 2127 2166 4971 2128 2167 4972 2129 2168 4973 2130 2169 4974 2129 2168 4975 2128 2167 4976 2131 2170 4977 2132 2171 4978 2133 2172 4979 2134 2173 4980 2133 2172 4981 2132 2171 4982 2135 2174 4983 2136 2175 4984 2137 2176 4985 2138 2177 4986 2137 2176 4987 2136 2175 4988 2139 2178 4989 2140 2179 4990 2141 2180 4991 2142 2181 4992 2141 2180 4993 2140 2179 4994 2143 2182 4995 2144 2183 4996 2145 2184 4997 2146 2185 4998 2145 2184 4999 2144 2183 5000 2147 2186 5001 2148 2187 5002 2149 2188 5003 2150 2189 5004 2149 2188 5005 2148 2187 5006 2151 2190 5007 2152 2191 5008 2153 2192 5009 2154 2193 5010 2153 2192 5011 2152 2191 5012 2155 2194 5013 2156 1042 5014 2157 669 5015 2158 669 5016 2157 669 5017 2156 1042 5018 2159 2195 5019 2160 2196 5020 2161 2197 5021 2162 2198 5022 2161 2197 5023 2160 2196 5024 2160 2196 5025 2163 2199 5026 2162 2198 5027 2164 2200 5028 2162 2198 5029 2163 2199 5030 2159 2195 5031 2161 2197 5032 2165 2201 5033 2159 2195 5034 2165 2201 5035 2166 2202 5036 2167 2203 5037 2165 2201 5038 2161 2197 5039 2168 2204 5040 2169 2205 5041 2170 2206 5042 2171 2207 5043 2170 2206 5044 2169 2205 5045 2169 2205 5046 2172 2208 5047 2171 2207 5048 2173 2209 5049 2171 2207 5050 2172 2208 5051 2173 2209 5052 2172 2208 5053 2174 2210 5054 2175 2211 5055 2174 2210 5056 2172 2208 5057 2175 2211 5058 2172 2208 5059 2176 2212 5060 2177 2213 5061 2176 2212 5062 2172 2208 5063 2170 2206 5064 2178 2214 5065 2168 2204 5066 2179 2215 5067 2168 2204 5068 2178 2214 5069 2180 2216 5070 2181 2217 5071 2182 2218 5072 2183 2219 5073 2182 2218 5074 2181 2217 5075 2182 2218 5076 2184 2220 5077 2180 2216 5078 2185 2221 5079 2180 2216 5080 2184 2220 5081 2181 2217 5082 2186 2222 5083 2183 2219 5084 2187 2223 5085 2186 2222 5086 2181 2217 5087 2188 2224 5088 2183 2219 5089 2186 2222 5090 2189 2225 5091 2190 2226 5092 2191 2227 5093 2192 2228 5094 2191 2227 5095 2190 2226 5096 2193 2229 5097 2194 2230 5098 2195 2231 5099 2196 2232 5100 2195 2231 5101 2194 2230 5102 2197 2233 5103 2198 2234 5104 2199 2235 5105 2200 2236 5106 2199 2235 5107 2198 2234 5108 2201 2237 5109 2202 2238 5110 2203 2239 5111 2204 2240 5112 2203 2239 5113 2202 2238 5114 2205 2241 5115 2206 2242 5116 2207 2243 5117 2208 2244 5118 2207 2243 5119 2206 2242 5120 2208 2244 5121 2206 2242 5122 2209 2245 5123 2206 2242 5124 2205 2241 5125 2210 2246 5126 2211 2247 5127 2210 2246 5128 2205 2241 5129 2206 2242 5130 2210 2246 5131 2212 2248 5132 2213 2249 5133 2212 2248 5134 2210 2246 5135 2212 2248 5136 2214 2250 5137 2206 2242 5138 2215 2251 5139 2206 2242 5140 2214 2250 5141 2215 2251 5142 2209 2245 5143 2206 2242 5144 2205 2241 5145 2216 2252 5146 2211 2247 5147 2217 2253 5148 2211 2247 5149 2216 2252 5150 2207 2243 5151 2218 2254 5152 2205 2241 5153 2218 2254 5154 2219 2255 5155 2205 2241 5156 2219 2255 5157 2220 2256 5158 2205 2241 5159 2220 2256 5160 2216 2252 5161 2205 2241 5162 2214 2250 5163 2212 2248 5164 2221 2257 5165 2222 2258 5166 2221 2257 5167 2212 2248 5168 2223 2259 5169 2224 2260 5170 2225 2261 5171 2226 2262 5172 2225 2261 5173 2224 2260 5174 2227 2263 5175 2228 2264 5176 2229 2265 5177 2230 2266 5178 2229 2265 5179 2228 2264 5180 2231 2267 5181 2232 2268 5182 2233 2269 5183 2234 2270 5184 2233 2269 5185 2232 2268 5186 2231 2267 5187 2235 2271 5188 2232 2268 5189 2236 2272 5190 2232 2268 5191 2235 2271 5192 2231 2267 5193 2233 2269 5194 2237 2273 5195 2238 2274 5196 2237 2273 5197 2233 2269 5198 2238 2274 5199 2239 2275 5200 2237 2273 5201 2240 2276 5202 2237 2273 5203 2239 2275 5204 2237 2273 5205 2240 2276 5206 2241 2277 5207 2242 2278 5208 2241 2277 5209 2240 2276 5210 2241 2277 5211 2242 2278 5212 2243 2279 5213 2244 2280 5214 2243 2279 5215 2242 2278 5216 2245 2281 5217 2239 2275 5218 2238 2274 5219 2239 2275 5220 2245 2281 5221 2244 2280 5222 2243 2279 5223 2244 2280 5224 2245 2281 5225 2234 2270 5226 2246 2282 5227 2233 2269 5228 2247 2283 5229 2233 2269 5230 2246 2282 5231 2248 2284 5232 2249 2285 5233 2250 2286 5234 2251 2287 5235 2250 2286 5236 2249 2285 5237 2252 2288 5238 2253 2289 5239 2254 2290 5240 2255 2291 5241 2254 2290 5242 2253 2289 5243 2256 2292 5244 2257 2293 5245 2258 2294 5246 2259 2295 5247 2258 2294 5248 2257 2293 5249 2260 2296 5250 2261 2297 5251 2262 2298 5252 2263 2299 5253 2262 2298 5254 2261 2297 5255 2260 2296 5256 2264 2300 5257 2261 2297 5258 2265 2301 5259 2261 2297 5260 2264 2300 5261 2265 2301 5262 2264 2300 5263 2266 2302 5264 5261 2303 5265 2266 2302 5266 2264 2300 5267 2267 2304 5268 2268 2305 5269 2262 2298 5270 5262 2306 5271 2262 2298 5272 2268 2305 5273 2269 2307 5274 2270 2308 5275 2271 2309 5276 2272 2310 5277 2270 2308 5278 2269 2307 5279 2270 2308 5280 2272 2310 5281 2273 2311 5282 2274 2312 5283 2273 2311 5284 2272 2310 5285 2270 2308 5286 2275 2313 5287 2271 2309 5288 2275 2313 5289 2276 2314 5290 2271 2309 5291 2277 2315 5292 2271 2309 5293 2276 2314 5294 2276 2314 5295 2278 2316 5296 2277 2315 5297 2279 2317 5298 2277 2315 5299 2278 2316 5300 2279 2317 5301 2280 2318 5302 2277 2315 5303 2277 2315 5304 2280 2318 5305 2281 2319 5306 2281 2319 5307 2280 2318 5308 2282 2320 5309 2283 2321 5310 2282 2320 5311 2280 2318 5312 2284 2322 5313 2285 2323 5314 2286 2324 5315 2287 2325 5316 2286 2324 5317 2285 2323 5318 2288 2326 5319 2289 2327 5320 2290 2328 5321 2291 2329 5322 2290 2328 5323 2289 2327 5324 2292 2330 5325 2293 2331 5326 2294 2332 5327 2295 2333 5328 2294 2332 5329 2293 2331 5330 2296 2334 5331 2297 2335 5332 2298 2336 5333 2299 2337 5334 2298 2336 5335 2297 2335 5336 2300 2338 5337 2301 2339 5338 2302 2340 5339 2303 2341 5340 2302 2340 5341 2301 2339 5342 2304 2342 5343 2305 2343 5344 2306 820 5345 2307 2344 5346 2306 820 5347 2305 2343 5348 2308 2345 5349 2309 2346 5350 2310 2347 5351 2311 2348 5352 2310 2347 5353 2309 2346 5354 2312 2349 5355 2313 2350 5356 2314 2351 5357 2315 2352 5358 2314 2351 5359 2313 2350 5360 2316 2353 5361 2317 2354 5362 2318 2355 5363 2319 2356 5364 2318 2355 5365 2317 2354 5366 2320 2357 5367 2321 2358 5368 2322 2359 5369 2323 2360 5370 2322 2359 5371 2321 2358 5372 2324 2361 5373 2325 2362 5374 2326 2363 5375 2327 2364 5376 2326 2363 5377 2325 2362 5378 2328 2365 5379 2329 2366 5380 2330 2367 5381 2331 2368 5382 2330 2367 5383 2329 2366 5384 2329 2366 5385 2332 2369 5386 2331 2368 5387 2333 2370 5388 2331 2368 5389 2332 2369 5390 2334 2371 5391 2335 2372 5392 2336 2373 5393 2337 2374 5394 2336 2373 5395 2335 2372 5396 2338 2375 5397 2339 2376 5398 2340 2377 5399 2341 2378 5400 2340 2377 5401 2339 2376 5402 2339 2376 5403 2342 2379 5404 2341 2378 5405 2343 2380 5406 2341 2378 5407 2342 2379 5408 2344 2381 5409 2345 2382 5410 2346 2383 5411 2346 2383 5412 2347 2384 5413 2344 2381 5414 2348 2385 5415 2344 2381 5416 2347 2384 5417 2349 2386 5418 2350 2387 5419 2351 2388 5420 2352 2389 5421 2353 2390 5422 2354 2391 5423 2355 2392 5424 2354 2391 5425 2353 2390 5426 2355 2392 5427 2353 2390 5428 2356 2393 5429 2357 2394 5430 2356 2393 5431 2353 2390 5432 2358 2395 5433 2359 2396 5434 2360 2397 5435 2361 2398 5436 2360 2397 5437 2359 2396 5438 2362 2399 5439 2363 2400 5440 2364 2401 5441 2365 2402 5442 2364 2401 5443 2363 2400 5444 2366 2403 5445 2367 2404 5446 2368 2405 5447 2369 2406 5448 2368 2405 5449 2367 2404 5450 2370 2407 5451 2371 2408 5452 2372 2409 5453 2373 2410 5454 2372 2409 5455 2371 2408 5456 2374 2411 5457 2375 2412 5458 2376 2413 5459 2377 2414 5460 2376 2413 5461 2375 2412 5462 2377 2414 5463 2378 2415 5464 2376 2413 5465 2379 2416 5466 2376 2413 5467 2378 2415 5468 2380 2417 5469 2378 2415 5470 2377 2414 5471 2381 2418 5472 2382 2419 5473 2383 2420 5474 2384 2421 5475 2383 2420 5476 2382 2419 5477 2381 2418 5478 2383 2420 5479 2385 2422 5480 2386 2423 5481 2385 2422 5482 2383 2420 5483 2386 2423 5484 2387 2424 5485 2385 2422 5486 2388 2425 5487 2385 2422 5488 2387 2424 5489 2384 2421 5490 2382 2419 5491 2389 2426 5492 2390 2427 5493 2389 2426 5494 2382 2419 5495 2381 2418 5496 2391 2428 5497 2382 2419 5498 2392 2429 5499 2382 2419 5500 2391 2428 5501 2382 2419 5502 2392 2429 5503 2390 2427 5504 2388 2425 5505 2393 2430 5506 2385 2422 5507 2394 2431 5508 2385 2422 5509 2393 2430 5510 2385 2422 5511 2394 2431 5512 2381 2418 5513 2391 2428 5514 2381 2418 5515 2394 2431 5516 2395 2432 5517 2390 2427 5518 2392 2429 5519 2396 2433 5520 2397 2434 5521 2398 2435 5522 2399 2436 5523 2398 2435 5524 2397 2434 5525 2398 2435 5526 2400 2437 5527 2396 2433 5528 2401 2438 5529 2396 2433 5530 2400 2437 5531 2402 2439 5532 2403 2440 5533 2404 2441 5534 2405 2442 5535 2404 2441 5536 2403 2440 5537 2405 2442 5538 2403 2440 5539 2406 2443 5540 2407 2444 5541 2406 2443 5542 2403 2440 5543 2407 2444 5544 2408 2445 5545 2406 2443 5546 2409 2446 5547 2406 2443 5548 2408 2445 5549 2404 2441 5550 2410 2447 5551 2402 2439 5552 2411 2448 5553 2402 2439 5554 2410 2447 5555 2412 2449 5556 2413 2450 5557 2414 2451 5558 2415 2452 5559 2414 2451 5560 2413 2450 5561 2416 2453 5562 2417 2454 5563 2418 2455 5564 2419 2456 5565 2418 2455 5566 2417 2454 5567 2420 2457 5568 2421 2458 5569 2422 2459 5570 2423 2460 5571 2422 2459 5572 2421 2458 5573 2420 2457 5574 2422 2459 5575 2424 2461 5576 2425 2462 5577 2424 2461 5578 2422 2459 5579 2426 2463 5580 2427 2464 5581 2428 2465 5582 2429 2466 5583 2428 2465 5584 2427 2464 5585 2426 2463 5586 2428 2465 5587 2430 2467 5588 2431 2468 5589 2430 2467 5590 2428 2465 5591 2432 2469 5592 2433 2470 5593 2434 2471 5594 2435 2472 5595 2434 2471 5596 2433 2470 5597 2433 2470 5598 2436 2473 5599 2435 2472 5600 2437 2474 5601 2435 2472 5602 2436 2473 5603 2438 2475 5604 2432 2469 5605 2434 2471 5606 2438 2475 5607 2434 2471 5608 2439 2476 5609 2440 2477 5610 2439 2476 5611 2434 2471 5612 2441 2478 5613 2439 2476 5614 2440 2477 5615 2441 2478 5616 2440 2477 5617 2442 2479 5618 2441 2478 5619 2442 2479 5620 2443 2480 5621 2444 2481 5622 2443 2480 5623 2442 2479 5624 2444 2481 5625 2445 2482 5626 2443 2480 5627 2445 2482 5628 2446 2483 5629 2443 2480 5630 2447 2484 5631 2443 2480 5632 2446 2483 5633 2448 2485 5634 2449 2486 5635 2450 2487 5636 2451 2488 5637 2450 2487 5638 2449 2486 5639 2449 2486 5640 2452 2489 5641 2451 2488 5642 2453 2490 5643 2451 2488 5644 2452 2489 5645 2454 2491 5646 2455 2492 5647 2456 2493 5648 2457 2494 5649 2456 2493 5650 2455 2492 5651 2456 2493 5652 2458 2495 5653 2454 2491 5654 2459 2496 5655 2454 2491 5656 2458 2495 5657 2460 2497 5658 2461 2498 5659 2462 2499 5660 2463 2500 5661 2462 2499 5662 2461 2498 5663 2464 2501 5664 2465 2502 5665 2466 2503 5666 2467 2504 5667 2466 2503 5668 2465 2502 5669 2468 2505 5670 2469 2506 5671 2470 2507 5672 2471 2508 5673 2470 2507 5674 2469 2506 5675 2469 2506 5676 2472 2509 5677 2471 2508 5678 2473 2510 5679 2471 2508 5680 2472 2509 5681 2472 2509 5682 2474 2511 5683 2473 2510 5684 2475 2512 5685 2473 2510 5686 2474 2511 5687 2470 2507 5688 2476 2513 5689 2468 2505 5690 2470 2507 5691 2477 2514 5692 2476 2513 5693 2478 2515 5694 2476 2513 5695 2477 2514 5696 2479 2516 5697 2480 2517 5698 2481 2518 5699 2482 2519 5700 2481 2518 5701 2480 2517 5702 2480 2517 5703 2483 2520 5704 2482 2519 5705 2484 2521 5706 2482 2519 5707 2483 2520 5708 2484 2521 5709 2483 2520 5710 2485 2522 5711 2486 2523 5712 2485 2522 5713 2483 2520 5714 2487 2524 5715 2488 2525 5716 2489 2526 5717 2490 2527 5718 2489 2526 5719 2488 2525 5720 2491 2528 5721 2492 2529 5722 2493 2530 5723 2494 2531 5724 2493 2530 5725 2492 2529 5726 2495 2532 5727 2496 2533 5728 2497 2534 5729 2498 2535 5730 2497 2534 5731 2496 2533 5732 2499 2536 5733 2500 2537 5734 2501 2538 5735 2502 2539 5736 2501 2538 5737 2500 2537 5738 2503 2540 5739 2504 2541 5740 2505 2542 5741 2506 2543 5742 2505 2542 5743 2504 2541 5744 2507 2544 5745 2508 2545 5746 2509 2546 5747 2510 2547 5748 2509 2546 5749 2508 2545 5750 2511 2548 5751 2512 2549 5752 2513 2550 5753 2514 2551 5754 2513 2550 5755 2512 2549 5756 2515 2552 5757 2516 2553 5758 2517 2554 5759 2518 2555 5760 2517 2554 5761 2516 2553 5762 2519 2556 5763 2520 2557 5764 2521 2558 5765 2522 2559 5766 2521 2558 5767 2520 2557 5768 2523 2560 5769 2524 2561 5770 2525 2562 5771 2526 2563 5772 2525 2562 5773 2524 2561 5774 2527 670 5775 2528 1042 5776 2529 669 5777 2530 669 5778 2529 669 5779 2528 1042 5780 2531 2564 5781 2532 2565 5782 2533 2566 5783 2534 2567 5784 2533 2566 5785 2532 2565 5786 2532 2565 5787 2531 2564 5788 2535 2568 5789 2536 2569 5790 2535 2568 5791 2531 2564 5792 2534 2567 5793 2537 2570 5794 2533 2566 5795 2537 2570 5796 2534 2567 5797 2538 2571 5798 2539 2572 5799 2533 2566 5800 2537 2570 5801 2540 2573 5802 2541 2574 5803 2542 2575 5804 2543 2576 5805 2542 2575 5806 2541 2574 5807 2541 2574 5808 2540 2573 5809 2544 2577 5810 2545 2578 5811 2544 2577 5812 2540 2573 5813 2545 2578 5814 2546 2579 5815 2544 2577 5816 2547 2580 5817 2544 2577 5818 2546 2579 5819 2542 2575 5820 2543 2576 5821 2548 2581 5822 2549 2582 5823 2548 2581 5824 2543 2576 5825 2550 2583 5826 2551 2584 5827 2552 2585 5828 2553 2586 5829 2552 2585 5830 2551 2584 5831 2551 2584 5832 2550 2583 5833 2554 2587 5834 2555 2588 5835 2554 2587 5836 2550 2583 5837 2552 2585 5838 2553 2586 5839 2556 2589 5840 2556 2589 5841 2557 2590 5842 2552 2585 5843 2558 2591 5844 2556 2589 5845 2553 2586 5846 2559 2592 5847 2560 2593 5848 2561 2594 5849 2562 2595 5850 2561 2594 5851 2560 2593 5852 2563 2596 5853 2564 2597 5854 2565 2598 5855 2566 2599 5856 2565 2598 5857 2564 2597 5858 2567 2600 5859 2568 2601 5860 2569 2602 5861 2570 2603 5862 2569 2602 5863 2568 2601 5864 2571 2604 5865 2572 2605 5866 2573 2606 5867 2574 2607 5868 2573 2606 5869 2572 2605 5870 2575 2608 5871 2576 2609 5872 2577 2610 5873 2578 2611 5874 2577 2610 5875 2576 2609 5876 2576 2609 5877 2575 2608 5878 2579 2612 5879 2576 2609 5880 2580 2613 5881 2578 2611 5882 2581 2614 5883 2578 2611 5884 2580 2613 5885 2576 2609 5886 2582 2615 5887 2580 2613 5888 2583 2616 5889 2580 2613 5890 2582 2615 5891 2582 2615 5892 2576 2609 5893 2584 2617 5894 2585 2618 5895 2584 2617 5896 2576 2609 5897 2579 2612 5898 2585 2618 5899 2576 2609 5900 2578 2611 5901 2581 2614 5902 2586 2619 5903 2587 2620 5904 2586 2619 5905 2581 2614 5906 2588 2621 5907 2577 2610 5908 2578 2611 5909 2589 2622 5910 2588 2621 5911 2578 2611 5912 2590 2623 5913 2589 2622 5914 2578 2611 5915 2586 2619 5916 2590 2623 5917 2578 2611 5918 2584 2617 5919 2591 2624 5920 2582 2615 5921 2592 2625 5922 2582 2615 5923 2591 2624 5924 2593 2626 5925 2594 2627 5926 2595 2628 5927 2596 2629 5928 2595 2628 5929 2594 2627 5930 2597 2630 5931 2598 2631 5932 2599 2632 5933 2600 2633 5934 2599 2632 5935 2598 2631 5936 2601 2634 5937 2602 2635 5938 2603 2636 5939 2604 2637 5940 2603 2636 5941 2602 2635 5942 2604 2637 5943 2602 2635 5944 2605 2638 5945 2606 2639 5946 2605 2638 5947 2602 2635 5948 2604 2637 5949 2607 2640 5950 2603 2636 5951 2601 2634 5952 2603 2636 5953 2608 2641 5954 2609 2642 5955 2608 2641 5956 2603 2636 5957 2610 2643 5958 2603 2644 5959 2611 2645 5960 2610 2646 5961 2607 2647 5962 2612 2648 5963 2613 2649 5964 2612 2648 5965 2607 2647 5966 2607 2647 5967 2614 2650 5968 2613 2649 5969 2615 2651 5970 2613 2649 5971 2614 2650 5972 2614 2650 5973 2616 2652 5974 2615 2651 5975 2617 2653 5976 2615 2651 5977 2616 2652 5978 2612 2648 5979 2618 2654 5980 2610 2646 5981 2616 2652 5982 2618 2654 5983 2617 2653 5984 2612 2648 5985 2617 2653 5986 2618 2654 5987 2619 2655 5988 2620 2656 5989 2621 2657 5990 2622 2658 5991 2621 2657 5992 2620 2656 5993 2623 2659 5994 2624 2660 5995 2625 2661 5996 2626 2662 5997 2625 2661 5998 2624 2660 5999 2627 2663 6000 2628 2664 6001 2629 2665 6002 2630 2666 6003 2629 2665 6004 2628 2664 6005 2631 2667 6006 2632 2668 6007 2640 2669 6008 2633 2670 6009 2640 2669 6010 2632 2668 6011 2631 2667 6012 2640 2669 6013 2634 2671 6014 2635 1151 6015 2634 2671 6016 2640 2669 6017 2632 2668 6018 2636 2672 6019 2633 2670 6020 2638 2673 6021 2633 2670 6022 2636 2672 6023 2636 2672 6024 2637 2674 6025 2638 2673 6026 2639 1155 6027 2638 2673 6028 2637 2674 6029 2641 2675 6030 2642 2676 6031 2643 2677 6032 2641 2675 6033 2643 2677 6034 2644 2678 6035 2645 2679 6036 2644 2678 6037 2643 2677 6038 2644 2678 6039 2645 2679 6040 2646 2680 6041 2647 2681 6042 2646 2680 6043 2645 2679 6044 2645 2679 6045 2648 2682 6046 2647 2681 6047 2648 2682 6048 2645 2679 6049 2649 2683 6050 2649 2683 6051 2650 2684 6052 2648 2682 6053 2651 2685 6054 2648 2682 6055 2650 2684 6056 2642 2676 6057 2652 2686 6058 2643 2677 6059 2642 2676 6060 2653 2687 6061 2652 2686 6062 2642 2676 6063 2654 2688 6064 2653 2687 6065 2655 2689 6066 2653 2687 6067 2654 2688 6068 2656 2690 6069 2657 2691 6070 2658 2692 6071 2659 2693 6072 2658 2692 6073 2657 2691 6074 2659 2693 6075 2657 2691 6076 2660 2694 6077 2661 2695 6078 2660 2694 6079 2657 2691 6080 2656 2690 6081 2658 2692 6082 2662 2696 6083 2663 2697 6084 2662 2696 6085 2658 2692 6086 2663 2697 6087 2664 2698 6088 2662 2696 6089 2665 2699 6090 2662 2696 6091 2664 2698 6092 2666 2700 6093 2667 2701 6094 2668 2702 6095 2669 2703 6096 2668 2702 6097 2667 2701 6098 2669 2703 6099 2670 2704 6100 2668 2702 6101 2671 2705 6102 2668 2702 6103 2670 2704 6104 2672 2706 6105 2673 2707 6106 2674 2708 6107 2675 2709 6108 2674 2708 6109 2673 2707 6110 2674 2708 6111 2675 2709 6112 2676 2710 6113 2677 2711 6114 2676 2710 6115 2675 2709 6116 2675 2709 6117 2673 2707 6118 2678 2712 6119 2679 2713 6120 2678 2712 6121 2673 2707 6122 2677 2711 6123 2675 2709 6124 2680 2714 6125 2678 2712 6126 2680 2714 6127 2675 2709 6128 2681 2715 6129 2682 2716 6130 2683 2717 6131 2684 2718 6132 2683 2717 6133 2682 2716 6134 2681 2715 6135 2685 2719 6136 2682 2716 6137 2686 2720 6138 2682 2716 6139 2685 2719 6140 2684 2718 6141 2687 2721 6142 2683 2717 6143 2688 2722 6144 2683 2717 6145 2687 2721 6146 2688 2722 6147 2687 2721 6148 2689 2723 6149 2690 2724 6150 2689 2723 6151 2687 2721 6152 2691 2725 6153 2692 2726 6154 2693 2727 6155 2694 2728 6156 2693 2727 6157 2692 2726 6158 2694 2728 6159 2692 2726 6160 2695 2729 6161 2696 2730 6162 2695 2729 6163 2692 2726 6164 2697 2731 6165 2698 2732 6166 2699 2733 6167 2700 2734 6168 2699 2733 6169 2698 2732 6170 2701 2735 6171 2702 2736 6172 2703 2737 6173 2704 2738 6174 2703 2737 6175 2702 2736 6176 2705 2739 6177 2706 2740 6178 2707 2741 6179 2708 2742 6180 2707 2741 6181 2706 2740 6182 2709 2743 6183 2710 2744 6184 2711 2745 6185 2712 2746 6186 2711 2745 6187 2710 2744 6188 2713 2747 6189 2714 2748 6190 2715 2749 6191 2716 2750 6192 2715 2749 6193 2714 2748 6194 2717 2751 6195 2718 2752 6196 2719 2753 6197 2720 2754 6198 2719 2753 6199 2718 2752 6200 2721 2755 6201 2722 2756 6202 2723 2757 6203 2724 2758 6204 2723 2757 6205 2722 2756 6206 2725 2759 6207 2726 2760 6208 2727 2761 6209 2728 2762 6210 2727 2761 6211 2726 2760 6212 2729 2763 6213 2730 2764 6214 2731 2765 6215 2732 2766 6216 2731 2765 6217 2730 2764 6218 2733 2767 6219 2734 2768 6220 2735 2769 6221 2736 2770 6222 2735 2769 6223 2734 2768 6224 2737 2771 6225 2738 2772 6226 2739 2773 6227 2740 2774 6228 2739 2773 6229 2738 2772 6230 2741 2775 6231 2742 2776 6232 2743 2777 6233 2744 2778 6234 2743 2777 6235 2742 2776 6236 2742 2776 6237 2741 2775 6238 2745 2779 6239 2746 2780 6240 2745 2779 6241 2741 2775 6242 2747 2781 6243 2748 2782 6244 2749 2783 6245 2750 2784 6246 2749 2783 6247 2748 2782 6248 2751 2785 6249 2752 2786 6250 2753 2787 6251 2754 2788 6252 2753 2787 6253 2752 2786 6254 2752 2786 6255 2751 2785 6256 2755 2789 6257 2756 2790 6258 2755 2789 6259 2751 2785 6260 2757 2791 6261 2758 2792 6262 2759 2793 6263 2760 2794 6264 2761 2795 6265 2762 2796 6266 2761 2795 6267 2760 2794 6268 2763 2797 6269 2764 2798 6270 2763 2799 6271 2765 2800 6272 2766 2801 6273 2767 2802 6274 2768 2803 6275 2769 2804 6276 2768 2803 6277 2767 2802 6278 2766 2801 6279 2768 2803 6280 2770 2805 6281 2771 2806 6282 2770 2805 6283 2768 2803 6284 2772 2807 6285 2773 2808 6286 2774 2809 6287 2775 2810 6288 2774 2809 6289 2773 2808 6290 2772 2807 6291 2776 2811 6292 2773 2808 6293 2777 2812 6294 2773 2808 6295 2776 2811 6296 2778 2813 6297 2779 2814 6298 2780 2815 6299 2781 2816 6300 2780 2815 6301 2779 2814 6302 2782 2817 6303 2783 2818 6304 2784 2819 6305 2785 2820 6306 2784 2819 6307 2783 2818 6308 2786 2821 6309 2787 2822 6310 2788 2823 6311 2789 2824 6312 2788 2823 6313 2787 2822 6314 2790 2825 6315 2791 2826 6316 2792 2827 6317 2793 2828 6318 2792 2827 6319 2791 2826 6320 2794 2829 6321 2795 2830 6322 2796 2831 6323 2797 2832 6324 2796 2831 6325 2795 2830 6326 2794 2829 6327 2796 2831 6328 2798 2833 6329 2799 2834 6330 2798 2833 6331 2796 2831 6332 2798 2833 6333 2800 2835 6334 2794 2829 6335 2801 2836 6336 2802 2837 6337 2803 2838 6338 2801 2836 6339 2803 2838 6340 2804 2839 6341 2803 2838 6342 2805 2840 6343 2804 2839 6344 2803 2838 6345 2806 2841 6346 2805 2840 6347 2807 2842 6348 2805 2840 6349 2806 2841 6350 2802 2837 6351 2808 2843 6352 2803 2838 6353 2803 2838 6354 2808 2843 6355 2809 2844 6356 2803 2838 6357 2809 2844 6358 2810 2845 6359 2803 2838 6360 2810 2845 6361 2806 2841 6362 2811 2846 6363 2810 2845 6364 2809 2844 6365 2812 2847 6366 2809 2844 6367 2808 2843 6368 2809 2844 6369 2812 2847 6370 2813 2848 6371 2813 2848 6372 2814 2849 6373 2809 2844 6374 2813 2848 6375 2815 2850 6376 2814 2849 6377 2816 2851 6378 2814 2849 6379 2815 2850 6380 2813 2848 6381 2817 2852 6382 2815 2850 6383 2817 2852 6384 2813 2848 6385 2812 2847 6386 2818 2853 6387 2815 2850 6388 2817 2852 6389 2815 2850 6390 2818 2853 6391 2819 2854 6392 2820 2855 6393 2815 2850 6394 2819 2854 6395 2821 2856 6396 2815 2850 6397 2820 2855 6398 2822 2857 6399 2815 2850 6400 2821 2856 6401 2823 2858 6402 2819 2854 6403 2818 2853 6404 2819 2854 6405 2823 2858 6406 2802 2859 6407 2815 2850 6408 2822 2857 6409 2824 2860 6410 2815 2850 6411 2825 2861 6412 2816 2851 6413 2815 2850 6414 2824 2860 6415 2825 2861 6416 2822 2857 6417 2826 2862 6418 2824 2860 6419 2822 2857 6420 2827 2863 6421 2826 2862 6422 2828 2864 6423 2802 2837 6424 2801 2836 6425 2828 2864 6426 2801 2836 6427 2829 2865 6428 2801 2836 6429 2804 2839 6430 2829 2865 6431 2804 2866 6432 2830 2867 6433 2831 2868 6434 2831 2868 6435 2830 2867 6436 2832 2869 6437 2831 2868 6438 2832 2869 6439 2833 2870 6440 2834 2871 6441 2831 2868 6442 2833 2870 6443 2833 2870 6444 2832 2869 6445 2835 2872 6446 2836 2873 6447 2832 2869 6448 2830 2867 6449 2832 2869 6450 2837 2874 6451 2835 2872 6452 2838 2875 6453 2837 2874 6454 2832 2869 6455 2839 2876 6456 2837 2874 6457 2838 2875 6458 2836 2873 6459 2840 2877 6460 2832 2869 6461 2838 2875 6462 2832 2869 6463 2840 2877 6464 2840 2877 6465 2841 2878 6466 2838 2875 6467 2841 2879 6468 2842 2880 6469 2843 2881 6470 2844 2882 6471 2842 2880 6472 2841 2879 6473 2845 2883 6474 2842 2880 6475 2844 2882 6476 2846 2884 6477 2844 2882 6478 2841 2879 6479 2844 2882 6480 2846 2884 6481 2806 2841 6482 2807 2842 6483 2806 2841 6484 2846 2884 6485 2847 2885 6486 2845 2883 6487 2844 2882 6488 2844 2882 6489 2848 2886 6490 2847 2885 6491 2844 2882 6492 2849 2887 6493 2848 2886 6494 2844 2882 6495 2806 2841 6496 2849 2887 6497 2850 2888 6498 2848 2886 6499 2849 2887 6500 2851 2889 6501 2847 2885 6502 2848 2886 6503 2848 2886 6504 2852 2890 6505 2851 2889 6506 2853 2891 6507 2852 2890 6508 2848 2886 6509 2852 2890 6510 2853 2891 6511 2854 2892 6512 2855 2893 6513 2854 2892 6514 2853 2891 6515 2852 2890 6516 2854 2892 6517 2856 2894 6518 2856 2894 6519 2851 2889 6520 2852 2890 6521 2857 2895 6522 2856 2894 6523 2854 2892 6524 2854 2892 6525 2858 2896 6526 2857 2895 6527 2854 2892 6528 2859 2897 6529 2858 2896 6530 2860 2898 6531 2859 2897 6532 2854 2892 6533 2861 2899 6534 2860 2898 6535 2854 2892 6536 2862 2900 6537 2857 2895 6538 2858 2896 6539 2862 2900 6540 2858 2896 6541 2845 2901 6542 2861 2899 6543 2854 2892 6544 2863 2902 6545 2864 2903 6546 2854 2892 6547 2855 2893 6548 2863 2902 6549 2854 2892 6550 2864 2903 6551 2865 2904 6552 2861 2899 6553 2863 2902 6554 2866 2905 6555 2861 2899 6556 2865 2904 6557 2842 2880 6558 2845 2883 6559 2867 2906 6560 2842 2880 6561 2867 2906 6562 2843 2881 6563 2868 2907 6564 2806 2841 6565 2810 2845 6566 2868 2907 6567 2849 2887 6568 2806 2841 6569 2869 2908 6570 2870 2909 6571 2871 2910 6572 2872 2911 6573 2871 2910 6574 2870 2909 6575 2872 2911 6576 2870 2909 6577 2873 2912 6578 2874 2913 6579 2873 2912 6580 2870 2909 6581 2874 2913 6582 2875 2914 6583 2873 2912 6584 2876 2915 6585 2873 2912 6586 2875 2914 6587 2876 2915 6588 2875 2914 6589 2877 2916 6590 2878 2917 6591 2877 2916 6592 2875 2914 6593 2874 2913 6594 2870 2909 6595 2879 2918 6596 2880 2919 6597 2879 2918 6598 2870 2909 6599 2879 2918 6600 2881 2920 6601 2874 2913 6602 2875 2914 6603 2874 2913 6604 2881 2920 6605 2870 2909 6606 2869 2908 6607 2882 2921 6608 2883 2922 6609 2882 2921 6610 2869 2908 6611 2878 2917 6612 2875 2914 6613 2884 2923 6614 2885 2924 6615 2884 2923 6616 2875 2914 6617 2882 2921 6618 2886 2925 6619 2870 2909 6620 2887 2926 6621 2883 2922 6622 2869 2908 6623 2881 2920 6624 2888 2927 6625 2875 2914 6626 2884 2923 6627 2889 2928 6628 2878 2917 6629 2889 2928 6630 2890 2929 6631 2878 2917 6632 2891 2930 6633 2878 2917 6634 2890 2929 6635 2890 2929 6636 2892 2931 6637 2891 2930 6638 2893 2932 6639 2891 2930 6640 2892 2931 6641 2892 2931 6642 2894 2933 6643 2893 2932 6644 2893 2932 6645 2894 2933 6646 2895 2934 6647 2894 2933 6648 2896 2935 6649 2895 2934 6650 2894 2933 6651 2897 2936 6652 2896 2935 6653 2898 2937 6654 2896 2935 6655 2897 2936 6656 2897 2936 6657 2899 2938 6658 2898 2937 6659 2900 2939 6660 2899 2938 6661 2897 2936 6662 2901 2940 6663 2899 2938 6664 2900 2939 6665 2902 2941 6666 2899 2938 6667 2901 2940 6668 2903 2942 6669 2898 2937 6670 2899 2938 6671 2894 2933 6672 2904 2943 6673 2897 2936 6674 2905 2944 6675 2900 2939 6676 2897 2936 6677 2906 2945 6678 2905 2946 6679 2907 2947 6680 2904 2948 6681 2906 2945 6682 2907 2947 6683 2908 2949 6684 2909 2950 6685 2900 2951 6686 2910 2952 6687 2908 2953 6688 2911 2954 6689 2905 2955 6690 2910 2952 6691 2911 2954 6692 2912 2956 6693 2913 2957 6694 2908 2958 6695 2914 2959 6696 2915 2960 6697 2916 2961 6698 2914 2959 6699 2917 2962 6700 2915 2960 6701 2915 2960 6702 2917 2962 6703 2918 2963 6704 2919 2964 6705 2918 2963 6706 2917 2962 6707 2918 2963 6708 2919 2964 6709 2920 2965 6710 2918 2963 6711 2920 2965 6712 2921 2966 6713 2920 2965 6714 2922 2967 6715 2921 2966 6716 2923 2968 6717 2922 2967 6718 2920 2965 6719 2924 2969 6720 2920 2965 6721 2919 2964 6722 2925 2970 6723 2918 2963 6724 2921 2966 6725 2926 2971 6726 2915 2960 6727 2918 2963 6728 2925 2970 6729 2926 2971 6730 2918 2963 6731 2927 2972 6732 2916 2961 6733 2915 2960 6734 2927 2972 6735 2928 2973 6736 2916 2961 6737 2929 2974 6738 2916 2961 6739 2928 2973 6740 2928 2973 6741 2887 2926 6742 2929 2974 6743 2869 2908 6744 2929 2974 6745 2887 2926 6746 2921 2975 6747 2930 2976 6748 2931 2977 6749 2931 2977 6750 2930 2976 6751 2932 2978 6752 2932 2979 6753 2933 2980 6754 2934 2981 6755 2935 2982 6756 2925 2983 6757 2936 2984 6758 2931 2985 6759 2935 2982 6760 2936 2984 6761 2937 2986 6762 2938 2987 6763 2939 2988 6764 2940 2989 6765 2939 2988 6766 2938 2987 6767 2938 2987 6768 2941 2990 6769 2940 2989 6770 2942 2991 6771 2940 2989 6772 2941 2990 6773 2942 2991 6774 2941 2990 6775 2886 2925 6776 2943 2992 6777 2886 2925 6778 2941 2990 6779 2937 2986 6780 2939 2988 6781 2944 2993 6782 2945 2994 6783 2944 2993 6784 2939 2988 6785 2886 2925 6786 2943 2992 6787 2870 2909 6788 2943 2992 6789 2880 2919 6790 2870 2909 6791 2946 2995 6792 2947 2996 6793 2948 2997 6794 2949 2998 6795 2948 2997 6796 2947 2996 6797 2949 2998 6798 2950 2999 6799 2948 2997 6800 2951 3000 6801 2948 2997 6802 2950 2999 6803 2951 3000 6804 2950 2999 6805 2888 2927 6806 2952 3001 6807 2888 2927 6808 2950 2999 6809 2947 2996 6810 2946 2995 6811 2953 3002 6812 2954 3003 6813 2953 3002 6814 2946 2995 6815 2888 2927 6816 2952 3001 6817 2875 2914 6818 2952 3001 6819 2885 2924 6820 2875 2914 6821 2955 3004 6822 2956 3005 6823 2957 3006 6824 2956 3005 6825 2958 3007 6826 2957 3006 6827 2959 3008 6828 2957 3006 6829 2958 3007 6830 2959 3008 6831 2960 3009 6832 2957 3006 6833 2961 3010 6834 2957 3006 6835 2960 3009 6836 2962 3011 6837 2957 3006 6838 2961 3010 6839 2958 3007 6840 2963 3012 6841 2959 3008 6842 2964 3013 6843 2959 3008 6844 2963 3012 6845 2959 3008 6846 2964 3013 6847 2965 3014 6848 2960 3009 6849 2959 3008 6850 2966 3015 6851 2965 3014 6852 2966 3015 6853 2959 3008 6854 2964 3013 6855 2963 3012 6856 2967 3016 6857 2968 3017 6858 2967 3016 6859 2963 3012 6860 2967 3016 6861 2968 3017 6862 2969 3018 6863 2970 3019 6864 2969 3018 6865 2968 3017 6866 2964 3013 6867 2971 3020 6868 2965 3014 6869 2964 3013 6870 2967 3016 6871 2971 3020 6872 2972 3021 6873 2965 3014 6874 2971 3020 6875 2972 3021 6876 2973 3022 6877 2965 3014 6878 2966 3015 6879 2965 3014 6880 2973 3022 6881 2974 3023 6882 2971 3020 6883 2967 3016 6884 2974 3023 6885 2967 3016 6886 2975 3024 6887 2976 3025 6888 2975 3024 6889 2967 3016 6890 2967 3016 6891 2969 3018 6892 2976 3025 6893 2977 3026 6894 2976 3025 6895 2969 3018 6896 2970 3019 6897 2968 3017 6898 2978 3027 6899 2979 3028 6900 2978 3027 6901 2968 3017 6902 2968 3017 6903 2963 3012 6904 2979 3028 6905 2980 3029 6906 2979 3028 6907 2963 3012 6908 2980 3029 6909 2963 3012 6910 2981 3030 6911 2958 3007 6912 2981 3030 6913 2963 3012 6914 2981 3030 6915 2958 3007 6916 2982 3031 6917 2956 3005 6918 2982 3031 6919 2958 3007 6920 2956 3005 6921 2983 3032 6922 2982 3031 6923 2981 3030 6924 2982 3031 6925 2984 3033 6926 2985 3034 6927 2984 3033 6928 2982 3031 6929 2982 3031 6930 2986 3035 6931 2985 3034 6932 2980 3029 6933 2981 3030 6934 2987 3036 6935 2987 3036 6936 2981 3030 6937 2988 3037 6938 2984 3033 6939 2988 3037 6940 2981 3030 6941 2980 3029 6942 2987 3036 6943 2989 3038 6944 2980 3029 6945 2989 3038 6946 2979 3028 6947 2990 3039 6948 2989 3038 6949 2987 3036 6950 2988 3037 6951 2991 3040 6952 2987 3036 6953 2990 3039 6954 2987 3036 6955 2991 3040 6956 2992 3041 6957 2979 3028 6958 2989 3038 6959 2992 3041 6960 2993 3042 6961 2979 3028 6962 2994 3043 6963 2979 3028 6964 2993 3042 6965 2979 3028 6966 2994 3043 6967 2978 3027 6968 2995 3044 6969 2978 3027 6970 2994 3043 6971 2996 3045 6972 2997 3046 6973 2998 3047 6974 2999 3048 6975 2998 3047 6976 2997 3046 6977 2996 3045 6978 2998 3047 6979 3000 3049 6980 3001 3050 6981 3000 3049 6982 2998 3047 6983 2999 3048 6984 2997 3046 6985 3002 3051 6986 3003 3052 6987 3002 3051 6988 2997 3046 6989 2998 3047 6990 2999 3048 6991 3004 3053 6992 3005 3054 6993 3004 3053 6994 2999 3048 6995 2999 3048 6996 3002 3051 6997 3005 3054 6998 3001 3050 6999 2998 3047 7000 3006 3055 7001 3004 3053 7002 3006 3055 7003 2998 3047 7004 3006 3055 7005 3007 3056 7006 3001 3050 7007 3008 3057 7008 3001 3050 7009 3007 3056 7010 3001 3050 7011 3008 3057 7012 3009 3058 7013 3010 3059 7014 3005 3054 7015 3002 3051 7016 3011 3060 7017 3012 3061 7018 3008 3062 7019 3013 3063 7020 3014 3064 7021 3015 3065 7022 3016 3066 7023 3015 3065 7024 3014 3064 7025 3015 3065 7026 3016 3066 7027 3017 3067 7028 3018 3068 7029 3017 3067 7030 3016 3066 7031 3019 3069 7032 3020 3070 7033 3021 3071 7034 3022 3072 7035 3021 3071 7036 3020 3070 7037 3022 3072 7038 3023 3073 7039 3021 3071 7040 3024 3074 7041 3021 3071 7042 3023 3073 7043 3019 3069 7044 3025 3075 7045 3020 3070 7046 3026 3076 7047 3020 3070 7048 3025 3075 7049 3026 3076 7050 3025 3075 7051 3027 3077 7052 3028 3078 7053 3027 3077 7054 3025 3075 7055 3028 3078 7056 3029 3079 7057 3027 3077 7058 3030 3080 7059 3027 3077 7060 3029 3079 7061 3030 3080 7062 3029 3079 7063 3031 3081 7064 3032 3082 7065 3031 3081 7066 3029 3079 7067 3033 3083 7068 3034 3084 7069 3035 3085 7070 3036 3086 7071 3035 3085 7072 3034 3084 7073 3033 3083 7074 3037 3087 7075 3034 3084 7076 3038 3088 7077 3034 3084 7078 3037 3087 7079 3036 3086 7080 3039 3089 7081 3035 3085 7082 3040 3090 7083 3035 3085 7084 3039 3089 7085 3038 3088 7086 3037 3087 7087 3041 3091 7088 3042 3092 7089 3041 3091 7090 3037 3087 7091 3042 3092 7092 3043 3093 7093 3041 3091 7094 3044 3094 7095 3041 3091 7096 3043 3093 7097 3044 3094 7098 3043 3093 7099 3045 3095 7100 3046 3096 7101 3045 3095 7102 3043 3093 7103 3036 3086 7104 3034 3084 7105 3047 3097 7106 3036 3086 7107 3047 3097 7108 3039 3089 7109 3048 3098 7110 3047 3097 7111 3034 3084 7112 3034 3084 7113 3038 3088 7114 3048 3098 7115 3047 3097 7116 3048 3098 7117 3049 3099 7118 3050 3100 7119 3049 3099 7120 3048 3098 7121 3048 3098 7122 3051 3101 7123 3050 3100 7124 3051 3101 7125 3048 3098 7126 3038 3088 7127 3038 3088 7128 3041 3091 7129 3051 3101 7130 3052 3102 7131 3050 3100 7132 3051 3101 7133 3047 3097 7134 3049 3099 7135 3053 3103 7136 3053 3103 7137 3039 3089 7138 3047 3097 7139 3054 3104 7140 3053 3103 7141 3049 3099 7142 3041 3091 7143 3044 3094 7144 3055 3105 7145 3051 3101 7146 3055 3105 7147 3052 3102 7148 3055 3105 7149 3051 3101 7150 3041 3091 7151 3056 3106 7152 3055 3105 7153 3044 3094 7154 3044 3094 7155 3045 3095 7156 3056 3106 7157 3055 3105 7158 3056 3106 7159 3057 3107 7160 3057 3107 7161 3052 3102 7162 3055 3105 7163 3058 3108 7164 3057 3107 7165 3056 3106 7166 3056 3106 7167 3059 3109 7168 3058 3108 7169 3059 3109 7170 3056 3106 7171 3045 3095 7172 3060 3110 7173 3058 3108 7174 3059 3109 7175 3061 3111 7176 3062 3112 7177 3063 3113 7178 3064 3114 7179 3063 3113 7180 3062 3112 7181 3064 3114 7182 3065 3115 7183 3063 3113 7184 3066 3116 7185 3063 3113 7186 3065 3115 7187 3066 3116 7188 3065 3115 7189 3067 3117 7190 3068 3118 7191 3067 3117 7192 3065 3115 7193 3062 3112 7194 3061 3111 7195 3069 3119 7196 3070 3120 7197 3069 3119 7198 3061 3111 7199 3071 3121 7200 3072 3122 7201 3073 3123 7202 3074 3124 7203 3073 3123 7204 3072 3122 7205 3075 3125 7206 3076 3126 7207 3077 3127 7208 3078 3128 7209 3077 3127 7210 3076 3126 7211 3077 3127 7212 3079 3129 7213 3075 3125 7214 3080 3130 7215 3075 3125 7216 3079 3129 7217 3079 3129 7218 3081 3131 7219 3080 3130 7220 3082 3132 7221 3080 3130 7222 3081 3131 7223 3081 3131 7224 3083 3133 7225 3082 3132 7226 3084 3134 7227 3082 3132 7228 3083 3133 7229 3077 3127 7230 3078 3128 7231 3085 3135 7232 3086 3136 7233 3085 3135 7234 3078 3128 7235 3076 3126 7236 3075 3125 7237 3087 3137 7238 3088 3138 7239 3087 3137 7240 3075 3125 7241 3075 3125 7242 3080 3130 7243 3088 3138 7244 3087 3137 7245 3088 3138 7246 3089 3139 7247 3090 3140 7248 3089 3139 7249 3088 3138 7250 3088 3138 7251 3091 3141 7252 3090 3140 7253 3091 3141 7254 3088 3138 7255 3080 3130 7256 3080 3130 7257 3082 3132 7258 3091 3141 7259 3092 3142 7260 3090 3140 7261 3091 3141 7262 3092 3142 7263 3091 3141 7264 3093 3143 7265 3094 3144 7266 3093 3143 7267 3091 3141 7268 3082 3132 7269 3084 3134 7270 3094 3144 7271 3094 3144 7272 3091 3141 7273 3082 3132 7274 3093 3143 7275 3094 3144 7276 3095 3145 7277 3096 3146 7278 3095 3145 7279 3094 3144 7280 3096 3146 7281 3094 3144 7282 3084 3134 7283 3083 3133 7284 3081 3131 7285 3097 3147 7286 3098 3148 7287 3097 3147 7288 3081 3131 7289 3081 3131 7290 3079 3129 7291 3098 3148 7292 3099 3149 7293 3098 3148 7294 3079 3129 7295 3079 3129 7296 3077 3127 7297 3099 3149 7298 3085 3135 7299 3099 3149 7300 3077 3127 7301 3100 3150 7302 3101 3151 7303 3102 3152 7304 3103 3153 7305 3102 3152 7306 3101 3151 7307 3100 3150 7308 3104 3154 7309 3101 3151 7310 3105 3155 7311 3101 3151 7312 3104 3154 7313 3103 3153 7314 3101 3151 7315 3106 3156 7316 3107 3157 7317 3106 3156 7318 3101 3151 7319 3107 3157 7320 3108 3158 7321 3106 3156 7322 3109 3159 7323 3108 3158 7324 3107 3157 7325 3105 3155 7326 3109 3159 7327 3101 3151 7328 3107 3157 7329 3101 3151 7330 3109 3159 7331 3102 3152 7332 3103 3153 7333 3110 3160 7334 3111 3161 7335 3110 3160 7336 3103 3153 7337 3103 3153 7338 3106 3156 7339 3111 3161 7340 3106 3156 7341 3108 3158 7342 3112 3162 7343 3112 3162 7344 3111 3161 7345 3106 3156 7346 3105 3155 7347 3104 3154 7348 3113 3163 7349 3105 3155 7350 3113 3163 7351 3109 3159 7352 3114 3164 7353 3113 3163 7354 3104 3154 7355 3114 3164 7356 3115 3165 7357 3113 3163 7358 3116 3166 7359 3113 3163 7360 3115 3165 7361 3108 3158 7362 3109 3159 7363 3117 3167 7364 3117 3167 7365 3109 3159 7366 3113 3163 7367 3108 3158 7368 3117 3167 7369 3118 3168 7370 3117 3167 7371 3113 3163 7372 3118 3168 7373 3116 3166 7374 3118 3168 7375 3113 3163 7376 3115 3165 7377 3119 3169 7378 3116 3166 7379 3108 3158 7380 3118 3168 7381 3120 3170 7382 3120 3170 7383 3118 3168 7384 3121 3171 7385 3116 3166 7386 3121 3171 7387 3118 3168 7388 3121 3171 7389 3116 3166 7390 3122 3172 7391 3123 3173 7392 3124 3174 7393 3125 3175 7394 3126 3176 7395 3125 3175 7396 3124 3174 7397 3123 3173 7398 3127 3177 7399 3124 3174 7400 3128 3178 7401 3124 3174 7402 3127 3177 7403 3124 3174 7404 3129 3179 7405 3126 3176 7406 3124 3174 7407 3128 3178 7408 3129 3179 7409 3130 3180 7410 3126 3176 7411 3129 3179 7412 3131 3181 7413 3129 3179 7414 3128 3178 7415 3126 3176 7416 3130 3180 7417 3132 3182 7418 3133 3183 7419 3132 3182 7420 3130 3180 7421 3126 3176 7422 3132 3182 7423 3134 3184 7424 3135 3185 7425 3134 3184 7426 3132 3182 7427 3136 3186 7428 3125 3175 7429 3126 3176 7430 3134 3184 7431 3136 3186 7432 3126 3176 7433 3128 3178 7434 3127 3177 7435 3137 3187 7436 3138 3188 7437 3137 3187 7438 3127 3177 7439 3138 3188 7440 3139 3189 7441 3137 3187 7442 3140 3190 7443 3137 3187 7444 3139 3189 7445 3137 3187 7446 3140 3190 7447 3141 3191 7448 3137 3187 7449 3141 3191 7450 3128 3178 7451 3131 3181 7452 3128 3178 7453 3141 3191 7454 3142 3192 7455 3141 3191 7456 3140 3190 7457 3140 3190 7458 3143 3193 7459 3142 3192 7460 3144 3194 7461 3142 3192 7462 3143 3193 7463 3143 3193 7464 3140 3190 7465 3145 3195 7466 3146 3196 7467 3145 3195 7468 3140 3190 7469 3139 3189 7470 3147 3197 7471 3140 3190 7472 3140 3190 7473 3147 3197 7474 3146 3196 7475 3148 3198 7476 3149 3199 7477 3150 3200 7478 3151 3201 7479 3150 3200 7480 3149 3199 7481 3151 3201 7482 3152 3202 7483 3150 3200 7484 3153 3203 7485 3150 3200 7486 3152 3202 7487 3153 3203 7488 3152 3202 7489 3154 3204 7490 3155 3205 7491 3154 3204 7492 3152 3202 7493 3155 3205 7494 3156 3206 7495 3154 3204 7496 3157 3207 7497 3154 3204 7498 3156 3206 7499 3158 3208 7500 3159 3209 7501 3160 3210 7502 3161 3211 7503 3160 3210 7504 3159 3209 7505 3158 3208 7506 3160 3210 7507 3162 3212 7508 3163 3213 7509 3162 3212 7510 3160 3210 7511 3159 3209 7512 3164 3214 7513 3161 3211 7514 3159 3209 7515 3165 3215 7516 3164 3214 7517 3166 3216 7518 3164 3214 7519 3165 3215 7520 3165 3215 7521 3167 3217 7522 3166 3216 7523 3168 3218 7524 3161 3211 7525 3164 3214 7526 3162 3212 7527 3163 3213 7528 3169 3219 7529 3162 3212 7530 3169 3219 7531 3170 3220 7532 3171 3221 7533 3170 3220 7534 3169 3219 7535 3172 3222 7536 3170 3220 7537 3171 3221 7538 3173 3223 7539 3169 3219 7540 3163 3213 7541 3174 3224 7542 3175 3225 7543 3176 3226 7544 3177 3227 7545 3176 3226 7546 3175 3225 7547 3178 3228 7548 3179 3229 7549 3180 3230 7550 3181 3231 7551 3180 3230 7552 3179 3229 7553 3182 3232 7554 3183 3233 7555 3184 3234 7556 3185 3235 7557 3184 3234 7558 3183 3233 7559 3186 3236 7560 3187 3237 7561 3188 3238 7562 3189 3239 7563 3188 3238 7564 3187 3237 7565 3190 3240 7566 3191 3241 7567 3192 3242 7568 3193 3243 7569 3192 3242 7570 3191 3241 7571 3194 3244 7572 3195 3245 7573 3196 3246 7574 3197 3247 7575 3196 3246 7576 3195 3245 7577 3195 3245 7578 3198 3248 7579 3197 3247 7580 3199 3249 7581 3196 3250 7582 3200 3251 7583 3199 3249 7584 3201 3252 7585 3196 3250 7586 3202 3253 7587 3203 3254 7588 3204 3255 7589 3205 3256 7590 3204 3255 7591 3203 3254 7592 3206 3257 7593 3207 3258 7594 3208 3259 7595 3209 3260 7596 3208 3259 7597 3207 3258 7598 3210 3261 7599 3211 3262 7600 3212 3263 7601 3213 3264 7602 3212 3263 7603 3211 3262 7604 3214 3265 7605 3215 3266 7606 3216 3267 7607 3217 3268 7608 3216 3267 7609 3215 3266 7610 3218 3269 7611 3219 3270 7612 3220 3271 7613 3221 3272 7614 3220 3271 7615 3219 3270 7616 3219 3270 7617 3222 3273 7618 3221 3272 7619 3223 3274 7620 3221 3272 7621 3222 3273 7622 3222 3273 7623 3224 3275 7624 3223 3274 7625 3225 3276 7626 3223 3274 7627 3224 3275 7628 3224 3275 7629 3226 3277 7630 3225 3276 7631 3227 3278 7632 3225 3276 7633 3226 3277 7634 3228 3279 7635 3229 3280 7636 3230 3281 7637 3231 3282 7638 3230 3281 7639 3229 3280 7640 3232 3283 7641 3233 3284 7642 3234 3285 7643 3235 3286 7644 3234 3285 7645 3233 3284 7646 3236 3287 7647 3237 3288 7648 3238 3289 7649 3239 3290 7650 3238 3289 7651 3237 3288 7652 3240 3291 7653 3241 3292 7654 3242 3293 7655 3243 3294 7656 3242 3293 7657 3241 3292 7658 3241 3292 7659 3244 3295 7660 3243 3294 7661 3245 3296 7662 3243 3294 7663 3244 3295 7664 3244 3295 7665 3246 3297 7666 3245 3296 7667 3247 3298 7668 3245 3296 7669 3246 3297 7670 3242 3293 7671 3248 3299 7672 3240 3291 7673 3249 3300 7674 3240 3291 7675 3248 3299 7676 3250 3301 7677 3251 3302 7678 3252 3303 7679 3253 3304 7680 3252 3303 7681 3251 3302 7682 3254 3305 7683 3255 3306 7684 3256 3307 7685 3257 3308 7686 3256 3307 7687 3255 3306 7688 3258 3309 7689 3259 3310 7690 3260 3311 7691 3261 3312 7692 3260 3311 7693 3259 3310 7694 3262 3313 7695 3263 3314 7696 3264 3315 7697 3265 3316 7698 3264 3315 7699 3263 3314 7700 3263 3314 7701 3266 3317 7702 3265 3316 7703 3267 3318 7704 3265 3316 7705 3266 3317 7706 3266 3317 7707 3268 3319 7708 3267 3318 7709 3269 3320 7710 3267 3318 7711 3268 3319 7712 3268 3319 7713 3270 3321 7714 3269 3320 7715 3271 3322 7716 3269 3320 7717 3270 3321 7718 3272 3323 7719 3273 3324 7720 3274 3325 7721 3275 3326 7722 3274 3325 7723 3273 3324 7724 3276 3327 7725 3277 3328 7726 3278 3329 7727 3279 3330 7728 3278 3329 7729 3277 3328 7730 3280 3331 7731 3281 3332 7732 3282 3333 7733 3283 3334 7734 3282 3333 7735 3281 3332 7736 3284 3335 7737 3285 3336 7738 3286 3337 7739 3287 3338 7740 3286 3337 7741 3285 3336 7742 3285 3336 7743 3288 3339 7744 3287 3338 7745 3289 3340 7746 3287 3338 7747 3288 3339 7748 3286 3337 7749 3290 3341 7750 3284 3335 7751 3291 3342 7752 3284 3335 7753 3290 3341 7754 3290 3341 7755 3292 3343 7756 3291 3342 7757 3293 3344 7758 3291 3342 7759 3292 3343 7760 3294 3345 7761 3295 3346 7762 3296 3347 7763 3297 3348 7764 3296 3347 7765 3295 3346 7766 3295 3346 7767 3298 3349 7768 3297 3348 7769 3299 3350 7770 3297 3348 7771 3298 3349 7772 3298 3349 7773 3300 3351 7774 3299 3350 7775 3301 3352 7776 3299 3350 7777 3300 3351 7778 3302 3353 7779 3303 3354 7780 3304 3355 7781 3305 3356 7782 3304 3355 7783 3303 3354 7784 3306 3357 7785 3307 3358 7786 3308 3359 7787 3309 3360 7788 3308 3359 7789 3307 3358 7790 3307 3358 7791 3310 3361 7792 3309 3360 7793 3311 3362 7794 3309 3360 7795 3310 3361 7796 3312 3363 7797 3313 3364 7798 3314 3365 7799 3315 3366 7800 3314 3365 7801 3313 3364 7802 3316 3367 7803 3317 3368 7804 3318 3369 7805 3319 3370 7806 3318 3369 7807 3317 3368 7808 3317 3368 7809 3320 3371 7810 3319 3370 7811 3321 3372 7812 3319 3370 7813 3320 3371 7814 3320 3371 7815 3322 3373 7816 3321 3372 7817 3323 3374 7818 3321 3372 7819 3322 3373 7820 3324 3375 7821 3325 3376 7822 3326 3377 7823 3327 3378 7824 3326 3377 7825 3325 3376 7826 3328 3379 7827 3329 3380 7828 3330 3381 7829 3331 3382 7830 3330 3381 7831 3329 3380 7832 3329 3380 7833 3332 3383 7834 3331 3382 7835 3333 3384 7836 3331 3382 7837 3332 3383 7838 3334 3385 7839 3335 3386 7840 3336 3387 7841 3337 3388 7842 3336 3387 7843 3335 3386 7844 3338 3389 7845 3339 3390 7846 3340 3391 7847 3339 3390 7848 3341 3392 7849 3340 3391 7850 3342 3393 7851 3341 3392 7852 3339 3390 7853 3340 3391 7854 3341 3392 7855 3343 3394 7856 3339 3390 7857 3344 3395 7858 3342 3393 7859 3345 3396 7860 3342 3393 7861 3344 3395 7862 3344 3395 7863 3346 3397 7864 3345 3396 7865 3347 3398 7866 3345 3396 7867 3346 3397 7868 3346 3397 7869 3348 3399 7870 3347 3398 7871 3347 3398 7872 3348 3399 7873 3349 3400 7874 3350 3401 7875 3347 3398 7876 3349 3400 7877 3349 3400 7878 3348 3399 7879 3351 3402 7880 3352 3403 7881 3353 3404 7882 3354 3405 7883 3353 3404 7884 3355 3406 7885 3354 3405 7886 3356 3407 7887 3355 3406 7888 3353 3404 7889 3357 3408 7890 3353 3404 7891 3352 3403 7892 3358 3409 7893 3353 3404 7894 3357 3408 7895 3359 3410 7896 3353 3404 7897 3358 3409 7898 3352 3403 7899 3354 3405 7900 3360 3411 7901 3361 3412 7902 3360 3411 7903 3354 3405 7904 3360 3411 7905 3362 3413 7906 3352 3403 7907 3362 3413 7908 3357 3408 7909 3352 3403 7910 3363 3414 7911 3361 3412 7912 3354 3405 7913 3354 3405 7914 3364 3415 7915 3363 3414 7916 3365 3416 7917 3357 3417 7918 3366 3418 7919 3362 3419 7920 3366 3420 7921 3367 3421 7922 3368 3422 7923 3369 3423 7924 3366 3424 7925 3363 3425 7926 3370 3426 7927 3371 3427 7928 3372 3428 7929 3373 3429 7930 3374 3430 7931 3374 3430 7932 3373 3429 7933 3375 3431 7934 3373 3429 7935 3376 3432 7936 3375 3431 7937 3377 3433 7938 3376 3432 7939 3373 3429 7940 3375 3431 7941 3376 3432 7942 3378 3434 7943 3379 3435 7944 3378 3434 7945 3376 3432 7946 3378 3434 7947 3379 3435 7948 3380 3436 7949 3381 3437 7950 3380 3436 7951 3379 3435 7952 3380 3436 7953 3381 3437 7954 3382 3438 7955 3383 3439 7956 3380 3436 7957 3382 3438 7958 3381 3437 7959 3384 3440 7960 3382 3438 7961 3382 3438 7962 3384 3440 7963 3385 3441 7964 3386 3442 7965 3387 3443 7966 3388 3444 7967 3389 3445 7968 3388 3444 7969 3387 3443 7970 3388 3444 7971 3390 3446 7972 3386 3442 7973 3391 3447 7974 3386 3442 7975 3390 3446 7976 3386 3442 7977 3392 3448 7978 3387 3443 7979 3386 3442 7980 3391 3447 7981 3392 3448 7982 3393 3449 7983 3387 3443 7984 3392 3448 7985 3392 3448 7986 3394 3450 7987 3393 3449 7988 3395 3451 7989 3393 3449 7990 3394 3450 7991 3396 3452 7992 3392 3448 7993 3391 3447 7994 3392 3448 7995 3396 3452 7996 3394 3450 7997 3397 3453 7998 3394 3450 7999 3396 3452 8000 3395 3451 8001 3394 3450 8002 3398 3454 8003 3394 3450 8004 3397 3453 8005 3398 3454 8006 3399 3455 8007 3395 3451 8008 3398 3454 8009 3400 3456 8010 3395 3451 8011 3399 3455 8012 3397 3453 8013 3401 3457 8014 3398 3454 8015 3398 3454 8016 3401 3457 8017 3402 3458 8018 3403 3459 8019 3404 3460 8020 3405 3461 8021 3406 3462 8022 3405 3461 8023 3404 3460 8024 3404 3460 8025 3407 3463 8026 3406 3462 8027 3408 3464 8028 3406 3462 8029 3407 3463 8030 3407 3463 8031 3409 3465 8032 3408 3464 8033 3410 3466 8034 3408 3464 8035 3409 3465 8036 3411 3467 8037 3412 3468 8038 3413 3469 8039 3414 3470 8040 3413 3469 8041 3412 3468 8042 3412 3468 8043 3415 3471 8044 3414 3470 8045 3416 3472 8046 3414 3470 8047 3415 3471 8048 3415 3471 8049 3417 3473 8050 3416 3472 8051 3418 3474 8052 3416 3472 8053 3417 3473 8054 3417 3473 8055 3419 3475 8056 3418 3474 8057 3420 3476 8058 3418 3474 8059 3419 3475 8060 3419 3475 8061 3421 3477 8062 3420 3476 8063 3422 3478 8064 3420 3476 8065 3421 3477 8066 3423 3479 8067 3424 3480 8068 3425 3481 8069 3426 3482 8070 3425 3481 8071 3424 3480 8072 3424 3480 8073 3427 3483 8074 3426 3482 8075 3428 3484 8076 3426 3482 8077 3427 3483 8078 3427 3483 8079 3429 3485 8080 3428 3484 8081 3430 3486 8082 3428 3484 8083 3429 3485 8084 3431 3487 8085 3432 3488 8086 3433 3489 8087 3434 3490 8088 3433 3489 8089 3432 3488 8090 3433 3489 8091 3435 3491 8092 3431 3487 8093 3436 3492 8094 3431 3487 8095 3435 3491 8096 3435 3491 8097 3437 3493 8098 3436 3492 8099 3438 3494 8100 3436 3492 8101 3437 3493 8102 3437 3493 8103 3439 3495 8104 3438 3494 8105 3440 3496 8106 3438 3494 8107 3439 3495 8108 3439 3495 8109 3441 3497 8110 3440 3496 8111 3442 3498 8112 3440 3496 8113 3441 3497 8114 3443 3499 8115 3444 3500 8116 3445 3501 8117 3446 3502 8118 3445 3501 8119 3444 3500 8120 3444 3500 8121 3447 3503 8122 3446 3502 8123 3448 3504 8124 3446 3502 8125 3447 3503 8126 3448 3504 8127 3447 3503 8128 3449 3505 8129 3450 3506 8130 3449 3505 8131 3447 3503 8132 3450 3506 8133 3451 3507 8134 3449 3505 8135 3452 3508 8136 3449 3505 8137 3451 3507 8138 3451 3507 8139 3453 3509 8140 3452 3508 8141 3454 3510 8142 3452 3508 8143 3453 3509 8144 3453 3509 8145 3455 3511 8146 3454 3510 8147 3456 3512 8148 3454 3510 8149 3455 3511 8150 3455 3511 8151 3457 3513 8152 3456 3512 8153 3458 3514 8154 3456 3512 8155 3457 3513 8156 3457 3513 8157 3443 3499 8158 3458 3514 8159 3445 3501 8160 3458 3514 8161 3443 3499 8162 3459 3515 8163 3460 3516 8164 3461 3517 8165 3462 3518 8166 3461 3517 8167 3460 3516 8168 3460 3516 8169 3463 3519 8170 3462 3518 8171 3464 3520 8172 3462 3518 8173 3463 3519 8174 3463 3519 8175 3465 3521 8176 3464 3520 8177 3466 3522 8178 3464 3520 8179 3465 3521 8180 3465 3521 8181 3467 3523 8182 3466 3522 8183 3468 3524 8184 3466 3522 8185 3467 3523 8186 3467 3523 8187 3469 3525 8188 3468 3524 8189 3470 3526 8190 3468 3524 8191 3469 3525 8192 3469 3525 8193 3471 3527 8194 3470 3526 8195 3472 3528 8196 3470 3526 8197 3471 3527 8198 3472 3528 8199 3471 3527 8200 3473 3529 8201 3461 3517 8202 3473 3529 8203 3459 3515 8204 3474 3530 8205 3473 3529 8206 3471 3527 8207 3474 3530 8208 3459 3515 8209 3473 3529 8210 3475 3531 8211 3476 3532 8212 3477 3533 8213 3478 3534 8214 3479 3535 8215 3480 3536 8216 3481 3537 8217 3482 3538 8218 3483 3539 8219 3484 3540 8220 3485 3541 8221 3486 3542 8222 3485 3541 8223 3487 3543 8224 3486 3542 8225 3488 3544 8226 3487 3543 8227 3485 3541 8228 3489 3545 8229 3488 3544 8230 3485 3541 8231 3490 3546 8232 3489 3545 8233 3485 3541 8234 3491 3547 8235 3488 3544 8236 3489 3545 8237 3492 3548 8238 3493 3549 8239 3494 3550 8240 3495 3551 8241 3496 3552 8242 3497 3553 8243 3498 3554 8244 3499 3555 8245 3500 3556 8246 3499 3555 8247 3501 3557 8248 3500 3556 8249 3502 3558 8250 3501 3557 8251 3499 3555 8252 3503 3559 8253 3501 3557 8254 3502 3558 8255 3504 3560 8256 3501 3557 8257 3503 3559 8258 3501 3557 8259 3505 3561 8260 3500 3556 8261 3506 3562 8262 3507 3563 8263 3508 3564 8264 3509 3565 8265 3510 3566 8266 3511 3567 8267 3512 3568 8268 3513 3569 8269 3514 3570 8270 3515 3571 8271 3516 3572 8272 3517 3573 8273 3517 3573 8274 3516 3572 8275 3518 3574 8276 3518 3574 8277 3516 3572 8278 3519 3575 8279 3519 3575 8280 3516 3572 8281 3520 3576 8282 3521 3577 8283 3515 3571 8284 3517 3573 8285 3522 3578 8286 3521 3577 8287 3517 3573 8288 3521 3579 8289 3523 3580 8290 3524 3581 8291 3525 3582 8292 3524 3581 8293 3523 3580 8294 3525 3582 8295 3523 3580 8296 3526 3583 8297 3527 3584 8298 3528 3585 8299 3529 3586 8300 3529 3586 8301 3528 3585 8302 3530 3587 8303 3530 3587 8304 3528 3585 8305 3531 3588 8306 3531 3588 8307 3528 3585 8308 3532 3589 8309 3528 3585 8310 3533 3590 8311 3532 3589 8312 3533 3590 8313 3534 3591 8314 3532 3589 8315 3535 3592 8316 3536 3593 8317 3533 3594 8318 3537 3595 8319 3533 3594 8320 3536 3593 8321 3536 3593 8322 3538 3596 8323 3537 3595 8324 3539 3597 8325 3527 3598 8326 3540 3599 8327 3541 3600 8328 3539 3597 8329 3540 3599 8330 3539 3601 8331 3542 3602 8332 3543 3603 8333 3544 3604 8334 3543 3603 8335 3542 3602 8336 3544 3604 8337 3542 3602 8338 3545 3605 8339 3546 3606 8340 3547 3607 8341 3548 3608 8342 3549 3609 8343 3548 3608 8344 3547 3607 8345 3550 3610 8346 3551 3611 8347 3552 3612 8348 3553 3613 8349 3552 3612 8350 3551 3611 8351 3553 3613 8352 3554 3614 8353 3552 3612 8354 3555 3615 8355 3552 3612 8356 3554 3614 8357 3556 3616 8358 3557 3617 8359 3558 3618 8360 3559 3619 8361 3558 3618 8362 3557 3617 8363 3559 3619 8364 3560 3620 8365 3558 3618 8366 3561 3621 8367 3558 3618 8368 3560 3620 8369 3562 3622 8370 3563 3623 8371 3564 3624 8372 3565 3625 8373 3564 3624 8374 3563 3623 8375 3563 3623 8376 3562 3622 8377 3566 3626 8378 3567 3627 8379 3566 3626 8380 3562 3622 8381 3565 3625 8382 3568 3628 8383 3564 3624 8384 3568 3628 8385 3569 3629 8386 3564 3624 8387 3570 3630 8388 3564 3624 8389 3569 3629 8390 3569 3629 8391 3571 3631 8392 3570 3630 8393 3570 3630 8394 3571 3631 8395 3572 3632 8396 3571 3631 8397 3573 3633 8398 3572 3632 8399 3574 3634 8400 3572 3632 8401 3573 3633 8402 3575 3635 8403 3574 3634 8404 3573 3633 8405 3575 3635 8406 3573 3633 8407 3576 3636 8408 3577 3637 8409 3576 3636 8410 3573 3633 8411 3578 3638 8412 3579 3639 8413 3580 3640 8414 3581 3641 8415 3580 3640 8416 3579 3639 8417 3579 3639 8418 3578 3638 8419 3582 3642 8420 3583 3643 8421 3582 3642 8422 3578 3638 8423 3584 3644 8424 3585 3645 8425 3586 3646 8426 3587 3647 8427 3586 3646 8428 3585 3645 8429 3586 3646 8430 3587 3647 8431 3588 3648 8432 3589 3649 8433 3588 3648 8434 3587 3647 8435 3590 3650 8436 3591 3651 8437 3592 3652 8438 3593 3653 8439 3592 3652 8440 3591 3651 8441 3594 3654 8442 3595 3655 8443 3596 3656 8444 3597 3657 8445 3596 3656 8446 3595 3655 8447 3598 3658 8448 3599 3659 8449 3600 3660 8450 3601 3661 8451 3600 3660 8452 3599 3659 8453 3599 3659 8454 3598 3658 8455 3602 3662 8456 3603 3663 8457 3602 3662 8458 3598 3658 8459 3602 3662 8460 3603 3663 8461 3604 3664 8462 3605 3665 8463 3604 3664 8464 3603 3663 8465 3606 3666 8466 3600 3660 8467 3601 3661 8468 3600 3660 8469 3606 3666 8470 3607 3667 8471 3608 3668 8472 3607 3667 8473 3606 3666 8474 3609 3669 8475 3610 3670 8476 3611 3671 8477 3612 3672 8478 3611 3671 8479 3610 3670 8480 3610 3670 8481 3609 3669 8482 3613 3673 8483 3614 3674 8484 3613 3673 8485 3609 3669 8486 3614 3674 8487 3615 3675 8488 3613 3673 8489 3616 3676 8490 3613 3673 8491 3615 3675 8492 3617 3677 8493 3618 3678 8494 3619 3679 8495 3620 3680 8496 3619 3679 8497 3618 3678 8498 3621 3681 8499 3622 3682 8500 3623 3683 8501 3624 3684 8502 3623 3683 8503 3622 3682 8504 3625 3685 8505 3626 3686 8506 3627 3687 8507 3628 3688 8508 3627 3687 8509 3626 3686 8510 3629 3689 8511 3630 3690 8512 3631 3691 8513 3632 3692 8514 3631 3691 8515 3630 3690 8516 3633 3693 8517 3634 3694 8518 3635 3695 8519 3636 3696 8520 3635 3695 8521 3634 3694 8522 3638 3697 8523 3639 3698 8524 3640 3699 8525 3641 3700 8526 3640 3699 8527 3639 3698 8528 3642 3701 8529 3643 3702 8530 3644 3703 8531 3645 3704 8532 3644 3703 8533 3643 3702 8534 3646 3705 8535 3647 3706 8536 3648 3707 8537 3649 3708 8538 3648 3707 8539 3647 3706 8540 3650 3709 8541 3651 3710 8542 3652 3711 8543 3653 3712 8544 3652 3711 8545 3651 3710 8546 3654 669 8547 3655 669 8548 3656 1042 8549 3657 2194 8550 3656 1042 8551 3655 669 8552 3658 3713 8553 3659 3714 8554 3660 3715 8555 3661 3716 8556 3660 3715 8557 3659 3714 8558 3659 3714 8559 3662 3717 8560 3661 3716 8561 3663 3718 8562 3661 3716 8563 3662 3717 8564 3658 3713 8565 3660 3715 8566 3664 3719 8567 3658 3713 8568 3664 3719 8569 3665 3720 8570 3666 3721 8571 3664 3719 8572 3660 3715 8573 3667 3722 8574 3668 3723 8575 3669 3724 8576 3670 3725 8577 3669 3724 8578 3668 3723 8579 3668 3723 8580 3671 3726 8581 3670 3725 8582 3672 3727 8583 3670 3725 8584 3671 3726 8585 3672 3727 8586 3671 3726 8587 3673 3728 8588 3674 3729 8589 3673 3728 8590 3671 3726 8591 3674 3729 8592 3671 3726 8593 3675 3730 8594 3676 3731 8595 3675 3730 8596 3671 3726 8597 3669 3724 8598 3677 3732 8599 3667 3722 8600 3678 3733 8601 3667 3722 8602 3677 3732 8603 3679 3734 8604 3680 3735 8605 3681 3736 8606 3682 3737 8607 3681 3736 8608 3680 3735 8609 3681 3736 8610 3683 3738 8611 3679 3734 8612 3684 3739 8613 3679 3734 8614 3683 3738 8615 3680 3735 8616 3685 3740 8617 3682 3737 8618 3686 3741 8619 3685 3740 8620 3680 3735 8621 3687 3742 8622 3682 3737 8623 3685 3740 8624 3688 3743 8625 3689 3744 8626 3690 3745 8627 3691 3746 8628 3690 3745 8629 3689 3744 8630 3692 3747 8631 3693 3748 8632 3694 3749 8633 3695 3750 8634 3694 3749 8635 3693 3748 8636 3696 3751 8637 3697 3752 8638 3698 3753 8639 3699 782 8640 3698 3753 8641 3697 3752 8642 3700 3754 8643 3701 3755 8644 3702 3756 8645 3703 3757 8646 3702 3756 8647 3701 3755 8648 3704 3758 8649 3705 3759 8650 3706 3760 8651 3707 3761 8652 3706 3760 8653 3705 3759 8654 3707 3761 8655 3705 3759 8656 3708 3762 8657 3705 3759 8658 3704 3758 8659 3709 3763 8660 3710 3764 8661 3709 3763 8662 3704 3758 8663 3705 3759 8664 3709 3763 8665 3711 3765 8666 3712 3766 8667 3711 3765 8668 3709 3763 8669 3711 3765 8670 3713 3767 8671 3705 3759 8672 3714 3768 8673 3705 3759 8674 3713 3767 8675 3714 3768 8676 3708 3762 8677 3705 3759 8678 3704 3758 8679 3715 3769 8680 3710 3764 8681 3716 3770 8682 3710 3764 8683 3715 3769 8684 3706 3760 8685 3717 3771 8686 3704 3758 8687 3717 3771 8688 3718 3772 8689 3704 3758 8690 3718 3772 8691 3719 3773 8692 3704 3758 8693 3719 3773 8694 3715 3769 8695 3704 3758 8696 3713 3767 8697 3711 3765 8698 3720 3774 8699 3721 3775 8700 3720 3774 8701 3711 3765 8702 3722 3776 8703 3723 3777 8704 3724 3778 8705 3725 3779 8706 3724 3778 8707 3723 3777 8708 3726 3780 8709 3727 3781 8710 3728 3782 8711 3729 3783 8712 3728 3782 8713 3727 3781 8714 3730 3784 8715 3731 3785 8716 3732 3786 8717 3733 3787 8718 3732 3786 8719 3731 3785 8720 3730 3784 8721 3734 3788 8722 3731 3785 8723 3735 3789 8724 3731 3785 8725 3734 3788 8726 3730 3784 8727 3732 3786 8728 3736 3790 8729 3737 3791 8730 3736 3790 8731 3732 3786 8732 3737 3791 8733 3738 3792 8734 3736 3790 8735 3739 3793 8736 3736 3790 8737 3738 3792 8738 3736 3790 8739 3739 3793 8740 3740 3794 8741 3741 3795 8742 3740 3794 8743 3739 3793 8744 3740 3794 8745 3741 3795 8746 3742 3796 8747 3743 3797 8748 3742 3796 8749 3741 3795 8750 3744 3798 8751 3738 3792 8752 3737 3791 8753 3738 3792 8754 3744 3798 8755 3743 3797 8756 3742 3796 8757 3743 3797 8758 3744 3798 8759 3733 3787 8760 3745 3799 8761 3732 3786 8762 3746 3800 8763 3732 3786 8764 3745 3799 8765 3747 3801 8766 3748 3802 8767 3749 3803 8768 3750 3804 8769 3749 3803 8770 3748 3802 8771 3751 3805 8772 3752 3806 8773 3753 3807 8774 3754 3808 8775 3753 3807 8776 3752 3806 8777 3755 3809 8778 3756 3810 8779 3757 3811 8780 3758 3812 8781 3757 3811 8782 3756 3810 8783 3759 3813 8784 3760 3814 8785 3761 3815 8786 3762 3816 8787 3761 3815 8788 3760 3814 8789 3759 3813 8790 3768 3817 8791 3760 3814 8792 3763 3818 8793 3760 3814 8794 3768 3817 8795 3763 3818 8796 3768 3817 8797 3764 3819 8798 3765 780 8799 3764 3819 8800 3768 3817 8801 3766 782 8802 3767 3820 8803 3761 3815 8804 3637 781 8805 3761 3815 8806 3767 3820 8807 3769 3821 8808 3770 3822 8809 3771 3823 8810 3772 3824 8811 3770 3822 8812 3769 3821 8813 3770 3822 8814 3772 3824 8815 3773 3825 8816 3774 3826 8817 3773 3825 8818 3772 3824 8819 3770 3822 8820 3775 3827 8821 3771 3823 8822 3775 3827 8823 3776 3828 8824 3771 3823 8825 3777 3829 8826 3771 3823 8827 3776 3828 8828 3776 3828 8829 3778 3830 8830 3777 3829 8831 3779 3831 8832 3777 3829 8833 3778 3830 8834 3779 3831 8835 3780 3832 8836 3777 3829 8837 3777 3829 8838 3780 3832 8839 3781 3833 8840 3781 3833 8841 3780 3832 8842 3782 3834 8843 3783 3835 8844 3782 3834 8845 3780 3832 8846 3784 3836 8847 3785 3837 8848 3786 3838 8849 3787 3839 8850 3786 3838 8851 3785 3837 8852 3788 3840 8853 3789 3841 8854 3790 3842 8855 3791 3843 8856 3790 3842 8857 3789 3841 8858 3792 3844 8859 3793 3845 8860 3794 3846 8861 3795 3847 8862 3794 3846 8863 3793 3845 8864 3796 3848 8865 3797 3849 8866 3798 3850 8867 3799 3851 8868 3798 3850 8869 3797 3849 8870 3800 3852 8871 3801 3853 8872 3802 3854 8873 3803 3855 8874 3802 3854 8875 3801 3853 8876 3804 3856 8877 3805 3857 8878 3806 3858 8879 3807 3859 8880 3806 3858 8881 3805 3857 8882 3808 3860 8883 3809 3861 8884 3810 3862 8885 3811 3863 8886 3810 3862 8887 3809 3861 8888 3812 3864 8889 3813 3865 8890 3814 3866 8891 3815 3867 8892 3814 3866 8893 3813 3865 8894 3816 3868 8895 3817 3869 8896 3818 3870 8897 3819 3871 8898 3818 3870 8899 3817 3869 8900 3820 3872 8901 3821 3873 8902 3822 3874 8903 3823 3875 8904 3822 3874 8905 3821 3873 8906 3824 3876 8907 3825 3877 8908 3826 3878 8909 3827 3879 8910 3826 3878 8911 3825 3877 8912 3828 3880 8913 3829 3881 8914 3830 3882 8915 3831 3883 8916 3830 3882 8917 3829 3881 8918 3829 3881 8919 3832 3884 8920 3831 3883 8921 3833 3885 8922 3831 3883 8923 3832 3884 8924 3834 3886 8925 3835 3887 8926 3836 3888 8927 3837 3889 8928 3836 3888 8929 3835 3887 8930 3838 3890 8931 3839 3891 8932 3840 3892 8933 3841 3893 8934 3840 3892 8935 3839 3891 8936 3839 3891 8937 3842 3894 8938 3841 3893 8939 3843 3895 8940 3841 3893 8941 3842 3894 8942 3844 3896 8943 3845 3897 8944 3846 3898 8945 3846 3898 8946 3847 3899 8947 3844 3896 8948 3848 3900 8949 3844 3896 8950 3847 3899 8951 3849 3901 8952 3850 3902 8953 3851 3903 8954 3852 3904 8955 3853 3905 8956 3854 3906 8957 3855 3907 8958 3854 3906 8959 3853 3905 8960 3855 3907 8961 3853 3905 8962 3856 3908 8963 3857 3909 8964 3856 3908 8965 3853 3905 8966 3858 3910 8967 3859 3911 8968 3860 3912 8969 3861 3913 8970 3860 3912 8971 3859 3911 8972 3862 3914 8973 3863 3915 8974 3864 3916 8975 3865 3917 8976 3864 3916 8977 3863 3915 8978 3866 3918 8979 3867 3919 8980 3868 3920 8981 3869 3921 8982 3868 3920 8983 3867 3919 8984 3870 3922 8985 3871 3923 8986 3872 3924 8987 3873 3925 8988 3872 3924 8989 3871 3923 8990 3874 3926 8991 3875 3927 8992 3876 3928 8993 3877 3929 8994 3876 3928 8995 3875 3927 8996 3877 3929 8997 3878 3930 8998 3876 3928 8999 3879 3931 9000 3876 3928 9001 3878 3930 9002 3880 3932 9003 3878 3930 9004 3877 3929 9005 3881 3933 9006 3882 3934 9007 3883 3935 9008 3884 3936 9009 3883 3935 9010 3882 3934 9011 3881 3933 9012 3883 3935 9013 3885 3937 9014 3886 3938 9015 3885 3937 9016 3883 3935 9017 3886 3938 9018 3887 3939 9019 3885 3937 9020 3888 3940 9021 3885 3937 9022 3887 3939 9023 3884 3936 9024 3882 3934 9025 3889 3941 9026 3890 3942 9027 3889 3941 9028 3882 3934 9029 3881 3933 9030 3891 3943 9031 3882 3934 9032 3892 3944 9033 3882 3934 9034 3891 3943 9035 3882 3934 9036 3892 3944 9037 3890 3942 9038 3888 3940 9039 3893 3945 9040 3885 3937 9041 3894 3946 9042 3885 3937 9043 3893 3945 9044 3885 3937 9045 3894 3946 9046 3881 3933 9047 3891 3943 9048 3881 3933 9049 3894 3946 9050 3895 3947 9051 3890 3942 9052 3892 3944 9053 3896 3948 9054 3897 3949 9055 3898 3950 9056 3899 3951 9057 3898 3950 9058 3897 3949 9059 3898 3950 9060 3900 3952 9061 3896 3948 9062 3901 3953 9063 3896 3948 9064 3900 3952 9065 3902 3954 9066 3903 3955 9067 3904 3956 9068 3905 3957 9069 3904 3956 9070 3903 3955 9071 3905 3957 9072 3903 3955 9073 3906 3958 9074 3907 3959 9075 3906 3958 9076 3903 3955 9077 3907 3959 9078 3908 3960 9079 3906 3958 9080 3909 3961 9081 3906 3958 9082 3908 3960 9083 3904 3956 9084 3910 3962 9085 3902 3954 9086 3911 3963 9087 3902 3954 9088 3910 3962 9089 3912 3964 9090 3913 3965 9091 3914 3966 9092 3915 3967 9093 3914 3966 9094 3913 3965 9095 3916 3968 9096 3917 3969 9097 3918 3970 9098 3919 3971 9099 3918 3970 9100 3917 3969 9101 3920 3972 9102 3921 3973 9103 3922 3974 9104 3923 3975 9105 3922 3974 9106 3921 3973 9107 3920 3972 9108 3922 3974 9109 3924 3976 9110 3925 3977 9111 3924 3976 9112 3922 3974 9113 3926 3978 9114 3927 3979 9115 3928 3980 9116 3929 3981 9117 3928 3980 9118 3927 3979 9119 3926 3978 9120 3928 3980 9121 3930 3982 9122 3931 3983 9123 3930 3982 9124 3928 3980 9125 3932 3984 9126 3933 3985 9127 3934 3986 9128 3935 3987 9129 3934 3986 9130 3933 3985 9131 3933 3985 9132 3936 3988 9133 3935 3987 9134 3937 3989 9135 3935 3987 9136 3936 3988 9137 3938 3990 9138 3932 3984 9139 3934 3986 9140 3938 3990 9141 3934 3986 9142 3939 3991 9143 3940 3992 9144 3939 3991 9145 3934 3986 9146 3941 3993 9147 3939 3991 9148 3940 3992 9149 3941 3993 9150 3940 3992 9151 3942 3994 9152 3941 3993 9153 3942 3994 9154 3943 3995 9155 3944 3996 9156 3943 3995 9157 3942 3994 9158 3944 3996 9159 3945 3997 9160 3943 3995 9161 3945 3997 9162 3946 3998 9163 3943 3995 9164 3947 3999 9165 3943 3995 9166 3946 3998 9167 3948 4000 9168 3949 4001 9169 3950 4002 9170 3951 4003 9171 3950 4002 9172 3949 4001 9173 3949 4001 9174 3952 4004 9175 3951 4003 9176 3953 4005 9177 3951 4003 9178 3952 4004 9179 3954 4006 9180 3955 4007 9181 3956 4008 9182 3957 4009 9183 3956 4008 9184 3955 4007 9185 3956 4008 9186 3958 4010 9187 3954 4006 9188 3959 4011 9189 3954 4006 9190 3958 4010 9191 3960 4012 9192 3961 4013 9193 3962 4014 9194 3963 4015 9195 3962 4014 9196 3961 4013 9197 3964 4016 9198 3965 4017 9199 3966 4018 9200 3967 4019 9201 3966 4018 9202 3965 4017 9203 3968 4020 9204 3969 4021 9205 3970 4022 9206 3971 4023 9207 3970 4022 9208 3969 4021 9209 3969 4021 9210 3972 4024 9211 3971 4023 9212 3973 4025 9213 3971 4023 9214 3972 4024 9215 3972 4024 9216 3974 4026 9217 3973 4025 9218 3975 4027 9219 3973 4025 9220 3974 4026 9221 3970 4022 9222 3976 4028 9223 3968 4020 9224 3970 4022 9225 3977 4029 9226 3976 4028 9227 3978 4030 9228 3976 4028 9229 3977 4029 9230 3979 4031 9231 3980 4032 9232 3981 4033 9233 3982 4034 9234 3981 4033 9235 3980 4032 9236 3980 4032 9237 3983 4035 9238 3982 4034 9239 3984 4036 9240 3982 4034 9241 3983 4035 9242 3984 4036 9243 3983 4035 9244 3985 4037 9245 3986 4038 9246 3985 4037 9247 3983 4035 9248 3987 4039 9249 3988 4040 9250 3989 4041 9251 3990 4042 9252 3989 4041 9253 3988 4040 9254 3991 4043 9255 3992 4044 9256 3993 4045 9257 3994 4046 9258 3993 4045 9259 3992 4044 9260 3995 4047 9261 3996 4048 9262 3997 4049 9263 3998 4050 9264 3997 4049 9265 3996 4048 9266 3999 4051 9267 4000 4052 9268 4001 4053 9269 4002 4054 9270 4001 4053 9271 4000 4052 9272 4003 4055 9273 4004 4056 9274 4005 4057 9275 4006 4058 9276 4005 4057 9277 4004 4056 9278 4007 4059 9279 4008 4060 9280 4009 4061 9281 4010 4062 9282 4009 4061 9283 4008 4060 9284 4011 4063 9285 4012 4064 9286 4013 4065 9287 4014 4066 9288 4013 4065 9289 4012 4064 9290 4015 4067 9291 4016 4068 9292 4017 4069 9293 4018 4070 9294 4017 4069 9295 4016 4068 9296 4019 4071 9297 4020 4072 9298 4021 4073 9299 4022 4074 9300 4021 4073 9301 4020 4072 9302 4023 4075 9303 4024 4076 9304 4025 4077 9305 4026 4078 9306 4025 4077 9307 4024 4076 9308 4027 669 9309 4028 669 9310 4029 1042 9311 4030 670 9312 4029 1042 9313 4028 669 9314 4031 4079 9315 4032 4080 9316 4033 4081 9317 4034 4082 9318 4033 4081 9319 4032 4080 9320 4032 4080 9321 4031 4079 9322 4035 4083 9323 4036 4084 9324 4035 4083 9325 4031 4079 9326 4034 4082 9327 4037 4085 9328 4033 4081 9329 4037 4085 9330 4034 4082 9331 4038 4086 9332 4039 4087 9333 4033 4081 9334 4037 4085 9335 4040 4088 9336 4041 4089 9337 4042 4090 9338 4043 4091 9339 4042 4090 9340 4041 4089 9341 4041 4089 9342 4040 4088 9343 4044 4092 9344 4045 4093 9345 4044 4092 9346 4040 4088 9347 4045 4093 9348 4046 4094 9349 4044 4092 9350 4047 4095 9351 4044 4092 9352 4046 4094 9353 4042 4090 9354 4043 4091 9355 4048 4096 9356 4049 4097 9357 4048 4096 9358 4043 4091 9359 4050 4098 9360 4051 4099 9361 4052 4100 9362 4053 4101 9363 4052 4100 9364 4051 4099 9365 4051 4099 9366 4050 4098 9367 4054 4102 9368 4055 4103 9369 4054 4102 9370 4050 4098 9371 4052 4100 9372 4053 4101 9373 4056 4104 9374 4056 4104 9375 4057 4105 9376 4052 4100 9377 4058 4106 9378 4056 4104 9379 4053 4101 9380 4059 4107 9381 4060 4108 9382 4061 4109 9383 4062 4110 9384 4061 4109 9385 4060 4108 9386 4063 4111 9387 4064 4112 9388 4065 4113 9389 4066 4114 9390 4065 4113 9391 4064 4112 9392 4067 4115 9393 4068 4116 9394 4069 4117 9395 4070 4118 9396 4069 4117 9397 4068 4116 9398 4071 4119 9399 4072 4120 9400 4073 4121 9401 4074 4122 9402 4073 4121 9403 4072 4120 9404 4075 4123 9405 4076 4124 9406 4077 4125 9407 4078 4126 9408 4077 4125 9409 4076 4124 9410 4076 4124 9411 4075 4123 9412 4079 4127 9413 4076 4124 9414 4080 4128 9415 4078 4126 9416 4081 4129 9417 4078 4126 9418 4080 4128 9419 4076 4124 9420 4082 4130 9421 4080 4128 9422 4083 4131 9423 4080 4128 9424 4082 4130 9425 4082 4130 9426 4076 4124 9427 4084 4132 9428 4085 4133 9429 4084 4132 9430 4076 4124 9431 4079 4127 9432 4085 4133 9433 4076 4124 9434 4078 4126 9435 4081 4129 9436 4086 4134 9437 4087 4135 9438 4086 4134 9439 4081 4129 9440 4088 4136 9441 4077 4125 9442 4078 4126 9443 4089 4137 9444 4088 4136 9445 4078 4126 9446 4090 4138 9447 4089 4137 9448 4078 4126 9449 4086 4134 9450 4090 4138 9451 4078 4126 9452 4084 4132 9453 4091 4139 9454 4082 4130 9455 4092 4140 9456 4082 4130 9457 4091 4139 9458 4093 4141 9459 4094 4142 9460 4095 4143 9461 4096 4144 9462 4095 4143 9463 4094 4142 9464 4097 4145 9465 4098 4146 9466 4099 4147 9467 4100 4148 9468 4099 4147 9469 4098 4146 9470 4101 4149 9471 4102 4150 9472 4103 4151 9473 4104 4152 9474 4103 4151 9475 4102 4150 9476 4104 4152 9477 4102 4150 9478 4105 4153 9479 4106 4154 9480 4105 4153 9481 4102 4150 9482 4104 4152 9483 4107 4155 9484 4103 4151 9485 4101 4149 9486 4103 4151 9487 4108 4156 9488 4109 4157 9489 4108 4156 9490 4103 4151 9491 4110 4158 9492 4103 4159 9493 4111 4160 9494 4110 4161 9495 4107 4162 9496 4112 4163 9497 4113 4164 9498 4112 4163 9499 4107 4162 9500 4107 4162 9501 4114 4165 9502 4113 4164 9503 4115 4166 9504 4113 4164 9505 4114 4165 9506 4114 4165 9507 4116 4167 9508 4115 4166 9509 4117 4168 9510 4115 4166 9511 4116 4167 9512 4112 4163 9513 4118 4169 9514 4110 4161 9515 4116 4167 9516 4118 4169 9517 4117 4168 9518 4112 4163 9519 4117 4168 9520 4118 4169 9521 4119 4170 9522 4120 4171 9523 4121 4172 9524 4122 4173 9525 4121 4172 9526 4120 4171 9527 4123 4174 9528 4124 4175 9529 4125 4176 9530 4126 4177 9531 4125 4176 9532 4124 4175 9533 4127 4178 9534 4128 4179 9535 4129 4180 9536 4130 4181 9537 4129 4180 9538 4128 4179 9539 4131 4182 9540 4132 4183 9541 4133 4184 9542 4134 4185 9543 4133 4184 9544 4132 4183 9545 4131 4182 9546 4133 4184 9547 4135 4186 9548 5632 4187 9549 4135 4186 9550 4133 4184 9551 4132 4183 9552 4136 4188 9553 4134 4185 9554 4137 4189 9555 4134 4185 9556 4136 4188 9557 4136 4188 9558 4138 4190 9559 4137 4189 9560 5636 4191 9561 4137 4189 9562 4138 4190 9563 4139 4192 9564 4140 4193 9565 4141 4194 9566 4139 4192 9567 4141 4194 9568 4142 4195 9569 4143 4196 9570 4142 4195 9571 4141 4194 9572 4142 4195 9573 4143 4196 9574 4144 4197 9575 4145 4198 9576 4144 4197 9577 4143 4196 9578 4143 4196 9579 4146 4199 9580 4145 4198 9581 4146 4199 9582 4143 4196 9583 4147 4200 9584 4147 4200 9585 4148 4201 9586 4146 4199 9587 4149 4202 9588 4146 4199 9589 4148 4201 9590 4140 4193 9591 4150 4203 9592 4141 4194 9593 4140 4193 9594 4151 4204 9595 4150 4203 9596 4140 4193 9597 4152 4205 9598 4151 4204 9599 4153 4206 9600 4151 4204 9601 4152 4205 9602 4154 4207 9603 4155 4208 9604 4156 4209 9605 4157 4210 9606 4156 4209 9607 4155 4208 9608 4157 4210 9609 4155 4208 9610 4158 4211 9611 4159 4212 9612 4158 4211 9613 4155 4208 9614 4154 4207 9615 4156 4209 9616 4160 4213 9617 4161 4214 9618 4160 4213 9619 4156 4209 9620 4161 4214 9621 4162 4215 9622 4160 4213 9623 4163 4216 9624 4160 4213 9625 4162 4215 9626 4164 4217 9627 4165 4218 9628 4166 4219 9629 4167 4220 9630 4166 4219 9631 4165 4218 9632 4167 4220 9633 4168 4221 9634 4166 4219 9635 4169 4222 9636 4166 4219 9637 4168 4221 9638 4170 4223 9639 4171 4224 9640 4172 4225 9641 4173 4226 9642 4172 4225 9643 4171 4224 9644 4172 4225 9645 4173 4226 9646 4174 4227 9647 4175 4228 9648 4174 4227 9649 4173 4226 9650 4173 4226 9651 4171 4224 9652 4176 4229 9653 4177 4230 9654 4176 4229 9655 4171 4224 9656 4175 4228 9657 4173 4226 9658 4178 4231 9659 4176 4229 9660 4178 4231 9661 4173 4226 9662 4179 4232 9663 4180 4233 9664 4181 4234 9665 4182 4235 9666 4181 4234 9667 4180 4233 9668 4179 4232 9669 4183 4236 9670 4180 4233 9671 4184 4237 9672 4180 4233 9673 4183 4236 9674 4182 4235 9675 4185 4238 9676 4181 4234 9677 4186 4239 9678 4181 4234 9679 4185 4238 9680 4186 4239 9681 4185 4238 9682 4187 4240 9683 4188 4241 9684 4187 4240 9685 4185 4238 9686 4189 4242 9687 4190 4243 9688 4191 4244 9689 4192 4245 9690 4191 4244 9691 4190 4243 9692 4192 4245 9693 4190 4243 9694 4193 4246 9695 4194 4247 9696 4193 4246 9697 4190 4243 9698 4195 4248 9699 4196 4249 9700 4197 4250 9701 4198 4251 9702 4197 4250 9703 4196 4249 9704 4199 4252 9705 4200 4253 9706 4201 4254 9707 4202 4255 9708 4201 4254 9709 4200 4253 9710 4203 4256 9711 4204 4257 9712 4205 4258 9713 4206 4259 9714 4205 4258 9715 4204 4257 9716 4207 4260 9717 4208 4261 9718 4209 4262 9719 4210 4263 9720 4209 4262 9721 4208 4261 9722 4211 4264 9723 4212 4265 9724 4213 4266 9725 4214 4267 9726 4213 4266 9727 4212 4265 9728 4215 4268 9729 4216 4269 9730 4217 4270 9731 4218 4271 9732 4217 4270 9733 4216 4269 9734 4219 4272 9735 4220 4273 9736 4221 4274 9737 4222 4275 9738 4221 4274 9739 4220 4273 9740 4223 4276 9741 4224 4277 9742 4225 4278 9743 4226 4279 9744 4225 4278 9745 4224 4277 9746 4227 4280 9747 4228 4281 9748 4229 4282 9749 4230 4283 9750 4229 4282 9751 4228 4281 9752 4231 4284 9753 4232 4285 9754 4233 4286 9755 4234 4287 9756 4233 4286 9757 4232 4285 9758 4235 4288 9759 4236 4289 9760 4237 4290 9761 4238 4291 9762 4237 4290 9763 4236 4289 9764 4239 4292 9765 4240 4293 9766 4241 4294 9767 4242 4295 9768 4241 4294 9769 4240 4293 9770 4240 4293 9771 4239 4292 9772 4243 4296 9773 4244 4297 9774 4243 4296 9775 4239 4292 9776 4245 4298 9777 4246 4299 9778 4247 4300 9779 4248 4301 9780 4247 4300 9781 4246 4299 9782 4249 4302 9783 4250 4303 9784 4251 4304 9785 4252 4305 9786 4251 4304 9787 4250 4303 9788 4250 4303 9789 4249 4302 9790 4253 4306 9791 4254 4307 9792 4253 4306 9793 4249 4302 9794 4255 4308 9795 4256 4309 9796 4257 4310 9797 4258 4311 9798 4259 4312 9799 4260 4313 9800 4259 4312 9801 4258 4311 9802 4261 4314 9803 4262 4315 9804 4261 4316 9805 4263 4317 9806 4264 4318 9807 4265 4319 9808 4266 4320 9809 4267 4321 9810 4266 4320 9811 4265 4319 9812 4264 4318 9813 4266 4320 9814 4268 4322 9815 4269 4323 9816 4268 4322 9817 4266 4320 9818 4270 4324 9819 4271 4325 9820 4272 4326 9821 4273 4327 9822 4272 4326 9823 4271 4325 9824 4270 4324 9825 4274 4328 9826 4271 4325 9827 4275 4329 9828 4271 4325 9829 4274 4328 9830 4276 4330 9831 4277 4331 9832 4278 4332 9833 4279 4333 9834 4278 4332 9835 4277 4331 9836 4280 4334 9837 4281 4335 9838 4282 4336 9839 4283 4337 9840 4282 4336 9841 4281 4335 9842 4284 4338 9843 4285 4339 9844 4286 4340 9845 4287 4341 9846 4286 4340 9847 4285 4339 9848 4288 4342 9849 4289 4343 9850 4290 4344 9851 4291 4345 9852 4290 4344 9853 4289 4343 9854 4292 4346 9855 4293 4347 9856 4294 4348 9857 4295 4349 9858 4294 4348 9859 4293 4347 9860 4292 4346 9861 4294 4348 9862 4296 4350 9863 4297 4351 9864 4296 4350 9865 4294 4348 9866 4296 4350 9867 4298 4352 9868 4292 4346 9869 4299 4353 9870 4300 4354 9871 4301 4355 9872 4299 4353 9873 4301 4355 9874 4302 4356 9875 4301 4355 9876 4303 4357 9877 4302 4356 9878 4301 4355 9879 4304 4358 9880 4303 4357 9881 4305 4359 9882 4303 4357 9883 4304 4358 9884 4300 4354 9885 4306 4360 9886 4301 4355 9887 4301 4355 9888 4306 4360 9889 4307 4361 9890 4301 4355 9891 4307 4361 9892 4308 4362 9893 4301 4355 9894 4308 4362 9895 4304 4358 9896 4309 4363 9897 4308 4362 9898 4307 4361 9899 4310 4364 9900 4307 4361 9901 4306 4360 9902 4307 4361 9903 4310 4364 9904 4311 4365 9905 4311 4365 9906 4312 4366 9907 4307 4361 9908 4311 4365 9909 4313 4367 9910 4312 4366 9911 4314 4368 9912 4312 4366 9913 4313 4367 9914 4311 4365 9915 4315 4369 9916 4313 4367 9917 4315 4369 9918 4311 4365 9919 4310 4364 9920 4316 4370 9921 4313 4367 9922 4315 4369 9923 4313 4367 9924 4316 4370 9925 4317 4371 9926 4318 4372 9927 4313 4367 9928 4317 4371 9929 4319 4373 9930 4313 4367 9931 4318 4372 9932 4320 4374 9933 4313 4367 9934 4319 4373 9935 4321 4375 9936 4317 4371 9937 4316 4370 9938 4317 4371 9939 4321 4375 9940 4300 4376 9941 4313 4367 9942 4320 4374 9943 4322 4377 9944 4313 4367 9945 4323 4378 9946 4314 4368 9947 4313 4367 9948 4322 4377 9949 4323 4378 9950 4320 4374 9951 4324 4379 9952 4322 4377 9953 4320 4374 9954 4325 4380 9955 4324 4379 9956 4326 4381 9957 4300 4354 9958 4299 4353 9959 4326 4381 9960 4299 4353 9961 4327 4382 9962 4299 4353 9963 4302 4356 9964 4327 4382 9965 4302 4383 9966 4328 4384 9967 4329 4385 9968 4329 4385 9969 4328 4384 9970 4330 4386 9971 4329 4385 9972 4330 4386 9973 4331 4387 9974 4332 4388 9975 4329 4385 9976 4331 4387 9977 4331 4387 9978 4330 4386 9979 4333 4389 9980 4334 4390 9981 4330 4386 9982 4328 4384 9983 4330 4386 9984 4335 4391 9985 4333 4389 9986 4336 4392 9987 4335 4391 9988 4330 4386 9989 4337 4393 9990 4335 4391 9991 4336 4392 9992 4334 4390 9993 4338 4394 9994 4330 4386 9995 4336 4392 9996 4330 4386 9997 4338 4394 9998 4338 4394 9999 4339 4395 10000 4336 4392 10001 4339 4396 10002 4340 4397 10003 4341 4398 10004 4342 4399 10005 4340 4397 10006 4339 4396 10007 4343 4400 10008 4340 4397 10009 4342 4399 10010 4344 4401 10011 4342 4399 10012 4339 4396 10013 4342 4399 10014 4344 4401 10015 4304 4358 10016 4305 4359 10017 4304 4358 10018 4344 4401 10019 4345 4402 10020 4343 4400 10021 4342 4399 10022 4342 4399 10023 4346 4403 10024 4345 4402 10025 4342 4399 10026 4347 4404 10027 4346 4403 10028 4342 4399 10029 4304 4358 10030 4347 4404 10031 4348 4405 10032 4346 4403 10033 4347 4404 10034 4349 4406 10035 4345 4402 10036 4346 4403 10037 4346 4403 10038 4350 4407 10039 4349 4406 10040 4351 4408 10041 4350 4407 10042 4346 4403 10043 4350 4407 10044 4351 4408 10045 4352 4409 10046 4353 4410 10047 4352 4409 10048 4351 4408 10049 4350 4407 10050 4352 4409 10051 4354 4411 10052 4354 4411 10053 4349 4406 10054 4350 4407 10055 4355 4412 10056 4354 4411 10057 4352 4409 10058 4352 4409 10059 4356 4413 10060 4355 4412 10061 4352 4409 10062 4357 4414 10063 4356 4413 10064 4358 4415 10065 4357 4414 10066 4352 4409 10067 4359 4416 10068 4358 4415 10069 4352 4409 10070 4360 4417 10071 4355 4412 10072 4356 4413 10073 4360 4417 10074 4356 4413 10075 4343 4418 10076 4359 4416 10077 4352 4409 10078 4361 4419 10079 4362 4420 10080 4352 4409 10081 4353 4410 10082 4361 4419 10083 4352 4409 10084 4362 4420 10085 4363 4421 10086 4359 4416 10087 4361 4419 10088 4364 4422 10089 4359 4416 10090 4363 4421 10091 4340 4397 10092 4343 4400 10093 4365 4423 10094 4340 4397 10095 4365 4423 10096 4341 4398 10097 4366 4424 10098 4304 4358 10099 4308 4362 10100 4366 4424 10101 4347 4404 10102 4304 4358 10103 4367 4425 10104 4368 4426 10105 4369 4427 10106 4370 4428 10107 4369 4427 10108 4368 4426 10109 4370 4428 10110 4368 4426 10111 4371 4429 10112 4372 4430 10113 4371 4429 10114 4368 4426 10115 4372 4430 10116 4373 4431 10117 4371 4429 10118 4374 4432 10119 4371 4429 10120 4373 4431 10121 4374 4432 10122 4373 4431 10123 4375 4433 10124 4376 4434 10125 4375 4433 10126 4373 4431 10127 4372 4430 10128 4368 4426 10129 4377 4435 10130 4378 4436 10131 4377 4435 10132 4368 4426 10133 4377 4435 10134 4379 4437 10135 4372 4430 10136 4373 4431 10137 4372 4430 10138 4379 4437 10139 4368 4426 10140 4367 4425 10141 4380 4438 10142 4381 4439 10143 4380 4438 10144 4367 4425 10145 4376 4434 10146 4373 4431 10147 4382 4440 10148 4383 4441 10149 4382 4440 10150 4373 4431 10151 4380 4438 10152 4384 4442 10153 4368 4426 10154 4385 4443 10155 4381 4439 10156 4367 4425 10157 4379 4437 10158 4386 4444 10159 4373 4431 10160 4382 4440 10161 4387 4445 10162 4376 4434 10163 4387 4445 10164 4388 4446 10165 4376 4434 10166 4389 4447 10167 4376 4434 10168 4388 4446 10169 4388 4446 10170 4390 4448 10171 4389 4447 10172 4391 4449 10173 4389 4447 10174 4390 4448 10175 4390 4448 10176 4392 4450 10177 4391 4449 10178 4391 4449 10179 4392 4450 10180 4393 4451 10181 4392 4450 10182 4394 4452 10183 4393 4451 10184 4392 4450 10185 4395 4453 10186 4394 4452 10187 4396 4454 10188 4394 4452 10189 4395 4453 10190 4395 4453 10191 4397 4455 10192 4396 4454 10193 4398 4456 10194 4397 4455 10195 4395 4453 10196 4399 4457 10197 4397 4455 10198 4398 4456 10199 4400 4458 10200 4397 4455 10201 4399 4457 10202 4401 4459 10203 4396 4454 10204 4397 4455 10205 4392 4450 10206 4402 4460 10207 4395 4453 10208 4403 4461 10209 4398 4456 10210 4395 4453 10211 4404 4462 10212 4403 4463 10213 4405 4464 10214 4402 4465 10215 4404 4462 10216 4405 4464 10217 4406 4466 10218 4407 4467 10219 4398 4468 10220 4408 4469 10221 4406 4470 10222 4409 4471 10223 4403 4472 10224 4408 4469 10225 4409 4471 10226 4410 4473 10227 4411 4474 10228 4406 4475 10229 4412 4476 10230 4413 4477 10231 4414 4478 10232 4412 4476 10233 4415 4479 10234 4413 4477 10235 4413 4477 10236 4415 4479 10237 4416 4480 10238 4417 4481 10239 4416 4480 10240 4415 4479 10241 4416 4480 10242 4417 4481 10243 4418 4482 10244 4416 4480 10245 4418 4482 10246 4419 4483 10247 4418 4482 10248 4420 4484 10249 4419 4483 10250 4421 4485 10251 4420 4484 10252 4418 4482 10253 4422 4486 10254 4418 4482 10255 4417 4481 10256 4423 4487 10257 4416 4480 10258 4419 4483 10259 4424 4488 10260 4413 4477 10261 4416 4480 10262 4423 4487 10263 4424 4488 10264 4416 4480 10265 4425 4489 10266 4414 4478 10267 4413 4477 10268 4425 4489 10269 4426 4490 10270 4414 4478 10271 4427 4491 10272 4414 4478 10273 4426 4490 10274 4426 4490 10275 4385 4443 10276 4427 4491 10277 4367 4425 10278 4427 4491 10279 4385 4443 10280 4419 4492 10281 4428 4493 10282 4429 4494 10283 4429 4494 10284 4428 4493 10285 4430 4495 10286 4430 4496 10287 4431 4497 10288 4432 4498 10289 4433 4499 10290 4423 4500 10291 4434 4501 10292 4429 4502 10293 4433 4499 10294 4434 4501 10295 4435 4503 10296 4436 4504 10297 4437 4505 10298 4438 4506 10299 4437 4505 10300 4436 4504 10301 4436 4504 10302 4439 4507 10303 4438 4506 10304 4440 4508 10305 4438 4506 10306 4439 4507 10307 4440 4508 10308 4439 4507 10309 4384 4442 10310 4441 4509 10311 4384 4442 10312 4439 4507 10313 4435 4503 10314 4437 4505 10315 4442 4510 10316 4443 4511 10317 4442 4510 10318 4437 4505 10319 4384 4442 10320 4441 4509 10321 4368 4426 10322 4441 4509 10323 4378 4436 10324 4368 4426 10325 4444 4512 10326 4445 4513 10327 4446 4514 10328 4447 4515 10329 4446 4514 10330 4445 4513 10331 4447 4515 10332 4448 4516 10333 4446 4514 10334 4449 4517 10335 4446 4514 10336 4448 4516 10337 4449 4517 10338 4448 4516 10339 4386 4444 10340 4450 4518 10341 4386 4444 10342 4448 4516 10343 4445 4513 10344 4444 4512 10345 4451 4519 10346 4452 4520 10347 4451 4519 10348 4444 4512 10349 4386 4444 10350 4450 4518 10351 4373 4431 10352 4450 4518 10353 4383 4441 10354 4373 4431 10355 4453 4521 10356 4454 4522 10357 4455 4523 10358 4454 4522 10359 4456 4524 10360 4455 4523 10361 4457 4525 10362 4455 4523 10363 4456 4524 10364 4457 4525 10365 4458 4526 10366 4455 4523 10367 4459 4527 10368 4455 4523 10369 4458 4526 10370 4460 4528 10371 4455 4523 10372 4459 4527 10373 4456 4524 10374 4461 4529 10375 4457 4525 10376 4462 4530 10377 4457 4525 10378 4461 4529 10379 4457 4525 10380 4462 4530 10381 4463 4531 10382 4458 4526 10383 4457 4525 10384 4464 4532 10385 4463 4531 10386 4464 4532 10387 4457 4525 10388 4462 4530 10389 4461 4529 10390 4465 4533 10391 4466 4534 10392 4465 4533 10393 4461 4529 10394 4465 4533 10395 4466 4534 10396 4467 4535 10397 4468 4536 10398 4467 4535 10399 4466 4534 10400 4462 4530 10401 4469 4537 10402 4463 4531 10403 4462 4530 10404 4465 4533 10405 4469 4537 10406 4470 4538 10407 4463 4531 10408 4469 4537 10409 4470 4538 10410 4471 4539 10411 4463 4531 10412 4464 4532 10413 4463 4531 10414 4471 4539 10415 4472 4540 10416 4469 4537 10417 4465 4533 10418 4472 4540 10419 4465 4533 10420 4473 4541 10421 4474 4542 10422 4473 4541 10423 4465 4533 10424 4465 4533 10425 4467 4535 10426 4474 4542 10427 4475 4543 10428 4474 4542 10429 4467 4535 10430 4468 4536 10431 4466 4534 10432 4476 4544 10433 4477 4545 10434 4476 4544 10435 4466 4534 10436 4466 4534 10437 4461 4529 10438 4477 4545 10439 4478 4546 10440 4477 4545 10441 4461 4529 10442 4478 4546 10443 4461 4529 10444 4479 4547 10445 4456 4524 10446 4479 4547 10447 4461 4529 10448 4479 4547 10449 4456 4524 10450 4480 4548 10451 4454 4522 10452 4480 4548 10453 4456 4524 10454 4454 4522 10455 4481 4549 10456 4480 4548 10457 4479 4547 10458 4480 4548 10459 4482 4550 10460 4483 4551 10461 4482 4550 10462 4480 4548 10463 4480 4548 10464 4484 4552 10465 4483 4551 10466 4478 4546 10467 4479 4547 10468 4485 4553 10469 4485 4553 10470 4479 4547 10471 4486 4554 10472 4482 4550 10473 4486 4554 10474 4479 4547 10475 4478 4546 10476 4485 4553 10477 4487 4555 10478 4478 4546 10479 4487 4555 10480 4477 4545 10481 4488 4556 10482 4487 4555 10483 4485 4553 10484 4486 4554 10485 4489 4557 10486 4485 4553 10487 4488 4556 10488 4485 4553 10489 4489 4557 10490 4490 4558 10491 4477 4545 10492 4487 4555 10493 4490 4558 10494 4491 4559 10495 4477 4545 10496 4492 4560 10497 4477 4545 10498 4491 4559 10499 4477 4545 10500 4492 4560 10501 4476 4544 10502 4493 4561 10503 4476 4544 10504 4492 4560 10505 4494 4562 10506 4495 4563 10507 4496 4564 10508 4497 4565 10509 4496 4564 10510 4495 4563 10511 4494 4562 10512 4496 4564 10513 4498 4566 10514 4499 4567 10515 4498 4566 10516 4496 4564 10517 4497 4565 10518 4495 4563 10519 4500 4568 10520 4501 4569 10521 4500 4568 10522 4495 4563 10523 4496 4564 10524 4497 4565 10525 4502 4570 10526 4503 4571 10527 4502 4570 10528 4497 4565 10529 4497 4565 10530 4500 4568 10531 4503 4571 10532 4499 4567 10533 4496 4564 10534 4504 4572 10535 4502 4570 10536 4504 4572 10537 4496 4564 10538 4504 4572 10539 4505 4573 10540 4499 4567 10541 4506 4574 10542 4499 4567 10543 4505 4573 10544 4499 4567 10545 4506 4574 10546 4507 4575 10547 4508 4576 10548 4503 4571 10549 4500 4568 10550 4509 4577 10551 4510 4578 10552 4506 4579 10553 4511 4580 10554 4512 4581 10555 4513 4582 10556 4514 4583 10557 4513 4582 10558 4512 4581 10559 4513 4582 10560 4514 4583 10561 4515 4584 10562 4516 4585 10563 4515 4584 10564 4514 4583 10565 4517 4586 10566 4518 4587 10567 4519 4588 10568 4520 4589 10569 4519 4588 10570 4518 4587 10571 4520 4589 10572 4521 4590 10573 4519 4588 10574 4522 4591 10575 4519 4588 10576 4521 4590 10577 4517 4586 10578 4523 4592 10579 4518 4587 10580 4524 4593 10581 4518 4587 10582 4523 4592 10583 4524 4593 10584 4523 4592 10585 4525 4594 10586 4526 4595 10587 4525 4594 10588 4523 4592 10589 4526 4595 10590 4527 4596 10591 4525 4594 10592 4528 4597 10593 4525 4594 10594 4527 4596 10595 4528 4597 10596 4527 4596 10597 4529 4598 10598 4530 4599 10599 4529 4598 10600 4527 4596 10601 4531 4600 10602 4532 4601 10603 4533 4602 10604 4534 4603 10605 4533 4602 10606 4532 4601 10607 4531 4600 10608 4535 4604 10609 4532 4601 10610 4536 4605 10611 4532 4601 10612 4535 4604 10613 4534 4603 10614 4537 4606 10615 4533 4602 10616 4538 4607 10617 4533 4602 10618 4537 4606 10619 4536 4605 10620 4535 4604 10621 4539 4608 10622 4540 4609 10623 4539 4608 10624 4535 4604 10625 4540 4609 10626 4541 4610 10627 4539 4608 10628 4542 4611 10629 4539 4608 10630 4541 4610 10631 4542 4611 10632 4541 4610 10633 4543 4612 10634 4544 4613 10635 4543 4612 10636 4541 4610 10637 4534 4603 10638 4532 4601 10639 4545 4614 10640 4534 4603 10641 4545 4614 10642 4537 4606 10643 4546 4615 10644 4545 4614 10645 4532 4601 10646 4532 4601 10647 4536 4605 10648 4546 4615 10649 4545 4614 10650 4546 4615 10651 4547 4616 10652 4548 4617 10653 4547 4616 10654 4546 4615 10655 4546 4615 10656 4549 4618 10657 4548 4617 10658 4549 4618 10659 4546 4615 10660 4536 4605 10661 4536 4605 10662 4539 4608 10663 4549 4618 10664 4550 4619 10665 4548 4617 10666 4549 4618 10667 4545 4614 10668 4547 4616 10669 4551 4620 10670 4551 4620 10671 4537 4606 10672 4545 4614 10673 4552 4621 10674 4551 4620 10675 4547 4616 10676 4539 4608 10677 4542 4611 10678 4553 4622 10679 4549 4618 10680 4553 4622 10681 4550 4619 10682 4553 4622 10683 4549 4618 10684 4539 4608 10685 4554 4623 10686 4553 4622 10687 4542 4611 10688 4542 4611 10689 4543 4612 10690 4554 4623 10691 4553 4622 10692 4554 4623 10693 4555 4624 10694 4555 4624 10695 4550 4619 10696 4553 4622 10697 4556 4625 10698 4555 4624 10699 4554 4623 10700 4554 4623 10701 4557 4626 10702 4556 4625 10703 4557 4626 10704 4554 4623 10705 4543 4612 10706 4558 4627 10707 4556 4625 10708 4557 4626 10709 4559 4628 10710 4560 4629 10711 4561 4630 10712 4562 4631 10713 4561 4630 10714 4560 4629 10715 4562 4631 10716 4563 4632 10717 4561 4630 10718 4564 4633 10719 4561 4630 10720 4563 4632 10721 4564 4633 10722 4563 4632 10723 4565 4634 10724 4566 4635 10725 4565 4634 10726 4563 4632 10727 4560 4629 10728 4559 4628 10729 4567 4636 10730 4568 4637 10731 4567 4636 10732 4559 4628 10733 4569 4638 10734 4570 4639 10735 4571 4640 10736 4572 4641 10737 4571 4640 10738 4570 4639 10739 4573 4642 10740 4574 4643 10741 4575 4644 10742 4576 4645 10743 4575 4644 10744 4574 4643 10745 4575 4644 10746 4577 4646 10747 4573 4642 10748 4578 4647 10749 4573 4642 10750 4577 4646 10751 4577 4646 10752 4579 4648 10753 4578 4647 10754 4580 4649 10755 4578 4647 10756 4579 4648 10757 4579 4648 10758 4581 4650 10759 4580 4649 10760 4582 4651 10761 4580 4649 10762 4581 4650 10763 4575 4644 10764 4576 4645 10765 4583 4652 10766 4584 4653 10767 4583 4652 10768 4576 4645 10769 4574 4643 10770 4573 4642 10771 4585 4654 10772 4586 4655 10773 4585 4654 10774 4573 4642 10775 4573 4642 10776 4578 4647 10777 4586 4655 10778 4585 4654 10779 4586 4655 10780 4587 4656 10781 4588 4657 10782 4587 4656 10783 4586 4655 10784 4586 4655 10785 4589 4658 10786 4588 4657 10787 4589 4658 10788 4586 4655 10789 4578 4647 10790 4578 4647 10791 4580 4649 10792 4589 4658 10793 4590 4659 10794 4588 4657 10795 4589 4658 10796 4590 4659 10797 4589 4658 10798 4591 4660 10799 4592 4661 10800 4591 4660 10801 4589 4658 10802 4580 4649 10803 4582 4651 10804 4592 4661 10805 4592 4661 10806 4589 4658 10807 4580 4649 10808 4591 4660 10809 4592 4661 10810 4593 4662 10811 4594 4663 10812 4593 4662 10813 4592 4661 10814 4594 4663 10815 4592 4661 10816 4582 4651 10817 4581 4650 10818 4579 4648 10819 4595 4664 10820 4596 4665 10821 4595 4664 10822 4579 4648 10823 4579 4648 10824 4577 4646 10825 4596 4665 10826 4597 4666 10827 4596 4665 10828 4577 4646 10829 4577 4646 10830 4575 4644 10831 4597 4666 10832 4583 4652 10833 4597 4666 10834 4575 4644 10835 4598 4667 10836 4599 4668 10837 4600 4669 10838 4601 4670 10839 4600 4669 10840 4599 4668 10841 4598 4667 10842 4602 4671 10843 4599 4668 10844 4603 4672 10845 4599 4668 10846 4602 4671 10847 4601 4670 10848 4599 4668 10849 4604 4673 10850 4605 4674 10851 4604 4673 10852 4599 4668 10853 4605 4674 10854 4606 4675 10855 4604 4673 10856 4607 4676 10857 4606 4675 10858 4605 4674 10859 4603 4672 10860 4607 4676 10861 4599 4668 10862 4605 4674 10863 4599 4668 10864 4607 4676 10865 4600 4669 10866 4601 4670 10867 4608 4677 10868 4609 4678 10869 4608 4677 10870 4601 4670 10871 4601 4670 10872 4604 4673 10873 4609 4678 10874 4604 4673 10875 4606 4675 10876 4610 4679 10877 4610 4679 10878 4609 4678 10879 4604 4673 10880 4603 4672 10881 4602 4671 10882 4611 4680 10883 4603 4672 10884 4611 4680 10885 4607 4676 10886 4612 4681 10887 4611 4680 10888 4602 4671 10889 4612 4681 10890 4613 4682 10891 4611 4680 10892 4614 4683 10893 4611 4680 10894 4613 4682 10895 4606 4675 10896 4607 4676 10897 4615 4684 10898 4615 4684 10899 4607 4676 10900 4611 4680 10901 4606 4675 10902 4615 4684 10903 4616 4685 10904 4615 4684 10905 4611 4680 10906 4616 4685 10907 4614 4683 10908 4616 4685 10909 4611 4680 10910 4613 4682 10911 4617 4686 10912 4614 4683 10913 4606 4675 10914 4616 4685 10915 4618 4687 10916 4618 4687 10917 4616 4685 10918 4619 4688 10919 4614 4683 10920 4619 4688 10921 4616 4685 10922 4619 4688 10923 4614 4683 10924 4620 4689 10925 4621 4690 10926 4622 4691 10927 4623 4692 10928 4624 4693 10929 4623 4692 10930 4622 4691 10931 4621 4690 10932 4625 4694 10933 4622 4691 10934 4626 4695 10935 4622 4691 10936 4625 4694 10937 4622 4691 10938 4627 4696 10939 4624 4693 10940 4622 4691 10941 4626 4695 10942 4627 4696 10943 4628 4697 10944 4624 4693 10945 4627 4696 10946 4629 4698 10947 4627 4696 10948 4626 4695 10949 4624 4693 10950 4628 4697 10951 4630 4699 10952 4631 4700 10953 4630 4699 10954 4628 4697 10955 4624 4693 10956 4630 4699 10957 4632 4701 10958 4633 4702 10959 4632 4701 10960 4630 4699 10961 4634 4703 10962 4623 4692 10963 4624 4693 10964 4632 4701 10965 4634 4703 10966 4624 4693 10967 4626 4695 10968 4625 4694 10969 4635 4704 10970 4636 4705 10971 4635 4704 10972 4625 4694 10973 4636 4705 10974 4637 4706 10975 4635 4704 10976 4638 4707 10977 4635 4704 10978 4637 4706 10979 4635 4704 10980 4638 4707 10981 4639 4708 10982 4635 4704 10983 4639 4708 10984 4626 4695 10985 4629 4698 10986 4626 4695 10987 4639 4708 10988 4640 4709 10989 4639 4708 10990 4638 4707 10991 4638 4707 10992 4641 4710 10993 4640 4709 10994 4642 4711 10995 4640 4709 10996 4641 4710 10997 4641 4710 10998 4638 4707 10999 4643 4712 11000 4644 4713 11001 4643 4712 11002 4638 4707 11003 4637 4706 11004 4645 4714 11005 4638 4707 11006 4638 4707 11007 4645 4714 11008 4644 4713 11009 4646 4715 11010 4647 4716 11011 4648 4717 11012 4649 4718 11013 4648 4717 11014 4647 4716 11015 4649 4718 11016 4650 4719 11017 4648 4717 11018 4651 4720 11019 4648 4717 11020 4650 4719 11021 4651 4720 11022 4650 4719 11023 4652 4721 11024 4653 4722 11025 4652 4721 11026 4650 4719 11027 4653 4722 11028 4654 4723 11029 4652 4721 11030 4655 4724 11031 4652 4721 11032 4654 4723 11033 4656 4725 11034 4657 4726 11035 4658 4727 11036 4659 4728 11037 4658 4727 11038 4657 4726 11039 4656 4725 11040 4658 4727 11041 4660 4729 11042 4661 4730 11043 4660 4729 11044 4658 4727 11045 4657 4726 11046 4662 4731 11047 4659 4728 11048 4657 4726 11049 4663 4732 11050 4662 4731 11051 4664 4733 11052 4662 4731 11053 4663 4732 11054 4663 4732 11055 4665 4734 11056 4664 4733 11057 4666 4735 11058 4659 4728 11059 4662 4731 11060 4660 4729 11061 4661 4730 11062 4667 4736 11063 4660 4729 11064 4667 4736 11065 4668 4737 11066 4669 4738 11067 4668 4737 11068 4667 4736 11069 4670 4739 11070 4668 4737 11071 4669 4738 11072 4671 4740 11073 4667 4736 11074 4661 4730 11075 4672 4741 11076 4673 4742 11077 4674 4743 11078 4675 4744 11079 4674 4743 11080 4673 4742 11081 4676 4745 11082 4677 4746 11083 4678 4747 11084 4679 4748 11085 4678 4747 11086 4677 4746 11087 4680 4749 11088 4681 4750 11089 4682 4751 11090 4683 4752 11091 4682 4751 11092 4681 4750 11093 4684 4753 11094 4685 4754 11095 4686 4755 11096 4687 4756 11097 4686 4755 11098 4685 4754 11099 4688 4757 11100 4689 4758 11101 4690 4759 11102 4691 4760 11103 4690 4759 11104 4689 4758 11105 4692 4761 11106 4693 4762 11107 4694 4763 11108 4695 4764 11109 4694 4763 11110 4693 4762 11111 4696 4765 11112 4693 4762 11113 4692 4761 11114 4694 4766 11115 4697 4767 11116 4698 4768 11117 4699 4769 11118 4697 4767 11119 4694 4766 11120 4700 4770 11121 4701 4771 11122 4702 4772 11123 4703 4773 11124 4702 4772 11125 4701 4771 11126 4704 4774 11127 4705 4775 11128 4706 4776 11129 4707 4777 11130 4706 4776 11131 4705 4775 11132 4708 4778 11133 4709 4779 11134 4710 4780 11135 4711 4781 11136 4710 4780 11137 4709 4779 11138 4712 4782 11139 4713 4783 11140 4714 4784 11141 4715 4785 11142 4714 4784 11143 4713 4783 11144 4716 4786 11145 4717 4787 11146 4718 4788 11147 4719 4789 11148 4718 4788 11149 4717 4787 11150 4717 4787 11151 4716 4786 11152 4720 4790 11153 4721 4791 11154 4720 4790 11155 4716 4786 11156 4720 4790 11157 4721 4791 11158 4722 4792 11159 4723 4793 11160 4722 4792 11161 4721 4791 11162 4722 4792 11163 4723 4793 11164 4724 4794 11165 4725 4795 11166 4724 4794 11167 4723 4793 11168 4726 4796 11169 4727 4797 11170 4728 4798 11171 4729 4799 11172 4728 4798 11173 4727 4797 11174 4730 4800 11175 4731 4801 11176 4732 4802 11177 4733 4803 11178 4732 4802 11179 4731 4801 11180 4734 4804 11181 4735 4805 11182 4736 4806 11183 4737 4807 11184 4736 4806 11185 4735 4805 11186 4738 4808 11187 4739 4809 11188 4740 4810 11189 4741 4811 11190 4740 4810 11191 4739 4809 11192 4739 4809 11193 4738 4808 11194 4742 4812 11195 4743 4813 11196 4742 4812 11197 4738 4808 11198 4742 4812 11199 4743 4813 11200 4744 4814 11201 4745 4815 11202 4744 4814 11203 4743 4813 11204 4740 4810 11205 4741 4811 11206 4746 4816 11207 4747 4817 11208 4746 4816 11209 4741 4811 11210 4748 4818 11211 4749 4819 11212 4750 4820 11213 4751 4821 11214 4750 4820 11215 4749 4819 11216 4752 4822 11217 4753 4823 11218 4754 4824 11219 4755 4825 11220 4754 4824 11221 4753 4823 11222 4756 4826 11223 4757 4827 11224 4758 4828 11225 4759 4829 11226 4758 4828 11227 4757 4827 11228 4760 4830 11229 4761 4831 11230 4762 4832 11231 4763 4833 11232 4762 4832 11233 4761 4831 11234 4761 4831 11235 4760 4830 11236 4764 4834 11237 4765 4835 11238 4764 4834 11239 4760 4830 11240 4764 4834 11241 4765 4835 11242 4766 4836 11243 4767 4837 11244 4766 4836 11245 4765 4835 11246 4766 4836 11247 4767 4837 11248 4768 4838 11249 4769 4839 11250 4768 4838 11251 4767 4837 11252 4770 4840 11253 4771 4841 11254 4772 4842 11255 4773 4843 11256 4772 4842 11257 4771 4841 11258 4774 4844 11259 4775 4845 11260 4776 4846 11261 4777 4847 11262 4776 4846 11263 4775 4845 11264 4778 4848 11265 4779 4849 11266 4780 4850 11267 4781 4851 11268 4780 4850 11269 4779 4849 11270 4782 4852 11271 4783 4853 11272 4784 4854 11273 4785 4855 11274 4784 4854 11275 4783 4853 11276 4783 4853 11277 4782 4852 11278 4786 4856 11279 4787 4857 11280 4786 4856 11281 4782 4852 11282 4784 4854 11283 4785 4855 11284 4788 4858 11285 4789 4859 11286 4788 4858 11287 4785 4855 11288 4788 4858 11289 4789 4859 11290 4790 4860 11291 4791 4861 11292 4790 4860 11293 4789 4859 11294 4792 4862 11295 4793 4863 11296 4794 4864 11297 4795 4865 11298 4794 4864 11299 4793 4863 11300 4793 4863 11301 4792 4862 11302 4796 4866 11303 4797 4867 11304 4796 4866 11305 4792 4862 11306 4796 4866 11307 4797 4867 11308 4798 4868 11309 4799 4869 11310 4798 4868 11311 4797 4867 11312 4800 4870 11313 4801 4871 11314 4802 4872 11315 4803 4873 11316 4802 4872 11317 4801 4871 11318 4804 4874 11319 4805 4875 11320 4806 4876 11321 4807 4877 11322 4806 4876 11323 4805 4875 11324 4805 4875 11325 4804 4874 11326 4808 4878 11327 4809 4879 11328 4808 4878 11329 4804 4874 11330 4810 4880 11331 4811 4881 11332 4812 4882 11333 4813 4883 11334 4812 4882 11335 4811 4881 11336 4814 4884 11337 4815 4885 11338 4816 4886 11339 4817 4887 11340 4816 4886 11341 4815 4885 11342 4815 4885 11343 4814 4884 11344 4818 4888 11345 4819 4889 11346 4818 4888 11347 4814 4884 11348 4818 4888 11349 4819 4889 11350 4820 4890 11351 4821 4891 11352 4820 4890 11353 4819 4889 11354 4822 4892 11355 4823 4893 11356 4824 4894 11357 4825 4895 11358 4824 4894 11359 4823 4893 11360 4826 4896 11361 4827 4897 11362 4828 4898 11363 4829 4899 11364 4828 4898 11365 4827 4897 11366 4827 4897 11367 4826 4896 11368 4830 4900 11369 4831 4901 11370 4830 4900 11371 4826 4896 11372 4832 4902 11373 4833 4903 11374 4834 4904 11375 4835 4905 11376 4834 4904 11377 4833 4903 11378 4836 4906 11379 4837 4907 11380 4838 4908 11381 4837 4907 11382 4839 4909 11383 4838 4908 11384 4840 4910 11385 4839 4909 11386 4837 4907 11387 4838 4908 11388 4839 4909 11389 4841 4911 11390 4837 4907 11391 4836 4906 11392 4842 4912 11393 4843 4913 11394 4842 4912 11395 4836 4906 11396 4842 4912 11397 4843 4913 11398 4844 4914 11399 4845 4915 11400 4844 4914 11401 4843 4913 11402 4844 4914 11403 4845 4915 11404 4846 4916 11405 4845 4915 11406 4847 4917 11407 4846 4916 11408 4848 4918 11409 4847 4917 11410 4845 4915 11411 4846 4916 11412 4847 4917 11413 4849 4919 11414 4850 4920 11415 4851 4921 11416 4852 4922 11417 4852 4922 11418 4851 4921 11419 4853 4923 11420 4851 4921 11421 4854 4924 11422 4853 4923 11423 4851 4921 11424 4855 4925 11425 4854 4924 11426 4856 4926 11427 4855 4925 11428 4851 4921 11429 4857 4927 11430 4856 4926 11431 4851 4921 11432 4854 4924 11433 4858 4928 11434 4853 4923 11435 4859 4929 11436 4853 4923 11437 4858 4928 11438 4855 4925 11439 4860 4930 11440 4854 4924 11441 4860 4930 11442 4858 4928 11443 4854 4924 11444 4859 4929 11445 4861 4931 11446 4853 4923 11447 4862 4932 11448 4853 4923 11449 4861 4931 11450 4863 4933 11451 4864 4934 11452 4855 4935 11453 4864 4936 11454 4860 4937 11455 4865 4938 11456 4866 4939 11457 4867 4940 11458 4864 4941 11459 4868 4942 11460 4861 4943 11461 4869 4944 11462 4870 4945 11463 4871 4946 11464 4872 4947 11465 4872 4947 11466 4871 4946 11467 4873 4948 11468 4871 4946 11469 4874 4949 11470 4873 4948 11471 4875 4950 11472 4874 4949 11473 4871 4946 11474 4873 4948 11475 4876 4951 11476 4872 4947 11477 4877 4952 11478 4872 4947 11479 4876 4951 11480 4876 4951 11481 4878 4953 11482 4877 4952 11483 4879 4954 11484 4877 4952 11485 4878 4953 11486 4878 4953 11487 4880 4955 11488 4879 4954 11489 4881 4956 11490 4880 4955 11491 4878 4953 11492 4879 4954 11493 4880 4955 11494 4882 4957 11495 4882 4957 11496 4880 4955 11497 4883 4958 11498 4884 4959 11499 4885 4960 11500 4886 4961 11501 4887 4962 11502 4886 4961 11503 4885 4960 11504 4886 4961 11505 4887 4962 11506 4888 4963 11507 4889 4964 11508 4888 4963 11509 4887 4962 11510 4887 4962 11511 4885 4960 11512 4890 4965 11513 4887 4962 11514 4890 4965 11515 4889 4964 11516 4891 4966 11517 4890 4965 11518 4885 4960 11519 4890 4965 11520 4891 4966 11521 4892 4967 11522 4893 4968 11523 4892 4967 11524 4891 4966 11525 4894 4969 11526 4889 4964 11527 4890 4965 11528 4890 4965 11529 4892 4967 11530 4894 4969 11531 4895 4970 11532 4894 4969 11533 4892 4967 11534 4892 4967 11535 4893 4968 11536 4896 4971 11537 4892 4967 11538 4896 4971 11539 4895 4970 11540 4893 4968 11541 4897 4972 11542 4896 4971 11543 4898 4973 11544 4897 4972 11545 4893 4968 11546 4895 4970 11547 4896 4971 11548 4899 4974 11549 4899 4974 11550 4896 4971 11551 4900 4975 11552 4901 4976 11553 4902 4977 11554 4903 4978 11555 4904 4979 11556 4903 4978 11557 4902 4977 11558 4902 4977 11559 4901 4976 11560 4905 4980 11561 4906 4981 11562 4905 4980 11563 4901 4976 11564 4905 4980 11565 4906 4981 11566 4907 4982 11567 4908 4983 11568 4907 4982 11569 4906 4981 11570 4909 4984 11571 4910 4985 11572 4911 4986 11573 4912 4987 11574 4911 4986 11575 4910 4985 11576 4910 4985 11577 4909 4984 11578 4913 4988 11579 4914 4989 11580 4913 4988 11581 4909 4984 11582 4913 4988 11583 4914 4989 11584 4915 4990 11585 4916 4991 11586 4915 4990 11587 4914 4989 11588 4915 4990 11589 4916 4991 11590 4917 4992 11591 4918 4993 11592 4917 4992 11593 4916 4991 11594 4917 4992 11595 4918 4993 11596 4919 4994 11597 4920 4995 11598 4919 4994 11599 4918 4993 11600 4921 4996 11601 4922 4997 11602 4923 4998 11603 4924 4999 11604 4923 4998 11605 4922 4997 11606 4922 4997 11607 4921 4996 11608 4925 5000 11609 4926 5001 11610 4925 5000 11611 4921 4996 11612 4925 5000 11613 4926 5001 11614 4927 5002 11615 4928 5003 11616 4927 5002 11617 4926 5001 11618 4929 5004 11619 4930 5005 11620 4931 5006 11621 4932 5007 11622 4931 5006 11623 4930 5005 11624 4931 5006 11625 4932 5007 11626 4933 5008 11627 4934 5009 11628 4933 5008 11629 4932 5007 11630 4933 5008 11631 4934 5009 11632 4935 5010 11633 4936 5011 11634 4935 5010 11635 4934 5009 11636 4935 5010 11637 4936 5011 11638 4937 5012 11639 4938 5013 11640 4937 5012 11641 4936 5011 11642 4937 5012 11643 4938 5013 11644 4939 5014 11645 4940 5015 11646 4939 5014 11647 4938 5013 11648 4941 5016 11649 4942 5017 11650 4943 5018 11651 4944 5019 11652 4943 5018 11653 4942 5017 11654 4942 5017 11655 4941 5016 11656 4945 5020 11657 4946 5021 11658 4945 5020 11659 4941 5016 11660 4946 5021 11661 4947 5022 11662 4945 5020 11663 4948 5023 11664 4945 5020 11665 4947 5022 11666 4948 5023 11667 4947 5022 11668 4949 5024 11669 4950 5025 11670 4949 5024 11671 4947 5022 11672 4949 5024 11673 4950 5025 11674 4951 5026 11675 4952 5027 11676 4951 5026 11677 4950 5025 11678 4951 5026 11679 4952 5027 11680 4953 5028 11681 4954 5029 11682 4953 5028 11683 4952 5027 11684 4953 5028 11685 4954 5029 11686 4955 5030 11687 4956 5031 11688 4955 5030 11689 4954 5029 11690 4943 5018 11691 4944 5019 11692 4956 5031 11693 4955 5030 11694 4956 5031 11695 4944 5019 11696 4957 5032 11697 4958 5033 11698 4959 5034 11699 4960 5035 11700 4959 5034 11701 4958 5033 11702 4958 5033 11703 4957 5032 11704 4961 5036 11705 4962 5037 11706 4961 5036 11707 4957 5032 11708 4961 5036 11709 4962 5037 11710 4963 5038 11711 4964 5039 11712 4963 5038 11713 4962 5037 11714 4963 5038 11715 4964 5039 11716 4965 5040 11717 4966 5041 11718 4965 5040 11719 4964 5039 11720 4965 5040 11721 4966 5041 11722 4967 5042 11723 4968 5043 11724 4967 5042 11725 4966 5041 11726 4967 5042 11727 4968 5043 11728 4969 5044 11729 4970 5045 11730 4969 5044 11731 4968 5043 11732 4970 5045 11733 4971 5046 11734 4969 5044 11735 4959 5034 11736 4960 5035 11737 4971 5046 11738 4972 5047 11739 4969 5044 11740 4971 5046 11741 4972 5047 11742 4971 5046 11743 4960 5035 11744 4973 5048 11745 4974 5049 11746 4975 5050 11747 4976 5051 11748 4977 5052 11749 4978 5053 11750 4979 5054 11751 4980 5055 11752 4981 5056 11753 4982 5057 11754 4983 5058 11755 4984 5059 11756 4983 5058 11757 4985 5060 11758 4984 5059 11759 4986 5061 11760 4985 5060 11761 4983 5058 11762 4984 5059 11763 4985 5060 11764 4987 5062 11765 4987 5062 11766 4985 5060 11767 4988 5063 11768 4985 5060 11769 4989 5064 11770 4988 5063 11771 4990 5065 11772 4991 5066 11773 4992 5067 11774 4993 5068 11775 4994 5069 11776 4995 5070 11777 4996 5071 11778 4997 5072 11779 4998 5073 11780 4997 5072 11781 4999 5074 11782 4998 5073 11783 5000 5075 11784 4999 5074 11785 4997 5072 11786 5001 5076 11787 5000 5075 11788 4997 5072 11789 5002 5077 11790 5001 5076 11791 4997 5072 11792 4999 5074 11793 5003 5078 11794 4998 5073 11795 5004 5079 11796 5005 5080 11797 5006 5081 11798 5007 5082 11799 5008 5083 11800 5009 5084 11801 5010 5085 11802 5011 5086 11803 5012 5087 11804 5013 5088 11805 5014 5089 11806 5015 5090 11807 5014 5089 11808 5016 5091 11809 5015 5090 11810 5016 5091 11811 5017 5092 11812 5015 5090 11813 5015 5090 11814 5017 5092 11815 5018 5093 11816 5013 5088 11817 5019 5094 11818 5014 5089 11819 5019 5094 11820 5020 5095 11821 5014 5089 11822 5019 5096 11823 5021 5097 11824 5022 5098 11825 5023 5099 11826 5022 5098 11827 5021 5097 11828 5022 5098 11829 5023 5099 11830 5024 5100 11831 5025 5101 11832 5026 5102 11833 5027 5103 11834 5026 5102 11835 5028 5104 11836 5027 5103 11837 5028 5104 11838 5029 5105 11839 5027 5103 11840 5027 5103 11841 5029 5105 11842 5030 5106 11843 5031 5107 11844 5027 5103 11845 5030 5106 11846 5032 5108 11847 5031 5107 11848 5030 5106 11849 5033 5109 11850 5034 5110 11851 5031 5111 11852 5035 5112 11853 5031 5111 11854 5034 5110 11855 5036 5113 11856 5034 5110 11857 5033 5109 11858 5025 5114 11859 5037 5115 11860 5038 5116 11861 5037 5115 11862 5039 5117 11863 5038 5116 11864 5037 5118 11865 5040 5119 11866 5041 5120 11867 5042 5121 11868 5041 5120 11869 5040 5119 11870 5041 5120 11871 5042 5121 11872 5043 5122 11873 5044 5123 11874 5045 5124 11875 5046 5125 11876 5047 5126 11877 5046 5125 11878 5045 5124 11879 5048 5127 11880 5049 5128 11881 5050 5129 11882 5051 5130 11883 5050 5129 11884 5049 5128 11885 5048 5127 11886 5050 5129 11887 5052 5131 11888 5053 5132 11889 5052 5131 11890 5050 5129 11891 5054 5133 11892 5055 5134 11893 5056 5135 11894 5057 5136 11895 5056 5135 11896 5055 5134 11897 5054 5133 11898 5056 5135 11899 5058 5137 11900 5059 5138 11901 5058 5137 11902 5056 5135 11903 5060 5139 11904 5061 5140 11905 5062 5141 11906 5063 5142 11907 5062 5141 11908 5061 5140 11909 5061 5140 11910 5064 5143 11911 5063 5142 11912 5065 5144 11913 5063 5142 11914 5064 5143 11915 5066 5145 11916 5060 5139 11917 5062 5141 11918 5066 5145 11919 5062 5141 11920 5067 5146 11921 5068 5147 11922 5067 5146 11923 5062 5141 11924 5069 5148 11925 5067 5146 11926 5068 5147 11927 5069 5148 11928 5068 5147 11929 5070 5149 11930 5069 5148 11931 5070 5149 11932 5071 5150 11933 5072 5151 11934 5071 5150 11935 5070 5149 11936 5072 5151 11937 5073 5152 11938 5071 5150 11939 5073 5152 11940 5074 5153 11941 5071 5150 11942 5075 5154 11943 5071 5150 11944 5074 5153 11945 5076 5155 11946 5077 5156 11947 5078 5157 11948 5079 5158 11949 5078 5157 11950 5077 5156 11951 5077 5156 11952 5080 5159 11953 5079 5158 11954 5081 5160 11955 5079 5158 11956 5080 5159 11957 5082 5161 11958 5083 5162 11959 5084 5163 11960 5085 5164 11961 5084 5163 11962 5083 5162 11963 5084 5163 11964 5086 5165 11965 5082 5161 11966 5087 5166 11967 5082 5161 11968 5086 5165 11969 5088 5167 11970 5089 5168 11971 5090 5169 11972 5091 5170 11973 5090 5169 11974 5089 5168 11975 5092 5171 11976 5093 5172 11977 5094 5173 11978 5095 5174 11979 5094 5173 11980 5093 5172 11981 5096 5175 11982 5097 5176 11983 5098 5177 11984 5099 5178 11985 5098 5177 11986 5097 5176 11987 5097 5176 11988 5100 5179 11989 5099 5178 11990 5101 5180 11991 5099 5178 11992 5100 5179 11993 5100 5179 11994 5102 5181 11995 5101 5180 11996 5103 5182 11997 5101 5180 11998 5102 5181 11999 5098 5177 12000 5104 5183 12001 5096 5175 12002 5098 5177 12003 5105 5184 12004 5104 5183 12005 5106 5185 12006 5104 5183 12007 5105 5184 12008 5107 5186 12009 5108 5187 12010 5109 5188 12011 5110 5189 12012 5109 5188 12013 5108 5187 12014 5108 5187 12015 5111 5190 12016 5110 5189 12017 5112 5191 12018 5110 5189 12019 5111 5190 12020 5112 5191 12021 5111 5190 12022 5113 5192 12023 5114 5193 12024 5113 5192 12025 5111 5190 12026 5115 5194 12027 5116 5195 12028 5117 5196 12029 5118 5197 12030 5117 5196 12031 5116 5195 12032 5119 5198 12033 5120 5199 12034 5121 5200 12035 5122 5201 12036 5121 5200 12037 5120 5199 12038 5123 5202 12039 5124 5203 12040 5125 5204 12041 5126 5205 12042 5125 5204 12043 5124 5203 12044 5127 5206 12045 5128 5207 12046 5129 5208 12047 5130 5209 12048 5129 5208 12049 5128 5207 12050 5131 5210 12051 5132 5211 12052 5133 5212 12053 5134 5213 12054 5133 5212 12055 5132 5211 12056 5135 5214 12057 5136 5215 12058 5137 5216 12059 5138 5217 12060 5137 5216 12061 5136 5215 12062 5139 5218 12063 5140 5219 12064 5141 5220 12065 5142 5221 12066 5141 5220 12067 5140 5219 12068 5143 5222 12069 5144 5223 12070 5145 5224 12071 5146 5225 12072 5145 5224 12073 5144 5223 12074 5147 5226 12075 5148 5227 12076 5149 5228 12077 5150 5229 12078 5149 5228 12079 5148 5227 12080 5151 671 12081 5152 669 12082 5153 670 12083 5154 669 12084 5153 670 12085 5152 669 12086 5155 5230 12087 5156 5231 12088 5157 5232 12089 5158 5233 12090 5157 5232 12091 5156 5231 12092 5156 5231 12093 5155 5230 12094 5159 5234 12095 5160 5235 12096 5159 5234 12097 5155 5230 12098 5158 5233 12099 5161 5236 12100 5157 5232 12101 5161 5236 12102 5158 5233 12103 5162 5237 12104 5163 5238 12105 5157 5232 12106 5161 5236 12107 5164 5239 12108 5165 5240 12109 5166 5241 12110 5167 5242 12111 5166 5241 12112 5165 5240 12113 5165 5240 12114 5164 5239 12115 5168 5243 12116 5169 5244 12117 5168 5243 12118 5164 5239 12119 5169 5244 12120 5170 5245 12121 5168 5243 12122 5171 5246 12123 5168 5243 12124 5170 5245 12125 5171 5246 12126 5172 5247 12127 5168 5243 12128 5173 5248 12129 5168 5243 12130 5172 5247 12131 5166 5241 12132 5167 5242 12133 5174 5249 12134 5175 5250 12135 5174 5249 12136 5167 5242 12137 5176 5251 12138 5177 5252 12139 5178 5253 12140 5179 5254 12141 5178 5253 12142 5177 5252 12143 5178 5253 12144 5179 5254 12145 5180 5255 12146 5181 5256 12147 5180 5255 12148 5179 5254 12149 5177 5252 12150 5176 5251 12151 5182 5257 12152 5182 5257 12153 5183 5258 12154 5177 5252 12155 5184 5259 12156 5182 5257 12157 5176 5251 12158 5185 5260 12159 5186 5261 12160 5187 5262 12161 5188 5263 12162 5187 5262 12163 5186 5261 12164 5189 5264 12165 5190 5265 12166 5191 5266 12167 5192 5267 12168 5191 5266 12169 5190 5265 12170 5193 5268 12171 5194 5269 12172 5195 5270 12173 5196 5271 12174 5195 5270 12175 5194 5269 12176 5197 5272 12177 5198 5273 12178 5199 5274 12179 5200 5275 12180 5199 5274 12181 5198 5273 12182 5201 5276 12183 5202 5277 12184 5203 5278 12185 5204 5279 12186 5203 5278 12187 5202 5277 12188 5202 5277 12189 5201 5276 12190 5205 5280 12191 5202 5277 12192 5206 5281 12193 5204 5279 12194 5207 5282 12195 5204 5279 12196 5206 5281 12197 5202 5277 12198 5208 5283 12199 5206 5281 12200 5209 5284 12201 5206 5281 12202 5208 5283 12203 5208 5283 12204 5202 5277 12205 5210 5285 12206 5211 5286 12207 5210 5285 12208 5202 5277 12209 5205 5280 12210 5211 5286 12211 5202 5277 12212 5204 5279 12213 5207 5282 12214 5212 5287 12215 5213 5288 12216 5212 5287 12217 5207 5282 12218 5214 5289 12219 5203 5278 12220 5204 5279 12221 5215 5290 12222 5214 5289 12223 5204 5279 12224 5216 5291 12225 5215 5290 12226 5204 5279 12227 5212 5287 12228 5216 5291 12229 5204 5279 12230 5210 5285 12231 5217 5292 12232 5208 5283 12233 5218 5293 12234 5208 5283 12235 5217 5292 12236 5219 5294 12237 5220 5295 12238 5221 5296 12239 5222 5297 12240 5221 5296 12241 5220 5295 12242 5223 5298 12243 5224 5299 12244 5225 5300 12245 5226 5301 12246 5225 5300 12247 5224 5299 12248 5227 5302 12249 5228 5303 12250 5229 5304 12251 5230 5305 12252 5229 5304 12253 5228 5303 12254 5230 5305 12255 5228 5303 12256 5231 5306 12257 5232 5307 12258 5231 5306 12259 5228 5303 12260 5230 5305 12261 5233 5308 12262 5229 5304 12263 5234 5309 12264 5229 5304 12265 5233 5308 12266 5234 5309 12267 5233 5308 12268 5235 5310 12269 5236 5311 12270 5235 5310 12271 5233 5308 12272 5233 5308 12273 5237 5312 12274 5236 5311 12275 5238 5313 12276 5236 5311 12277 5237 5312 12278 5237 5312 12279 5239 5314 12280 5238 5313 12281 5240 5315 12282 5238 5313 12283 5239 5314 12284 5235 5310 12285 5241 5316 12286 5234 5309 12287 5239 5314 12288 5241 5316 12289 5240 5315 12290 5235 5310 12291 5240 5315 12292 5241 5316 12293 5227 5302 12294 5229 5304 12295 5242 5317 12296 5243 5318 12297 5242 5317 12298 5229 5304 12299 5244 5319 12300 5245 5320 12301 5246 5321 12302 5247 5322 12303 5246 5321 12304 5245 5320 12305 5248 5323 12306 5249 5324 12307 5250 5325 12308 5251 5326 12309 5250 5325 12310 5249 5324 12311 5252 5327 12312 5253 5328 12313 5254 5329 12314 5255 5330 12315 5254 5329 12316 5253 5328 12317 5256 5331 12318 5257 5332 12319 5266 5333 12320 5258 5334 12321 5266 5333 12322 5257 5332 12323 5258 5334 12324 5257 5332 12325 5265 5335 12326 5259 5336 12327 5265 5335 12328 5257 5332 12329 5259 5336 12330 5260 5337 12331 5265 5335 12332 5261 2303 12333 5265 5335 12334 5260 5337 12335 5262 2306 12336 5263 5338 12337 5266 5333 12338 5264 5339 12339 5266 5333 12340 5263 5338 12341 5267 5340 12342 5268 5341 12343 5269 5342 12344 5267 5340 12345 5270 5343 12346 5268 5341 12347 5267 5340 12348 5271 5344 12349 5270 5343 12350 5272 5345 12351 5270 5343 12352 5271 5344 12353 5273 5346 12354 5267 5340 12355 5269 5342 12356 5273 5346 12357 5269 5342 12358 5274 5347 12359 5275 5348 12360 5274 5347 12361 5269 5342 12362 5274 5347 12363 5275 5348 12364 5276 5349 12365 5277 5350 12366 5276 5349 12367 5275 5348 12368 5278 5351 12369 5277 5350 12370 5275 5348 12371 5278 5351 12372 5275 5348 12373 5279 5352 12374 5279 5352 12375 5280 5353 12376 5278 5351 12377 5281 5354 12378 5278 5351 12379 5280 5353 12380 5282 5355 12381 5283 5356 12382 5284 5357 12383 5285 5358 12384 5284 5357 12385 5283 5356 12386 5286 5359 12387 5287 5360 12388 5288 5361 12389 5289 5362 12390 5288 5361 12391 5287 5360 12392 5290 5363 12393 5291 5364 12394 5292 5365 12395 5293 5366 12396 5292 5365 12397 5291 5364 12398 5294 5367 12399 5295 5368 12400 5296 5369 12401 5297 5370 12402 5296 5369 12403 5295 5368 12404 5298 5371 12405 5299 5372 12406 5300 5373 12407 5301 5374 12408 5300 5373 12409 5299 5372 12410 5302 5375 12411 5303 5376 12412 5304 5377 12413 5305 5378 12414 5304 5377 12415 5303 5376 12416 5306 5379 12417 5307 5380 12418 5308 5381 12419 5309 5382 12420 5308 5381 12421 5307 5380 12422 5310 5383 12423 5311 5384 12424 5312 5385 12425 5313 5386 12426 5312 5385 12427 5311 5384 12428 5314 5387 12429 5315 5388 12430 5316 5389 12431 5317 5390 12432 5316 5389 12433 5315 5388 12434 5318 5391 12435 5319 5392 12436 5320 5393 12437 5321 5394 12438 5320 5393 12439 5319 5392 12440 5322 5395 12441 5323 5396 12442 5324 5397 12443 5325 5398 12444 5324 5397 12445 5323 5396 12446 5326 5399 12447 5327 5400 12448 5328 5401 12449 5329 5402 12450 5328 5401 12451 5327 5400 12452 5327 5400 12453 5326 5399 12454 5330 5403 12455 5331 5404 12456 5330 5403 12457 5326 5399 12458 5332 5405 12459 5333 5406 12460 5334 5407 12461 5335 5408 12462 5334 5407 12463 5333 5406 12464 5336 5409 12465 5337 5410 12466 5338 5411 12467 5339 5412 12468 5338 5411 12469 5337 5410 12470 5337 5410 12471 5336 5409 12472 5340 5413 12473 5341 5414 12474 5340 5413 12475 5336 5409 12476 5342 5415 12477 5343 5416 12478 5344 5417 12479 5345 5418 12480 5346 5419 12481 5347 5420 12482 5346 5419 12483 5345 5418 12484 5348 5421 12485 5349 5422 12486 5348 5421 12487 5345 5418 12488 5350 5423 12489 5351 5424 12490 5352 5425 12491 5353 5426 12492 5352 5425 12493 5351 5424 12494 5350 5423 12495 5354 5427 12496 5351 5424 12497 5355 5428 12498 5351 5424 12499 5354 5427 12500 5356 5429 12501 5357 5430 12502 5358 5431 12503 5359 5432 12504 5358 5431 12505 5357 5430 12506 5360 5433 12507 5361 5434 12508 5362 5435 12509 5363 5436 12510 5362 5435 12511 5361 5434 12512 5364 5437 12513 5365 5438 12514 5366 5439 12515 5367 5440 12516 5366 5439 12517 5365 5438 12518 5368 5441 12519 5369 5442 12520 5370 5443 12521 5371 5444 12522 5370 5443 12523 5369 5442 12524 5372 5445 12525 5373 5446 12526 5374 5447 12527 5375 5448 12528 5374 5447 12529 5373 5446 12530 5372 5445 12531 5374 5447 12532 5376 5449 12533 5377 5450 12534 5376 5449 12535 5374 5447 12536 5376 5449 12537 5378 5451 12538 5372 5445 12539 5379 5452 12540 5380 5453 12541 5381 5454 12542 5382 5455 12543 5381 5454 12544 5380 5453 12545 5382 5455 12546 5383 5456 12547 5381 5454 12548 5384 5457 12549 5381 5454 12550 5383 5456 12551 5384 5457 12552 5383 5456 12553 5385 5458 12554 5386 5459 12555 5385 5458 12556 5383 5456 12557 5379 5452 12558 5387 5460 12559 5380 5453 12560 5388 5461 12561 5380 5453 12562 5387 5460 12563 5382 5455 12564 5380 5453 12565 5389 5462 12566 5390 5463 12567 5389 5462 12568 5380 5453 12569 5380 5453 12570 5388 5461 12571 5390 5463 12572 5386 5459 12573 5383 5456 12574 5391 5464 12575 5392 5465 12576 5391 5464 12577 5383 5456 12578 5389 5462 12579 5392 5465 12580 5382 5455 12581 5383 5456 12582 5382 5455 12583 5392 5465 12584 5393 5466 12585 5390 5463 12586 5388 5461 12587 5394 5467 12588 5395 5468 12589 5396 5469 12590 5397 5470 12591 5396 5469 12592 5395 5468 12593 5396 5469 12594 5397 5470 12595 5398 5471 12596 5399 5472 12597 5398 5471 12598 5397 5470 12599 5400 5473 12600 5401 5474 12601 5402 5475 12602 5403 5476 12603 5402 5475 12604 5401 5474 12605 5400 5473 12606 5404 5477 12607 5401 5474 12608 5405 5478 12609 5401 5474 12610 5404 5477 12611 5405 5478 12612 5404 5477 12613 5406 5479 12614 5407 5480 12615 5406 5479 12616 5404 5477 12617 5402 5475 12618 5403 5476 12619 5408 5481 12620 5409 5482 12621 5408 5481 12622 5403 5476 12623 5410 5483 12624 5411 5484 12625 5412 5485 12626 5413 5486 12627 5412 5485 12628 5411 5484 12629 5414 5487 12630 5415 5488 12631 5416 5489 12632 5417 5490 12633 5416 5489 12634 5415 5488 12635 5418 5491 12636 5419 5492 12637 5420 5493 12638 5421 5494 12639 5420 5493 12640 5419 5492 12641 5421 5494 12642 5422 5495 12643 5420 5493 12644 5423 5496 12645 5420 5493 12646 5422 5495 12647 5424 5497 12648 5425 5498 12649 5426 5499 12650 5427 5500 12651 5426 5499 12652 5425 5498 12653 5427 5500 12654 5428 5501 12655 5426 5499 12656 5429 5502 12657 5426 5499 12658 5428 5501 12659 5430 5503 12660 5431 5504 12661 5432 5505 12662 5433 5506 12663 5432 5505 12664 5431 5504 12665 5431 5504 12666 5430 5503 12667 5434 5507 12668 5435 5508 12669 5434 5507 12670 5430 5503 12671 5433 5506 12672 5436 5509 12673 5432 5505 12674 5436 5509 12675 5437 5510 12676 5432 5505 12677 5438 5511 12678 5432 5505 12679 5437 5510 12680 5437 5510 12681 5439 5512 12682 5438 5511 12683 5438 5511 12684 5439 5512 12685 5440 5513 12686 5439 5512 12687 5441 5514 12688 5440 5513 12689 5442 5515 12690 5440 5513 12691 5441 5514 12692 5443 5516 12693 5442 5515 12694 5441 5514 12695 5443 5516 12696 5441 5514 12697 5444 5517 12698 5445 5518 12699 5444 5517 12700 5441 5514 12701 5446 5519 12702 5447 5520 12703 5448 5521 12704 5449 5522 12705 5448 5521 12706 5447 5520 12707 5447 5520 12708 5446 5519 12709 5450 5523 12710 5451 5524 12711 5450 5523 12712 5446 5519 12713 5452 5525 12714 5453 5526 12715 5454 5527 12716 5455 5528 12717 5454 5527 12718 5453 5526 12719 5454 5527 12720 5455 5528 12721 5456 5529 12722 5457 5530 12723 5456 5529 12724 5455 5528 12725 5458 5531 12726 5459 5532 12727 5460 5533 12728 5461 5534 12729 5460 5533 12730 5459 5532 12731 5462 5535 12732 5463 5536 12733 5464 5537 12734 5465 5538 12735 5464 5537 12736 5463 5536 12737 5466 5539 12738 5467 5540 12739 5468 5541 12740 5469 5542 12741 5468 5541 12742 5467 5540 12743 5467 5540 12744 5466 5539 12745 5470 5543 12746 5471 5544 12747 5470 5543 12748 5466 5539 12749 5470 5543 12750 5471 5544 12751 5472 5545 12752 5473 5546 12753 5472 5545 12754 5471 5544 12755 5474 5547 12756 5468 5541 12757 5469 5542 12758 5468 5541 12759 5474 5547 12760 5475 5548 12761 5476 5549 12762 5475 5548 12763 5474 5547 12764 5477 5550 12765 5478 5551 12766 5479 5552 12767 5480 5553 12768 5479 5552 12769 5478 5551 12770 5478 5551 12771 5477 5550 12772 5481 5554 12773 5482 5555 12774 5481 5554 12775 5477 5550 12776 5482 5555 12777 5483 5556 12778 5481 5554 12779 5484 5557 12780 5481 5554 12781 5483 5556 12782 5485 5558 12783 5486 5559 12784 5487 5560 12785 5488 5561 12786 5487 5560 12787 5486 5559 12788 5489 5562 12789 5490 5563 12790 5491 5564 12791 5492 5565 12792 5491 5564 12793 5490 5563 12794 5493 5566 12795 5494 5567 12796 5495 5568 12797 5496 5569 12798 5495 5568 12799 5494 5567 12800 5497 5570 12801 5498 5571 12802 5499 5572 12803 5500 5573 12804 5499 5572 12805 5498 5571 12806 5501 5574 12807 5502 5575 12808 5503 5576 12809 5504 5577 12810 5503 5576 12811 5502 5575 12812 5505 5578 12813 5506 5579 12814 5507 5580 12815 5508 5581 12816 5507 5580 12817 5506 5579 12818 5509 5582 12819 5510 5583 12820 5511 5584 12821 5512 5585 12822 5511 5584 12823 5510 5583 12824 5513 5586 12825 5514 5587 12826 5515 5588 12827 5516 5589 12828 5515 5588 12829 5514 5587 12830 5517 5590 12831 5518 5591 12832 5519 5592 12833 5520 5593 12834 5519 5592 12835 5518 5591 12836 5521 5594 12837 5522 5595 12838 5523 5596 12839 5524 5597 12840 5523 5596 12841 5522 5595 12842 5525 1042 12843 5526 669 12844 5527 670 12845 5528 669 12846 5527 670 12847 5526 669 12848 5529 5598 12849 5530 5599 12850 5531 5600 12851 5532 5601 12852 5531 5600 12853 5530 5599 12854 5530 5599 12855 5533 5602 12856 5532 5601 12857 5534 5603 12858 5532 5601 12859 5533 5602 12860 5529 5598 12861 5531 5600 12862 5535 5604 12863 5529 5598 12864 5535 5604 12865 5536 5605 12866 5537 5606 12867 5535 5604 12868 5531 5600 12869 5538 5607 12870 5539 5608 12871 5540 5609 12872 5541 5610 12873 5540 5609 12874 5539 5608 12875 5539 5608 12876 5542 5611 12877 5541 5610 12878 5543 5612 12879 5541 5610 12880 5542 5611 12881 5543 5612 12882 5542 5611 12883 5544 5613 12884 5545 5614 12885 5544 5613 12886 5542 5611 12887 5540 5609 12888 5546 5615 12889 5538 5607 12890 5547 5616 12891 5538 5607 12892 5546 5615 12893 5548 5617 12894 5549 5618 12895 5550 5619 12896 5551 5620 12897 5550 5619 12898 5549 5618 12899 5549 5618 12900 5552 5621 12901 5551 5620 12902 5553 5622 12903 5551 5620 12904 5552 5621 12905 5550 5619 12906 5554 5623 12907 5548 5617 12908 5555 5624 12909 5554 5623 12910 5550 5619 12911 5556 5625 12912 5548 5617 12913 5554 5623 12914 5557 5626 12915 5558 5627 12916 5559 5628 12917 5560 5629 12918 5559 5628 12919 5558 5627 12920 5561 5630 12921 5562 5631 12922 5563 5632 12923 5564 5633 12924 5563 5632 12925 5562 5631 12926 5565 5634 12927 5566 5635 12928 5567 5636 12929 5568 5637 12930 5567 5636 12931 5566 5635 12932 5569 5638 12933 5570 5639 12934 5571 5640 12935 5572 5641 12936 5571 5640 12937 5570 5639 12938 5573 5642 12939 5574 5643 12940 5575 5644 12941 5576 5645 12942 5575 5644 12943 5574 5643 12944 5576 5645 12945 5574 5643 12946 5577 5646 12947 5574 5643 12948 5573 5642 12949 5578 5647 12950 5579 5648 12951 5578 5647 12952 5573 5642 12953 5574 5643 12954 5578 5647 12955 5580 5649 12956 5581 5650 12957 5580 5649 12958 5578 5647 12959 5580 5649 12960 5582 5651 12961 5574 5643 12962 5583 5652 12963 5574 5643 12964 5582 5651 12965 5583 5652 12966 5577 5646 12967 5574 5643 12968 5573 5642 12969 5584 5653 12970 5579 5648 12971 5585 5654 12972 5579 5648 12973 5584 5653 12974 5575 5644 12975 5586 5655 12976 5573 5642 12977 5586 5655 12978 5587 5656 12979 5573 5642 12980 5587 5656 12981 5588 5657 12982 5573 5642 12983 5588 5657 12984 5584 5653 12985 5573 5642 12986 5582 5651 12987 5580 5649 12988 5589 5658 12989 5590 5659 12990 5589 5658 12991 5580 5649 12992 5591 5660 12993 5592 5661 12994 5593 5662 12995 5594 5663 12996 5593 5662 12997 5592 5661 12998 5595 5664 12999 5596 5665 13000 5597 5666 13001 5598 5667 13002 5597 5666 13003 5596 5665 13004 5599 5668 13005 5600 5669 13006 5601 5670 13007 5602 5671 13008 5601 5670 13009 5600 5669 13010 5599 5668 13011 5603 5672 13012 5600 5669 13013 5604 5673 13014 5600 5669 13015 5603 5672 13016 5599 5668 13017 5601 5670 13018 5605 5674 13019 5602 5671 13020 5606 5675 13021 5601 5670 13022 5607 5676 13023 5601 5670 13024 5606 5675 13025 5608 5677 13026 5609 5678 13027 5601 5679 13028 5608 5680 13029 5610 5681 13030 5605 5682 13031 5611 5683 13032 5605 5682 13033 5610 5681 13034 5605 5682 13035 5611 5683 13036 5612 5684 13037 5613 5685 13038 5612 5684 13039 5611 5683 13040 5612 5684 13041 5613 5685 13042 5614 5686 13043 5615 5687 13044 5614 5686 13045 5613 5685 13046 5616 5688 13047 5610 5681 13048 5608 5680 13049 5610 5681 13050 5616 5688 13051 5615 5687 13052 5614 5686 13053 5615 5687 13054 5616 5688 13055 5617 5689 13056 5618 5690 13057 5619 5691 13058 5620 5692 13059 5619 5691 13060 5618 5690 13061 5621 5693 13062 5622 5694 13063 5623 5695 13064 5624 5696 13065 5623 5695 13066 5622 5694 13067 5625 5697 13068 5626 5698 13069 5627 5699 13070 5628 5700 13071 5627 5699 13072 5626 5698 13073 5637 5701 13074 5629 5702 13075 5638 5703 13076 5630 5704 13077 5638 5703 13078 5629 5702 13079 5630 5704 13080 5631 5705 13081 5638 5703 13082 5632 4187 13083 5638 5703 13084 5631 5705 13085 5629 5702 13086 5637 5701 13087 5633 5706 13088 5634 5707 13089 5633 5706 13090 5637 5701 13091 5633 5706 13092 5634 5707 13093 5635 5708 13094 5636 4191 13095 5635 5708 13096 5634 5707 13097 5639 5709 13098 5640 5710 13099 5641 5711 13100 5640 5710 13101 5642 5712 13102 5641 5711 13103 5643 5713 13104 5641 5711 13105 5642 5712 13106 5642 5712 13107 5644 5714 13108 5643 5713 13109 5645 5715 13110 5643 5713 13111 5644 5714 13112 5646 5716 13113 5643 5713 13114 5645 5715 13115 5643 5713 13116 5646 5716 13117 5647 5717 13118 5647 5717 13119 5646 5716 13120 5648 5718 13121 5649 5719 13122 5648 5718 13123 5646 5716 13124 5650 5720 13125 5639 5709 13126 5641 5711 13127 5651 5721 13128 5639 5709 13129 5650 5720 13130 5639 5709 13131 5651 5721 13132 5652 5722 13133 5653 5723 13134 5652 5722 13135 5651 5721 13136 5654 5724 13137 5655 5725 13138 5656 5726 13139 5657 5727 13140 5656 5726 13141 5655 5725 13142 5654 5724 13143 5658 5728 13144 5655 5725 13145 5659 5729 13146 5655 5725 13147 5658 5728 13148 5657 5727 13149 5660 5730 13150 5656 5726 13151 5661 5731 13152 5656 5726 13153 5660 5730 13154 5661 5731 13155 5660 5730 13156 5662 5732 13157 5663 5733 13158 5662 5732 13159 5660 5730 13160 5664 5734 13161 5665 5735 13162 5666 5736 13163 5667 5737 13164 5666 5736 13165 5665 5735 13166 5664 5734 13167 5666 5736 13168 5668 5738 13169 5669 5739 13170 5668 5738 13171 5666 5736 13172 5670 5740 13173 5671 5741 13174 5672 5742 13175 5673 5743 13176 5672 5742 13177 5671 5741 13178 5672 5742 13179 5674 5744 13180 5670 5740 13181 5675 5745 13182 5670 5740 13183 5674 5744 13184 5670 5740 13185 5676 5746 13186 5671 5741 13187 5677 5747 13188 5671 5741 13189 5676 5746 13190 5676 5746 13191 5670 5740 13192 5678 5748 13193 5675 5745 13194 5678 5748 13195 5670 5740 13196 5679 5749 13197 5680 5750 13198 5681 5751 13199 5682 5752 13200 5681 5751 13201 5680 5750 13202 5682 5752 13203 5680 5750 13204 5683 5753 13205 5684 5754 13206 5683 5753 13207 5680 5750 13208 5679 5749 13209 5681 5751 13210 5685 5755 13211 5686 5756 13212 5685 5755 13213 5681 5751 13214 5686 5756 13215 5687 5757 13216 5685 5755 13217 5688 5758 13218 5685 5755 13219 5687 5757 13220 5689 5759 13221 5690 5760 13222 5691 5761 13223 5692 5762 13224 5691 5761 13225 5690 5760 13226 5689 5759 13227 5693 5763 13228 5690 5760 13229 5694 5764 13230 5690 5760 13231 5693 5763 13232 5695 5765 13233 5696 5766 13234 5697 5767 13235 5698 5768 13236 5697 5767 13237 5696 5766 13238 5699 5769 13239 5700 5770 13240 5701 5771 13241 5702 5772 13242 5701 5771 13243 5700 5770 13244 5703 5773 13245 5704 5774 13246 5705 5775 13247 5706 5776 13248 5705 5775 13249 5704 5774 13250 5707 5777 13251 5708 5778 13252 5709 5779 13253 5710 5780 13254 5709 5779 13255 5708 5778 13256 5711 5781 13257 5712 5782 13258 5713 5783 13259 5714 5784 13260 5713 5783 13261 5712 5782 13262 5715 5785 13263 5716 5786 13264 5717 5787 13265 5718 5788 13266 5717 5787 13267 5716 5786 13268 5719 5789 13269 5720 5790 13270 5721 5791 13271 5722 5792 13272 5721 5791 13273 5720 5790 13274 5723 5793 13275 5724 5794 13276 5725 5795 13277 5726 5796 13278 5725 5795 13279 5724 5794 13280 5727 5797 13281 5728 5798 13282 5729 5799 13283 5730 5800 13284 5729 5799 13285 5728 5798 13286 5731 5801 13287 5732 5802 13288 5733 5803 13289 5734 5804 13290 5733 5803 13291 5732 5802 13292 5735 5805 13293 5736 5806 13294 5737 5807 13295 5738 5808 13296 5737 5807 13297 5736 5806 13298 5739 5809 13299 5740 5810 13300 5741 5811 13301 5742 5812 13302 5741 5811 13303 5740 5810 13304 5740 5810 13305 5743 5813 13306 5742 5812 13307 5744 5814 13308 5742 5812 13309 5743 5813 13310 5745 5815 13311 5746 5816 13312 5747 5817 13313 5748 5818 13314 5747 5817 13315 5746 5816 13316 5749 5819 13317 5750 5820 13318 5751 5821 13319 5752 5822 13320 5751 5821 13321 5750 5820 13322 5750 5820 13323 5753 5823 13324 5752 5822 13325 5754 5824 13326 5752 5822 13327 5753 5823 13328 5755 5825 13329 5756 5826 13330 5757 5827 13331 5757 5827 13332 5758 5828 13333 5755 5825 13334 5759 5829 13335 5760 5830 13336 5758 5831 13337 5761 5832 13338 5762 5833 13339 5763 5834 13340 5764 5835 13341 5765 5836 13342 5766 5837 13343 5767 5838 13344 5766 5837 13345 5765 5836 13346 5767 5838 13347 5768 5839 13348 5766 5837 13349 5769 5840 13350 5766 5837 13351 5768 5839 13352 5770 5841 13353 5771 5842 13354 5772 5843 13355 5773 5844 13356 5772 5843 13357 5771 5842 13358 5773 5844 13359 5771 5842 13360 5774 5845 13361 5775 5846 13362 5774 5845 13363 5771 5842 13364 5776 5847 13365 5777 5848 13366 5778 5849 13367 5779 5850 13368 5778 5849 13369 5777 5848 13370 5780 5851 13371 5781 5852 13372 5782 5853 13373 5783 5854 13374 5782 5853 13375 5781 5852 13376 5784 5855 13377 5785 5856 13378 5786 5857 13379 5787 5858 13380 5786 5857 13381 5785 5856 13382 5788 5859 13383 5789 5860 13384 5790 5861 13385 5791 5862 13386 5790 5861 13387 5789 5860 13388 5792 5863 13389 5793 5864 13390 5794 5865 13391 5795 5866 13392 5794 5865 13393 5793 5864 13394 5795 5866 13395 5796 5867 13396 5794 5865 13397 5797 5868 13398 5794 5865 13399 5796 5867 13400 5798 5869 13401 5796 5867 13402 5795 5866 13403 5799 5870 13404 5800 5871 13405 5801 5872 13406 5801 5872 13407 5800 5871 13408 5802 5873 13409 5803 5874 13410 5801 5872 13411 5802 5873 13412 5801 5872 13413 5803 5874 13414 5804 5875 13415 5805 5876 13416 5804 5875 13417 5803 5874 13418 5806 5877 13419 5799 5870 13420 5801 5872 13421 5801 5872 13422 5807 5878 13423 5806 5877 13424 5801 5872 13425 5808 5879 13426 5807 5878 13427 5801 5872 13428 5804 5875 13429 5808 5879 13430 5809 5880 13431 5807 5878 13432 5808 5879 13433 5810 5881 13434 5806 5877 13435 5807 5878 13436 5807 5878 13437 5811 5882 13438 5810 5881 13439 5812 5883 13440 5811 5882 13441 5807 5878 13442 5811 5882 13443 5812 5883 13444 5813 5884 13445 5814 5885 13446 5813 5884 13447 5812 5883 13448 5811 5882 13449 5813 5884 13450 5815 5886 13451 5815 5886 13452 5810 5881 13453 5811 5882 13454 5816 5887 13455 5815 5886 13456 5813 5884 13457 5813 5884 13458 5817 5888 13459 5816 5887 13460 5813 5884 13461 5818 5889 13462 5817 5888 13463 5819 5890 13464 5818 5889 13465 5813 5884 13466 5820 5891 13467 5819 5890 13468 5813 5884 13469 5821 5892 13470 5816 5887 13471 5817 5888 13472 5821 5892 13473 5817 5888 13474 5799 5893 13475 5820 5891 13476 5813 5884 13477 5822 5894 13478 5823 5895 13479 5813 5884 13480 5814 5885 13481 5822 5894 13482 5813 5884 13483 5823 5895 13484 5824 5896 13485 5820 5891 13486 5822 5894 13487 5825 5897 13488 5820 5891 13489 5824 5896 13490 5799 5870 13491 5826 5898 13492 5800 5871 13493 5800 5871 13494 5826 5898 13495 5827 5899 13496 5802 5873 13497 5800 5871 13498 5827 5899 13499 5828 5900 13500 5802 5901 13501 5829 5902 13502 5829 5902 13503 5830 5903 13504 5828 5900 13505 5829 5902 13506 5831 5904 13507 5830 5903 13508 5832 5905 13509 5831 5904 13510 5829 5902 13511 5830 5903 13512 5831 5904 13513 5833 5906 13514 5834 5907 13515 5828 5900 13516 5830 5903 13517 5835 5908 13518 5830 5903 13519 5833 5906 13520 5836 5909 13521 5830 5903 13522 5835 5908 13523 5837 5910 13524 5836 5909 13525 5835 5908 13526 5836 5909 13527 5838 5911 13528 5830 5903 13529 5834 5907 13530 5830 5903 13531 5838 5911 13532 5839 5912 13533 5838 5911 13534 5836 5909 13535 5840 5913 13536 5839 5914 13537 5841 5915 13538 5840 5913 13539 5842 5916 13540 5839 5914 13541 5840 5913 13542 5843 5917 13543 5842 5916 13544 5842 5916 13545 5844 5918 13546 5839 5914 13547 5842 5916 13548 5804 5875 13549 5844 5918 13550 5805 5876 13551 5844 5918 13552 5804 5875 13553 5843 5917 13554 5845 5919 13555 5842 5916 13556 5842 5916 13557 5845 5919 13558 5846 5920 13559 5842 5916 13560 5846 5920 13561 5847 5921 13562 5842 5916 13563 5847 5921 13564 5804 5875 13565 5848 5922 13566 5847 5921 13567 5846 5920 13568 5849 5923 13569 5846 5920 13570 5845 5919 13571 5846 5920 13572 5849 5923 13573 5850 5924 13574 5850 5924 13575 5851 5925 13576 5846 5920 13577 5850 5924 13578 5852 5926 13579 5851 5925 13580 5853 5927 13581 5851 5925 13582 5852 5926 13583 5850 5924 13584 5854 5928 13585 5852 5926 13586 5854 5928 13587 5850 5924 13588 5849 5923 13589 5855 5929 13590 5852 5926 13591 5854 5928 13592 5852 5926 13593 5855 5929 13594 5856 5930 13595 5857 5931 13596 5852 5926 13597 5856 5930 13598 5858 5932 13599 5852 5926 13600 5857 5931 13601 5859 5933 13602 5852 5926 13603 5858 5932 13604 5860 5934 13605 5856 5930 13606 5855 5929 13607 5856 5930 13608 5860 5934 13609 5843 5935 13610 5852 5926 13611 5859 5933 13612 5861 5936 13613 5852 5926 13614 5862 5937 13615 5853 5927 13616 5852 5926 13617 5861 5936 13618 5862 5937 13619 5859 5933 13620 5863 5938 13621 5861 5936 13622 5859 5933 13623 5864 5939 13624 5863 5938 13625 5843 5917 13626 5840 5913 13627 5865 5940 13628 5865 5940 13629 5840 5913 13630 5841 5915 13631 5866 5941 13632 5808 5879 13633 5804 5875 13634 5866 5941 13635 5804 5875 13636 5847 5921 13637 5867 5942 13638 5868 5943 13639 5869 5944 13640 5870 5945 13641 5869 5944 13642 5868 5943 13643 5867 5942 13644 5871 5946 13645 5868 5943 13646 5872 5947 13647 5868 5943 13648 5871 5946 13649 5872 5947 13650 5871 5946 13651 5873 5948 13652 5874 5949 13653 5873 5948 13654 5871 5946 13655 5874 5949 13656 5875 5950 13657 5873 5948 13658 5876 5951 13659 5873 5948 13660 5875 5950 13661 5872 5947 13662 5877 5952 13663 5868 5943 13664 5878 5953 13665 5868 5943 13666 5877 5952 13667 5873 5948 13668 5879 5954 13669 5872 5947 13670 5877 5952 13671 5872 5947 13672 5879 5954 13673 5868 5943 13674 5880 5955 13675 5870 5945 13676 5881 5956 13677 5870 5945 13678 5880 5955 13679 5876 5951 13680 5882 5957 13681 5873 5948 13682 5883 5958 13683 5873 5948 13684 5882 5957 13685 5884 5959 13686 5880 5955 13687 5868 5943 13688 5881 5956 13689 5885 5960 13690 5870 5945 13691 5870 5945 13692 5885 5960 13693 5886 5961 13694 5887 5962 13695 5886 5961 13696 5885 5960 13697 5886 5961 13698 5887 5962 13699 5888 5963 13700 5889 5964 13701 5888 5963 13702 5887 5962 13703 5888 5963 13704 5889 5964 13705 5890 5965 13706 5890 5965 13707 5891 5966 13708 5888 5963 13709 5892 5967 13710 5891 5966 13711 5890 5965 13712 5890 5965 13713 5893 5968 13714 5892 5967 13715 5894 5969 13716 5892 5967 13717 5893 5968 13718 5893 5968 13719 5895 5970 13720 5894 5969 13721 5895 5970 13722 5893 5968 13723 5896 5971 13724 5897 5972 13725 5895 5970 13726 5896 5971 13727 5898 5973 13728 5895 5970 13729 5897 5972 13730 5899 5974 13731 5894 5969 13732 5895 5970 13733 5893 5968 13734 5900 5975 13735 5896 5971 13736 5901 5976 13737 5893 5968 13738 5890 5965 13739 5901 5976 13740 5900 5975 13741 5893 5968 13742 5896 5977 13743 5902 5978 13744 5903 5979 13745 5903 5979 13746 5902 5978 13747 5904 5980 13748 5905 5981 13749 5904 5982 13750 5906 5983 13751 5907 5984 13752 5908 5985 13753 5900 5986 13754 5907 5984 13755 5902 5987 13756 5908 5985 13757 5909 5988 13758 5910 5989 13759 5911 5990 13760 5912 5991 13761 5909 5988 13762 5911 5990 13763 5909 5988 13764 5912 5991 13765 5913 5992 13766 5914 5993 13767 5913 5992 13768 5912 5991 13769 5913 5992 13770 5914 5993 13771 5915 5994 13772 5915 5994 13773 5916 5995 13774 5913 5992 13775 5917 5996 13776 5916 5995 13777 5915 5994 13778 5918 5997 13779 5917 5996 13780 5915 5994 13781 5919 5998 13782 5915 5994 13783 5914 5993 13784 5909 5988 13785 5920 5999 13786 5910 5989 13787 5910 5989 13788 5920 5999 13789 5921 6000 13790 5922 6001 13791 5921 6000 13792 5920 5999 13793 5909 5988 13794 5913 5992 13795 5923 6002 13796 5916 5995 13797 5924 6003 13798 5913 5992 13799 5921 6000 13800 5922 6001 13801 5876 5951 13802 5925 6004 13803 5876 5951 13804 5922 6001 13805 5925 6004 13806 5882 5957 13807 5876 5951 13808 5926 6005 13809 5927 6006 13810 5924 6007 13811 5926 6005 13812 5923 6008 13813 5927 6006 13814 5928 6009 13815 5929 6010 13816 5916 6011 13817 5930 6012 13818 5931 6013 13819 5929 6014 13820 5930 6012 13821 5924 6015 13822 5931 6013 13823 5932 6016 13824 5933 6017 13825 5929 6018 13826 5934 6019 13827 5935 6020 13828 5936 6021 13829 5937 6022 13830 5936 6021 13831 5935 6020 13832 5935 6020 13833 5934 6019 13834 5938 6023 13835 5939 6024 13836 5938 6023 13837 5934 6019 13838 5939 6024 13839 5884 5959 13840 5938 6023 13841 5940 6025 13842 5938 6023 13843 5884 5959 13844 5937 6022 13845 5941 6026 13846 5936 6021 13847 5942 6027 13848 5936 6021 13849 5941 6026 13850 5940 6025 13851 5884 5959 13852 5868 5943 13853 5878 5953 13854 5940 6025 13855 5868 5943 13856 5943 6028 13857 5944 6029 13858 5945 6030 13859 5946 6031 13860 5945 6030 13861 5944 6029 13862 5943 6028 13863 5945 6030 13864 5947 6032 13865 5948 6033 13866 5947 6032 13867 5945 6030 13868 5948 6033 13869 5949 6034 13870 5947 6032 13871 5950 6035 13872 5947 6032 13873 5949 6034 13874 5944 6029 13875 5951 6036 13876 5946 6031 13877 5952 6037 13878 5946 6031 13879 5951 6036 13880 5950 6035 13881 5949 6034 13882 5873 5948 13883 5949 6034 13884 5879 5954 13885 5873 5948 13886 5883 5958 13887 5950 6035 13888 5873 5948 13889 5953 6038 13890 5954 6039 13891 5955 6040 13892 5953 6038 13893 5955 6040 13894 5956 6041 13895 5957 6042 13896 5956 6041 13897 5955 6040 13898 5957 6042 13899 5955 6040 13900 5958 6043 13901 5959 6044 13902 5958 6043 13903 5955 6040 13904 5955 6040 13905 5960 6045 13906 5959 6044 13907 5956 6041 13908 5957 6042 13909 5961 6046 13910 5962 6047 13911 5961 6046 13912 5957 6042 13913 5962 6047 13914 5957 6042 13915 5963 6048 13916 5963 6048 13917 5957 6042 13918 5964 6049 13919 5958 6043 13920 5964 6049 13921 5957 6042 13922 5962 6047 13923 5965 6050 13924 5961 6046 13925 5966 6051 13926 5961 6046 13927 5965 6050 13928 5965 6050 13929 5967 6052 13930 5966 6051 13931 5968 6053 13932 5966 6051 13933 5967 6052 13934 5962 6047 13935 5963 6048 13936 5969 6054 13937 5962 6047 13938 5969 6054 13939 5965 6050 13940 5970 6055 13941 5969 6054 13942 5963 6048 13943 5964 6049 13944 5971 6056 13945 5963 6048 13946 5970 6055 13947 5963 6048 13948 5971 6056 13949 5972 6057 13950 5965 6050 13951 5969 6054 13952 5972 6057 13953 5973 6058 13954 5965 6050 13955 5974 6059 13956 5965 6050 13957 5973 6058 13958 5965 6050 13959 5974 6059 13960 5967 6052 13961 5975 6060 13962 5967 6052 13963 5974 6059 13964 5968 6053 13965 5976 6061 13966 5966 6051 13967 5977 6062 13968 5966 6051 13969 5976 6061 13970 5966 6051 13971 5977 6062 13972 5961 6046 13973 5978 6063 13974 5961 6046 13975 5977 6062 13976 5978 6063 13977 5979 6064 13978 5961 6046 13979 5956 6041 13980 5961 6046 13981 5979 6064 13982 5979 6064 13983 5980 6065 13984 5956 6041 13985 5953 6038 13986 5956 6041 13987 5980 6065 13988 5981 6066 13989 5953 6038 13990 5980 6065 13991 5979 6064 13992 5982 6067 13993 5980 6065 13994 5983 6068 13995 5980 6065 13996 5982 6067 13997 5984 6069 13998 5980 6065 13999 5983 6068 14000 5979 6064 14001 5978 6063 14002 5985 6070 14003 5982 6067 14004 5979 6064 14005 5986 6071 14006 5985 6070 14007 5986 6071 14008 5979 6064 14009 5978 6063 14010 5987 6072 14011 5985 6070 14012 5978 6063 14013 5977 6062 14014 5987 6072 14015 5988 6073 14016 5985 6070 14017 5987 6072 14018 5988 6073 14019 5989 6074 14020 5985 6070 14021 5986 6071 14022 5985 6070 14023 5989 6074 14024 5990 6075 14025 5987 6072 14026 5977 6062 14027 5990 6075 14028 5977 6062 14029 5991 6076 14030 5992 6077 14031 5991 6076 14032 5977 6062 14033 5977 6062 14034 5976 6061 14035 5992 6077 14036 5993 6078 14037 5992 6077 14038 5976 6061 14039 5994 6079 14040 5995 6080 14041 5996 6081 14042 5997 6082 14043 5996 6081 14044 5995 6080 14045 5997 6082 14046 5998 6083 14047 5996 6081 14048 5999 6084 14049 5996 6081 14050 5998 6083 14051 5994 6079 14052 6000 6085 14053 5995 6080 14054 6001 6086 14055 5995 6080 14056 6000 6085 14057 5996 6081 14058 6002 6087 14059 5994 6079 14060 6003 6088 14061 5994 6079 14062 6002 6087 14063 5994 6079 14064 6003 6088 14065 6000 6085 14066 6002 6087 14067 5996 6081 14068 6004 6089 14069 5999 6084 14070 6004 6089 14071 5996 6081 14072 6004 6089 14073 5999 6084 14074 6005 6090 14075 6006 6091 14076 6005 6090 14077 5999 6084 14078 5999 6084 14079 6007 6092 14080 6006 6091 14081 6008 6093 14082 6000 6085 14083 6003 6088 14084 6009 6094 14085 6006 6095 14086 6010 6096 14087 6011 6097 14088 6012 6098 14089 6013 6099 14090 6014 6100 14091 6013 6099 14092 6012 6098 14093 6013 6099 14094 6015 6101 14095 6011 6097 14096 6016 6102 14097 6011 6097 14098 6015 6101 14099 6017 6103 14100 6018 6104 14101 6019 6105 14102 6020 6106 14103 6019 6105 14104 6018 6104 14105 6017 6103 14106 6019 6105 14107 6021 6107 14108 6022 6108 14109 6021 6107 14110 6019 6105 14111 6020 6106 14112 6018 6104 14113 6023 6109 14114 6024 6110 14115 6023 6109 14116 6018 6104 14117 6024 6110 14118 6025 6111 14119 6023 6109 14120 6026 6112 14121 6023 6109 14122 6025 6111 14123 6026 6112 14124 6025 6111 14125 6027 6113 14126 6028 6114 14127 6027 6113 14128 6025 6111 14129 6028 6114 14130 6029 6115 14131 6027 6113 14132 6030 6116 14133 6027 6113 14134 6029 6115 14135 6031 6117 14136 6032 6118 14137 6033 6119 14138 6034 6120 14139 6033 6119 14140 6032 6118 14141 6034 6120 14142 6032 6118 14143 6035 6121 14144 6036 6122 14145 6035 6121 14146 6032 6118 14147 6031 6117 14148 6033 6119 14149 6037 6123 14150 6038 6124 14151 6037 6123 14152 6033 6119 14153 6036 6122 14154 6039 6125 14155 6035 6121 14156 6040 6126 14157 6035 6121 14158 6039 6125 14159 6040 6126 14160 6039 6125 14161 6041 6127 14162 6042 6128 14163 6041 6127 14164 6039 6125 14165 6042 6128 14166 6043 6129 14167 6041 6127 14168 6044 6130 14169 6041 6127 14170 6043 6129 14171 6031 6117 14172 6045 6131 14173 6032 6118 14174 6031 6117 14175 6037 6123 14176 6045 6131 14177 6046 6132 14178 6032 6118 14179 6045 6131 14180 6032 6118 14181 6046 6132 14182 6036 6122 14183 6045 6131 14184 6047 6133 14185 6046 6132 14186 6048 6134 14187 6046 6132 14188 6047 6133 14189 6046 6132 14190 6048 6134 14191 6049 6135 14192 6049 6135 14193 6036 6122 14194 6046 6132 14195 6036 6122 14196 6049 6135 14197 6039 6125 14198 6050 6136 14199 6049 6135 14200 6048 6134 14201 6045 6131 14202 6051 6137 14203 6047 6133 14204 6051 6137 14205 6045 6131 14206 6037 6123 14207 6052 6138 14208 6047 6133 14209 6051 6137 14210 6039 6125 14211 6053 6139 14212 6042 6128 14213 6049 6135 14214 6050 6136 14215 6053 6139 14216 6053 6139 14217 6039 6125 14218 6049 6135 14219 6054 6140 14220 6042 6128 14221 6053 6139 14222 6042 6128 14223 6054 6140 14224 6043 6129 14225 6053 6139 14226 6055 6141 14227 6054 6140 14228 6055 6141 14229 6053 6139 14230 6050 6136 14231 6056 6142 14232 6054 6140 14233 6055 6141 14234 6054 6140 14235 6056 6142 14236 6057 6143 14237 6057 6143 14238 6043 6129 14239 6054 6140 14240 6058 6144 14241 6057 6143 14242 6056 6142 14243 6059 6145 14244 6060 6146 14245 6061 6147 14246 6062 6148 14247 6061 6147 14248 6060 6146 14249 6059 6145 14250 6061 6147 14251 6063 6149 14252 6064 6150 14253 6063 6149 14254 6061 6147 14255 6064 6150 14256 6065 6151 14257 6063 6149 14258 6066 6152 14259 6063 6149 14260 6065 6151 14261 6060 6146 14262 6067 6153 14263 6062 6148 14264 6068 6154 14265 6062 6148 14266 6067 6153 14267 6069 6155 14268 6070 6156 14269 6071 6157 14270 6072 6158 14271 6071 6157 14272 6070 6156 14273 6073 6159 14274 6074 6160 14275 6075 6161 14276 6076 6162 14277 6075 6161 14278 6074 6160 14279 6075 6161 14280 6076 6162 14281 6077 6163 14282 6078 6164 14283 6077 6163 14284 6076 6162 14285 6077 6163 14286 6078 6164 14287 6079 6165 14288 6080 6166 14289 6079 6165 14290 6078 6164 14291 6079 6165 14292 6080 6166 14293 6081 6167 14294 6082 6168 14295 6081 6167 14296 6080 6166 14297 6075 6161 14298 6083 6169 14299 6073 6159 14300 6084 6170 14301 6073 6159 14302 6083 6169 14303 6074 6160 14304 6085 6171 14305 6076 6162 14306 6086 6172 14307 6076 6162 14308 6085 6171 14309 6076 6162 14310 6086 6172 14311 6078 6164 14312 6085 6171 14313 6087 6173 14314 6086 6172 14315 6088 6174 14316 6086 6172 14317 6087 6173 14318 6086 6172 14319 6088 6174 14320 6089 6175 14321 6089 6175 14322 6078 6164 14323 6086 6172 14324 6078 6164 14325 6089 6175 14326 6080 6166 14327 6090 6176 14328 6089 6175 14329 6088 6174 14330 6090 6176 14331 6091 6177 14332 6089 6175 14333 6092 6178 14334 6089 6175 14335 6091 6177 14336 6080 6166 14337 6092 6178 14338 6082 6168 14339 6092 6178 14340 6080 6166 14341 6089 6175 14342 6091 6177 14343 6093 6179 14344 6092 6178 14345 6094 6180 14346 6092 6178 14347 6093 6179 14348 6094 6180 14349 6082 6168 14350 6092 6178 14351 6081 6167 14352 6095 6181 14353 6079 6165 14354 6083 6169 14355 6075 6161 14356 6096 6182 14357 6077 6163 14358 6096 6182 14359 6075 6161 14360 6096 6182 14361 6077 6163 14362 6097 6183 14363 6097 6183 14364 6079 6165 14365 6095 6181 14366 6079 6165 14367 6097 6183 14368 6077 6163 14369 6098 6184 14370 6099 6185 14371 6100 6186 14372 6101 6187 14373 6100 6186 14374 6099 6185 14375 6101 6187 14376 6099 6185 14377 6102 6188 14378 6103 6189 14379 6102 6188 14380 6099 6185 14381 6098 6184 14382 6104 6190 14383 6099 6185 14384 6105 6191 14385 6099 6185 14386 6104 6190 14387 6106 6192 14388 6105 6191 14389 6104 6190 14390 6106 6192 14391 6107 6193 14392 6105 6191 14393 6105 6191 14394 6107 6193 14395 6099 6185 14396 6103 6189 14397 6099 6185 14398 6107 6193 14399 6100 6186 14400 6108 6194 14401 6098 6184 14402 6109 6195 14403 6098 6184 14404 6108 6194 14405 6098 6184 14406 6109 6195 14407 6104 6190 14408 6106 6192 14409 6104 6190 14410 6110 6196 14411 6110 6196 14412 6104 6190 14413 6109 6195 14414 6103 6189 14415 6111 6197 14416 6102 6188 14417 6103 6189 14418 6107 6193 14419 6111 6197 14420 6112 6198 14421 6102 6188 14422 6111 6197 14423 6112 6198 14424 6111 6197 14425 6113 6199 14426 6114 6200 14427 6113 6199 14428 6111 6197 14429 6107 6193 14430 6106 6192 14431 6115 6201 14432 6115 6201 14433 6111 6197 14434 6107 6193 14435 6115 6201 14436 6106 6192 14437 6116 6202 14438 6114 6200 14439 6111 6197 14440 6116 6202 14441 6115 6201 14442 6116 6202 14443 6111 6197 14444 6113 6199 14445 6114 6200 14446 6117 6203 14447 6116 6202 14448 6106 6192 14449 6118 6204 14450 6114 6200 14451 6116 6202 14452 6119 6205 14453 6118 6204 14454 6119 6205 14455 6116 6202 14456 6119 6205 14457 6120 6206 14458 6114 6200 14459 6121 6207 14460 6122 6208 14461 6123 6209 14462 6124 6210 14463 6123 6209 14464 6122 6208 14465 6124 6210 14466 6122 6208 14467 6125 6211 14468 6126 6212 14469 6125 6211 14470 6122 6208 14471 6122 6208 14472 6121 6207 14473 6127 6213 14474 6122 6208 14475 6127 6213 14476 6126 6212 14477 6128 6214 14478 6127 6213 14479 6121 6207 14480 6129 6215 14481 6126 6212 14482 6127 6213 14483 6121 6207 14484 6130 6216 14485 6128 6214 14486 6131 6217 14487 6128 6214 14488 6130 6216 14489 6121 6207 14490 6132 6218 14491 6130 6216 14492 6133 6219 14493 6130 6216 14494 6132 6218 14495 6123 6209 14496 6134 6220 14497 6121 6207 14498 6134 6220 14499 6132 6218 14500 6121 6207 14501 6126 6212 14502 6135 6221 14503 6125 6211 14504 6136 6222 14505 6125 6211 14506 6135 6221 14507 6136 6222 14508 6135 6221 14509 6137 6223 14510 6138 6224 14511 6137 6223 14512 6135 6221 14513 6135 6221 14514 6139 6225 14515 6138 6224 14516 6129 6215 14517 6139 6225 14518 6126 6212 14519 6135 6221 14520 6126 6212 14521 6139 6225 14522 6140 6226 14523 6138 6224 14524 6139 6225 14525 6138 6224 14526 6140 6226 14527 6141 6227 14528 6142 6228 14529 6141 6227 14530 6140 6226 14531 6141 6227 14532 6143 6229 14533 6138 6224 14534 6144 6230 14535 6138 6224 14536 6143 6229 14537 6145 6231 14538 6137 6223 14539 6138 6224 14540 6145 6231 14541 6138 6224 14542 6144 6230 14543 6146 6232 14544 6147 6233 14545 6148 6234 14546 6149 6235 14547 6148 6234 14548 6147 6233 14549 6146 6232 14550 6148 6234 14551 6150 6236 14552 6151 6237 14553 6150 6236 14554 6148 6234 14555 6151 6237 14556 6152 6238 14557 6150 6236 14558 6153 6239 14559 6150 6236 14560 6152 6238 14561 6153 6239 14562 6152 6238 14563 6154 6240 14564 6155 6241 14565 6154 6240 14566 6152 6238 14567 6156 6242 14568 6157 6243 14569 6158 6244 14570 6159 6245 14571 6158 6244 14572 6157 6243 14573 6159 6245 14574 6160 6246 14575 6158 6244 14576 6161 6247 14577 6158 6244 14578 6160 6246 14579 6157 6243 14580 6156 6242 14581 6162 6248 14582 6157 6243 14583 6162 6248 14584 6163 6249 14585 6164 6250 14586 6163 6249 14587 6162 6248 14588 6165 6251 14589 6163 6249 14590 6164 6250 14591 6166 6252 14592 6162 6248 14593 6156 6242 14594 6160 6246 14595 6167 6253 14596 6161 6247 14597 6160 6246 14598 6168 6254 14599 6167 6253 14600 6169 6255 14601 6167 6253 14602 6168 6254 14603 6168 6254 14604 6170 6256 14605 6169 6255 14606 6171 6257 14607 6161 6247 14608 6167 6253 14609 6172 6258 14610 6173 6259 14611 6174 6260 14612 6175 6261 14613 6174 6260 14614 6173 6259 14615 6174 6260 14616 6175 6261 14617 6176 6262 14618 6177 6263 14619 6176 6262 14620 6175 6261 14621 5262 2306 14622 5258 5334 14623 5261 2303 14624 5636 4191 14625 5637 5701 14626 5632 4187 14627 3765 780 14628 3759 3813 14629 3637 781 14630 2635 1151 14631 2633 2670 14632 2639 1155 14633 5261 2303 14634 2264 2300 14635 2260 2296 14636 2260 2296 14637 2262 2298 14638 5262 2306 14639 5262 2306 14640 5266 5333 14641 5258 5334 14642 5258 5334 14643 5265 5335 14644 5261 2303 14645 5261 2303 14646 2260 2296 14647 5262 2306 14648 4133 4184 14649 4134 4185 14650 5632 4187 14651 4134 4185 14652 4137 4189 14653 5636 4191 14654 5636 4191 14655 5634 5707 14656 5637 5701 14657 4134 4185 14658 5636 4191 14659 5632 4187 14660 5637 5701 14661 5638 5703 14662 5632 4187 14663 766 775 14664 767 776 14665 3637 781 14666 767 776 14667 768 777 14668 3765 780 14669 3765 780 14670 3768 3817 14671 3759 3813 14672 767 776 14673 3765 780 14674 3637 781 14675 3759 3813 14676 3761 3815 14677 3637 781 14678 2639 1155 14679 1141 1153 14680 1136 1146 14681 1136 1146 14682 1015 1148 14683 2635 1151 14684 2635 1151 14685 2640 2669 14686 2633 2670 14687 2633 2670 14688 2638 2673 14689 2639 1155 14690 2639 1155 14691 1136 1146 14692 2635 1151 14693</p>
        </triangles>
      </mesh>
    </geometry>
  </library_geometries>
  <library_controllers/>
  <library_visual_scenes>
    <visual_scene id="Scene" name="Scene">
      <node id="StarBase_0_001" name="StarBase_0_001" type="NODE">
        <matrix sid="transform">1 0 0 0 0 1 0 0 0 0 1 0 0 0 0 1</matrix>
        <instance_geometry url="#StarBase_0_2608-mesh" name="StarBase_0_001">
          <bind_material>
            <technique_common>
              <instance_material symbol="Starbase-material" target="#Starbase-material"/>
            </technique_common>
          </bind_material>
        </instance_geometry>
      </node>
    </visual_scene>
  </library_visual_scenes>
  <scene>
    <instance_visual_scene url="#Scene"/>
  </scene>
</COLLADA>