<?xml version="1.0" encoding="utf-8"?>
<COLLADA xmlns="http://www.collada.org/2005/11/COLLADASchema" version="1.4.1" xmlns:xsi="http://www.w3.org/2001/XMLSchema-instance">
  <asset>
    <contributor>
      <author>Blender User</author>
      <authoring_tool>Blender 2.79.0 commit date:2018-03-22, commit time:14:10, hash:f4dc9f9d68b</authoring_tool>
    </contributor>
    <created>2022-10-04T15:03:46</created>
    <modified>2022-10-04T15:03:46</modified>
    <unit name="meter" meter="1"/>
    <up_axis>Z_UP</up_axis>
  </asset>
  <library_images/>
  <library_effects>
    <effect id="Battleship_A-effect">
      <profile_COMMON>
        <technique sid="common">
          <phong>
            <emission>
              <color sid="emission">0 0 0 1</color>
            </emission>
            <ambient>
              <color sid="ambient">0 0 0 1</color>
            </ambient>
            <diffuse>
              <color sid="diffuse">0.64 0.64 0.64 1</color>
            </diffuse>
            <specular>
              <color sid="specular">0.5 0.5 0.5 1</color>
            </specular>
            <shininess>
              <float sid="shininess">50</float>
            </shininess>
            <index_of_refraction>
              <float sid="index_of_refraction">1</float>
            </index_of_refraction>
          </phong>
        </technique>
      </profile_COMMON>
    </effect>
  </library_effects>
  <library_materials>
    <material id="Battleship_A-material" name="Battleship_A">
      <instance_effect url="#Battleship_A-effect"/>
    </material>
  </library_materials>
  <library_geometries>
    <geometry id="Trilarian_Battleship_A_1-mesh" name="Trilarian_Battleship_A_1">
      <mesh>
        <source id="Trilarian_Battleship_A_1-mesh-positions">
          <float_array id="Trilarian_Battleship_A_1-mesh-positions-array" count="15936">-4.288205 13.34718 2.475786 -3.520596 13.34718 3.520578 -3.123719 14.23377 3.123707 -3.804801 14.23377 2.196696 -2.649038 14.84771 2.649026 -3.226625 14.84771 1.862878 -2.056634 15.37492 2.056617 -2.505052 15.37492 1.44628 -1.39699 15.76121 1.382823 -1.703532 15.75779 0.9736285 -0.9030984 15.95627 0.6843005 -1.142158 15.94093 0.4957693 -2.475798 13.34718 4.288195 -2.494743 12.91406 4.321005 -3.548386 12.91366 3.548373 -2.196706 14.23377 3.804791 -1.288626 13.34718 4.809207 -1.143366 14.23377 4.267068 -0.9696196 14.84771 3.618641 -1.862892 14.84771 3.226609 -0.7527815 15.37492 2.809397 -1.446293 15.37492 2.505037 -0.5107145 15.76714 1.893869 -0.9828552 15.76483 1.689632 -0.3123458 16.00981 0.9393797 -0.6261951 15.98296 0.8360495 -0.2366917 16.08116 -8.26591e-6 -0.4955662 16.06319 -8.26591e-6 -1.9164e-6 13.34719 4.97936 -1.99391e-6 14.23377 4.393383 -2.04758e-6 14.84771 3.725765 -2.09367e-6 15.37492 2.892569 -2.12904e-6 15.77946 1.964229 -2.14994e-6 16.01857 0.9814594 -2.15567e-6 16.08408 -8.26591e-6 -0.703001 16.04082 2.52104e-4 -0.8464181 16.02111 -8.26591e-6 -0.9568115 16.00592 -8.26591e-6 -1.360959 15.911 0.3293597 -1.914028 15.7553 0.5113049 -2.809409 15.37492 0.7527712 -3.618653 14.84771 0.9696059 -3.725775 14.84771 -8.26591e-6 -4.393404 14.23377 -8.26591e-6 -4.267085 14.23377 1.143349 -4.951596 13.34718 -8.26591e-6 -4.809224 13.34718 1.288616 -2.892581 15.37492 -8.26591e-6 -4.847186 12.91366 1.29879 -4.321017 12.91406 2.494729 -4.989481 12.91406 -8.26591e-6 -1.968492 15.75918 -8.26591e-6 -1.334738 15.92452 -8.26591e-6 -1.298804 12.91366 4.847169 -1.87857e-6 12.91448 5.016265 -0.4955662 16.06319 -8.26591e-6 -0.703081 16.04079 -8.26591e-6 -0.703001 16.04082 2.52104e-4 -0.8464181 16.02111 -8.26591e-6 -0.703001 16.04082 -2.68636e-4 4.288199 13.34718 2.475786 3.804797 14.23377 2.196696 3.123716 14.23377 3.123707 3.520594 13.34718 3.520578 2.649035 14.84771 2.649026 3.226623 14.84771 1.862878 2.05663 15.37492 2.056617 2.505047 15.37492 1.44628 1.396986 15.76121 1.382823 1.703528 15.75779 0.9736285 0.9030941 15.95627 0.6843005 1.142154 15.94093 0.4957693 2.475796 13.34718 4.288195 2.494739 12.91406 4.321005 3.548381 12.91366 3.548373 2.196703 14.23377 3.804791 1.288622 13.34718 4.809207 1.143362 14.23377 4.267068 0.9696155 14.84771 3.618641 1.862888 14.84771 3.226609 0.7527774 15.37492 2.809397 1.446289 15.37492 2.505037 0.51071 15.76714 1.893869 0.9828509 15.76483 1.689632 0.3123417 16.00981 0.9393797 0.6261908 15.98296 0.8360495 0.2366874 16.08116 -8.26591e-6 0.4955619 16.0632 -8.26591e-6 -1.9164e-6 13.34719 4.97936 -1.99391e-6 14.23377 4.393383 -2.04758e-6 14.84771 3.725765 -2.09367e-6 15.37492 2.892569 -2.12904e-6 15.77946 1.964229 -2.14994e-6 16.01857 0.9814594 -2.15567e-6 16.08408 -8.26591e-6 0.7029967 16.04082 2.52104e-4 0.8464136 16.02111 -8.26591e-6 0.956807 16.00592 -8.26591e-6 1.360955 15.91101 0.3293597 1.914024 15.7553 0.5113049 2.809405 15.37492 0.7527712 3.618648 14.84771 0.9696059 3.72577 14.84771 -8.26591e-6 4.393399 14.23377 -8.26591e-6 4.26708 14.23377 1.143349 4.951593 13.34718 -8.26591e-6 4.809219 13.34718 1.288616 2.892579 15.37492 -8.26591e-6 4.847182 12.91366 1.29879 4.321015 12.91406 2.494729 4.989477 12.91406 -8.26591e-6 1.968488 15.75918 -8.26591e-6 1.334734 15.92452 -8.26591e-6 1.2988 12.91366 4.847169 -1.87857e-6 12.91448 5.016265 0.7030767 16.04079 -8.26591e-6 0.4955619 16.0632 -8.26591e-6 0.7029967 16.04082 2.52104e-4 0.8464136 16.02111 -8.26591e-6 0.7029967 16.04082 -2.68636e-4 -3.123719 14.23377 -3.123726 -3.520596 13.34718 -3.520597 -4.288205 13.34718 -2.475806 -3.804801 14.23377 -2.196715 -2.649038 14.84771 -2.649039 -3.226625 14.84771 -1.862895 -2.056634 15.37492 -2.056637 -2.505052 15.37492 -1.446297 -1.39699 15.76121 -1.382839 -1.703532 15.75779 -0.9736449 -0.9030984 15.95627 -0.6843139 -1.142158 15.94093 -0.495786 -2.475798 13.34718 -4.288208 -2.494743 12.91406 -4.32102 -3.548386 12.91366 -3.548389 -2.196706 14.23377 -3.804807 -1.288626 13.34718 -4.809227 -1.143366 14.23377 -4.267084 -0.9696196 14.84771 -3.618656 -1.862892 14.84771 -3.226626 -0.7527815 15.37492 -2.809413 -1.446293 15.37492 -2.505055 -0.5107145 15.76714 -1.893885 -0.9828552 15.76483 -1.689649 -0.3123458 16.00981 -0.9393963 -0.6261951 15.98295 -0.8360627 -0.2366917 16.08116 -8.26591e-6 -0.4955662 16.06319 -8.26591e-6 -1.9164e-6 13.34718 -4.979375 -1.99391e-6 14.23377 -4.393396 -2.04758e-6 14.84771 -3.725782 -2.09367e-6 15.37492 -2.892585 -2.12904e-6 15.77946 -1.964246 -2.14994e-6 16.01857 -0.981476 -2.12904e-6 15.77946 -1.964246 -2.15567e-6 16.08408 -8.26591e-6 -0.703001 16.04082 -2.68636e-4 -0.8464181 16.02111 -8.26591e-6 -0.9568115 16.00592 -8.26591e-6 -1.360959 15.91101 -0.3293761 -1.914028 15.75529 -0.5113213 -2.809409 15.37492 -0.7527844 -3.618653 14.84771 -0.969626 -3.725775 14.84771 -8.26591e-6 -4.393404 14.23377 -8.26591e-6 -4.267085 14.23377 -1.143366 -4.951596 13.34718 -8.26591e-6 -4.809224 13.34718 -1.288632 -2.892581 15.37492 -8.26591e-6 -4.847186 12.91366 -1.298807 -4.321017 12.91406 -2.494746 -4.989481 12.91406 -8.26591e-6 -1.968492 15.75918 -8.26591e-6 -1.334738 15.92452 -8.26591e-6 -1.298804 12.91366 -4.847187 -1.87857e-6 12.91448 -5.016281 3.123716 14.23377 -3.123726 3.804797 14.23377 -2.196715 4.288199 13.34718 -2.475806 3.520594 13.34718 -3.520597 2.649035 14.84771 -2.649039 3.226623 14.84771 -1.862895 2.05663 15.37492 -2.056637 2.505047 15.37492 -1.446297 1.396986 15.76121 -1.382839 1.703528 15.75779 -0.9736449 0.9030941 15.95627 -0.6843139 1.142154 15.94093 -0.495786 2.475796 13.34718 -4.288208 2.494739 12.91406 -4.32102 3.548381 12.91366 -3.548389 2.196703 14.23377 -3.804807 1.288622 13.34718 -4.809227 1.143362 14.23377 -4.267084 0.9696155 14.84771 -3.618656 1.862888 14.84771 -3.226626 0.7527774 15.37492 -2.809413 1.446289 15.37492 -2.505055 0.51071 15.76714 -1.893885 0.9828509 15.76483 -1.689649 0.3123417 16.00981 -0.9393963 0.6261908 15.98295 -0.8360627 0.2366874 16.08116 -8.26591e-6 0.4955619 16.0632 -8.26591e-6 -1.9164e-6 13.34718 -4.979375 -1.99391e-6 14.23377 -4.393396 -2.04758e-6 14.84771 -3.725782 -2.09367e-6 15.37492 -2.892585 -2.12904e-6 15.77946 -1.964246 -2.14994e-6 16.01857 -0.981476 -2.12904e-6 15.77946 -1.964246 -2.15567e-6 16.08408 -8.26591e-6 0.7029967 16.04082 -2.68636e-4 0.8464136 16.02111 -8.26591e-6 0.956807 16.00592 -8.26591e-6 1.360955 15.91101 -0.3293761 1.914024 15.75529 -0.5113213 2.809405 15.37492 -0.7527844 3.618648 14.84771 -0.969626 3.72577 14.84771 -8.26591e-6 4.393399 14.23377 -8.26591e-6 4.26708 14.23377 -1.143366 4.951593 13.34718 -8.26591e-6 4.809219 13.34718 -1.288632 2.892579 15.37492 -8.26591e-6 4.847182 12.91366 -1.298807 4.321015 12.91406 -2.494746 4.989477 12.91406 -8.26591e-6 1.968488 15.75918 -8.26591e-6 1.334734 15.92452 -8.26591e-6 1.2988 12.91366 -4.847187 -1.87857e-6 12.91448 -5.016281 -3.946336 -4.071504 3.095939 -3.63263 -11.7228 2.802217 -3.560411 -11.7228 3.243237 -3.83043 -4.086748 3.583995 -3.519513 -11.7228 2.496921 -3.819389 -4.047324 2.818994 -3.320003 -11.7228 3.486717 -3.534114 -4.075101 3.879578 -2.886861 -11.7228 3.56411 -3.042759 -4.036699 3.993548 -2.626446 -11.7228 3.416894 -2.736037 -4.004204 3.894227 -2.851099 -11.7228 1.866018 -3.612913 -3.677175 2.362897 -3.183868 -3.633963 2.181853 -3.298087 -11.7228 2.029009 -3.918135 -3.716649 2.668119 -3.603287 -11.7228 2.334213 -3.967423 -2.621507 2.720391 -4.151631 -2.65731 3.146957 -4.099543 -3.752386 3.097527 -3.965436 -3.769684 3.665472 -4.010169 -2.674439 3.722252 -3.662222 -2.582029 2.415182 -3.236017 -2.538884 2.231344 -3.614919 -3.758991 4.017028 -3.652321 -2.663578 4.081161 -3.048021 -3.720314 4.152169 -3.078092 -2.624734 4.22369 -2.588189 -3.676079 4.002009 -2.609635 -2.580305 4.082221 -2.28298 -3.636603 3.696774 -2.146041 -11.7228 3.184468 -2.132369 -3.601886 3.236471 -1.940238 -11.7228 2.77958 -2.451251 -11.7228 3.48967 -2.304433 -2.540829 3.777022 -2.162478 -2.506308 3.308076 -2.985045 -2.544789 2.75918 -3.236017 -2.538884 2.231344 -3.259322 -2.563344 2.684417 -3.662222 -2.582029 2.415182 -3.550865 -2.591681 2.790526 -3.967423 -2.621507 2.720391 -3.773466 -2.621837 3.040703 -4.151631 -2.65731 3.146957 -3.83378 -2.637591 3.257754 -4.010169 -2.674439 3.722252 -3.782536 -2.648951 3.577082 -3.652321 -2.663578 4.081161 -3.498025 -2.640023 3.856494 -3.171084 -2.61704 3.913463 -3.078092 -2.624734 4.22369 -2.950655 -2.596616 3.860819 -2.609635 -2.580305 4.082221 -2.704209 -2.566171 3.643282 -2.304433 -2.540829 3.777022 -2.60419 -2.543774 3.347762 -2.162478 -2.506308 3.308076 -2.684684 -2.535881 3.064584 -1.62669 -12.36869 4.073252 -1.448283 -12.39443 4.340083 -1.643608 -2.212834 4.899067 -1.864512 -2.193486 4.620851 -1.71134 -12.24097 2.964131 -2.016999 -2.097506 3.493549 -1.376379 -2.217126 5.019234 -1.223554 -12.40015 4.44887 -0.9724336 -12.39443 4.467587 -1.082768 -2.212834 5.049341 -0.6750078 -12.36869 4.328261 -0.7428451 -2.193486 4.921394 1.08234e-6 -12.24097 3.422685 1.95574e-7 -2.097506 4.034002 -1.680337 -2.115131 3.783311 -1.864512 -2.193486 4.620851 -1.652551 -2.177523 4.496946 -2.016999 -2.097506 3.493549 -1.506997 -2.190874 4.687091 -1.643608 -2.212834 4.899067 -1.376379 -2.217126 5.019234 -1.280512 -2.194447 4.788213 -1.082768 -2.212834 5.049341 -1.03266 -2.190907 4.814556 -0.7428451 -2.193486 4.921394 -0.8067759 -2.177569 4.724122 -0.403176 -2.115182 4.126075 1.95574e-7 -2.097506 4.034002 -1.008496 -2.097527 3.816802 -1.04175 -2.115182 4.010401 -1.343077 -12.36273 4.098528 -1.62669 -12.36869 4.073252 -1.475812 -12.34577 3.918673 -1.448283 -12.39443 4.340083 -1.487796 -12.26701 3.245497 -1.71134 -12.24097 2.964131 1.08234e-6 -12.24097 3.422685 -0.3148895 -12.26708 3.560336 -0.6750078 -12.36869 4.328261 -0.6856096 -12.34583 4.13098 -0.8955111 -12.36277 4.21884 -0.9724336 -12.39443 4.467587 -1.129734 -12.36735 4.194968 -1.223554 -12.40015 4.44887 -3.220646 12.82322 4.197342 -3.526855 11.37208 4.592178 -2.885898 11.37208 4.998524 -2.637782 12.82321 4.568753 -2.201157 11.37208 5.350003 -2.008925 12.82322 4.890006 -3.750933 12.82321 3.750921 -4.103771 11.37208 4.103763 -4.603377 11.37208 3.526342 -4.204595 12.82321 3.223139 -4.998542 11.37208 2.885897 -4.568765 12.82321 2.63777 -5.368774 11.37208 2.213755 -4.904174 12.82321 2.023424 -5.605862 11.37208 1.502067 -5.12387 12.82321 1.372927 -1.502078 11.37208 5.60585 -1.372941 12.82322 5.123856 -0.7306222 11.37208 5.740134 -0.664819 12.82322 5.246593 -9.81975e-7 11.37208 5.771809 -1.10884e-6 12.82322 5.306237 -5.762801 11.37208 0.7577764 -5.264325 12.82321 0.6926306 -5.771817 11.37208 -6.67615e-6 -5.275555 12.82321 -6.67615e-6 -0.6725363 10.94902 5.304542 -9.4499e-7 10.94902 5.333808 -9.81975e-7 11.37208 5.771809 -0.7306222 11.37208 5.740134 -1.388086 10.94902 5.180444 -1.502078 11.37208 5.60585 -2.201157 11.37208 5.350003 -2.031477 10.94902 4.944021 -2.885898 11.37208 4.998524 -2.666906 10.94902 4.619209 -2.904733 11.11401 4.670258 -3.526855 11.37208 4.592178 -3.361994 11.11401 4.379605 -3.913805 11.11401 3.91379 -4.103771 11.37208 4.103763 -4.603377 11.37208 3.526342 -4.388679 11.11402 3.363098 -4.672538 11.11401 2.904999 -4.998542 11.37208 2.885897 -4.619223 10.94902 2.666888 -4.958723 10.94902 2.045753 -5.368774 11.37208 2.213755 -5.605862 11.37208 1.502067 -5.18046 10.94902 1.388072 -5.322854 10.94902 0.7002714 -5.762801 11.37208 0.7577764 -5.771817 11.37208 -6.67615e-6 -5.333822 10.94902 -6.67615e-6 -0.6725363 10.94902 5.304542 -0.7251508 8.761433 5.699043 -7.53745e-7 8.761433 5.730495 -9.4499e-7 10.94902 5.333808 -1.388086 10.94902 5.180444 -1.491333 8.761433 5.565726 -2.031477 10.94902 4.944021 -2.185152 8.761431 5.311713 -2.666906 10.94902 4.619209 -2.865248 8.761433 4.962754 -3.448742 9.231763 4.491461 -5.33009 8.761433 2.197916 -4.619223 10.94902 2.666888 -4.958723 10.94902 2.045753 -4.962754 8.761433 2.865241 -5.565727 8.761433 1.491325 -5.18046 10.94902 1.388072 -5.721292 8.761433 0.7523587 -5.322854 10.94902 0.7002714 -5.730495 8.761433 -6.67615e-6 -5.333822 10.94902 -6.67615e-6 -4.501628 9.231765 3.448987 -3.729946 7.173174 3.729946 -3.54044 6.932243 3.54043 -2.839979 6.932243 4.05506 -2.623024 7.173175 4.543208 -2.489748 6.932243 4.312376 -2.674607 8.541576 4.632551 -3.8033 8.541575 3.803293 -4.055071 6.932242 2.839974 -4.543204 7.173174 2.623012 -4.312386 6.932242 2.489748 -4.836344 6.932242 1.295884 -5.095205 7.173174 1.365246 -5.195408 8.541575 1.392094 -4.632552 8.541573 2.674597 -1.295888 6.932243 4.836328 -1.365257 7.173175 5.095202 -6.14895e-7 7.173175 5.24604 -5.93832e-7 6.932243 4.979506 -7.34524e-7 8.541576 5.349205 -1.392109 8.541576 5.195401 -5.246043 7.173174 -6.67615e-6 -4.979514 6.932242 -6.67615e-6 -5.34921 8.541573 -6.67615e-6 -1.045535 -0.9216336 3.95697 0 -0.9216119 4.182162 -1.025103 -1.170228 3.879615 0 -1.170205 4.100405 -1.008496 -2.097527 3.816802 1.95574e-7 -2.097506 4.034002 -2.050199 -1.170205 3.551051 -2.091077 -0.921612 3.621854 -2.016999 -2.097506 3.493549 -4.182155 -0.9216139 -3.33808e-6 -3.919713 -0.9216089 1.050282 -3.992325 -1.170207 0.4033229 -4.100399 -1.170205 -3.33808e-6 -3.659118 -1.170207 1.64687 -3.621852 -0.9216089 2.091074 -3.551051 -1.170205 2.050196 -4.403727 5.775333 4.079846 -3.595555 -0.676963 3.699172 -3.959513 5.80676 4.531204 -3.819486 -0.6769595 3.386731 -4.642042 5.825143 3.740177 -3.859196 -0.7568548 2.990359 -4.63985 6.025306 3.449827 -3.621852 -0.9216089 2.091074 -4.312386 6.932242 2.489748 -3.790845 -0.9810784 2.950128 -3.551051 -1.170205 2.050196 -3.273914 -0.6769144 3.901606 -3.551802 -0.8801183 3.653984 -3.247584 -0.8875319 3.83728 -2.882615 -0.7568079 3.910229 -2.844106 -0.9576165 3.841837 -2.091077 -0.921612 3.621854 -3.346836 6.100117 4.734677 -2.489748 6.932243 4.312376 -2.050199 -1.170205 3.551051 -3.627059 5.892786 4.764245 -3.754347 -0.9114177 3.358742 -3.060528 6.472209 4.041164 -3.615911 6.472211 3.633121 -3.620341 5.86798 4.327734 -3.821974 5.725266 4.332964 -4.218801 5.697191 3.929769 -4.236982 5.837772 3.714634 -4.02395 6.47221 3.077746 -3.551802 -0.8801183 3.653984 -3.754347 -0.9114177 3.358742 -3.790845 -0.9810784 2.950128 -2.844106 -0.9576165 3.841837 -3.247584 -0.8875319 3.83728 -2.050199 -1.170205 3.551051 -3.551051 -1.170205 2.050196 -3.551051 -1.170205 2.050196 -2.016999 -2.097506 3.493549 -2.050199 -1.170205 3.551051 -3.493542 -2.097506 2.016995 -1.71134 -12.24097 2.964131 -2.96413 -12.24098 1.711338 -4.224379 -1.691591 0.7786729 -3.947649 -2.618886 1.563628 -4.005153 -1.691591 1.596835 -4.157979 -2.618886 0.7786729 -3.479 -11.80543 1.257977 -3.607435 -11.80543 0.7786729 -3.809928 -2.498942 1.792019 -3.867434 -1.571646 1.825226 -3.493542 -2.097506 2.016995 -3.551051 -1.170205 2.050196 -2.96413 -12.24098 1.711338 -3.324238 -11.90845 1.488268 -4.167366 -2.513473 0.4926533 -4.233768 -1.586176 0.4926533 -4.100683 -2.305489 0.2463266 -4.167082 -1.378191 0.2463266 -3.512559 -12.06924 0.2434759 -3.602429 -11.89751 0.4869584 -1.962981 -12.58121 1.319468 -1.319463 -12.58121 1.962985 -1.71134 -12.24097 2.964131 -2.96413 -12.24098 1.711338 -2.124183 -12.58121 1.040261 -3.422684 -12.24097 -3.33808e-6 -2.402926 -12.58121 -3.33808e-6 -1.967026 -12.58126 1.135667 -1.04026 -12.58121 2.124184 1.08234e-6 -12.24097 3.422685 1.11209e-6 -12.58121 2.402923 -1.135666 -12.58126 1.967031 -1.319463 -12.58121 1.962985 -1.962981 -12.58121 1.319468 -1.14847 -15.80489 1.661263 -1.661262 -15.80489 1.148462 1.11209e-6 -12.58121 2.402923 -0.8644635 -15.80489 1.825233 1.39391e-6 -15.80489 2.056869 -1.04026 -12.58121 2.124184 -2.124183 -12.58121 1.040261 -2.402926 -12.58121 -3.33808e-6 -1.825235 -15.80488 0.8644615 -2.056877 -15.80488 -3.33808e-6 1.29625e-6 -14.6878 -3.33808e-6 -0.3808965 -14.6878 0.6597307 -0.6597359 -14.6878 0.3808845 1.29625e-6 -14.6878 0.7617889 -0.7617942 -14.6878 -3.33808e-6 -3.607435 -11.80543 0.7786729 -3.602429 -11.89751 0.4869584 -3.324238 -11.90845 1.488268 -3.479 -11.80543 1.257977 -2.96413 -12.24098 1.711338 -3.512559 -12.06924 0.2434759 -3.422684 -12.24097 -3.33808e-6 -3.512559 -12.06924 -3.33808e-6 -0.7251508 8.761433 5.699043 -1.392109 8.541576 5.195401 -7.34524e-7 8.541576 5.349205 -7.53745e-7 8.761433 5.730495 -1.491333 8.761433 5.565726 -2.185152 8.761431 5.311713 -2.674607 8.541576 4.632551 -2.769926 8.651505 4.797652 -3.8033 8.541575 3.803293 -3.938848 8.651504 3.938841 -4.797653 8.651504 2.769919 -4.632552 8.541573 2.674597 -5.33009 8.761433 2.197916 -5.195408 8.541575 1.392094 -5.565727 8.761433 1.491325 -5.721292 8.761433 0.7523587 -5.34921 8.541573 -6.67615e-6 -5.730495 8.761433 -6.67615e-6 -4.962754 8.761433 2.865241 -2.865248 8.761433 4.962754 -3.992325 -1.170207 0.4033229 -4.167082 -1.378191 0.2463266 -4.233768 -1.586176 0.4926533 -4.149776 -1.517797 0.6432971 -4.224379 -1.691591 0.7786729 -3.887056 -1.517797 1.62377 -4.005153 -1.691591 1.596835 -3.867434 -1.571646 1.825226 -3.659118 -1.170207 1.64687 -3.551051 -1.170205 2.050196 -4.100399 -1.170205 -3.33808e-6 -4.167082 -1.378191 -3.33808e-6 -3.992325 -1.170207 0.4033229 -3.952462 -1.659126 0.5520843 -3.698977 -1.659126 1.498098 -3.659118 -1.170207 1.64687 -4.149776 -1.517797 0.6432971 -3.952462 -1.659126 0.5520843 -3.992325 -1.170207 0.4033229 -3.659118 -1.170207 1.64687 -3.698977 -1.659126 1.498098 -3.887056 -1.517797 1.62377 -3.952462 -1.659126 0.5520843 -4.149776 -1.517797 0.6432971 -3.698977 -1.659126 1.498098 -3.887056 -1.517797 1.62377 -3.627059 5.892786 4.764245 -3.800334 5.990181 4.423093 -3.959513 5.80676 4.531204 -4.403727 5.775333 4.079846 -4.300818 5.954772 3.914572 -3.546029 6.170174 4.416486 -3.346836 6.100117 4.734677 -2.839979 6.932243 4.05506 -2.489748 6.932243 4.312376 -4.642042 5.825143 3.740177 -4.323749 6.132076 3.643232 -4.63985 6.025306 3.449827 -4.055071 6.932242 2.839974 -4.312386 6.932242 2.489748 -4.544156 9.451192 3.669562 -4.125415 9.447774 4.125627 -3.913805 11.11401 3.91379 -4.388679 11.11402 3.363098 -3.667936 9.450709 4.533534 -3.361994 11.11401 4.379605 -4.672538 11.11401 2.904999 -2.904733 11.11401 4.670258 -2.853102 -2.788582 3.521566 -2.839097 -2.769149 3.153603 -3.1608 -2.82242 3.704639 -2.789627 -2.77431 3.331346 -3.389467 -2.838464 3.666108 -3.618544 -2.836979 3.259036 -3.58534 -2.844612 3.473736 -3.067921 -2.775935 2.920941 -3.582796 -2.827312 3.125382 -3.421947 -2.805534 2.944821 -3.232983 -2.787287 2.877004 -3.025184 -2.809848 3.673649 -1.510836 -2.411986 4.426237 -1.071145 -2.370716 4.120827 -1.529085 -2.370567 3.95799 -0.8914495 -2.411786 4.590325 -1.238469 -2.424298 4.63191 -1.046423 -2.421552 4.652323 -1.412987 -2.421543 4.553993 -0.628673 -2.370656 4.200984 -1.344763 -12.10903 3.455305 -0.5503974 -12.10908 3.668532 -0.7890198 -12.15977 4.035839 -1.336998 -12.16005 3.891371 -1.097264 -12.17403 4.074514 -1.254191 -12.17063 4.003573 -0.9236744 -12.17064 4.092204 -2.494741 12.91406 4.321005 -3.220646 12.82322 4.197342 -2.637782 12.82321 4.568753 -3.548386 12.91366 3.548373 -3.750933 12.82321 3.750921 -4.204595 12.82321 3.223139 -4.321017 12.91406 2.494731 -4.568765 12.82321 2.63777 -4.904174 12.82321 2.023424 -4.847184 12.91366 1.298792 -5.12387 12.82321 1.372927 -5.264325 12.82321 0.6926306 -2.008925 12.82322 4.890006 -1.298803 12.91366 4.847169 -1.372941 12.82322 5.123856 -0.664819 12.82322 5.246593 -1.11682e-6 12.91448 5.016265 -1.10884e-6 12.82322 5.306237 -4.989479 12.91406 -6.67615e-6 -5.275555 12.82321 -6.67615e-6 -1.652551 -2.177523 4.496946 -1.510836 -2.411986 4.426237 -1.529085 -2.370567 3.95799 -1.680337 -2.115131 3.783311 -1.412987 -2.421543 4.553993 -1.652551 -2.177523 4.496946 -1.506997 -2.190874 4.687091 -1.280512 -2.194447 4.788213 -1.238469 -2.424298 4.63191 -1.03266 -2.190907 4.814556 -1.046423 -2.421552 4.652323 -0.8914495 -2.411786 4.590325 -0.8067759 -2.177569 4.724122 -0.403176 -2.115182 4.126075 -0.628673 -2.370656 4.200984 -0.8067759 -2.177569 4.724122 -1.04175 -2.115182 4.010401 -1.071145 -2.370716 4.120827 -0.628673 -2.370656 4.200984 -0.403176 -2.115182 4.126075 -1.529085 -2.370567 3.95799 -1.680337 -2.115131 3.783311 -2.626446 -11.7228 3.416894 -2.451251 -11.7228 3.48967 -2.736037 -4.004204 3.894227 -2.588189 -3.676079 4.002009 -3.048021 -3.720314 4.152169 -3.042759 -4.036699 3.993548 -2.736037 -4.004204 3.894227 -2.588189 -3.676079 4.002009 -3.534114 -4.075101 3.879578 -3.614919 -3.758991 4.017028 -3.83043 -4.086748 3.583995 -3.965436 -3.769684 3.665472 -4.099543 -3.752386 3.097527 -3.946336 -4.071504 3.095939 -3.819389 -4.047324 2.818994 -3.918135 -3.716649 2.668119 -3.603287 -11.7228 2.334213 -3.519513 -11.7228 2.496921 -3.819389 -4.047324 2.818994 -3.918135 -3.716649 2.668119 -2.470198 -11.50113 2.803937 -2.528899 -11.50113 3.023255 -3.126875 -11.50113 2.424862 -2.907998 -11.50113 2.366258 -2.528864 -11.50113 2.585109 -2.689093 -11.50113 2.424884 -2.688969 -11.50113 3.183075 -3.287109 -11.50113 2.585118 -2.908017 -11.50113 3.241725 -3.345705 -11.50113 2.803963 -3.287048 -11.50113 3.022867 -3.126924 -11.50113 3.183099 -2.626446 -11.7228 3.416894 -2.146041 -11.7228 3.184468 -2.451251 -11.7228 3.48967 -2.62607 -11.7228 3.292144 -2.419849 -11.7228 3.086248 -2.344286 -11.7228 2.803911 -1.940238 -11.7228 2.77958 -2.419823 -11.7228 2.522142 -2.851099 -11.7228 1.866018 -2.62614 -11.7228 2.315833 -2.907993 -11.7228 2.240346 -3.298087 -11.7228 2.029009 -3.189827 -11.7228 2.315806 -3.519513 -11.7228 2.496921 -3.603287 -11.7228 2.334213 -3.396167 -11.7228 2.522173 -3.471617 -11.7228 2.803976 -3.63263 -11.7228 2.802217 -3.3961 -11.7228 3.085808 -3.560411 -11.7228 3.243237 -3.189897 -11.7228 3.292144 -3.320003 -11.7228 3.486717 -2.886861 -11.7228 3.56411 -2.908024 -11.7228 3.367641 -3.259322 -2.563344 2.684417 -3.232983 -2.787287 2.877004 -3.067921 -2.775935 2.920941 -2.985045 -2.544789 2.75918 -3.421947 -2.805534 2.944821 -3.550865 -2.591681 2.790526 -3.582796 -2.827312 3.125382 -3.773466 -2.621837 3.040703 -3.618544 -2.836979 3.259036 -3.83378 -2.637591 3.257754 -3.58534 -2.844612 3.473736 -3.782536 -2.648951 3.577082 -3.498025 -2.640023 3.856494 -3.389467 -2.838464 3.666108 -3.171084 -2.61704 3.913463 -3.1608 -2.82242 3.704639 -3.025184 -2.809848 3.673649 -2.950655 -2.596616 3.860819 -2.704209 -2.566171 3.643282 -2.853102 -2.788582 3.521566 -2.60419 -2.543774 3.347762 -2.789627 -2.77431 3.331346 -2.839097 -2.769149 3.153603 -2.684684 -2.535881 3.064584 -3.471617 -11.7228 2.803976 -3.287109 -11.50113 2.585118 -3.345705 -11.50113 2.803963 -3.396167 -11.7228 2.522173 -3.126875 -11.50113 2.424862 -3.189827 -11.7228 2.315806 -2.907993 -11.7228 2.240346 -2.907998 -11.50113 2.366258 -2.689093 -11.50113 2.424884 -2.62614 -11.7228 2.315833 -2.528864 -11.50113 2.585109 -2.419823 -11.7228 2.522142 -2.344286 -11.7228 2.803911 -2.470198 -11.50113 2.803937 -2.528899 -11.50113 3.023255 -2.419849 -11.7228 3.086248 -2.62607 -11.7228 3.292144 -2.688969 -11.50113 3.183075 -2.908024 -11.7228 3.367641 -2.908017 -11.50113 3.241725 -3.126924 -11.50113 3.183099 -3.189897 -11.7228 3.292144 -3.3961 -11.7228 3.085808 -3.287048 -11.50113 3.022867 -0.3148895 -12.26708 3.560336 -0.5503974 -12.10908 3.668532 -1.487796 -12.26701 3.245497 -1.344763 -12.10903 3.455305 -0.3148895 -12.26708 3.560336 -0.6856096 -12.34583 4.13098 -0.7890198 -12.15977 4.035839 -0.5503974 -12.10908 3.668532 -0.8955111 -12.36277 4.21884 -0.9236744 -12.17064 4.092204 -1.097264 -12.17403 4.074514 -1.129734 -12.36735 4.194968 -1.254191 -12.17063 4.003573 -1.343077 -12.36273 4.098528 -1.475812 -12.34577 3.918673 -1.336998 -12.16005 3.891371 -1.344763 -12.10903 3.455305 -1.487796 -12.26701 3.245497 -1.14847 -15.80489 1.661263 -1.661262 -15.80489 1.148462 -1.362321 -15.80489 0.979121 -0.9791229 -15.80489 1.362319 1.39391e-6 -15.80489 2.056869 -0.8644635 -15.80489 1.825233 -0.6902425 -15.80489 1.529102 1.39391e-6 -15.80489 1.714052 -1.529107 -15.80488 0.6902338 -1.825235 -15.80488 0.8644615 -2.056877 -15.80488 -3.33808e-6 -1.714064 -15.80488 -3.33808e-6 -1.405672 -15.66506 0.8115562 -0.6597359 -14.6878 0.3808845 -0.3808965 -14.6878 0.6597307 -0.8115649 -15.66506 1.40567 1.39391e-6 -15.80489 1.714052 1.29625e-6 -14.6878 0.7617889 -1.714064 -15.80488 -3.33808e-6 -0.7617942 -14.6878 -3.33808e-6 -1.362321 -15.80489 0.979121 -0.9791229 -15.80489 1.362319 -1.529107 -15.80488 0.6902338 -0.6902425 -15.80489 1.529102 -1.962981 -12.58121 1.319468 -1.708736 -15.70907 0.9865314 -1.661262 -15.80489 1.148462 -1.967026 -12.58126 1.135667 -1.319463 -12.58121 1.962985 -1.14847 -15.80489 1.661263 -0.9865401 -15.70907 1.708731 -1.135666 -12.58126 1.967031 -1.04026 -12.58121 2.124184 -0.9865401 -15.70907 1.708731 -0.8644635 -15.80489 1.825233 -1.135666 -12.58126 1.967031 -1.708736 -15.70907 0.9865314 -1.967026 -12.58126 1.135667 -2.124183 -12.58121 1.040261 -1.825235 -15.80488 0.8644615 -1.708736 -15.70907 0.9865314 -1.405672 -15.66506 0.8115562 -1.362321 -15.80489 0.979121 -1.661262 -15.80489 1.148462 -0.9865401 -15.70907 1.708731 -1.14847 -15.80489 1.661263 -0.9791229 -15.80489 1.362319 -0.8115649 -15.66506 1.40567 -0.9865401 -15.70907 1.708731 -0.8115649 -15.66506 1.40567 -0.6902425 -15.80489 1.529102 -0.8644635 -15.80489 1.825233 -1.708736 -15.70907 0.9865314 -1.529107 -15.80488 0.6902338 -1.405672 -15.66506 0.8115562 -1.825235 -15.80488 0.8644615 -3.54044 6.932243 3.54043 -3.615911 6.472211 3.633121 -3.060528 6.472209 4.041164 -2.839979 6.932243 4.05506 -4.02395 6.47221 3.077746 -4.055071 6.932242 2.839974 -4.323749 6.132076 3.643232 -4.236982 5.837772 3.714634 -4.02395 6.47221 3.077746 -4.055071 6.932242 2.839974 -4.300818 5.954772 3.914572 -4.218801 5.697191 3.929769 -4.323749 6.132076 3.643232 -4.218801 5.697191 3.929769 -4.300818 5.954772 3.914572 -3.800334 5.990181 4.423093 -3.821974 5.725266 4.332964 -3.620341 5.86798 4.327734 -3.800334 5.990181 4.423093 -3.546029 6.170174 4.416486 -3.821974 5.725266 4.332964 -3.546029 6.170174 4.416486 -3.060528 6.472209 4.041164 -2.839979 6.932243 4.05506 -5.290826 4.435869 -6.67615e-6 -4.826803 -0.1778849 -3.33808e-6 -4.571404 -0.1783122 1.074643 -5.116862 4.436101 1.220788 -4.76794 4.080382 1.943197 -4.944874 4.43698 1.625659 -4.399283 -0.1806111 1.72912 -4.660551 4.050914 2.058428 -4.694947 4.202942 2.006991 -4.291157 -0.2037574 1.844146 -4.074965 4.231911 2.352672 -3.662857 -0.4552329 2.114748 -4.300128 -0.3009664 1.742722 -4.845197 4.510076 1.733773 -4.11053 4.376341 2.303369 -4.340976 4.866283 1.864128 -4.901047 4.576107 1.591871 -4.901047 4.576107 1.591871 -5.059537 4.572575 1.224703 -4.602202 4.926069 1.233149 -4.400952 4.926069 1.731637 -4.775837 4.926067 -6.67615e-6 -5.232083 4.572625 -6.67615e-6 -3.679461 -0.5398765 2.028842 -4.400952 4.926069 1.731637 -4.074965 4.231911 2.352672 -4.220909 -0.5398815 -3.33808e-6 -3.964264 -0.5398765 1.062219 -4.484258 -0.2985696 1.070711 -4.741121 -0.2983636 -3.33808e-6 -4.300128 -0.3009664 1.742722 -3.679461 -0.5398765 2.028842 -3.448742 9.231763 4.491461 -3.324881 9.072563 4.357965 -2.769926 8.651505 4.797652 -2.865248 8.761433 4.962754 -3.889894 9.072564 3.880252 -4.013755 9.231765 4.013746 -4.501628 9.231765 3.448987 -4.377766 9.072564 3.315493 -4.962754 8.761433 2.865241 -4.797653 8.651504 2.769919 -4.544156 9.451192 3.669562 -4.125415 9.447774 4.125627 -3.667936 9.450709 4.533534 -3.938848 8.651504 3.938841 -2.769926 8.651505 4.797652 -3.324881 9.072563 4.357965 -3.889894 9.072564 3.880252 -4.377766 9.072564 3.315493 -4.797653 8.651504 2.769919 -4.672538 11.11401 2.904999 -4.619223 10.94902 2.666888 -4.544156 9.451192 3.669562 -4.501628 9.231765 3.448987 -2.666906 10.94902 4.619209 -2.904733 11.11401 4.670258 -3.667936 9.450709 4.533534 -3.448742 9.231763 4.491461 -1.401154 6.6025 6.357679 -1.313717 6.810235 4.792758 -1.26413 6.76126 4.791494 -1.430376 6.631366 6.358417 -1.215504 6.810235 4.801347 -1.372484 6.631366 6.363476 -1.265104 6.859207 4.802605 -1.401725 6.660234 6.364229 -1.372484 6.631366 6.363476 -1.215504 6.810235 4.801347 -1.401725 6.660234 6.364229 -1.430376 6.631366 6.358417 -1.401154 6.6025 6.357679 -1.372484 6.631366 6.363476 -1.381466 5.99447 6.132663 -1.308703 6.356925 4.735438 -1.259112 6.30795 4.734165 -1.410688 6.023335 6.1334 -1.352796 6.023335 6.13846 -1.210483 6.356925 4.744027 -1.260084 6.405901 4.745285 -1.382037 6.052203 6.13921 -1.308703 6.356925 4.735438 -1.410688 6.023335 6.1334 -1.382037 6.052203 6.13921 -1.410688 6.023335 6.1334 -1.381466 5.99447 6.132663 -1.352796 6.023335 6.13846 -1.253204 5.677351 4.666636 -1.351243 5.348932 5.78724 -1.380685 5.377402 5.790474 -1.303162 5.72565 4.672134 -1.322793 5.377402 5.795529 -1.204942 5.72565 4.680718 -1.352252 5.405874 5.798774 -1.254917 5.773958 4.686227 -1.303162 5.72565 4.672134 -1.380685 5.377402 5.790474 -1.352252 5.405874 5.798774 -1.380685 5.377402 5.790474 -1.351243 5.348932 5.78724 -1.322793 5.377402 5.795529 -1.253201 5.088045 4.580481 -1.35124 4.766809 5.38198 -1.380679 4.795281 5.385207 -1.303162 5.136343 4.585978 -1.32279 4.795281 5.390264 -1.204935 5.136343 4.594563 -1.352245 4.823753 5.393511 -1.25491 5.184648 4.600076 -1.303162 5.136343 4.585978 -1.380679 4.795281 5.385207 -1.352245 4.823753 5.393511 -1.380679 4.795281 5.385207 -1.35124 4.766809 5.38198 -1.32279 4.795281 5.390264 -4.100683 -2.305489 -3.33808e-6 -4.167082 -1.378191 0.2463266 -4.167082 -1.378191 -3.33808e-6 -4.100683 -2.305489 0.2463266 -3.512559 -12.06924 0.2434759 -3.512559 -12.06924 -3.33808e-6 -2.251871 -15.08919 0.3306897 -2.238201 -12.54814 0.6393849 -2.758571 -12.38201 0.4208078 -1.971509 -15.39057 0.4845551 -2.872623 -12.38562 -3.33808e-6 -2.338889 -15.1946 -3.33808e-6 -1.971509 -15.39057 0.4845551 -2.0984 -15.49548 -3.33808e-6 -0.3307284 -15.08919 2.251875 1.34056e-6 -15.1946 2.338892 1.09499e-6 -12.38562 2.872627 -0.4208334 -12.38201 2.758576 -0.6394039 -12.54814 2.2382 -0.4845771 -15.39057 1.971514 -0.4845771 -15.39057 1.971514 1.36686e-6 -15.49548 2.098404 3.946336 -4.071504 3.095939 3.830431 -4.086747 3.583995 3.560413 -11.7228 3.243237 3.632632 -11.7228 2.802217 3.519515 -11.7228 2.496921 3.81939 -4.047324 2.818994 3.320004 -11.7228 3.486717 3.534115 -4.0751 3.879578 2.886862 -11.7228 3.56411 3.04276 -4.036698 3.993548 2.626448 -11.7228 3.416894 2.736037 -4.004203 3.894227 3.183869 -3.633962 2.181853 3.612914 -3.677175 2.362897 2.851101 -11.7228 1.866018 3.298089 -11.7228 2.029009 3.918136 -3.716648 2.668119 3.603289 -11.7228 2.334213 3.967423 -2.621506 2.720391 4.151631 -2.657309 3.146957 4.099544 -3.752386 3.097527 3.965437 -3.769683 3.665472 4.010169 -2.674438 3.722252 3.662223 -2.582028 2.415182 3.236018 -2.538884 2.231344 3.61492 -3.758991 4.017028 3.652322 -2.663577 4.081161 3.048021 -3.720313 4.152169 3.078092 -2.624733 4.22369 2.58819 -3.676079 4.002009 2.609635 -2.580305 4.082221 2.282981 -3.636603 3.696774 2.146043 -11.7228 3.184468 2.132369 -3.601885 3.236471 1.94024 -11.7228 2.77958 2.451253 -11.7228 3.48967 2.304433 -2.540829 3.777022 2.162479 -2.506308 3.308076 3.236018 -2.538884 2.231344 2.985045 -2.544788 2.75918 3.259323 -2.563344 2.684417 3.662223 -2.582028 2.415182 3.550866 -2.59168 2.790526 3.967423 -2.621506 2.720391 3.773467 -2.621837 3.040703 4.151631 -2.657309 3.146957 3.83378 -2.63759 3.257754 4.010169 -2.674438 3.722252 3.782537 -2.648951 3.577082 3.652322 -2.663577 4.081161 3.498025 -2.640023 3.856494 3.171085 -2.617039 3.913463 3.078092 -2.624733 4.22369 2.950656 -2.596615 3.860819 2.609635 -2.580305 4.082221 2.704209 -2.56617 3.643282 2.304433 -2.540829 3.777022 2.60419 -2.543773 3.347762 2.162479 -2.506308 3.308076 2.684684 -2.53588 3.064584 1.448285 -12.39443 4.340083 1.626692 -12.36869 4.073252 1.643608 -2.212833 4.899067 1.864512 -2.193486 4.620851 1.711342 -12.24097 2.964131 2.016999 -2.097505 3.493549 1.376379 -2.217126 5.019234 1.223556 -12.40015 4.44887 0.9724358 -12.39443 4.467587 1.082768 -2.212833 5.049341 0.67501 -12.36869 4.328261 0.7428454 -2.193486 4.921394 1.08234e-6 -12.24097 3.422685 1.95574e-7 -2.097506 4.034002 1.680337 -2.115131 3.783311 1.652551 -2.177523 4.496946 1.864512 -2.193486 4.620851 2.016999 -2.097505 3.493549 1.506998 -2.190874 4.687091 1.643608 -2.212833 4.899067 1.376379 -2.217126 5.019234 1.280512 -2.194446 4.788213 1.082768 -2.212833 5.049341 1.03266 -2.190907 4.814556 0.7428454 -2.193486 4.921394 0.8067762 -2.177569 4.724122 0.4031764 -2.115182 4.126075 1.95574e-7 -2.097506 4.034002 1.008496 -2.097527 3.816802 1.04175 -2.115181 4.010401 1.343079 -12.36273 4.098528 1.475814 -12.34577 3.918673 1.626692 -12.36869 4.073252 1.448285 -12.39443 4.340083 1.487798 -12.26701 3.245497 1.711342 -12.24097 2.964131 1.08234e-6 -12.24097 3.422685 0.3148917 -12.26708 3.560336 0.67501 -12.36869 4.328261 0.6856118 -12.34583 4.13098 0.8955132 -12.36277 4.21884 0.9724358 -12.39443 4.467587 1.129736 -12.36735 4.194968 1.223556 -12.40015 4.44887 2.885896 11.37208 4.998524 3.526853 11.37208 4.592178 3.220644 12.82322 4.197342 2.63778 12.82321 4.568753 2.201155 11.37208 5.350003 2.008923 12.82322 4.890006 3.750931 12.82322 3.750921 4.103769 11.37208 4.103763 4.603375 11.37208 3.526342 4.204593 12.82321 3.223139 4.99854 11.37208 2.885897 4.568763 12.82322 2.63777 5.368772 11.37208 2.213755 4.904172 12.82321 2.023424 5.60586 11.37208 1.502067 5.123868 12.82321 1.372927 1.502076 11.37208 5.60585 1.372939 12.82322 5.123856 0.7306202 11.37208 5.740134 0.6648166 12.82322 5.246593 -9.81975e-7 11.37208 5.771809 -1.10884e-6 12.82322 5.306237 5.762799 11.37208 0.7577764 5.264323 12.82321 0.6926306 5.771814 11.37208 -6.67615e-6 5.275552 12.82321 -6.67615e-6 0.6725345 10.94902 5.304542 0.7306202 11.37208 5.740134 -9.81975e-7 11.37208 5.771809 -9.4499e-7 10.94902 5.333808 1.388084 10.94902 5.180444 1.502076 11.37208 5.60585 2.201155 11.37208 5.350003 2.031475 10.94902 4.944021 2.885896 11.37208 4.998524 2.666904 10.94902 4.619209 2.904731 11.11401 4.670258 3.526853 11.37208 4.592178 3.361992 11.11401 4.379605 3.913803 11.11401 3.91379 4.103769 11.37208 4.103763 4.603375 11.37208 3.526342 4.388676 11.11402 3.363098 4.672536 11.11402 2.904999 4.99854 11.37208 2.885897 4.619221 10.94902 2.666888 4.958721 10.94902 2.045753 5.368772 11.37208 2.213755 5.60586 11.37208 1.502067 5.180458 10.94902 1.388072 5.322852 10.94902 0.7002714 5.762799 11.37208 0.7577764 5.771814 11.37208 -6.67615e-6 5.33382 10.94902 -6.67615e-6 0.6725345 10.94902 5.304542 -9.4499e-7 10.94902 5.333808 -7.53745e-7 8.761433 5.730495 0.7251494 8.761433 5.699043 1.388084 10.94902 5.180444 1.491331 8.761433 5.565726 2.031475 10.94902 4.944021 2.18515 8.761431 5.311713 2.666904 10.94902 4.619209 2.865247 8.761433 4.962754 3.448741 9.231763 4.491461 4.962753 8.761434 2.865241 5.330089 8.761434 2.197916 4.619221 10.94902 2.666888 4.958721 10.94902 2.045753 5.565726 8.761434 1.491325 5.180458 10.94902 1.388072 5.721291 8.761434 0.7523587 5.322852 10.94902 0.7002714 5.730494 8.761434 -6.67615e-6 5.33382 10.94902 -6.67615e-6 4.501626 9.231766 3.448987 2.839977 6.932243 4.05506 3.540438 6.932243 3.54043 3.729945 7.173175 3.729946 2.623023 7.173175 4.543208 2.489747 6.932243 4.312376 2.674605 8.541576 4.632551 3.803299 8.541576 3.803293 4.05507 6.932244 2.839974 4.543203 7.173175 2.623012 4.312385 6.932244 2.489748 4.836342 6.932244 1.295884 5.095204 7.173175 1.365246 5.195406 8.541576 1.392094 4.632551 8.541574 2.674597 1.295887 6.932243 4.836328 1.365255 7.173175 5.095202 -6.14895e-7 7.173175 5.24604 -5.93832e-7 6.932243 4.979506 -7.34524e-7 8.541576 5.349205 1.392107 8.541576 5.195401 5.246041 7.173175 -6.67615e-6 4.979513 6.932244 -6.67615e-6 5.349208 8.541574 -6.67615e-6 1.045535 -0.9216334 3.95697 0 -0.9216119 4.182162 1.025103 -1.170228 3.879615 0 -1.170205 4.100405 1.008496 -2.097527 3.816802 1.95574e-7 -2.097506 4.034002 2.050199 -1.170205 3.551051 2.091077 -0.9216117 3.621854 2.016999 -2.097505 3.493549 3.919713 -0.9216083 1.050282 4.182155 -0.9216133 -3.33808e-6 3.992325 -1.170206 0.4033229 4.100399 -1.170204 -3.33808e-6 3.659118 -1.170206 1.64687 3.621852 -0.9216083 2.091074 3.551051 -1.170204 2.050196 3.595555 -0.6769624 3.699172 4.403726 5.775334 4.079846 3.959512 5.806762 4.531204 3.819486 -0.6769589 3.386731 4.642041 5.825144 3.740177 3.859196 -0.7568542 2.990359 4.639848 6.025307 3.449827 3.621852 -0.9216083 2.091074 4.312385 6.932244 2.489748 3.790845 -0.9810777 2.950128 3.551051 -1.170204 2.050196 3.273914 -0.6769138 3.901606 3.551802 -0.8801177 3.653984 3.247584 -0.8875315 3.83728 2.882615 -0.7568074 3.910229 2.844106 -0.957616 3.841837 2.091077 -0.9216117 3.621854 3.346834 6.100117 4.734677 2.489747 6.932243 4.312376 2.050199 -1.170205 3.551051 3.627058 5.892786 4.764245 3.754347 -0.9114171 3.358742 3.61591 6.472211 3.633121 3.060527 6.472209 4.041164 3.62034 5.86798 4.327734 3.821973 5.725267 4.332964 4.2188 5.697192 3.929769 4.236981 5.837774 3.714634 4.023949 6.472211 3.077746 3.551802 -0.8801177 3.653984 2.844106 -0.957616 3.841837 3.790845 -0.9810777 2.950128 3.754347 -0.9114171 3.358742 3.247584 -0.8875315 3.83728 2.050199 -1.170205 3.551051 3.551051 -1.170204 2.050196 2.016999 -2.097505 3.493549 3.551051 -1.170204 2.050196 2.050199 -1.170205 3.551051 3.493543 -2.097505 2.016995 1.711342 -12.24097 2.964131 2.964132 -12.24098 1.711338 3.947649 -2.618886 1.563628 4.224379 -1.69159 0.7786729 4.005153 -1.69159 1.596835 4.15798 -2.618886 0.7786729 3.479002 -11.80543 1.257977 3.607437 -11.80543 0.7786729 3.809928 -2.498942 1.792019 3.867434 -1.571645 1.825226 3.493543 -2.097505 2.016995 3.551051 -1.170204 2.050196 2.964132 -12.24098 1.711338 3.32424 -11.90845 1.488268 4.167367 -2.513472 0.4926533 4.233768 -1.586176 0.4926533 4.100683 -2.305489 0.2463266 4.167082 -1.37819 0.2463266 3.512561 -12.06924 0.2434759 3.602431 -11.89751 0.4869584 1.319465 -12.58121 1.962985 1.962983 -12.58121 1.319468 1.711342 -12.24097 2.964131 2.964132 -12.24098 1.711338 2.124185 -12.58121 1.040261 3.422686 -12.24097 -3.33808e-6 2.402928 -12.58121 -3.33808e-6 1.967029 -12.58126 1.135667 1.040262 -12.58121 2.124184 1.08234e-6 -12.24097 3.422685 1.11209e-6 -12.58121 2.402923 1.135668 -12.58126 1.967031 1.962983 -12.58121 1.319468 1.319465 -12.58121 1.962985 1.148473 -15.80489 1.661263 1.661265 -15.80489 1.148462 1.11209e-6 -12.58121 2.402923 1.39391e-6 -15.80489 2.056869 0.8644662 -15.80489 1.825233 1.040262 -12.58121 2.124184 2.402928 -12.58121 -3.33808e-6 2.124185 -12.58121 1.040261 1.825238 -15.80488 0.8644615 2.05688 -15.80488 -3.33808e-6 0.3808991 -14.6878 0.6597307 1.29625e-6 -14.6878 -3.33808e-6 0.6597385 -14.6878 0.3808845 1.29625e-6 -14.6878 0.7617889 0.7617968 -14.6878 -3.33808e-6 3.607437 -11.80543 0.7786729 3.479002 -11.80543 1.257977 3.32424 -11.90845 1.488268 3.602431 -11.89751 0.4869584 2.964132 -12.24098 1.711338 3.512561 -12.06924 0.2434759 3.422686 -12.24097 -3.33808e-6 3.512561 -12.06924 -3.33808e-6 1.392107 8.541576 5.195401 0.7251494 8.761433 5.699043 -7.34524e-7 8.541576 5.349205 -7.53745e-7 8.761433 5.730495 1.491331 8.761433 5.565726 2.18515 8.761431 5.311713 2.674605 8.541576 4.632551 2.769925 8.651505 4.797652 3.803299 8.541576 3.803293 3.938847 8.651505 3.938841 4.797652 8.651505 2.769919 4.632551 8.541574 2.674597 5.330089 8.761434 2.197916 5.195406 8.541576 1.392094 5.565726 8.761434 1.491325 5.721291 8.761434 0.7523587 5.349208 8.541574 -6.67615e-6 5.730494 8.761434 -6.67615e-6 4.962753 8.761434 2.865241 2.865247 8.761433 4.962754 4.233768 -1.586176 0.4926533 4.167082 -1.37819 0.2463266 3.992325 -1.170206 0.4033229 4.149776 -1.517797 0.6432971 4.224379 -1.69159 0.7786729 3.887056 -1.517797 1.62377 4.005153 -1.69159 1.596835 3.867434 -1.571645 1.825226 3.659118 -1.170206 1.64687 3.551051 -1.170204 2.050196 4.100399 -1.170204 -3.33808e-6 4.167082 -1.37819 -3.33808e-6 3.992325 -1.170206 0.4033229 3.659118 -1.170206 1.64687 3.698977 -1.659126 1.498098 3.952462 -1.659126 0.5520843 3.952462 -1.659126 0.5520843 4.149776 -1.517797 0.6432971 3.992325 -1.170206 0.4033229 3.698977 -1.659126 1.498098 3.659118 -1.170206 1.64687 3.887056 -1.517797 1.62377 4.149776 -1.517797 0.6432971 3.698977 -1.659126 1.498098 3.887056 -1.517797 1.62377 3.952462 -1.659126 0.5520843 3.800333 5.990182 4.423093 3.627058 5.892786 4.764245 3.959512 5.806762 4.531204 4.403726 5.775334 4.079846 4.300817 5.954773 3.914572 3.546028 6.170174 4.416486 3.346834 6.100117 4.734677 2.839977 6.932243 4.05506 2.489747 6.932243 4.312376 4.642041 5.825144 3.740177 4.323747 6.132077 3.643232 4.639848 6.025307 3.449827 4.05507 6.932244 2.839974 4.312385 6.932244 2.489748 4.544154 9.451193 3.669562 4.388676 11.11402 3.363098 3.913803 11.11401 3.91379 4.125413 9.447775 4.125627 3.667934 9.450709 4.533534 3.361992 11.11401 4.379605 4.672536 11.11402 2.904999 2.904731 11.11401 4.670258 3.582797 -2.827311 3.125382 3.421948 -2.805533 2.944821 3.067922 -2.775934 2.920941 3.618545 -2.836978 3.259036 2.839097 -2.769148 3.153603 3.389468 -2.838464 3.666108 3.232984 -2.787286 2.877004 3.1608 -2.82242 3.704639 2.853102 -2.788581 3.521566 2.789628 -2.774309 3.331346 3.025184 -2.809847 3.673649 3.585341 -2.844611 3.473736 1.071145 -2.370715 4.120827 1.510836 -2.411985 4.426237 1.529086 -2.370567 3.95799 0.89145 -2.411786 4.590325 1.23847 -2.424297 4.63191 1.412987 -2.421543 4.553993 1.046423 -2.421552 4.652323 0.6286733 -2.370656 4.200984 1.344765 -12.10903 3.455305 1.337 -12.16005 3.891371 0.789022 -12.15977 4.035839 1.097266 -12.17403 4.074514 0.9236766 -12.17064 4.092204 0.5503996 -12.10908 3.668532 1.254193 -12.17063 4.003573 3.220644 12.82322 4.197342 2.494739 12.91406 4.321005 2.63778 12.82321 4.568753 3.548384 12.91366 3.548373 3.750931 12.82322 3.750921 4.204593 12.82321 3.223139 4.321015 12.91406 2.494731 4.568763 12.82322 2.63777 4.904172 12.82321 2.023424 4.847182 12.91366 1.298792 5.123868 12.82321 1.372927 5.264323 12.82321 0.6926306 2.008923 12.82322 4.890006 1.2988 12.91366 4.847169 1.372939 12.82322 5.123856 0.6648166 12.82322 5.246593 -1.11682e-6 12.91448 5.016265 -1.10884e-6 12.82322 5.306237 4.989477 12.91406 -6.67615e-6 5.275552 12.82321 -6.67615e-6 1.529086 -2.370567 3.95799 1.510836 -2.411985 4.426237 1.652551 -2.177523 4.496946 1.680337 -2.115131 3.783311 1.652551 -2.177523 4.496946 1.412987 -2.421543 4.553993 1.506998 -2.190874 4.687091 1.280512 -2.194446 4.788213 1.23847 -2.424297 4.63191 1.03266 -2.190907 4.814556 1.046423 -2.421552 4.652323 0.89145 -2.411786 4.590325 0.8067762 -2.177569 4.724122 0.4031764 -2.115182 4.126075 0.8067762 -2.177569 4.724122 0.6286733 -2.370656 4.200984 0.6286733 -2.370656 4.200984 1.071145 -2.370715 4.120827 1.04175 -2.115181 4.010401 0.4031764 -2.115182 4.126075 1.529086 -2.370567 3.95799 1.680337 -2.115131 3.783311 2.451253 -11.7228 3.48967 2.626448 -11.7228 3.416894 2.736037 -4.004203 3.894227 2.58819 -3.676079 4.002009 2.736037 -4.004203 3.894227 3.04276 -4.036698 3.993548 3.048021 -3.720313 4.152169 2.58819 -3.676079 4.002009 3.534115 -4.0751 3.879578 3.61492 -3.758991 4.017028 3.830431 -4.086747 3.583995 3.965437 -3.769683 3.665472 4.099544 -3.752386 3.097527 3.946336 -4.071504 3.095939 3.81939 -4.047324 2.818994 3.918136 -3.716648 2.668119 3.81939 -4.047324 2.818994 3.519515 -11.7228 2.496921 3.603289 -11.7228 2.334213 3.918136 -3.716648 2.668119 2.4702 -11.50113 2.803937 2.908 -11.50113 2.366258 3.126877 -11.50113 2.424862 2.528901 -11.50113 3.023255 2.528866 -11.50113 2.585109 2.689095 -11.50113 2.424884 2.688971 -11.50113 3.183075 3.287111 -11.50113 2.585118 2.908019 -11.50113 3.241725 3.345707 -11.50113 2.803963 3.28705 -11.50113 3.022867 3.126925 -11.50113 3.183099 2.146043 -11.7228 3.184468 2.626448 -11.7228 3.416894 2.451253 -11.7228 3.48967 2.626072 -11.7228 3.292144 2.419852 -11.7228 3.086248 2.344288 -11.7228 2.803911 1.94024 -11.7228 2.77958 2.419825 -11.7228 2.522142 2.851101 -11.7228 1.866018 2.626142 -11.7228 2.315833 2.907995 -11.7228 2.240346 3.298089 -11.7228 2.029009 3.189829 -11.7228 2.315806 3.519515 -11.7228 2.496921 3.603289 -11.7228 2.334213 3.396169 -11.7228 2.522173 3.471619 -11.7228 2.803976 3.632632 -11.7228 2.802217 3.396101 -11.7228 3.085808 3.560413 -11.7228 3.243237 3.189899 -11.7228 3.292144 3.320004 -11.7228 3.486717 2.886862 -11.7228 3.56411 2.908026 -11.7228 3.367641 3.067922 -2.775934 2.920941 3.232984 -2.787286 2.877004 3.259323 -2.563344 2.684417 2.985045 -2.544788 2.75918 3.421948 -2.805533 2.944821 3.550866 -2.59168 2.790526 3.582797 -2.827311 3.125382 3.773467 -2.621837 3.040703 3.618545 -2.836978 3.259036 3.83378 -2.63759 3.257754 3.585341 -2.844611 3.473736 3.782537 -2.648951 3.577082 3.498025 -2.640023 3.856494 3.389468 -2.838464 3.666108 3.171085 -2.617039 3.913463 3.1608 -2.82242 3.704639 3.025184 -2.809847 3.673649 2.950656 -2.596615 3.860819 2.704209 -2.56617 3.643282 2.853102 -2.788581 3.521566 2.60419 -2.543773 3.347762 2.789628 -2.774309 3.331346 2.839097 -2.769148 3.153603 2.684684 -2.53588 3.064584 3.471619 -11.7228 2.803976 3.345707 -11.50113 2.803963 3.287111 -11.50113 2.585118 3.396169 -11.7228 2.522173 3.126877 -11.50113 2.424862 3.189829 -11.7228 2.315806 2.907995 -11.7228 2.240346 2.908 -11.50113 2.366258 2.689095 -11.50113 2.424884 2.626142 -11.7228 2.315833 2.528866 -11.50113 2.585109 2.419825 -11.7228 2.522142 2.344288 -11.7228 2.803911 2.4702 -11.50113 2.803937 2.528901 -11.50113 3.023255 2.419852 -11.7228 3.086248 2.626072 -11.7228 3.292144 2.688971 -11.50113 3.183075 2.908026 -11.7228 3.367641 2.908019 -11.50113 3.241725 3.126925 -11.50113 3.183099 3.189899 -11.7228 3.292144 3.396101 -11.7228 3.085808 3.28705 -11.50113 3.022867 1.487798 -12.26701 3.245497 1.344765 -12.10903 3.455305 0.5503996 -12.10908 3.668532 0.3148917 -12.26708 3.560336 0.3148917 -12.26708 3.560336 0.789022 -12.15977 4.035839 0.6856118 -12.34583 4.13098 0.5503996 -12.10908 3.668532 0.8955132 -12.36277 4.21884 0.9236766 -12.17064 4.092204 1.097266 -12.17403 4.074514 1.129736 -12.36735 4.194968 1.254193 -12.17063 4.003573 1.343079 -12.36273 4.098528 1.475814 -12.34577 3.918673 1.337 -12.16005 3.891371 1.344765 -12.10903 3.455305 1.487798 -12.26701 3.245497 1.148473 -15.80489 1.661263 0.9791257 -15.80489 1.362319 1.362323 -15.80489 0.979121 1.661265 -15.80489 1.148462 1.39391e-6 -15.80489 2.056869 0.6902452 -15.80489 1.529102 0.8644662 -15.80489 1.825233 1.39391e-6 -15.80489 1.714052 1.52911 -15.80488 0.6902338 1.714066 -15.80488 -3.33808e-6 2.05688 -15.80488 -3.33808e-6 1.825238 -15.80488 0.8644615 0.3808991 -14.6878 0.6597307 0.6597385 -14.6878 0.3808845 1.405675 -15.66506 0.8115562 0.8115677 -15.66506 1.40567 1.39391e-6 -15.80489 1.714052 1.29625e-6 -14.6878 0.7617889 1.714066 -15.80488 -3.33808e-6 0.7617968 -14.6878 -3.33808e-6 1.362323 -15.80489 0.979121 0.9791257 -15.80489 1.362319 1.52911 -15.80488 0.6902338 0.6902452 -15.80489 1.529102 1.661265 -15.80489 1.148462 1.708739 -15.70907 0.9865314 1.962983 -12.58121 1.319468 1.967029 -12.58126 1.135667 1.319465 -12.58121 1.962985 1.135668 -12.58126 1.967031 0.9865429 -15.70907 1.708731 1.148473 -15.80489 1.661263 0.8644662 -15.80489 1.825233 0.9865429 -15.70907 1.708731 1.040262 -12.58121 2.124184 1.135668 -12.58126 1.967031 2.124185 -12.58121 1.040261 1.967029 -12.58126 1.135667 1.708739 -15.70907 0.9865314 1.825238 -15.80488 0.8644615 1.708739 -15.70907 0.9865314 1.661265 -15.80489 1.148462 1.362323 -15.80489 0.979121 1.405675 -15.66506 0.8115562 1.148473 -15.80489 1.661263 0.9865429 -15.70907 1.708731 0.9791257 -15.80489 1.362319 0.8115677 -15.66506 1.40567 0.6902452 -15.80489 1.529102 0.8115677 -15.66506 1.40567 0.9865429 -15.70907 1.708731 0.8644662 -15.80489 1.825233 1.708739 -15.70907 0.9865314 1.405675 -15.66506 0.8115562 1.52911 -15.80488 0.6902338 1.825238 -15.80488 0.8644615 3.060527 6.472209 4.041164 3.61591 6.472211 3.633121 3.540438 6.932243 3.54043 2.839977 6.932243 4.05506 4.023949 6.472211 3.077746 4.05507 6.932244 2.839974 4.05507 6.932244 2.839974 4.023949 6.472211 3.077746 4.323747 6.132077 3.643232 4.236981 5.837774 3.714634 4.2188 5.697192 3.929769 4.300817 5.954773 3.914572 4.323747 6.132077 3.643232 3.800333 5.990182 4.423093 4.300817 5.954773 3.914572 4.2188 5.697192 3.929769 3.821973 5.725267 4.332964 3.800333 5.990182 4.423093 3.62034 5.86798 4.327734 3.546028 6.170174 4.416486 3.821973 5.725267 4.332964 3.060527 6.472209 4.041164 3.546028 6.170174 4.416486 2.839977 6.932243 4.05506 5.290825 4.43587 -6.67615e-6 5.116861 4.436101 1.220788 4.571404 -0.1783114 1.074643 4.826803 -0.1778841 -3.33808e-6 4.76794 4.080382 1.943197 4.944874 4.436981 1.625659 4.399283 -0.1806104 1.72912 4.66055 4.050915 2.058428 4.694947 4.202943 2.006991 4.291157 -0.2037567 1.844146 4.074965 4.231911 2.352672 3.662857 -0.4552322 2.114748 4.300128 -0.3009657 1.742722 4.845196 4.510076 1.733773 4.110529 4.376342 2.303369 4.340975 4.866283 1.864128 4.901047 4.576108 1.591871 4.901047 4.576108 1.591871 3.679461 -0.5398759 2.028842 4.074965 4.231911 2.352672 4.400952 4.92607 1.731637 4.602202 4.92607 1.233149 4.400952 4.92607 1.731637 5.059536 4.572575 1.224703 4.775837 4.926067 -6.67615e-6 5.232082 4.572626 -6.67615e-6 4.220909 -0.5398808 -3.33808e-6 4.484258 -0.2985689 1.070711 3.964264 -0.5398758 1.062219 4.741121 -0.2983627 -3.33808e-6 4.300128 -0.3009657 1.742722 3.679461 -0.5398759 2.028842 2.769925 8.651505 4.797652 3.324879 9.072563 4.357965 3.448741 9.231763 4.491461 2.865247 8.761433 4.962754 3.889892 9.072565 3.880252 4.013754 9.231766 4.013746 4.501626 9.231766 3.448987 4.377765 9.072565 3.315493 4.962753 8.761434 2.865241 4.797652 8.651505 2.769919 4.544154 9.451193 3.669562 4.125413 9.447775 4.125627 3.667934 9.450709 4.533534 3.938847 8.651505 3.938841 3.324879 9.072563 4.357965 2.769925 8.651505 4.797652 3.889892 9.072565 3.880252 4.377765 9.072565 3.315493 4.797652 8.651505 2.769919 4.544154 9.451193 3.669562 4.619221 10.94902 2.666888 4.672536 11.11402 2.904999 4.501626 9.231766 3.448987 3.667934 9.450709 4.533534 2.904731 11.11401 4.670258 2.666904 10.94902 4.619209 3.448741 9.231763 4.491461 1.313716 6.810235 4.792758 1.430375 6.631366 6.358417 1.401153 6.6025 6.357679 1.264129 6.76126 4.791494 1.215503 6.810235 4.801347 1.372483 6.631366 6.363476 1.265103 6.859207 4.802605 1.401724 6.660234 6.364229 1.372483 6.631366 6.363476 1.215503 6.810235 4.801347 1.401724 6.660234 6.364229 1.372483 6.631366 6.363476 1.401153 6.6025 6.357679 1.430375 6.631366 6.358417 1.308702 6.356925 4.735438 1.410687 6.023335 6.1334 1.381465 5.99447 6.132663 1.259111 6.30795 4.734165 1.352795 6.023335 6.13846 1.210482 6.356925 4.744027 1.260083 6.405901 4.745285 1.382036 6.052203 6.13921 1.308702 6.356925 4.735438 1.410687 6.023335 6.1334 1.382036 6.052203 6.13921 1.352795 6.023335 6.13846 1.381465 5.99447 6.132663 1.410687 6.023335 6.1334 1.380684 5.377402 5.790474 1.351242 5.348932 5.78724 1.253203 5.677351 4.666636 1.303161 5.72565 4.672134 1.322792 5.377402 5.795529 1.204941 5.72565 4.680718 1.352251 5.405874 5.798774 1.254916 5.773958 4.686227 1.303161 5.72565 4.672134 1.380684 5.377402 5.790474 1.352251 5.405874 5.798774 1.322792 5.377402 5.795529 1.351242 5.348932 5.78724 1.380684 5.377402 5.790474 1.380678 4.795281 5.385207 1.351239 4.766809 5.38198 1.2532 5.088045 4.580481 1.303161 5.136343 4.585978 1.322789 4.795281 5.390264 1.204934 5.136343 4.594563 1.352244 4.823753 5.393511 1.254909 5.184648 4.600076 1.303161 5.136343 4.585978 1.380678 4.795281 5.385207 1.352244 4.823753 5.393511 1.322789 4.795281 5.390264 1.351239 4.766809 5.38198 1.380678 4.795281 5.385207 4.100683 -2.305489 0.2463266 4.100683 -2.305489 -3.33808e-6 4.167082 -1.37819 0.2463266 4.167082 -1.37819 -3.33808e-6 3.512561 -12.06924 0.2434759 3.512561 -12.06924 -3.33808e-6 1.971512 -15.39057 0.4845551 2.251874 -15.08919 0.3306897 2.238208 -12.54814 0.6393849 2.758573 -12.38201 0.4208078 2.872626 -12.38562 -3.33808e-6 2.338891 -15.1946 -3.33808e-6 1.971512 -15.39057 0.4845551 2.098402 -15.49548 -3.33808e-6 1.09499e-6 -12.38562 2.872627 1.34056e-6 -15.1946 2.338892 0.3307311 -15.08919 2.251875 0.4208356 -12.38201 2.758576 0.6394127 -12.54814 2.2382 0.4845798 -15.39057 1.971514 0.4845798 -15.39057 1.971514 1.36686e-6 -15.49548 2.098404 -3.560411 -11.7228 -3.243242 -3.63263 -11.7228 -2.802222 -3.946336 -4.071506 -3.095952 -3.83043 -4.08675 -3.584006 -3.519513 -11.7228 -2.496921 -3.819389 -4.047327 -2.819005 -3.320003 -11.7228 -3.486719 -3.534114 -4.075103 -3.879585 -2.886861 -11.7228 -3.564116 -3.042759 -4.036701 -3.993561 -2.626446 -11.7228 -3.416894 -2.736037 -4.004204 -3.894233 -2.851099 -11.7228 -1.866024 -3.183868 -3.633963 -2.181866 -3.612913 -3.677178 -2.36291 -3.298087 -11.7228 -2.029016 -3.918135 -3.716651 -2.66813 -3.603287 -11.7228 -2.334215 -3.967423 -2.621509 -2.720404 -4.151631 -2.657312 -3.14697 -4.099543 -3.752386 -3.09754 -3.965436 -3.769684 -3.66548 -4.010169 -2.674442 -3.72226 -3.662222 -2.582031 -2.415191 -3.236017 -2.538886 -2.23135 -3.614919 -3.758993 -4.017034 -3.652321 -2.66358 -4.081171 -3.048021 -3.720316 -4.152178 -3.078092 -2.624736 -4.223701 -2.588189 -3.676082 -4.002018 -2.609635 -2.580307 -4.082232 -2.28298 -3.636603 -3.696785 -2.146041 -11.7228 -3.184471 -2.132369 -3.601888 -3.236484 -1.940238 -11.7228 -2.779582 -2.451251 -11.7228 -3.489677 -2.304433 -2.540831 -3.777032 -2.162478 -2.50631 -3.308085 -3.236017 -2.538886 -2.23135 -2.985045 -2.544789 -2.759193 -3.259322 -2.563346 -2.684426 -3.662222 -2.582031 -2.415191 -3.550865 -2.591683 -2.790538 -3.967423 -2.621509 -2.720404 -3.773466 -2.62184 -3.040714 -4.151631 -2.657312 -3.14697 -3.83378 -2.637591 -3.257767 -4.010169 -2.674442 -3.72226 -3.782536 -2.648953 -3.577089 -3.652321 -2.66358 -4.081171 -3.498025 -2.640025 -3.856505 -3.171084 -2.61704 -3.913473 -3.078092 -2.624736 -4.223701 -2.950655 -2.596616 -3.860826 -2.609635 -2.580307 -4.082232 -2.704209 -2.566171 -3.643289 -2.304433 -2.540831 -3.777032 -2.60419 -2.543776 -3.347776 -2.162478 -2.50631 -3.308085 -2.684684 -2.535883 -3.064594 -1.62669 -12.3687 -4.073252 -1.864512 -2.193486 -4.620865 -1.643608 -2.212836 -4.899074 -1.448283 -12.39444 -4.340085 -1.71134 -12.24098 -2.964131 -2.016999 -2.097508 -3.493556 -1.376379 -2.217128 -5.019243 -1.223554 -12.40015 -4.448874 -0.9724336 -12.39444 -4.467587 -1.082768 -2.212836 -5.049354 -0.6750078 -12.3687 -4.328268 -0.7428451 -2.193486 -4.921405 1.08234e-6 -12.24098 -3.422689 1.95574e-7 -2.097508 -4.03401 0.7428454 -2.193486 -4.921405 0.67501 -12.3687 -4.328268 1.082768 -2.212836 -5.049354 0.9724358 -12.39444 -4.467587 1.376379 -2.217128 -5.019243 1.223556 -12.40015 -4.448874 1.448285 -12.39444 -4.340085 1.643608 -2.212836 -4.899074 1.626692 -12.3687 -4.073252 1.864512 -2.193486 -4.620865 1.711342 -12.24098 -2.964131 2.016999 -2.097508 -3.493556 -2.016999 -2.097508 -3.493556 -1.680337 -2.115134 -3.783322 -1.864512 -2.193486 -4.620865 -1.652551 -2.177525 -4.496954 -1.506997 -2.190874 -4.687104 -1.643608 -2.212836 -4.899074 -1.376379 -2.217128 -5.019243 -1.280512 -2.194449 -4.788221 -1.082768 -2.212836 -5.049354 -1.03266 -2.190909 -4.814567 -0.7428451 -2.193486 -4.921405 -0.8067759 -2.177571 -4.72413 -0.403176 -2.115184 -4.126081 1.95574e-7 -2.097508 -4.03401 -1.008496 -2.09753 -3.816815 -1.04175 -2.115184 -4.01041 -1.448283 -12.39444 -4.340085 -1.343077 -12.36273 -4.098528 -1.62669 -12.3687 -4.073252 -1.475812 -12.34577 -3.918673 -1.487796 -12.26701 -3.245503 -1.71134 -12.24098 -2.964131 1.08234e-6 -12.24098 -3.422689 -0.3148895 -12.26708 -3.560338 -0.6750078 -12.3687 -4.328268 -0.6856096 -12.34584 -4.130982 -0.8955111 -12.36277 -4.218846 -0.9724336 -12.39444 -4.467587 -1.129734 -12.36735 -4.194972 -1.223554 -12.40015 -4.448874 -3.220646 12.82321 -4.197357 -2.637782 12.82321 -4.568764 -2.885898 11.37208 -4.998535 -3.526855 11.37208 -4.592191 -2.201157 11.37208 -5.350021 -2.008925 12.82321 -4.890021 -3.750933 12.82321 -3.750936 -4.103771 11.37208 -4.103776 -4.603377 11.37208 -3.526357 -4.204595 12.82321 -3.223152 -4.998542 11.37208 -2.885905 -4.568765 12.82321 -2.637781 -5.368774 11.37208 -2.213766 -4.904174 12.82321 -2.023441 -5.605862 11.37208 -1.502081 -5.12387 12.82321 -1.372944 -1.502078 11.37208 -5.605864 -1.372941 12.82321 -5.123871 -0.7306222 11.37208 -5.740148 -0.664819 12.82321 -5.246607 -9.81974e-7 11.37208 -5.77182 -1.10884e-6 12.82321 -5.306251 -5.762801 11.37208 -0.7577899 -5.264325 12.82321 -0.692644 -5.771817 11.37208 -6.67615e-6 -5.275555 12.82321 -6.67615e-6 -9.81974e-7 11.37208 -5.77182 -9.4499e-7 10.94902 -5.333823 -0.6725363 10.94902 -5.304555 -0.7306222 11.37208 -5.740148 -1.388086 10.94902 -5.180459 -1.502078 11.37208 -5.605864 -2.201157 11.37208 -5.350021 -2.031477 10.94902 -4.944029 -2.885898 11.37208 -4.998535 -2.666906 10.94902 -4.619222 -2.904733 11.11401 -4.670268 -3.526855 11.37208 -4.592191 -3.361994 11.11401 -4.379616 -3.913805 11.11401 -3.913806 -4.103771 11.37208 -4.103776 -4.603377 11.37208 -3.526357 -4.388679 11.11401 -3.363111 -4.672538 11.11401 -2.905014 -4.998542 11.37208 -2.885905 -4.619223 10.94902 -2.666903 -4.958723 10.94902 -2.045766 -5.368774 11.37208 -2.213766 -5.605862 11.37208 -1.502081 -5.18046 10.94902 -1.388085 -5.322854 10.94902 -0.7002815 -5.762801 11.37208 -0.7577899 -5.771817 11.37208 -6.67615e-6 -5.333822 10.94902 -6.67615e-6 -7.53745e-7 8.761431 -5.730509 -0.7251508 8.761431 -5.699057 -0.6725363 10.94902 -5.304555 -9.4499e-7 10.94902 -5.333823 -1.388086 10.94902 -5.180459 -1.491333 8.761431 -5.56574 -2.031477 10.94902 -4.944029 -2.185152 8.761429 -5.311726 -2.666906 10.94902 -4.619222 -2.865248 8.761431 -4.962762 -3.448742 9.231763 -4.491475 -4.958723 10.94902 -2.045766 -4.619223 10.94902 -2.666903 -5.33009 8.761431 -2.19793 -4.962754 8.761431 -2.86525 -5.565727 8.761433 -1.491338 -5.18046 10.94902 -1.388085 -5.721292 8.761433 -0.7523687 -5.322854 10.94902 -0.7002815 -5.730495 8.761433 -6.67615e-6 -5.333822 10.94902 -6.67615e-6 -4.501628 9.231762 -3.449 -2.623024 7.173173 -4.543221 -2.839979 6.932243 -4.055073 -3.729946 7.173172 -3.729959 -3.54044 6.932243 -3.540443 -2.489748 6.932243 -4.312386 -2.674607 8.541574 -4.632562 -3.8033 8.541573 -3.803304 -4.055071 6.932242 -2.839987 -4.543204 7.173174 -2.623025 -4.312386 6.932242 -2.489757 -4.836344 6.932242 -1.295901 -5.095205 7.173174 -1.36526 -5.195408 8.541575 -1.392104 -4.632552 8.541573 -2.674606 -1.295888 6.932241 -4.836343 -1.365257 7.173175 -5.095218 -6.14895e-7 7.173173 -5.246053 -5.93832e-7 6.932243 -4.97952 -7.34524e-7 8.541574 -5.349218 -1.392109 8.541574 -5.195414 -5.246043 7.173174 -6.67615e-6 -4.979514 6.932242 -6.67615e-6 -5.34921 8.541573 -6.67615e-6 -1.045535 -0.9216353 -3.956981 0 -0.9216136 -4.182175 -1.025103 -1.17023 -3.879624 0 -1.170207 -4.100418 -1.008496 -2.09753 -3.816815 1.95574e-7 -2.097508 -4.03401 -2.050199 -1.170207 -3.551064 -2.091077 -0.9216138 -3.621865 -2.016999 -2.097508 -3.493556 -3.919713 -0.9216106 -1.050292 -4.182155 -0.9216139 -3.33808e-6 -3.992325 -1.170207 -0.403333 -4.100399 -1.170205 -3.33808e-6 -3.659118 -1.170209 -1.64688 -3.621852 -0.9216106 -2.091084 -3.551051 -1.170207 -2.050206 -3.595555 -0.6769646 -3.699181 -4.403727 5.775333 -4.079857 -3.959513 5.80676 -4.531218 -3.819486 -0.6769613 -3.386738 -4.642042 5.825141 -3.740186 -3.859196 -0.7568566 -2.990368 -4.63985 6.025304 -3.44984 -3.621852 -0.9216106 -2.091084 -4.312386 6.932242 -2.489757 -3.790845 -0.9810799 -2.950137 -3.551051 -1.170207 -2.050206 -3.273914 -0.6769162 -3.901616 -3.551802 -0.8801199 -3.653997 -3.247584 -0.8875337 -3.837291 -2.882615 -0.7568097 -3.910242 -2.844106 -0.9576182 -3.84185 -2.091077 -0.9216138 -3.621865 -3.346836 6.100117 -4.734692 -2.489748 6.932243 -4.312386 -2.050199 -1.170207 -3.551064 -3.627059 5.892784 -4.764256 -3.754347 -0.9114193 -3.358751 -3.615911 6.472209 -3.633134 -3.060528 6.472207 -4.041175 -3.620341 5.86798 -4.327747 -3.821974 5.725264 -4.332975 -4.218801 5.697191 -3.929782 -4.236982 5.83777 -3.714643 -4.02395 6.472208 -3.077759 -3.551802 -0.8801199 -3.653997 -2.844106 -0.9576182 -3.84185 -3.790845 -0.9810799 -2.950137 -3.754347 -0.9114193 -3.358751 -3.247584 -0.8875337 -3.837291 -2.050199 -1.170207 -3.551064 -3.551051 -1.170207 -2.050206 -2.016999 -2.097508 -3.493556 -3.493542 -2.097508 -2.017005 -3.551051 -1.170207 -2.050206 -2.050199 -1.170207 -3.551064 -1.71134 -12.24098 -2.964131 -2.96413 -12.24098 -1.711338 -3.947649 -2.618889 -1.563641 -4.157979 -2.618889 -0.7786863 -4.224379 -1.691593 -0.7786863 -4.005153 -1.691593 -1.596849 -3.479 -11.80543 -1.25798 -3.607435 -11.80543 -0.7786794 -3.809928 -2.498944 -1.792032 -3.867434 -1.571647 -1.82524 -3.493542 -2.097508 -2.017005 -3.551051 -1.170207 -2.050206 -2.96413 -12.24098 -1.711338 -3.324238 -11.90846 -1.488274 -4.167366 -2.513473 -0.4926667 -4.233768 -1.586176 -0.4926667 -4.100683 -2.305489 -0.2463367 -4.167082 -1.378191 -0.2463367 -3.512559 -12.06924 -0.2434792 -3.602429 -11.89751 -0.4869584 -1.319463 -12.58121 -1.962989 -1.962981 -12.58121 -1.319474 -1.71134 -12.24098 -2.964131 -2.96413 -12.24098 -1.711338 -2.124183 -12.58121 -1.040264 -3.422684 -12.24097 -3.33808e-6 -2.402926 -12.58121 -3.33808e-6 -1.967026 -12.58126 -1.135667 -1.04026 -12.58121 -2.124191 1.08234e-6 -12.24098 -3.422689 1.11209e-6 -12.58121 -2.402927 -1.135666 -12.58126 -1.967034 -1.14847 -15.80489 -1.661267 -1.962981 -12.58121 -1.319474 -1.319463 -12.58121 -1.962989 -1.661262 -15.80489 -1.148465 -1.04026 -12.58121 -2.124191 1.11209e-6 -12.58121 -2.402927 -0.8644635 -15.80489 -1.825233 1.39391e-6 -15.80489 -2.056869 -1.825235 -15.80488 -0.8644681 -2.402926 -12.58121 -3.33808e-6 -2.124183 -12.58121 -1.040264 -2.056877 -15.80488 -3.33808e-6 -0.3808965 -14.6878 -0.6597372 1.29625e-6 -14.6878 -3.33808e-6 -0.6597359 -14.6878 -0.3808878 1.29625e-6 -14.6878 -0.7617889 1.29625e-6 -14.6878 -3.33808e-6 1.29625e-6 -14.6878 -3.33808e-6 -0.7617942 -14.6878 -3.33808e-6 -3.602429 -11.89751 -0.4869584 -3.607435 -11.80543 -0.7786794 -3.324238 -11.90846 -1.488274 -3.479 -11.80543 -1.25798 -2.96413 -12.24098 -1.711338 -3.512559 -12.06924 -0.2434792 -3.422684 -12.24097 -3.33808e-6 -3.512559 -12.06924 -3.33808e-6 -1.392109 8.541574 -5.195414 -0.7251508 8.761431 -5.699057 -7.34524e-7 8.541574 -5.349218 -7.53745e-7 8.761431 -5.730509 -1.491333 8.761431 -5.56574 -2.185152 8.761429 -5.311726 -2.674607 8.541574 -4.632562 -2.769926 8.651502 -4.797663 -3.8033 8.541573 -3.803304 -3.938848 8.651502 -3.938854 -4.797653 8.651502 -2.769928 -4.632552 8.541573 -2.674606 -5.33009 8.761431 -2.19793 -5.195408 8.541575 -1.392104 -5.565727 8.761433 -1.491338 -5.721292 8.761433 -0.7523687 -5.34921 8.541573 -6.67615e-6 -5.730495 8.761433 -6.67615e-6 -4.962754 8.761431 -2.86525 -2.865248 8.761431 -4.962762 -4.233768 -1.586176 -0.4926667 -4.167082 -1.378191 -0.2463367 -3.992325 -1.170207 -0.403333 -4.149776 -1.517799 -0.6433072 -4.224379 -1.691593 -0.7786863 -3.887056 -1.517799 -1.62378 -4.005153 -1.691593 -1.596849 -3.867434 -1.571647 -1.82524 -3.659118 -1.170209 -1.64688 -3.551051 -1.170207 -2.050206 -4.100399 -1.170205 -3.33808e-6 -4.167082 -1.378191 -3.33808e-6 -3.698977 -1.659128 -1.498108 -3.952462 -1.659126 -0.5520976 -3.992325 -1.170207 -0.403333 -3.659118 -1.170209 -1.64688 -3.952462 -1.659126 -0.5520976 -4.149776 -1.517799 -0.6433072 -3.992325 -1.170207 -0.403333 -3.698977 -1.659128 -1.498108 -3.659118 -1.170209 -1.64688 -3.887056 -1.517799 -1.62378 -3.698977 -1.659128 -1.498108 -4.149776 -1.517799 -0.6433072 -3.952462 -1.659126 -0.5520976 -3.887056 -1.517799 -1.62378 -3.800334 5.990179 -4.423104 -3.627059 5.892784 -4.764256 -3.959513 5.80676 -4.531218 -4.403727 5.775333 -4.079857 -4.300818 5.95477 -3.91458 -3.546029 6.170174 -4.416501 -3.346836 6.100117 -4.734692 -2.839979 6.932243 -4.055073 -2.489748 6.932243 -4.312386 -4.642042 5.825141 -3.740186 -4.323749 6.132074 -3.643249 -4.63985 6.025304 -3.44984 -4.055071 6.932242 -2.839987 -4.312386 6.932242 -2.489757 -4.544156 9.451189 -3.66958 -4.388679 11.11401 -3.363111 -3.913805 11.11401 -3.913806 -4.125415 9.447772 -4.125642 -3.667936 9.450707 -4.533547 -3.361994 11.11401 -4.379616 -4.672538 11.11401 -2.905014 -2.904733 11.11401 -4.670268 -3.389467 -2.838467 -3.666121 -3.618544 -2.836979 -3.259049 -2.839097 -2.769151 -3.153614 -3.1608 -2.822422 -3.70465 -3.067921 -2.775937 -2.920949 -3.582796 -2.827314 -3.125393 -3.421947 -2.805536 -2.94483 -3.232983 -2.787287 -2.877015 -2.853102 -2.788584 -3.521575 -2.789627 -2.774312 -3.331353 -3.025184 -2.80985 -3.673658 -3.58534 -2.844612 -3.473742 -1.071145 -2.370718 -4.120833 -1.510836 -2.411988 -4.426248 -1.529085 -2.370569 -3.958003 -0.8914495 -2.411788 -4.590334 -1.238469 -2.424298 -4.631921 -1.046423 -2.421554 -4.652336 -1.412987 -2.421543 -4.554002 -0.628673 -2.370659 -4.200995 -0.7890198 -12.15978 -4.035839 -0.5503974 -12.10908 -3.668532 -1.344763 -12.10903 -3.455309 -1.336998 -12.16005 -3.891374 -1.097264 -12.17403 -4.074521 -0.9236744 -12.17064 -4.092206 -1.254191 -12.17063 -4.00358 -3.220646 12.82321 -4.197357 -2.494741 12.91406 -4.321018 -2.637782 12.82321 -4.568764 -3.548386 12.91366 -3.548387 -3.750933 12.82321 -3.750936 -4.204595 12.82321 -3.223152 -4.321017 12.91406 -2.494745 -4.568765 12.82321 -2.637781 -4.904174 12.82321 -2.023441 -4.847184 12.91366 -1.298805 -5.12387 12.82321 -1.372944 -5.264325 12.82321 -0.692644 -2.008925 12.82321 -4.890021 -1.298803 12.91366 -4.847185 -1.372941 12.82321 -5.123871 -0.664819 12.82321 -5.246607 -1.11682e-6 12.91448 -5.016279 -1.10884e-6 12.82321 -5.306251 -4.989479 12.91406 -6.67615e-6 -5.275555 12.82321 -6.67615e-6 -1.652551 -2.177525 -4.496954 -1.680337 -2.115134 -3.783322 -1.529085 -2.370569 -3.958003 -1.510836 -2.411988 -4.426248 -1.412987 -2.421543 -4.554002 -1.652551 -2.177525 -4.496954 -1.506997 -2.190874 -4.687104 -1.280512 -2.194449 -4.788221 -1.238469 -2.424298 -4.631921 -1.03266 -2.190909 -4.814567 -1.046423 -2.421554 -4.652336 -0.8914495 -2.411788 -4.590334 -0.8067759 -2.177571 -4.72413 -0.628673 -2.370659 -4.200995 -0.403176 -2.115184 -4.126081 -0.8067759 -2.177571 -4.72413 -1.04175 -2.115184 -4.01041 -0.403176 -2.115184 -4.126081 -0.628673 -2.370659 -4.200995 -1.071145 -2.370718 -4.120833 -1.529085 -2.370569 -3.958003 -1.680337 -2.115134 -3.783322 -2.451251 -11.7228 -3.489677 -2.736037 -4.004204 -3.894233 -2.588189 -3.676082 -4.002018 -2.626446 -11.7228 -3.416894 -2.736037 -4.004204 -3.894233 -3.042759 -4.036701 -3.993561 -3.048021 -3.720316 -4.152178 -2.588189 -3.676082 -4.002018 -3.534114 -4.075103 -3.879585 -3.614919 -3.758993 -4.017034 -3.83043 -4.08675 -3.584006 -3.965436 -3.769684 -3.66548 -4.099543 -3.752386 -3.09754 -3.946336 -4.071506 -3.095952 -3.819389 -4.047327 -2.819005 -3.918135 -3.716651 -2.66813 -3.918135 -3.716651 -2.66813 -3.819389 -4.047327 -2.819005 -3.603287 -11.7228 -2.334215 -3.519513 -11.7228 -2.496921 -3.126875 -11.50113 -2.424865 -2.528899 -11.50113 -3.023255 -2.470198 -11.50113 -2.803943 -2.907998 -11.50113 -2.366262 -2.528864 -11.50113 -2.585111 -2.689093 -11.50113 -2.424884 -2.688969 -11.50113 -3.183081 -3.287109 -11.50113 -2.585127 -2.908017 -11.50113 -3.241725 -3.345705 -11.50113 -2.80397 -3.287048 -11.50113 -3.022867 -3.126924 -11.50113 -3.183101 -2.146041 -11.7228 -3.184471 -2.626446 -11.7228 -3.416894 -2.451251 -11.7228 -3.489677 -2.62607 -11.7228 -3.292144 -2.419849 -11.7228 -3.086252 -2.344286 -11.7228 -2.803917 -1.940238 -11.7228 -2.779582 -2.419823 -11.7228 -2.522142 -2.851099 -11.7228 -1.866024 -2.62614 -11.7228 -2.315837 -2.907993 -11.7228 -2.24035 -3.298087 -11.7228 -2.029016 -3.189827 -11.7228 -2.315811 -3.519513 -11.7228 -2.496921 -3.603287 -11.7228 -2.334215 -3.396167 -11.7228 -2.522175 -3.471617 -11.7228 -2.803983 -3.63263 -11.7228 -2.802222 -3.3961 -11.7228 -3.08581 -3.560411 -11.7228 -3.243242 -3.189897 -11.7228 -3.292144 -3.320003 -11.7228 -3.486719 -2.886861 -11.7228 -3.564116 -2.908024 -11.7228 -3.367644 -3.067921 -2.775937 -2.920949 -3.232983 -2.787287 -2.877015 -3.259322 -2.563346 -2.684426 -2.985045 -2.544789 -2.759193 -3.421947 -2.805536 -2.94483 -3.550865 -2.591683 -2.790538 -3.582796 -2.827314 -3.125393 -3.773466 -2.62184 -3.040714 -3.618544 -2.836979 -3.259049 -3.83378 -2.637591 -3.257767 -3.58534 -2.844612 -3.473742 -3.782536 -2.648953 -3.577089 -3.498025 -2.640025 -3.856505 -3.389467 -2.838467 -3.666121 -3.171084 -2.61704 -3.913473 -3.1608 -2.822422 -3.70465 -3.025184 -2.80985 -3.673658 -2.950655 -2.596616 -3.860826 -2.704209 -2.566171 -3.643289 -2.853102 -2.788584 -3.521575 -2.60419 -2.543776 -3.347776 -2.789627 -2.774312 -3.331353 -2.839097 -2.769151 -3.153614 -2.684684 -2.535883 -3.064594 -3.396167 -11.7228 -2.522175 -3.471617 -11.7228 -2.803983 -3.287109 -11.50113 -2.585127 -3.345705 -11.50113 -2.80397 -3.126875 -11.50113 -2.424865 -3.189827 -11.7228 -2.315811 -2.907993 -11.7228 -2.24035 -2.907998 -11.50113 -2.366262 -2.689093 -11.50113 -2.424884 -2.62614 -11.7228 -2.315837 -2.528864 -11.50113 -2.585111 -2.419823 -11.7228 -2.522142 -2.344286 -11.7228 -2.803917 -2.470198 -11.50113 -2.803943 -2.528899 -11.50113 -3.023255 -2.419849 -11.7228 -3.086252 -2.62607 -11.7228 -3.292144 -2.688969 -11.50113 -3.183081 -2.908024 -11.7228 -3.367644 -2.908017 -11.50113 -3.241725 -3.126924 -11.50113 -3.183101 -3.189897 -11.7228 -3.292144 -3.3961 -11.7228 -3.08581 -3.287048 -11.50113 -3.022867 -1.487796 -12.26701 -3.245503 -1.344763 -12.10903 -3.455309 -0.5503974 -12.10908 -3.668532 -0.3148895 -12.26708 -3.560338 -0.3148895 -12.26708 -3.560338 -0.5503974 -12.10908 -3.668532 -0.7890198 -12.15978 -4.035839 -0.6856096 -12.34584 -4.130982 -0.8955111 -12.36277 -4.218846 -0.9236744 -12.17064 -4.092206 -1.097264 -12.17403 -4.074521 -1.129734 -12.36735 -4.194972 -1.254191 -12.17063 -4.00358 -1.343077 -12.36273 -4.098528 -1.475812 -12.34577 -3.918673 -1.336998 -12.16005 -3.891374 -1.344763 -12.10903 -3.455309 -1.487796 -12.26701 -3.245503 -1.362321 -15.80489 -0.9791243 -1.661262 -15.80489 -1.148465 -1.14847 -15.80489 -1.661267 -0.9791229 -15.80489 -1.362322 1.39391e-6 -15.80489 -2.056869 1.39391e-6 -15.80489 -1.714055 -0.6902425 -15.80489 -1.529106 -0.8644635 -15.80489 -1.825233 -1.825235 -15.80488 -0.8644681 -1.529107 -15.80488 -0.6902338 -2.056877 -15.80488 -3.33808e-6 -1.714064 -15.80488 -3.33808e-6 -0.3808965 -14.6878 -0.6597372 -0.6597359 -14.6878 -0.3808878 -1.405672 -15.66506 -0.8115595 -0.8115649 -15.66506 -1.405677 1.39391e-6 -15.80489 -1.714055 1.29625e-6 -14.6878 -0.7617889 -1.714064 -15.80488 -3.33808e-6 -0.7617942 -14.6878 -3.33808e-6 -1.362321 -15.80489 -0.9791243 -0.9791229 -15.80489 -1.362322 -1.529107 -15.80488 -0.6902338 -0.6902425 -15.80489 -1.529106 -1.708736 -15.70907 -0.9865347 -1.967026 -12.58126 -1.135667 -1.962981 -12.58121 -1.319474 -1.661262 -15.80489 -1.148465 -0.9865401 -15.70907 -1.708734 -1.14847 -15.80489 -1.661267 -1.319463 -12.58121 -1.962989 -1.135666 -12.58126 -1.967034 -0.9865401 -15.70907 -1.708734 -1.135666 -12.58126 -1.967034 -1.04026 -12.58121 -2.124191 -0.8644635 -15.80489 -1.825233 -1.708736 -15.70907 -0.9865347 -1.825235 -15.80488 -0.8644681 -2.124183 -12.58121 -1.040264 -1.967026 -12.58126 -1.135667 -1.362321 -15.80489 -0.9791243 -1.405672 -15.66506 -0.8115595 -1.708736 -15.70907 -0.9865347 -1.661262 -15.80489 -1.148465 -0.8115649 -15.66506 -1.405677 -0.9791229 -15.80489 -1.362322 -0.9865401 -15.70907 -1.708734 -1.14847 -15.80489 -1.661267 -0.9865401 -15.70907 -1.708734 -0.8644635 -15.80489 -1.825233 -0.6902425 -15.80489 -1.529106 -0.8115649 -15.66506 -1.405677 -1.825235 -15.80488 -0.8644681 -1.708736 -15.70907 -0.9865347 -1.529107 -15.80488 -0.6902338 -1.405672 -15.66506 -0.8115595 -3.54044 6.932243 -3.540443 -2.839979 6.932243 -4.055073 -3.060528 6.472207 -4.041175 -3.615911 6.472209 -3.633134 -4.02395 6.472208 -3.077759 -4.055071 6.932242 -2.839987 -4.055071 6.932242 -2.839987 -4.02395 6.472208 -3.077759 -4.323749 6.132074 -3.643249 -4.236982 5.83777 -3.714643 -4.300818 5.95477 -3.91458 -4.323749 6.132074 -3.643249 -4.218801 5.697191 -3.929782 -4.218801 5.697191 -3.929782 -3.821974 5.725264 -4.332975 -3.800334 5.990179 -4.423104 -4.300818 5.95477 -3.91458 -3.800334 5.990179 -4.423104 -3.821974 5.725264 -4.332975 -3.620341 5.86798 -4.327747 -3.546029 6.170174 -4.416501 -3.060528 6.472207 -4.041175 -3.546029 6.170174 -4.416501 -2.839979 6.932243 -4.055073 -4.571404 -0.1783122 -1.074653 -4.826803 -0.1778849 -3.33808e-6 -5.290826 4.435869 -6.67615e-6 -5.116862 4.436101 -1.220801 -4.76794 4.080382 -1.943207 -4.399283 -0.1806111 -1.72913 -4.944874 4.43698 -1.625676 -4.660551 4.050912 -2.058438 -4.694947 4.20294 -2.007004 -4.291157 -0.2037574 -1.84416 -4.074965 4.231909 -2.352683 -3.662857 -0.4552347 -2.114758 -4.300128 -0.3009664 -1.742736 -4.845197 4.510076 -1.73379 -4.11053 4.376339 -2.303385 -4.340976 4.866283 -1.864142 -4.901047 4.576107 -1.591881 -4.901047 4.576107 -1.591881 -5.059537 4.572575 -1.22472 -4.602202 4.926069 -1.233158 -4.400952 4.926069 -1.731653 -4.775837 4.926067 -6.67615e-6 -5.232083 4.572625 -6.67615e-6 -3.679461 -0.5398782 -2.028849 -4.400952 4.926069 -1.731653 -4.074965 4.231909 -2.352683 -4.484258 -0.2985696 -1.070721 -4.220909 -0.5398815 -3.33808e-6 -4.741121 -0.2983636 -3.33808e-6 -3.964264 -0.5398783 -1.062229 -4.300128 -0.3009664 -1.742736 -3.679461 -0.5398782 -2.028849 -3.448742 9.231763 -4.491475 -2.865248 8.761431 -4.962762 -2.769926 8.651502 -4.797663 -3.324881 9.072563 -4.357978 -3.889894 9.072562 -3.880265 -4.013755 9.231762 -4.013761 -4.501628 9.231762 -3.449 -4.377766 9.072562 -3.315504 -4.962754 8.761431 -2.86525 -4.797653 8.651502 -2.769928 -4.544156 9.451189 -3.66958 -4.125415 9.447772 -4.125642 -3.667936 9.450707 -4.533547 -3.938848 8.651502 -3.938854 -3.889894 9.072562 -3.880265 -3.324881 9.072563 -4.357978 -2.769926 8.651502 -4.797663 -4.377766 9.072562 -3.315504 -4.797653 8.651502 -2.769928 -4.619223 10.94902 -2.666903 -4.544156 9.451189 -3.66958 -4.501628 9.231762 -3.449 -4.672538 11.11401 -2.905014 -2.666906 10.94902 -4.619222 -3.448742 9.231763 -4.491475 -3.667936 9.450707 -4.533547 -2.904733 11.11401 -4.670268 -1.26413 6.761258 -4.791507 -1.313717 6.810232 -4.792776 -1.401154 6.6025 -6.357692 -1.430376 6.631364 -6.358427 -1.215504 6.810232 -4.80136 -1.372484 6.631364 -6.363487 -1.265104 6.859207 -4.802616 -1.401725 6.660233 -6.364242 -1.372484 6.631364 -6.363487 -1.215504 6.810232 -4.80136 -1.430376 6.631364 -6.358427 -1.401725 6.660233 -6.364242 -1.401154 6.6025 -6.357692 -1.372484 6.631364 -6.363487 -1.259112 6.30795 -4.734178 -1.308703 6.356922 -4.735453 -1.381466 5.994467 -6.13268 -1.410688 6.023334 -6.133413 -1.352796 6.023334 -6.138473 -1.210483 6.356922 -4.74404 -1.260084 6.405899 -4.745296 -1.382037 6.052201 -6.139221 -1.308703 6.356922 -4.735453 -1.410688 6.023334 -6.133413 -1.410688 6.023334 -6.133413 -1.382037 6.052201 -6.139221 -1.381466 5.994467 -6.13268 -1.352796 6.023334 -6.138473 -1.380685 5.377399 -5.790484 -1.351243 5.348929 -5.787253 -1.253204 5.677349 -4.66665 -1.303162 5.72565 -4.672152 -1.322793 5.377399 -5.795547 -1.204942 5.72565 -4.680736 -1.352252 5.405871 -5.798791 -1.254917 5.773955 -4.686238 -1.303162 5.72565 -4.672152 -1.380685 5.377399 -5.790484 -1.380685 5.377399 -5.790484 -1.352252 5.405871 -5.798791 -1.351243 5.348929 -5.787253 -1.322793 5.377399 -5.795547 -1.380679 4.795279 -5.385218 -1.35124 4.766809 -5.381993 -1.253201 5.088042 -4.580494 -1.303162 5.136343 -4.585989 -1.32279 4.795279 -5.390278 -1.204935 5.136343 -4.594573 -1.352245 4.823751 -5.393522 -1.25491 5.184648 -4.600089 -1.303162 5.136343 -4.585989 -1.380679 4.795279 -5.385218 -1.380679 4.795279 -5.385218 -1.352245 4.823751 -5.393522 -1.35124 4.766809 -5.381993 -1.32279 4.795279 -5.390278 -4.167082 -1.378191 -3.33808e-6 -4.167082 -1.378191 -0.2463367 -4.100683 -2.305489 -3.33808e-6 -4.100683 -2.305489 -0.2463367 -3.512559 -12.06924 -0.2434792 -3.512559 -12.06924 -3.33808e-6 -2.758571 -12.38201 -0.4208111 -2.238201 -12.54814 -0.6394016 -2.251871 -15.08919 -0.3306965 -1.971509 -15.39057 -0.4845551 -2.872623 -12.38562 -3.33808e-6 -2.338889 -15.1946 -3.33808e-6 -1.971509 -15.39057 -0.4845551 -2.0984 -15.49548 -3.33808e-6 -0.3307284 -15.08919 -2.251879 -0.4208334 -12.38201 -2.758578 1.09499e-6 -12.38562 -2.872627 1.34056e-6 -15.1946 -2.338897 -0.6394039 -12.54814 -2.238219 -0.4845771 -15.39057 -1.971521 -0.4845771 -15.39057 -1.971521 1.36686e-6 -15.49548 -2.098408 3.946336 -4.071506 -3.095952 3.632632 -11.7228 -2.802222 3.560413 -11.7228 -3.243242 3.830431 -4.08675 -3.584006 3.519515 -11.7228 -2.496921 3.81939 -4.047326 -2.819005 3.320004 -11.7228 -3.486719 3.534115 -4.075102 -3.879585 2.886862 -11.7228 -3.564116 3.04276 -4.0367 -3.993561 2.626448 -11.7228 -3.416894 2.736037 -4.004203 -3.894233 3.612914 -3.677177 -2.36291 2.851101 -11.7228 -1.866024 3.298089 -11.7228 -2.029016 3.183869 -3.633962 -2.181866 3.918136 -3.716651 -2.66813 3.603289 -11.7228 -2.334215 3.967423 -2.621509 -2.720404 4.151631 -2.657312 -3.14697 4.099544 -3.752386 -3.09754 3.965437 -3.769683 -3.66548 4.010169 -2.674441 -3.72226 3.662223 -2.582031 -2.415191 3.236018 -2.538886 -2.23135 3.61492 -3.758992 -4.017034 3.652322 -2.663579 -4.081171 3.048021 -3.720315 -4.152178 3.078092 -2.624735 -4.223701 2.58819 -3.676081 -4.002018 2.609635 -2.580307 -4.082232 2.282981 -3.636603 -3.696785 2.146043 -11.7228 -3.184471 2.132369 -3.601887 -3.236484 1.94024 -11.7228 -2.779582 2.451253 -11.7228 -3.489677 2.304433 -2.540831 -3.777032 2.162479 -2.50631 -3.308085 2.985045 -2.544788 -2.759193 3.236018 -2.538886 -2.23135 3.259323 -2.563346 -2.684426 3.662223 -2.582031 -2.415191 3.550866 -2.591682 -2.790538 3.967423 -2.621509 -2.720404 3.773467 -2.621839 -3.040714 4.151631 -2.657312 -3.14697 3.83378 -2.63759 -3.257767 4.010169 -2.674441 -3.72226 3.782537 -2.648953 -3.577089 3.652322 -2.663579 -4.081171 3.498025 -2.640025 -3.856505 3.171085 -2.617039 -3.913473 3.078092 -2.624735 -4.223701 2.950656 -2.596615 -3.860826 2.609635 -2.580307 -4.082232 2.704209 -2.56617 -3.643289 2.304433 -2.540831 -3.777032 2.60419 -2.543775 -3.347776 2.162479 -2.50631 -3.308085 2.684684 -2.535882 -3.064594 1.864512 -2.193486 -4.620865 1.680337 -2.115133 -3.783322 2.016999 -2.097508 -3.493556 1.652551 -2.177525 -4.496954 1.506998 -2.190874 -4.687104 1.643608 -2.212836 -4.899074 1.376379 -2.217128 -5.019243 1.280512 -2.194448 -4.788221 1.082768 -2.212836 -5.049354 1.03266 -2.190909 -4.814567 0.7428454 -2.193486 -4.921405 0.8067762 -2.177571 -4.72413 0.4031764 -2.115184 -4.126081 1.95574e-7 -2.097508 -4.03401 1.008496 -2.097529 -3.816815 1.04175 -2.115184 -4.01041 1.626692 -12.3687 -4.073252 1.343079 -12.36273 -4.098528 1.448285 -12.39444 -4.340085 1.475814 -12.34577 -3.918673 1.487798 -12.26701 -3.245503 1.711342 -12.24098 -2.964131 1.08234e-6 -12.24098 -3.422689 0.3148917 -12.26708 -3.560338 0.67501 -12.3687 -4.328268 0.6856118 -12.34584 -4.130982 0.8955132 -12.36277 -4.218846 0.9724358 -12.39444 -4.467587 1.129736 -12.36735 -4.194972 1.223556 -12.40015 -4.448874 2.885896 11.37208 -4.998535 2.63778 12.82321 -4.568764 3.220644 12.82321 -4.197357 3.526853 11.37208 -4.592191 2.201155 11.37208 -5.350021 2.008923 12.82321 -4.890021 3.750931 12.82321 -3.750936 4.103769 11.37208 -4.103776 4.603375 11.37208 -3.526357 4.204593 12.82321 -3.223152 4.99854 11.37208 -2.885905 4.568763 12.82321 -2.637781 5.368772 11.37208 -2.213766 4.904172 12.82321 -2.023441 5.60586 11.37208 -1.502081 5.123868 12.82321 -1.372944 1.502076 11.37208 -5.605864 1.372939 12.82321 -5.123871 0.7306202 11.37208 -5.740148 0.6648166 12.82321 -5.246607 -9.81974e-7 11.37208 -5.77182 -1.10884e-6 12.82321 -5.306251 5.762799 11.37208 -0.7577899 5.264323 12.82321 -0.692644 5.771814 11.37208 -6.67615e-6 5.275552 12.82321 -6.67615e-6 0.6725345 10.94902 -5.304555 -9.4499e-7 10.94902 -5.333823 -9.81974e-7 11.37208 -5.77182 0.7306202 11.37208 -5.740148 1.388084 10.94902 -5.180459 1.502076 11.37208 -5.605864 2.201155 11.37208 -5.350021 2.031475 10.94902 -4.944029 2.885896 11.37208 -4.998535 2.666904 10.94902 -4.619222 2.904731 11.11401 -4.670268 3.526853 11.37208 -4.592191 3.361992 11.11401 -4.379616 3.913803 11.11401 -3.913806 4.103769 11.37208 -4.103776 4.603375 11.37208 -3.526357 4.388676 11.11401 -3.363111 4.672536 11.11401 -2.905014 4.99854 11.37208 -2.885905 4.619221 10.94902 -2.666903 4.958721 10.94902 -2.045766 5.368772 11.37208 -2.213766 5.60586 11.37208 -1.502081 5.180458 10.94902 -1.388085 5.322852 10.94902 -0.7002815 5.762799 11.37208 -0.7577899 5.771814 11.37208 -6.67615e-6 5.33382 10.94902 -6.67615e-6 -7.53745e-7 8.761431 -5.730509 -9.4499e-7 10.94902 -5.333823 0.6725345 10.94902 -5.304555 0.7251494 8.761431 -5.699057 1.388084 10.94902 -5.180459 1.491331 8.761431 -5.56574 2.031475 10.94902 -4.944029 2.18515 8.761429 -5.311726 2.666904 10.94902 -4.619222 2.865247 8.761431 -4.962762 3.448741 9.231763 -4.491475 4.619221 10.94902 -2.666903 4.958721 10.94902 -2.045766 5.330089 8.761432 -2.19793 4.962753 8.761432 -2.86525 5.565726 8.761434 -1.491338 5.180458 10.94902 -1.388085 5.721291 8.761434 -0.7523687 5.322852 10.94902 -0.7002815 5.730494 8.761434 -6.67615e-6 5.33382 10.94902 -6.67615e-6 4.501626 9.231763 -3.449 3.729945 7.173173 -3.729959 2.839977 6.932243 -4.055073 2.623023 7.173173 -4.543221 3.540438 6.932243 -3.540443 2.489747 6.932243 -4.312386 2.674605 8.541574 -4.632562 3.803299 8.541574 -3.803304 4.05507 6.932244 -2.839987 4.543203 7.173175 -2.623025 4.312385 6.932244 -2.489757 4.836342 6.932244 -1.295901 5.095204 7.173175 -1.36526 5.195406 8.541576 -1.392104 4.632551 8.541574 -2.674606 1.295887 6.932241 -4.836343 1.365255 7.173175 -5.095218 -6.14895e-7 7.173173 -5.246053 -5.93832e-7 6.932243 -4.97952 -7.34524e-7 8.541574 -5.349218 1.392107 8.541574 -5.195414 5.246041 7.173175 -6.67615e-6 4.979513 6.932244 -6.67615e-6 5.349208 8.541574 -6.67615e-6 1.045535 -0.9216352 -3.956981 0 -0.9216136 -4.182175 1.025103 -1.17023 -3.879624 0 -1.170207 -4.100418 1.008496 -2.097529 -3.816815 1.95574e-7 -2.097508 -4.03401 2.050199 -1.170206 -3.551064 2.091077 -0.9216135 -3.621865 2.016999 -2.097508 -3.493556 4.182155 -0.9216133 -3.33808e-6 3.919713 -0.9216099 -1.050292 3.992325 -1.170206 -0.403333 4.100399 -1.170204 -3.33808e-6 3.659118 -1.170208 -1.64688 3.621852 -0.9216099 -2.091084 3.551051 -1.170206 -2.050206 4.403726 5.775334 -4.079857 3.595555 -0.6769639 -3.699181 3.959512 5.806762 -4.531218 3.819486 -0.6769607 -3.386738 4.642041 5.825142 -3.740186 3.859196 -0.7568559 -2.990368 4.639848 6.025305 -3.44984 3.621852 -0.9216099 -2.091084 4.312385 6.932244 -2.489757 3.790845 -0.9810793 -2.950137 3.551051 -1.170206 -2.050206 3.273914 -0.6769157 -3.901616 3.551802 -0.8801192 -3.653997 3.247584 -0.8875331 -3.837291 2.882615 -0.7568092 -3.910242 2.844106 -0.9576178 -3.84185 2.091077 -0.9216135 -3.621865 3.346834 6.100117 -4.734692 2.489747 6.932243 -4.312386 2.050199 -1.170206 -3.551064 3.627058 5.892784 -4.764256 3.754347 -0.9114186 -3.358751 3.060527 6.472207 -4.041175 3.61591 6.472209 -3.633134 3.62034 5.86798 -4.327747 3.821973 5.725265 -4.332975 4.2188 5.697192 -3.929782 4.236981 5.837772 -3.714643 4.023949 6.472209 -3.077759 3.551802 -0.8801192 -3.653997 3.754347 -0.9114186 -3.358751 3.790845 -0.9810793 -2.950137 2.844106 -0.9576178 -3.84185 3.247584 -0.8875331 -3.837291 2.050199 -1.170206 -3.551064 3.551051 -1.170206 -2.050206 3.493543 -2.097507 -2.017005 2.016999 -2.097508 -3.493556 3.551051 -1.170206 -2.050206 2.050199 -1.170206 -3.551064 1.711342 -12.24098 -2.964131 2.964132 -12.24098 -1.711338 4.15798 -2.618888 -0.7786863 3.947649 -2.618888 -1.563641 4.224379 -1.691592 -0.7786863 4.005153 -1.691592 -1.596849 3.479002 -11.80543 -1.25798 3.607437 -11.80543 -0.7786794 3.809928 -2.498944 -1.792032 3.867434 -1.571647 -1.82524 3.493543 -2.097507 -2.017005 3.551051 -1.170206 -2.050206 2.964132 -12.24098 -1.711338 3.32424 -11.90846 -1.488274 4.167367 -2.513472 -0.4926667 4.233768 -1.586176 -0.4926667 4.100683 -2.305489 -0.2463367 4.167082 -1.37819 -0.2463367 3.512561 -12.06924 -0.2434792 3.602431 -11.89751 -0.4869584 1.962983 -12.58121 -1.319474 1.319465 -12.58121 -1.962989 1.711342 -12.24098 -2.964131 2.964132 -12.24098 -1.711338 2.124185 -12.58121 -1.040264 3.422686 -12.24097 -3.33808e-6 2.402928 -12.58121 -3.33808e-6 1.967029 -12.58126 -1.135667 1.040262 -12.58121 -2.124191 1.08234e-6 -12.24098 -3.422689 1.11209e-6 -12.58121 -2.402927 1.135668 -12.58126 -1.967034 1.661265 -15.80489 -1.148465 1.148473 -15.80489 -1.661267 1.962983 -12.58121 -1.319474 1.319465 -12.58121 -1.962989 0.8644662 -15.80489 -1.825233 1.11209e-6 -12.58121 -2.402927 1.040262 -12.58121 -2.124191 1.39391e-6 -15.80489 -2.056869 2.05688 -15.80488 -3.33808e-6 1.825238 -15.80488 -0.8644681 2.402928 -12.58121 -3.33808e-6 2.124185 -12.58121 -1.040264 1.29625e-6 -14.6878 -3.33808e-6 0.3808991 -14.6878 -0.6597372 0.6597385 -14.6878 -0.3808878 1.29625e-6 -14.6878 -3.33808e-6 1.29625e-6 -14.6878 -0.7617889 1.29625e-6 -14.6878 -3.33808e-6 0.7617968 -14.6878 -3.33808e-6 3.607437 -11.80543 -0.7786794 3.602431 -11.89751 -0.4869584 3.32424 -11.90846 -1.488274 3.479002 -11.80543 -1.25798 2.964132 -12.24098 -1.711338 3.512561 -12.06924 -0.2434792 3.422686 -12.24097 -3.33808e-6 3.512561 -12.06924 -3.33808e-6 0.7251494 8.761431 -5.699057 1.392107 8.541574 -5.195414 -7.34524e-7 8.541574 -5.349218 -7.53745e-7 8.761431 -5.730509 1.491331 8.761431 -5.56574 2.18515 8.761429 -5.311726 2.674605 8.541574 -4.632562 2.769925 8.651502 -4.797663 3.803299 8.541574 -3.803304 3.938847 8.651503 -3.938854 4.797652 8.651503 -2.769928 4.632551 8.541574 -2.674606 5.330089 8.761432 -2.19793 5.195406 8.541576 -1.392104 5.565726 8.761434 -1.491338 5.721291 8.761434 -0.7523687 5.349208 8.541574 -6.67615e-6 5.730494 8.761434 -6.67615e-6 4.962753 8.761432 -2.86525 2.865247 8.761431 -4.962762 4.233768 -1.586176 -0.4926667 4.149776 -1.517798 -0.6433072 3.992325 -1.170206 -0.403333 4.167082 -1.37819 -0.2463367 4.224379 -1.691592 -0.7786863 3.887056 -1.517798 -1.62378 4.005153 -1.691592 -1.596849 3.867434 -1.571647 -1.82524 3.659118 -1.170208 -1.64688 3.551051 -1.170206 -2.050206 4.100399 -1.170204 -3.33808e-6 4.167082 -1.37819 -3.33808e-6 3.698977 -1.659127 -1.498108 3.659118 -1.170208 -1.64688 3.992325 -1.170206 -0.403333 3.952462 -1.659126 -0.5520976 4.149776 -1.517798 -0.6433072 3.952462 -1.659126 -0.5520976 3.992325 -1.170206 -0.403333 3.659118 -1.170208 -1.64688 3.698977 -1.659127 -1.498108 3.887056 -1.517798 -1.62378 3.952462 -1.659126 -0.5520976 4.149776 -1.517798 -0.6433072 3.698977 -1.659127 -1.498108 3.887056 -1.517798 -1.62378 3.627058 5.892784 -4.764256 3.800333 5.99018 -4.423104 3.959512 5.806762 -4.531218 4.403726 5.775334 -4.079857 4.300817 5.954771 -3.91458 3.546028 6.170174 -4.416501 3.346834 6.100117 -4.734692 2.839977 6.932243 -4.055073 2.489747 6.932243 -4.312386 4.642041 5.825142 -3.740186 4.323747 6.132075 -3.643249 4.639848 6.025305 -3.44984 4.05507 6.932244 -2.839987 4.312385 6.932244 -2.489757 3.913803 11.11401 -3.913806 4.388676 11.11401 -3.363111 4.544154 9.45119 -3.66958 4.125413 9.447773 -4.125642 3.667934 9.450707 -4.533547 3.361992 11.11401 -4.379616 4.672536 11.11401 -2.905014 2.904731 11.11401 -4.670268 2.853102 -2.788583 -3.521575 2.839097 -2.76915 -3.153614 3.1608 -2.822422 -3.70465 2.789628 -2.774311 -3.331353 3.389468 -2.838466 -3.666121 3.618545 -2.836978 -3.259049 3.067922 -2.775937 -2.920949 3.582797 -2.827313 -3.125393 3.421948 -2.805535 -2.94483 3.232984 -2.787286 -2.877015 3.585341 -2.844611 -3.473742 3.025184 -2.809849 -3.673658 1.510836 -2.411988 -4.426248 1.071145 -2.370718 -4.120833 1.529086 -2.370569 -3.958003 0.89145 -2.411788 -4.590334 1.23847 -2.424297 -4.631921 1.046423 -2.421554 -4.652336 1.412987 -2.421543 -4.554002 0.6286733 -2.370659 -4.200995 0.5503996 -12.10908 -3.668532 0.789022 -12.15978 -4.035839 1.344765 -12.10903 -3.455309 1.337 -12.16005 -3.891374 1.097266 -12.17403 -4.074521 1.254193 -12.17063 -4.00358 0.9236766 -12.17064 -4.092206 2.494739 12.91406 -4.321018 3.220644 12.82321 -4.197357 2.63778 12.82321 -4.568764 3.548384 12.91366 -3.548387 3.750931 12.82321 -3.750936 4.204593 12.82321 -3.223152 4.321015 12.91406 -2.494745 4.568763 12.82321 -2.637781 4.904172 12.82321 -2.023441 4.847182 12.91366 -1.298805 5.123868 12.82321 -1.372944 5.264323 12.82321 -0.692644 2.008923 12.82321 -4.890021 1.2988 12.91366 -4.847185 1.372939 12.82321 -5.123871 0.6648166 12.82321 -5.246607 -1.11682e-6 12.91448 -5.016279 -1.10884e-6 12.82321 -5.306251 4.989477 12.91406 -6.67615e-6 5.275552 12.82321 -6.67615e-6 1.652551 -2.177525 -4.496954 1.510836 -2.411988 -4.426248 1.529086 -2.370569 -3.958003 1.680337 -2.115133 -3.783322 1.652551 -2.177525 -4.496954 1.412987 -2.421543 -4.554002 1.506998 -2.190874 -4.687104 1.280512 -2.194448 -4.788221 1.23847 -2.424297 -4.631921 1.03266 -2.190909 -4.814567 1.046423 -2.421554 -4.652336 0.89145 -2.411788 -4.590334 0.8067762 -2.177571 -4.72413 0.8067762 -2.177571 -4.72413 0.4031764 -2.115184 -4.126081 0.6286733 -2.370659 -4.200995 0.6286733 -2.370659 -4.200995 0.4031764 -2.115184 -4.126081 1.04175 -2.115184 -4.01041 1.071145 -2.370718 -4.120833 1.529086 -2.370569 -3.958003 1.680337 -2.115133 -3.783322 2.58819 -3.676081 -4.002018 2.736037 -4.004203 -3.894233 2.451253 -11.7228 -3.489677 2.626448 -11.7228 -3.416894 2.736037 -4.004203 -3.894233 2.58819 -3.676081 -4.002018 3.048021 -3.720315 -4.152178 3.04276 -4.0367 -3.993561 3.534115 -4.075102 -3.879585 3.61492 -3.758992 -4.017034 3.830431 -4.08675 -3.584006 3.965437 -3.769683 -3.66548 4.099544 -3.752386 -3.09754 3.946336 -4.071506 -3.095952 3.81939 -4.047326 -2.819005 3.918136 -3.716651 -2.66813 3.603289 -11.7228 -2.334215 3.519515 -11.7228 -2.496921 3.81939 -4.047326 -2.819005 3.918136 -3.716651 -2.66813 2.4702 -11.50113 -2.803943 2.528901 -11.50113 -3.023255 3.126877 -11.50113 -2.424865 2.908 -11.50113 -2.366262 2.528866 -11.50113 -2.585111 2.689095 -11.50113 -2.424884 2.688971 -11.50113 -3.183081 3.287111 -11.50113 -2.585127 2.908019 -11.50113 -3.241725 3.345707 -11.50113 -2.80397 3.28705 -11.50113 -3.022867 3.126925 -11.50113 -3.183101 2.626448 -11.7228 -3.416894 2.146043 -11.7228 -3.184471 2.451253 -11.7228 -3.489677 2.626072 -11.7228 -3.292144 2.419852 -11.7228 -3.086252 2.344288 -11.7228 -2.803917 1.94024 -11.7228 -2.779582 2.419825 -11.7228 -2.522142 2.851101 -11.7228 -1.866024 2.626142 -11.7228 -2.315837 2.907995 -11.7228 -2.24035 3.298089 -11.7228 -2.029016 3.189829 -11.7228 -2.315811 3.519515 -11.7228 -2.496921 3.603289 -11.7228 -2.334215 3.396169 -11.7228 -2.522175 3.471619 -11.7228 -2.803983 3.632632 -11.7228 -2.802222 3.396101 -11.7228 -3.08581 3.560413 -11.7228 -3.243242 3.189899 -11.7228 -3.292144 3.320004 -11.7228 -3.486719 2.886862 -11.7228 -3.564116 2.908026 -11.7228 -3.367644 3.067922 -2.775937 -2.920949 2.985045 -2.544788 -2.759193 3.259323 -2.563346 -2.684426 3.232984 -2.787286 -2.877015 3.421948 -2.805535 -2.94483 3.550866 -2.591682 -2.790538 3.582797 -2.827313 -3.125393 3.773467 -2.621839 -3.040714 3.618545 -2.836978 -3.259049 3.83378 -2.63759 -3.257767 3.585341 -2.844611 -3.473742 3.782537 -2.648953 -3.577089 3.498025 -2.640025 -3.856505 3.389468 -2.838466 -3.666121 3.171085 -2.617039 -3.913473 3.1608 -2.822422 -3.70465 3.025184 -2.809849 -3.673658 2.950656 -2.596615 -3.860826 2.704209 -2.56617 -3.643289 2.853102 -2.788583 -3.521575 2.60419 -2.543775 -3.347776 2.789628 -2.774311 -3.331353 2.839097 -2.76915 -3.153614 2.684684 -2.535882 -3.064594 3.471619 -11.7228 -2.803983 3.396169 -11.7228 -2.522175 3.287111 -11.50113 -2.585127 3.345707 -11.50113 -2.80397 3.126877 -11.50113 -2.424865 3.189829 -11.7228 -2.315811 2.907995 -11.7228 -2.24035 2.908 -11.50113 -2.366262 2.689095 -11.50113 -2.424884 2.626142 -11.7228 -2.315837 2.528866 -11.50113 -2.585111 2.419825 -11.7228 -2.522142 2.344288 -11.7228 -2.803917 2.4702 -11.50113 -2.803943 2.528901 -11.50113 -3.023255 2.419852 -11.7228 -3.086252 2.626072 -11.7228 -3.292144 2.688971 -11.50113 -3.183081 2.908026 -11.7228 -3.367644 2.908019 -11.50113 -3.241725 3.126925 -11.50113 -3.183101 3.189899 -11.7228 -3.292144 3.396101 -11.7228 -3.08581 3.28705 -11.50113 -3.022867 1.487798 -12.26701 -3.245503 0.3148917 -12.26708 -3.560338 0.5503996 -12.10908 -3.668532 1.344765 -12.10903 -3.455309 0.5503996 -12.10908 -3.668532 0.3148917 -12.26708 -3.560338 0.789022 -12.15978 -4.035839 0.6856118 -12.34584 -4.130982 0.8955132 -12.36277 -4.218846 0.9236766 -12.17064 -4.092206 1.097266 -12.17403 -4.074521 1.129736 -12.36735 -4.194972 1.254193 -12.17063 -4.00358 1.343079 -12.36273 -4.098528 1.475814 -12.34577 -3.918673 1.337 -12.16005 -3.891374 1.344765 -12.10903 -3.455309 1.487798 -12.26701 -3.245503 1.362323 -15.80489 -0.9791243 0.9791257 -15.80489 -1.362322 1.148473 -15.80489 -1.661267 1.661265 -15.80489 -1.148465 1.39391e-6 -15.80489 -1.714055 1.39391e-6 -15.80489 -2.056869 0.6902452 -15.80489 -1.529106 0.8644662 -15.80489 -1.825233 2.05688 -15.80488 -3.33808e-6 1.714066 -15.80488 -3.33808e-6 1.52911 -15.80488 -0.6902338 1.825238 -15.80488 -0.8644681 0.3808991 -14.6878 -0.6597372 0.8115677 -15.66506 -1.405677 1.405675 -15.66506 -0.8115595 0.6597385 -14.6878 -0.3808878 1.39391e-6 -15.80489 -1.714055 1.29625e-6 -14.6878 -0.7617889 1.714066 -15.80488 -3.33808e-6 0.7617968 -14.6878 -3.33808e-6 1.362323 -15.80489 -0.9791243 0.9791257 -15.80489 -1.362322 1.52911 -15.80488 -0.6902338 0.6902452 -15.80489 -1.529106 1.962983 -12.58121 -1.319474 1.708739 -15.70907 -0.9865347 1.661265 -15.80489 -1.148465 1.967029 -12.58126 -1.135667 0.9865429 -15.70907 -1.708734 1.135668 -12.58126 -1.967034 1.319465 -12.58121 -1.962989 1.148473 -15.80489 -1.661267 1.040262 -12.58121 -2.124191 0.9865429 -15.70907 -1.708734 0.8644662 -15.80489 -1.825233 1.135668 -12.58126 -1.967034 1.708739 -15.70907 -0.9865347 1.967029 -12.58126 -1.135667 2.124185 -12.58121 -1.040264 1.825238 -15.80488 -0.8644681 1.362323 -15.80489 -0.9791243 1.661265 -15.80489 -1.148465 1.708739 -15.70907 -0.9865347 1.405675 -15.66506 -0.8115595 0.9791257 -15.80489 -1.362322 0.9865429 -15.70907 -1.708734 1.148473 -15.80489 -1.661267 0.8115677 -15.66506 -1.405677 0.6902452 -15.80489 -1.529106 0.8644662 -15.80489 -1.825233 0.9865429 -15.70907 -1.708734 0.8115677 -15.66506 -1.405677 1.52911 -15.80488 -0.6902338 1.708739 -15.70907 -0.9865347 1.825238 -15.80488 -0.8644681 1.405675 -15.66506 -0.8115595 3.060527 6.472207 -4.041175 2.839977 6.932243 -4.055073 3.540438 6.932243 -3.540443 3.61591 6.472209 -3.633134 4.023949 6.472209 -3.077759 4.05507 6.932244 -2.839987 4.023949 6.472209 -3.077759 4.05507 6.932244 -2.839987 4.323747 6.132075 -3.643249 4.236981 5.837772 -3.714643 4.323747 6.132075 -3.643249 4.300817 5.954771 -3.91458 4.2188 5.697192 -3.929782 3.800333 5.99018 -4.423104 3.821973 5.725265 -4.332975 4.2188 5.697192 -3.929782 4.300817 5.954771 -3.91458 3.821973 5.725265 -4.332975 3.800333 5.99018 -4.423104 3.62034 5.86798 -4.327747 3.546028 6.170174 -4.416501 3.546028 6.170174 -4.416501 3.060527 6.472207 -4.041175 2.839977 6.932243 -4.055073 5.290825 4.43587 -6.67615e-6 4.826803 -0.1778841 -3.33808e-6 4.571404 -0.1783114 -1.074653 5.116861 4.436101 -1.220801 4.76794 4.080382 -1.943207 4.944874 4.436981 -1.625676 4.399283 -0.1806104 -1.72913 4.66055 4.050913 -2.058438 4.694947 4.20294 -2.007004 4.291157 -0.2037567 -1.84416 4.074965 4.231909 -2.352683 3.662857 -0.4552341 -2.114758 4.300128 -0.3009657 -1.742736 4.845196 4.510076 -1.73379 4.110529 4.376339 -2.303385 4.340975 4.866283 -1.864142 4.901047 4.576108 -1.591881 4.901047 4.576108 -1.591881 5.059536 4.572575 -1.22472 4.602202 4.92607 -1.233158 4.400952 4.92607 -1.731653 4.775837 4.926067 -6.67615e-6 5.232082 4.572626 -6.67615e-6 3.679461 -0.5398775 -2.028849 4.400952 4.92607 -1.731653 4.074965 4.231909 -2.352683 4.741121 -0.2983627 -3.33808e-6 4.220909 -0.5398808 -3.33808e-6 4.484258 -0.2985689 -1.070721 3.964264 -0.5398775 -1.062229 4.300128 -0.3009657 -1.742736 3.679461 -0.5398775 -2.028849 3.448741 9.231763 -4.491475 3.324879 9.072563 -4.357978 2.769925 8.651502 -4.797663 2.865247 8.761431 -4.962762 3.889892 9.072563 -3.880265 4.013754 9.231763 -4.013761 4.501626 9.231763 -3.449 4.377765 9.072563 -3.315504 4.962753 8.761432 -2.86525 4.797652 8.651503 -2.769928 4.544154 9.45119 -3.66958 4.125413 9.447773 -4.125642 3.667934 9.450707 -4.533547 3.889892 9.072563 -3.880265 3.938847 8.651503 -3.938854 3.324879 9.072563 -4.357978 2.769925 8.651502 -4.797663 4.377765 9.072563 -3.315504 4.797652 8.651503 -2.769928 4.619221 10.94902 -2.666903 4.501626 9.231763 -3.449 4.544154 9.45119 -3.66958 4.672536 11.11401 -2.905014 3.667934 9.450707 -4.533547 3.448741 9.231763 -4.491475 2.666904 10.94902 -4.619222 2.904731 11.11401 -4.670268 1.401153 6.6025 -6.357692 1.313716 6.810232 -4.792776 1.264129 6.761258 -4.791507 1.430375 6.631364 -6.358427 1.215503 6.810232 -4.80136 1.372483 6.631364 -6.363487 1.265103 6.859207 -4.802616 1.401724 6.660233 -6.364242 1.372483 6.631364 -6.363487 1.215503 6.810232 -4.80136 1.401724 6.660233 -6.364242 1.401153 6.6025 -6.357692 1.372483 6.631364 -6.363487 1.430375 6.631364 -6.358427 1.381465 5.994467 -6.13268 1.308702 6.356922 -4.735453 1.259111 6.30795 -4.734178 1.410687 6.023334 -6.133413 1.352795 6.023334 -6.138473 1.210482 6.356922 -4.74404 1.260083 6.405899 -4.745296 1.382036 6.052201 -6.139221 1.308702 6.356922 -4.735453 1.410687 6.023334 -6.133413 1.382036 6.052201 -6.139221 1.381465 5.994467 -6.13268 1.352795 6.023334 -6.138473 1.410687 6.023334 -6.133413 1.380684 5.377399 -5.790484 1.303161 5.72565 -4.672152 1.253203 5.677349 -4.66665 1.351242 5.348929 -5.787253 1.322792 5.377399 -5.795547 1.204941 5.72565 -4.680736 1.352251 5.405871 -5.798791 1.254916 5.773955 -4.686238 1.303161 5.72565 -4.672152 1.380684 5.377399 -5.790484 1.352251 5.405871 -5.798791 1.351242 5.348929 -5.787253 1.322792 5.377399 -5.795547 1.380684 5.377399 -5.790484 1.380678 4.795279 -5.385218 1.303161 5.136343 -4.585989 1.2532 5.088042 -4.580494 1.351239 4.766809 -5.381993 1.322789 4.795279 -5.390278 1.204934 5.136343 -4.594573 1.352244 4.823751 -5.393522 1.254909 5.184648 -4.600089 1.303161 5.136343 -4.585989 1.380678 4.795279 -5.385218 1.352244 4.823751 -5.393522 1.351239 4.766809 -5.381993 1.322789 4.795279 -5.390278 1.380678 4.795279 -5.385218 4.167082 -1.37819 -0.2463367 4.167082 -1.37819 -3.33808e-6 4.100683 -2.305489 -3.33808e-6 4.100683 -2.305489 -0.2463367 3.512561 -12.06924 -0.2434792 3.512561 -12.06924 -3.33808e-6 2.251874 -15.08919 -0.3306965 2.238208 -12.54814 -0.6394016 2.758573 -12.38201 -0.4208111 1.971512 -15.39057 -0.4845551 2.872626 -12.38562 -3.33808e-6 2.338891 -15.1946 -3.33808e-6 1.971512 -15.39057 -0.4845551 2.098402 -15.49548 -3.33808e-6 0.3307311 -15.08919 -2.251879 1.34056e-6 -15.1946 -2.338897 1.09499e-6 -12.38562 -2.872627 0.4208356 -12.38201 -2.758578 0.6394127 -12.54814 -2.238219 0.4845798 -15.39057 -1.971521 0.4845798 -15.39057 -1.971521 1.36686e-6 -15.49548 -2.098408 -3.958892 11.39861 4.335412 -4.335479 11.3989 3.958506 -4.362824 11.37004 3.986766 -3.987005 11.36988 4.36262 -3.846865 11.16281 4.432404 -3.875385 11.13443 4.459928 -4.762247 10.5777 5.112798 -5.116671 10.57419 4.765871 -4.459917 11.13479 3.875008 -5.21854 10.35292 4.661192 -7.242475 8.329925 6.962934 -7.259126 8.202446 6.823575 -5.19996 10.13774 4.644231 -7.197585 8.074969 6.762386 -6.964441 8.327423 7.243785 -4.661731 10.35217 5.21885 -6.824789 8.199942 7.260718 -4.644665 10.13695 5.20041 -6.763336 8.072462 7.199463 -4.432405 11.16315 3.84649 -7.295699 9.254582 7.846869 -7.844831 9.258053 7.292189 -7.839872 9.171373 7.489359 -7.492591 9.16919 7.840121 -7.901419 9.211081 7.348776 -7.352345 9.207554 7.903519 -6.557555 7.836609 7.242461 -7.257664 7.69746 6.82544 -7.241054 7.840322 6.554801 -6.826686 7.694848 7.259353 -7.345355 7.737126 6.659101 -6.661959 7.733256 7.346867 -7.473545 7.926467 6.787292 -7.954681 8.970499 7.268429 -7.784739 9.096639 7.098491 -7.241054 7.840322 6.554801 -7.901419 9.211081 7.348776 -7.844831 9.258053 7.292189 -7.345355 7.737126 6.659101 -7.784739 9.096639 7.098491 -7.101895 9.093224 7.786806 -6.557555 7.836609 7.242461 -7.241054 7.840322 6.554801 -7.385812 7.886623 6.953872 -6.954853 7.884007 7.387778 -7.867891 8.93078 7.434244 -7.437232 8.928566 7.868451 -7.839872 9.171373 7.489359 -7.492591 9.16919 7.840121 -7.271971 8.966922 7.956884 -6.790354 7.922235 7.475259 -7.954681 8.970499 7.268429 -7.473545 7.926467 6.787292 -7.352345 9.207554 7.903519 -7.901419 9.211081 7.348776 -6.826686 7.694848 7.259353 -6.661959 7.733256 7.346867 -7.257664 7.69746 6.82544 -7.345355 7.737126 6.659101 -7.101895 9.093224 7.786806 -7.784739 9.096639 7.098491 -7.844831 9.258053 7.292189 -7.295699 9.254582 7.846869 -7.295699 9.254582 7.846869 -7.352345 9.207554 7.903519 -7.101895 9.093224 7.786806 -7.271971 8.966922 7.956884 -7.101895 9.093224 7.786806 -6.790354 7.922235 7.475259 -6.557555 7.836609 7.242461 -6.661959 7.733256 7.346867 -4.335479 11.3989 3.958506 -3.958892 11.39861 4.335412 -3.641787 12.28376 4.222832 -4.223106 12.28376 3.641512 -4.622161 11.39899 3.671719 -4.432405 11.16315 3.84649 -4.612087 11.11152 3.663444 -3.672245 11.39852 4.622169 -3.846865 11.16281 4.432404 -3.663886 11.11107 4.612145 -3.641787 12.28376 4.222832 -4.136463 12.30317 3.554886 -4.223106 12.28376 3.641512 -3.555145 12.30317 4.136201 -7.197585 8.074969 6.762386 -5.19996 10.13774 4.644231 -4.644665 10.13695 5.20041 -6.763336 8.072462 7.199463 -3.659306 10.92694 4.605002 -4.604824 10.92746 3.658909 -3.684488 10.90241 4.628909 -4.378915 10.22613 5.288115 -4.628724 10.90294 3.684093 -5.28762 10.2269 4.37852 -4.622161 11.39899 3.671719 -4.21886 10.79591 3.272945 -4.612087 11.11152 3.663444 -4.604824 10.92746 3.658909 -4.136463 12.30317 3.554886 -4.622161 11.39899 3.671719 -4.223106 12.28376 3.641512 -4.459917 11.13479 3.875008 -4.63624 11.08633 3.688916 -5.30204 10.39206 4.391171 -5.21854 10.35292 4.661192 -4.432405 11.16315 3.84649 -4.612087 11.11152 3.663444 -3.689355 11.08588 4.636303 -3.663886 11.11107 4.612145 -3.846865 11.16281 4.432404 -3.875385 11.13443 4.459928 -4.391705 10.39133 5.302372 -4.661731 10.35217 5.21885 -5.28762 10.2269 4.37852 -5.19996 10.13774 4.644231 -5.21854 10.35292 4.661192 -5.30204 10.39206 4.391171 -4.661731 10.35217 5.21885 -4.644665 10.13695 5.20041 -4.378915 10.22613 5.288115 -4.391705 10.39133 5.302372 -3.555145 12.30317 4.136201 -3.641787 12.28376 4.222832 -3.672245 11.39852 4.622169 -3.672245 11.39852 4.622169 -3.273344 10.79539 4.219048 -3.663886 11.11107 4.612145 -3.659306 10.92694 4.605002 -5.28762 10.2269 4.37852 -5.30204 10.39206 4.391171 -4.628724 10.90294 3.684093 -4.63624 11.08633 3.688916 -4.604824 10.92746 3.658909 -4.612087 11.11152 3.663444 -3.663886 11.11107 4.612145 -3.689355 11.08588 4.636303 -3.659306 10.92694 4.605002 -3.684488 10.90241 4.628909 -4.391705 10.39133 5.302372 -4.378915 10.22613 5.288115 -4.604824 10.92746 3.658909 -4.21886 10.79591 3.272945 -3.273344 10.79539 4.219048 -3.659306 10.92694 4.605002 -5.90406 11.37004 -0.2659178 -5.904086 11.36988 0.2656006 -5.864962 11.39861 0.2662449 -5.864744 11.3989 -0.2665586 -5.854334 11.16281 0.4140415 -5.893963 11.13443 0.4133373 -6.982721 10.57771 0.2478755 -6.988016 10.57419 -0.2480524 -5.893687 11.13479 -0.4135944 -6.986036 10.35292 -0.3941066 -10.04475 8.329925 -0.1976674 -9.957982 8.202445 -0.3079842 -6.9609 10.13774 -0.3929583 -9.8712 8.074967 -0.3077372 -10.04674 8.327423 0.1975206 -6.986633 10.35217 0.393943 -9.959966 8.199942 0.3082478 -6.961528 10.13695 0.3929716 -9.873198 8.072462 0.3083881 -5.854067 11.16315 -0.4143018 -10.83941 9.171373 -0.247852 -10.84187 9.16919 0.245739 -10.70742 9.254582 0.389737 -10.7035 9.258053 -0.3907751 -10.78352 9.211081 -0.3907751 -10.78753 9.207554 0.389737 -9.958264 7.69746 -0.3056275 -9.755152 7.840322 -0.485256 -9.75809 7.836609 0.4843046 -9.960345 7.694848 0.3059379 -9.902651 7.737126 -0.485256 -9.905743 7.733256 0.4843046 -10.76437 8.970499 -0.485256 -10.52404 9.096639 -0.485256 -10.08394 7.926467 -0.485256 -9.755152 7.840322 -0.485256 -10.78352 9.211081 -0.3907751 -10.7035 9.258053 -0.3907751 -9.902651 7.737126 -0.485256 -9.755152 7.840322 -0.485256 -10.52791 9.093224 0.4843046 -9.75809 7.836609 0.4843046 -10.52404 9.096639 -0.485256 -10.1397 7.886623 -0.3054273 -10.14178 7.884007 0.3061249 -10.82276 8.928566 0.3049165 -10.82025 8.93078 -0.306629 -10.84187 9.16919 0.245739 -10.83941 9.171373 -0.247852 -10.08731 7.922235 0.4843046 -10.76843 8.96692 0.4843046 -10.08394 7.926467 -0.485256 -10.76437 8.970499 -0.485256 -10.78753 9.207554 0.389737 -10.78352 9.211081 -0.3907751 -9.905743 7.733256 0.4843046 -9.960345 7.694848 0.3059379 -9.958264 7.69746 -0.3056275 -9.902651 7.737126 -0.485256 -10.7035 9.258053 -0.3907751 -10.70742 9.254582 0.389737 -10.52791 9.093224 0.4843046 -10.52404 9.096639 -0.485256 -10.78753 9.207554 0.389737 -10.76843 8.96692 0.4843046 -10.52791 9.093224 0.4843046 -10.70742 9.254582 0.389737 -10.08731 7.922235 0.4843046 -10.52791 9.093224 0.4843046 -9.75809 7.836609 0.4843046 -9.905743 7.733256 0.4843046 -5.864744 11.3989 -0.2665586 -5.864962 11.39861 0.2662449 -5.561134 12.28376 0.4108602 -5.561134 12.28376 -0.411251 -5.864667 11.39899 -0.6720681 -5.854067 11.16315 -0.4143018 -5.851693 11.11152 -0.6707929 -5.865043 11.39852 0.671701 -5.854334 11.16281 0.4140415 -5.852041 11.11107 0.6705225 -5.438612 12.30317 -0.4112376 -5.561134 12.28376 0.4108602 -5.438612 12.30317 0.410867 -5.561134 12.28376 -0.411251 -9.8712 8.074967 -0.3077372 -6.9609 10.13774 -0.3929583 -6.961528 10.13695 0.3929716 -9.873198 8.072462 0.3083881 -5.843752 10.92694 0.6687101 -5.843346 10.92746 -0.6688636 -5.878468 10.90241 0.6678053 -6.835629 10.22613 0.6429033 -5.878054 10.90294 -0.6679555 -6.835003 10.2269 -0.6428266 -5.864667 11.39899 -0.6720681 -5.297516 10.79591 -0.6688636 -5.851693 11.11152 -0.6707929 -5.843346 10.92746 -0.6688636 -5.438612 12.30317 -0.4112376 -5.864667 11.39899 -0.6720681 -5.561134 12.28376 -0.411251 -6.854146 10.39206 -0.6440816 -5.893687 11.13479 -0.4135944 -5.886781 11.08633 -0.6698583 -6.986036 10.35292 -0.3941066 -5.854067 11.16315 -0.4143018 -5.851693 11.11152 -0.6707929 -5.854334 11.16281 0.4140415 -5.893963 11.13443 0.4133373 -5.887134 11.08588 0.6695913 -5.852041 11.11107 0.6705225 -6.854751 10.39133 0.6439414 -6.986633 10.35217 0.393943 -6.835003 10.2269 -0.6428266 -6.9609 10.13774 -0.3929583 -6.986036 10.35292 -0.3941066 -6.854146 10.39206 -0.6440816 -6.986633 10.35217 0.393943 -6.835629 10.22613 0.6429033 -6.854751 10.39133 0.6439414 -6.961528 10.13695 0.3929716 -5.438612 12.30317 0.410867 -5.865043 11.39852 0.671701 -5.297923 10.79539 0.6687166 -5.852041 11.11107 0.6705225 -5.843752 10.92694 0.6687101 -5.561134 12.28376 0.4108602 -5.865043 11.39852 0.671701 -6.835003 10.2269 -0.6428266 -6.854146 10.39206 -0.6440816 -5.878054 10.90294 -0.6679555 -5.886781 11.08633 -0.6698583 -5.843346 10.92746 -0.6688636 -5.851693 11.11152 -0.6707929 -5.852041 11.11107 0.6705225 -5.887134 11.08588 0.6695913 -5.843752 10.92694 0.6687101 -5.878468 10.90241 0.6678053 -6.854751 10.39133 0.6439414 -6.835629 10.22613 0.6429033 -5.843346 10.92746 -0.6688636 -5.297516 10.79591 -0.6688636 -5.297923 10.79539 0.6687166 -5.843752 10.92694 0.6687101 -4.335416 11.39861 -3.958898 -3.958511 11.3989 -4.335484 -3.986771 11.37003 -4.36283 -4.362626 11.36988 -3.987011 -4.432407 11.16281 -3.846871 -4.459934 11.13443 -3.875393 -5.112801 10.5777 -4.762252 -4.765876 10.57419 -5.116676 -3.875013 11.13479 -4.459922 -4.661197 10.35292 -5.218546 -6.962939 8.329925 -7.242482 -6.823577 8.202445 -7.259131 -4.644237 10.13774 -5.199966 -6.762391 8.074967 -7.197591 -7.243788 8.327423 -6.964447 -5.218855 10.35217 -4.661736 -7.260722 8.199942 -6.824795 -5.200416 10.13695 -4.64467 -7.199469 8.072462 -6.763342 -3.846495 11.16315 -4.43241 -7.846875 9.254582 -7.295704 -7.292194 9.258053 -7.844837 -7.489364 9.171373 -7.839878 -7.840126 9.16919 -7.492597 -7.34878 9.211081 -7.901425 -7.903522 9.207552 -7.352351 -7.242466 7.836609 -6.557561 -6.825443 7.69746 -7.25767 -6.554806 7.840322 -7.24106 -7.259358 7.694848 -6.826692 -6.659104 7.737126 -7.345361 -7.346869 7.733256 -6.661965 -6.554806 7.840322 -7.24106 -6.787295 7.926467 -7.473551 -7.098496 9.096639 -7.784745 -7.268434 8.970497 -7.954687 -7.34878 9.211081 -7.901425 -7.292194 9.258053 -7.844837 -6.659104 7.737126 -7.345361 -7.242466 7.836609 -6.557561 -6.554806 7.840322 -7.24106 -7.098496 9.096639 -7.784745 -7.786809 9.093224 -7.101902 -7.387783 7.884007 -6.954859 -7.868456 8.928566 -7.437238 -7.434248 8.93078 -7.867897 -6.953875 7.886623 -7.38582 -7.489364 9.171373 -7.839878 -7.840126 9.16919 -7.492597 -7.956887 8.96692 -7.271977 -7.475262 7.922235 -6.790359 -7.268434 8.970497 -7.954687 -6.787295 7.926467 -7.473551 -7.903522 9.207552 -7.352351 -7.34878 9.211081 -7.901425 -7.259358 7.694848 -6.826692 -7.346869 7.733256 -6.661965 -6.825443 7.69746 -7.25767 -6.659104 7.737126 -7.345361 -7.292194 9.258053 -7.844837 -7.846875 9.254582 -7.295704 -7.786809 9.093224 -7.101902 -7.098496 9.096639 -7.784745 -7.956887 8.96692 -7.271977 -7.786809 9.093224 -7.101902 -7.903522 9.207552 -7.352351 -7.846875 9.254582 -7.295704 -7.475262 7.922235 -6.790359 -7.786809 9.093224 -7.101902 -7.242466 7.836609 -6.557561 -7.346869 7.733256 -6.661965 -3.958511 11.3989 -4.335484 -4.335416 11.39861 -3.958898 -4.222837 12.28376 -3.641793 -3.641518 12.28376 -4.223112 -3.671723 11.39899 -4.622166 -3.846495 11.16315 -4.43241 -3.663449 11.11152 -4.612092 -4.622174 11.39852 -3.672251 -4.432407 11.16281 -3.846871 -4.61215 11.11107 -3.663892 -3.554892 12.30317 -4.136468 -3.641518 12.28376 -4.223112 -4.222837 12.28376 -3.641793 -4.136207 12.30317 -3.555151 -6.762391 8.074967 -7.197591 -4.644237 10.13774 -5.199966 -5.200416 10.13695 -4.64467 -7.199469 8.072462 -6.763342 -4.605005 10.92694 -3.659311 -3.658912 10.92746 -4.604827 -4.628914 10.90241 -3.684493 -5.28812 10.22613 -4.378921 -3.684098 10.90294 -4.628729 -4.378525 10.2269 -5.287625 -3.671723 11.39899 -4.622166 -3.272951 10.79591 -4.218866 -3.663449 11.11152 -4.612092 -3.658912 10.92746 -4.604827 -3.554892 12.30317 -4.136468 -3.671723 11.39899 -4.622166 -3.641518 12.28376 -4.223112 -3.875013 11.13479 -4.459922 -4.391176 10.39206 -5.302046 -4.661197 10.35292 -5.218546 -3.688922 11.08633 -4.636246 -3.846495 11.16315 -4.43241 -3.663449 11.11152 -4.612092 -4.636308 11.08588 -3.689361 -4.61215 11.11107 -3.663892 -4.432407 11.16281 -3.846871 -4.459934 11.13443 -3.875393 -5.302377 10.39133 -4.391712 -5.218855 10.35217 -4.661736 -4.378525 10.2269 -5.287625 -4.644237 10.13774 -5.199966 -4.661197 10.35292 -5.218546 -4.391176 10.39206 -5.302046 -5.218855 10.35217 -4.661736 -5.28812 10.22613 -4.378921 -5.302377 10.39133 -4.391712 -5.200416 10.13695 -4.64467 -4.136207 12.30317 -3.555151 -4.622174 11.39852 -3.672251 -4.21905 10.79539 -3.27335 -4.61215 11.11107 -3.663892 -4.605005 10.92694 -3.659311 -4.222837 12.28376 -3.641793 -4.622174 11.39852 -3.672251 -4.378525 10.2269 -5.287625 -4.391176 10.39206 -5.302046 -3.684098 10.90294 -4.628729 -3.688922 11.08633 -4.636246 -3.658912 10.92746 -4.604827 -3.663449 11.11152 -4.612092 -4.61215 11.11107 -3.663892 -4.636308 11.08588 -3.689361 -4.605005 10.92694 -3.659311 -4.628914 10.90241 -3.684493 -5.302377 10.39133 -4.391712 -5.28812 10.22613 -4.378921 -4.21905 10.79539 -3.27335 -4.605005 10.92694 -3.659311 -3.658912 10.92746 -4.604827 -3.272951 10.79591 -4.218866 -0.2662491 11.39861 -5.864965 0.2665576 11.3989 -5.864744 0.2659101 11.37004 -5.904061 -0.2656049 11.36988 -5.904087 -0.4140458 11.16281 -5.854338 -0.4133415 11.13443 -5.893967 -0.2478796 10.57771 -6.982727 0.2480448 10.57419 -6.988015 0.4135866 11.13479 -5.893686 0.3941022 10.35292 -6.986037 0.1976634 8.329926 -10.04475 0.3079802 8.202445 -9.957981 0.3929539 10.13775 -6.960901 0.3077297 8.074968 -9.871204 -0.1975246 8.327423 -10.04675 -0.3939471 10.35217 -6.986639 -0.308252 8.199942 -9.959969 -0.3929758 10.13695 -6.961529 -0.308392 8.072463 -9.873199 0.4142943 11.16315 -5.854068 -0.3897411 9.254583 -10.70742 0.390771 9.258054 -10.7035 0.2478447 9.171373 -10.8394 -0.2457433 9.169191 -10.84187 0.390771 9.211081 -10.78353 -0.3897411 9.207555 -10.78753 -0.4843088 7.83661 -9.758096 0.3056235 7.697461 -9.958274 0.4852487 7.840322 -9.755158 -0.3059418 7.694849 -9.96035 0.4852487 7.737127 -9.902662 -0.4843088 7.733257 -9.905747 0.4852487 7.926467 -10.08395 0.4852486 8.9705 -10.76438 0.4852486 9.096639 -10.52405 0.4852487 7.840322 -9.755158 0.390771 9.211081 -10.78353 0.390771 9.258054 -10.7035 0.4852487 7.737127 -9.902662 -0.4843089 9.093224 -10.52791 -0.4843088 7.83661 -9.758096 0.4852487 7.840322 -9.755158 0.4852486 9.096639 -10.52405 0.3054199 7.886624 -10.1397 -0.3061289 7.884007 -10.14179 -0.3049205 8.928567 -10.82277 0.3066282 8.930781 -10.82026 -0.2457433 9.169191 -10.84187 0.2478447 9.171373 -10.8394 -0.4843088 7.922236 -10.08732 -0.4843088 8.966923 -10.76844 0.4852487 7.926467 -10.08395 0.4852486 8.9705 -10.76438 -0.3897411 9.207555 -10.78753 0.390771 9.211081 -10.78353 -0.4843088 7.733257 -9.905747 -0.3059418 7.694849 -9.96035 0.3056235 7.697461 -9.958274 0.4852487 7.737127 -9.902662 -0.4843089 9.093224 -10.52791 0.4852486 9.096639 -10.52405 0.390771 9.258054 -10.7035 -0.3897411 9.254583 -10.70742 -0.4843088 8.966923 -10.76844 -0.4843089 9.093224 -10.52791 -0.3897411 9.207555 -10.78753 -0.3897411 9.254583 -10.70742 -0.4843088 7.922236 -10.08732 -0.4843089 9.093224 -10.52791 -0.4843088 7.83661 -9.758096 -0.4843088 7.733257 -9.905747 0.2665576 11.3989 -5.864744 -0.2662491 11.39861 -5.864965 -0.4108648 12.28376 -5.561133 0.4112465 12.28376 -5.561133 0.6720603 11.39899 -5.864672 0.4142943 11.16315 -5.854068 0.6707887 11.11152 -5.851693 -0.6717053 11.39852 -5.865044 -0.4140458 11.16281 -5.854338 -0.6705268 11.11107 -5.852041 -0.4108648 12.28376 -5.561133 0.411233 12.30317 -5.438611 0.4112465 12.28376 -5.561133 -0.4108713 12.30317 -5.438611 0.3077297 8.074968 -9.871204 0.3929539 10.13775 -6.960901 -0.3929758 10.13695 -6.961529 -0.308392 8.072463 -9.873199 -0.6687143 10.92694 -5.843754 0.6688592 10.92746 -5.843347 -0.6678097 10.90241 -5.878471 -0.6429075 10.22613 -6.83563 0.6679481 10.90294 -5.878056 0.6428257 10.2269 -6.835009 0.6720603 11.39899 -5.864672 0.6688559 10.79591 -5.29752 0.6707887 11.11152 -5.851693 0.6688592 10.92746 -5.843347 0.411233 12.30317 -5.438611 0.6720603 11.39899 -5.864672 0.4112465 12.28376 -5.561133 0.6440807 10.39206 -6.854145 0.4135866 11.13479 -5.893686 0.6698539 11.08633 -5.886783 0.3941022 10.35292 -6.986037 0.4142943 11.16315 -5.854068 0.6707887 11.11152 -5.851693 -0.6695955 11.08588 -5.887137 -0.6705268 11.11107 -5.852041 -0.4140458 11.16281 -5.854338 -0.4133415 11.13443 -5.893967 -0.6439458 10.39134 -6.854757 -0.3939471 10.35217 -6.986639 0.6428257 10.2269 -6.835009 0.3929539 10.13775 -6.960901 0.3941022 10.35292 -6.986037 0.6440807 10.39206 -6.854145 -0.6429075 10.22613 -6.83563 -0.3939471 10.35217 -6.986639 -0.3929758 10.13695 -6.961529 -0.6439458 10.39134 -6.854757 -0.6717053 11.39852 -5.865044 -0.4108713 12.30317 -5.438611 -0.4108648 12.28376 -5.561133 -0.6717053 11.39852 -5.865044 -0.6687209 10.79539 -5.297926 -0.6705268 11.11107 -5.852041 -0.6687143 10.92694 -5.843754 0.6698539 11.08633 -5.886783 0.6679481 10.90294 -5.878056 0.6440807 10.39206 -6.854145 0.6428257 10.2269 -6.835009 0.6688592 10.92746 -5.843347 0.6707887 11.11152 -5.851693 -0.6705268 11.11107 -5.852041 -0.6695955 11.08588 -5.887137 -0.6687143 10.92694 -5.843754 -0.6678097 10.90241 -5.878471 -0.6439458 10.39134 -6.854757 -0.6429075 10.22613 -6.83563 0.6688592 10.92746 -5.843347 0.6688559 10.79591 -5.29752 -0.6687209 10.79539 -5.297926 -0.6687143 10.92694 -5.843754 5.864957 11.39861 -0.2662517 5.864737 11.3989 0.266552 5.904053 11.37004 0.2659045 5.904079 11.36988 -0.2656107 5.854329 11.16281 -0.4140483 5.893959 11.13443 -0.4133471 6.982716 10.57771 -0.2478855 6.98801 10.57419 0.2480391 5.893682 11.13479 0.4135808 6.98603 10.35293 0.3940966 10.04474 8.329927 0.1976541 9.957976 8.202446 0.3079709 6.960894 10.13775 0.3929482 9.871197 8.074968 0.3077204 10.04674 8.327424 -0.1975339 6.986627 10.35217 -0.393953 9.959962 8.199943 -0.3082579 6.961522 10.13695 -0.3929782 9.873192 8.072463 -0.3084047 5.854061 11.16315 0.4142885 10.70742 9.254583 -0.3897471 10.70349 9.258055 0.3907617 10.8394 9.171374 0.2478354 10.84187 9.169191 -0.2457559 10.78352 9.211082 0.3907617 10.78753 9.207553 -0.3897471 9.758085 7.836611 -0.4843214 9.958261 7.697461 0.3056141 9.755149 7.840323 0.4852393 9.960338 7.694849 -0.305948 9.902648 7.737128 0.4852393 9.905739 7.733257 -0.4843214 9.755149 7.840323 0.4852393 10.08394 7.926468 0.4852393 10.52404 9.09664 0.4852393 10.76437 8.970498 0.4852393 10.78352 9.211082 0.3907617 10.70349 9.258055 0.3907617 9.902648 7.737128 0.4852393 10.52404 9.09664 0.4852393 10.52791 9.093225 -0.4843214 9.755149 7.840323 0.4852393 9.758085 7.836611 -0.4843214 10.82276 8.928568 -0.3049331 10.82025 8.930782 0.3066189 10.13969 7.886624 0.3054105 10.14178 7.884008 -0.306135 10.84187 9.169191 -0.2457559 10.8394 9.171374 0.2478354 10.08731 7.922237 -0.4843214 10.76843 8.966921 -0.4843214 10.08394 7.926468 0.4852393 10.76437 8.970498 0.4852393 10.78753 9.207553 -0.3897471 10.78352 9.211082 0.3907617 9.905739 7.733257 -0.4843214 9.960338 7.694849 -0.305948 9.958261 7.697461 0.3056141 9.902648 7.737128 0.4852393 10.52791 9.093225 -0.4843214 10.52404 9.09664 0.4852393 10.70349 9.258055 0.3907617 10.70742 9.254583 -0.3897471 10.52791 9.093225 -0.4843214 10.78753 9.207553 -0.3897471 10.76843 8.966921 -0.4843214 10.70742 9.254583 -0.3897471 10.52791 9.093225 -0.4843214 10.08731 7.922237 -0.4843214 9.758085 7.836611 -0.4843214 9.905739 7.733257 -0.4843214 5.561129 12.28376 -0.4108703 5.561129 12.28376 0.4112409 5.864737 11.3989 0.266552 5.864957 11.39861 -0.2662517 5.86466 11.39899 0.6720548 5.854061 11.16315 0.4142885 5.851688 11.11152 0.6707829 5.865036 11.39852 -0.6717075 5.854329 11.16281 -0.4140483 5.852035 11.11107 -0.6705326 5.561129 12.28376 -0.4108703 5.438608 12.30317 0.4112275 5.561129 12.28376 0.4112409 5.438608 12.30317 -0.4108771 9.871197 8.074968 0.3077204 6.960894 10.13775 0.3929482 6.961522 10.13695 -0.3929782 9.873192 8.072463 -0.3084047 5.843746 10.92694 -0.6687166 5.843339 10.92746 0.6688535 5.878464 10.90241 -0.6678153 6.835623 10.22613 -0.6429134 5.878049 10.90294 0.6679422 6.835 10.2269 0.6428198 5.86466 11.39899 0.6720548 5.297512 10.79591 0.6688501 5.851688 11.11152 0.6707829 5.843339 10.92746 0.6688535 5.438608 12.30317 0.4112275 5.86466 11.39899 0.6720548 5.561129 12.28376 0.4112409 5.893682 11.13479 0.4135808 5.886775 11.08633 0.6698483 6.854139 10.39206 0.644075 6.98603 10.35293 0.3940966 5.854061 11.16315 0.4142885 5.851688 11.11152 0.6707829 5.88713 11.08588 -0.6695978 5.852035 11.11107 -0.6705326 5.854329 11.16281 -0.4140483 5.893959 11.13443 -0.4133471 6.854748 10.39134 -0.6439481 6.986627 10.35217 -0.393953 6.98603 10.35293 0.3940966 6.854139 10.39206 0.644075 6.835 10.2269 0.6428198 6.960894 10.13775 0.3929482 6.835623 10.22613 -0.6429134 6.986627 10.35217 -0.393953 6.961522 10.13695 -0.3929782 6.854748 10.39134 -0.6439481 5.438608 12.30317 -0.4108771 5.561129 12.28376 -0.4108703 5.865036 11.39852 -0.6717075 5.865036 11.39852 -0.6717075 5.297919 10.79539 -0.66873 5.852035 11.11107 -0.6705326 5.843746 10.92694 -0.6687166 6.854139 10.39206 0.644075 5.886775 11.08633 0.6698483 5.878049 10.90294 0.6679422 6.835 10.2269 0.6428198 5.843339 10.92746 0.6688535 5.851688 11.11152 0.6707829 5.852035 11.11107 -0.6705326 5.88713 11.08588 -0.6695978 5.843746 10.92694 -0.6687166 5.878464 10.90241 -0.6678153 6.854748 10.39134 -0.6439481 6.835623 10.22613 -0.6429134 5.297919 10.79539 -0.66873 5.843746 10.92694 -0.6687166 5.843339 10.92746 0.6688535 5.297512 10.79591 0.6688501 4.335421 11.39861 3.958878 3.958516 11.3989 4.335465 3.986774 11.37004 4.362811 4.36263 11.36988 3.986991 4.432412 11.16281 3.846851 4.459939 11.13443 3.875371 5.112805 10.57771 4.762232 4.76588 10.57419 5.116654 3.875014 11.13479 4.459903 4.661204 10.35293 5.218533 6.962944 8.329927 7.242461 6.823582 8.202448 7.259112 4.644241 10.13775 5.199946 6.762398 8.07497 7.197571 7.243793 8.327424 6.964434 5.21886 10.35217 4.661716 7.26073 8.199943 6.824776 5.20042 10.13695 4.644651 7.199474 8.072463 6.763329 3.8465 11.16315 4.432391 7.846882 9.254583 7.295685 7.292199 9.258055 7.844811 7.489369 9.171374 7.839858 7.840133 9.169191 7.492577 7.348789 9.211082 7.901405 7.903532 9.207555 7.352332 7.242472 7.836611 6.557542 6.825448 7.697461 7.25765 6.554815 7.840323 7.241039 7.259365 7.694849 6.826679 6.659113 7.737128 7.345342 7.346879 7.733257 6.661944 6.554815 7.840323 7.241039 6.787302 7.926468 7.473523 7.098504 9.09664 7.784725 7.268442 8.9705 7.954668 7.348789 9.211082 7.901405 7.292199 9.258055 7.844811 6.659113 7.737128 7.345342 7.098504 9.09664 7.784725 7.786818 9.093225 7.101881 7.242472 7.836611 6.557542 6.554815 7.840323 7.241039 6.953885 7.886624 7.385798 7.38779 7.884008 6.954839 7.434258 8.930782 7.867878 7.868463 8.928568 7.437219 7.489369 9.171374 7.839858 7.840133 9.169191 7.492577 7.956892 8.966924 7.271958 7.475267 7.922237 6.790333 7.268442 8.9705 7.954668 6.787302 7.926468 7.473523 7.903532 9.207555 7.352332 7.348789 9.211082 7.901405 7.259365 7.694849 6.826679 7.346879 7.733257 6.661944 6.825448 7.697461 7.25765 6.659113 7.737128 7.345342 7.786818 9.093225 7.101881 7.098504 9.09664 7.784725 7.292199 9.258055 7.844811 7.846882 9.254583 7.295685 7.903532 9.207555 7.352332 7.956892 8.966924 7.271958 7.786818 9.093225 7.101881 7.846882 9.254583 7.295685 7.786818 9.093225 7.101881 7.475267 7.922237 6.790333 7.242472 7.836611 6.557542 7.346879 7.733257 6.661944 3.958516 11.3989 4.335465 4.335421 11.39861 3.958878 4.222842 12.28376 3.641773 3.641522 12.28376 4.223093 3.67173 11.39899 4.622153 3.8465 11.16315 4.432391 3.663453 11.11152 4.612072 4.622179 11.39852 3.672229 4.432412 11.16281 3.846851 4.612154 11.11107 3.663872 4.222842 12.28376 3.641773 3.554896 12.30317 4.136448 3.641522 12.28376 4.223093 4.136211 12.30317 3.555131 6.762398 8.07497 7.197571 4.644241 10.13775 5.199946 5.20042 10.13695 4.644651 7.199474 8.072463 6.763329 4.605012 10.92694 3.659291 3.658916 10.92746 4.604807 4.628919 10.90241 3.684473 5.288125 10.22613 4.378901 3.684103 10.90294 4.628709 4.378532 10.2269 5.287611 3.67173 11.39899 4.622153 3.272959 10.79591 4.218846 3.663453 11.11152 4.612072 3.658916 10.92746 4.604807 3.554896 12.30317 4.136448 3.67173 11.39899 4.622153 3.641522 12.28376 4.223093 4.391181 10.39206 5.302033 3.875014 11.13479 4.459903 3.688922 11.08633 4.636226 4.661204 10.35293 5.218533 3.8465 11.16315 4.432391 3.663453 11.11152 4.612072 4.636306 11.08588 3.689347 4.612154 11.11107 3.663872 4.432412 11.16281 3.846851 4.459939 11.13443 3.875371 5.302381 10.39134 4.391692 5.21886 10.35217 4.661716 4.661204 10.35293 5.218533 4.391181 10.39206 5.302033 4.378532 10.2269 5.287611 4.644241 10.13775 5.199946 5.21886 10.35217 4.661716 5.20042 10.13695 4.644651 5.288125 10.22613 4.378901 5.302381 10.39134 4.391692 4.136211 12.30317 3.555131 4.222842 12.28376 3.641773 4.622179 11.39852 3.672229 4.622179 11.39852 3.672229 4.219053 10.79539 3.27333 4.612154 11.11107 3.663872 4.605012 10.92694 3.659291 4.391181 10.39206 5.302033 3.688922 11.08633 4.636226 3.684103 10.90294 4.628709 4.378532 10.2269 5.287611 3.658916 10.92746 4.604807 3.663453 11.11152 4.612072 4.628919 10.90241 3.684473 4.605012 10.92694 3.659291 4.636306 11.08588 3.689347 4.612154 11.11107 3.663872 5.302381 10.39134 4.391692 5.288125 10.22613 4.378901 3.658916 10.92746 4.604807 3.272959 10.79591 4.218846 4.219053 10.79539 3.27333 4.605012 10.92694 3.659291 0.2662472 11.39861 5.864959 -0.2665596 11.3989 5.864738 -0.2659121 11.37004 5.904054 0.265603 11.36988 5.90408 0.4140438 11.16281 5.854329 0.4133396 11.13443 5.89396 0.2478778 10.5777 6.982717 -0.2480466 10.57419 6.988011 -0.4135885 11.13479 5.893682 -0.394104 10.35292 6.986031 -0.1976648 8.329926 10.04474 -0.3079816 8.202445 9.957977 -0.3929557 10.13775 6.960895 -0.3077311 8.074968 9.871197 0.1975232 8.327423 10.04674 0.3939453 10.35217 6.986628 0.3082506 8.199942 9.959963 0.392974 10.13695 6.961523 0.3083906 8.072463 9.873192 -0.4142962 11.16315 5.854062 -0.2478463 9.171373 10.8394 0.2457417 9.169191 10.84187 0.3897395 9.254583 10.70742 -0.3907726 9.258054 10.70349 -0.3907726 9.211081 10.78352 0.3897395 9.207553 10.78753 0.4843074 7.83661 9.758086 -0.3056249 7.697461 9.958261 -0.4852501 7.840322 9.75515 0.3059405 7.694849 9.960339 -0.4852501 7.737127 9.902649 0.4843074 7.733257 9.90574 -0.4852501 7.840322 9.75515 -0.4852501 7.926467 10.08394 -0.4852502 9.096639 10.52404 -0.4852502 8.970498 10.76437 -0.3907726 9.211081 10.78352 -0.3907726 9.258054 10.70349 -0.4852501 7.737127 9.902649 0.4843073 9.093224 10.52791 -0.4852501 7.840322 9.75515 -0.4852502 9.096639 10.52404 0.4843074 7.83661 9.758086 0.304919 8.928567 10.82276 -0.3066297 8.930781 10.82025 -0.3054212 7.886624 10.13969 0.3061276 7.884007 10.14178 0.2457417 9.169191 10.84187 -0.2478463 9.171373 10.8394 0.4843074 7.922236 10.08731 0.4843073 8.96692 10.76843 -0.4852501 7.926467 10.08394 -0.4852502 8.970498 10.76437 0.3897395 9.207553 10.78753 -0.3907726 9.211081 10.78352 0.4843074 7.733257 9.90574 0.3059405 7.694849 9.960339 -0.3056249 7.697461 9.958261 -0.4852501 7.737127 9.902649 -0.3907726 9.258054 10.70349 0.3897395 9.254583 10.70742 0.4843073 9.093224 10.52791 -0.4852502 9.096639 10.52404 0.3897395 9.207553 10.78753 0.4843073 8.96692 10.76843 0.4843073 9.093224 10.52791 0.3897395 9.254583 10.70742 0.4843074 7.922236 10.08731 0.4843073 9.093224 10.52791 0.4843074 7.83661 9.758086 0.4843074 7.733257 9.90574 -0.2665596 11.3989 5.864738 0.2662472 11.39861 5.864959 0.4108626 12.28376 5.56113 -0.4112487 12.28376 5.56113 -0.6720623 11.39899 5.864661 -0.4142962 11.16315 5.854062 -0.6707906 11.11152 5.851689 0.6717033 11.39852 5.865038 0.4140438 11.16281 5.854329 0.6705248 11.11107 5.852036 -0.4112352 12.30317 5.438609 -0.4112487 12.28376 5.56113 0.4108626 12.28376 5.56113 0.4108692 12.30317 5.438609 0.392974 10.13695 6.961523 0.3083906 8.072463 9.873192 -0.3077311 8.074968 9.871197 -0.3929557 10.13775 6.960895 0.6687124 10.92694 5.843747 -0.668861 10.92746 5.84334 0.6678078 10.90241 5.878465 0.6429057 10.22613 6.835624 -0.6679499 10.90294 5.87805 -0.6428275 10.2269 6.835 -0.6720623 11.39899 5.864661 -0.6688578 10.79591 5.297513 -0.6707906 11.11152 5.851689 -0.668861 10.92746 5.84334 -0.4112352 12.30317 5.438609 -0.6720623 11.39899 5.864661 -0.4112487 12.28376 5.56113 -0.4135885 11.13479 5.893682 -0.6440825 10.39206 6.85414 -0.394104 10.35292 6.986031 -0.6698558 11.08633 5.886776 -0.4142962 11.16315 5.854062 -0.6707906 11.11152 5.851689 0.4140438 11.16281 5.854329 0.4133396 11.13443 5.89396 0.6695935 11.08588 5.88713 0.6705248 11.11107 5.852036 0.643944 10.39134 6.854748 0.3939453 10.35217 6.986628 -0.394104 10.35292 6.986031 -0.6440825 10.39206 6.85414 -0.6428275 10.2269 6.835 -0.3929557 10.13775 6.960895 0.3939453 10.35217 6.986628 0.392974 10.13695 6.961523 0.6429057 10.22613 6.835624 0.643944 10.39134 6.854748 0.4108692 12.30317 5.438609 0.4108626 12.28376 5.56113 0.6717033 11.39852 5.865038 0.6717033 11.39852 5.865038 0.6687189 10.79539 5.29792 0.6705248 11.11107 5.852036 0.6687124 10.92694 5.843747 -0.6428275 10.2269 6.835 -0.6440825 10.39206 6.85414 -0.6679499 10.90294 5.87805 -0.6698558 11.08633 5.886776 -0.668861 10.92746 5.84334 -0.6707906 11.11152 5.851689 0.6695935 11.08588 5.88713 0.6678078 10.90241 5.878465 0.6687124 10.92694 5.843747 0.6705248 11.11107 5.852036 0.643944 10.39134 6.854748 0.6429057 10.22613 6.835624 0.6687189 10.79539 5.29792 0.6687124 10.92694 5.843747 -0.668861 10.92746 5.84334 -0.6688578 10.79591 5.297513 4.362823 11.37003 -3.986777 3.98701 11.36988 -4.362631 3.95889 11.39861 -4.335425 4.335484 11.3989 -3.958517 3.846863 11.16281 -4.432417 3.875383 11.13443 -4.459942 4.762251 10.57771 -5.112811 5.116669 10.57419 -4.765877 4.459915 11.13479 -3.875019 5.218545 10.35293 -4.661202 7.242475 8.329927 -6.962944 7.259124 8.202448 -6.823581 5.199958 10.13775 -4.644237 7.197584 8.074968 -6.762399 6.964453 8.327424 -7.243799 4.661729 10.35217 -5.218861 6.824788 8.199943 -7.260728 4.644663 10.13695 -5.200421 6.763335 8.072463 -7.199474 4.432403 11.16315 -3.846505 7.83987 9.171374 -7.489366 7.492589 9.169191 -7.840132 7.295697 9.254583 -7.84688 7.84483 9.258055 -7.292206 7.901418 9.211082 -7.348792 7.352344 9.207553 -7.903527 6.557554 7.836611 -7.242468 7.257663 7.697461 -6.825449 7.241059 7.840323 -6.554812 6.826691 7.694849 -7.259366 7.345354 7.737128 -6.659114 6.661958 7.733257 -7.346878 7.241059 7.840323 -6.554812 7.473544 7.926468 -6.787303 7.784745 9.09664 -7.098504 7.954687 8.970498 -7.26844 7.901418 9.211082 -7.348792 7.84483 9.258055 -7.292206 7.345354 7.737128 -6.659114 6.557554 7.836611 -7.242468 7.241059 7.840323 -6.554812 7.784745 9.09664 -7.098504 7.101901 9.093225 -7.786815 7.385811 7.886624 -6.953886 6.954852 7.884008 -7.387789 7.867897 8.930782 -7.434261 7.437231 8.928568 -7.868464 7.83987 9.171374 -7.489366 7.492589 9.169191 -7.840132 7.27197 8.966921 -7.956897 6.790352 7.922237 -7.475266 7.954687 8.970498 -7.26844 7.473544 7.926468 -6.787303 7.352344 9.207553 -7.903527 7.901418 9.211082 -7.348792 6.826691 7.694849 -7.259366 6.661958 7.733257 -7.346878 7.257663 7.697461 -6.825449 7.345354 7.737128 -6.659114 7.84483 9.258055 -7.292206 7.295697 9.254583 -7.84688 7.101901 9.093225 -7.786815 7.784745 9.09664 -7.098504 7.101901 9.093225 -7.786815 7.352344 9.207553 -7.903527 7.27197 8.966921 -7.956897 7.295697 9.254583 -7.84688 7.101901 9.093225 -7.786815 6.790352 7.922237 -7.475266 6.557554 7.836611 -7.242468 6.661958 7.733257 -7.346878 3.641785 12.28376 -4.222838 4.223104 12.28376 -3.641519 4.335484 11.3989 -3.958517 3.95889 11.39861 -4.335425 4.622165 11.39899 -3.67173 4.432403 11.16315 -3.846505 4.612092 11.11152 -3.663457 3.672244 11.39852 -4.622179 3.846863 11.16281 -4.432417 3.663884 11.11107 -4.612152 4.136461 12.30317 -3.554897 3.641785 12.28376 -4.222838 3.55515 12.30317 -4.136217 4.223104 12.28376 -3.641519 4.644663 10.13695 -5.200421 6.763335 8.072463 -7.199474 7.197584 8.074968 -6.762399 5.199958 10.13775 -4.644237 3.659304 10.92694 -4.605009 4.604822 10.92746 -3.658917 3.684486 10.90241 -4.628915 4.378913 10.22613 -5.288126 4.628722 10.90294 -3.684108 5.287624 10.2269 -4.378533 4.622165 11.39899 -3.67173 4.218858 10.79591 -3.272963 4.612092 11.11152 -3.663457 4.604822 10.92746 -3.658917 4.136461 12.30317 -3.554897 4.622165 11.39899 -3.67173 4.223104 12.28376 -3.641519 5.302045 10.39206 -4.391178 4.459915 11.13479 -3.875019 4.636239 11.08633 -3.688927 5.218545 10.35293 -4.661202 4.432403 11.16315 -3.846505 4.612092 11.11152 -3.663457 3.846863 11.16281 -4.432417 3.875383 11.13443 -4.459942 3.68936 11.08588 -4.636313 3.663884 11.11107 -4.612152 4.391704 10.39134 -5.302378 4.661729 10.35217 -5.218861 5.218545 10.35293 -4.661202 5.302045 10.39206 -4.391178 5.287624 10.2269 -4.378533 5.199958 10.13775 -4.644237 4.378913 10.22613 -5.288126 4.661729 10.35217 -5.218861 4.644663 10.13695 -5.200421 4.391704 10.39134 -5.302378 3.55515 12.30317 -4.136217 3.672244 11.39852 -4.622179 3.273343 10.79539 -4.219054 3.663884 11.11107 -4.612152 3.659304 10.92694 -4.605009 3.641785 12.28376 -4.222838 3.672244 11.39852 -4.622179 5.287624 10.2269 -4.378533 5.302045 10.39206 -4.391178 4.628722 10.90294 -3.684108 4.636239 11.08633 -3.688927 4.604822 10.92746 -3.658917 4.612092 11.11152 -3.663457 3.663884 11.11107 -4.612152 3.68936 11.08588 -4.636313 3.659304 10.92694 -4.605009 3.684486 10.90241 -4.628915 4.391704 10.39134 -5.302378 4.378913 10.22613 -5.288126 3.273343 10.79539 -4.219054 3.659304 10.92694 -4.605009 4.604822 10.92746 -3.658917 4.218858 10.79591 -3.272963 -0.4359752 -10.4822 7.670526 -0.4370434 -10.48059 7.95728 -0.4858429 -8.154345 7.962769 -0.4848713 -8.152695 7.626992 -0.3801256 -12.64741 7.825046 -0.3801422 -12.64606 8.024905 -0.3084974 -10.48291 7.543534 -0.2527246 -12.64848 7.706904 -0.3105067 -10.47989 8.084286 -0.2534655 -12.64527 8.1429 0.3105287 -10.47989 8.084286 0.3592477 -8.154807 8.089771 -0.3592131 -8.154802 8.089762 0.2535012 -12.64527 8.1429 -0.5346456 -5.870381 8.11194 -0.4079357 -5.872007 8.238931 -0.4778086 -2.978042 8.618606 -0.6070422 -2.943407 8.496438 -0.5337577 -5.779649 7.727132 -0.6148732 -2.821613 8.066806 -0.6151704 -2.250907 8.578474 -0.6200239 -2.076743 8.180194 -0.4889544 -2.121482 8.599499 -0.4858366 -2.298458 8.70065 -0.4946058 -1.944914 8.195701 -0.6132143 -1.986708 7.937252 -0.4854928 -1.860389 7.95686 -0.6072157 -2.607922 7.843683 -0.4866911 -2.913236 7.93088 -0.4064569 -5.778024 7.600141 -0.3574703 -8.152238 7.499989 -0.2334313 -2.298458 8.70065 -0.2349301 -2.121482 8.599499 -0.4889544 -2.121482 8.599499 -0.2376406 -1.944914 8.195701 -0.4946058 -1.944914 8.195701 -0.4854928 -1.860389 7.95686 -0.15034 -1.860389 7.95686 -0.3532617 -1.428635 6.385026 -0.480172 -1.551326 6.352195 -0.479658 -1.127533 5.229272 -0.4799716 -1.410535 5.177698 -0.4798482 -1.834125 6.30135 -0.6132143 -1.986708 7.937252 -0.6072157 -2.607922 7.843683 -0.3525573 -1.004895 5.262292 0.3525776 -1.004895 5.262292 0.3532786 -1.428635 6.385031 0.4342269 -0.5279926 4.080697 -0.4342069 -0.5279927 4.080697 0.4796815 -1.127533 5.229265 0.4801823 -1.551323 6.352197 0.4799953 -1.410535 5.177698 0.4798684 -1.834125 6.30135 0.5200589 -1.328171 4.54081 0.5613409 -0.6511408 4.049376 0.6132347 -1.986708 7.937252 0.6072363 -2.607922 7.843683 -0.5613207 -0.6511409 4.049376 0.4855067 -1.860389 7.95686 0.1503704 -1.860389 7.95686 0.2376611 -1.944914 8.195701 0.4946228 -1.944914 8.195701 0.4889715 -2.121486 8.599499 0.2349474 -2.121486 8.599499 0.4858536 -2.29846 8.70065 0.2334484 -2.29846 8.70065 0.4778289 -2.978044 8.618606 0.6070626 -2.943407 8.496438 0.6151908 -2.250907 8.578474 0.6148937 -2.821613 8.066806 0.6200444 -2.076747 8.180194 0.5337821 -5.779649 7.727132 0.5346701 -5.870381 8.11194 0.4889715 -2.121486 8.599499 0.6072363 -2.607922 7.843683 0.6132347 -1.986708 7.937252 0.4946228 -1.944914 8.195701 0.4855067 -1.860389 7.95686 0.4079567 -5.872007 8.238931 0.4858775 -8.15435 7.962769 0.4867117 -2.913236 7.93088 0.4064913 -5.778024 7.600141 -0.4064569 -5.778024 7.600141 -0.4866911 -2.913236 7.93088 0.4849029 -8.152695 7.626992 0.4359969 -10.4822 7.670526 0.4370651 -10.4806 7.95728 0.3575186 -8.152238 7.499989 -0.1423452 -3.74835 8.520368 0.1423692 -3.74835 8.520368 0.229593 -2.978044 8.618606 -0.2295758 -2.978042 8.618606 0.3085191 -10.48291 7.543534 -0.3574703 -8.152238 7.499989 -0.3084974 -10.48291 7.543534 -0.2527246 -12.64848 7.706904 0.2527769 -12.64848 7.706904 0.3801611 -12.64741 7.825046 0.3801779 -12.64606 8.024905 0.3243121 -14.57637 8.073599 0.3232771 -14.5652 8.18917 0.1932392 -14.67753 8.092312 0.1970078 -14.58663 7.971176 0.1930021 -14.66668 8.20474 -0.1932165 -14.67753 8.092312 -0.1929828 -14.66668 8.20474 0.1964403 -14.55545 8.291406 -0.1969852 -14.58663 7.971176 -0.1964043 -14.55545 8.291406 0.1964403 -14.55545 8.291406 -0.1964043 -14.55545 8.291406 -0.3232413 -14.5652 8.18917 -0.1929828 -14.66668 8.20474 -0.1932165 -14.67753 8.092312 -0.324276 -14.57637 8.073599 -0.1969852 -14.58663 7.971176 -0.1460205 -2.074756 8.237806 -0.1438942 -2.198581 8.529657 0.1439113 -2.198583 8.529657 0.146041 -2.074756 8.237806 -0.1103466 -2.012371 8.074578 0.110367 -2.012371 8.074578 -0.1423954 -2.318676 8.598559 0.1424125 -2.31868 8.598559 -0.1385632 -2.959928 8.516028 0.1385838 -2.95993 8.516028 -0.08386212 -3.442749 8.454454 0.0838828 -3.442749 8.454454 -0.3530613 -1.533172 5.144678 0.3527612 -1.956812 6.268515 -0.3527375 -1.956812 6.268515 0.3530884 -1.533172 5.144678 -0.3931284 -1.451045 4.508639 0.3931586 -1.451045 4.508639 0.4804627 -2.738517 7.82724 -0.4804423 -2.738517 7.82724 0.4798684 -1.834125 6.30135 0.4799953 -1.410535 5.177698 -0.4798482 -1.834125 6.30135 -0.4799716 -1.410535 5.177698 -0.6072157 -2.607922 7.843683 -0.6148732 -2.821613 8.066806 -0.4866911 -2.913236 7.93088 0.6072363 -2.607922 7.843683 0.6148937 -2.821613 8.066806 0.4867117 -2.913236 7.93088 0.4332222 -1.513002 3.916383 0.5601292 -1.389892 3.947708 0.5200589 -1.328171 4.54081 -0.433202 -1.513002 3.916383 -0.5601056 -1.389892 3.947708 -0.5200355 -1.328171 4.54081 -0.5200355 -1.328171 4.54081 -0.5601056 -1.389892 3.947708 0.110367 -2.012371 8.074578 0.1503704 -1.860389 7.95686 -0.15034 -1.860389 7.95686 -0.1103466 -2.012371 8.074578 -0.2376406 -1.944914 8.195701 -0.1460205 -2.074756 8.237806 -0.1103466 -2.012371 8.074578 -0.15034 -1.860389 7.95686 -0.1460205 -2.074756 8.237806 -0.2376406 -1.944914 8.195701 -0.2349301 -2.121482 8.599499 -0.1438942 -2.198581 8.529657 -0.2349301 -2.121482 8.599499 -0.1423954 -2.318676 8.598559 -0.1438942 -2.198581 8.529657 -0.2334313 -2.298458 8.70065 -0.1423954 -2.318676 8.598559 -0.2334313 -2.298458 8.70065 -0.2295758 -2.978042 8.618606 -0.1385632 -2.959928 8.516028 -0.1423452 -3.74835 8.520368 -0.08386212 -3.442749 8.454454 -0.2295758 -2.978042 8.618606 -0.1385632 -2.959928 8.516028 -0.1423452 -3.74835 8.520368 0.1423692 -3.74835 8.520368 0.0838828 -3.442749 8.454454 -0.08386212 -3.442749 8.454454 0.0838828 -3.442749 8.454454 0.1423692 -3.74835 8.520368 0.229593 -2.978044 8.618606 0.1385838 -2.95993 8.516028 0.2334484 -2.29846 8.70065 0.1424125 -2.31868 8.598559 0.229593 -2.978044 8.618606 0.1385838 -2.95993 8.516028 0.1424125 -2.31868 8.598559 0.2334484 -2.29846 8.70065 0.2349474 -2.121486 8.599499 0.1439113 -2.198583 8.529657 0.2376611 -1.944914 8.195701 0.146041 -2.074756 8.237806 0.2349474 -2.121486 8.599499 0.1439113 -2.198583 8.529657 0.2376611 -1.944914 8.195701 0.110367 -2.012371 8.074578 0.146041 -2.074756 8.237806 0.1503704 -1.860389 7.95686 0.1970078 -14.58663 7.971176 -0.1969852 -14.58663 7.971176 0.5601292 -1.389892 3.947708 0.08251374 1.514594 4.38349 -0.07002621 1.33129 4.837666 0.07006275 1.33129 4.837666 -0.08247727 1.514594 4.38349 0.07114762 1.219516 4.940759 0.1586686 1.236863 4.847366 -0.07111442 1.219516 4.940761 -0.1228678 -1.000771 5.23 0.122908 -1.000771 5.23 -0.1586354 1.236863 4.847369 0.1716838 1.431886 4.369012 -0.1716506 1.431886 4.369012 -0.2088232 -0.9691077 5.152096 -0.1586354 1.236863 4.847369 -0.2340123 -0.5336959 4.080679 -0.1716506 1.431886 4.369012 0.2088601 -0.9691077 5.152085 0.1586686 1.236863 4.847366 0.2340459 -0.5336958 4.080679 0.1716838 1.431886 4.369012 -6.424882 -10.4822 -4.212817 -6.672688 -10.4806 -4.357116 -6.65304 -8.154348 -4.40212 -6.362734 -8.152698 -4.233394 -6.58663 -12.64741 -4.241705 -6.759701 -12.64606 -4.341647 -6.548018 -12.64848 -4.072305 -6.378647 -10.48291 -4.038917 -6.845944 -10.47989 -4.311031 -6.925224 -12.64527 -4.290942 -7.178706 -12.64527 -3.851891 -7.156467 -10.47989 -3.7732 -7.185571 -8.154809 -3.73375 -6.826337 -8.154805 -4.355955 -6.757826 -5.870385 -4.51898 -6.931155 -5.872008 -4.472742 -7.22503 -2.978045 -4.723089 -7.054611 -2.94341 -4.773921 -6.425014 -5.77965 -4.325805 -6.678626 -2.821615 -4.565894 -7.121594 -2.25091 -4.821977 -6.774247 -2.076745 -4.62704 -6.850384 -1.944916 -4.526184 -6.648097 -1.860391 -4.398869 -6.567259 -1.986711 -4.499671 -7.202911 -2.121485 -4.723189 -7.292066 -2.298461 -4.771064 -6.489226 -2.607924 -4.447698 -6.625002 -2.913236 -4.386919 -6.378689 -5.778024 -4.152064 -6.316446 -8.152241 -4.059553 -7.418272 -2.298461 -4.552474 -7.349146 -2.978045 -4.508111 -7.307687 -3.748353 -4.383447 -7.450042 -3.748353 -4.136878 -7.339105 -5.872008 -3.766158 -7.702848 -2.978047 -3.89548 -7.292481 -5.870385 -3.592925 -7.1389 -8.154351 -3.560585 -7.661664 -2.94341 -3.722475 -6.958781 -5.77965 -3.401292 -7.293508 -2.821615 -3.50088 -7.736774 -2.25091 -3.756456 -7.394282 -2.076748 -3.553114 -7.777913 -2.298463 -3.929555 -7.691873 -2.121489 -3.876279 -7.096452 -2.607924 -3.395952 -7.180483 -1.986711 -3.437537 -7.1336 -1.860391 -3.557962 -7.345001 -1.944916 -3.669486 -7.111702 -2.913236 -3.543928 -6.785159 -5.778024 -3.448031 -6.378689 -5.778024 -4.152064 -6.625002 -2.913236 -4.386919 -6.847624 -8.152698 -3.393541 -6.673942 -8.152241 -3.440361 -7.109744 -10.4806 -3.60012 -6.860868 -10.4822 -3.457665 -6.316446 -8.152241 -4.059553 -6.687155 -10.48291 -3.504566 -6.378647 -10.48291 -4.038917 -6.800767 -12.64848 -3.634523 -6.548018 -12.64848 -4.072305 -6.966772 -12.64741 -3.583277 -7.139863 -12.64606 -3.683191 -7.154101 -14.57637 -3.755922 -7.25367 -14.5652 -3.814605 -7.104772 -14.67753 -3.878791 -7.001749 -14.58663 -3.81496 -7.202013 -14.66669 -3.93521 -6.911545 -14.67753 -4.213473 -7.009022 -14.66669 -4.269486 -7.278788 -14.55545 -3.975567 -6.804753 -14.58663 -4.15617 -7.082366 -14.55545 -4.315785 -7.278788 -14.55545 -3.975567 -7.082366 -14.55545 -4.315785 -6.93041 -14.5652 -4.374508 -7.009022 -14.66669 -4.269486 -6.911545 -14.67753 -4.213473 -6.829808 -14.57637 -4.31762 -6.804753 -14.58663 -4.15617 -7.061141 -2.074759 -4.245352 -7.314951 -2.198584 -4.389436 -7.458857 -2.198584 -4.140187 -7.20717 -2.074759 -3.992419 -6.937623 -2.012374 -4.132843 -7.047981 -2.012374 -3.9417 -7.517778 -2.318683 -4.175938 -7.375379 -2.318679 -4.422584 -7.305818 -2.959929 -4.378006 -7.444392 -2.959933 -4.137991 -7.279847 -3.442753 -4.299848 -7.363718 -3.442753 -4.154575 -4.381003 -1.004897 -2.936464 -5.352965 -1.428637 -3.498443 -5.706239 -1.428637 -2.88656 -4.733572 -1.004897 -2.325797 -3.316889 -0.5279947 -2.416372 -3.751105 -0.5279947 -1.664291 -5.741261 -1.551325 -2.760241 -4.768522 -1.127535 -2.199212 -4.72402 -1.410537 -2.173147 -5.697064 -1.834127 -2.735085 -4.192492 -1.328173 -1.820012 -3.787533 -0.651143 -1.538546 -7.180483 -1.986711 -3.437537 -7.096452 -2.607924 -3.395952 -5.261078 -1.551329 -3.59193 -4.288855 -1.127535 -3.030025 -4.244035 -1.410537 -3.004508 -5.217205 -1.834127 -3.566227 -6.567259 -1.986711 -4.499671 -6.489226 -2.607924 -4.447698 -3.226204 -0.6511429 -2.510799 -6.648097 -1.860391 -4.398869 -6.815677 -1.860391 -4.108618 -6.978868 -1.944916 -4.303648 -6.850384 -1.944916 -4.526184 -7.202911 -2.121485 -4.723189 -7.329924 -2.121485 -4.503198 -6.966029 -1.860391 -3.848194 -7.1336 -1.860391 -3.557962 -7.216518 -1.944916 -3.892021 -7.345001 -1.944916 -3.669486 -7.691873 -2.121489 -3.876279 -7.564861 -2.121489 -4.096272 -7.65171 -2.298463 -4.148146 -7.578728 -2.978047 -4.110459 -4.631967 -1.533174 -2.266547 -5.605076 -1.956815 -2.828751 -5.252325 -1.956815 -3.439727 -4.278892 -1.533174 -2.878089 -3.708034 -1.451048 -2.594772 -4.101175 -1.451048 -1.913825 -6.538371 -2.73852 -4.329683 -7.018823 -2.73852 -3.497515 -4.72402 -1.410537 -2.173147 -5.697064 -1.834127 -2.735085 -4.244035 -1.410537 -3.004508 -5.217205 -1.834127 -3.566227 -6.489226 -2.607924 -4.447698 -6.678626 -2.821615 -4.565894 -6.625002 -2.913236 -4.386919 -7.096452 -2.607924 -3.395952 -7.293508 -2.821615 -3.50088 -7.111702 -2.913236 -3.543928 -3.608299 -1.513004 -1.583002 -3.698881 -1.389894 -1.488755 -4.192492 -1.328173 -1.820012 -3.175088 -1.513004 -2.333349 -3.138762 -1.389894 -2.458913 -3.672443 -1.328173 -2.720758 -3.672443 -1.328173 -2.720758 -3.138762 -1.389894 -2.458913 -6.815677 -1.860391 -4.108618 -6.937623 -2.012374 -4.132843 -7.047981 -2.012374 -3.9417 -6.966029 -1.860391 -3.848194 -6.937623 -2.012374 -4.132843 -6.815677 -1.860391 -4.108618 -6.978868 -1.944916 -4.303648 -7.061141 -2.074759 -4.245352 -6.978868 -1.944916 -4.303648 -7.329924 -2.121485 -4.503198 -7.314951 -2.198584 -4.389436 -7.061141 -2.074759 -4.245352 -7.418272 -2.298461 -4.552474 -7.375379 -2.318679 -4.422584 -7.314951 -2.198584 -4.389436 -7.329924 -2.121485 -4.503198 -7.349146 -2.978045 -4.508111 -7.305818 -2.959929 -4.378006 -7.375379 -2.318679 -4.422584 -7.418272 -2.298461 -4.552474 -7.305818 -2.959929 -4.378006 -7.349146 -2.978045 -4.508111 -7.279847 -3.442753 -4.299848 -7.307687 -3.748353 -4.383447 -7.279847 -3.442753 -4.299848 -7.307687 -3.748353 -4.383447 -7.450042 -3.748353 -4.136878 -7.363718 -3.442753 -4.154575 -7.363718 -3.442753 -4.154575 -7.450042 -3.748353 -4.136878 -7.578728 -2.978047 -4.110459 -7.444392 -2.959933 -4.137991 -7.578728 -2.978047 -4.110459 -7.65171 -2.298463 -4.148146 -7.517778 -2.318683 -4.175938 -7.444392 -2.959933 -4.137991 -7.564861 -2.121489 -4.096272 -7.458857 -2.198584 -4.140187 -7.517778 -2.318683 -4.175938 -7.65171 -2.298463 -4.148146 -7.216518 -1.944916 -3.892021 -7.20717 -2.074759 -3.992419 -7.458857 -2.198584 -4.140187 -7.564861 -2.121489 -4.096272 -6.966029 -1.860391 -3.848194 -7.047981 -2.012374 -3.9417 -7.216518 -1.944916 -3.892021 -7.20717 -2.074759 -3.992419 -7.001749 -14.58663 -3.81496 -6.804753 -14.58663 -4.15617 -3.698881 -1.389894 -1.488755 -4.154532 1.331288 -2.479468 -4.224578 1.331288 -2.35815 -3.837475 1.514593 -2.120279 -3.754977 1.514593 -2.263161 -4.314398 1.219514 -2.408755 -4.27728 1.236861 -2.286269 -4.243271 1.219514 -2.531963 -4.590771 -1.000773 -2.50855 -4.467881 -1.000773 -2.721399 -4.118628 1.236861 -2.561058 -3.869519 1.431885 -2.035812 -3.697853 1.431885 -2.333154 -4.357438 -0.9691097 -2.756883 -4.118628 1.236861 -2.561058 -3.416969 -0.5336977 -2.242993 -3.697853 1.431885 -2.333154 -4.56627 -0.9691097 -2.395156 -4.27728 1.236861 -2.286269 -3.651 -0.5336977 -1.837644 -3.869519 1.431885 -2.035812 6.86085 -10.4822 -3.457685 7.109721 -10.48059 -3.600142 6.847598 -8.152697 -3.39358 7.138869 -8.154346 -3.560624 6.966746 -12.64741 -3.583317 7.13983 -12.64606 -3.683233 6.800728 -12.64848 -3.634584 6.687134 -10.48291 -3.504592 7.156434 -10.47989 -3.773226 7.17868 -12.64527 -3.851933 6.84592 -10.47989 -4.311064 7.185538 -8.154804 -3.733785 6.826308 -8.154808 -4.355994 6.925191 -12.64527 -4.290982 7.292461 -5.870383 -3.592951 7.339084 -5.872006 -3.766184 7.702822 -2.978044 -3.895506 7.661637 -2.943409 -3.722508 6.95876 -5.779648 -3.401312 7.293488 -2.821614 -3.5009 7.736743 -2.250909 -3.756484 7.394251 -2.076744 -3.553147 7.344975 -1.944915 -3.669506 7.133574 -1.86039 -3.557982 7.180453 -1.986709 -3.43757 7.691854 -2.121484 -3.876301 7.777889 -2.29846 -3.929577 7.096428 -2.607923 -3.395978 7.11168 -2.913235 -3.543955 6.785134 -5.778023 -3.448066 6.673899 -8.15224 -3.440407 7.578707 -2.978044 -4.110486 7.450015 -3.748351 -4.13691 6.931135 -5.872006 -4.472761 7.307658 -3.748351 -4.383481 7.225006 -2.978046 -4.723117 6.757802 -5.870383 -4.519006 6.653011 -8.154349 -4.40216 7.054585 -2.943409 -4.773956 6.424995 -5.779648 -4.325826 6.678602 -2.821614 -4.565913 7.121566 -2.250909 -4.822003 6.774223 -2.076746 -4.627073 7.292042 -2.298461 -4.771086 7.202885 -2.121488 -4.723209 6.489198 -2.607923 -4.447726 6.567233 -1.986709 -4.499707 6.648077 -1.86039 -4.398889 6.850364 -1.944915 -4.526203 6.62498 -2.913235 -4.386938 6.378659 -5.778023 -4.152099 7.11168 -2.913235 -3.543955 6.785134 -5.778023 -3.448066 6.362709 -8.152697 -4.233427 6.31641 -8.15224 -4.059608 6.424862 -10.4822 -4.212839 6.672669 -10.4806 -4.357142 6.673899 -8.15224 -3.440407 6.687134 -10.48291 -3.504592 6.378622 -10.48291 -4.038946 6.800728 -12.64848 -3.634584 6.547975 -12.64848 -4.072358 6.586597 -12.64741 -4.241746 6.75967 -12.64606 -4.341687 6.829777 -14.57637 -4.317653 6.930387 -14.5652 -4.374541 6.911517 -14.67753 -4.213506 6.804731 -14.58663 -4.156197 7.009002 -14.66669 -4.269505 7.104747 -14.67753 -3.878823 7.201992 -14.66669 -3.93523 7.082339 -14.55545 -4.315818 7.001728 -14.58663 -3.814986 7.278769 -14.55545 -3.9756 7.082339 -14.55545 -4.315818 7.278769 -14.55545 -3.9756 7.253646 -14.5652 -3.81464 7.201992 -14.66669 -3.93523 7.104747 -14.67753 -3.878823 7.154078 -14.57637 -3.755954 7.001728 -14.58663 -3.814986 7.061117 -2.074758 -4.245371 7.207149 -2.074758 -3.992445 7.458837 -2.198583 -4.140207 7.314931 -2.198583 -4.389462 7.047952 -2.012372 -3.941727 6.937597 -2.012372 -4.132872 7.51775 -2.318678 -4.175966 7.37535 -2.318682 -4.42261 7.305796 -2.959932 -4.378032 7.444368 -2.959928 -4.13802 7.279822 -3.442751 -4.299868 7.363696 -3.442751 -4.154602 4.73355 -1.004896 -2.325817 5.706219 -1.428636 -2.886575 5.352948 -1.428636 -3.498462 4.380981 -1.004896 -2.936493 3.751078 -0.527994 -1.664317 3.316864 -0.5279941 -2.416399 5.26106 -1.551324 -3.591949 4.288829 -1.127534 -3.030045 4.244002 -1.410536 -3.004541 5.217178 -1.834126 -3.566253 3.672417 -1.328172 -2.720791 3.22618 -0.6511424 -2.510819 6.567233 -1.986709 -4.499707 6.489198 -2.607923 -4.447726 5.741232 -1.551328 -2.760254 4.7685 -1.127534 -2.199238 4.723995 -1.410536 -2.173187 5.69704 -1.834126 -2.735111 7.180453 -1.986709 -3.43757 7.096428 -2.607923 -3.395978 3.787513 -0.6511423 -1.538572 7.133574 -1.86039 -3.557982 6.965998 -1.86039 -3.848227 7.216499 -1.944915 -3.892043 7.344975 -1.944915 -3.669506 7.691854 -2.121484 -3.876301 7.564836 -2.121484 -4.096292 7.65169 -2.29846 -4.148166 6.815646 -1.86039 -4.108657 6.648077 -1.86039 -4.398889 6.978845 -1.944915 -4.303668 6.850364 -1.944915 -4.526203 7.202885 -2.121488 -4.723209 7.329899 -2.121488 -4.503218 7.418251 -2.298461 -4.552495 7.34912 -2.978046 -4.508138 4.278864 -1.533174 -2.878122 5.252305 -1.956814 -3.439753 5.605045 -1.956814 -2.828771 4.631937 -1.533174 -2.26658 3.708008 -1.451047 -2.594807 4.101153 -1.451047 -1.913859 7.018802 -2.738519 -3.497548 6.538341 -2.738519 -4.329718 4.244002 -1.410536 -3.004541 5.217178 -1.834126 -3.566253 4.723995 -1.410536 -2.173187 5.69704 -1.834126 -2.735111 7.096428 -2.607923 -3.395978 7.293488 -2.821614 -3.5009 7.11168 -2.913235 -3.543955 6.489198 -2.607923 -4.447726 6.678602 -2.821614 -4.565913 6.62498 -2.913235 -4.386938 3.175064 -1.513003 -2.333375 3.138731 -1.389893 -2.458939 3.672417 -1.328172 -2.720791 3.60828 -1.513003 -1.583022 3.698855 -1.389893 -1.488782 4.192463 -1.328172 -1.820045 4.192463 -1.328172 -1.820045 3.698855 -1.389893 -1.488782 6.815646 -1.86039 -4.108657 6.965998 -1.86039 -3.848227 7.047952 -2.012372 -3.941727 6.937597 -2.012372 -4.132872 7.047952 -2.012372 -3.941727 6.965998 -1.86039 -3.848227 7.216499 -1.944915 -3.892043 7.207149 -2.074758 -3.992445 7.216499 -1.944915 -3.892043 7.564836 -2.121484 -4.096292 7.458837 -2.198583 -4.140207 7.207149 -2.074758 -3.992445 7.458837 -2.198583 -4.140207 7.564836 -2.121484 -4.096292 7.51775 -2.318678 -4.175966 7.65169 -2.29846 -4.148166 7.578707 -2.978044 -4.110486 7.444368 -2.959928 -4.13802 7.51775 -2.318678 -4.175966 7.65169 -2.29846 -4.148166 7.444368 -2.959928 -4.13802 7.578707 -2.978044 -4.110486 7.363696 -3.442751 -4.154602 7.450015 -3.748351 -4.13691 7.279822 -3.442751 -4.299868 7.450015 -3.748351 -4.13691 7.307658 -3.748351 -4.383481 7.363696 -3.442751 -4.154602 7.34912 -2.978046 -4.508138 7.305796 -2.959932 -4.378032 7.279822 -3.442751 -4.299868 7.307658 -3.748351 -4.383481 7.305796 -2.959932 -4.378032 7.34912 -2.978046 -4.508138 7.37535 -2.318682 -4.42261 7.418251 -2.298461 -4.552495 7.418251 -2.298461 -4.552495 7.314931 -2.198583 -4.389462 7.37535 -2.318682 -4.42261 7.329899 -2.121488 -4.503218 6.978845 -1.944915 -4.303668 7.061117 -2.074758 -4.245371 7.314931 -2.198583 -4.389462 7.329899 -2.121488 -4.503218 6.978845 -1.944915 -4.303668 6.815646 -1.86039 -4.108657 6.937597 -2.012372 -4.132872 7.061117 -2.074758 -4.245371 6.804731 -14.58663 -4.156197 7.001728 -14.58663 -3.814986 3.138731 -1.389893 -2.458939 3.754948 1.514594 -2.263202 4.224541 1.331289 -2.35819 4.154499 1.331289 -2.47951 3.837442 1.514594 -2.120319 4.243238 1.219515 -2.531998 4.118602 1.236861 -2.561091 4.314376 1.219515 -2.408787 4.590739 -1.000772 -2.50859 4.467848 -1.000772 -2.721445 4.27725 1.236861 -2.286302 3.69782 1.431885 -2.333187 3.869493 1.431885 -2.035852 4.566244 -0.9691088 -2.395202 4.27725 1.236861 -2.286302 3.650968 -0.5336971 -1.837671 3.869493 1.431885 -2.035852 4.357396 -0.9691088 -2.756922 4.118602 1.236861 -2.561091 3.41694 -0.5336971 -2.243032 3.69782 1.431885 -2.333187 -3.123718 12.25112 3.123707 -3.804799 12.25112 2.196696 -4.321017 12.91469 2.494729 -3.548386 12.91489 3.548373 -2.002659 11.67732 2.002645 -2.494741 12.91469 4.321005 -2.196706 12.25112 3.804791 -1.298803 12.91489 4.847169 -1.143365 12.25112 4.267068 -1.14114e-6 11.67732 2.837121 -1.11098e-6 11.38208 -7.67479e-6 -4.847186 12.91489 1.29879 -4.267082 12.25112 1.143349 -4.989481 12.9147 -8.26591e-6 -4.393404 12.25112 -8.26591e-6 -2.837133 11.67732 -7.11845e-6 -1.2493e-6 12.91448 5.016265 -1.1913e-6 12.25112 4.393385 4.321015 12.91469 2.494729 3.804797 12.25112 2.196696 3.123717 12.25112 3.123707 3.548384 12.91489 3.548373 2.002657 11.67732 2.002645 2.494739 12.91469 4.321005 2.196703 12.25112 3.804791 1.2988 12.91489 4.847169 1.143363 12.25112 4.267068 -1.14114e-6 11.67732 2.837121 -1.11098e-6 11.38208 -7.67479e-6 4.847184 12.91489 1.29879 4.26708 12.25112 1.143349 4.989479 12.9147 -8.26591e-6 4.393402 12.25112 -8.26591e-6 2.837131 11.67732 -7.11845e-6 -1.2493e-6 12.91448 5.016265 -1.1913e-6 12.25112 4.393385 -3.123718 12.25112 -3.123726 -3.548386 12.9149 -3.548389 -4.321017 12.9147 -2.494746 -3.804799 12.25112 -2.196715 -2.002659 11.67732 -2.002662 -2.494741 12.9147 -4.321022 -2.196706 12.25112 -3.804807 -1.298803 12.9149 -4.847187 -1.143365 12.25112 -4.267084 -1.14114e-6 11.67732 -2.837136 -1.11098e-6 11.38208 -7.67479e-6 -4.847186 12.91489 -1.298807 -4.267082 12.25112 -1.143366 -4.989481 12.9147 -8.26591e-6 -4.393404 12.25112 -8.26591e-6 -2.837133 11.67732 -7.11845e-6 -1.2493e-6 12.91448 -5.016281 -1.1913e-6 12.25112 -4.393398 3.123717 12.25112 -3.123726 3.804797 12.25112 -2.196715 4.321015 12.9147 -2.494746 3.548384 12.9149 -3.548389 2.002657 11.67732 -2.002662 2.494739 12.9147 -4.321022 2.196703 12.25112 -3.804807 1.2988 12.9149 -4.847187 1.143363 12.25112 -4.267084 -1.14114e-6 11.67732 -2.837136 -1.11098e-6 11.38208 -7.67479e-6 4.847184 12.91489 -1.298807 4.26708 12.25112 -1.143366 4.989479 12.9147 -8.26591e-6 4.393402 12.25112 -8.26591e-6 2.837131 11.67732 -7.11845e-6 -1.2493e-6 12.91448 -5.016281 -1.1913e-6 12.25112 -4.393398</float_array>
          <technique_common>
            <accessor source="#Trilarian_Battleship_A_1-mesh-positions-array" count="5312" stride="3">
              <param name="X" type="float"/>
              <param name="Y" type="float"/>
              <param name="Z" type="float"/>
            </accessor>
          </technique_common>
        </source>
        <source id="Trilarian_Battleship_A_1-mesh-normals">
          <float_array id="Trilarian_Battleship_A_1-mesh-normals-array" count="15894">-0.8220821 0.3141692 0.4748461 -0.6711941 0.3146422 0.671192 -0.5457558 0.6358473 0.5457553 -0.6686263 0.6355442 0.3860343 -0.4324473 0.7911878 0.432448 -0.5296834 0.7907397 0.3068653 -0.3280671 0.8857815 0.328273 -0.4015002 0.8859831 0.2320165 -0.2257109 0.9493659 0.2185385 -0.2762838 0.9478764 0.1587377 -0.1555466 0.9811853 0.1143707 -0.1769981 0.9788851 0.1022526 -0.4745633 0.3142374 0.8222194 -0.4988254 0.08737844 0.8622867 -0.7034974 0.0900402 0.704971 -0.3862318 0.635787 0.6682813 -0.2532736 0.3173155 0.9138727 -0.1997584 0.6358133 0.7455456 -0.158285 0.7911875 0.5907354 -0.306823 0.7907391 0.5297091 -0.1235855 0.8835746 0.4516887 -0.2333555 0.8850582 0.4027619 -0.1007148 0.9484106 0.3006222 -0.1601764 0.9494506 0.2699759 -0.08846294 0.9845675 0.1510007 -0.1342815 0.9820055 0.1327918 -0.04423195 0.9990213 -1.60858e-5 -0.08998757 0.9959429 5.61029e-6 -1.06245e-5 0.3221786 0.9466789 1.66893e-5 0.6404864 0.7679696 1.74418e-5 0.7907488 0.612141 -2.25827e-5 0.8810817 0.472964 2.20612e-5 0.9482247 0.3176004 1.05836e-5 0.9873268 0.1587011 1.93936e-6 1 1.69128e-6 -0.1190394 0.9928849 -0.003054499 -0.1357593 0.9907419 6.69062e-6 -0.1603106 0.9870666 2.71201e-6 -0.22577 0.9717603 0.06862878 -0.3127897 0.9458338 0.08695369 -0.4484433 0.8856946 0.1201812 -0.5905033 0.7912474 0.1588497 -0.6121422 0.7907478 -1.84029e-5 -0.772084 0.6355205 9.0301e-6 -0.7458745 0.6354079 0.1998203 -0.9492936 0.314391 -1.29268e-5 -0.9168758 0.3147655 0.2454819 -0.4651195 0.885248 -7.51764e-6 -0.9619572 0.09006971 0.2579265 -0.8627118 0.08742177 0.4980822 -0.9961794 0.08733153 2.02841e-5 -0.3249087 0.9457455 -6.86199e-6 -0.2304837 0.9730763 1.88071e-5 -0.2671545 0.0900107 0.9594408 -1.95801e-5 0.08620899 0.9962772 -0.08998441 0.9959405 0.002344191 -0.1251459 0.9921382 -5.64254e-4 -0.1190506 0.992888 -7.34702e-4 -0.1356773 0.9907531 6.03504e-7 -0.1190525 0.992886 0.002040922 0.8222638 0.314015 0.4746332 0.6683582 0.6357335 0.386187 0.5457565 0.6358476 0.5457544 0.6711951 0.3146421 0.6711911 0.4320477 0.7916256 0.4320462 0.5297616 0.790738 0.3067347 0.3280669 0.8857818 0.3282726 0.4014996 0.8859831 0.2320173 0.2257115 0.9493658 0.2185382 0.2762408 0.9478849 0.1587612 0.155708 0.9811471 0.1144789 0.1769969 0.9788852 0.1022545 0.4748455 0.314168 0.8220829 0.498912 0.08736997 0.8622375 0.7034291 0.09001863 0.705042 0.3860329 0.635545 0.6686264 0.2532738 0.317316 0.9138725 0.1997582 0.6358131 0.7455458 0.1587556 0.7912384 0.5905409 0.3067356 0.7907388 0.52976 0.1235868 0.8835744 0.4516887 0.2330903 0.8852081 0.4025863 0.1007152 0.9484108 0.3006221 0.1601324 0.9494629 0.269959 0.08851122 0.9845475 0.151103 0.134298 0.9820093 0.1327473 0.04426133 0.99902 -9.85712e-6 0.09005248 0.9959371 7.99447e-6 1.06022e-5 0.3221781 0.9466791 -1.66893e-5 0.6404866 0.7679694 -1.73971e-5 0.7907454 0.6121452 2.12826e-5 0.8810842 0.4729596 2.2769e-5 0.9482244 0.3176016 -1.15559e-5 0.9873262 0.158704 -1.91666e-6 1 6.05484e-6 0.1190464 0.9928876 -0.001514434 0.1357626 0.9907414 1.75834e-6 0.1603088 0.987067 -4.17978e-6 0.2257694 0.9717606 0.0686255 0.3129849 0.9457632 0.08702033 0.4484434 0.8856946 0.1201816 0.5905998 0.791223 0.1586136 0.6121422 0.7907478 -1.79186e-5 0.7720834 0.6355212 9.15676e-6 0.7455146 0.6358493 0.1997588 0.9492907 0.3143997 -1.15708e-5 0.9168755 0.3147667 0.2454818 0.46512 0.8852478 -8.03918e-6 0.9619981 0.09005588 0.2577782 0.8625358 0.08741968 0.4983871 0.9961781 0.08734536 2.19345e-5 0.3249095 0.9457452 -5.73322e-6 0.2304831 0.9730764 6.84522e-6 0.2671545 0.09001094 0.9594408 1.9639e-5 0.08620911 0.9962772 0.1250396 0.9921514 -8.76076e-4 0.09005939 0.9959337 -0.002382934 0.1190413 0.9927302 -0.01777344 0.1356774 0.9907531 -6.03504e-7 0.1190463 0.9927772 0.01487982 -0.5460596 0.6353237 -0.5460611 -0.6711939 0.3146396 -0.6711935 -0.8229695 0.3141479 -0.4733206 -0.6688473 0.6360003 -0.3848987 -0.4318516 0.7910962 -0.43321 -0.5297014 0.7913042 -0.3053753 -0.3279224 0.8853905 -0.3294701 -0.401544 0.8859609 -0.2320257 -0.2256691 0.9491839 -0.2193706 -0.2762002 0.9478942 -0.1587768 -0.1555941 0.9810052 -0.115842 -0.1769837 0.9787309 -0.103743 -0.4750378 0.3146435 -0.8217899 -0.4983875 0.08741819 -0.8625358 -0.7034972 0.09003949 -0.7049713 -0.3860332 0.6355445 -0.6686267 -0.2529557 0.3168489 -0.9141227 -0.2000787 0.6360787 -0.7452332 -0.1585816 0.7904685 -0.5916177 -0.3063609 0.7904269 -0.5304418 -0.1234701 0.8837539 -0.4513693 -0.2330889 0.8852089 -0.4025852 -0.1006512 0.9479686 -0.3020347 -0.1602069 0.9498516 -0.2685438 -0.08847302 0.9847945 -0.1495072 -0.134233 0.9822345 -0.1311367 -0.04422688 0.9990216 1.43498e-5 -0.08998692 0.995943 -8.03173e-6 -2.0504e-5 0.3225216 -0.9465621 3.93391e-6 0.6397345 -0.7685961 1.29342e-5 0.7902953 -0.6127263 -2.22363e-5 0.8810834 -0.472961 6.11693e-6 0.9483024 -0.3173684 1.17719e-5 0.9873459 -0.1585817 1.25915e-6 0.9482978 -0.317382 1.93529e-6 1 -2.54546e-6 -0.1190583 0.9928861 0.001512527 -0.1357609 0.9907417 -4.70877e-6 -0.1603088 0.987067 -1.13249e-6 -0.2259511 0.971822 -0.06714248 -0.3127697 0.9457061 -0.08840346 -0.4486052 0.8857682 -0.1190299 -0.5905032 0.7912475 -0.1588507 -0.6121415 0.7907482 1.91107e-5 -0.772084 0.6355206 -8.62032e-6 -0.7461557 0.6355323 -0.1983695 -0.9492936 0.314391 1.30162e-5 -0.9165563 0.3145481 -0.2469495 -0.4651182 0.8852487 6.06477e-6 -0.9615448 0.09004741 -0.2594669 -0.8627872 0.08742624 -0.4979508 -0.9961793 0.08733171 -2.02507e-5 -0.3249072 0.9457459 -2.33576e-6 -0.2304846 0.973076 -6.73905e-6 -0.2671556 0.09000635 -0.9594409 -1.60155e-5 0.0863381 -0.996266 0.5459667 0.6354854 -0.5459659 0.6688474 0.6360001 -0.3848989 0.8229693 0.3141484 -0.4733207 0.6711221 0.3149462 -0.6711215 0.4318517 0.7910965 -0.4332097 0.5296571 0.791361 -0.3053048 0.3279225 0.8853907 -0.3294697 0.4016318 0.8859161 -0.2320443 0.2256667 0.9491731 -0.2194199 0.2762007 0.9478936 -0.1587793 0.1555953 0.9810052 -0.1158401 0.1769829 0.9787311 -0.1037428 0.4750022 0.3145564 -0.8218438 0.4983867 0.08741503 -0.8625366 0.7034961 0.09004104 -0.7049722 0.386033 0.6355448 -0.6686266 0.2529161 0.3168859 -0.9141209 0.2000783 0.6360784 -0.7452336 0.1585559 0.7905315 -0.5915403 0.306082 0.7907323 -0.5301474 0.1234706 0.8837542 -0.4513683 0.2330889 0.885209 -0.402585 0.1006511 0.9479685 -0.302035 0.1602065 0.9498514 -0.2685446 0.08847296 0.9847943 -0.1495084 0.1342323 0.9822344 -0.1311388 0.0442624 0.99902 9.35793e-6 0.09005695 0.9959366 -1.05649e-5 2.05263e-5 0.322521 -0.9465623 -3.96371e-6 0.6397343 -0.7685962 -1.2897e-5 0.7902955 -0.612726 2.22735e-5 0.8810827 -0.4729623 -6.18119e-6 0.9483013 -0.3173716 -1.17682e-5 0.9873452 -0.1585861 -1.10269e-6 0.9482982 -0.317381 -1.90039e-6 1 -5.93066e-6 0.1190646 0.9928855 0.001511037 0.1357567 0.9907423 -2.87592e-6 0.1603093 0.9870669 4.16487e-6 0.2259708 0.9718143 -0.06718766 0.312734 0.9457146 -0.08843815 0.4486122 0.8857715 -0.1189786 0.5905994 0.7912231 -0.1586142 0.612142 0.790748 1.90511e-5 0.7720831 0.6355217 -8.9258e-6 0.7461556 0.6355323 -0.1983696 0.9492907 0.3143997 1.14962e-5 0.9165445 0.3145414 -0.247002 0.465119 0.8852483 5.91576e-6 0.9615453 0.0900439 -0.2594663 0.8627872 0.08742815 -0.4979504 0.9961795 0.08732944 -2.19982e-5 0.3249115 0.9457444 -4.28036e-6 0.2304849 0.9730759 -6.85453e-6 0.267156 0.09000664 -0.9594408 1.63466e-5 0.08633816 -0.996266 -0.9941496 -0.0350545 -0.1021665 -0.9941756 -0.03431487 -0.1021649 -0.8923333 -0.05112409 0.4484728 -0.8700146 -0.05495768 0.4899535 -0.9367175 -0.02491563 -0.3491985 -0.9081676 -0.01830786 -0.4182065 -0.4641576 -0.05874228 0.8838027 -0.4719368 -0.06019467 0.8795751 0.1738022 -0.04957461 0.9835321 0.0610572 -0.05873441 0.9964047 0.4867102 -0.03890955 0.8726965 0.3128041 -0.05420148 0.9482699 -0.3446058 0.02525156 -0.9384079 -0.5584245 0.01272684 -0.8294578 -0.3915594 0.02267909 -0.9198733 -0.5310935 0.01437991 -0.8471913 -0.7906975 -0.007653295 -0.6121592 -0.7071024 0.001347422 -0.7071099 -0.8254112 -0.01020979 -0.5644398 -0.9954129 -0.04031479 -0.08676344 -0.9955078 -0.04352152 -0.08408367 -0.8730065 -0.06256204 0.4836794 -0.868192 -0.06099092 0.492466 -0.558785 0.01312536 -0.8292086 -0.3978837 0.02250218 -0.91716 -0.4917156 -0.06761378 0.8681268 -0.4809881 -0.06941604 0.8739748 0.03508144 -0.06229841 0.9974408 0.04149645 -0.06788527 0.9968299 0.5878422 -0.04332196 0.8078148 0.5222002 -0.05209857 0.8512301 0.8539484 -0.01834607 0.5200343 0.8144814 -0.0183556 0.5798994 0.9492909 7.64954e-4 0.3143983 0.8913236 -0.004616498 0.4533442 0.7067494 -0.03249335 0.7067174 0.8591924 -0.02060782 0.5112375 0.9551782 -2.13576e-5 0.2960318 -0.07952481 0.9956305 0.04894959 -0.07938343 0.9956442 0.04889655 -0.07933485 0.9956521 0.04881614 -0.07934635 0.9956495 0.04884862 -0.07930767 0.9956387 0.04913163 -0.07932776 0.9956536 0.04879665 -0.07936894 0.9956434 0.04893577 -0.07929134 0.9956435 0.04906201 -0.07934337 0.9956488 0.04887008 -0.0792638 0.9956596 0.04877734 -0.0807507 0.9955372 0.04883903 -0.07936829 0.9956442 0.048922 -0.07927548 0.9956012 0.04993641 -0.07947593 0.9956393 0.04884797 -0.07973945 0.995619 0.04883116 -0.07942616 0.9956421 0.04887187 -0.07932567 0.995654 0.04879158 -0.07948464 0.9956339 0.04894423 -0.07968276 0.9956148 0.04900872 -0.07932746 0.9955751 0.05037325 -0.07939279 0.9956444 0.04887861 -0.0793454 0.9956496 0.04884833 -0.9422433 -0.03841596 0.3327189 -0.6532338 -0.05356842 0.755259 -0.6169077 -0.05657511 0.7849995 -0.9232953 -0.04497516 0.3814487 -0.9966813 -0.02821207 0.07635921 -0.9907182 -0.03668528 0.130888 -0.259303 -0.05798888 0.9640535 -0.2591708 -0.05788975 0.9640951 0.1785447 -0.05418741 0.9824386 0.1343214 -0.05575376 0.9893682 0.626803 -0.03970861 0.7781654 0.5861036 -0.04637676 0.8089078 -3.27826e-6 -0.05033069 0.9987327 1.60681e-5 -0.0602827 0.9981814 -0.02744936 0.9954301 0.09146308 -0.02297395 0.9958155 0.08845186 -0.02304631 0.995819 0.08839446 -0.02599018 0.9954737 0.09141445 -0.02297329 0.9958155 0.08845204 -0.02304667 0.9958192 0.08839285 -0.02297258 0.9958155 0.08845281 -0.02297359 0.9958155 0.08845198 -0.02286165 0.9958102 0.08854132 -0.0229721 0.9958154 0.08845293 -0.02296602 0.9958152 0.08845782 -0.02303701 0.9958185 0.08840167 -0.02153342 0.9954323 0.09301078 -1.40013e-5 0.995799 0.09156781 -0.02450239 0.9957727 0.08852392 -0.02272397 0.9959564 0.08691704 0.03057515 -0.9927747 -0.116033 0.03047174 -0.9927881 -0.1159448 0.03050631 -0.9927833 -0.1159777 0.03056776 -0.9927751 -0.1160318 0.030577 -0.9927735 -0.1160429 0.0305072 -0.9927832 -0.115978 -1.91573e-5 -0.9930775 -0.117462 0.03050988 -0.9927834 -0.1159758 0.03047132 -0.9927898 -0.1159314 0.03048348 -0.9927903 -0.1159234 0.03060531 -0.99277 -0.1160654 0.03057062 -0.992775 -0.1160315 0.03049892 -0.9927847 -0.1159676 0.03059798 -0.9927701 -0.1160657 -0.5594263 0.3253449 0.7623602 -0.5600217 0.3250553 0.7620465 -0.4700685 0.3239159 0.8210446 -0.4701536 0.3238827 0.8210089 -0.3785907 0.3243973 0.8668538 -0.3796547 0.3245075 0.8663471 -0.6653629 0.3261977 0.6714815 -0.6648806 0.3251795 0.6724523 -0.7623456 0.3251851 0.559539 -0.762058 0.3268547 0.5589578 -0.8177773 0.3234618 0.4760385 -0.8168777 0.3252488 0.4763656 -0.8664849 0.3256908 0.3783248 -0.8653331 0.3269028 0.3799121 -0.9127725 0.3251187 0.2472735 -0.9123197 0.3264718 0.2471621 -0.2440792 0.3252594 0.9135819 -0.2440679 0.3252506 0.9135879 -0.1083817 0.3175878 0.9420146 -0.1235205 0.3244245 0.9378122 1.66036e-5 0.3055623 0.9521721 2.10645e-6 0.3200035 0.9474164 -0.9395945 0.3262166 0.1036584 -0.9392949 0.3270712 0.1036799 -0.9462126 0.3235456 2.24554e-5 -0.9457457 0.3249083 1.56751e-5 -0.07347774 -0.720414 0.6896411 -2.57399e-5 -0.7195853 0.6944041 -1.75317e-5 -0.7194016 0.6945945 -0.07503193 -0.7202337 0.6896619 -0.1786226 -0.7217574 0.6687004 -0.1784512 -0.7208147 0.6697621 -0.2778955 -0.7206481 0.6351696 -0.2778565 -0.7208276 0.634983 -0.3446928 -0.7195744 0.6028263 -0.3328498 -0.71973 0.6092617 -0.3724974 -0.7194182 0.586245 -0.410164 -0.7212889 0.558129 -0.4090848 -0.7215434 0.5585919 -0.4866502 -0.7215154 0.4925313 -0.486863 -0.721106 0.4929205 -0.5573034 -0.722455 0.409233 -0.5580236 -0.7221935 0.4087131 -0.5905523 -0.7191086 0.3662388 -0.5995481 -0.719295 0.3509371 -0.6029284 -0.7200877 0.3434401 -0.6319383 -0.7235171 0.2778075 -0.6335641 -0.722652 0.2763526 -0.6682904 -0.7214113 0.1815316 -0.6680414 -0.721661 0.1814554 -0.6864144 -0.7233582 0.07475441 -0.6867011 -0.7229248 0.07629978 -0.6945924 -0.7194036 2.05971e-5 -0.6940222 -0.7199536 -4.119e-6 -0.1054706 0.1789214 0.9781939 -0.1055018 0.1789137 0.9781919 -1.12504e-5 0.1784801 0.9839435 1.91387e-5 0.1784836 0.9839429 -0.2546075 0.1797367 0.9501947 -0.2545471 0.1795231 0.9502512 -0.3938364 0.1791849 0.9015464 -0.3935901 0.1788804 0.9017143 -0.4645223 0.1786594 0.8673523 -0.4803184 0.1784366 0.8587518 -0.5278809 0.1782126 0.8304108 -0.9016041 0.1793345 0.3936362 -0.8576773 0.1789513 0.4820438 -0.9006327 0.180489 0.3953284 -0.8525336 0.1784242 0.4912753 -0.9493736 0.1797739 0.2576259 -0.9492044 0.1801586 0.2579807 -0.9777505 0.1797029 0.1082164 -0.9776381 0.1803315 0.1081862 -0.9840101 0.1781129 -4.27632e-6 -0.9838089 0.1792204 -3.91901e-6 -0.8367145 0.1787072 0.5176609 -0.6391534 -0.4277463 0.6391526 -0.4729928 -0.7433426 0.4729902 -0.3983535 -0.7398229 0.542196 -0.4516859 -0.4300593 0.7816833 -0.3739105 -0.572709 0.7295172 -0.4985863 -0.07517755 0.8635741 -0.7050858 -0.07558935 0.7050817 -0.5418227 -0.7400883 0.3983685 -0.7818762 -0.4299904 0.4514176 -0.7298749 -0.5693393 0.3783326 -0.8533049 -0.4684513 0.2289632 -0.8731046 -0.4277342 0.2339481 -0.9631622 -0.07559227 0.2580783 -0.8634384 -0.07468217 0.4988955 -0.2275056 -0.4740891 0.8505768 -0.2339448 -0.4277448 0.8731003 -2.16439e-5 -0.4294331 0.9030988 -1.0401e-5 -0.4677031 0.8838858 3.27479e-6 -0.07508671 0.9971771 -0.258077 -0.07558959 0.9631628 -0.9029534 -0.4297387 1.83508e-5 -0.8868216 -0.4621119 1.21817e-5 -0.9971768 -0.07508933 -3.50177e-6 -0.2532021 -0.2036521 0.9457349 4.93228e-6 -0.2053483 0.978689 -0.2531833 -0.1898919 0.9485986 2.0951e-5 -0.1967024 0.9804633 -0.2575744 -0.06989729 0.9637271 -3.02494e-6 -0.07168614 0.9974273 -0.4442108 -0.155689 0.8822911 -0.2992215 -0.2007393 0.9328292 -0.5861116 -0.06712889 0.8074447 -0.9757012 -0.2191056 -1.47373e-5 -0.9377726 -0.2393616 0.2515721 -0.9403985 -0.236615 0.2442622 -0.9501214 -0.3118804 1.80709e-5 -0.9364263 -0.2363989 0.259271 -0.9385421 -0.2128886 0.271693 -0.8499909 -0.1976263 0.4883232 -0.7668139 -0.132318 0.6280832 -0.6678907 -0.2165142 0.71207 -0.6177227 -0.1346038 0.7747907 -0.9084109 -0.2068415 0.3633269 -0.9741077 -0.1259961 0.1877214 -0.9793404 -0.1982952 -0.03964048 -0.9573141 -0.0792244 -0.2779806 -0.9577176 -0.1784946 -0.2256472 -0.9251548 -0.06233537 -0.3744367 -0.9577047 -0.2790677 -0.07016432 -0.9488046 -0.2394974 -0.2059391 -0.3007892 -0.218335 0.9283619 -0.6497778 -0.2959111 0.700161 -0.2822893 -0.3143295 0.9063718 0.119018 -0.206906 0.9710946 0.1541774 -0.2885416 0.9449726 0.3064908 -0.1708085 0.936423 0.3845008 -0.07151657 0.9203503 0.4818771 -0.05244135 0.8746683 0.2835924 -0.2190271 0.9335965 -0.1083492 -0.1266827 0.9860082 -0.8908371 -0.2959468 0.3447099 -0.4332194 0.6810927 0.5902828 -0.5367439 0.6644878 0.5199634 -0.4533058 0.674231 0.5830321 -0.5233362 0.6551746 0.5448537 -0.5813577 0.64305 0.4985079 -0.6014642 0.6492273 0.4655587 -0.6093872 0.654441 0.4476095 -0.1450096 -0.9683878 0.2029712 -0.1465083 -0.9715255 0.1862084 -0.1601612 -0.971653 0.1738932 -0.1739507 -0.9613043 0.2136242 -0.1678748 -0.9599426 0.2243396 -0.1722985 -0.9658108 0.193708 -0.1618816 -0.9734417 0.1618818 -0.8499972 -0.1976084 0.4883195 -0.5861248 -0.06716084 0.8074325 -0.4441798 -0.1556956 0.8823057 -0.7056769 -0.0636202 0.7056718 -0.7059129 -0.05811482 0.7059106 -0.7059127 -0.05811476 0.7059108 -0.9903468 -0.07095485 0.1190746 -0.912436 -0.06482249 0.4040527 -0.9034985 -0.07089519 0.4226874 -0.988825 -0.06492048 0.1342034 -0.907209 -0.06013357 0.4163601 -0.9909585 -0.05938756 0.1203095 -0.7010912 -0.0630961 0.7102746 -0.6410405 -0.06713181 0.7645656 -0.5263509 -0.06046956 0.8481146 -0.5232777 -0.06253314 0.8498648 -0.5614551 -0.0556662 0.8256328 -0.6716243 -0.05870175 0.7385628 -0.9862172 -0.06420224 -0.1524918 -0.9766608 -0.07016211 -0.2030052 -0.9480929 -0.06475019 -0.3113315 -0.9471092 -0.0678181 -0.313664 -0.9490337 -0.05694913 -0.3099869 -0.9783744 -0.05875205 -0.1983225 -0.2147216 -0.9611408 0.1735026 -0.1735016 -0.9611411 0.2147215 -0.1570435 -0.9490653 0.2731528 -0.2729912 -0.9490177 0.1576117 -0.2576178 -0.9611406 0.09920579 -0.3160012 -0.9487589 -8.54582e-6 -0.3160001 -0.9487591 -8.01217e-6 3.78987e-5 -1 -2.01331e-5 -0.09913116 -0.9610593 0.2579498 8.99006e-6 -0.948759 0.3160007 8.9556e-6 -0.94876 0.315998 2.49331e-5 -1 -4.44991e-5 -0.7033362 -0.1031361 0.7033358 -0.7033371 -0.1031364 0.7033348 -0.7032862 -0.1038056 0.7032873 -0.7032778 -0.1039013 0.7032815 -1.88383e-5 -0.1067594 0.9942849 -0.2576783 -0.1036476 0.9606556 -2.08765e-5 -0.1067436 0.9942866 -0.2577076 -0.1029416 0.9607237 -0.9607737 -0.1031367 0.257443 -0.994285 -0.1067588 2.29925e-5 -0.9606357 -0.1037343 0.2577178 -0.9942868 -0.1067419 -1.98091e-5 -2.92097e-6 -1 -2.73887e-6 0 -1 1.64329e-6 -4.38159e-6 -1 -4.10853e-6 0 -1 0 -8.76314e-6 -1 -1.15036e-5 -0.727605 -0.6575735 0.1954177 -0.7276813 -0.657526 0.1952929 -0.7276805 -0.6575281 0.1952898 -0.7275471 -0.6576214 0.1954724 -0.7276059 -0.6575775 0.1954013 -0.7613144 -0.6278619 0.1618335 -0.8242216 -0.5662676 -2.20637e-5 -0.8860043 -0.4636769 0 -0.05166739 -0.8812384 0.4698398 -0.125131 -0.8762433 0.4653386 -4.03821e-6 -0.8752882 0.4836016 3.91789e-7 -0.8665491 0.4990921 -0.128336 -0.8674861 0.4806222 -0.1893805 -0.8810102 0.4335391 -0.2553002 -0.870458 0.4208621 -0.2502601 -0.8665387 0.4318342 -0.3522819 -0.8670598 0.3522851 -0.3523693 -0.8669887 0.3523727 -0.4272412 -0.8662468 0.259001 -0.4154215 -0.8723539 0.2577281 -0.4226292 -0.8873083 0.1845767 -0.4582999 -0.880121 0.1238884 -0.4801596 -0.8674794 0.1301016 -0.4563116 -0.8884036 0.05018836 -0.4761246 -0.8793779 1.97012e-5 -0.4990953 -0.8665471 -5.73043e-6 -0.4376757 -0.8662547 0.2409206 -0.2286703 -0.8657117 0.4452563 -0.8223564 0.5248389 0.2197141 -0.8543974 0.4874454 0.1800063 -0.8223522 0.524807 0.2198059 -0.822363 0.5248667 0.2196229 -0.8223519 0.52481 0.2197998 -0.822352 0.5248166 0.2197834 -0.8223451 0.5247871 0.2198796 -0.8223487 0.5247842 0.2198734 -0.8223565 0.5248453 0.2196984 -0.822349 0.5247802 0.2198818 -0.9062969 0.4226417 -1.16825e-5 -0.9522528 0.3053109 0 -0.9403974 -0.2366393 0.2442428 -0.9658015 -4.97908e-6 0.2592827 -0.965926 -8.19807e-6 0.2588187 -0.9364273 -0.2363892 0.259276 0.5614147 0.2822336 0.7779189 0.5614147 0.2822336 0.7779189 0.5614147 0.2822336 0.7779189 -0.3648162 0.2982935 -0.8820036 -0.3648161 0.2982934 -0.8820036 -0.3648161 0.2982934 -0.8820036 0.5323955 0.8345124 -0.1419301 0.5323955 0.8345124 -0.14193 0.5323417 0.8345338 -0.1420062 0.5323956 0.8345125 -0.1419297 -0.501922 0.7280258 0.4669612 -0.5113903 0.723415 0.4638434 -0.5160607 0.7209131 0.4625644 -0.5157662 0.7214208 0.4621011 -0.5170454 0.7125296 0.4743055 -0.5078063 0.7200362 0.4729489 -0.4941041 0.7205407 0.4864999 -0.4330388 0.7135635 0.5507311 -0.4147447 0.7136685 0.5645034 -0.5218375 0.7046563 0.4807757 -0.529048 0.6900036 0.4939669 -0.5397821 0.6891956 0.4833681 -0.5844442 0.6772508 0.4469411 -0.593733 0.6761592 0.4362224 -0.7416629 0.1876863 0.6439799 -0.6929911 0.1820049 0.6975941 -0.693936 0.1807276 0.6969866 -0.7939035 0.1771082 0.5816785 -0.6325436 0.1785044 0.7536743 -0.5796502 0.1799983 0.7947368 -0.8370907 0.1738681 0.5186996 -0.5277751 0.1742699 0.8313143 -0.08084374 0.995602 0.04734009 -0.08233302 0.995256 0.05183458 -0.07937431 0.9952446 0.05646258 -0.07935118 0.9956502 0.04882925 -0.0793758 0.9956517 0.04875624 -0.07933706 0.9956525 0.04880326 -0.07784831 0.9958357 0.04744356 -0.07926124 0.9956579 0.04881608 -0.0778591 0.9956156 0.05184382 -0.07950335 0.9956437 0.0487129 -0.08084094 0.9957438 0.04426175 -0.07935756 0.995575 0.05032873 -0.02755582 0.9952809 0.09304141 -0.02446115 0.995352 0.09314584 -0.03197872 0.9954337 0.08994007 -0.02275276 0.9952448 0.0947116 -0.02492558 0.9953633 0.0929017 -0.02441686 0.9950734 0.09608858 -0.02591538 0.9951751 0.09462988 -0.01693046 0.9954912 0.09333133 0.03050702 -0.9927833 -0.1159778 0.03049957 -0.9927835 -0.1159777 0.03043562 -0.9927937 -0.1159073 0.03057503 -0.9927735 -0.1160428 0.03061473 -0.9927695 -0.1160671 0.03065723 -0.9927555 -0.1161749 0.0305674 -0.992778 -0.116007 -0.1453993 0.9563561 0.2534605 -0.1632205 0.9614515 0.2212919 -0.1508134 0.9530774 0.2624856 -0.2043128 0.9570168 0.2058524 -0.212049 0.9536142 0.2136712 -0.2183184 0.9626182 0.1603227 -0.2501646 0.9572886 0.1449696 -0.2614362 0.9530974 0.1525011 -0.2455782 0.9634637 0.106908 -0.276322 0.9581545 0.07474166 -0.2900674 0.9537202 0.07923924 -0.2638618 0.9641178 0.02922296 -0.1114248 0.9606233 0.2545338 -0.07637989 0.9562764 0.282315 -0.07777243 0.9534208 0.2914451 -0.03683036 0.9586649 0.282144 6.21375e-6 0.9561089 0.2930114 1.64174e-5 0.9537792 0.3005086 -0.2868933 0.9579626 -1.67545e-5 -0.3021173 0.9532708 3.38753e-6 0.79648 0.5538618 -0.2426046 0.7961329 0.554397 -0.2425211 0.8565337 0.5159477 0.01217287 0.8572314 0.5147866 0.01220887 0.5231373 0.5758652 -0.6282568 0.7961363 0.5543996 -0.242504 0.7964801 0.5538579 -0.2426128 0.5228201 0.575784 -0.6285952 0.21229 0.5761327 -0.7893061 0.2122879 0.5761327 -0.7893067 -0.1322467 0.575829 -0.8068035 -0.1327475 0.5752304 -0.8071482 -0.5538405 0.5546233 -0.6210102 -0.5538634 0.5546121 -0.621 -0.7327395 0.5181924 -0.4411004 -0.7333792 0.5177512 -0.440555 -0.5538715 0.5546246 -0.6209816 -0.5538555 0.5546335 -0.6209878 -0.2350355 0.4082748 0.8820828 -0.2350192 0.4082266 0.8821095 -0.1628137 0.4071853 0.8987168 -0.1627945 0.4072104 0.898709 -0.3064087 0.4072626 0.8603783 -0.3064343 0.4072753 0.8603633 -0.3828678 -0.06243526 0.9216909 -0.38448 -0.06245946 0.921018 -0.4915219 -0.06334775 0.8685583 -0.4914984 -0.06332254 0.8685734 0.08091914 -0.4433264 0.8927003 0.0704323 -0.446134 0.8921905 0.3188698 -0.4225737 0.8483829 0.3188919 -0.4220232 0.8486486 -0.41956 -0.4523207 0.7870042 -0.4136444 -0.4486436 0.7922231 -0.7829656 -0.4463486 0.4332874 -0.7823809 -0.4445982 0.4361338 -0.8935419 -0.4361093 -0.1067311 -0.8960624 -0.4297028 -0.1114799 -0.8226055 -0.4089428 -0.3950774 -0.8228068 -0.420264 -0.3825798 -0.8875569 -0.05413866 0.4575063 -0.8875023 -0.05420404 0.4576042 -0.8856847 -0.05406117 0.4611292 -0.8856654 -0.0540629 0.461166 0 -1 1.98732e-6 5.36883e-6 -1 -5.23372e-6 5.35662e-6 -1 -5.15842e-6 0 -1 -3.80827e-6 0 -1 8.85212e-6 0 -1 -1.85683e-5 5.36799e-6 -1 -4.9848e-6 5.35535e-6 -1 -4.02614e-6 0 -1 -6.86798e-7 0 -1 0 0 -1 2.13019e-6 0 -1 -9.28126e-6 1.11908e-6 -1 1.10106e-5 1.09146e-6 -1 -1.82755e-6 0 -1 -6.30055e-6 3.05106e-6 -1 1.50147e-5 1.34199e-6 -1 -5.56227e-6 0 -1 -3.74517e-7 0 -1 -2.38747e-6 0 -1 -2.80774e-6 0 -1 1.21551e-6 0 -1 6.90604e-6 0 -1 -4.79822e-7 0 -1 1.23051e-6 0 -1 3.75029e-7 0 -1 -2.51342e-6 0 -1 -6.33868e-6 0 -1 -4.56953e-6 0 -1 -1.32528e-6 0 -1 -8.6809e-7 0 -1 1.24888e-6 0 -1 1.27381e-6 0 -1 2.18534e-6 0 -1 2.31679e-6 0 -1 1.50586e-7 -3.17111e-7 -1 5.19419e-7 -0.02283877 0.6498373 0.7597302 -0.02288013 0.6494379 0.7600705 -0.4194701 0.6162366 0.6665562 -0.4209004 0.6169653 0.6649788 0.3572538 0.6791116 0.641231 0.3584342 0.6785435 0.6411738 0.5921211 0.7081331 0.3846299 0.5901398 0.7083166 0.3873274 0.6785219 0.7304726 0.0775749 0.6779012 0.7310165 0.07787781 0.5888866 0.7514757 -0.2974842 0.5886932 0.751089 -0.2988409 0.2748716 0.7402017 -0.6136344 0.273259 0.7395725 -0.6151115 -0.07788497 0.7079729 -0.7019318 -0.0762943 0.7080856 -0.7019929 -0.3909764 0.6817617 -0.6183353 -0.3936649 0.6805318 -0.6179842 -0.6622455 0.6493674 -0.3738353 -0.6637827 0.6486124 -0.3724172 -0.7799311 0.625746 0.01223582 -0.7798584 0.6258347 0.01232689 -0.6855626 0.6082636 0.4000243 -0.685575 0.6073539 0.4013831 0.869518 -0.4939013 -8.70329e-5 0.7532604 -0.4936305 0.4346581 0.8695196 -0.4938985 -8.68503e-5 0.7533313 -0.4935172 0.434664 0.4346767 -0.493538 0.7533103 0.434662 -0.4933532 0.7534397 -2.89305e-5 -0.4938932 0.8695226 -2.62516e-5 -0.4938931 0.8695228 -0.4346691 -0.4934191 0.7533926 -0.4346681 -0.4934169 0.7533947 -0.7529938 -0.4939017 0.4348121 -0.7529917 -0.4939045 0.4348124 -0.8696729 -0.4936285 2.2185e-5 -0.8695235 -0.4938917 1.78654e-4 -0.7528856 -0.4939613 -0.4349316 -0.7528848 -0.4939658 -0.434928 -0.4346727 -0.4933642 -0.7534266 -0.4345567 -0.4935892 -0.753346 2.01475e-6 -0.4936006 -0.8696887 2.47295e-5 -0.4939102 -0.869513 0.4348313 -0.4939365 -0.7529599 0.4348351 -0.4939285 -0.752963 0.7534204 -0.4933816 -0.4346637 0.7534632 -0.4933124 -0.434668 -0.1785738 -0.7234088 0.6669268 -0.1785737 -0.7234073 0.6669283 -0.178573 -0.7233985 0.666938 -0.1785727 -0.7233951 0.6669419 -0.6301596 -0.6012115 -0.4913691 -0.4686757 -0.594581 -0.6533121 -0.4685409 -0.5945587 -0.653429 -0.6301596 -0.6012119 -0.4913687 -0.09469121 -0.5579446 -0.8244582 -0.09472972 -0.5578706 -0.824504 0.2179307 -0.5422232 -0.8114804 0.2184094 -0.5422297 -0.8113473 0.4991919 -0.5586056 -0.662395 0.49949 -0.5584886 -0.6622691 0.7376278 -0.5975531 -0.3143812 0.7376269 -0.5975533 -0.314383 0.7921012 -0.6043738 -0.0854873 0.7920982 -0.6043912 -0.08539241 0 -1 -2.03109e-7 0 -1 3.97143e-6 0 -1 2.23718e-6 0 -1 -2.65724e-6 0 -1 -2.10653e-6 0 -1 -3.21806e-6 0 -1 4.52054e-7 0 -1 2.01518e-6 0.6806281 -0.6226419 -0.3860862 0.6500306 -0.6607227 -0.3753743 0.375365 -0.6607084 -0.6500505 0.3860797 -0.6226465 -0.6806276 -2.33571e-5 -0.6350708 -0.772454 2.32011e-5 -0.6565585 -0.7542752 0.7724518 -0.6350734 1.1161e-5 0.7542779 -0.6565554 1.31964e-5 0.5984391 -0.5326811 -0.5984327 0.5984278 -0.5327014 -0.5984259 0.8176396 -0.5322326 -0.2195315 0.2197038 -0.532387 -0.8174928 -0.996033 -0.08406651 0.02917212 -0.9706133 -0.1020908 0.2179163 -0.9694613 -0.1022877 0.2228948 -0.996302 -0.08318984 0.02149337 -0.02138644 -0.09462457 0.9952834 -0.2195777 -0.09150856 0.9712939 -0.2303723 -0.09153884 0.9687876 -0.02900129 -0.0946272 0.9950904 -0.8480009 -0.08406865 0.5232849 -0.7311096 -0.1022457 0.6745553 -0.7280801 -0.102313 0.6778137 -0.8518239 -0.08332073 0.5171594 -0.6839922 -0.09162092 0.723713 -0.522258 -0.09468442 0.847515 -0.5169022 -0.09451997 0.8508103 -0.6761227 -0.09155642 0.7310783 -0.1464514 -0.8696545 -0.4714372 -0.2608324 -0.8053575 -0.5323211 -0.3157253 -0.7672411 -0.558264 -0.2105649 -0.8361161 -0.5065299 0.4914342 -0.8363902 0.2427836 0.4381617 -0.8638392 0.2485884 0.5433896 -0.805943 0.2349126 0.5891136 -0.7753904 0.227409 -0.361663 -0.8697723 -0.3357025 -0.4912991 -0.805612 -0.3310805 -0.5524185 -0.76758 -0.3250458 -0.4348802 -0.8361819 -0.3341844 0.3052394 -0.8365483 0.4549902 0.3539646 -0.805854 0.4746668 0.3966417 -0.7754231 0.491319 0.2548561 -0.8636772 0.4348681 -0.6863647 0.2501921 0.6828671 -0.6829634 0.2503097 0.686226 -0.573723 0.2509782 0.7796486 -0.5735639 0.2511724 0.7797031 -0.7817412 0.2438765 0.5739383 -0.7815365 0.2439112 0.5742022 0.7949034 0.3539597 0.492789 0.9135925 0.327521 0.2409956 0.7188131 0.3567328 0.5966988 0.7188124 0.3567337 0.596699 0.943798 0.3077288 0.120617 0.9437987 0.3077261 0.1206177 0.9135894 0.3275333 0.2409905 0.7949066 0.3539534 0.4927884 0.6947567 0.1801391 -0.6963211 0.6947585 0.1801371 -0.6963198 0.6947526 0.1801437 -0.6963239 0.69475 0.1801467 -0.6963258 -0.3770576 0.345363 -0.8593905 -0.2577981 0.3300246 -0.9080882 -0.6072078 0.3577671 -0.7094374 -0.2577896 0.330027 -0.9080897 -0.3770149 0.3453612 -0.8594099 -0.6072043 0.3577653 -0.7094414 -0.7003937 0.354399 -0.6195564 -0.7003189 0.3542439 -0.6197296 -0.98887 0.1487823 -7.33137e-6 -0.9368318 -0.3497803 -1.64658e-5 -0.9049593 -0.3567132 0.2319579 -0.9556273 0.1305149 0.2640881 -0.8314014 -0.01831185 0.5553706 -0.8776531 0.1416049 0.457901 -0.8433505 -0.3301621 0.423973 -0.5929881 0.007416605 0.8051772 -0.6275029 0.2358846 0.7420234 -0.592009 -0.312038 0.7430731 -0.4624262 0.05151879 0.8851598 -0.4868163 -0.3616832 0.795107 -0.5901811 -0.7278252 0.3492233 -0.6729328 0.4065346 0.6179733 -0.4973085 0.2818429 0.8205174 -0.5420877 0.5225789 0.6580672 -0.7199699 0.5716344 0.3935448 -0.7199749 0.5716302 0.3935417 -0.7830228 0.5830427 0.2166489 -0.6043143 0.7775213 0.1739683 -0.5937178 0.6749905 0.4380491 -0.6121388 0.7907505 -1.15633e-5 -0.7992678 0.6009752 1.08629e-5 -0.49577 -0.7161868 0.4912113 -0.5937141 0.6749905 0.4380543 -0.4624286 0.05150437 0.8851594 -0.4210925 -0.9070177 1.5758e-5 -0.4136694 -0.9039435 0.1084612 -0.6256469 -0.7638021 0.1586583 -0.6608571 -0.7505119 1.49012e-5 -0.5901785 -0.7278157 0.3492473 -0.4957712 -0.7162066 0.4911815 -0.5431275 -0.7136263 0.4424364 -0.5904964 -0.7400319 0.3219733 -0.6575052 -0.7444763 0.1159399 -0.6642016 -0.7367323 0.1267356 -0.4639912 -0.7527821 0.4669383 -0.5216944 -0.6750204 0.5217111 -0.4362964 -0.7162361 0.5446571 -0.306723 -0.7439714 0.5936561 -0.1203977 -0.7366567 0.6654633 -0.1129602 -0.742273 0.660508 -0.5721687 -0.6339705 0.5202927 -0.56931 -0.5960246 0.5662516 -0.512432 -0.6147961 0.5995326 -0.6973466 0.1359838 0.703716 -0.5909778 0.06105577 0.804374 -0.6011502 0.08460819 0.7946446 -0.6926654 0.1777974 0.6990013 -0.7950435 0.06415712 0.60315 -0.8053444 0.03644764 0.5916858 -0.982771 -0.1342755 -0.1270092 -0.9836137 -0.1317095 -0.1231127 -0.9901049 -0.1088827 -0.08852589 -0.9906048 -0.1068053 -0.08541047 0.1220465 -0.1285637 0.9841627 0.1175783 -0.1271513 0.9848898 0.0748009 -0.1155986 0.9904756 0.08082818 -0.1170314 0.9898335 0.00907737 -0.9948822 -0.1006337 -0.9971895 -0.0016101 -0.07490456 0.009123563 -0.9948789 -0.100662 -0.9972215 -0.001494169 -0.07447874 0.9950711 -0.001342535 0.099155 0.9950665 -0.001530766 0.09919899 -0.01060009 0.9920921 0.1250646 -0.01066434 0.9920846 0.1251179 0.9950648 -0.001548171 0.09921568 0.9950696 -0.001355528 0.09917038 -0.08684396 -0.1130731 0.9897841 -0.08708584 -0.1129699 0.9897747 -0.08651703 -0.113146 0.9898045 -0.08689719 -0.1130551 0.9897815 0.01851159 -0.9760202 -0.2168918 -0.9968436 0.05074727 -0.06105339 0.0184313 -0.9760411 -0.2168045 -0.9948291 -0.05494737 -0.08541643 0.9945665 -0.05509191 0.08833235 0.9922495 0.05078011 0.1134127 -0.02138119 0.9695063 0.2441319 -0.02153146 0.9695045 0.2441262 -0.9968401 0.05077648 -0.06108683 -0.99483 -0.05495297 -0.08540254 -0.0868293 -0.1132034 0.9897705 -0.08678454 -0.1131064 0.9897856 -0.0868293 -0.1132034 0.9897705 -0.08679842 -0.1132116 0.9897723 0.02436125 -0.9599246 -0.2791979 0.02419131 -0.959925 -0.2792111 -0.995348 -0.04730308 -0.08393388 -0.9976307 0.03927433 -0.05648529 0.9947803 -0.0474289 0.09034812 0.9923334 0.03929179 0.1171781 -0.02746003 0.9498904 0.3113747 -0.02729439 0.9497449 0.3118329 -0.9976354 0.03926342 -0.05640846 -0.9953497 -0.04731053 -0.08390897 -0.08523058 -0.1992403 0.9762372 -0.08540397 -0.1992403 0.9762221 -0.08523052 -0.1992403 0.9762372 -0.08505719 -0.1992404 0.9762524 0.04880261 -0.9292476 -0.3662204 0.01987439 -0.9291031 -0.3692865 -0.9879409 -0.08209103 -0.1312781 -0.9944722 0.0865274 -0.0594812 0.9896741 -0.09871029 0.1039305 0.9820303 0.069763 0.1753556 -0.05206561 0.911552 0.4078751 -0.0244131 0.9108756 0.4119585 -0.994473 0.08652883 -0.05946749 -0.9879322 -0.08205831 -0.1313647 -0.0852847 -0.1991953 0.9762417 -0.08565157 -0.1991961 0.9762095 -0.0852847 -0.1991953 0.9762417 -0.08524197 -0.1991082 0.9762632 -0.9978345 -0.06577563 0 -0.9974462 -0.07142263 0 -0.9978344 -0.0657761 0 -0.9981908 -0.06012642 0 -0.9981908 -0.06012648 0 -0.7754215 -0.2824112 0.5647702 -0.422679 -0.1068285 0.8999612 -0.7966833 -0.1648333 0.5814858 -0.732692 -0.4014642 0.5495353 -0.9823854 -0.1868664 7.59959e-6 -0.8968502 -0.4423345 -1.26362e-5 -0.7326971 -0.4014655 0.5495275 -0.7987251 -0.6016961 -5.94754e-6 -0.5647814 -0.2823714 0.775428 -1.12951e-5 -0.4423334 0.8968507 1.15354e-5 -0.1868655 0.9823856 -0.5814861 -0.1648334 0.796683 -0.8999705 -0.1068221 0.4226608 -0.5495317 -0.4014871 0.7326821 -0.5495444 -0.4014524 0.7326917 2.04742e-5 -0.6016929 0.7987276 0.9941495 -0.03505444 -0.1021662 0.8700147 -0.05495744 0.4899532 0.892333 -0.05112397 0.4484734 0.9941756 -0.03431463 -0.1021644 0.9367177 -0.02491539 -0.349198 0.9081676 -0.01830774 -0.4182065 0.4641568 -0.05874216 0.883803 0.4719376 -0.06019449 0.8795747 -0.1738024 -0.04957461 0.983532 -0.06105709 -0.05873435 0.9964047 -0.4865545 -0.03884381 0.8727864 -0.3128041 -0.05420148 0.9482699 0.3915597 0.02267909 -0.9198732 0.5584246 0.01272708 -0.8294577 0.3446058 0.02525156 -0.9384079 0.5312867 0.01465582 -0.8470655 0.7908095 -0.007566452 -0.6120157 0.7071023 0.001347661 -0.7071101 0.8254113 -0.01020973 -0.5644395 0.9954129 -0.04031473 -0.08676326 0.9955078 -0.04352182 -0.08408349 0.8730064 -0.06256198 0.4836795 0.8681922 -0.06099081 0.4924659 0.558785 0.01312571 -0.8292087 0.3978833 0.02250236 -0.91716 0.491452 -0.06783962 0.8682585 0.4806625 -0.06941705 0.8741539 -0.03507542 -0.06266945 0.9974179 -0.04149675 -0.0678851 0.9968298 -0.5878421 -0.04332214 0.8078149 -0.5221999 -0.05209851 0.8512303 -0.8539482 -0.01834636 0.5200345 -0.8144814 -0.01835572 0.5798994 -0.9492909 7.64964e-4 0.3143985 -0.8913236 -0.004616677 0.4533443 -0.7067494 -0.03249341 0.7067174 -0.8591924 -0.020608 0.5112376 -0.9551782 -2.169e-5 0.2960318 0.07942891 0.9956365 0.0489819 0.0792492 0.9956616 0.04876124 0.07933491 0.9956521 0.04881703 0.07934623 0.9956495 0.04884821 0.07930725 0.9956388 0.04913169 0.07957023 0.995614 0.04920846 0.07938802 0.9956374 0.04902976 0.07929164 0.9956435 0.04906195 0.07934343 0.9956488 0.04886949 0.07926326 0.9956597 0.0487774 0.08060801 0.9955475 0.04886186 0.07936817 0.9956442 0.04892128 0.0792756 0.9956012 0.04993569 0.0793339 0.9956516 0.04882657 0.07973897 0.995619 0.04883193 0.07934212 0.995651 0.04882586 0.07932507 0.9956541 0.0487923 0.0794838 0.9956339 0.04894471 0.07938784 0.9956462 0.04885101 0.07932686 0.9955752 0.05037361 0.07939225 0.9956445 0.04887807 0.07931399 0.9956359 0.04917728 0.6532335 -0.0535683 0.7552592 0.9423414 -0.03817069 0.3324691 0.6169077 -0.05657511 0.7849996 0.9232587 -0.04502916 0.3815307 0.9966813 -0.02821195 0.07635921 0.9907183 -0.0366851 0.130888 0.2593023 -0.05798876 0.9640538 0.25917 -0.05788969 0.9640954 -0.1784999 -0.05416309 0.9824481 -0.134322 -0.05575382 0.9893682 -0.6268029 -0.03970873 0.7781655 -0.5861037 -0.04637682 0.8089078 3.33553e-6 -0.05033081 0.9987327 -1.61529e-5 -0.06028294 0.9981814 0.0274493 0.9954302 0.09146291 0.02304637 0.995819 0.0883938 0.02297401 0.9958155 0.08845227 0.02599024 0.9954738 0.09141433 0.02297347 0.9958155 0.08845269 0.02289742 0.9958118 0.08851426 0.02297252 0.9958155 0.08845269 0.02289831 0.9958119 0.08851134 0.02289855 0.9958119 0.088512 0.02304637 0.995819 0.08839446 0.02296543 0.995815 0.08845907 0.02296125 0.995815 0.08846169 0.02153331 0.9954323 0.09301161 1.39344e-5 0.9957988 0.09156882 0.02450227 0.9957728 0.08852332 0.02272385 0.9959565 0.08691632 -0.03057491 -0.9927746 -0.116034 -0.03050649 -0.9927834 -0.1159766 -0.03050732 -0.9927837 -0.115974 -0.03056824 -0.9927751 -0.1160319 -0.03050863 -0.9927835 -0.1159746 -0.03050845 -0.9927836 -0.1159741 1.92203e-5 -0.9930768 -0.117467 -0.03050887 -0.9927827 -0.1159819 -0.03050553 -0.9927846 -0.1159664 -0.03048229 -0.9927899 -0.115928 -0.03060555 -0.9927698 -0.1160664 -0.03060442 -0.9927699 -0.1160666 -0.03046309 -0.992789 -0.1159396 -0.03056204 -0.9927745 -0.1160377 0.4700678 0.3239156 0.8210451 0.5600219 0.325055 0.7620465 0.559679 0.3251621 0.7622526 0.4701526 0.3238826 0.8210096 0.3788172 0.3245896 0.8666829 0.3787336 0.324819 0.8666335 0.6653629 0.3261978 0.6714814 0.6649444 0.3248571 0.6725451 0.7623455 0.3251851 0.559539 0.762272 0.3262932 0.5589939 0.8177772 0.3234618 0.476039 0.8169675 0.3248336 0.4764949 0.8664597 0.3257841 0.3783018 0.8653333 0.3269022 0.3799121 0.9127728 0.3251182 0.2472731 0.9123185 0.3265032 0.2471247 0.2442631 0.3252991 0.9135186 0.2440676 0.325251 0.9135879 0.1083869 0.3179123 0.9419044 0.1235195 0.3244247 0.9378122 -1.5315e-5 0.3055621 0.9521722 -1.84029e-6 0.3200032 0.9474164 0.9395946 0.3262161 0.1036583 0.939319 0.32703 0.1035927 0.9462127 0.3235455 2.22679e-5 0.9457455 0.3249082 1.46349e-5 0.07345086 -0.7202952 0.689768 0.07503163 -0.720234 0.6896617 1.59256e-5 -0.7194018 0.6945942 2.45786e-5 -0.7195852 0.6944042 0.1786216 -0.7217569 0.6687012 0.1784529 -0.720815 0.6697614 0.2778954 -0.7206494 0.6351682 0.2777887 -0.720995 0.6348226 0.3446931 -0.7195746 0.6028259 0.3328101 -0.7198625 0.6091269 0.3724549 -0.7192217 0.5865131 0.4102697 -0.7210857 0.5583137 0.4090851 -0.7215432 0.5585919 0.4868063 -0.7216099 0.4922387 0.4868628 -0.7211064 0.4929203 0.5572636 -0.7225219 0.4091692 0.5580242 -0.7221935 0.408712 0.5905525 -0.7191293 0.3661979 0.5995624 -0.7193276 0.3508458 0.6029282 -0.7200854 0.3434451 0.6319753 -0.7234826 0.2778133 0.6334693 -0.7227615 0.2762833 0.6682907 -0.7214105 0.1815335 0.6678586 -0.7218401 0.1814161 0.686415 -0.7233576 0.07475537 0.6869143 -0.7227195 0.07632356 0.6945927 -0.7194033 2.02463e-5 0.6940228 -0.719953 -3.30154e-6 0.1054705 0.1789215 0.9781938 -1.86525e-5 0.1784838 0.9839429 1.13481e-5 0.1784802 0.9839435 0.1056478 0.1789011 0.9781785 0.2546075 0.1797369 0.9501947 0.2545472 0.1795233 0.9502511 0.3936605 0.1792411 0.9016119 0.3935902 0.1788805 0.9017143 0.4645223 0.1786595 0.8673523 0.4805287 0.178456 0.8586302 0.5279622 0.1782039 0.830361 0.8527055 0.1779946 0.4911326 0.9016039 0.1793346 0.3936364 0.8576774 0.1789516 0.4820434 0.9007486 0.1801109 0.395237 0.9493734 0.1797746 0.257626 0.9491743 0.180229 0.2580423 0.9777445 0.1797761 0.1081494 0.9775716 0.180679 0.1082084 0.9840101 0.1781131 -3.97302e-6 0.9838088 0.1792214 -3.69917e-6 0.8367798 0.1785987 0.5175927 0.3983551 -0.7398228 0.5421952 0.4729145 -0.7434404 0.4729148 0.6391537 -0.4277452 0.6391532 0.4514158 -0.430001 0.7818715 0.3739106 -0.5727089 0.7295174 0.4985863 -0.07517743 0.8635741 0.7050856 -0.07558983 0.7050819 0.5422119 -0.7398067 0.3983621 0.7818768 -0.4299902 0.4514171 0.7296404 -0.569514 0.3785219 0.8533048 -0.4684514 0.2289636 0.8731046 -0.4277344 0.2339482 0.9631622 -0.07559239 0.2580782 0.8634384 -0.07468295 0.4988955 0.2275196 -0.4741242 0.8505535 0.2339448 -0.4277444 0.8731005 2.17706e-5 -0.429434 0.9030983 1.03116e-5 -0.4677047 0.8838849 -3.29316e-6 -0.07508665 0.997177 0.258077 -0.07558947 0.9631628 0.9029537 -0.4297379 1.8321e-5 0.886822 -0.4621112 1.22115e-5 0.9971768 -0.07508903 -3.45925e-6 0.2532022 -0.2036522 0.9457349 -4.30644e-6 -0.2053482 0.978689 0.2532774 -0.1899874 0.9485544 -2.05934e-5 -0.1967022 0.9804633 0.2575744 -0.06989729 0.9637271 3.21364e-6 -0.07168608 0.9974272 0.4442109 -0.1556887 0.8822912 0.2992457 -0.20078 0.9328126 0.5861105 -0.0671736 0.8074418 0.9377726 -0.2393615 0.2515722 0.9757012 -0.2191053 -1.48714e-5 0.9403984 -0.236615 0.2442628 0.9501214 -0.3118805 1.78367e-5 0.9364259 -0.2363994 0.2592716 0.9385421 -0.2128886 0.2716931 0.8499906 -0.1976265 0.4883235 0.6678906 -0.2165144 0.7120699 0.7668138 -0.1323179 0.6280834 0.6180922 -0.1347088 0.7744776 0.9084108 -0.2068417 0.3633267 0.9741079 -0.1259958 0.1877205 0.9793405 -0.1982949 -0.03964078 0.957314 -0.0792241 -0.2779811 0.9577172 -0.1784569 -0.2256792 0.9251549 -0.06233525 -0.3744366 0.9577049 -0.279067 -0.07016408 0.9488047 -0.239497 -0.2059391 0.3007897 -0.2183346 0.9283618 0.6498123 -0.2959234 0.7001239 0.2822898 -0.3143292 0.9063718 -0.1190179 -0.2069062 0.9710946 -0.1541775 -0.2885419 0.9449725 -0.3064908 -0.1708087 0.9364229 -0.3845001 -0.07151663 0.9203506 -0.4818764 -0.05244147 0.8746685 -0.2835926 -0.2190275 0.9335964 0.1088244 -0.1267417 0.9859483 0.8908303 -0.2959171 0.3447528 0.5367436 0.6644878 0.5199639 0.4333989 0.6813129 0.5898968 0.4532658 0.6742306 0.5830636 0.5233346 0.6551746 0.5448552 0.5813577 0.6430502 0.4985076 0.6014651 0.6492269 0.4655581 0.6093868 0.6544408 0.4476104 0.1450099 -0.9683878 0.2029713 0.1739509 -0.9613043 0.2136242 0.1601614 -0.9716529 0.1738933 0.1465084 -0.9715256 0.1862083 0.1678745 -0.9599428 0.2243389 0.1722986 -0.9658108 0.193708 0.1618819 -0.9734417 0.1618818 0.5861248 -0.0671615 0.8074325 0.8499972 -0.1976079 0.4883196 0.44418 -0.1556954 0.8823056 0.7056768 -0.06361979 0.7056719 0.7059129 -0.05811476 0.7059106 0.7059127 -0.0581147 0.7059108 0.9122935 -0.06484472 0.4043709 0.9903354 -0.07094734 0.1191745 0.9034985 -0.07089436 0.422687 0.988825 -0.06491994 0.1342034 0.907209 -0.06013351 0.41636 0.9909585 -0.05938744 0.1203097 0.7010912 -0.06309574 0.7102746 0.6410408 -0.06713122 0.7645655 0.5263511 -0.06046921 0.8481145 0.5232779 -0.06253284 0.8498647 0.5614554 -0.05566608 0.8256326 0.6716244 -0.05870169 0.7385628 0.9862171 -0.06420183 -0.1524925 0.9766609 -0.07016092 -0.2030049 0.9480926 -0.06475001 -0.3113325 0.9471094 -0.06781715 -0.3136635 0.9490337 -0.05694901 -0.309987 0.9783745 -0.05875188 -0.1983224 0.173857 -0.9610039 0.2150472 0.2149494 -0.9610455 0.1737483 0.1570451 -0.9490635 0.2731584 0.2731261 -0.9490572 0.1571388 0.257618 -0.9611408 0.09920394 0.3160013 -0.9487589 -8.02893e-6 0.3160002 -0.9487592 -7.54744e-6 -1.2073e-4 -1 -8.51564e-5 0.09920489 -0.9611404 0.2576189 -9.0003e-6 -0.948759 0.316001 -8.94489e-6 -0.9487596 0.3159986 2.33263e-5 -1 5.50818e-5 0.7033368 -0.1031362 0.7033352 0.7033358 -0.1031358 0.7033363 0.7032862 -0.1038054 0.7032873 0.703278 -0.1039012 0.7032814 1.91182e-5 -0.1067595 0.9942849 2.07285e-5 -0.1067435 0.9942866 0.2576783 -0.1036475 0.9606556 0.2577078 -0.1029416 0.9607236 0.994285 -0.1067587 2.27866e-5 0.9607232 -0.1029399 0.2577099 0.9606357 -0.1037342 0.2577176 0.9942868 -0.1067417 -2.01613e-5 0 -1 -3.28658e-6 2.92097e-6 -1 -6.57331e-6 4.38159e-6 -1 -9.86007e-6 8.76314e-6 -1 -1.31469e-5 0.7276036 -0.6575753 0.1954172 0.7276782 -0.6575297 0.1952921 0.7276794 -0.6575292 0.1952893 0.7278549 -0.6574121 0.1950299 0.7276809 -0.6575276 0.1952896 0.7613153 -0.6278607 0.1618335 0.8242221 -0.5662667 -2.21282e-5 0.8860043 -0.4636769 0 0.1249949 -0.8759873 0.4658569 0.05154454 -0.8812806 0.4697743 4.04529e-6 -0.8752869 0.483604 -4.76837e-7 -0.8665469 0.4990957 0.128336 -0.8674863 0.4806221 0.1893801 -0.8810099 0.4335399 0.2553002 -0.8704587 0.4208605 0.2504318 -0.8662967 0.4322198 0.3522834 -0.8670616 0.3522793 0.3523709 -0.866991 0.3523656 0.4269448 -0.866277 0.2593883 0.4154215 -0.8723517 0.2577353 0.422959 -0.8870398 0.1851113 0.457762 -0.8804422 0.1235941 0.4803872 -0.8673884 0.1298673 0.4561675 -0.8884603 0.05049306 0.4761245 -0.8793779 2.0247e-5 0.4990987 -0.8665452 4.33087e-5 0.4376798 -0.8662521 0.2409228 0.2286673 -0.8657098 0.4452615 0.8223462 0.5247783 0.2198967 0.8543574 0.4874851 0.1800888 0.8223608 0.5248697 0.2196237 0.8223518 0.5248082 0.2198046 0.8223516 0.5248105 0.2197995 0.8223521 0.5248166 0.2197834 0.8223509 0.5248165 0.219788 0.8223526 0.5248159 0.219783 0.8223532 0.5248128 0.2197884 0.8223491 0.5247802 0.2198812 0.906297 0.4226416 -1.14044e-5 0.9522528 0.3053107 0 0.9403974 -0.2366393 0.2442429 0.9364273 -0.2363888 0.2592763 0.9659259 -7.95557e-6 0.2588188 0.9658015 8.09814e-7 0.2592826 -0.561415 0.282233 0.7779189 -0.561415 0.2822329 0.7779189 -0.561415 0.2822329 0.7779189 0.3649448 0.2982414 -0.881968 0.3649447 0.2982414 -0.881968 0.3649448 0.2982415 -0.881968 -0.5323955 0.8345124 -0.1419302 -0.5323417 0.8345338 -0.142006 -0.5323955 0.8345125 -0.1419295 -0.5323955 0.8345124 -0.1419303 0.5113883 0.7234152 0.4638453 0.5019199 0.7280264 0.4669625 0.5163392 0.7207276 0.4625426 0.5157662 0.7214218 0.4620995 0.5168724 0.7126871 0.4742574 0.5078046 0.7200362 0.4729507 0.4941113 0.7204836 0.4865773 0.4330384 0.7135636 0.5507311 0.4147444 0.713669 0.5645031 0.521905 0.7046521 0.4807087 0.5290472 0.6900036 0.4939678 0.5397157 0.6893301 0.4832504 0.5843868 0.677249 0.4470189 0.5937326 0.6761596 0.4362222 0.7415883 0.1880876 0.6439486 0.7939038 0.1771081 0.5816784 0.6939362 0.1807277 0.6969864 0.6930557 0.1816751 0.6976159 0.6325433 0.1785044 0.7536745 0.5795302 0.180034 0.794816 0.8370904 0.1738675 0.5187002 0.5279885 0.173972 0.8312412 0.07785856 0.9956157 0.05184006 0.07950371 0.9956435 0.04871702 0.07945054 0.9956415 0.04884308 0.07933723 0.9956527 0.04880136 0.08233261 0.995256 0.05183541 0.07937628 0.9956517 0.04875516 0.080841 0.9957444 0.04424959 0.07937484 0.9952446 0.05646288 0.08084255 0.995602 0.04734128 0.07934868 0.9956503 0.04882925 0.07936024 0.9955747 0.05032986 0.07784968 0.9958356 0.04744398 0.02446067 0.995352 0.09314566 0.02755546 0.9952809 0.09304052 0.0319786 0.9954339 0.08993816 0.02292442 0.9952488 0.09462738 0.0244646 0.9953621 0.09303641 0.02591657 0.9951758 0.09462344 0.0244165 0.9950733 0.09608846 0.01681351 0.9955127 0.09312289 -0.03057605 -0.9927734 -0.1160437 -0.03050541 -0.9927833 -0.1159783 -0.03050488 -0.9927837 -0.1159744 -0.03061473 -0.9927693 -0.1160687 -0.03049588 -0.9927854 -0.1159627 -0.03060382 -0.992769 -0.1160743 -0.03065705 -0.9927555 -0.1161747 0.1632428 0.9614046 0.2214794 0.1453977 0.9563572 0.253457 0.1510192 0.9530413 0.2624984 0.204412 0.9569764 0.2059414 0.2121251 0.9536261 0.2135422 0.2182497 0.9626452 0.1602535 0.2503023 0.9572533 0.1449652 0.2609821 0.953199 0.1526436 0.2456213 0.9634624 0.1068207 0.2763218 0.9581545 0.07474219 0.2900674 0.95372 0.07924008 0.2638618 0.9641178 0.02922242 0.1114248 0.9606223 0.2545377 0.07667273 0.9562042 0.2824799 0.07780236 0.9534443 0.2913606 0.03671157 0.9586458 0.282224 -6.29946e-6 0.9561091 0.2930108 -1.65338e-5 0.9537795 0.3005077 0.2868942 0.9579623 -1.85126e-5 0.3021185 0.9532704 1.11107e-6 -0.8564876 0.5160232 0.0122112 -0.7961312 0.5543994 -0.2425208 -0.7964788 0.5538634 -0.2426047 -0.8572315 0.5147865 0.01220911 -0.7964802 0.5538577 -0.2426128 -0.796136 0.5543999 -0.2425047 -0.523131 0.5757718 -0.6283478 -0.5228204 0.5757833 -0.6285957 -0.2121955 0.5762689 -0.789232 -0.2122402 0.5762013 -0.7892695 0.1322466 0.5758289 -0.8068035 0.1330528 0.5755041 -0.8069028 0.553839 0.5546236 -0.6210114 0.5538648 0.5546116 -0.620999 0.7326745 0.5182378 -0.441155 0.553855 0.5546333 -0.6209883 0.5538709 0.5546246 -0.6209819 0.7333792 0.5177516 -0.4405546 0.1628133 0.4071851 0.8987171 0.2350181 0.4082266 0.8821098 0.2350348 0.4082747 0.8820831 0.1627944 0.4072098 0.8987092 0.3064976 0.4072672 0.8603445 0.3064339 0.4072751 0.8603634 0.3844798 -0.06245911 0.9210181 0.3828678 -0.06243491 0.921691 0.4915228 -0.06334775 0.8685576 0.491499 -0.06332266 0.868573 -0.3188821 -0.4226139 0.8483582 -0.07043224 -0.4461337 0.8921907 -0.08091944 -0.4433265 0.8927003 -0.3189831 -0.4220174 0.8486172 0.4194127 -0.4522308 0.7871342 0.4136437 -0.4486438 0.7922233 0.7829654 -0.4463486 0.4332876 0.782388 -0.4446286 0.4360901 0.8935772 -0.4360233 -0.1067872 0.8960624 -0.4297029 -0.1114797 0.8224898 -0.4089768 -0.395283 0.8228076 -0.4202626 -0.3825798 0.8856846 -0.05406081 0.4611294 0.8875028 -0.05420392 0.4576033 0.8875573 -0.05413854 0.4575054 0.8856654 -0.0540626 0.4611662 0 -1 -2.40005e-6 0 -1 -1.28404e-6 -5.35663e-6 -1 -4.45052e-6 -5.36882e-6 -1 -4.13758e-6 0 -1 1.85723e-6 0 -1 1.85683e-5 -5.36798e-6 -1 -2.99058e-6 -5.35536e-6 -1 -3.86869e-6 0 -1 -9.74277e-7 0 -1 -3.71558e-6 0 -1 -6.11841e-6 -1.09146e-6 -1 -3.96011e-6 -1.11908e-6 -1 7.77492e-6 0 -1 -6.30055e-6 -3.05106e-6 -1 1.07243e-5 -1.34199e-6 -1 -6.83153e-6 0 -1 2.09896e-6 0 -1 -1.63046e-6 0 -1 -9.7186e-7 0 -1 2.54662e-6 0 -1 7.90761e-6 0 -1 1.51286e-6 0 -1 2.05135e-6 0 -1 1.95112e-6 0 -1 -4.39347e-7 0 -1 -4.75401e-6 0 -1 -5.30113e-6 0 -1 -3.47236e-6 0 -1 3.14235e-7 0 -1 2.61139e-6 0 -1 2.31678e-6 0 -1 1.14397e-6 3.17111e-7 -1 1.6096e-6 0.4194694 0.6162371 0.6665563 0.02287966 0.6494372 0.7600711 0.02283918 0.6498373 0.7597302 0.4209007 0.6169661 0.6649779 -0.3572539 0.6791113 0.6412312 -0.3584343 0.6785441 0.641173 -0.5921214 0.7081334 0.384629 -0.5901392 0.7083173 0.3873274 -0.6785216 0.7304731 0.07757288 -0.6776426 0.7312611 0.07783126 -0.5888075 0.7515594 -0.2974293 -0.5886938 0.7510885 -0.2988408 -0.2748357 0.740224 -0.6136235 -0.2732349 0.7395552 -0.615143 0.07788503 0.7079722 -0.7019326 0.07629543 0.7080849 -0.7019935 0.3909759 0.681762 -0.6183353 0.3937492 0.6805689 -0.6178897 0.6622666 0.649334 -0.373856 0.6637518 0.6486275 -0.372446 0.7799313 0.6257457 0.01223528 0.7798578 0.6258356 0.01232671 0.6854363 0.6084382 0.3999754 0.6855747 0.6073539 0.4013834 -0.8695182 -0.4939009 -8.64868e-5 -0.8697495 -0.4934936 2.33836e-5 -0.7533304 -0.4935221 0.43466 -0.7534489 -0.4933354 0.4346665 -0.4346678 -0.4934325 0.7533845 -0.4346619 -0.493354 0.7534394 2.94873e-5 -0.4938929 0.8695228 2.72332e-5 -0.4938921 0.8695233 0.4346694 -0.4934201 0.7533918 0.434657 -0.4932749 0.7534941 0.7529942 -0.4939015 0.4348115 0.7527298 -0.4939559 0.4352072 0.8696728 -0.4936286 2.2391e-5 0.869522 -0.4938941 1.79662e-4 0.752886 -0.4939615 -0.4349308 0.7528853 -0.4939646 -0.4349287 0.434674 -0.4933639 -0.753426 0.4346144 -0.4934804 -0.7533841 -1.60251e-6 -0.4936007 -0.8696886 -2.42815e-6 -0.4936098 -0.8696836 -0.4348309 -0.4939368 -0.7529599 -0.4348344 -0.4939295 -0.7529626 -0.753465 -0.4933077 -0.4346699 -0.7533497 -0.4934946 -0.4346579 0.1785728 -0.7233974 0.6669393 0.1785732 -0.7233954 0.6669414 0.1785717 -0.7234027 0.6669338 0.1785715 -0.7234035 0.666933 0.6301594 -0.6012116 -0.4913694 0.4686045 -0.59457 -0.6533731 0.4686106 -0.5945701 -0.6533686 0.6301594 -0.6012118 -0.4913691 0.09469085 -0.5579445 -0.8244584 0.09463542 -0.558041 -0.8243994 -0.2179316 -0.5422218 -0.8114809 -0.21841 -0.5422303 -0.8113467 -0.4990786 -0.5586507 -0.6624425 -0.4994907 -0.5584891 -0.6622681 -0.7376276 -0.5975534 -0.3143811 -0.7376258 -0.5975547 -0.3143829 -0.7921016 -0.6043733 -0.08548736 -0.7920989 -0.6043902 -0.08539247 0 -1 2.94068e-6 0 -1 5.86478e-6 0 -1 7.94285e-6 0 -1 -1.67851e-6 0 -1 4.03036e-6 0 -1 1.86532e-6 0 -1 -3.21806e-6 -0.3753652 -0.6607088 -0.65005 -0.6500641 -0.660702 -0.3753526 -0.6806305 -0.6226614 -0.3860507 -0.3861163 -0.6226263 -0.6806253 2.34693e-5 -0.6350706 -0.7724542 -2.34754e-5 -0.6565592 -0.7542746 -0.7724518 -0.6350735 1.05221e-5 -0.754278 -0.6565554 1.7032e-5 -0.5984194 -0.53272 -0.5984178 -0.5983744 -0.5328226 -0.5983714 -0.817768 -0.5320953 -0.2193858 -0.2196448 -0.5323319 -0.8175445 0.9694375 -0.1023285 0.2229794 0.9705319 -0.1022375 0.2182098 0.9960331 -0.08406621 0.02917242 0.9962958 -0.08322811 0.02163207 0.02138704 -0.09462487 0.9952833 0.02900195 -0.09462678 0.9950904 0.230373 -0.0915389 0.9687874 0.2195776 -0.09150892 0.9712939 0.7281411 -0.1022692 0.6777549 0.7310438 -0.102265 0.6746236 0.8481235 -0.08379518 0.52313 0.851824 -0.08332037 0.5171592 0.5169024 -0.09452009 0.8508102 0.5222582 -0.09468454 0.8475148 0.6839911 -0.09162062 0.7237139 0.6761301 -0.09160131 0.7310659 0.1464496 -0.8696511 -0.4714441 0.2105425 -0.8360963 -0.5065718 0.3157236 -0.7672388 -0.5582683 0.260835 -0.805357 -0.5323206 -0.4383485 -0.8638237 0.2483127 -0.4915059 -0.8364157 0.2425507 -0.5434146 -0.8060234 0.2345784 -0.5889773 -0.7755122 0.2273471 0.552419 -0.7675814 -0.3250417 0.4912996 -0.805613 -0.3310778 0.3616636 -0.8697741 -0.3356972 0.434881 -0.8361839 -0.3341779 -0.3053832 -0.8365705 0.4548527 -0.3966419 -0.775423 0.4913192 -0.3540565 -0.8058286 0.4746412 -0.254826 -0.8636712 0.4348977 0.5735665 0.2510312 0.7797467 0.6831474 0.2500139 0.6861506 0.6863646 0.2501919 0.6828672 0.5736412 0.251169 0.7796474 0.781829 0.2438613 0.573825 0.7815371 0.2439111 0.5742014 -0.7188144 0.356728 0.5967001 -0.7188767 0.3567254 0.5966265 -0.7949025 0.3539634 0.492788 -0.9135908 0.3275255 0.2409955 -0.9135891 0.3275347 0.2409899 -0.9437977 0.3077294 0.1206171 -0.9437975 0.3077304 0.1206164 -0.7949078 0.3539521 0.4927876 -0.6947528 0.1801452 -0.6963235 -0.6947584 0.1801338 -0.6963207 -0.6947567 0.1801373 -0.6963216 -0.6947503 0.1801503 -0.6963246 0.2577027 0.330021 -0.9081165 0.3770542 0.3453627 -0.8593922 0.6072059 0.3577689 -0.7094382 0.2577846 0.3300252 -0.9080917 0.3770151 0.3453593 -0.8594107 0.7004212 0.3544064 -0.619521 0.6072044 0.3577635 -0.7094422 0.7003813 0.354241 -0.6196607 0.9888702 0.1487818 -6.75023e-6 0.9556271 0.1305152 0.2640885 0.9049592 -0.3567135 0.2319579 0.9368318 -0.3497802 -1.64807e-5 0.8314006 -0.01831209 0.5553716 0.8776527 0.1416065 0.4579011 0.8433506 -0.3301624 0.4239724 0.5929861 0.007415771 0.8051786 0.627502 0.235884 0.7420243 0.5920093 -0.3120383 0.7430728 0.4624265 0.05151879 0.8851597 0.4868167 -0.3616824 0.7951073 0.5901806 -0.7278256 0.3492231 0.6728883 0.4066295 0.6179594 0.4973097 0.2818428 0.8205169 0.5420478 0.5225844 0.6580955 0.7199686 0.5716333 0.3935487 0.7199761 0.5716302 0.3935395 0.4957705 -0.7161867 0.4912112 0.4624295 0.05150431 0.885159 0.5937151 0.674992 0.4380505 0.6043149 0.777521 0.1739673 0.5937183 0.67499 0.4380493 0.7830059 0.5830464 0.2166997 0.6121384 0.7907507 -1.10873e-5 0.7992678 0.600975 1.17719e-5 0.4210925 -0.9070178 1.56611e-5 0.6256462 -0.7638025 0.1586585 0.4136694 -0.9039435 0.1084611 0.660857 -0.7505119 1.47969e-5 0.5901786 -0.7278157 0.3492473 0.4957712 -0.7162065 0.4911814 0.6575051 -0.7444757 0.115944 0.5904974 -0.7400318 0.3219716 0.5431284 -0.7136251 0.4424375 0.6640115 -0.7369076 0.126712 0.4639362 -0.752766 0.4670189 0.5216948 -0.6750207 0.5217102 0.4362971 -0.7162362 0.5446563 0.3067244 -0.7439729 0.5936536 0.1205568 -0.7369451 0.665115 0.1128276 -0.7423701 0.6604216 0.5721695 -0.6339682 0.5202947 0.5693124 -0.5960249 0.5662488 0.5125162 -0.614757 0.5995007 0.6973465 0.1359837 0.7037161 0.6007701 0.08475214 0.7949167 0.5909758 0.06105601 0.8043754 0.6926654 0.1777978 0.6990012 0.7952511 0.06410056 0.6028821 0.8053455 0.03644454 0.5916844 0.9901052 -0.1088814 -0.08852505 0.9835576 -0.131851 -0.1234092 0.9827712 -0.1342746 -0.1270081 0.9905926 -0.1068535 -0.08549088 -0.07480168 -0.1155986 0.9904755 -0.1175722 -0.1274841 0.9848476 -0.1220604 -0.1289283 0.9841133 -0.08083021 -0.1170312 0.9898335 0.9971894 -0.001610875 -0.07490515 0.9972216 -0.001492261 -0.07447785 -0.009159624 -0.994873 -0.100717 -0.009044528 -0.9948902 -0.1005581 -0.9950711 -0.001347064 0.09915578 -0.9950668 -0.001532018 0.09919631 0.01069009 0.9920819 0.1251377 0.01066112 0.9920845 0.1251192 -0.9950648 -0.001548826 0.09921526 -0.9950695 -0.001355826 0.09917062 0.08684402 -0.1130726 0.9897842 0.08699196 -0.1130408 0.9897748 0.08684402 -0.1130726 0.9897842 0.08720856 -0.1128952 0.9897724 0.9968436 0.05074763 -0.06105393 0.9948293 -0.05494379 -0.08541578 -0.01850879 -0.9760203 -0.2168914 -0.0184307 -0.9760411 -0.2168041 -0.9945665 -0.05509328 0.08833193 -0.9922494 0.05077916 0.1134135 0.02137959 0.9695063 0.2441319 0.02153283 0.9695047 0.2441251 0.99684 0.05077993 -0.06108641 0.9948297 -0.05495697 -0.08540344 0.08651018 -0.1131071 0.9898095 0.086564 -0.1131678 0.9897979 0.08651018 -0.1131071 0.9898095 0.08678454 -0.1131069 0.9897856 0.9953479 -0.04730474 -0.08393442 -0.02449995 -0.9598941 -0.2792909 -0.02436029 -0.9599246 -0.279198 0.9976307 0.03927576 -0.05648505 -0.9947803 -0.0474286 0.09034812 -0.9923334 0.03929167 0.1171782 0.02746129 0.94989 0.3113759 0.02744525 0.9498931 0.3113682 0.9976355 0.03926354 -0.05640894 0.9953495 -0.04731529 -0.08390891 0.08523052 -0.1992403 0.9762372 0.08505719 -0.1992414 0.9762521 0.08523052 -0.1992403 0.9762372 0.08540397 -0.1992392 0.9762223 0.9879413 -0.08208733 -0.1312773 -0.0197978 -0.9290664 -0.3693829 -0.04890513 -0.92926 -0.3661751 0.994472 0.0865305 -0.0594809 -0.9896408 -0.0986669 0.1042882 -0.9820305 0.06976157 0.1753559 0.05201506 0.9115975 0.4077799 0.02436512 0.9108927 0.4119235 0.9944732 0.08652591 -0.05946737 0.987932 -0.08205801 -0.1313658 0.0852847 -0.1991945 0.9762419 0.08524209 -0.1991069 0.9762635 0.0852847 -0.1991945 0.9762418 0.08565157 -0.1991961 0.9762095 0.9978345 -0.06577551 0 0.9978345 -0.06577509 0 0.9974462 -0.07142245 0 0.9974462 -0.07142263 0 0.9981908 -0.06012636 0 0.9981908 -0.06012636 0 0.7326921 -0.4014649 0.5495346 0.7754283 -0.2823609 0.5647861 0.4226416 -0.1068145 0.8999804 0.7966832 -0.1648337 0.5814859 0.9823853 -0.1868661 8.4538e-6 0.8968505 -0.4423339 -1.18613e-5 0.7326968 -0.4014643 0.5495288 0.7987251 -0.6016963 -4.61936e-6 -1.18911e-5 -0.1868654 0.9823855 1.09673e-5 -0.4423334 0.8968507 0.5647804 -0.2823716 0.7754286 0.581485 -0.1648352 0.7966835 0.8999038 -0.1068691 0.4227911 0.5495303 -0.4014884 0.7326824 0.5495442 -0.401452 0.732692 -2.01259e-5 -0.6016932 0.7987274 -0.8923327 -0.0511257 -0.4484735 -0.9943268 -0.03433597 0.1006734 -0.9943041 -0.03508341 0.1006405 -0.8706601 -0.0549733 -0.4888037 -0.937155 -0.02518326 0.3480036 -0.9083078 -0.01794999 0.4179173 -0.4634039 -0.05869275 -0.8842014 -0.4718891 -0.06028467 -0.8795946 0.1740109 -0.04965776 -0.9834909 0.06129211 -0.05870771 -0.9963918 0.4865683 -0.03885173 -0.8727782 0.3125172 -0.05411392 -0.9483695 -0.3443069 0.02536004 0.9385146 -0.3925056 0.02290558 0.9194644 -0.5584232 0.0127266 0.8294586 -0.5304006 0.0144971 0.8476233 -0.7914206 -0.007606625 0.6112247 -0.7063338 0.001523435 0.7078773 -0.8254128 -0.01021027 0.5644376 -0.9955214 -0.0404703 0.08543533 -0.9953978 -0.0435127 0.08538198 -0.8735654 -0.06261008 -0.482663 -0.8686306 -0.06106001 -0.4916836 -0.5582477 0.01298332 0.8295727 -0.397675 0.02207934 0.9172607 -0.4919941 -0.06795841 -0.8679422 -0.4809894 -0.06941938 -0.8739738 0.03507828 -0.06230145 -0.9974408 0.04138559 -0.06782782 -0.9968384 0.5873507 -0.04342579 -0.8081668 0.5221998 -0.05209958 -0.8512303 0.8546277 -0.01833397 -0.5189175 0.8144834 -0.01835584 -0.5798966 0.9492907 7.65715e-4 -0.314399 0.8919554 -0.004579961 -0.4521003 0.7059878 -0.03278809 -0.7074646 0.8598423 -0.02058511 -0.5101445 0.9551784 -2.03375e-5 -0.2960306 -0.07933789 0.995652 -0.04881155 -0.079521 0.995631 -0.04894435 -0.07937037 0.9956475 -0.04885238 -0.07934331 0.9956427 -0.04899132 -0.07930713 0.9956388 -0.04913216 -0.07940047 0.9956417 -0.04892045 -0.07936847 0.9956436 -0.04893374 -0.07934725 0.9956505 -0.04882633 -0.07933694 0.9956447 -0.04896187 -0.07934629 0.9956506 -0.04882848 -0.0807479 0.9955372 -0.04884165 -0.079369 0.9956441 -0.04892289 -0.07934653 0.9956503 -0.04883331 -0.07924181 0.9956598 -0.04880934 -0.07940465 0.9956459 -0.04882985 -0.07942605 0.995642 -0.0488739 -0.07939839 0.995642 -0.04891818 -0.07922798 0.995665 -0.04872512 -0.07938587 0.9956464 -0.04884922 -0.07936662 0.9956474 -0.04886108 -0.07939225 0.9956445 -0.04887729 -0.07931834 0.995635 -0.04919093 -0.9422436 -0.03841614 -0.332718 -0.9232211 -0.04508537 -0.3816155 -0.6169075 -0.05657726 -0.7849995 -0.6538667 -0.05347287 -0.7547178 -0.9966812 -0.02821213 -0.07635909 -0.9906762 -0.03664243 -0.1312175 -0.2593063 -0.05798506 -0.9640529 -0.259166 -0.05789017 -0.9640964 0.1785012 -0.05416375 -0.9824478 0.1343175 -0.05575674 -0.9893685 0.6267967 -0.03970968 -0.7781703 0.5861063 -0.04637694 -0.8089058 -1.37436e-7 -0.05039578 -0.9987294 0 -0.06015831 -0.9981889 -0.5861065 -0.04637706 -0.8089057 -0.6270764 -0.03964328 -0.7779484 -0.1343159 -0.05575686 -0.9893687 -0.1785016 -0.05416405 -0.9824478 0.259306 -0.05798494 -0.964053 0.2591654 -0.05789011 -0.9640965 0.6538668 -0.05347275 -0.7547178 0.6169064 -0.0565772 -0.7850004 0.9422439 -0.03841584 -0.3327172 0.9232211 -0.04508519 -0.3816153 0.9966813 -0.02821189 -0.07635903 0.9906762 -0.03664225 -0.1312175 -0.02599036 0.9954739 -0.09141278 -0.02752 0.995385 -0.09193241 -0.0228967 0.9958119 -0.08851253 -0.02296894 0.9958155 -0.08845263 -0.02297115 0.9958154 -0.08845442 -0.02289485 0.9958115 -0.08851683 -0.02297073 0.9958153 -0.08845567 -0.02289485 0.9958118 -0.08851456 -0.02297639 0.9958156 -0.08845043 -0.02297586 0.9958155 -0.08845096 -0.02297383 0.9958154 -0.08845263 -0.02297258 0.9958154 -0.08845347 -0.02136164 0.9955717 -0.09154677 -1.48611e-5 0.9957991 -0.09156584 -0.02435982 0.9957777 -0.08850646 -0.02289795 0.9960758 -0.08549129 0.03060835 -0.9927696 0.1160683 0.03050863 -0.9927843 0.1159683 0.03044021 -0.9927931 0.1159115 0.03050935 -0.9927836 0.115974 0.03050833 -0.9927837 0.115974 0.03050839 -0.9927837 0.1159735 -1.9091e-5 -0.9932544 0.1159561 0.03057491 -0.992774 0.1160389 0.03050094 -0.9927844 0.1159697 0.03050839 -0.9927837 0.1159728 0.03060084 -0.9927694 0.1160715 0.03056949 -0.9927741 0.1160393 0.03050142 -0.992784 0.1159728 0.03046673 -0.9927887 0.1159417 -0.5594251 0.3253437 -0.7623616 -0.4701533 0.3238827 -0.8210091 -0.4700699 0.3239151 -0.8210441 -0.5598014 0.3249107 -0.7622699 -0.3784946 0.3243149 -0.8669267 -0.3796124 0.3247954 -0.8662578 -0.665229 0.3261751 -0.671625 -0.6654882 0.3254767 -0.6717071 -0.7630039 0.3251594 -0.558656 -0.7620794 0.3268095 -0.5589549 -0.8176397 0.3238146 -0.4760351 -0.8169682 0.3248326 -0.4764945 -0.8664597 0.3257829 -0.378303 -0.8658072 0.3270183 -0.3787308 -0.9127328 0.3251879 -0.2473291 -0.9123183 0.3265035 -0.2471252 -0.2443908 0.3253605 -0.9134625 -0.2445183 0.3256101 -0.9133394 -0.1082279 0.3174611 -0.942075 -0.1236864 0.3248807 -0.9376322 1.72917e-5 0.305562 -0.9521722 1.04681e-5 0.3204694 -0.9472589 -0.939621 0.3261283 -0.1036958 -0.939283 0.3270919 -0.1037229 -0.9462125 0.3235461 -2.24635e-5 -0.9457456 0.3249082 -1.53619e-5 2.43559e-5 -0.7188225 -0.6951936 1.75082e-5 -0.7188217 -0.6951946 -0.07335251 -0.7202989 -0.6897746 -0.07502955 -0.7202338 -0.6896622 -0.1784994 -0.7218285 -0.6686565 -0.178748 -0.7215114 -0.6689324 -0.2778961 -0.7206529 -0.6351639 -0.2780396 -0.7207601 -0.6349794 -0.3452096 -0.7201958 -0.6017877 -0.332596 -0.7191684 -0.610063 -0.3724606 -0.7192236 -0.5865071 -0.4102665 -0.7210873 -0.558314 -0.409079 -0.7215467 -0.5585919 -0.4870773 -0.7218316 -0.491645 -0.4872275 -0.7215359 -0.4919303 -0.5570926 -0.7227288 -0.4090366 -0.5582287 -0.7219814 -0.4088078 -0.5907012 -0.7189708 -0.3662691 -0.5995541 -0.719311 -0.3508941 -0.6027972 -0.7195196 -0.3448582 -0.6319026 -0.7235499 -0.2778035 -0.6332021 -0.7224496 -0.2777081 -0.6684952 -0.7215737 -0.1801263 -0.6681445 -0.7219328 -0.179989 -0.6863316 -0.7232831 -0.07622766 -0.6866651 -0.7229591 -0.07629781 -0.6945958 -0.7194002 2.63585e-5 -0.6940217 -0.7199541 3.2708e-6 -1.4353e-5 0.1787524 -0.9838942 -0.1051876 0.1786761 -0.9782692 -0.1054704 0.1789214 -0.9781939 1.23084e-5 0.1787492 -0.9838948 -0.254993 0.1797273 -0.950093 -0.2548836 0.1794984 -0.9501656 -0.3941446 0.1795157 -0.9013458 -0.394201 0.1790073 -0.9014223 -0.4645189 0.1786602 -0.8673539 -0.4810395 0.1786743 -0.8582986 -0.5280392 0.1781958 -0.8303136 -0.9011579 0.1805696 -0.3940929 -0.8576491 0.1792078 -0.4819987 -0.9013451 0.1800304 -0.3939113 -0.8525335 0.1784228 -0.4912762 -0.9497277 0.1794252 -0.2565617 -0.9496033 0.1801413 -0.2565205 -0.9779293 0.1796113 -0.1067436 -0.9777887 0.1804211 -0.1066662 -0.9840101 0.178113 4.31109e-6 -0.983809 0.1792207 3.93759e-6 -0.8361051 0.1785045 -0.5187143 -0.4514151 -0.4300037 -0.7818705 -0.3981788 -0.7396257 -0.5425934 -0.6397902 -0.4279469 -0.6383809 -0.4727256 -0.7436801 -0.4727265 -0.3739053 -0.5727097 -0.7295194 -0.4985868 -0.07517582 -0.8635739 -0.7050859 -0.07558822 -0.7050818 -0.5415552 -0.7396345 -0.3995733 -0.7815641 -0.4302895 -0.4516732 -0.7298741 -0.5693411 -0.3783313 -0.8533051 -0.4684506 -0.2289637 -0.8728886 -0.4276642 -0.2348806 -0.9628095 -0.07552915 -0.2594096 -0.8640654 -0.07556796 -0.497675 -0.2272233 -0.473506 -0.8509769 -0.2339456 -0.4277431 -0.8731009 -1.96472e-5 -0.4294265 -0.9031019 -9.77516e-6 -0.467076 -0.8842173 3.76254e-6 -0.07508587 -0.9971771 -0.258078 -0.07558786 -0.9631627 -0.9029534 -0.4297386 -1.84327e-5 -0.8868218 -0.4621117 -1.20923e-5 -0.9971769 -0.07508915 3.36987e-6 -0.2531999 -0.2036547 -0.945735 3.51667e-6 -0.2050546 -0.9787506 -0.2534982 -0.1902126 -0.9484503 1.94162e-5 -0.1969891 -0.9804058 -0.257577 -0.06989473 -0.9637265 1.88707e-6 -0.07169067 -0.997427 -0.4442091 -0.1556895 -0.882292 -0.29882 -0.200493 -0.9330109 -0.5854141 -0.06705796 -0.8079565 -0.9381228 -0.2394711 -0.2501589 -0.9757015 -0.2191047 1.60635e-5 -0.9403986 -0.2366153 -0.2442615 -0.9501221 -0.3118783 -1.64658e-5 -0.9364262 -0.2363983 -0.2592719 -0.9385421 -0.2128883 -0.2716935 -0.8499907 -0.1976251 -0.488324 -0.6685919 -0.2167609 -0.7113365 -0.7668152 -0.1323182 -0.6280814 -0.6180927 -0.1347091 -0.7744773 -0.9083903 -0.2068723 -0.3633608 -0.9738227 -0.1259228 -0.1892427 -0.979326 -0.1983489 0.03972882 -0.9573143 -0.07922446 0.2779803 -0.9577168 -0.1784182 0.2257115 -0.9247934 -0.06237262 0.3753224 -0.9577049 -0.2790672 0.07016408 -0.9491102 -0.2395506 0.2044638 -0.3007885 -0.2183368 -0.9283617 -0.6504788 -0.2962304 -0.6993746 -0.2822897 -0.3143293 -0.9063717 0.1190164 -0.2069059 -0.9710948 0.1541737 -0.2881339 -0.9450975 0.3065866 -0.1708107 -0.9363912 0.3842223 -0.07134479 -0.9204798 0.481593 -0.05238723 -0.8748279 0.2834882 -0.2191142 -0.9336078 -0.1083573 -0.1266833 -0.9860072 -0.8908236 -0.2958873 -0.344796 -0.5370799 0.6649924 -0.5189704 -0.4335819 0.6816651 -0.5893552 -0.453311 0.6742314 -0.5830276 -0.5230579 0.6545642 -0.5458537 -0.5816304 0.6434549 -0.4976667 -0.6010309 0.6487163 -0.4668286 -0.6089054 0.6542418 -0.4485554 -0.145051 -0.968686 -0.2015138 -0.173888 -0.9613431 -0.2135009 -0.1601397 -0.971649 -0.1739355 -0.146511 -0.9715244 -0.186212 -0.1678189 -0.9596104 -0.225798 -0.1724716 -0.9660662 -0.192275 -0.1617829 -0.9734745 -0.1617832 -0.5853909 -0.06707417 -0.807972 -0.705676 -0.06362026 -0.7056726 -0.8499966 -0.1976096 -0.4883201 -0.4441804 -0.1557013 -0.8823043 -0.7066923 -0.05799764 -0.7051399 -0.7066584 -0.05800265 -0.7051736 -0.9128762 -0.06487756 -0.4030485 -0.988825 -0.06492072 -0.1342033 -0.9903354 -0.0709486 -0.1191737 -0.9028753 -0.07091456 -0.4240133 -0.9077881 -0.06025993 -0.4150779 -0.9910924 -0.05955684 -0.1191174 -0.7003471 -0.0633136 -0.7109891 -0.6402511 -0.06707412 -0.7652319 -0.5263452 -0.06046956 -0.8481181 -0.5240962 -0.06291216 -0.8493323 -0.5610625 -0.0555523 -0.8259074 -0.6716198 -0.05870336 -0.7385668 -0.9862443 -0.06431186 0.1522698 -0.9763743 -0.07016587 0.2043773 -0.9480941 -0.06475019 0.3113276 -0.9469575 -0.06785631 0.3141131 -0.9486846 -0.05716818 0.3110136 -0.978374 -0.05875217 0.1983247 -0.1739519 -0.9613057 -0.2136172 -0.2149494 -0.961045 -0.1737508 -0.1572458 -0.9494257 -0.2717804 -0.2730512 -0.9488387 -0.158582 -0.2577784 -0.9609442 -0.1006807 -0.3160026 -0.9487584 9.54093e-6 -0.3160003 -0.9487592 1.07065e-5 4.72543e-5 -1 3.68803e-5 -0.09919935 -0.9614643 -0.2564098 4.88758e-6 -0.9483003 -0.3173744 5.73369e-6 -0.9483003 -0.3173746 -1.79276e-5 -1 -2.16035e-5 -0.7040493 -0.1038535 -0.7025163 -0.7041174 -0.1030945 -0.7025598 -0.7041162 -0.1030946 -0.702561 -0.7040503 -0.1038546 -0.7025151 -0.2574374 -0.1031393 -0.9607749 -1.69128e-5 -0.1067613 -0.9942847 -0.2576783 -0.1036488 -0.9606555 -2.06812e-5 -0.1067449 -0.9942865 -0.961023 -0.1037303 -0.2562712 -0.9942851 -0.1067585 -2.36636e-5 -0.9610705 -0.1029888 -0.2563923 -0.9942868 -0.1067419 1.97887e-5 -8.76314e-6 -1 1.31471e-5 -0.7278541 -0.6574133 -0.195029 -0.7276801 -0.6575243 -0.1953038 -0.7276797 -0.6575287 -0.19529 -0.7278729 -0.6573872 -0.195047 -0.7276803 -0.6575282 -0.19529 -0.761316 -0.6278598 -0.161834 -0.8242216 -0.5662676 2.09063e-5 -0.8860038 -0.4636781 0 -0.1250644 -0.8755623 -0.4666365 -0.05154448 -0.8812813 -0.4697728 -2.1655e-5 -0.8759353 -0.4824287 -9.87016e-6 -0.8658896 -0.5002352 -0.1283083 -0.8680645 -0.4795845 -0.189302 -0.8810484 -0.4334958 -0.2552989 -0.8704612 -0.4208562 -0.250135 -0.8659303 -0.433125 -0.3524401 -0.8675027 -0.3510342 -0.3524354 -0.8675023 -0.3510403 -0.4272936 -0.8661281 -0.2593116 -0.4150955 -0.8729019 -0.2563946 -0.4226896 -0.8869519 -0.1861455 -0.4578709 -0.8801808 -0.1250443 -0.4804869 -0.8671305 -0.1312136 -0.4561979 -0.8883661 -0.05185747 -0.4761244 -0.8793781 -2.03513e-5 -0.4990957 -0.8665469 5.32875e-6 -0.4376754 -0.8662541 -0.2409234 -0.2286726 -0.8657065 -0.4452654 -0.8223508 0.5248077 -0.2198098 -0.8543984 0.4874437 -0.180006 -0.8223611 0.5248695 -0.2196233 -0.8223565 0.524837 -0.2197175 -0.8223516 0.5248104 -0.2197996 -0.8223477 0.5247867 -0.2198712 -0.8223678 0.5249052 -0.219513 -0.822357 0.5248479 -0.21969 -0.8223568 0.5248451 -0.2196972 -0.8223528 0.5248122 -0.2197911 -0.9063047 0.4226248 1.3373e-5 -0.9522541 0.305307 0 -0.9658017 -1.45076e-6 -0.2592819 -0.9657765 4.61805e-7 -0.2593761 -0.9403972 -0.2366385 -0.2442448 -0.9364273 -0.2363888 -0.2592762 0.5614091 0.2822318 -0.7779236 0.5614091 0.2822318 -0.7779236 -0.3648152 0.2982943 0.8820037 0.5322918 0.8343411 0.1433194 0.5322728 0.834361 0.1432743 0.5323418 0.834289 0.1434367 0.532292 0.8343408 0.1433203 -0.5112586 0.7234187 -0.4639829 -0.5019253 0.7280228 -0.4669623 -0.5156159 0.7204331 -0.4638065 -0.5160796 0.7218259 -0.4611175 -0.5173511 0.7130932 -0.4731237 -0.5078087 0.720034 -0.4729498 -0.494453 0.7210879 -0.4853335 -0.433622 0.7140004 -0.549705 -0.4147399 0.7136695 -0.5645057 -0.5214826 0.7042378 -0.4817727 -0.5290516 0.6899991 -0.4939695 -0.5401601 0.6897124 -0.4822074 -0.5847698 0.6776809 -0.4458621 -0.5937364 0.6761587 -0.4362185 -0.7415404 0.1884481 -0.6438984 -0.793141 0.1773114 -0.582656 -0.694674 0.1809213 -0.6962009 -0.6922616 0.1818293 -0.6983637 -0.6325416 0.1785046 -0.7536758 -0.5789219 0.1797466 -0.7953243 -0.837089 0.1738697 -0.5187019 -0.5284318 0.1744707 -0.8308548 -0.07932168 0.9956494 -0.04889273 -0.07949435 0.9956182 -0.04924756 -0.08233129 0.9952561 -0.05183434 -0.07936781 0.9951568 -0.05799669 -0.07944953 0.9956417 -0.04884284 -0.07783776 0.9956164 -0.05186057 -0.0793479 0.9956502 -0.04883432 -0.08085477 0.9956765 -0.04572647 -0.08075439 0.9955353 -0.04886835 -0.07934588 0.9956506 -0.04882955 -0.07935142 0.9956504 -0.04882299 -0.07782816 0.9957702 -0.04883241 -0.02441012 0.9952208 -0.09455126 -0.02749782 0.9954134 -0.09163004 -0.03201371 0.9955591 -0.08852851 -0.02275186 0.9952449 -0.09471023 -0.02443057 0.9954969 -0.09159302 -0.024423 0.9952148 -0.09461057 -0.02608531 0.9951669 -0.09466987 -0.0167967 0.9953804 -0.09452998 0.030469 -0.9927892 0.1159366 0.03050655 -0.9927832 0.1159783 0.03057771 -0.9927735 0.1160426 0.03064292 -0.992765 0.1160979 0.0305652 -0.9927759 0.116025 0.03044843 -0.9927963 0.1158813 0.0306158 -0.9927734 0.1160334 -0.1632184 0.9611504 -0.2225978 -0.1449425 0.9564624 -0.2533208 -0.1508992 0.9530741 -0.2624486 -0.2044209 0.9572975 -0.2044354 -0.2121219 0.9536259 -0.2135462 -0.218213 0.9624375 -0.161546 -0.2502328 0.9570392 -0.1464906 -0.2609881 0.9531976 -0.1526425 -0.2455917 0.9634468 -0.1070287 -0.2762112 0.9582912 -0.07338553 -0.2899954 0.9537367 -0.07930326 -0.2639959 0.9640408 -0.03052085 -0.1114333 0.9609159 -0.2534232 -0.07626557 0.9558908 -0.2836483 -0.07782828 0.9538812 -0.28992 -0.03664779 0.9590327 -0.2809152 3.38443e-6 0.9561048 -0.2930254 -1.02617e-5 0.9542101 -0.2991374 -0.2868932 0.9579626 1.69116e-5 -0.3021173 0.9532708 -3.38815e-6 0.7961693 0.5536773 0.2440409 0.8570752 0.5150521 -0.01198077 0.8564646 0.5160608 -0.01223039 0.7964262 0.5546057 0.2410767 0.7964264 0.554609 0.2410684 0.5231325 0.5757724 0.6283461 0.7961815 0.5536529 0.2440565 0.522815 0.5757907 0.6285933 0.2119553 0.5755867 0.7897943 0.2121191 0.5756328 0.7897166 -0.1328988 0.5764979 0.8062184 -0.1329224 0.5758863 0.8066516 -0.5543786 0.555149 0.6200597 -0.5533397 0.5540915 0.6219308 -0.5543992 0.5551502 0.6200402 -0.7338451 0.5180081 0.439476 -0.7331886 0.5185579 0.4399229 -0.5533286 0.5541074 0.6219264 -0.2350336 0.4082738 -0.8820837 -0.1634092 0.4078384 -0.8983125 -0.1634061 0.4078311 -0.8983165 -0.2350187 0.4082208 -0.8821123 -0.3059552 0.4072434 -0.8605487 -0.3062942 0.4072815 -0.8604102 -0.3845127 -0.06245964 -0.9210043 -0.4908209 -0.06365269 -0.8689323 -0.4908286 -0.06324434 -0.8689578 -0.3829009 -0.06243544 -0.9216771 0.3188929 -0.4226557 -0.8483334 0.07025176 -0.4467225 -0.8919102 0.08073347 -0.4426512 -0.8930522 0.3189802 -0.4220175 -0.8486182 -0.4196678 -0.4523864 -0.7869088 -0.4132285 -0.4482814 -0.7926449 -0.7829644 -0.4463487 -0.4332895 -0.782388 -0.444626 -0.4360927 -0.8935769 -0.4360238 0.1067882 -0.8959188 -0.4296392 0.1128715 -0.8229908 -0.4091749 0.3940331 -0.8230182 -0.4207029 0.3816413 -0.8856664 -0.05406314 -0.4611639 -0.8856858 -0.05406141 -0.4611272 -0.8875167 -0.05419516 -0.4575773 -0.8875412 -0.05415785 -0.4575344 1.7855e-6 -1 -1.02856e-6 1.78957e-6 -1 2.13045e-6 0 -1 -1.11324e-6 0 -1 3.14093e-6 1.7893e-6 -1 4.29154e-6 1.78508e-6 -1 -2.41066e-6 0 -1 3.85007e-6 0 -1 -3.39877e-7 0 -1 -1.52965e-6 0 -1 1.48565e-6 0 -1 -7.30907e-7 0 -1 -2.00233e-6 0 -1 2.53851e-6 0 -1 1.13904e-6 0 -1 7.30061e-7 0 -1 2.80781e-6 0 -1 3.09019e-6 0 -1 -7.90752e-6 0 -1 9.08877e-7 0 -1 6.75538e-7 0 -1 -2.44126e-6 0 -1 9.85773e-7 0 -1 1.58469e-6 0 -1 1.85198e-6 0 -1 1.1034e-6 0 -1 3.69696e-6 0 -1 -2.67881e-7 0 -1 -9.10883e-7 0 -1 -6.58345e-6 0 -1 3.88617e-6 0 -1 2.7264e-6 -0.4199158 0.6168815 -0.6656786 -0.02293425 0.649392 -0.7601081 -0.02284103 0.649838 -0.7597295 -0.4209122 0.6169567 -0.6649793 0.3572545 0.6791105 -0.6412318 0.3584393 0.6785414 -0.6411731 0.592127 0.7081324 -0.3846221 0.590139 0.70832 -0.3873227 0.6786603 0.7304908 -0.07618087 0.6776663 0.7310777 -0.07933378 0.5891739 0.7517658 0.2961797 0.5888181 0.7511204 0.2985155 0.2748389 0.7402219 0.6136246 0.2734951 0.7402471 0.6141944 -0.07785648 0.7079885 0.7019194 -0.07629418 0.7080886 0.7019898 -0.3905304 0.681136 0.619306 -0.3932861 0.6799796 0.6188327 -0.6626651 0.6496434 0.3726103 -0.6637217 0.6486421 0.3724742 -0.7799668 0.6257001 -0.01229739 -0.7798913 0.625795 -0.01226264 -0.6855642 0.608262 -0.4000238 -0.6857983 0.607882 -0.4002002 0.753878 -0.493719 -0.4334853 0.8695178 -0.4939016 8.75579e-5 0.7539011 -0.493714 -0.4334512 0.8695207 -0.4938966 8.37793e-5 0.4346587 -0.493294 -0.7534806 0.4346703 -0.4934234 -0.753389 -1.84376e-7 -0.4935884 -0.8696957 -1.01705e-6 -0.493592 -0.8696936 -0.4346687 -0.4934125 -0.7533972 -0.4346774 -0.4935171 -0.7533237 -0.7532221 -0.4942258 -0.4340476 -0.7532231 -0.4942309 -0.4340401 -0.8695184 -0.4939005 -1.76156e-4 -0.8695229 -0.4938927 -1.71963e-4 -0.7522435 -0.4936131 0.4364353 -0.7522711 -0.4936304 0.4363685 -0.4346218 -0.4934648 0.7533901 -0.4347167 -0.4932892 0.7534503 3.33904e-5 -0.4938988 0.8695194 3.22853e-5 -0.4939171 0.8695091 0.4346565 -0.4933562 0.7534411 0.4346728 -0.4934083 0.7533975 0.7538622 -0.4937365 0.4334928 0.7538681 -0.4937209 0.4335005 -0.1787589 -0.7241023 -0.666124 -0.1787714 -0.7240693 -0.6661565 -0.1787595 -0.7241026 -0.6661236 -0.1787334 -0.7241684 -0.6660589 -0.6302597 -0.6011775 0.4912825 -0.6301555 -0.6012074 0.4913796 -0.4686133 -0.5945707 0.6533662 -0.4686164 -0.5945734 0.6533614 -0.09463155 -0.5580512 0.824393 -0.09467083 -0.5579758 0.8244395 0.2179277 -0.5422276 0.8114781 0.2184197 -0.5422204 0.8113507 0.4992008 -0.5585998 0.6623933 0.4990886 -0.5586447 0.66244 0.7376329 -0.5975492 0.314377 0.7376303 -0.5975495 0.3143823 0.7920892 -0.604436 0.08515828 0.7920945 -0.6044091 0.08529883 0 -1 -5.86478e-6 0 -1 -7.94286e-6 0 -1 -2.94068e-6 0 -1 -8.5605e-7 0 -1 -2.82654e-6 0 -1 -4.0304e-6 0.3753844 -0.66073 0.6500173 0.6500319 -0.6607224 0.3753725 0.681025 -0.6230207 0.3847728 0.386081 -0.6226454 0.6806278 2.07573e-5 -0.6350703 0.7724544 9.33697e-6 -0.656553 0.7542799 0.7724523 -0.6350728 -9.88459e-6 0.7542781 -0.6565552 -1.21891e-5 0.5984215 -0.5327174 0.5984179 0.5984318 -0.5326916 0.5984305 0.8176411 -0.5322293 0.2195339 0.2195802 -0.5322692 0.8176026 -0.9708542 -0.1022766 -0.2167527 -0.996302 -0.08318924 -0.02149134 -0.9960098 -0.08390331 -0.03041023 -0.9694613 -0.1022886 -0.2228944 -0.2307201 -0.09167134 -0.9686922 -0.2199044 -0.09164059 -0.9712076 -0.02138388 -0.09462356 -0.9952834 -0.02899801 -0.09462797 -0.9950903 -0.7311674 -0.1022288 -0.6744951 -0.8523299 -0.0832526 -0.516336 -0.8487687 -0.08395802 -0.5220564 -0.728073 -0.1023187 -0.6778205 -0.6840159 -0.09159582 -0.7236936 -0.6753755 -0.09148287 -0.7317779 -0.5168985 -0.09452676 -0.8508117 -0.5215845 -0.09456455 -0.847943 -0.3157235 -0.7672389 0.5582681 -0.2610343 -0.8060001 0.5312485 -0.146359 -0.8690223 0.4726302 -0.2105417 -0.8360969 0.5065712 0.589289 -0.7756433 -0.2260888 0.5433887 -0.805944 -0.2349112 0.4916545 -0.8366792 -0.2413376 0.438196 -0.8641831 -0.2473297 -0.3616641 -0.8697722 0.3357012 -0.4351028 -0.8366121 0.3328151 -0.5521416 -0.7672024 0.3264051 -0.4915469 -0.8060109 0.3297396 0.2550399 -0.8642095 -0.433701 0.3053141 -0.8365613 -0.4549161 0.3538399 -0.8052005 -0.4758672 0.3967028 -0.7753679 -0.4913569 -0.6860624 0.2500064 -0.6832388 -0.5729535 0.2507945 -0.7802734 -0.5730201 0.2507566 -0.7802366 -0.6829629 0.2503085 -0.6862269 -0.7815371 0.2439095 -0.5742021 -0.7817034 0.2441943 -0.5738545 0.7194535 0.3569811 -0.5957778 0.7194597 0.3570991 -0.5956996 0.794306 0.3536921 -0.4939432 0.9136007 0.3275061 -0.2409849 0.943622 0.3076694 -0.1221364 0.7942991 0.3536916 -0.4939548 0.9135889 0.3275349 -0.2409903 0.9436488 0.3076633 -0.1219444 0.6947585 0.1801305 0.6963215 0.6947516 0.1801475 0.6963239 0.6947544 0.1801408 0.696323 0.6947604 0.1801258 0.6963208 -0.2576097 0.3295224 0.908324 -0.2575342 0.3296003 0.9083171 -0.3765469 0.3449059 0.8597979 -0.606563 0.3574007 0.7101733 -0.7003393 0.3543841 0.6196263 -0.6065743 0.3573825 0.7101728 -0.3765511 0.344936 0.859784 -0.7003872 0.3542398 0.6196546 -0.9049594 -0.3567135 -0.231957 -0.9368312 -0.3497817 1.72108e-5 -0.98887 0.1487823 7.51019e-6 -0.9552338 0.1304765 -0.2655263 -0.831402 -0.01831269 -0.5553696 -0.8434551 -0.3298206 -0.4240304 -0.8776569 0.1415554 -0.4579088 -0.5932036 0.007158577 -0.8050207 -0.6275306 0.2359037 -0.7419939 -0.5913439 -0.3116781 -0.7437535 -0.4624273 0.05151933 -0.8851593 -0.4874258 -0.3621281 -0.794531 -0.5905112 -0.72819 -0.3479022 -0.6734988 0.4069442 -0.6170867 -0.4974082 0.2819056 -0.8204355 -0.5415045 0.5220587 -0.6589595 -0.7199811 0.5716336 -0.3935254 -0.7199769 0.5716289 -0.39354 -0.7829713 0.5830538 -0.2168049 -0.6043342 0.7774974 -0.1740061 -0.5933173 0.6745355 -0.439291 -0.6121385 0.7907506 1.17931e-5 -0.7992676 0.6009754 -1.05724e-5 -0.4957633 -0.7162027 -0.491195 -0.5933222 0.6745556 -0.4392536 -0.4624212 0.05153381 -0.8851615 -0.625665 -0.7637786 -0.1587006 -0.4210931 -0.9070175 -1.52141e-5 -0.6608554 -0.7505133 -1.40667e-5 -0.4134235 -0.9038892 -0.1098417 -0.5904999 -0.7282145 -0.3478702 -0.4957696 -0.7162064 -0.4911833 -0.5431249 -0.7136256 -0.4424408 -0.6641364 -0.7370511 -0.1252143 -0.6575064 -0.7444744 -0.1159449 -0.590206 -0.7396674 -0.3233406 -0.4642241 -0.7525778 -0.4670362 -0.5218164 -0.6748214 -0.5218465 -0.4368074 -0.716674 -0.5436707 -0.3064272 -0.7433961 -0.5945291 -0.1203962 -0.7366585 -0.6654616 -0.113008 -0.7429574 -0.65973 -0.5717195 -0.6334623 -0.5214043 -0.5688203 -0.5955162 -0.5672777 -0.5120727 -0.6141875 -0.6004626 -0.6966887 0.1360663 -0.7043514 -0.6926674 0.1777971 -0.6989993 -0.6016246 0.08476132 -0.7942692 -0.5900517 0.06098723 -0.8050588 -0.7945796 0.06406438 -0.6037706 -0.8053453 0.03644675 -0.5916846 -0.9837692 -0.1315528 0.1220337 -0.9901052 -0.1088818 0.08852523 -0.9906447 -0.1064939 0.08533513 -0.9826176 -0.1342708 0.1281962 0.122236 -0.1287515 -0.9841146 0.08095318 -0.1172077 -0.9898025 0.07468426 -0.1154258 -0.9905045 0.1174015 -0.1269615 -0.9849354 0.00916326 -0.9948726 0.1007208 -0.9973069 -0.001339673 0.07333016 0.009169578 -0.9948731 0.1007157 -0.9973146 -0.001535177 0.07322067 0.9949173 -0.001331388 -0.1006865 0.9949146 -0.001543343 -0.1007105 -0.01058924 0.9920935 -0.125054 -0.01054894 0.9920952 -0.1250439 0.9949125 -0.001537621 -0.1007311 0.994915 -0.001357674 -0.1007088 -0.08687353 -0.1131431 -0.9897736 -0.08652973 -0.1131427 -0.9898037 -0.08700299 -0.1132022 -0.9897555 -0.08571231 -0.1132076 -0.9898674 0.01843816 -0.9760409 0.2168048 -0.9968432 0.05077368 0.06103926 0.01841521 -0.9760379 0.2168204 -0.9948263 -0.05495619 0.08544349 0.9945645 -0.05514538 -0.08832031 0.9922859 0.05077004 -0.1130977 -0.02137267 0.9695062 -0.2441332 -0.02153855 0.9695041 -0.244127 -0.996841 0.05077803 0.06107205 -0.9948236 -0.05493098 0.08549052 -0.087098 -0.1130404 -0.9897655 -0.08706498 -0.11303 -0.9897696 -0.08706498 -0.11303 -0.9897696 -0.0869823 -0.1130241 -0.9897776 -0.9954697 -0.04733467 0.08246016 0.02443504 -0.9603274 0.2778025 0.02443152 -0.9603083 0.2778692 -0.9975472 0.03926444 0.0579499 0.9946923 -0.04730671 -0.09137493 0.9924638 0.03932231 -0.1160579 -0.02741366 0.9497461 -0.311819 -0.02739292 0.9498382 -0.3115398 -0.9975436 0.03929358 0.05799001 -0.9954674 -0.04732292 0.08249384 -0.08562982 -0.1993144 -0.9761871 -0.08536905 -0.1993172 -0.9762094 -0.08536905 -0.1993172 -0.9762095 -0.08510833 -0.19932 -0.9762316 -0.9879382 -0.08210283 0.1312909 0.01975274 -0.9290348 0.3694649 0.04880505 -0.9292476 0.3662199 -0.9943796 0.08655178 0.06097579 0.9896734 -0.09872239 -0.1039253 0.9822906 0.06978899 -0.1738813 -0.05189472 0.9111512 -0.4087916 -0.02441656 0.910875 -0.4119594 -0.9943754 0.08656454 0.06102514 -0.987931 -0.08206248 0.13137 -0.08567225 -0.1991634 -0.9762143 -0.08532387 -0.1991638 -0.9762446 -0.08532387 -0.1991638 -0.9762447 -0.08530181 -0.1990868 -0.9762623 -0.9974462 -0.07142162 0 -0.9974463 -0.0714218 0 -0.9978345 -0.06577557 0 -0.9978345 -0.06577616 0 -0.9981706 -0.0604614 0 -0.9981908 -0.06012642 0 -0.7959867 -0.1647177 -0.5824717 -0.4228171 -0.1068776 -0.8998906 -0.7754276 -0.2823634 -0.5647858 -0.7326847 -0.4014666 -0.5495433 -0.9823855 -0.1868661 -9.58274e-6 -0.8968498 -0.4423354 1.0401e-5 -0.7326925 -0.4014679 -0.5495318 -0.7987254 -0.6016957 1.49012e-7 -0.5647817 -0.2823712 -0.7754278 -0.5814844 -0.1648372 -0.7966836 1.52886e-5 -0.1868646 -0.9823857 -1.02222e-5 -0.4423334 -0.8968507 -0.8994647 -0.1067378 -0.4237575 -0.5495263 -0.4014891 -0.7326851 -0.5495436 -0.4014527 -0.7326921 -3.31293e-6 -0.6009891 -0.7992572 0.9943042 -0.03508329 0.1006402 0.994327 -0.03433579 0.1006731 0.892333 -0.05112546 -0.4484732 0.8706598 -0.05497324 -0.488804 0.9371551 -0.02518308 0.348003 0.9083077 -0.01794975 0.4179174 0.4634047 -0.05869257 -0.8842009 0.4718405 -0.06037527 -0.8796144 -0.1740103 -0.04965788 -0.9834911 -0.06129217 -0.05870765 -0.9963919 -0.4865679 -0.03885191 -0.8727785 -0.3125173 -0.05411386 -0.9483696 0.5580907 0.01303434 0.8296775 0.344307 0.02536004 0.9385146 0.5304004 0.0144971 0.8476234 0.3925485 0.02291589 0.9194459 0.791421 -0.007606446 0.6112241 0.7063332 0.001523494 0.7078779 0.8254129 -0.01021021 0.5644374 0.9955214 -0.04047012 0.0854355 0.9953932 -0.04351103 0.08543598 0.8735656 -0.0626102 -0.4826628 0.8686565 -0.06106364 -0.4916373 0.5582481 0.0129835 0.8295726 0.3978879 0.02249634 0.9171582 0.491994 -0.06795859 -0.8679421 0.4809898 -0.06941938 -0.8739736 -0.0350793 -0.06230157 -0.9974407 -0.04138487 -0.0678277 -0.9968384 -0.5874328 -0.04340893 -0.808108 -0.522199 -0.05209952 -0.8512308 -0.8546276 -0.01833444 -0.5189175 -0.8144832 -0.01835596 -0.5798966 -0.9492906 7.65218e-4 -0.314399 -0.8919553 -0.00458014 -0.4521004 -0.7059877 -0.03278809 -0.7074647 -0.8598419 -0.02058577 -0.5101453 -0.9551875 1.64625e-5 -0.2960014 0.07952058 0.995631 -0.04894506 0.07933735 0.9956521 -0.04881173 0.07936996 0.9956475 -0.04885232 0.07934319 0.9956427 -0.04899221 0.07935088 0.9956516 -0.04879897 0.07940077 0.9956417 -0.04892039 0.07936871 0.9956436 -0.04893279 0.07932591 0.9956477 -0.04892039 0.07933717 0.9956447 -0.04896229 0.07942789 0.9956416 -0.04887849 0.08027553 0.9955717 -0.04891723 0.07934755 0.9956504 -0.04882967 0.07934987 0.9956524 -0.04878526 0.07924181 0.9956598 -0.0488097 0.07940447 0.9956458 -0.04883033 0.07942515 0.995642 -0.04887378 0.07939761 0.9956421 -0.0489183 0.07922703 0.9956651 -0.04872566 0.07938528 0.9956464 -0.04885011 0.0794149 0.9956395 -0.04894274 0.07926189 0.9956617 -0.04873746 0.07931786 0.9956349 -0.04919266 0.02297192 0.9958155 -0.08845281 0.0274282 0.9954438 -0.09132021 0.02599078 0.9954739 -0.09141284 0.02311801 0.9958228 -0.08833277 0.02297121 0.9958153 -0.088454 0.02289432 0.9958118 -0.0885148 0.02297115 0.9958153 -0.08845496 0.02304553 0.995819 -0.08839493 0.02305084 0.9958193 -0.08838993 0.02297484 0.9958157 -0.08844989 0.02289813 0.9958119 -0.08851188 0.02289718 0.9958119 -0.08851271 0.02136152 0.9955715 -0.09154832 1.47866e-5 0.995799 -0.09156715 0.02435946 0.9957776 -0.08850812 0.0228976 0.9960758 -0.08549261 -0.03043943 -0.9927929 0.1159136 -0.03057771 -0.992774 0.1160383 -0.03060829 -0.992769 0.1160728 -0.03050887 -0.9927835 0.1159748 -0.03047317 -0.9927884 0.1159415 -0.03050792 -0.9927837 0.1159735 1.90567e-5 -0.993254 0.1159593 -0.03057503 -0.9927736 0.1160427 -0.03050142 -0.9927845 0.1159682 -0.03047603 -0.9927889 0.1159379 -0.03056645 -0.9927744 0.1160374 -0.03060495 -0.9927693 0.1160714 -0.03057211 -0.992774 0.1160395 -0.03057241 -0.992774 0.1160401 0.4700699 0.3239151 -0.8210442 0.4701533 0.3238829 -0.821009 0.5594251 0.3253442 -0.7623615 0.5597074 0.3248493 -0.7623652 0.3784945 0.3243148 -0.8669266 0.3796124 0.3247956 -0.8662577 0.6652292 0.3261754 -0.6716248 0.6654882 0.3254766 -0.6717072 0.7630039 0.3251596 -0.5586559 0.7620583 0.3268541 -0.5589576 0.8176397 0.3238142 -0.4760356 0.8169472 0.3247324 -0.4765985 0.8664849 0.3256897 -0.3783255 0.8658073 0.3270182 -0.3787306 0.9127329 0.3251877 -0.2473291 0.9123199 0.3264709 -0.2471626 0.2447203 0.3253962 -0.9133615 0.244602 0.3255573 -0.9133359 0.1082279 0.3174616 -0.9420748 0.1236863 0.3248803 -0.9376324 -1.72891e-5 0.3055622 -0.9521721 -1.08129e-5 0.3204681 -0.9472593 0.9396213 0.3261275 -0.1036956 0.9392951 0.327071 -0.1036794 0.9462144 0.3235404 2.54039e-5 0.9457457 0.3249083 -1.47726e-5 0.07345014 -0.7202943 -0.6897689 -1.74101e-5 -0.718825 -0.6951912 -2.43105e-5 -0.7188234 -0.6951928 0.07502955 -0.720233 -0.6896631 0.1787833 -0.7216621 -0.6687604 0.178817 -0.7214551 -0.6689746 0.2778961 -0.720653 -0.6351639 0.2779479 -0.7207934 -0.6349818 0.3452098 -0.7201958 -0.6017875 0.3325945 -0.7191719 -0.6100596 0.3724613 -0.7192234 -0.586507 0.4102671 -0.7210872 -0.5583139 0.4089971 -0.7215523 -0.5586445 0.4870772 -0.7218323 -0.491644 0.4872163 -0.7215967 -0.4918522 0.5571373 -0.7226623 -0.4090932 0.5582662 -0.7219495 -0.4088128 0.5907086 -0.7189455 -0.3663071 0.5995617 -0.7193274 -0.3508474 0.6027981 -0.7195184 -0.3448593 0.6319026 -0.72355 -0.2778032 0.633194 -0.7224734 -0.2776646 0.6684335 -0.7216149 -0.1801905 0.6681445 -0.7219327 -0.1799895 0.6863322 -0.7232825 -0.07622772 0.6867012 -0.7229247 -0.07629954 0.6945927 -0.7194033 -1.96807e-5 0.6940228 -0.7199531 4.05758e-6 1.43461e-5 0.1787524 -0.9838941 -1.23068e-5 0.1787492 -0.9838948 0.1052048 0.1787141 -0.9782603 0.1051877 0.1786762 -0.9782691 0.2549928 0.1797271 -0.9500932 0.2548837 0.1794986 -0.9501656 0.3941445 0.1795156 -0.9013458 0.394201 0.1790075 -0.9014221 0.464519 0.1786603 -0.8673539 0.4810801 0.1786851 -0.8582736 0.5280392 0.1781957 -0.8303138 0.8576002 0.1792426 -0.4820728 0.9011581 0.1805698 -0.3940922 0.9014881 0.180001 -0.3935974 0.8525333 0.1784226 -0.4912765 0.9497127 0.1794406 -0.2566064 0.9496032 0.1801415 -0.2565206 0.9779109 0.1796618 -0.1068276 0.9777886 0.1804214 -0.1066662 0.9840101 0.1781131 3.93066e-6 0.9838088 0.1792213 3.53716e-6 0.8361052 0.1785041 -0.5187143 0.6397906 -0.4279455 -0.6383813 0.3980424 -0.7394648 -0.5429126 0.4514152 -0.4300034 -0.7818706 0.4729127 -0.7434436 -0.4729115 0.3739053 -0.5727094 -0.7295197 0.498587 -0.0751757 -0.8635739 0.7050859 -0.07558864 -0.7050818 0.5415558 -0.7396335 -0.3995744 0.7815645 -0.4302891 -0.4516728 0.7298751 -0.5693404 -0.3783306 0.8533053 -0.4684503 -0.2289638 0.8729014 -0.4276683 -0.2348259 0.9628489 -0.07553583 -0.2592615 0.8639987 -0.07551532 -0.4977989 0.2272233 -0.4735056 -0.8509771 0.2339456 -0.4277427 -0.8731011 1.97738e-5 -0.4294267 -0.9031018 9.93162e-6 -0.4670762 -0.8842171 -3.69942e-6 -0.07508593 -0.9971771 0.258078 -0.0755878 -0.9631626 0.9029538 -0.4297379 -1.82539e-5 0.8868221 -0.4621111 -1.19656e-5 0.9971768 -0.07508867 3.34531e-6 0.2531996 -0.2036546 -0.9457351 -3.53158e-6 -0.2050545 -0.9787507 0.2534982 -0.1902126 -0.9484503 -1.93268e-5 -0.1969892 -0.9804058 0.2575771 -0.06989473 -0.9637266 -1.87755e-6 -0.07169073 -0.997427 0.4442093 -0.1556892 -0.8822919 0.2988198 -0.2004927 -0.933011 0.5854144 -0.06705796 -0.8079563 0.9757014 -0.2191046 1.60486e-5 0.9381228 -0.2394711 -0.2501589 0.9403989 -0.2366146 -0.2442611 0.9501221 -0.3118782 -1.62754e-5 0.9364264 -0.2363981 -0.2592712 0.9385421 -0.2128883 -0.2716935 0.8499908 -0.1976249 -0.488324 0.7668153 -0.1323181 -0.6280815 0.6685574 -0.2167915 -0.7113596 0.6177242 -0.1346032 -0.7747896 0.9083903 -0.2068723 -0.3633608 0.9738334 -0.1259189 -0.1891901 0.979326 -0.1983488 0.03972882 0.9573141 -0.07922416 0.2779809 0.9577167 -0.1784181 0.2257116 0.9248116 -0.06237053 0.3752781 0.9577006 -0.279093 0.07011979 0.9491103 -0.2395505 0.2044633 0.3008219 -0.2183735 -0.9283422 0.6505137 -0.2962415 -0.6993375 0.28229 -0.3143292 -0.9063717 -0.1190169 -0.206906 -0.9710947 -0.1541746 -0.288134 -0.9450973 -0.3063985 -0.1708076 -0.9364533 -0.3841028 -0.07127118 -0.9205354 -0.4818814 -0.05244082 -0.8746658 -0.2835968 -0.2190207 -0.9335968 0.1083579 -0.1266832 -0.9860071 0.89083 -0.2959175 -0.3447533 0.4336082 0.6817153 -0.5892778 0.5370795 0.6649925 -0.5189708 0.4532713 0.6742308 -0.5830593 0.5230311 0.6545508 -0.5458955 0.5816162 0.6434354 -0.4977082 0.6010302 0.6487177 -0.4668276 0.608905 0.6542418 -0.4485561 0.1450512 -0.9686859 -0.2015137 0.1465112 -0.9715244 -0.1862122 0.1601399 -0.971649 -0.1739355 0.1738881 -0.961343 -0.2135008 0.1678187 -0.9596104 -0.2257979 0.1724718 -0.9660662 -0.1922751 0.1617832 -0.9734745 -0.1617832 0.705676 -0.06361997 -0.7056728 0.5853909 -0.06707715 -0.8079717 0.8499966 -0.197609 -0.4883201 0.4441805 -0.1557015 -0.8823043 0.7066923 -0.05799752 -0.7051399 0.7066584 -0.05800259 -0.7051735 0.9888312 -0.06498289 -0.134128 0.912856 -0.06487482 -0.4030945 0.9903354 -0.07094728 -0.119174 0.9028959 -0.0709241 -0.4239678 0.9078294 -0.06026875 -0.4149863 0.9910869 -0.05954962 -0.119167 0.7003471 -0.06331342 -0.7109891 0.6402905 -0.06707662 -0.7651985 0.5263451 -0.06046915 -0.8481181 0.5240964 -0.06291186 -0.8493323 0.5610625 -0.05555212 -0.8259074 0.6714766 -0.05877381 -0.7386914 0.9862443 -0.06431144 0.1522705 0.9763744 -0.07016468 0.2043769 0.9480938 -0.06475001 0.3113287 0.9470037 -0.06784391 0.3139767 0.9486694 -0.05717766 0.311058 0.9783739 -0.05875205 0.1983247 0.2149493 -0.9610447 -0.1737524 0.1739326 -0.9612987 -0.2136639 0.1572322 -0.9494409 -0.2717352 0.2730513 -0.9488388 -0.1585819 0.2577676 -0.9609572 -0.100584 0.3160026 -0.9487584 8.77678e-6 0.3160003 -0.9487591 7.64895e-6 -1.30082e-4 -1 8.51712e-5 0.09919899 -0.9614768 -0.256363 -4.87175e-6 -0.9483005 -0.3173739 -5.7295e-6 -0.9483003 -0.3173747 7.13921e-5 -1 -1.01461e-4 0.7040506 -0.1038545 -0.7025149 0.7040494 -0.1038534 -0.7025161 0.7041171 -0.1030943 -0.7025601 0.7041159 -0.1030944 -0.7025613 0.2576783 -0.1036487 -0.9606555 1.68381e-5 -0.1067614 -0.9942848 0.2574374 -0.1031392 -0.9607749 2.06679e-5 -0.1067449 -0.9942865 0.9942868 -0.1067417 1.98088e-5 0.961014 -0.1037089 -0.2563132 0.9942851 -0.1067584 -2.35289e-5 0.9610705 -0.1029887 -0.2563921 0 -1 3.28657e-6 8.76314e-6 -1 1.0682e-5 0.727838 -0.6574331 -0.1950221 0.7276088 -0.6575723 -0.1954076 0.7276794 -0.6575291 -0.1952901 0.7276013 -0.6575868 -0.1953867 0.7276055 -0.6575774 -0.1954028 0.7613162 -0.6278595 -0.1618342 0.8242214 -0.5662677 2.06472e-5 0.8860038 -0.4636781 0 0.05166679 -0.8812371 -0.4698423 0.125072 -0.8755146 -0.4667239 2.16179e-5 -0.8759333 -0.4824323 9.78343e-6 -0.8658875 -0.5002389 0.128293 -0.8680884 -0.479545 0.1893019 -0.8810482 -0.4334964 0.2549964 -0.8704705 -0.4210205 0.2501201 -0.8659126 -0.4331691 0.3524407 -0.8675047 -0.3510288 0.352436 -0.8675045 -0.3510339 0.4273338 -0.8660406 -0.2595372 0.4151059 -0.8728829 -0.2564425 0.4227019 -0.8869556 -0.1860993 0.4578537 -0.8801832 -0.125091 0.4804738 -0.8671445 -0.1311695 0.4561944 -0.8883765 -0.05171114 0.4761241 -0.8793781 -2.07056e-5 0.4990956 -0.8665469 4.33903e-6 0.4376782 -0.8662511 -0.2409292 0.2286721 -0.8657069 -0.4452648 0.8223615 0.5248673 -0.2196274 0.8223448 0.5247793 -0.2198996 0.8223609 0.5248696 -0.2196235 0.8543982 0.4874438 -0.1800064 0.8223569 0.5248401 -0.2197088 0.8223569 0.5248481 -0.21969 0.8223622 0.5248757 -0.2196041 0.8223528 0.5248165 -0.2197807 0.8223494 0.5247813 -0.2198777 0.8223561 0.5248448 -0.2197006 0.9063048 0.4226248 1.3113e-5 0.9522541 0.3053069 0 0.9658018 -1.55385e-6 -0.2592818 0.9364274 -0.2363892 -0.259276 0.9403972 -0.2366386 -0.2442447 0.9657765 -3.98419e-6 -0.2593762 -0.5617372 0.2824099 -0.7776221 0.3649443 0.2982423 0.8819678 -0.5323076 0.834325 0.1433551 -0.5322905 0.8343426 0.1433152 -0.5322922 0.8343409 0.1433193 -0.5323096 0.8343226 0.1433612 0.5019236 0.7280235 -0.4669632 0.5112569 0.7234193 -0.4639837 0.5156152 0.7204347 -0.4638047 0.5160654 0.7218081 -0.4611614 0.5173209 0.7130901 -0.4731614 0.5078076 0.7200335 -0.4729518 0.4944323 0.7210739 -0.4853754 0.4336221 0.714 -0.5497054 0.41474 0.7136694 -0.5645058 0.521509 0.7041734 -0.4818384 0.5290511 0.6899996 -0.4939692 0.5402199 0.6897171 -0.4821337 0.5847702 0.6776806 -0.4458619 0.5937369 0.6761584 -0.4362184 0.694674 0.1809215 -0.6962007 0.7931411 0.1773115 -0.582656 0.7415404 0.1884481 -0.6438984 0.6922614 0.1818295 -0.698364 0.6325417 0.1785046 -0.7536758 0.5792495 0.1801187 -0.7950014 0.8370888 0.1738694 -0.5187021 0.5283768 0.1743521 -0.8309149 0.08080017 0.9955326 -0.04884922 0.08233147 0.9952562 -0.05183422 0.07936811 0.9951569 -0.05799603 0.07934832 0.9956504 -0.04882848 0.07937508 0.9956517 -0.04875838 0.07949453 0.9956181 -0.04924786 0.07944941 0.9956417 -0.04884278 0.07787203 0.9956152 -0.05182969 0.07934767 0.9956502 -0.0488336 0.08087348 0.9956732 -0.04576456 0.07783108 0.99577 -0.04883092 0.07938909 0.9956491 -0.04878771 0.02748018 0.9954179 -0.09158623 0.02443015 0.9952243 -0.09450888 0.03201353 0.9955589 -0.08853137 0.02292406 0.995249 -0.09462624 0.02443009 0.9954973 -0.09158807 0.02442115 0.9952095 -0.094666 0.02608519 0.9951665 -0.09467357 0.01679605 0.9953804 -0.09452962 -0.03050655 -0.9927831 0.1159784 -0.03046804 -0.9927889 0.1159405 -0.03050899 -0.9927834 0.115976 -0.03064328 -0.9927652 0.1160959 -0.03059935 -0.9927713 0.1160554 -0.03061598 -0.9927734 0.1160332 -0.03047436 -0.9927861 0.1159622 0.1453966 0.956357 -0.2534584 0.1632055 0.961174 -0.2225048 0.1509884 0.95307 -0.262412 0.2044209 0.9572976 -0.2044346 0.2121218 0.9536259 -0.2135462 0.218213 0.9624381 -0.161543 0.2501979 0.9570619 -0.1464022 0.2608984 0.9532175 -0.1526713 0.2455918 0.9634467 -0.107029 0.2761994 0.9583058 -0.07323974 0.2899953 0.9537368 -0.07930243 0.2639961 0.9640407 -0.03052079 0.1114336 0.9609287 -0.2533747 0.07624959 0.9558786 -0.2836939 0.0778281 0.9538799 -0.2899243 0.03666639 0.9590225 -0.2809475 -3.36437e-6 0.9561078 -0.2930152 1.04439e-5 0.954213 -0.2991279 0.2868942 0.9579623 1.83508e-5 0.3021186 0.9532704 -1.1109e-6 -0.7961695 0.5536773 0.2440407 -0.7964264 0.5546059 0.2410759 -0.8564648 0.5160605 -0.01223033 -0.8570754 0.5150517 -0.01198053 -0.7961817 0.5536526 0.2440565 -0.5231526 0.5761154 0.6280146 -0.7964277 0.554606 0.2410711 -0.5228143 0.5757915 0.6285932 -0.2120347 0.5756098 0.7897562 -0.2120423 0.5756104 0.7897537 0.1328715 0.5764711 0.8062421 0.1329227 0.575886 0.8066517 0.5543772 0.5551494 0.6200606 0.5533367 0.5540923 0.6219326 0.5543992 0.5551505 0.62004 0.5533285 0.5541079 0.6219261 0.7332066 0.5184834 0.4399806 0.7338739 0.5179991 0.4394384 0.1634057 0.4078312 -0.8983165 0.1634083 0.4078387 -0.8983126 0.2350337 0.4082742 -0.8820835 0.2350186 0.408221 -0.8821123 0.3064039 0.4072647 -0.860379 0.3062953 0.4072824 -0.8604094 0.4909059 -0.06327784 -0.8689116 0.4908663 -0.06332051 -0.8689309 0.3842127 -0.06254899 -0.9211235 0.3831753 -0.06280303 -0.9215382 -0.31887 -0.4225767 -0.8483814 -0.3189803 -0.4220173 -0.8486183 -0.08073389 -0.4426515 -0.8930519 -0.07030898 -0.4465388 -0.8919978 0.4195584 -0.4523192 -0.7870058 0.4131974 -0.4482533 -0.7926771 0.7829345 -0.4463595 -0.4333326 0.7824023 -0.4446853 -0.4360064 0.893629 -0.435896 0.1068737 0.8959117 -0.4296393 0.1129261 0.8229905 -0.4091752 0.3940334 0.8230185 -0.4207028 0.3816407 0.8875166 -0.05419522 -0.4575774 0.8875411 -0.05415791 -0.4575346 0.8856855 -0.05406129 -0.4611274 0.8856663 -0.05406308 -0.4611641 0 -1 -1.35986e-6 -1.78957e-6 -1 2.99064e-6 -1.7855e-6 -1 1.74157e-6 0 -1 2.48699e-7 0 -1 -5.19084e-6 0 -1 9.28369e-6 -1.7893e-6 -1 1.59386e-6 -1.78508e-6 -1 1.79422e-6 0 -1 -4.66455e-7 0 -1 5.51132e-7 0 -1 -2.73094e-6 0 -1 1.85619e-5 0 -1 2.03809e-7 0 -1 8.64189e-7 0 -1 -1.32862e-6 0 -1 3.41586e-6 0 -1 7.30061e-7 0 -1 2.8078e-6 0 -1 3.09019e-6 0 -1 -7.90754e-6 0 -1 1.71391e-6 0 -1 -1.6912e-6 0 -1 -1.10463e-6 0 -1 -7.7985e-6 0 -1 1.69465e-6 0 -1 2.9067e-7 0 -1 5.28087e-6 0 -1 2.41366e-6 0 -1 9.33939e-7 0 -1 -3.29172e-6 0 -1 4.66836e-6 0 -1 3.97279e-6 0.4199153 0.6168822 -0.6656783 0.4208009 0.6170298 -0.6649818 0.02287358 0.6498606 -0.7597091 0.02287364 0.6494409 -0.7600681 -0.3572545 0.6791113 -0.6412309 -0.358439 0.6785412 -0.6411735 -0.5921272 0.7081323 -0.3846221 -0.5901294 0.708368 -0.3872495 -0.6786511 0.7304949 -0.07622319 -0.6776591 0.7310796 -0.07937842 -0.5892132 0.7517648 0.296104 -0.5886943 0.7510899 0.2988364 -0.2747315 0.7402895 0.6135911 -0.2734953 0.7402473 0.614194 0.0778563 0.7079879 0.70192 0.076294 0.7080872 0.7019913 0.3905463 0.681158 0.6192718 0.3933164 0.6798223 0.6189861 0.6626612 0.6496685 0.3725737 0.663721 0.6486428 0.3724741 0.7799665 0.6257005 -0.01229727 0.7798559 0.6258376 -0.01233243 0.6854383 0.6084368 -0.3999737 0.6857993 0.6078576 -0.4002357 -0.8695179 -0.4939014 8.86715e-5 -0.7539018 -0.4937129 -0.433451 -0.7539006 -0.4937148 -0.4334507 -0.869521 -0.4938959 8.89576e-5 -0.434665 -0.4933645 -0.7534308 -0.4346789 -0.4935303 -0.7533141 2.79549e-5 -0.4938912 -0.8695237 7.32114e-7 -0.4935922 -0.8696935 0.4346688 -0.4934138 -0.7533962 0.434677 -0.4935193 -0.7533224 0.7532332 -0.4942432 -0.4340087 0.7532342 -0.4942477 -0.4340018 0.8695182 -0.4939011 -1.76941e-4 0.8696755 -0.493624 -1.92575e-5 0.7522603 -0.4936226 0.4363956 0.7522719 -0.4936298 0.4363678 0.4346212 -0.493465 0.7533903 0.4347155 -0.4932899 0.7534504 -3.34646e-5 -0.4938996 0.869519 -3.15814e-6 -0.4936168 0.8696795 -0.4346563 -0.4933564 0.753441 -0.4346719 -0.4934091 0.7533975 -0.7538687 -0.4937214 0.433499 -0.7538681 -0.4937201 0.4335016 0.1787328 -0.724169 -0.6660585 0.1787319 -0.7241626 -0.6660656 0.1787582 -0.7240976 -0.6661293 0.1787588 -0.7241052 -0.6661208 0.6301569 -0.6012088 0.4913761 0.6301907 -0.6012004 0.4913429 0.4686131 -0.5945705 0.6533665 0.4687471 -0.5945936 0.6532493 0.09463149 -0.5580505 0.8243936 0.09466999 -0.5579753 0.8244399 -0.2179278 -0.5422271 0.8114784 -0.2179353 -0.5422307 0.8114741 -0.4995044 -0.5584771 0.662268 -0.4995079 -0.5584766 0.6622657 -0.7376325 -0.5975498 0.3143767 -0.7376297 -0.5975512 0.3143805 -0.7920951 -0.6044083 0.08529996 -0.7921025 -0.6043722 0.08548712 0 -1 -2.93239e-6 0 -1 -1.47034e-6 0 -1 -3.97142e-6 0 -1 -4.52054e-7 0 -1 -2.0152e-6 0 -1 2.10651e-6 0 -1 3.21805e-6 -0.3753843 -0.66073 0.6500174 -0.3860807 -0.6226446 0.6806287 -0.6810316 -0.6229702 0.3848432 -0.6500321 -0.6607221 0.3753728 -2.0769e-5 -0.6350699 0.7724547 -9.59635e-6 -0.6565536 0.7542794 -0.7724523 -0.6350729 -9.43243e-6 -0.7542781 -0.6565552 -1.41258e-5 -0.5984177 -0.5327152 0.5984237 -0.5984323 -0.5326905 0.598431 -0.8176921 -0.5321767 0.2194715 -0.2195802 -0.5322692 0.8176026 0.9960099 -0.08390301 -0.03041028 0.970854 -0.1022766 -0.2167536 0.9694611 -0.1022886 -0.2228953 0.9963021 -0.08318901 -0.02149134 0.2307205 -0.09167063 -0.9686923 0.02899748 -0.09462839 -0.9950903 0.02138334 -0.09462326 -0.9952836 0.2199048 -0.09164077 -0.9712074 0.8487691 -0.08395761 -0.5220558 0.7311673 -0.1022288 -0.6744952 0.7280731 -0.1023187 -0.6778205 0.8523303 -0.08325219 -0.5163354 0.684016 -0.09159654 -0.7236935 0.521584 -0.09456491 -0.8479431 0.5168986 -0.09452682 -0.8508117 0.6753749 -0.09148269 -0.7317785 0.3157257 -0.767242 0.5582625 0.2105646 -0.8361158 0.5065302 0.1463595 -0.8690234 0.4726281 0.2610322 -0.8060021 0.5312466 -0.5434123 -0.8060246 -0.2345795 -0.491676 -0.8365993 -0.2415703 -0.4381961 -0.8641829 -0.2473298 -0.5893381 -0.7756289 -0.2260099 0.5521412 -0.7672023 0.326406 0.4351029 -0.8366132 0.3328117 0.361664 -0.8697729 0.3356999 0.4915463 -0.8060101 0.3297424 -0.3538041 -0.8052582 -0.4757962 -0.305386 -0.8365712 -0.4548496 -0.2549563 -0.8642807 -0.4336084 -0.3967028 -0.7753679 -0.4913569 0.5730202 0.2507568 -0.7802366 0.5729969 0.2509123 -0.7802035 0.6863641 0.2501904 -0.6828683 0.6829619 0.2503089 -0.6862277 0.7818288 0.2438626 -0.5738247 0.7815375 0.2439095 -0.5742015 -0.7194401 0.3566951 -0.5959653 -0.7194599 0.3570958 -0.5957015 -0.7943045 0.353697 -0.4939422 -0.9135985 0.3275121 -0.2409849 -0.9135892 0.3275346 -0.2409896 -0.7943029 0.353686 -0.4939526 -0.9436161 0.3076686 -0.1221833 -0.9436149 0.3076727 -0.122182 -0.6947544 0.1801418 0.6963228 -0.6947511 0.1801502 0.6963239 -0.6947594 0.1801287 0.6963211 -0.6947617 0.1801228 0.6963204 0.2575321 0.3296006 0.9083176 0.2576074 0.3295225 0.9083246 0.3765447 0.3449065 0.8597987 0.606561 0.3574019 0.7101745 0.3765514 0.3449363 0.8597838 0.6065741 0.3573827 0.7101729 0.7003961 0.3543988 0.6195537 0.7003854 0.3542399 0.6196567 0.98887 0.1487819 6.95884e-6 0.9368314 -0.3497814 1.72853e-5 0.9049596 -0.3567136 -0.2319564 0.9552338 0.1304784 -0.2655258 0.8314017 -0.01831221 -0.5553702 0.8776522 0.1416091 -0.4579011 0.8434495 -0.3297835 -0.4240706 0.5929872 0.007408618 -0.8051778 0.6274659 0.235859 -0.7420628 0.5913443 -0.3116774 -0.7437534 0.4624274 0.05151933 -0.8851591 0.487426 -0.3621271 -0.7945313 0.590512 -0.7281891 -0.3479027 0.6734973 0.4069444 -0.6170881 0.4973031 0.2818372 -0.8205227 0.5414624 0.5220788 -0.6589782 0.7199783 0.5716353 -0.3935281 0.7199735 0.5716336 -0.3935396 0.7829872 0.5830516 -0.2167534 0.604334 0.7774976 -0.1740056 0.593318 0.6745349 -0.439291 0.6121383 0.7907507 1.12653e-5 0.799268 0.600975 -1.14515e-5 0.4957637 -0.716202 -0.4911955 0.5933232 0.6745561 -0.4392512 0.4624205 0.05153256 -0.8851621 0.6608556 -0.7505132 -1.39773e-5 0.4210931 -0.9070174 -1.51214e-5 0.6256655 -0.7637781 -0.1587005 0.4134052 -0.9038923 -0.109886 0.5905002 -0.7282143 -0.3478701 0.4957696 -0.7162064 -0.4911834 0.5431255 -0.7136257 -0.4424399 0.5902059 -0.7396672 -0.3233413 0.6575067 -0.7444739 -0.1159465 0.6641368 -0.7370505 -0.1252149 0.4642246 -0.7525777 -0.4670357 0.52186 -0.6747981 -0.5218331 0.4368075 -0.7166731 -0.5436717 0.3064498 -0.7433363 -0.5945919 0.1203962 -0.7366552 -0.6654652 0.113008 -0.7429535 -0.6597342 0.5717203 -0.6334605 -0.5214055 0.5688205 -0.5955137 -0.5672801 0.5120737 -0.6141873 -0.6004619 0.6926659 0.1777976 -0.6990008 0.6966881 0.1360664 -0.7043519 0.6016643 0.0847553 -0.7942398 0.5900142 0.06098484 -0.8050865 0.7945811 0.06406342 -0.603769 0.8053472 0.03644526 -0.5916821 0.9837625 -0.1315596 0.1220802 0.990645 -0.1064922 0.08533382 0.9901472 -0.1085553 0.08845549 0.9826236 -0.1342713 0.1281484 -0.07468456 -0.1154245 -0.9905046 -0.08095169 -0.1172079 -0.9898026 -0.1222366 -0.1287513 -0.9841145 -0.117401 -0.1269615 -0.9849355 -0.009045004 -0.9948862 0.1005965 0.99732 -0.00132507 0.07315188 -0.009121894 -0.9948784 0.1006671 0.9973146 -0.001536428 0.07321935 -0.9949173 -0.001336991 -0.1006868 -0.9949149 -0.00154519 -0.1007072 0.0105912 0.9920936 -0.1250527 0.01071137 0.9920803 -0.1251483 -0.9949126 -0.001537621 -0.1007311 -0.994915 -0.001357197 -0.1007095 0.08686077 -0.1131854 -0.9897699 0.08709734 -0.1132158 -0.9897456 0.08571231 -0.1132098 -0.9898672 0.08717978 -0.1132714 -0.989732 -0.01878213 -0.975964 0.2171213 0.996843 0.0507766 0.06103932 -0.01843625 -0.9760407 0.2168057 0.9948263 -0.05495917 0.08544194 -0.9945647 -0.0551446 -0.08831846 -0.992249 0.05078226 -0.1134157 0.0213707 0.9695061 -0.244134 0.02153819 0.969505 -0.2441235 0.9968408 0.05078142 0.06107163 0.9948236 -0.05492877 0.08549171 0.08696967 -0.1130226 -0.9897788 0.08682692 -0.1130117 -0.9897927 0.0869823 -0.1130241 -0.9897776 0.08723884 -0.1130632 -0.9897506 0.9954698 -0.04733133 0.08246028 0.9975469 0.03926837 0.05794936 -0.02442997 -0.9603079 0.2778705 -0.02442568 -0.9603098 0.2778645 -0.994687 -0.04730325 -0.09143459 -0.9924639 0.03932231 -0.1160575 0.02741611 0.9497458 -0.3118196 0.02744841 0.949894 -0.311365 0.9975436 0.03929251 0.05799078 0.9954671 -0.047329 0.08249485 0.08536058 -0.1993184 -0.9762099 0.08536058 -0.1993184 -0.97621 0.08510833 -0.1993189 -0.9762318 0.08561283 -0.1993177 -0.976188 0.9879391 -0.0820949 0.1312896 0.9943796 0.0865513 0.06097537 -0.04880416 -0.9292477 0.3662199 -0.0197128 -0.9290152 0.369516 -0.9896732 -0.09872502 -0.1039257 -0.9822803 0.06978809 -0.1739398 0.05181753 0.9110903 -0.408937 0.02441853 0.9108747 -0.41196 0.9943757 0.08656054 0.06102609 0.9879317 -0.08205515 0.1313693 0.08533358 -0.1991659 -0.9762434 0.08533358 -0.1991659 -0.9762434 0.08530181 -0.1990868 -0.9762623 0.08569175 -0.1991676 -0.9762117 0.9974462 -0.07142162 0 0.9974462 -0.07142162 0 0.9978345 -0.06577503 0 0.9978345 -0.06577557 0 0.9981706 -0.06046128 -2.89007e-7 0.9981908 -0.06012636 0 0.7754281 -0.2823634 -0.5647851 0.4226586 -0.1068201 -0.8999719 0.7959867 -0.1647187 -0.5824716 0.7326849 -0.401467 -0.5495427 0.9823855 -0.1868659 -1.01626e-5 0.8968498 -0.4423352 1.11163e-5 0.7326932 -0.4014682 -0.5495307 0.7987253 -0.601696 1.59997e-6 0.5647804 -0.2823715 -0.7754287 1.01328e-5 -0.4423332 -0.896851 -1.49487e-5 -0.1868645 -0.9823857 0.5814837 -0.1648389 -0.7966837 0.8995271 -0.1068154 -0.4236053 0.5495243 -0.4014906 -0.7326858 0.549543 -0.4014524 -0.7326927 3.48687e-6 -0.6009894 -0.799257 -0.1352497 0.7478716 0.6499197 -0.650029 0.7476762 0.1358038 -0.6923065 0.7187467 0.06414759 -0.06390553 0.7186153 0.6924652 0.3077543 0.4842749 0.8190026 0.3020701 0.4847798 0.820818 -0.07633906 0.7259159 0.6835338 -0.683498 0.7259424 0.07640844 -0.82042 0.4848684 -0.3030079 -0.8286132 0.3930195 -0.3986677 -0.6990723 0.7128198 0.05644541 -0.811977 0.2311943 -0.5359502 -0.7228979 -0.00800383 -0.6909086 -0.7198819 -0.01487135 -0.6939374 -0.05336141 0.7115994 0.7005561 0.3982077 0.3934403 0.8286347 0.5344722 0.2332277 0.8123697 0.6900649 -0.007231593 0.7237114 0.6926865 -0.01259052 0.721129 -0.8190398 0.4841703 -0.3078197 -0.3815164 0.852606 0.3570832 -0.355679 0.8525331 0.3829879 -0.3708854 0.8467246 0.3814464 -0.3799134 0.8467361 0.3724297 -0.328199 0.8616605 0.3870741 -0.3845219 0.8616975 0.3310896 0.4059033 -0.818765 -0.4060376 0.4047642 -0.8186674 -0.4073692 0.4042978 -0.8188627 -0.4074399 0.405561 -0.8184465 -0.4070206 0.4028943 -0.819377 -0.4077964 0.406084 -0.8193954 -0.4045825 -0.7071058 3.3605e-6 -0.7071079 -0.7544766 0.1583828 -0.6369303 -0.7540856 0.150511 -0.6392976 -0.7071065 7.1096e-6 -0.7071072 -0.7843843 0.3376124 -0.5203453 -0.7900696 0.3276321 -0.518119 -0.7071068 1.27806e-5 -0.7071068 0.6071246 0.5216002 -0.5994439 0.6069209 0.5219817 -0.5993181 0.6060107 0.5224041 -0.5998707 0.6060346 0.5223647 -0.599881 -0.6731942 -0.6110389 0.4164627 -0.4228895 -0.6120178 0.6682805 -0.7903904 -0.3055237 0.5309787 -0.5387481 -0.3071299 0.7844883 -0.8100654 -0.02557116 0.5857818 -0.5953489 -0.02825021 0.8029705 -0.393871 -0.2725173 0.8778383 -0.2713676 -0.5834341 0.7654832 -0.8831601 -0.2688227 0.3843991 -0.7686569 -0.581802 0.2658439 -0.4243306 0.05839782 0.9036224 -0.9076943 0.06256204 0.4149422 -0.3769023 -0.6816707 0.6271123 -0.2328864 -0.6498035 0.7235464 -0.632282 -0.6800718 0.371109 -0.726848 -0.647503 0.2289801 0.4758155 0.7445923 -0.4681689 0.4779372 0.7428674 -0.4687474 0.4790197 0.7414505 -0.4698843 0.4759356 0.7444114 -0.4683343 0.5175403 0.3278046 0.7903773 0.5202274 0.3376359 0.7844524 0.6394572 0.1507002 0.7539126 0.6369006 0.1584442 0.7544888 0.6394561 0.1507037 0.7539128 0.6368901 0.1584456 0.7544973 0.7071071 -1.00199e-6 0.7071066 0.707109 2.45228e-6 0.7071046 0.7071119 7.66304e-6 0.7071017 -0.6869505 0.2376176 0.6867583 -0.6869681 0.2377001 0.6867122 -0.6688737 0.3246137 0.6687556 -0.6687549 0.3248561 0.6687567 -0.7016992 0.1246671 0.7014816 -0.7063224 -0.04549103 0.7064272 -0.7065196 -0.04509103 0.7062557 -0.7017083 0.1246225 0.7014804 -0.706358 -0.04541754 0.7063962 -0.7062861 -0.04552912 0.706461 -0.1112639 0.9875438 0.1112544 -0.1113076 0.987533 0.1113072 -0.111405 0.98751 0.111414 -0.111364 0.9875217 0.1113518 0.4073339 -0.8158624 -0.4104239 0.4074493 -0.8165032 -0.4090325 0.4086425 -0.8160709 -0.4087051 0.4075843 -0.8157309 -0.4104366 0.4076524 -0.8170889 -0.4076583 0.4073916 -0.8166231 -0.4088507 0.4087965 -0.8167278 -0.407236 0.4085687 -0.8167208 -0.4074786 0.4074667 -0.8166183 -0.4087856 0.4074828 -0.8167583 -0.4084897 -0.5705637 0.1521779 -0.807031 -0.6243293 0.1060914 -0.7739235 -0.7101411 -0.007255375 -0.7040221 -0.7146483 -0.01107126 -0.6993965 -0.7153604 0.1658707 -0.6787831 -0.570565 0.1521523 -0.8070349 -0.6711608 0.1765443 -0.7199829 -0.7153733 0.1658579 -0.6787726 -0.5261421 0.7995192 0.2897304 -0.5262246 0.799076 0.2908012 -0.532346 0.7986071 0.2807751 -0.5325746 0.7984276 0.2808519 -0.5249773 0.8002657 0.2897822 -0.5264774 0.7992216 0.289942 -0.2910599 0.7988768 0.5263841 -0.2900394 0.7991908 0.5264706 -0.2899698 0.8002852 0.524844 -0.2897608 0.7993946 0.5263144 -0.2822155 0.7981703 0.5322394 -0.2805385 0.7985955 0.532488 -0.9543928 -0.1049412 0.279503 -0.9543586 -0.1044601 0.2797998 -0.9543363 -0.1045601 0.2798386 -0.9543914 -0.1046559 0.2796147 -0.2807977 -0.1038293 0.9541342 -0.2807026 -0.1038435 0.9541608 -0.280801 -0.1038325 0.9541329 -0.2808941 -0.1038112 0.9541078 0.7097418 0.2598531 0.6547847 0.6410166 0.2971758 0.7076612 0.7922562 0.1404183 0.5938122 0.7097513 0.2598437 0.6547782 0.7922635 0.1404267 0.5938004 0.7764626 0.0967248 0.6226961 0.7033016 -0.007234573 0.7108549 0.6993834 -0.01068699 0.7146669 -0.7205966 -0.009808242 -0.6932852 -0.7205609 -0.00990653 -0.6933209 -0.7198396 -0.01096987 -0.6940538 -0.7200036 -0.01129668 -0.6938784 -0.7146617 -0.01107615 -0.6993827 -0.710132 -0.007257282 -0.7040311 0.7032735 -0.007239639 0.7108826 0.6940127 -0.01067632 0.7198837 0.6993786 -0.01069003 0.7146715 0.6939765 -0.01067447 0.7199186 0.69246 -0.00840348 0.7214073 0.6925076 -0.008423686 0.7213615 -0.1662976 -0.9722139 0.164759 -0.1663184 -0.9721896 0.1648806 -0.1662635 -0.9721852 0.164962 -0.1662968 -0.9722134 0.1647618 -0.5356568 0.7191671 -0.4425725 -0.5349907 0.7188817 0.4438403 -0.5551437 0.747744 0.3642725 -0.5555427 0.7479048 -0.3633329 -0.3615185 0.4842743 0.7967327 -0.366001 0.4844779 0.7945594 -0.5374131 0.7260137 0.4290586 -0.5376234 0.7265676 -0.4278557 -0.3663007 0.485369 -0.7938771 -0.3040199 0.3930261 -0.8678147 -0.5341771 0.7126339 -0.4547614 -0.1951835 0.2312003 -0.9531264 -0.02281033 -0.007957816 -0.9997082 -0.01839309 -0.01453137 -0.9997252 -0.5327713 0.7115349 0.458119 -0.3035745 0.3934769 0.8677665 -0.1966943 0.2327923 0.9524281 -0.02315706 -0.007303357 0.9997053 -0.01991963 -0.01286447 0.9997189 -0.3613999 0.4841738 -0.7968474 -0.5323529 0.8464984 0.006391108 -0.5323137 0.846535 -0.004566907 -0.5230231 0.8521516 -0.01686924 -0.5232002 0.8519429 0.02133077 -0.5050539 0.8620326 0.04266595 -0.506434 0.8614362 -0.03811067 0.5739561 -0.8188809 -0.002927005 0.5737476 -0.8190267 -0.003031134 0.5739236 -0.8189089 1.9084e-6 0.5750763 -0.8180984 -0.001481831 0.5734428 -0.8192394 -0.003216445 0.5737098 -0.8190574 0.001456439 -0.08247125 0.1585158 -0.9839061 -0.081182 0.1505171 -0.9852685 0 0 -1 0 0 -1 -0.1877266 0.3377809 -0.9223139 -0.1923314 0.3279646 -0.9249043 0 0 -1 0.8529933 0.521887 0.006053864 0.8529489 0.5219733 0.00472933 0.8527014 0.5223788 0.004583358 0.8529928 0.5218884 0.005995213 -0.7706726 -0.6112071 -0.1802493 -0.7719379 -0.6118426 0.1725128 -0.9356142 -0.3071663 0.1739972 -0.934327 -0.3057366 -0.1831894 -0.9888084 -0.02823895 0.1464943 -0.9870001 -0.02556264 -0.158674 -0.7327588 -0.5838832 0.3494926 -0.8988299 -0.2723973 0.3433724 -0.7308558 -0.5817081 -0.3570232 -0.8957265 -0.2689571 -0.3540287 -0.9389916 0.05839598 0.3389468 -0.9354361 0.06254583 -0.3479189 -0.6764041 -0.6498844 0.3465947 -0.7097835 -0.6818227 0.1769894 -0.7096697 -0.6802973 -0.1832069 -0.6755195 -0.6469312 -0.3537703 0.6711111 0.7413319 0.006089091 0.6670532 0.7449849 0.006142437 0.6670966 0.7449572 0.004576027 0.6699339 0.7423959 0.006069242 -0.1873195 0.3376311 0.9224514 -0.08391171 0.1582556 0.9838263 -0.08084237 0.1502106 0.9853433 -0.1924908 0.3279106 0.9248903 1.40703e-7 0 1 -0.0808416 0.1502175 0.9853423 -0.08390414 0.1582671 0.9838251 1.55095e-7 0 1 1.59647e-7 0 1 -0.9715213 0.2369521 5.80202e-5 -0.9714009 0.2374455 5.92531e-5 -0.9458471 0.3246124 -8.1604e-5 -0.9458713 0.3245419 -2.61991e-5 -0.992199 0.1246641 -1.52294e-4 -0.9989698 -0.04538196 1.98852e-6 -0.9989832 -0.04508548 -1.68778e-4 -0.9922047 0.1246197 -1.62898e-4 -0.9989794 -0.04516983 -1.9993e-4 -0.9989631 -0.04552811 1.49006e-4 -0.1570317 0.9875936 -2.17676e-6 -0.1571127 0.9875807 -2.67231e-7 -0.1570165 0.987596 0 -0.1571279 0.9875783 -2.32949e-6 0.5784185 -0.8157402 -9.67768e-5 0.5772022 -0.8166013 -1.26907e-4 0.5780249 -0.8160191 -1.11087e-5 0.5784277 -0.8157324 -0.001441657 0.5767484 -0.8169218 3.60897e-5 0.5770682 -0.816696 -1.92214e-4 0.5767109 -0.8169473 0.001316368 0.576909 -0.8168073 0.00132656 0.5770059 -0.8167397 -5.9347e-4 0.576888 -0.8168233 -1.55321e-4 0.1664347 0.1519288 -0.9742778 0.1052941 0.1060264 -0.9887728 -0.004582583 -0.0072425 -0.9999633 -0.01064288 -0.01104915 -0.9998824 -0.02595907 0.1659405 -0.985794 0.1664376 0.1519535 -0.9742734 0.03511613 0.1768017 -0.9836199 -0.02595186 0.1659366 -0.985795 -0.5751317 0.7986721 -0.1770496 -0.5765919 0.7996742 -0.1675205 -0.5779234 0.7986765 -0.1676916 -0.5753074 0.7985348 -0.1770982 -0.5754022 0.8004657 -0.1678302 -0.5779246 0.7986859 -0.1676431 -0.5756014 0.8006081 0.1664624 -0.5766605 0.7996001 0.1676377 -0.5782212 0.798745 0.1663334 -0.5779433 0.798946 0.1663343 -0.5752028 0.7986328 0.1769954 -0.5750058 0.7984522 0.1784449 -0.8730617 -0.1049473 -0.4761822 -0.8730391 -0.1045512 -0.4763107 -0.8730126 -0.1045634 -0.4763566 -0.8729442 -0.1046386 -0.4764654 -0.8730863 -0.1038431 0.4763791 -0.8730176 -0.1038967 0.4764932 -0.8730878 -0.10386 0.4763727 -0.8730154 -0.1038741 0.4765022 0.0381754 0.2599291 0.9648729 0.140469 0.1404271 0.9800759 0.1087291 0.09672468 0.9893546 -0.004551768 -0.007243335 0.9999634 -0.01067095 -0.01068389 0.9998861 0.03814822 0.2599222 0.9648758 -0.04712629 0.2971821 0.9536572 0.1404512 0.14043 0.9800781 -0.0193051 -0.009834647 -0.9997653 -0.01959013 -0.009915769 -0.999759 -0.01848417 -0.01119101 -0.9997665 -0.0185039 -0.01129364 -0.9997651 -0.01067876 -0.01105099 -0.999882 -0.004567027 -0.007239758 -0.9999635 -0.00459659 -0.007256984 0.9999631 -0.01884245 -0.01066356 0.9997657 -0.01068246 -0.01068603 0.9998859 -0.01882064 -0.01053333 0.9997674 -0.01986885 -0.008727192 0.9997646 -0.01994067 -0.008589923 0.9997643 -0.2347523 -0.9720552 -1.10307e-4 -0.2348504 -0.9720316 -8.87487e-5 -0.2350092 -0.9719932 1.31167e-5 -0.2346781 -0.9720732 -1.67045e-4 -0.6501375 0.7478281 -0.1344414 -0.1357105 0.7478486 -0.6498501 -0.06406843 0.7186926 -0.69237 -0.6923192 0.7187321 -0.06417477 -0.8189892 0.4842833 0.3077764 -0.8207921 0.484795 0.3021164 -0.6835327 0.7259165 -0.07634246 -0.07631981 0.7259104 -0.6835418 0.3034004 0.4846023 -0.8204322 0.3977454 0.3928315 -0.8291454 -0.05649113 0.7130039 -0.6988807 0.5359509 0.2311879 -0.8119784 0.6909521 -0.008427619 -0.7228515 0.6939018 -0.01452481 -0.7199231 -0.7007937 0.7114761 -0.05186551 -0.8290089 0.3938834 0.3969886 -0.8122775 0.2328739 0.5347663 -0.7238055 -0.00717622 0.6899667 -0.7213664 -0.01292717 0.6924331 0.3083376 0.4844385 -0.8186864 -0.3570859 0.8526037 -0.3815188 -0.3833062 0.8529883 -0.354242 -0.3813527 0.846227 -0.3721156 -0.3726548 0.8471195 -0.3788365 -0.3872649 0.8611724 -0.3292539 -0.3309587 0.8617914 -0.384424 0.4060373 -0.8187636 0.4059064 0.4072526 -0.8183333 0.4055562 0.4076174 -0.819441 0.4029451 0.4073879 -0.8181167 0.4058573 0.407801 -0.8193728 0.4028978 0.404581 -0.8193927 0.406091 0.7063644 1.11482e-6 -0.7078484 0.7063297 -1.00315e-6 -0.7078831 0.6396092 0.1502263 -0.7538782 0.636851 0.1588394 -0.7544474 0.5200667 0.3373659 -0.7846751 0.518499 0.3271983 -0.7900001 0.7063319 3.28786e-6 -0.7078808 0.5992988 0.5219137 0.6069986 0.5993567 0.5219367 0.6069215 0.5994438 0.5216004 0.6071245 0.59947 0.5215691 0.6071255 -0.6679966 -0.6116304 -0.4238972 -0.7839267 -0.3065461 -0.5398967 -0.5309224 -0.3058844 -0.7902886 -0.4162304 -0.6106414 -0.6736983 -0.5865053 -0.02597999 -0.8095287 -0.8029732 -0.028252 -0.5953453 -0.8778274 -0.2724924 -0.3939128 -0.7655631 -0.5832815 -0.2714697 -0.3849009 -0.2691989 -0.8828268 -0.2655014 -0.5813738 -0.7690992 -0.9035992 0.05878156 -0.424327 -0.4155195 0.0626387 -0.9074249 -0.6267848 -0.6813464 -0.3780318 -0.7236372 -0.6499699 -0.2321388 -0.3708873 -0.6805635 -0.6318829 -0.2289934 -0.6476078 -0.7267504 0.4698812 0.7414497 0.4790241 0.4683719 0.7443887 0.475934 0.4682388 0.7444444 0.475978 0.4684582 0.7423056 0.4790922 -0.7537536 0.1583124 0.6378031 -0.7546898 0.150498 0.6385875 -0.7848811 0.3382086 0.519208 -0.7898737 0.3278257 0.5182953 -0.7063321 8.09436e-7 0.7078807 -0.7547019 0.1504908 0.6385746 -0.7537562 0.1583061 0.6378015 -0.7064333 1.5168e-6 0.7077796 -0.7063632 2.7201e-6 0.7078496 -0.6867576 0.2376174 -0.6869512 -0.6867111 0.2376983 -0.6869698 -0.6687646 0.3250408 -0.6686573 -0.6687328 0.3249911 -0.6687132 -0.7014789 0.1246694 -0.7017015 -0.7056156 -0.04495751 -0.7071672 -0.7056509 -0.04496526 -0.7071316 -0.7014782 0.1246222 -0.7017106 -0.7056018 -0.04534292 -0.7071565 -0.7055711 -0.04535102 -0.7071866 -0.1114106 0.9876841 -0.1098544 -0.1113349 0.9876932 -0.1098482 -0.1113755 0.9876844 -0.1098873 -0.1113344 0.9876934 -0.1098478 0.4101045 -0.8154315 0.4085165 0.4087164 -0.8161304 0.4085119 0.4087049 -0.8160711 0.4086421 0.4101411 -0.8153917 0.4085591 0.4073539 -0.8166262 0.4088821 0.4086647 -0.8160752 0.4086741 0.4073669 -0.8166621 0.4087976 0.407365 -0.8166247 0.4088742 0.4091754 -0.8171628 0.4059811 0.4087533 -0.8159972 0.4087412 0.807031 0.1521787 -0.5705636 0.7731789 0.1060113 -0.6252647 0.7032723 -0.007624983 -0.7108797 0.699397 -0.01106929 -0.7146478 0.6794482 0.166439 -0.7145965 0.8070382 0.1521525 -0.5705603 0.7199864 0.1765439 -0.6711571 0.6794692 0.1664134 -0.7145826 -0.2899791 0.7999636 -0.5253289 -0.280939 0.7992302 -0.5313234 -0.2809103 0.7992336 -0.5313334 -0.2915034 0.7994788 -0.5252231 -0.2899232 0.8002737 -0.5248872 -0.2901759 0.7998646 -0.5253711 -0.5265586 0.7990675 -0.2902195 -0.5264477 0.7991968 -0.2900641 -0.5250156 0.8002552 -0.2897415 -0.5263042 0.7994107 -0.2897351 -0.5325521 0.7984647 -0.280789 -0.532486 0.7985968 -0.2805386 -0.2790182 -0.1044459 -0.9545889 -0.2790612 -0.1044548 -0.9545753 -0.2791355 -0.1041216 -0.95459 -0.2790917 -0.1044687 -0.9545649 -0.9541346 -0.1038299 -0.2807963 -0.954069 -0.104186 -0.2808873 -0.9540923 -0.1041707 -0.280814 -0.954106 -0.1041592 -0.2807714 -0.6540309 0.2599254 0.7104101 -0.5930973 0.1402772 0.7928164 -0.6231843 0.09697133 0.77604 -0.7101195 -0.007232785 0.7040441 -0.7146587 -0.01030635 0.6993975 -0.6540208 0.2599306 0.7104175 -0.7076728 0.29718 0.6410019 -0.5931094 0.1402918 0.7928048 0.693281 -0.009813666 -0.7206006 0.6933175 -0.009911417 -0.7205641 0.6940484 -0.01160717 -0.7198348 0.6938785 -0.01129442 -0.7200037 0.6993731 -0.01107138 -0.714671 0.7032529 -0.007629275 -0.7108989 -0.7101362 -0.00724101 0.7040271 -0.7205354 -0.01068192 0.693336 -0.7146647 -0.01031398 0.6993913 -0.720603 -0.01034569 0.6932708 -0.7213261 -0.008759498 0.6925403 -0.7210461 -0.008583366 0.692834 -0.1648553 -0.9724465 -0.1648352 -0.1648926 -0.9724256 -0.1649214 -0.1648918 -0.9724258 -0.1649209 -0.1648916 -0.9724258 -0.1649206 -0.3645804 0.7476253 -0.5551014 0.3645539 0.7475181 -0.5552634 0.4441188 0.719249 -0.5342654 -0.4441169 0.7192352 -0.5342855 -0.7971148 0.4844523 -0.360436 -0.7945111 0.4845656 -0.3659897 -0.4290553 0.7260152 -0.5374137 0.4289279 0.7261861 -0.5372845 0.7943931 0.4848642 -0.3658504 0.8676326 0.3926172 -0.3050664 0.4547561 0.7125699 -0.534267 0.9532017 0.2308338 -0.1952497 0.9996726 -0.008027315 -0.0242986 0.9997276 -0.01449304 -0.01830285 -0.4576951 0.7109475 -0.5339183 -0.8674076 0.3933222 -0.3047978 -0.9526845 0.2328251 -0.1954093 -0.9996774 -0.007259547 -0.0243411 -0.9996867 -0.01298213 -0.02139729 0.7970988 0.4844552 -0.3604675 0.01682078 0.8527761 -0.522006 -0.01990187 0.8523058 -0.5226652 -0.00760585 0.8471679 -0.5312711 0.004553139 0.8472837 -0.5311211 -0.04142045 0.8615594 -0.5059643 0.03835058 0.861562 -0.5062016 7.1401e-6 -0.818907 0.5739263 0.001550316 -0.8188885 0.5739507 0.001423418 -0.8190572 0.5737102 0.001473724 -0.8187437 0.5741573 0.003109812 -0.8191908 0.5735127 -0.001530289 -0.8190312 0.573747 1 0 0 0.9839437 0.1582847 -0.08246707 0.9852164 0.1502246 -0.08234918 1 0 0 0.9227632 0.3374584 -0.1860911 0.925027 0.3276352 -0.1923024 1 0 0 -0.00455898 0.5228748 0.8523973 -0.004583418 0.5229467 0.852353 -0.004564166 0.5225831 0.8525763 -0.004618346 0.5225279 0.8526098 0.1818035 -0.6118304 -0.7698124 -0.1725166 -0.6118428 -0.7719368 -0.1737571 -0.3067194 -0.9358054 0.1831959 -0.305728 -0.9343284 -0.1464929 -0.02822852 -0.9888089 0.1574009 -0.02559614 -0.9872031 -0.3495087 -0.5838822 -0.7327519 -0.3428744 -0.2720143 -0.899136 0.3553691 -0.5810977 -0.7321463 0.352196 -0.2687215 -0.8965193 -0.338481 0.0583359 -0.9391633 0.3484275 0.06267523 -0.9352381 -0.3462166 -0.6493306 -0.6771293 -0.1769303 -0.6810594 -0.7105306 0.1848132 -0.6808456 -0.7087267 0.352698 -0.6481336 -0.6749274 -0.004649043 0.7443745 0.6677463 -0.006106257 0.7431639 0.6690816 -0.006091177 0.7413262 0.6711174 -0.006116092 0.7442202 0.6679064 -0.9839525 0.1582815 -0.08236771 -0.9851613 0.1505882 -0.08234417 -0.9227771 0.3374508 -0.1860363 -0.9248952 0.3278937 -0.1924958 -1 0 0 -0.9851619 0.150588 -0.08233755 -0.9839537 0.1582757 -0.08236604 -1 0 0 -1 0 0 1.30283e-4 0.2376112 -0.9713604 1.7891e-4 0.2377018 -0.9713382 8.16724e-5 0.3246146 -0.9458464 2.35876e-5 0.3245433 -0.9458708 1.46014e-4 0.1246582 -0.9921997 1.82718e-4 -0.04511469 -0.9989819 1.75079e-4 -0.04510504 -0.9989823 1.53362e-4 0.124622 -0.9922044 1.88096e-4 -0.04516696 -0.9989795 1.6785e-4 -0.04518967 -0.9989785 2.05152e-7 0.987737 -0.1561272 0 0.9877747 -0.1558884 0 0.9877747 -0.1558881 0 0.9877743 -0.1558907 0.001526772 -0.8164569 0.5774043 1.28799e-4 -0.8166012 0.5772025 1.86304e-4 -0.8163357 0.5775777 0.001521825 -0.8165345 0.5772948 1.09171e-4 -0.8166639 0.5771135 1.91815e-4 -0.8166941 0.5770708 -0.001484096 -0.8169655 0.5766845 -0.001325845 -0.8168082 0.5769078 0.00125581 -0.8167923 0.5769307 7.68561e-5 -0.8168334 0.5768737 0.9740254 0.151901 0.1679303 0.98861 0.1060475 0.1067911 0.9999689 -0.007260441 -0.003083586 0.9998641 -0.01106619 -0.01221996 0.9857512 0.1659542 -0.02745676 0.974021 0.1519204 0.1679382 0.9837223 0.1765359 0.03355097 0.9857531 0.1659413 -0.02746582 0.1771274 0.7993595 -0.5741518 0.1675112 0.799659 -0.5766157 0.166416 0.7994766 -0.5771855 0.1786128 0.7989701 -0.5742337 0.1662977 0.7999946 -0.5765014 0.1663889 0.7995549 -0.5770848 -0.166497 0.7992946 -0.577414 -0.1663799 0.7994527 -0.5772288 -0.1662836 0.7999737 -0.5765344 -0.1680213 0.7993868 -0.5768446 -0.1771141 0.7993119 -0.5742221 -0.1786197 0.7991741 -0.5739476 0.47717 -0.1047612 -0.8725445 0.4769704 -0.1044886 -0.8726865 0.4773514 -0.1044912 -0.8724778 0.4772527 -0.1045509 -0.8725245 -0.476311 -0.1038213 -0.873126 -0.4763894 -0.1038512 -0.8730797 -0.4763921 -0.1038459 -0.8730788 -0.4763861 -0.1038622 -0.8730801 -0.9800788 0.1404253 0.1404508 -0.9648169 0.2599117 0.03967642 -0.9537227 0.2971813 -0.04578614 -0.9648172 0.2599076 0.03969788 -0.9800764 0.1404606 0.1404322 -0.9892059 0.09693193 0.1098901 -0.9999553 -0.007246792 -0.006084978 -0.9998684 -0.01068645 -0.01221001 0.999765 -0.01130044 -0.01850652 0.9997671 -0.01158994 -0.01820832 0.9997827 -0.009921669 -0.01833808 0.9997817 -0.009914636 -0.01839244 0.9998641 -0.01106619 -0.01222753 0.999969 -0.007256805 -0.003074407 -0.9999549 -0.00725919 -0.006130456 -0.9997717 -0.01067721 -0.01850748 -0.9998684 -0.01068514 -0.01221233 -0.9997674 -0.0105322 -0.01881951 -0.9997336 -0.008776545 -0.02135288 -0.9997366 -0.008395969 -0.02136409 5.42012e-5 -0.9720363 -0.2348309 8.92109e-5 -0.9720309 -0.2348533 8.89446e-5 -0.9720304 -0.2348552 2.51031e-4 -0.9720995 -0.2345689 0.5554382 0.7479002 -0.3635021 0.5551024 0.7477463 0.3643308 0.535218 0.7187516 0.4437769 0.5357816 0.7189859 -0.4427161 0.361456 0.4842846 -0.7967547 0.3664844 0.4851648 -0.7939171 0.5369457 0.7257127 -0.4301517 0.5371294 0.726373 0.4288058 0.3658292 0.4848717 0.7943981 0.3035185 0.3928031 0.8680912 0.534177 0.7126333 0.4547623 0.1951776 0.2311893 0.9531303 0.02282446 -0.007943987 0.9997079 0.01851421 -0.01460826 0.999722 0.5327693 0.711532 -0.4581257 0.3038748 0.3940358 -0.8674076 0.1966987 0.232795 -0.9524264 0.02272975 -0.00720781 -0.9997157 0.01992434 -0.01281493 -0.9997195 0.361387 0.484187 0.7968453 0.5230459 0.8521093 0.01824265 0.5231917 0.8519845 -0.01982837 0.532471 0.8464149 -0.007523238 0.532495 0.8464113 0.006074547 0.5051707 0.8620383 -0.04114001 0.5061947 0.8615118 0.03955352 -0.5739236 -0.8189089 -2.61253e-6 -0.5740492 -0.8188192 0.00164169 -0.5738031 -0.8189916 0.001693248 -0.5751317 -0.8180609 -9.87373e-6 -0.5734403 -0.8192411 0.003210484 -0.5737212 -0.8190507 -8.06792e-5 0 0 1 0 0 1 0.08118063 0.1505128 0.9852694 0.08234697 0.1586534 0.9838944 0.1875029 0.3370792 0.9226161 0.1923054 0.3276341 0.9250268 -0.8529959 0.5218968 -0.004679381 -0.8529955 0.5218834 -0.006055414 -0.852937 0.5219931 -0.004657268 -0.8528283 0.5221566 -0.006045043 0.935727 -0.3068086 -0.1740218 0.9342241 -0.3060513 0.1831883 0.7705035 -0.6110703 0.1814316 0.7717757 -0.6116734 -0.1738332 0.9888076 -0.02823197 -0.1465011 0.9872325 -0.02593892 0.1571596 0.733088 -0.5841547 -0.3483465 0.8993133 -0.272531 -0.3419979 0.7314267 -0.5817469 0.3557886 0.8962106 -0.2691009 0.3526915 0.9389722 0.05876439 -0.3389369 0.9354271 0.06259393 0.3479344 0.6759613 -0.6496446 -0.3479058 0.7097517 -0.6818472 -0.1770226 0.709407 -0.6802115 0.1845373 0.6757227 -0.6474173 0.3524908 -0.6670253 0.7450106 -0.006048202 -0.669916 0.7424118 -0.006110012 -0.6711133 0.7413299 -0.006091177 -0.6670839 0.7449575 -0.006115674 0.08082842 0.1502522 -0.985338 0.1877393 0.3381161 -0.9221885 0.08403676 0.1584963 -0.9837768 0.1925085 0.3279137 -0.9248855 0.08082038 0.1502289 -0.9853423 0.08401459 0.1584754 -0.9837821 0 0 -1 0 0 -1 -1.59645e-7 0 -1 0.9457419 0.3249189 -2.23466e-6 0.9458721 0.3245397 2.66761e-5 0.9713606 0.2376101 1.36778e-4 0.9713389 0.2376988 1.79789e-4 0.9921988 0.1246659 1.52328e-4 0.9989901 -0.04493194 -1.04029e-4 0.9989907 -0.04491937 -1.26284e-4 0.9922046 0.1246203 1.59101e-4 0.9989941 -0.04484313 -1.5692e-4 0.9989787 -0.04518395 1.82372e-4 0.1571132 0.9875806 2.18926e-6 0.1572085 0.9875655 2.42026e-6 0.1570192 0.9875956 5.93396e-7 0.1571131 0.9875806 2.37478e-6 -0.5784043 -0.8157493 0.001295149 -0.5773001 -0.8165321 2.08909e-4 -0.5780242 -0.8160198 1.22961e-5 -0.5782359 -0.8158697 -2.57642e-5 -0.5771083 -0.8166677 8.94719e-5 -0.577067 -0.8166968 1.94068e-4 -0.5768729 -0.8168339 1.9227e-4 -0.5768671 -0.8168381 -2.66317e-5 -0.5768935 -0.8168182 0.001351714 -0.5768734 -0.8168336 7.42898e-5 -0.1664534 0.1523307 0.9742119 -0.1052938 0.1060265 0.9887728 0.00457549 -0.007632076 0.9999604 0.01068377 -0.01106715 0.9998817 0.02594888 0.1663333 0.9857282 -0.1664499 0.1522984 0.9742175 -0.03506428 0.1765398 0.9836688 0.02594155 0.1663212 0.9857304 0.5765779 0.7996844 0.1675206 0.5777306 0.7990717 0.166469 0.5751311 0.7986733 0.1770461 0.5750356 0.7984409 0.1783987 0.5754007 0.800768 0.1663873 0.5778564 0.7990385 0.1661912 0.5780897 0.79855 -0.1677211 0.5779305 0.7986715 -0.1676911 0.575356 0.8004824 -0.1679092 0.5766444 0.7996116 -0.1676386 0.5752024 0.7986327 -0.1769976 0.5751459 0.7986629 -0.1770451 0.872926 -0.1045656 0.4765148 0.8725844 -0.104622 0.4771276 0.8724731 -0.1048164 0.4772886 0.8725234 -0.1044831 0.4772695 0.873064 -0.1041477 -0.4763535 0.8730857 -0.1038496 -0.4763787 0.8730551 -0.1041343 -0.4763728 0.8730698 -0.1041551 -0.4763413 -0.03815484 0.2599307 -0.9648732 0.04737275 0.297963 -0.9534013 -0.1404519 0.1404252 -0.9800786 -0.03816539 0.2599303 -0.9648729 -0.1404629 0.1404324 -0.980076 -0.1087198 0.09672361 -0.9893557 0.004557609 -0.007235825 -0.9999635 0.01066654 -0.01028889 -0.9998903 0.01991862 -0.009919941 0.9997525 0.01829528 -0.01103746 0.9997717 0.01849579 -0.01120889 0.9997661 0.01962995 -0.009887635 0.9997584 0.01069372 -0.0110681 0.9998816 0.004604458 -0.007638335 0.9999603 0.004588365 -0.007243514 -0.9999634 0.01831525 -0.01066845 -0.9997754 0.01066923 -0.01028937 -0.9998902 0.01849502 -0.01037842 -0.9997752 0.0198819 -0.008709251 -0.9997645 0.01995378 -0.008571982 -0.9997642 0.2347701 -0.972051 1.4273e-4 0.2348479 -0.9720322 9.22358e-5 0.2348506 -0.9720315 9.00357e-5 0.2348515 -0.9720314 8.93384e-5 0.6498619 0.747865 0.135564 0.135702 0.7477092 0.6500123 0.06413716 0.7187443 0.69231 0.6923888 0.7186782 0.06402653 0.8190848 0.4839256 -0.3080849 0.8208343 0.4847711 -0.3020399 0.6833981 0.7260145 0.07661676 0.07623964 0.725879 0.6835842 -0.303407 0.4845955 0.8204337 -0.3986585 0.3930304 0.8286125 0.05633658 0.7128366 0.6990638 -0.5359534 0.2311863 0.8119772 -0.6908003 -0.00832808 0.7229977 -0.6939433 -0.01487261 0.7198761 0.7005302 0.711616 0.05347985 0.8284621 0.3937573 -0.3982533 0.8123462 0.233147 -0.534543 0.7234988 -0.007370889 -0.6902862 0.7211177 -0.01262301 -0.6926977 -0.3078505 0.484173 0.8190266 0.3570451 0.8526757 0.3813962 0.3830644 0.8524981 0.3556805 0.3814409 0.8467102 0.3709242 0.3723843 0.8467565 0.3799123 0.3870539 0.8616726 0.3281916 0.3310606 0.8617093 0.3845205 -0.4060374 -0.8187646 -0.4059043 -0.4073709 -0.8186659 -0.4047656 -0.4074442 -0.8188605 -0.4042979 -0.4070116 -0.8184546 -0.4055535 -0.4078038 -0.8193772 -0.4028859 -0.4044939 -0.8194915 -0.4059786 -0.7071027 1.44237e-5 0.707111 -0.7071009 1.36847e-6 0.7071127 -0.6395401 0.150286 0.7539249 -0.6369338 0.1583839 0.7544734 -0.5203586 0.337621 0.7843718 -0.5184077 0.3275063 0.7899325 -0.7071068 3.32304e-5 0.7071068 -0.5994446 0.5216003 -0.607124 -0.5993487 0.5218245 -0.6070259 -0.5997693 0.5227208 -0.6058382 -0.5998859 0.5225076 -0.6059066 0.416446 -0.6110377 0.6732056 0.6682903 -0.6120135 0.42288 0.5309809 -0.3055215 0.7903898 0.7844894 -0.3071258 0.5387487 0.5857817 -0.02556627 0.8100656 0.8029701 -0.0282495 0.5953494 0.8778288 -0.272501 0.3939032 0.7654864 -0.5834296 0.2713679 0.3843997 -0.2688309 0.8831574 0.2658177 -0.5817952 0.7686712 0.9036226 0.05840164 0.4243295 0.4149442 0.062563 0.9076933 0.6270533 -0.6816471 0.377043 0.7233137 -0.6499207 0.2332818 0.3711029 -0.6800678 0.6322899 0.2289922 -0.6475998 0.726758 -0.4681655 0.7445921 -0.4758191 -0.4687984 0.7428429 -0.4779253 -0.4698771 0.7414726 -0.4789927 -0.4682855 0.7444359 -0.4759452 0.7843008 0.3376284 -0.5204609 0.7545028 0.1584747 -0.6368761 0.7539186 0.1506879 -0.6394528 0.790387 0.3277958 -0.5175312 0.7539178 0.1507008 -0.6394507 0.7544878 0.1584534 -0.6368993 0.7070993 4.67836e-6 -0.7071143 0.7070982 9.41379e-6 -0.7071154 0.7070979 1.53262e-5 -0.7071158 0.6869272 0.2373079 0.6868886 0.6867837 0.2381444 0.6867427 0.6687569 0.3246128 0.6688728 0.6687315 0.3249918 0.6687141 0.7014892 0.1246615 0.7016926 0.7062588 -0.04510468 0.7065155 0.7064706 -0.04494529 0.7063139 0.7014805 0.1246232 0.701708 0.7064582 -0.04552489 0.7062892 0.7064629 -0.04552263 0.7062846 0.111368 0.9875211 0.1113516 0.1098594 0.9876815 0.1114277 0.109894 0.9876812 0.1113963 0.1113682 0.9875217 0.1113476 -0.4103953 -0.8158556 -0.4073762 -0.4090334 -0.8165044 -0.4074459 -0.4086557 -0.8161507 -0.4085325 -0.4105019 -0.8157303 -0.4075196 -0.4077281 -0.8170399 -0.4076809 -0.4088592 -0.816625 -0.4073791 -0.4071301 -0.8167586 -0.4088404 -0.4074757 -0.8167222 -0.4085689 -0.4087226 -0.8166633 -0.4074395 -0.4088045 -0.8166533 -0.4073777 -0.8070808 0.1518096 0.5705913 -0.7739253 0.1060858 0.6243281 -0.7040199 -0.007258534 0.7101432 -0.699397 -0.01107394 0.7146476 -0.6787573 0.1658666 0.7153859 -0.8070655 0.1518132 0.5706122 -0.7199802 0.1765497 0.6711622 -0.6787694 0.1658641 0.715375 0.2807328 0.7986051 0.5323712 0.2897803 0.7994062 0.5262863 0.2910844 0.7989192 0.526306 0.2804243 0.7986362 0.5324871 0.2899218 0.8002948 0.5248559 0.2901476 0.7991958 0.5264033 0.5263768 0.7988791 0.2910666 0.5264546 0.7992107 0.2900137 0.5249592 0.8002617 0.2898261 0.5263012 0.7994083 0.2897473 0.532082 0.7983781 0.2819244 0.5324897 0.798598 0.2805282 0.2798439 -0.1045813 0.9543323 0.2799174 -0.1047663 0.9542905 0.2795554 -0.1046186 0.9544128 0.2795268 -0.1048762 0.9543929 0.9541347 -0.1038304 0.280796 0.954186 -0.1038662 0.2806078 0.9541571 -0.103854 0.2807109 0.9541314 -0.1038309 0.2808067 0.6547905 0.2598579 -0.7097346 0.7076663 0.29718 -0.641009 0.5938187 0.1404234 -0.7922505 0.654802 0.2598623 -0.7097225 0.5937969 0.1404228 -0.7922668 0.6226923 0.0967226 -0.7764658 0.7108862 -0.007245957 -0.7032698 0.7146658 -0.01068925 -0.6993844 -0.6933295 -0.009918093 0.7205525 -0.6940832 -0.01171743 0.7197995 -0.6938824 -0.01121407 0.7200011 -0.6932936 -0.009819388 0.7205884 -0.6993924 -0.01107031 0.7146522 -0.704021 -0.007255017 0.7101422 0.719937 -0.01066541 -0.6939575 0.7146509 -0.01069319 -0.6993997 0.7200878 -0.01066702 -0.6938011 0.7109076 -0.007249057 -0.703248 0.7214094 -0.008400261 -0.6924579 0.7210475 -0.008581519 -0.6928325 0.1648474 -0.9722063 0.1662535 0.1647272 -0.9721972 0.1664262 0.1648047 -0.9721933 0.1663722 0.164846 -0.9722066 0.1662536 0.3644331 0.7475894 0.5552465 -0.3643344 0.7477404 0.555108 -0.4437363 0.7189636 0.5349669 0.4439144 0.7184539 0.5355036 0.7967335 0.4842844 0.361503 0.7942692 0.4849815 0.3659635 0.4290583 0.7260141 0.5374128 -0.4288043 0.7263735 0.5371298 -0.7943996 0.4848666 0.3658328 -0.8680906 0.3928043 0.3035187 -0.4547544 0.7125372 0.5343118 -0.9531295 0.2311918 0.1951784 -0.9997006 -0.008179962 0.02306163 -0.9997253 -0.01453942 0.01838707 0.4581187 0.7115351 0.5327712 0.8677491 0.393476 0.3036252 0.9524282 0.2327919 0.1966941 0.999711 -0.007255434 0.02292251 0.9997189 -0.01286584 0.0199185 -0.7968466 0.4841755 0.3613995 0.007523655 0.8464151 0.5324706 -0.004448235 0.8463887 0.5325471 -0.01689636 0.8521561 0.5230149 0.01981651 0.8519173 0.5233013 0.04120689 0.8620132 0.5052081 -0.03812223 0.8615424 0.5062525 -7.44617e-5 -0.8188779 -0.5739678 -0.001556456 -0.8188846 -0.5739561 -0.001607358 -0.8190129 -0.573773 -0.001482129 -0.8180959 -0.57508 -0.003219306 -0.8192405 -0.5734413 0.001635015 -0.8190018 -0.5737887 -1 0 0 -1 -1.40206e-7 0 -0.9852695 0.1505121 0.08118009 -0.9838893 0.158584 0.08254194 -0.9226251 0.3369916 0.187616 -0.9250274 0.3276324 0.1923055 0.004996299 0.5221455 -0.8528418 0.004656195 0.5219944 -0.8529363 0.004775464 0.5219159 -0.8529836 0.004570901 0.5220928 -0.8528766 0.1740235 -0.3068118 0.9357257 -0.1831912 -0.3060514 0.9342235 -0.1814295 -0.6110703 0.770504 0.1725111 -0.6118426 0.7719382 0.1465017 -0.02823513 0.9888074 -0.1571596 -0.025936 0.9872326 0.3494946 -0.5838843 0.7327569 0.3433631 -0.2723985 0.8988331 -0.3557896 -0.5817463 0.7314268 -0.3526968 -0.2690989 0.8962091 0.3389368 0.05876272 0.9389723 -0.3479141 0.06254911 0.9354376 0.3466798 -0.6496312 0.6766037 0.1770855 -0.6818967 0.7096884 -0.1845305 -0.6802137 0.7094067 -0.3524849 -0.647421 0.6757223 0.006107985 0.7412956 -0.6711509 0.006088912 0.7449268 -0.6671186 0.004623532 0.7449414 -0.667114 0.006109833 0.7424104 -0.6699175 0.9224516 0.3376288 0.187323 0.9838248 0.1582625 0.083916 0.9853426 0.15023 0.08081555 0.9248936 0.3278993 0.1924943 0.9838251 0.1582671 0.08390408 1 0 0 0.9853423 0.150229 0.08082032 1 0 0 1 -3.19291e-7 0 2.63973e-4 0.2373126 0.9714334 -1.78976e-4 0.237697 0.9713394 -8.1761e-5 0.3246112 0.9458476 -2.64895e-5 0.3245396 0.9458721 -1.52779e-4 0.124666 0.9921988 1.03165e-4 -0.04492944 0.9989902 -1.69432e-4 -0.04507851 0.9989835 -1.59252e-4 0.1246196 0.9922047 -1.94614e-4 -0.0451703 0.9989794 4.72367e-5 -0.04542762 0.9989677 -2.35015e-6 0.9875962 0.1570159 1.14217e-6 0.9875657 0.1572069 -8.4399e-7 0.9875984 0.1570022 -8.84211e-7 0.9875835 0.1570953 1.61293e-5 -0.8159664 -0.5780994 -0.001444995 -0.8157325 -0.5784276 -0.001298129 -0.8157494 -0.5784042 -1.29067e-4 -0.8166015 -0.5772021 -6.86038e-5 -0.816667 -0.5771092 1.1e-4 -0.8169098 -0.5767655 0.001073002 -0.8167477 -0.5769941 0.001419186 -0.8168229 -0.5768868 -0.001226544 -0.8167904 -0.5769332 -7.07361e-5 -0.8168343 -0.5768724 -0.9742116 0.1523295 -0.1664559 -0.9887727 0.1060266 -0.1052951 -0.9999605 -0.007631838 0.004575431 -0.9998817 -0.01106762 0.01068431 -0.9857282 0.1663333 0.02594774 -0.9742186 0.1522969 -0.1664448 -0.9836681 0.1765431 -0.03506636 -0.9857304 0.16632 0.02594739 -0.1675103 0.7996735 0.5765958 -0.1770462 0.7986732 0.5751312 -0.1782369 0.7986351 0.5748162 -0.1662471 0.7988525 0.5780975 -0.1663917 0.8007201 0.575466 -0.1661931 0.7990412 0.5778521 0.1664146 0.8006472 0.5755608 0.1679006 0.799454 0.5767866 0.1663783 0.7987866 0.5781508 0.1663276 0.7989403 0.5779529 0.1769916 0.798633 0.5752038 0.1781587 0.7985958 0.574895 -0.4763479 -0.1045598 0.8730177 -0.4772478 -0.1045594 0.8725262 -0.4772898 -0.1048159 0.8724725 -0.4772701 -0.1044828 0.8725232 0.4763805 -0.1038455 0.8730852 0.4764998 -0.1040792 0.8729922 0.4763535 -0.1041448 0.8730643 0.4763378 -0.1041547 0.8730717 0.9648734 0.2599307 -0.03814959 0.9536585 0.297177 0.04713088 0.9800793 0.1404247 -0.1404478 0.9800764 0.1404601 -0.140432 0.9893545 0.09672451 -0.1087292 0.9648728 0.2599292 -0.03817611 0.9999635 -0.007243096 0.004551231 0.9998897 -0.01030427 0.01069599 -0.9997584 -0.009886682 0.01963049 -0.9997543 -0.009921073 0.01982343 -0.9997662 -0.01120787 0.01849591 -0.9997649 -0.0113011 0.0185061 -0.9998816 -0.01106852 0.01069313 -0.9999605 -0.007629334 0.004562258 0.9997743 -0.01068288 0.01836389 0.9997747 -0.01039302 0.01851361 0.9998899 -0.01030397 0.01068258 0.9999631 -0.007256865 0.004597604 0.9997645 -0.008728623 0.01986819 0.9997698 -0.008291006 0.01979058 -3.86435e-5 -0.9720126 0.2349286 -9.02201e-5 -0.972032 0.2348487 -8.93428e-5 -0.9720312 0.234852 -8.90611e-5 -0.9720309 0.2348531 0.6923651 0.718696 -0.06408321 0.06408822 0.7185202 -0.6925472 0.1357399 0.7477136 -0.6499993 0.649972 0.7479632 -0.1344899 -0.3083568 0.4847462 -0.818497 -0.3021073 0.4847925 -0.8207968 0.07661807 0.7260161 -0.6833962 0.6833553 0.7260857 -0.07632303 0.8208226 0.4847822 0.3020539 0.8282532 0.3927747 0.3996559 0.6991288 0.7128756 -0.05502265 0.811532 0.2310873 0.5366699 0.7236562 -0.008016109 0.6901141 0.7206273 -0.01451641 0.6931707 0.05335688 0.7106904 -0.7014786 -0.3979468 0.3932871 -0.8288328 -0.5347628 0.232878 -0.8122787 -0.6900672 -0.007232904 -0.7237092 -0.6931023 -0.01291918 -0.7207235 0.8190223 0.484179 0.3078525 0.3707935 0.8467066 -0.3815758 0.3800283 0.8466868 -0.3724247 0.3813227 0.8527173 -0.357024 0.3554512 0.8520296 -0.3843176 0.3280495 0.861577 -0.387387 0.3846178 0.8621763 -0.3297291 -0.4059019 -0.818767 0.4060347 -0.4046826 -0.8192719 0.4062338 -0.4040697 -0.8184257 0.4085428 -0.4060675 -0.8186501 0.4061049 -0.4026699 -0.8190467 0.40868 -0.4058587 -0.8189497 0.4057093 0.7063045 9.42382e-7 0.7079082 0.7063359 0 0.7078769 0.7547343 0.1504768 0.6385397 0.753795 0.158646 0.6376712 0.7850906 0.3375563 0.5193155 0.7900024 0.3271355 0.5185352 0.7063397 6.94243e-7 0.7078731 -0.6054195 0.5219362 0.6008742 -0.6066674 0.5226254 0.5990136 -0.6076276 0.5221338 0.598469 -0.607573 0.5221479 0.598512 0.6734017 -0.6115438 -0.4153846 0.4229582 -0.6120373 -0.6682191 0.7902935 -0.3058738 -0.5309215 0.5388205 -0.3068156 -0.7845616 0.8100376 -0.02592706 -0.5858044 0.5953467 -0.02824711 -0.8029724 0.3933651 -0.2721399 -0.8781821 0.2712903 -0.5835455 -0.7654257 0.8831617 -0.2688298 -0.3843905 0.768842 -0.5816856 -0.2655637 0.4243163 0.05878144 -0.9036042 0.9076924 0.06253558 -0.4149506 0.3772553 -0.6822885 -0.6262275 0.2332004 -0.6497687 -0.7234765 0.6317932 -0.6798586 -0.37233 0.7264993 -0.6479062 -0.2289463 -0.4790635 0.7414224 0.4698842 -0.4762555 0.7449964 0.4670771 -0.4764087 0.7446809 0.467424 -0.4775582 0.7423991 0.4698743 -0.6394845 0.1503174 -0.7539656 -0.5202531 0.3379398 -0.7843045 -0.6368904 0.1584509 -0.754496 -0.517319 0.3280622 -0.7904154 -0.6394874 0.1503173 -0.7539633 -0.6368914 0.1584423 -0.7544968 -0.7064307 -1.07897e-6 -0.7077823 -0.7062948 -4.56977e-6 -0.7079178 -0.7063309 -5.75522e-6 -0.7078819 0.6686539 0.3252481 -0.6686672 0.6687528 0.3248637 -0.668755 0.6869486 0.2376196 -0.6867594 0.6869645 0.2377033 -0.6867146 0.7016974 0.1246714 -0.7014825 0.7071322 -0.04505628 -0.7056444 0.7071279 -0.04505693 -0.7056488 0.7016209 0.1242997 -0.7016251 0.7071962 -0.04504841 -0.7055808 0.7070308 -0.04539185 -0.7057245 0.1113695 0.9876944 -0.1098033 0.1113729 0.9876931 -0.1098105 0.1113823 0.9876837 -0.1098858 0.111413 0.9876849 -0.109844 -0.4082776 -0.8163367 0.4085389 -0.4075975 -0.816392 0.4091071 -0.4077066 -0.8162876 0.4092065 -0.4076903 -0.8164535 0.4088915 -0.4074117 -0.8166188 0.4088395 -0.4073642 -0.8166252 0.4088736 -0.4086117 -0.8160023 0.4088724 -0.4086306 -0.8161225 0.4086138 -0.4071196 -0.8167487 0.4088709 -0.4073156 -0.8165714 0.4090297 0.5713135 0.151977 0.8065384 0.6235868 0.1059318 0.7745438 0.7101372 -0.007623553 0.7040221 0.7146385 -0.01107138 0.6994063 0.7160811 0.1664316 0.6778853 0.5713328 0.151993 0.8065215 0.6712138 0.1761782 0.7200231 0.7160742 0.1664367 0.6778913 0.5323479 0.7986095 -0.2807646 0.5262668 0.7994452 -0.289708 0.5264525 0.7992178 -0.2899979 0.5325767 0.7984297 -0.2808417 0.5248337 0.8003644 -0.2897697 0.5264664 0.7992192 -0.2899686 0.2899084 0.8002728 -0.5248967 0.2899975 0.7999669 -0.5253138 0.2898406 0.7984679 -0.5276756 0.2901749 0.7998543 -0.5253871 0.2824357 0.7987706 -0.5312207 0.280936 0.7992826 -0.5312461 0.9540638 -0.104564 -0.2807647 0.9540474 -0.1045716 -0.2808175 0.9540303 -0.1049093 -0.2807496 0.954048 -0.104559 -0.28082 0.2805327 -0.1040387 -0.9541895 0.2805159 -0.1036323 -0.9542387 0.2800686 -0.1039729 -0.9543328 0.2804011 -0.1040299 -0.954229 -0.7090405 0.2595825 -0.6556513 -0.7915262 0.1403216 -0.5948076 -0.7764627 0.09672176 -0.6226962 -0.7032622 -0.007247328 -0.7108936 -0.6994001 -0.01030594 -0.7146561 -0.6409997 0.2971873 -0.7076715 -0.7915416 0.1403285 -0.5947856 -0.7090421 0.2595855 -0.6556483 0.7205858 -0.009839117 0.693296 0.7205497 -0.009936392 0.6933322 0.7206321 -0.01144093 0.6932234 0.7206333 -0.01144319 0.693222 0.7146351 -0.01107382 0.6994099 0.7101282 -0.007617771 0.7040312 -0.7032466 -0.007255256 -0.7109091 -0.6936494 -0.01065844 -0.720234 -0.6993998 -0.01030659 -0.7146564 -0.6939606 -0.010311 -0.7199392 -0.69288 -0.008702874 -0.7210004 -0.6931479 -0.008744299 -0.7207424 0.166265 -0.9721854 -0.1649588 0.1663741 -0.9721938 -0.1647998 0.1663193 -0.972189 -0.1648831 0.1662648 -0.9721847 -0.1649635 -0.9197742 -0.03962534 -0.3904426 -0.9261652 -0.01668596 0.3767488 -0.92699 -0.03222495 0.3736991 -0.920217 -0.01455456 -0.3911382 -0.9122528 -0.06700778 -0.4041101 -0.9198938 -0.00387609 0.3921485 -0.3800668 -0.05191254 -0.9235011 -0.361622 -0.10682 -0.9261853 -0.3849316 0.003024935 0.9229402 -0.3676703 0.0396707 0.9291097 0.3845006 0.003051698 0.9231197 0.3861031 -0.03968513 0.9216017 -0.3861888 -0.03970748 0.9215648 0.3676438 0.03970915 0.9291185 -0.9270737 -0.05703663 0.370515 -0.3846135 -0.09978365 0.9176687 -0.3784428 -0.1221211 0.9175333 -0.9182459 -0.06656038 0.3903774 -0.9191854 0.009912252 -0.3937007 -0.9643356 -0.09460645 -0.2471972 -0.8654914 0.2399488 0.4397152 -0.9255855 0.354534 0.1326551 -0.3372225 0.7141296 0.613433 -0.3343002 0.1592826 0.9289093 -0.3905951 0.8589614 0.3310903 -0.9228977 0.3783119 0.07169389 -0.3859094 0.886234 0.2562485 -0.9221464 -0.2961891 -0.2488332 -0.457453 -0.1570551 -0.8752546 -0.3785325 0.06334525 -0.9234178 -0.3800437 0.003049552 -0.9249636 0 0.1965584 0.9804921 0 0.7429631 0.6693324 -0.3372218 0.7141323 0.6134302 0 0.931132 0.3646824 -0.3905758 0.8589767 0.3310732 -0.3859333 0.8862218 0.2562546 0 0.9588792 0.2838149 -0.3783929 0.884807 0.2719109 -0.9271218 0.3659746 0.08067059 -0.9209613 0.350863 0.1694857 -0.9327049 -0.3556947 -0.05952143 -0.9221644 -0.3381629 -0.1877729 -0.9229038 0.3783 0.07167875 -0.9221345 -0.2961911 -0.2488756 -0.37406 0.8591183 0.3492777 0.3741385 0.8591131 0.3492062 0.3783878 0.8848533 0.2717673 0.3798767 0.8482056 0.3691082 -0.3798754 0.8482043 0.369113 0.9209612 0.3508622 0.1694888 0.9271265 0.3659846 0.08057236 0.932707 -0.355685 -0.05954748 0.922158 -0.3381754 -0.1877821 0.9257947 -0.3744527 0.05185967 0.9007741 0.3771954 0.2152434 0.9237254 0.37712 0.06717169 0.9264937 -0.2739785 -0.2579637 -0.900806 0.3770964 0.2152838 0.3830662 0.8882951 0.2533619 0 0.9588238 0.2840019 -2.10152e-6 0.9311835 0.3645511 0.3878472 0.8589228 0.3344041 0.337221 0.7141303 0.613433 0 0.742962 0.6693337 0.3354704 0.1585732 0.9286088 0 0.196886 0.9804265 0.376793 -0.1220277 0.9182245 0.9182063 -0.0662232 0.3905274 0.8654855 0.2399591 0.4397209 0.970426 -0.09995979 -0.2197306 0.926056 0.3522649 0.135388 0.9191932 0.009913206 -0.3936821 0.927071 -0.05703407 0.370522 0.337251 0.7141249 0.6134227 0.9264958 -0.2739704 -0.2579651 0.923729 0.3771134 0.06715971 0.3878671 0.8589193 0.3343905 0.3831065 0.8882777 0.2533617 0.3846048 -0.09978175 0.9176725 0.9269992 -0.03222513 0.3736765 0.4410941 -0.1946 -0.876109 0.3781615 0.06332695 -0.9235711 -0.3785161 0.06333392 -0.9234254 -0.4574408 -0.1570588 -0.8752602 0.9202282 -0.01455473 -0.3911117 0.9197748 -0.03962588 -0.3904409 0.926133 -0.01675289 0.3768252 0.3797429 0.003042995 -0.9250871 -0.005009949 -0.1304451 0.9914429 0.01371389 -0.1296545 0.9914644 0.001515746 -0.1251488 0.9921368 0 -0.123302 0.9923693 0.3800581 -0.05188286 -0.9235065 -0.3800572 0.003089487 -0.9249578 -0.3800899 -0.05190873 -0.9234919 -0.3616174 -0.1068184 -0.9261872 0.3615798 -0.1067634 -0.9262082 0.9122439 -0.06702387 -0.4041274 0.9198947 -0.003874659 0.3921462 0.8357876 -0.439235 -0.3294415 0.8382087 -0.3587684 0.4107207 0.2885195 -0.928156 -0.2351238 0.2946312 -0.4701787 -0.8319402 0.2929957 -0.8467947 0.443951 -0.2884218 -0.9278256 -0.236543 -0.2929699 -0.8467848 0.4439866 0.2976691 -0.2640641 0.9174221 -0.2946433 -0.4701952 -0.8319267 -0.2976537 -0.2640473 0.917432 0.297659 -0.264078 0.9174214 -0.2976811 -0.2640731 0.9174157 -0.8383083 -0.3568591 0.4121783 -0.2929203 -0.8467997 0.4439913 -0.2884262 -0.9278303 -0.2365193 -0.835783 -0.4392757 -0.3293991 -0.2946254 -0.4701662 -0.8319494 1.69583e-6 0.9270382 0.3749668 3.59422e-6 0.7493553 0.6621682 6.40253e-6 0.749353 0.6621708 0 0.9270375 0.3749688 0 0.9341016 0.3570073 0 0.9341006 0.3570103 3.85179e-6 0.1966189 0.98048 6.41267e-6 0.1969281 0.980418 0 -0.1271 0.99189 0 -0.1274328 0.9918473 0 -0.1265054 0.9919659 0 -0.1265056 0.9919659 -0.3862822 -0.898001 -0.2106667 0.3753307 -0.8425635 -0.3862819 -0.3752427 -0.8425734 -0.3863461 0.3862892 -0.8979984 -0.2106651 -0.3799716 -0.9247856 0.01983314 0.3800427 -0.9247557 0.01986289 0.3435602 -0.6451126 -0.6824927 -0.4088723 -0.6659386 -0.6239786 0.9221605 -0.3381664 -0.1877859 0.932702 -0.3557013 -0.05952823 -0.9221555 -0.3381771 -0.1877914 -0.9327135 -0.3556723 -0.05952197 -0.9221481 -0.2961781 -0.2488402 -0.9643312 -0.09460425 -0.2472157 -0.4574471 -0.1570565 -0.8752574 0.9265053 -0.2739728 -0.2579283 0.9704326 -0.09991943 -0.2197196 0.4411058 -0.1946257 -0.8760973 0.3459407 -0.9304556 0.1207374 0.8834325 -0.4562218 0.1068124 0.9257995 -0.374444 0.05183768 -0.3461897 -0.9303908 0.1205234 -0.8834332 -0.4562183 0.1068215 -0.9258069 -0.3744257 0.05183774 -0.9257932 -0.3744564 0.05185985 -0.8834298 -0.4562335 0.1067841 0 0.6123485 0.790588 0 0.6126131 0.7903831 0 0.6123489 0.7905877 0 0.6123498 0.7905871 0.6528581 0.6070801 0.4530232 0.6528498 0.6070882 0.4530245 0.7949315 0.4882749 0.3600994 0.65283 0.6071029 0.4530332 0.7496185 0.6114354 0.2534146 0.7338415 0.6239992 0.2685176 0.7338521 0.623997 0.2684936 0.733839 0.6240116 0.2684956 0.7337179 0.341692 0.5872859 0.7337339 0.3416977 0.5872626 0.7373304 0.3434354 0.5817182 0.733737 0.3416907 0.5872628 0.7353051 -0.08234441 0.6727153 0.7522802 -0.07476776 0.6545871 0.7522442 -0.074804 0.6546245 0.7522575 -0.07479447 0.6546101 0.7479181 4.14505e-5 0.6637911 0.7479271 4.79111e-5 0.6637809 0.7479917 9.39719e-5 0.6637082 0.7480076 1.05316e-4 0.6636902 0 0.2105108 0.9775915 0 0.210511 0.9775915 0 0.2105107 0.9775916 0 0.2105104 0.9775916 -0.7479252 4.16337e-5 0.6637831 -0.7479145 3.41398e-5 0.6637951 -0.748001 9.50618e-5 0.6636976 -0.7480197 1.08221e-4 0.6636765 -0.7371328 -0.07708382 0.6713371 -0.737068 -0.07706367 0.6714105 -0.737049 -0.07706373 0.6714313 -0.7525924 -0.07963383 0.6536538 -0.7335709 0.3447505 0.5856799 -0.7368098 0.3401928 0.5842775 -0.7368023 0.340222 0.58427 -0.7368267 0.3401921 0.5842567 -0.746277 0.611703 0.2624692 -0.7461399 0.6118798 0.2624471 -0.7461521 0.611864 0.2624494 -0.7326651 0.6284349 0.261288 -0.7129836 0.5374184 0.4503731 -0.7129802 0.5374205 0.4503761 -0.6912969 0.6118084 0.3844464 -0.713007 0.5373585 0.4504075 0.2946169 -0.4701748 -0.8319475 -0.2946202 -0.470144 -0.8319637 0.8834319 -0.4562293 0.1067842 0.3507496 0.8650903 0.3585997 -0.3263175 0.7882171 0.5217576 0.3260611 0.7881838 0.5219678 -0.3509442 0.8643881 0.3600991 0.3389018 0.3790479 0.8610857 0.8557184 0.3268131 0.4011724 -0.3376365 0.3801499 0.8610967 -0.3041518 0.1300277 0.9437079 0.3051735 0.1327347 0.9430009 -0.8559284 0.3280032 0.3997507 0.884858 0.4229636 0.1952646 -0.8845879 0.4228476 0.1967337 -0.8358452 0.09002506 0.5415333 -0.8559359 0.3280086 0.39973 -0.9990094 0.02731812 0.03513008 -0.8845884 0.4228415 0.1967443 0.8344365 0.09380859 0.5430613 0.8557252 0.3268081 0.4011619 0.9990797 0.02669882 0.0335713 0.8848477 0.4229862 0.1952624 0.797887 -0.03985959 -0.6014878 0.1371688 -0.01690292 -0.9904035 0.1402139 -0.03214114 -0.9895994 0.7985622 -0.0144909 -0.6017378 0.8074313 -0.06715959 -0.5861267 0.119156 -0.003817975 -0.9928683 0.9829592 -0.106846 0.1495834 0.9896034 -0.05182957 0.1341602 -0.6076952 0.003051757 -0.7941645 -0.6207674 0.03997439 -0.7829751 -0.9884079 0.03949409 -0.1465951 -0.9917563 0.00303018 -0.1281028 -0.9909883 -0.03963655 -0.12795 -0.6063447 -0.03970998 -0.7942098 0.1431066 -0.05713164 -0.988057 -0.6033332 -0.100047 -0.7911888 -0.6053978 -0.1220067 -0.7865163 0.1206133 -0.06638073 -0.9904777 0.8012108 0.009919881 -0.5983001 0.6962493 -0.09466773 -0.71153 0.05185681 0.2397168 -0.969457 0.34819 0.3550823 -0.8675715 -0.09154534 0.8590988 -0.5035562 -0.0289911 0.8869206 -0.4610113 0.3993309 0.3780027 -0.8352538 -0.363212 0.71425 -0.5982676 -0.6375475 0.1593562 -0.7537499 0.6769791 -0.2958272 -0.6739329 0.9866646 -0.1570671 0.04269713 0.9889168 0.06333005 0.1342868 0.9909262 0.003037929 0.1343734 -0.848446 0.1968483 -0.4913149 -0.8588057 -0.1235342 -0.4971842 -0.8558673 -0.1304451 -0.500475 -0.864831 -0.1296477 -0.485035 -0.9870885 -0.09990864 -0.125198 -0.9837673 -0.122106 -0.1314992 -0.784863 -0.05723875 0.6170201 -0.7868906 -0.03193175 0.616266 -0.7971993 -0.06655889 0.6000361 -0.1190232 0.009925007 0.9928419 -0.29488 -0.100064 0.9502805 -0.8130052 0.2394822 0.530727 -0.5817589 0.3527098 0.7329069 -0.9718663 0.1587285 -0.1740156 -0.6993518 0.7146149 -0.01525187 -0.2411645 -0.2739636 0.9310123 -0.5204313 0.3769722 0.7661875 -0.4119555 0.8879727 0.2044434 -0.4839927 0.8588019 0.1679594 0.5381152 -0.1943864 0.82015 0.6099971 0.06328547 0.7898725 0.9889166 0.06331938 0.1342928 0.9866623 -0.1570832 0.04268944 -0.1218425 -0.01451826 0.9924433 0.6121354 0.00305283 0.7907471 -0.7891915 -0.01646399 0.6139266 -0.1219547 -0.03987449 0.9917344 0.9909282 0.003049671 0.1343578 0.610284 -0.05198258 0.7904754 0.989598 -0.05182802 0.1342008 0.6217001 -0.1069416 0.7759205 0.9829614 -0.106841 0.1495721 -0.105541 -0.06729024 0.9921357 -0.799278 -0.003812432 0.6009494 -0.1327815 -0.4396851 0.8882827 -0.7744958 -0.358277 0.5213385 0.05958867 -0.9284642 0.3666107 0.5735023 -0.4698088 0.6710998 -0.530932 -0.8467511 0.03352373 0.3480862 -0.9282259 -0.131274 -0.2379699 -0.8466486 -0.4759797 -0.9432319 -0.2640396 -0.2014861 0.8678726 -0.469746 0.1616662 -0.6452401 -0.2638981 -0.7169541 -0.9432404 -0.2640215 -0.2014703 -0.6452549 -0.2639023 -0.7169391 0.06270807 -0.3575894 -0.9317712 -0.2379791 -0.8466496 -0.4759732 0.3480744 -0.9282279 -0.1312909 0.7034584 -0.4395025 -0.5585551 0.8678525 -0.4697823 0.1616688 -0.325074 0.92717 -0.1862331 -0.5739675 0.7495343 -0.3297872 -0.5740106 0.7495509 -0.3296746 -0.3250854 0.9271752 -0.1861872 -0.3098101 0.9341476 -0.1771609 -0.3098279 0.9341496 -0.177119 -0.8484793 0.1968551 -0.4912543 -0.848483 0.1968564 -0.4912477 -0.8584106 -0.1272835 -0.4969208 -0.8583863 -0.1272925 -0.4969605 -0.8584165 -0.1265572 -0.4970961 -0.8584191 -0.1265593 -0.4970911 -0.1145464 0.8596678 -0.4978459 -0.04711842 0.8847019 -0.4637698 -0.4254457 0.8843439 0.1921769 -0.4897504 0.8589485 0.1495058 -0.1297294 0.8486199 -0.5128495 -0.5096057 0.8483532 0.143524 -0.5327476 0.3661833 0.7629482 -0.6067277 0.3506211 0.7134048 -0.4154893 -0.3559129 0.8370752 -0.2993946 -0.3383593 0.8921188 -0.5082832 -0.3747227 0.7753911 -0.6379142 0.3769569 0.6715422 -0.5204544 0.3769888 0.7661637 -0.241152 -0.2739908 0.9310075 0.3939316 0.3665993 -0.8428658 0.3143248 0.3509789 -0.8820509 0.5173731 -0.3556328 -0.7783641 0.6238594 -0.3378627 -0.7047328 0.399349 0.3779937 -0.8352492 0.6769924 -0.2958151 -0.673925 0.263772 0.3766847 -0.8879938 -0.02901589 0.8869234 -0.4610042 -0.2456039 0.9587103 -0.1433651 -0.3156893 0.9310453 -0.1830166 -0.09157013 0.859094 -0.5035596 -0.3632476 0.7142361 -0.5982626 -0.5795174 0.7427023 -0.3354893 -0.2456026 0.9587107 -0.1433644 -0.4119415 0.8879823 0.2044305 -0.3156911 0.9310439 -0.1830201 -0.4839926 0.8588026 0.1679562 -0.6993702 0.7145969 -0.01525324 -0.5795388 0.7427345 -0.3353807 -0.84843 0.1968466 -0.4913432 -0.8598901 -0.1252032 -0.4948872 -0.01073592 -0.8980023 0.4398599 0.1478431 -0.8421581 0.5185673 0.5222037 -0.8426086 -0.1315837 0.375432 -0.8981339 -0.2289242 0.1724944 -0.9248788 -0.3388878 -0.2074478 -0.9243258 0.3202927 0.7446842 -0.6660578 -0.04257267 0.4199336 -0.6451612 0.6382969 -0.4155086 -0.3558958 0.8370727 -0.2993895 -0.3383708 0.8921161 0.5173754 -0.3556249 -0.778366 0.623889 -0.3378699 -0.7047032 0.6769755 -0.2957946 -0.6739509 0.6962487 -0.09468924 -0.7115278 0.9866636 -0.1570766 0.04268407 -0.2411283 -0.2739608 0.9310224 -0.2948877 -0.1000694 0.9502775 0.5381308 -0.1943621 0.8201455 -0.2776874 -0.930714 0.2380362 -0.5343168 -0.4564688 0.7114366 -0.5082763 -0.3747251 0.7753943 0.06840759 -0.9304513 -0.3599732 0.3495652 -0.4564334 -0.8182133 0.4182798 -0.3747894 -0.8273905 0.4182804 -0.3747627 -0.8274022 0.3495391 -0.4564444 -0.8182181 -0.6844012 0.6120004 -0.3962961 -0.6843774 0.6119658 -0.3963906 -0.6843906 0.6119856 -0.3963373 -0.6843805 0.611972 -0.3963758 -0.7089671 0.4878854 0.509248 -0.7186694 0.6072634 0.3387411 -0.718665 0.6072799 0.3387209 -0.7186643 0.607281 0.3387205 -0.5997958 0.624204 0.500614 -0.5997766 0.6242069 0.5006335 -0.5998073 0.6242262 0.5005725 -0.5950421 0.6111582 0.5219297 -0.875499 0.341679 0.3416972 -0.8755207 0.3416554 0.3416655 -0.8725168 0.3431949 0.3477525 -0.8755072 0.3416548 0.3417006 -0.9432451 -0.07479685 0.323565 -0.9432399 -0.07481408 0.3235762 -0.9497917 -0.08232188 0.3018593 -0.9432427 -0.07478851 0.3235739 -0.9483829 -4.64561e-6 0.3171275 -0.9492961 -5.46488e-6 0.3143832 -0.949298 -2.56434e-7 0.3143779 -0.9493024 0 0.3143645 -0.8468182 0.2106319 -0.4883985 -0.8468171 0.2106321 -0.4884004 -0.8468686 0.2105933 -0.4883278 -0.8467429 0.2106904 -0.4885038 -0.2013807 9.93096e-7 -0.9795131 -0.2009262 2.86918e-5 -0.9796065 -0.2011386 3.84797e-5 -0.9795628 -0.2012526 2.35064e-5 -0.9795394 -0.2136853 -0.07708555 -0.9738565 -0.2137033 -0.07695645 -0.9738628 -0.2136753 -0.07708638 -0.9738587 -0.1890031 -0.07926106 -0.9787725 -0.137266 0.3401051 -0.9303154 -0.1372734 0.3400931 -0.9303187 -0.1404393 0.3449813 -0.9280436 -0.1372651 0.3401012 -0.9303169 0.1463899 0.6114612 -0.7776151 0.1463966 0.611438 -0.7776322 0.1402648 0.6281452 -0.7653493 0.1463723 0.6114451 -0.7776311 -0.03358471 0.537454 -0.8426242 -0.03359311 0.5373563 -0.8426861 -0.03359657 0.5373523 -0.8426885 0.0119825 0.6121867 -0.7906225 0.5735015 -0.4697915 0.6711125 0.8678552 -0.4697815 0.1616561 -0.5343118 -0.4564562 0.7114483 -0.2884542 0.7885466 -0.5431286 -0.6149901 0.7882413 0.0215128 -0.485356 0.8653172 0.1251229 -0.1357243 0.8639277 -0.4849824 -0.9152672 0.3787268 -0.1373022 -0.7753391 0.3270175 0.540286 -0.5766651 0.3800894 -0.7231802 -0.9691671 0.132773 -0.2075733 -0.6651864 0.1300255 -0.735269 0.08095002 0.3284462 -0.9410474 -0.6109274 0.4234289 0.6689362 0.271777 0.4233343 -0.8642484 -0.05034244 0.09000843 -0.9946678 0.08097803 0.3284482 -0.9410443 0.4690781 0.02731704 -0.8827342 0.271794 0.4233483 -0.8642362 -0.887414 0.09375917 0.4513376 -0.7753426 0.3270013 0.5402908 -0.5292983 0.02672666 0.8480147 -0.6109238 0.4234349 0.6689357 0.1219466 -0.0398764 0.9917353 0.7892143 -0.01646453 0.6138973 0.1220441 -0.0145089 0.9924187 0.7868925 -0.03193634 0.6162631 0.1055073 -0.06729346 0.992139 0.7993075 -0.003810644 0.6009102 -0.6216759 -0.1069296 0.7759414 -0.6103667 -0.0518639 0.7904193 0.9917538 0.003030359 -0.1281224 0.9884322 0.03972154 -0.1463695 0.6076944 0.003051877 -0.7941651 0.9909884 -0.0396369 -0.1279494 0.6063861 -0.03971487 -0.7941781 0.6204509 0.03974276 -0.7832378 0.7848682 -0.05724102 0.6170135 0.9870883 -0.099909 -0.1251999 0.9837689 -0.1221076 -0.1314863 0.7964596 -0.06637984 0.6010375 0.1189951 0.009924232 0.9928452 0.2686554 -0.09462821 0.9585769 0.8129892 0.2394754 0.5307543 0.5779474 0.3545508 0.735031 0.4820037 0.8587415 0.1738834 0.4147872 0.8859701 0.2073855 0.5235932 0.3785749 0.7632374 0.7001121 0.7138699 -0.01525783 0.9717649 0.1593942 -0.1739731 0.245311 -0.2955732 0.923287 -0.5297247 -0.1572394 0.8334672 -0.6099591 0.06327557 0.7899026 -0.6121466 0.003041803 0.7907385 0.8587839 -0.1235426 -0.4972199 0.861122 -0.1304445 -0.491379 0.6033042 -0.1000383 -0.791212 0.8521247 -0.1298044 -0.5069857 0.6054115 -0.1220089 -0.7865055 -0.1430029 -0.05710965 -0.9880732 -0.1403279 -0.03211301 -0.9895842 -0.1206128 -0.06637889 -0.9904779 -0.8011612 0.009919404 -0.5983663 -0.6763408 -0.1000163 -0.7297671 -0.0518347 0.2393853 -0.9695401 -0.3449165 0.3525471 -0.8699098 0.6370746 0.159134 -0.7541965 0.3618978 0.7146311 -0.5986087 -0.6861792 -0.2736859 -0.6739838 -0.4031657 0.3771837 -0.8337805 0.0274918 0.8885117 -0.4580298 0.09614461 0.8585354 -0.5036601 -0.9792009 -0.1944404 0.05795419 -0.9889188 0.06332761 0.1342738 -0.5297005 -0.157205 0.8334891 -0.609945 0.06329935 0.7899116 -0.7986041 -0.01450002 -0.6016823 -0.990979 0.003033936 0.1339835 -0.797878 -0.03985714 -0.6015 -0.1370828 -0.01644265 -0.9904232 -0.6121211 0.003060758 0.7907583 -0.6103742 -0.05186438 0.7904135 -0.9896064 -0.05185168 0.1341297 -0.6216688 -0.1069296 0.7759472 -0.9829506 -0.1069169 0.1495894 -0.8060663 -0.06708025 -0.5880112 -0.1190479 -0.003825664 -0.9928812 -0.7034689 -0.4394987 -0.5585449 -0.06259089 -0.3587915 -0.9313169 -0.348101 -0.9282112 -0.1313385 -0.867853 -0.4697874 0.1616504 0.2377513 -0.8467258 -0.4759515 -0.06109124 -0.9284285 0.366454 0.5310004 -0.8468218 0.03052103 0.6452639 -0.2638888 -0.7169361 -0.5734768 -0.4698044 0.6711246 0.9432399 -0.2640439 -0.2014432 0.6452505 -0.2639203 -0.7169366 0.9432418 -0.2640233 -0.2014611 0.7745218 -0.3582832 0.5212957 0.5309993 -0.8468223 0.03052681 -0.06105792 -0.9284153 0.3664928 0.1328062 -0.4396816 0.8882807 -0.5734882 -0.4697862 0.6711276 0.325075 0.9271693 -0.1862342 0.3250715 0.9271701 -0.1862369 0.5739734 0.7495373 -0.3297703 0.5739654 0.7495332 -0.3297935 0.3098324 0.934148 -0.17712 0.3098586 0.9341481 -0.1770735 0.8484542 0.1968513 -0.4912995 0.8484249 0.1968475 -0.4913516 0.8583406 -0.127308 -0.4970353 0.8583396 -0.1273083 -0.4970371 0.8584553 -0.1265532 -0.4970302 0.8584753 -0.1265514 -0.4969958 0.4894214 0.8590799 0.149828 0.4254057 0.8843778 0.1921096 0.04712522 0.8847029 -0.4637674 0.1145653 0.859639 -0.4978914 0.509627 0.8483595 0.143411 0.1297494 0.8486367 -0.5128168 -0.3939648 0.3664789 -0.8429027 -0.3143259 0.3509803 -0.8820499 -0.517373 -0.3556303 -0.7783651 -0.6238638 -0.3378759 -0.7047227 -0.418275 -0.3747845 -0.8273951 -0.2637806 0.3766779 -0.8879942 -0.4031479 0.3771909 -0.8337859 -0.6861763 -0.2736995 -0.6739813 0.5326645 0.3662131 0.7629918 0.6067154 0.350615 0.7134183 0.415489 -0.3559095 0.8370767 0.2994042 -0.3383466 0.8921203 0.5235974 0.3785789 0.7632325 0.2453055 -0.29558 0.9232863 0.6379209 0.3769595 0.6715345 0.4147737 0.8859758 0.2073884 0.2456045 0.9587103 -0.1433635 0.3156499 0.931086 -0.1828776 0.4819884 0.8587452 0.1739077 0.7001196 0.7138621 -0.01527547 0.5795363 0.7427349 -0.3353843 0.8484326 0.1968485 -0.4913377 0.2456038 0.9587106 -0.1433624 0.0274828 0.8885264 -0.4580019 0.3156527 0.9310835 -0.1828854 0.09614104 0.8585267 -0.5036754 0.3618769 0.7146509 -0.5985977 0.5795453 0.7427497 -0.3353359 0.8484714 0.1968481 -0.4912712 0.8586035 -0.1250398 -0.4971569 -0.3755609 -0.8980029 -0.2292264 -0.5221998 -0.8426124 -0.131574 -0.1465215 -0.8422839 0.5187382 0.01074129 -0.8979991 0.439866 -0.1725426 -0.9248327 -0.3389892 0.2074888 -0.924344 0.3202135 -0.3357597 -0.6663578 0.6657573 -0.7631245 -0.6448385 0.04271507 -0.5173712 -0.3555964 -0.7783818 -0.6238846 -0.3378514 -0.704716 0.4154959 -0.3559178 0.8370697 0.2993994 -0.3383471 0.8921219 0.2453003 -0.2955647 0.9232926 0.268642 -0.09461635 0.9585819 -0.5297155 -0.1572245 0.833476 -0.6861767 -0.273694 -0.673983 -0.6763387 -0.09998697 -0.729773 -0.9791969 -0.1944573 0.05796647 -0.06841194 -0.9304529 -0.3599683 -0.3495768 -0.456439 -0.8182051 -0.418285 -0.3747825 -0.8273909 0.2776917 -0.9307225 0.2379983 0.5343254 -0.4564834 0.7114207 0.5082864 -0.3747148 0.7753927 0.5082789 -0.3747394 0.7753856 0.5343174 -0.4564625 0.7114402 0.6844047 0.6120026 -0.3962869 0.6843975 0.6119854 -0.3963257 0.684406 0.6120021 -0.3962852 0.6843777 0.6119731 -0.3963789 -0.08534753 0.4877498 -0.8688014 0.06719607 0.607878 -0.7911821 0.06719505 0.6078875 -0.7911748 0.06722384 0.6078906 -0.7911701 -0.1343652 0.6244077 -0.769455 -0.134457 0.6243507 -0.7694854 -0.1343527 0.6244165 -0.7694501 -0.1557331 0.6115573 -0.7757222 0.1355978 0.3429037 -0.9295323 0.1420667 0.3421995 -0.9288254 0.1420309 0.3421993 -0.9288309 0.1420406 0.3421745 -0.9288386 0.1905854 -0.07471305 -0.9788234 0.1905813 -0.07470953 -0.9788245 0.2150478 -0.08234316 -0.973126 0.1906051 -0.07471102 -0.9788198 0.2013569 7.35969e-6 -0.9795181 0.2011448 3.73849e-5 -0.9795616 0.2013661 1.66374e-6 -0.979516 0.2009094 3.80728e-5 -0.9796099 0.8468104 0.2106389 -0.4884089 0.8468638 0.2106022 -0.4883325 0.8468163 0.2106422 -0.4883975 0.8469073 0.2105638 -0.4882735 0.9483392 -1.06264e-5 0.3172582 0.9483913 2.02956e-7 0.3171027 0.9492982 7.79575e-7 0.3143774 0.948365 1.27841e-6 0.3171814 0.9428876 -0.07934945 0.3235227 0.9501889 -0.07702094 0.302008 0.9502061 -0.07701826 0.3019549 0.9502332 -0.07696032 0.3018842 0.8747032 0.3403908 0.3450052 0.8746885 0.3404493 0.3449845 0.8741927 0.3448578 0.3418485 0.8746703 0.340412 0.3450675 0.6006374 0.6113314 0.5152754 0.6006454 0.6113238 0.5152752 0.5922502 0.6288914 0.5037215 0.6006481 0.6113057 0.5152934 0.7460725 0.537054 0.3936356 0.7460927 0.5370402 0.3936161 0.7460678 0.5370604 0.3936356 0.6790004 0.6117426 0.4058688 -0.86785 -0.4697895 0.1616616 -0.5735135 -0.4697685 0.6711184 -0.3495486 -0.4564325 -0.8182208 0.1358511 0.8653717 -0.4823656 0.6148309 0.7883664 0.02148306 0.2885308 0.7883687 -0.5433461 0.4868132 0.8645044 0.1250801 0.5769833 0.3789569 -0.7235206 -0.0792334 0.3265368 -0.9418577 0.9146277 0.3800942 -0.1377848 0.9695722 0.1297619 -0.2075856 0.6640598 0.132788 -0.7357935 0.7744352 0.3284016 0.5407426 -0.2732112 0.423187 -0.8638684 0.6118648 0.4230483 0.66832 0.887344 0.09010404 0.452219 0.7744418 0.3284196 0.5407221 0.5293726 0.02742981 0.8479459 0.6118505 0.4230381 0.6683396 0.05336207 0.09376639 -0.9941632 -0.07926118 0.3265131 -0.9418635 -0.470097 0.02671456 -0.8822104 -0.2732158 0.4231442 -0.8638878 0.4053451 0.8193845 -0.4053447 0.4895511 0.8267497 -0.2771727 0.644024 0.6685763 -0.371805 0.5243412 0.6709198 -0.5243406 0.1635593 0.9728807 -0.1635593 0.3720488 0.6683736 -0.6440936 0.277173 0.8267488 -0.4895526 0.1950148 0.6744938 -0.7120586 0.1523494 0.8260056 -0.5426827 -1.3113e-5 0.9727659 -0.2317899 -1.16547e-5 1 8.44896e-6 0.7164064 0.6708008 -0.1918028 0.5454956 0.8244953 -0.1504731 0.7436661 0.6685513 7.79604e-6 0.5725552 0.8198662 -1.36644e-5 0.2317894 0.972766 1.28075e-5 1.45063e-5 0.67731 -0.7356978 1.47522e-5 0.823408 -0.5674499 -0.644024 0.6685763 -0.3718051 -0.4895511 0.8267495 -0.2771731 -0.4053451 0.8193843 -0.4053452 -0.5243413 0.6709195 -0.5243408 -0.1638047 0.9727981 -0.1638048 -0.371805 0.6685746 -0.6440258 -0.277173 0.8267487 -0.4895527 -0.1950441 0.6744648 -0.712078 -0.1523808 0.8260179 -0.5426552 1.31056e-5 0.9727661 -0.2317894 8.16584e-6 1 1.14435e-5 -0.7164067 0.6708003 -0.1918028 -0.5455636 0.8244565 -0.1504393 -0.7436665 0.6685509 7.75605e-6 -0.5725503 0.8198696 -1.36793e-5 -0.2317894 0.972766 1.24499e-5 -1.45703e-5 0.6773107 -0.7356972 -1.48118e-5 0.8234089 -0.5674487 0.4053459 0.8193833 0.4053465 0.5243428 0.6709166 0.5243431 0.6440947 0.6683712 0.3720512 0.4895526 0.8267484 0.2771739 0.1634674 0.9729115 0.1634671 0.3716682 0.6686888 0.6439861 0.2771729 0.8267483 0.4895533 0.1950141 0.6744925 0.7120599 0.1523182 0.8259937 0.5427096 -1.33365e-5 0.9727659 0.2317897 -1.169e-5 1 -8.32335e-6 0.7164068 0.6708002 0.1918035 0.5456315 0.8244177 0.150406 0.7436661 0.6685513 -7.78586e-6 0.5725551 0.8198664 1.36346e-5 0.2317891 0.9727661 -1.2815e-5 1.35189e-5 0.6773104 0.7356975 1.36755e-5 0.8234084 0.5674492 -0.4053459 0.8193832 0.405347 -0.4895526 0.8267484 0.2771741 -0.6440259 0.6685728 0.3718082 -0.5245164 0.6706455 0.5245162 -0.1635593 0.9728807 0.1635596 -0.3720496 0.6683708 0.6440961 -0.2771729 0.8267481 0.4895536 -0.1950143 0.6744934 0.712059 -0.1523183 0.8259943 0.5427087 1.33514e-5 0.9727661 0.2317892 8.21677e-6 1 -1.13323e-5 -0.7164072 0.6707997 0.1918036 -0.5456318 0.8244174 0.1504063 -0.7436664 0.668551 -7.77349e-6 -0.5725502 0.8198698 1.36569e-5 -0.2317892 0.9727661 -1.24574e-5 -1.3724e-5 0.6773119 0.7356961 -1.3724e-5 0.8234094 0.5674479</float_array>
          <technique_common>
            <accessor source="#Trilarian_Battleship_A_1-mesh-normals-array" count="5298" stride="3">
              <param name="X" type="float"/>
              <param name="Y" type="float"/>
              <param name="Z" type="float"/>
            </accessor>
          </technique_common>
        </source>
        <source id="Trilarian_Battleship_A_1-mesh-map-0">
          <float_array id="Trilarian_Battleship_A_1-mesh-map-0-array" count="28644">0.803259 0.5273232 0.8066783 0.5799822 0.764737 0.5782433 0.764737 0.5782433 0.7614731 0.532846 0.803259 0.5273232 0.7614731 0.532846 0.764737 0.5782433 0.7286419 0.5767432 0.7286419 0.5767432 0.7255881 0.5381032 0.7614731 0.532846 0.7255881 0.5381032 0.7286419 0.5767432 0.6892417 0.5751045 0.6892417 0.5751045 0.686624 0.5447331 0.7255881 0.5381032 0.686624 0.5447331 0.6892417 0.5751045 0.6484841 0.5729939 0.6484841 0.5729939 0.6467781 0.5520978 0.686624 0.5447331 0.6467781 0.5520978 0.6484841 0.5729939 0.6139448 0.5655537 0.6139448 0.5655537 0.616104 0.552967 0.6467781 0.5520978 0.764737 0.5782433 0.8066783 0.5799822 0.7989093 0.6321803 0.8159965 0.6359131 0.7989093 0.6321803 0.8066783 0.5799822 0.8066783 0.5799822 0.8240492 0.5807022 0.8159965 0.6359131 0.7989093 0.6321803 0.7577276 0.6232173 0.764737 0.5782433 0.7286419 0.5767432 0.764737 0.5782433 0.7577276 0.6232173 0.7577276 0.6232173 0.7989093 0.6321803 0.7828232 0.6822785 0.7828232 0.6822785 0.7434256 0.6667471 0.7577276 0.6232173 0.7577276 0.6232173 0.7434256 0.6667471 0.7097232 0.6519253 0.7097232 0.6519253 0.722405 0.6149995 0.7577276 0.6232173 0.7577276 0.6232173 0.722405 0.6149995 0.7286419 0.5767432 0.6892417 0.5751045 0.7286419 0.5767432 0.722405 0.6149995 0.722405 0.6149995 0.7097232 0.6519253 0.6736777 0.6339044 0.6736777 0.6339044 0.6841365 0.6051596 0.722405 0.6149995 0.722405 0.6149995 0.6841365 0.6051596 0.6892417 0.5751045 0.6484841 0.5729939 0.6892417 0.5751045 0.6841365 0.6051596 0.6841365 0.6051596 0.6736777 0.6339044 0.6372098 0.6133958 0.6372098 0.6133958 0.6448711 0.5938112 0.6841365 0.6051596 0.6841365 0.6051596 0.6448711 0.5938112 0.6484841 0.5729939 0.6448711 0.5938112 0.6372098 0.6133958 0.6034362 0.5901908 0.6034362 0.5901908 0.609816 0.578106 0.6448711 0.5938112 0.575101 0.5642033 0.609816 0.578106 0.6034362 0.5901908 0.575101 0.5642033 0.5827994 0.55669 0.609816 0.578106 0.7434256 0.6667471 0.7828232 0.6822785 0.7592277 0.7294132 0.7592277 0.7294132 0.7208205 0.7072527 0.7434256 0.6667471 0.7097232 0.6519253 0.7434256 0.6667471 0.7208205 0.7072527 0.7208205 0.7072527 0.6888111 0.685343 0.7097232 0.6519253 0.6736777 0.6339044 0.7097232 0.6519253 0.6888111 0.685343 0.6888111 0.685343 0.6560829 0.659036 0.6736777 0.6339044 0.6372098 0.6133958 0.6736777 0.6339044 0.6560829 0.659036 0.6560829 0.659036 0.62472 0.6302273 0.6372098 0.6133958 0.609816 0.578106 0.6484841 0.5729939 0.6448711 0.5938112 0.6484841 0.5729939 0.609816 0.578106 0.6139448 0.5655537 0.5827994 0.55669 0.6139448 0.5655537 0.609816 0.578106 0.5954839 0.6002857 0.6372098 0.6133958 0.62472 0.6302273 0.5954839 0.6002857 0.6034362 0.5901908 0.6372098 0.6133958 0.5681208 0.5708933 0.6034362 0.5901908 0.5954839 0.6002857 0.5681208 0.5708933 0.575101 0.5642033 0.6034362 0.5901908 0.5827994 0.55669 0.5889581 0.5506777 0.6139448 0.5655537 0.6139448 0.5655537 0.5889581 0.5506777 0.5932564 0.5465831 0.5932564 0.5465831 0.616104 0.552967 0.6139448 0.5655537 0.5932564 0.5465831 0.5968381 0.5431837 0.616104 0.552967 0.5968381 0.5431837 0.6185757 0.5417045 0.616104 0.552967 0.6467781 0.5520978 0.616104 0.552967 0.6185757 0.5417045 0.6185757 0.5417045 0.6412823 0.5320631 0.6467781 0.5520978 0.686624 0.5447331 0.6467781 0.5520978 0.6412823 0.5320631 0.6412823 0.5320631 0.6785954 0.5152215 0.686624 0.5447331 0.7255881 0.5381032 0.686624 0.5447331 0.6785954 0.5152215 0.6785954 0.5152215 0.716016 0.5002526 0.7255881 0.5381032 0.6979584 0.46521 0.716016 0.5002526 0.6785954 0.5152215 0.716016 0.5002526 0.6979584 0.46521 0.7316855 0.4460296 0.7316855 0.4460296 0.7508298 0.4882819 0.716016 0.5002526 0.7508298 0.4882819 0.7316855 0.4460296 0.7713277 0.4275047 0.7713277 0.4275047 0.7913703 0.4760902 0.7508298 0.4882819 0.6785954 0.5152215 0.6631647 0.4887078 0.6979584 0.46521 0.6631647 0.4887078 0.6785954 0.5152215 0.6412823 0.5320631 0.7614731 0.532846 0.7508298 0.4882819 0.7913703 0.4760902 0.7614731 0.532846 0.7255881 0.5381032 0.716016 0.5002526 0.716016 0.5002526 0.7508298 0.4882819 0.7614731 0.532846 0.7913703 0.4760902 0.803259 0.5273232 0.7614731 0.532846 0.803259 0.5273232 0.7913703 0.4760902 0.8081637 0.4711943 0.8081637 0.4711943 0.8205978 0.5250088 0.803259 0.5273232 0.8066783 0.5799822 0.803259 0.5273232 0.8205978 0.5250088 0.8205978 0.5250088 0.8240492 0.5807022 0.8066783 0.5799822 0.7880991 0.4210701 0.8081637 0.4711943 0.7913703 0.4760902 0.7913703 0.4760902 0.7713277 0.4275047 0.7880991 0.4210701 0.6412823 0.5320631 0.6299286 0.5145147 0.6631647 0.4887078 0.6299286 0.5145147 0.6412823 0.5320631 0.6185757 0.5417045 0.6185757 0.5417045 0.6090015 0.5322958 0.6299286 0.5145147 0.5968381 0.5431837 0.6090015 0.5322958 0.6185757 0.5417045 0.7989093 0.6321803 0.8159965 0.6359131 0.7991947 0.6884885 0.7991947 0.6884885 0.7828232 0.6822785 0.7989093 0.6321803 0.7828232 0.6822785 0.7991947 0.6884885 0.7754372 0.737079 0.7754372 0.737079 0.7592277 0.7294132 0.7828232 0.6822785 1.582799 0.55669 1.588935 0.550688 1.588958 0.5506777 1.588958 0.5506777 1.588935 0.550688 1.593256 0.5465831 1.588935 0.550688 1.582799 0.55669 1.588958 0.5506777 1.588935 0.550688 1.588958 0.5506777 1.593256 0.5465831 1.803259 0.5273232 1.761473 0.532846 1.764737 0.5782433 1.764737 0.5782433 1.806678 0.5799822 1.803259 0.5273232 1.728642 0.5767432 1.764737 0.5782433 1.761473 0.532846 1.761473 0.532846 1.725588 0.5381032 1.728642 0.5767432 1.689242 0.5751045 1.728642 0.5767432 1.725588 0.5381032 1.725588 0.5381032 1.686624 0.5447331 1.689242 0.5751045 1.648484 0.5729939 1.689242 0.5751045 1.686624 0.5447331 1.686624 0.5447331 1.646778 0.5520978 1.648484 0.5729939 1.613945 0.5655537 1.648484 0.5729939 1.646778 0.5520978 1.646778 0.5520978 1.616104 0.552967 1.613945 0.5655537 1.798909 0.6321803 1.806678 0.5799822 1.764737 0.5782433 1.806678 0.5799822 1.798909 0.6321803 1.815996 0.6359131 1.824049 0.5807022 1.806678 0.5799822 1.815996 0.6359131 1.764737 0.5782433 1.757728 0.6232173 1.798909 0.6321803 1.757728 0.6232173 1.764737 0.5782433 1.728642 0.5767432 1.798909 0.6321803 1.757728 0.6232173 1.782823 0.6822785 1.757728 0.6232173 1.743426 0.6667471 1.782823 0.6822785 1.709723 0.6519253 1.743426 0.6667471 1.757728 0.6232173 1.757728 0.6232173 1.722405 0.6149995 1.709723 0.6519253 1.728642 0.5767432 1.722405 0.6149995 1.757728 0.6232173 1.722405 0.6149995 1.728642 0.5767432 1.689242 0.5751045 1.673678 0.6339044 1.709723 0.6519253 1.722405 0.6149995 1.722405 0.6149995 1.684137 0.6051596 1.673678 0.6339044 1.689242 0.5751045 1.684137 0.6051596 1.722405 0.6149995 1.684137 0.6051596 1.689242 0.5751045 1.648484 0.5729939 1.63721 0.6133958 1.673678 0.6339044 1.684137 0.6051596 1.684137 0.6051596 1.644871 0.5938112 1.63721 0.6133958 1.648484 0.5729939 1.644871 0.5938112 1.684137 0.6051596 1.603436 0.5901908 1.63721 0.6133958 1.644871 0.5938112 1.644871 0.5938112 1.609816 0.578106 1.603436 0.5901908 1.603436 0.5901908 1.609816 0.578106 1.575101 0.5642033 1.582799 0.55669 1.575101 0.5642033 1.609816 0.578106 1.759228 0.7294132 1.782823 0.6822785 1.743426 0.6667471 1.743426 0.6667471 1.72082 0.7072527 1.759228 0.7294132 1.72082 0.7072527 1.743426 0.6667471 1.709723 0.6519253 1.709723 0.6519253 1.688811 0.685343 1.72082 0.7072527 1.688811 0.685343 1.709723 0.6519253 1.673678 0.6339044 1.673678 0.6339044 1.656083 0.659036 1.688811 0.685343 1.656083 0.659036 1.673678 0.6339044 1.63721 0.6133958 1.63721 0.6133958 1.62472 0.6302273 1.656083 0.659036 1.609816 0.578106 1.644871 0.5938112 1.648484 0.5729939 1.648484 0.5729939 1.613945 0.5655537 1.609816 0.578106 1.609816 0.578106 1.613945 0.5655537 1.582799 0.55669 1.62472 0.6302273 1.63721 0.6133958 1.595484 0.6002857 1.603436 0.5901908 1.595484 0.6002857 1.63721 0.6133958 1.595484 0.6002857 1.603436 0.5901908 1.568121 0.5708933 1.575101 0.5642033 1.568121 0.5708933 1.603436 0.5901908 1.588958 0.5506777 1.582799 0.55669 1.613945 0.5655537 1.593256 0.5465831 1.588958 0.5506777 1.613945 0.5655537 1.613945 0.5655537 1.616104 0.552967 1.593256 0.5465831 1.596838 0.5431837 1.593256 0.5465831 1.616104 0.552967 1.596838 0.5431837 1.616104 0.552967 1.618576 0.5417045 1.618576 0.5417045 1.616104 0.552967 1.646778 0.5520978 1.646778 0.5520978 1.641282 0.5320631 1.618576 0.5417045 1.641282 0.5320631 1.646778 0.5520978 1.686624 0.5447331 1.686624 0.5447331 1.678595 0.5152215 1.641282 0.5320631 1.678595 0.5152215 1.686624 0.5447331 1.725588 0.5381032 1.725588 0.5381032 1.716016 0.5002526 1.678595 0.5152215 1.678595 0.5152215 1.716016 0.5002526 1.697958 0.46521 1.731686 0.4460296 1.697958 0.46521 1.716016 0.5002526 1.716016 0.5002526 1.75083 0.4882819 1.731686 0.4460296 1.771328 0.4275047 1.731686 0.4460296 1.75083 0.4882819 1.75083 0.4882819 1.79137 0.4760902 1.771328 0.4275047 1.697958 0.46521 1.663165 0.4887078 1.678595 0.5152215 1.678595 0.5152215 1.663165 0.4887078 1.641282 0.5320631 1.79137 0.4760902 1.75083 0.4882819 1.761473 0.532846 1.716016 0.5002526 1.725588 0.5381032 1.761473 0.532846 1.761473 0.532846 1.75083 0.4882819 1.716016 0.5002526 1.803259 0.5273232 1.79137 0.4760902 1.761473 0.532846 1.808164 0.4711943 1.79137 0.4760902 1.803259 0.5273232 1.803259 0.5273232 1.820598 0.5250088 1.808164 0.4711943 1.820598 0.5250088 1.803259 0.5273232 1.806678 0.5799822 1.806678 0.5799822 1.824049 0.5807022 1.820598 0.5250088 1.788099 0.4210701 1.771328 0.4275047 1.79137 0.4760902 1.79137 0.4760902 1.808164 0.4711943 1.788099 0.4210701 1.663165 0.4887078 1.629929 0.5145147 1.641282 0.5320631 1.641282 0.5320631 1.629929 0.5145147 1.618576 0.5417045 1.629929 0.5145147 1.609002 0.5322958 1.618576 0.5417045 1.609002 0.5322958 1.596838 0.5431837 1.618576 0.5417045 1.815996 0.6359131 1.798909 0.6321803 1.799195 0.6884885 1.798909 0.6321803 1.782823 0.6822785 1.799195 0.6884885 1.799195 0.6884885 1.782823 0.6822785 1.775437 0.737079 1.782823 0.6822785 1.759228 0.7294132 1.775437 0.737079 1.588935 0.550688 1.582799 0.55669 1.588958 0.5506777 1.588935 0.550688 1.588958 0.5506777 1.593256 0.5465831 1.582799 0.55669 1.588935 0.550688 1.588958 0.5506777 1.588958 0.5506777 1.588935 0.550688 1.593256 0.5465831 1.764737 0.5782433 1.806678 0.5799822 1.803259 0.5273232 1.803259 0.5273232 1.761473 0.532846 1.764737 0.5782433 1.728642 0.5767432 1.764737 0.5782433 1.761473 0.532846 1.761473 0.532846 1.725588 0.5381032 1.728642 0.5767432 1.689242 0.5751045 1.728642 0.5767432 1.725588 0.5381032 1.725588 0.5381032 1.686624 0.5447331 1.689242 0.5751045 1.648484 0.5729939 1.689242 0.5751045 1.686624 0.5447331 1.686624 0.5447331 1.646778 0.5520978 1.648484 0.5729939 1.613945 0.5655537 1.648484 0.5729939 1.646778 0.5520978 1.646778 0.5520978 1.616104 0.552967 1.613945 0.5655537 1.798909 0.6321803 1.806678 0.5799822 1.764737 0.5782433 1.798909 0.6321803 1.815996 0.6359131 1.806678 0.5799822 1.815996 0.6359131 1.824049 0.5807022 1.806678 0.5799822 1.764737 0.5782433 1.757728 0.6232173 1.798909 0.6321803 1.757728 0.6232173 1.764737 0.5782433 1.728642 0.5767432 1.782823 0.6822785 1.798909 0.6321803 1.757728 0.6232173 1.782823 0.6822785 1.757728 0.6232173 1.743426 0.6667471 1.709723 0.6519253 1.743426 0.6667471 1.757728 0.6232173 1.757728 0.6232173 1.722405 0.6149995 1.709723 0.6519253 1.728642 0.5767432 1.722405 0.6149995 1.757728 0.6232173 1.722405 0.6149995 1.728642 0.5767432 1.689242 0.5751045 1.673678 0.6339044 1.709723 0.6519253 1.722405 0.6149995 1.722405 0.6149995 1.684137 0.6051596 1.673678 0.6339044 1.689242 0.5751045 1.684137 0.6051596 1.722405 0.6149995 1.684137 0.6051596 1.689242 0.5751045 1.648484 0.5729939 1.63721 0.6133958 1.673678 0.6339044 1.684137 0.6051596 1.684137 0.6051596 1.644871 0.5938112 1.63721 0.6133958 1.648484 0.5729939 1.644871 0.5938112 1.684137 0.6051596 1.603436 0.5901908 1.63721 0.6133958 1.644871 0.5938112 1.644871 0.5938112 1.609816 0.578106 1.603436 0.5901908 1.575101 0.5642033 1.603436 0.5901908 1.609816 0.578106 1.609816 0.578106 1.582799 0.55669 1.575101 0.5642033 1.759228 0.7294132 1.782823 0.6822785 1.743426 0.6667471 1.743426 0.6667471 1.72082 0.7072527 1.759228 0.7294132 1.72082 0.7072527 1.743426 0.6667471 1.709723 0.6519253 1.709723 0.6519253 1.688811 0.685343 1.72082 0.7072527 1.688811 0.685343 1.709723 0.6519253 1.673678 0.6339044 1.673678 0.6339044 1.656083 0.659036 1.688811 0.685343 1.656083 0.659036 1.673678 0.6339044 1.63721 0.6133958 1.63721 0.6133958 1.62472 0.6302273 1.656083 0.659036 1.644871 0.5938112 1.648484 0.5729939 1.609816 0.578106 1.648484 0.5729939 1.613945 0.5655537 1.609816 0.578106 1.609816 0.578106 1.613945 0.5655537 1.582799 0.55669 1.63721 0.6133958 1.603436 0.5901908 1.595484 0.6002857 1.595484 0.6002857 1.62472 0.6302273 1.63721 0.6133958 1.568121 0.5708933 1.595484 0.6002857 1.603436 0.5901908 1.603436 0.5901908 1.575101 0.5642033 1.568121 0.5708933 1.613945 0.5655537 1.588958 0.5506777 1.582799 0.55669 1.593256 0.5465831 1.588958 0.5506777 1.613945 0.5655537 1.613945 0.5655537 1.616104 0.552967 1.593256 0.5465831 1.616104 0.552967 1.596838 0.5431837 1.593256 0.5465831 1.616104 0.552967 1.618576 0.5417045 1.596838 0.5431837 1.618576 0.5417045 1.616104 0.552967 1.646778 0.5520978 1.646778 0.5520978 1.641282 0.5320631 1.618576 0.5417045 1.641282 0.5320631 1.646778 0.5520978 1.686624 0.5447331 1.686624 0.5447331 1.678595 0.5152215 1.641282 0.5320631 1.678595 0.5152215 1.686624 0.5447331 1.725588 0.5381032 1.725588 0.5381032 1.716016 0.5002526 1.678595 0.5152215 1.678595 0.5152215 1.716016 0.5002526 1.697958 0.46521 1.731686 0.4460296 1.697958 0.46521 1.716016 0.5002526 1.716016 0.5002526 1.75083 0.4882819 1.731686 0.4460296 1.771328 0.4275047 1.731686 0.4460296 1.75083 0.4882819 1.75083 0.4882819 1.79137 0.4760902 1.771328 0.4275047 1.697958 0.46521 1.663165 0.4887078 1.678595 0.5152215 1.641282 0.5320631 1.678595 0.5152215 1.663165 0.4887078 1.761473 0.532846 1.79137 0.4760902 1.75083 0.4882819 1.761473 0.532846 1.75083 0.4882819 1.716016 0.5002526 1.716016 0.5002526 1.725588 0.5381032 1.761473 0.532846 1.761473 0.532846 1.803259 0.5273232 1.79137 0.4760902 1.808164 0.4711943 1.79137 0.4760902 1.803259 0.5273232 1.803259 0.5273232 1.820598 0.5250088 1.808164 0.4711943 1.820598 0.5250088 1.803259 0.5273232 1.806678 0.5799822 1.806678 0.5799822 1.824049 0.5807022 1.820598 0.5250088 1.79137 0.4760902 1.808164 0.4711943 1.788099 0.4210701 1.788099 0.4210701 1.771328 0.4275047 1.79137 0.4760902 1.663165 0.4887078 1.629929 0.5145147 1.641282 0.5320631 1.618576 0.5417045 1.641282 0.5320631 1.629929 0.5145147 1.609002 0.5322958 1.618576 0.5417045 1.629929 0.5145147 1.618576 0.5417045 1.609002 0.5322958 1.596838 0.5431837 1.782823 0.6822785 1.799195 0.6884885 1.798909 0.6321803 1.799195 0.6884885 1.815996 0.6359131 1.798909 0.6321803 1.775437 0.737079 1.799195 0.6884885 1.782823 0.6822785 1.759228 0.7294132 1.775437 0.737079 1.782823 0.6822785 1.764737 0.5782433 1.761473 0.532846 1.803259 0.5273232 1.803259 0.5273232 1.806678 0.5799822 1.764737 0.5782433 1.761473 0.532846 1.764737 0.5782433 1.728642 0.5767432 1.728642 0.5767432 1.725588 0.5381032 1.761473 0.532846 1.725588 0.5381032 1.728642 0.5767432 1.689242 0.5751045 1.689242 0.5751045 1.686624 0.5447331 1.725588 0.5381032 1.686624 0.5447331 1.689242 0.5751045 1.648484 0.5729939 1.648484 0.5729939 1.646778 0.5520978 1.686624 0.5447331 1.646778 0.5520978 1.648484 0.5729939 1.613945 0.5655537 1.613945 0.5655537 1.616104 0.552967 1.646778 0.5520978 1.764737 0.5782433 1.806678 0.5799822 1.798909 0.6321803 1.806678 0.5799822 1.815996 0.6359131 1.798909 0.6321803 1.815996 0.6359131 1.806678 0.5799822 1.824049 0.5807022 1.798909 0.6321803 1.757728 0.6232173 1.764737 0.5782433 1.728642 0.5767432 1.764737 0.5782433 1.757728 0.6232173 1.798909 0.6321803 1.782823 0.6822785 1.757728 0.6232173 1.757728 0.6232173 1.782823 0.6822785 1.743426 0.6667471 1.757728 0.6232173 1.743426 0.6667471 1.709723 0.6519253 1.709723 0.6519253 1.722405 0.6149995 1.757728 0.6232173 1.757728 0.6232173 1.722405 0.6149995 1.728642 0.5767432 1.689242 0.5751045 1.728642 0.5767432 1.722405 0.6149995 1.722405 0.6149995 1.709723 0.6519253 1.673678 0.6339044 1.673678 0.6339044 1.684137 0.6051596 1.722405 0.6149995 1.722405 0.6149995 1.684137 0.6051596 1.689242 0.5751045 1.648484 0.5729939 1.689242 0.5751045 1.684137 0.6051596 1.684137 0.6051596 1.673678 0.6339044 1.63721 0.6133958 1.63721 0.6133958 1.644871 0.5938112 1.684137 0.6051596 1.684137 0.6051596 1.644871 0.5938112 1.648484 0.5729939 1.644871 0.5938112 1.63721 0.6133958 1.603436 0.5901908 1.603436 0.5901908 1.609816 0.578106 1.644871 0.5938112 1.609816 0.578106 1.603436 0.5901908 1.575101 0.5642033 1.609816 0.578106 1.575101 0.5642033 1.582799 0.55669 1.743426 0.6667471 1.782823 0.6822785 1.759228 0.7294132 1.759228 0.7294132 1.72082 0.7072527 1.743426 0.6667471 1.709723 0.6519253 1.743426 0.6667471 1.72082 0.7072527 1.72082 0.7072527 1.688811 0.685343 1.709723 0.6519253 1.673678 0.6339044 1.709723 0.6519253 1.688811 0.685343 1.688811 0.685343 1.656083 0.659036 1.673678 0.6339044 1.63721 0.6133958 1.673678 0.6339044 1.656083 0.659036 1.656083 0.659036 1.62472 0.6302273 1.63721 0.6133958 1.648484 0.5729939 1.644871 0.5938112 1.609816 0.578106 1.609816 0.578106 1.613945 0.5655537 1.648484 0.5729939 1.613945 0.5655537 1.609816 0.578106 1.582799 0.55669 1.63721 0.6133958 1.595484 0.6002857 1.603436 0.5901908 1.63721 0.6133958 1.62472 0.6302273 1.595484 0.6002857 1.603436 0.5901908 1.568121 0.5708933 1.575101 0.5642033 1.603436 0.5901908 1.595484 0.6002857 1.568121 0.5708933 1.582799 0.55669 1.588958 0.5506777 1.613945 0.5655537 1.588958 0.5506777 1.593256 0.5465831 1.613945 0.5655537 1.593256 0.5465831 1.616104 0.552967 1.613945 0.5655537 1.593256 0.5465831 1.596838 0.5431837 1.616104 0.552967 1.618576 0.5417045 1.616104 0.552967 1.596838 0.5431837 1.646778 0.5520978 1.616104 0.552967 1.618576 0.5417045 1.618576 0.5417045 1.641282 0.5320631 1.646778 0.5520978 1.686624 0.5447331 1.646778 0.5520978 1.641282 0.5320631 1.641282 0.5320631 1.678595 0.5152215 1.686624 0.5447331 1.725588 0.5381032 1.686624 0.5447331 1.678595 0.5152215 1.678595 0.5152215 1.716016 0.5002526 1.725588 0.5381032 1.697958 0.46521 1.716016 0.5002526 1.678595 0.5152215 1.716016 0.5002526 1.697958 0.46521 1.731686 0.4460296 1.731686 0.4460296 1.75083 0.4882819 1.716016 0.5002526 1.75083 0.4882819 1.731686 0.4460296 1.771328 0.4275047 1.771328 0.4275047 1.79137 0.4760902 1.75083 0.4882819 1.678595 0.5152215 1.663165 0.4887078 1.697958 0.46521 1.641282 0.5320631 1.663165 0.4887078 1.678595 0.5152215 1.79137 0.4760902 1.761473 0.532846 1.75083 0.4882819 1.716016 0.5002526 1.75083 0.4882819 1.761473 0.532846 1.761473 0.532846 1.725588 0.5381032 1.716016 0.5002526 1.803259 0.5273232 1.761473 0.532846 1.79137 0.4760902 1.803259 0.5273232 1.79137 0.4760902 1.808164 0.4711943 1.808164 0.4711943 1.820598 0.5250088 1.803259 0.5273232 1.806678 0.5799822 1.803259 0.5273232 1.820598 0.5250088 1.820598 0.5250088 1.824049 0.5807022 1.806678 0.5799822 1.79137 0.4760902 1.771328 0.4275047 1.788099 0.4210701 1.788099 0.4210701 1.808164 0.4711943 1.79137 0.4760902 1.663165 0.4887078 1.641282 0.5320631 1.629929 0.5145147 1.618576 0.5417045 1.629929 0.5145147 1.641282 0.5320631 1.629929 0.5145147 1.618576 0.5417045 1.609002 0.5322958 1.609002 0.5322958 1.618576 0.5417045 1.596838 0.5431837 1.799195 0.6884885 1.798909 0.6321803 1.815996 0.6359131 1.798909 0.6321803 1.799195 0.6884885 1.782823 0.6822785 1.775437 0.737079 1.782823 0.6822785 1.799195 0.6884885 1.782823 0.6822785 1.775437 0.737079 1.759228 0.7294132 0.3164923 0.121397 0.01242661 0.1178499 0.01342684 0.1004207 0.01342684 0.1004207 0.3169102 0.1004207 0.3164923 0.121397 0.3164923 0.121397 0.01128602 0.1306498 0.01242661 0.1178499 0.01128602 0.1306498 0.3164923 0.121397 0.315906 0.1338534 0.3169102 0.1004207 0.01342684 0.1004207 0.01351732 0.08668678 0.01351732 0.08668678 0.317467 0.08255046 0.3169102 0.1004207 0.01351732 0.08668678 0.01266032 0.06928116 0.317467 0.08255046 0.3180915 0.06157732 0.317467 0.08255046 0.01266032 0.06928116 0.01266032 0.06928116 0.01150476 0.05731815 0.3180915 0.06157732 0.3178675 0.048509 0.3180915 0.06157732 0.01150476 0.05731815 0.008313417 0.1737133 0.329189 0.158461 0.3294385 0.1770498 0.008313417 0.1737133 0.00958985 0.1548979 0.329189 0.158461 0.3290723 0.1411294 0.329189 0.158461 0.00958985 0.1548979 0.00958985 0.1548979 0.01089829 0.137854 0.3290723 0.1411294 0.3728652 0.1431711 0.329189 0.158461 0.3290723 0.1411294 0.3290723 0.1411294 0.3736257 0.1248677 0.3728652 0.1431711 0.3736257 0.1248677 0.3290723 0.1411294 0.3303591 0.1229263 0.3736257 0.1248677 0.3303591 0.1229263 0.3310256 0.1008043 0.3745588 0.1014861 0.3736257 0.1248677 0.3310256 0.1008043 0.329189 0.158461 0.3728652 0.1431711 0.3726782 0.1601096 0.3294385 0.1770498 0.329189 0.158461 0.3726782 0.1601096 0.3294385 0.1770498 0.3726782 0.1601096 0.3727444 0.1785174 0.3745588 0.1014861 0.3310256 0.1008043 0.3315798 0.08229893 0.3751139 0.08123481 0.3745588 0.1014861 0.3315798 0.08229893 0.3315798 0.08229893 0.3319953 0.0601139 0.3751139 0.08123481 0.3753011 0.05782729 0.3751139 0.08123481 0.3319953 0.0601139 0.3753011 0.05782729 0.3319953 0.0601139 0.3310248 0.04119527 0.3310248 0.04119527 0.3748532 0.03849136 0.3753011 0.05782729 0.3748532 0.03849136 0.3310248 0.04119527 0.3308756 0.02385854 0.009595632 0.03281623 0.3308756 0.02385854 0.3310248 0.04119527 0.009595632 0.03281623 0.3301529 0.004592835 0.3308756 0.02385854 0.3301529 0.004592835 0.009595632 0.03281623 0.007831871 0.01495081 0.3310248 0.04119527 0.0111891 0.0498349 0.009595632 0.03281623 0.3743998 0.02156621 0.3308756 0.02385854 0.3301529 0.004592835 0.3308756 0.02385854 0.3743998 0.02156621 0.3748532 0.03849136 0.3301529 0.004592835 0.3734452 0.002199769 0.3743998 0.02156621 0.4331079 0.1017216 0.4397188 0.1235638 0.4267977 0.1121573 0.4397188 0.1235638 0.4214575 0.1309851 0.4267977 0.1121573 0.4214575 0.1309851 0.4147292 0.117588 0.4267977 0.1121573 0.4033147 0.1304293 0.4147292 0.117588 0.4214575 0.1309851 0.4033147 0.1304293 0.4006138 0.1163723 0.4147292 0.117588 0.3860047 0.122441 0.4006138 0.1163723 0.4033147 0.1304293 0.3860047 0.122441 0.3921884 0.1112342 0.4006138 0.1163723 0.3860047 0.122441 0.3745588 0.1014861 0.3921884 0.1112342 0.3921884 0.1112342 0.3745588 0.1014861 0.3846587 0.09979134 0.3751139 0.08123481 0.3846587 0.09979134 0.3745588 0.1014861 0.3751139 0.08123481 0.3852667 0.08317536 0.3846587 0.09979134 0.3935276 0.07183247 0.3852667 0.08317536 0.3751139 0.08123481 0.3877869 0.06098186 0.3935276 0.07183247 0.3751139 0.08123481 0.3935276 0.07183247 0.3877869 0.06098186 0.4021379 0.06688457 0.4021379 0.06688457 0.3877869 0.06098186 0.4055101 0.05167573 0.4055101 0.05167573 0.4160687 0.06641465 0.4021379 0.06688457 0.4055101 0.05167573 0.4236595 0.05212312 0.4160687 0.06641465 0.427745 0.07275706 0.4160687 0.06641465 0.4236595 0.05212312 0.4236595 0.05212312 0.4414128 0.06283092 0.427745 0.07275706 0.4414128 0.06283092 0.4335113 0.0839135 0.427745 0.07275706 0.4331079 0.1017216 0.4335113 0.0839135 0.4414128 0.06283092 0.4397188 0.1235638 0.4331079 0.1017216 0.4414128 0.06283092 0.4608375 0.4316252 0.4611394 0.4441429 0.06426537 0.4358266 0.06426537 0.4358266 0.06423163 0.4219896 0.4608375 0.4316252 0.06423163 0.4219896 0.4591776 0.3880966 0.4608375 0.4316252 0.4591776 0.3880966 0.06423163 0.4219896 0.06379568 0.3775766 0.06418931 0.4475133 0.06426537 0.4358266 0.4611394 0.4441429 0.06418931 0.4475133 0.4611394 0.4441429 0.4610404 0.4535794 0.06418931 0.4475133 0.4610404 0.4535794 0.4609124 0.4637738 0.4609124 0.4637738 0.06386399 0.4591658 0.06418931 0.4475133 0.4609124 0.4637738 0.4601482 0.4764817 0.06386399 0.4591658 0.06343746 0.4733906 0.06386399 0.4591658 0.4601482 0.4764817 0.06343746 0.4733906 0.4601482 0.4764817 0.4570716 0.5205982 0.4570716 0.5205982 0.06155514 0.5185321 0.06343746 0.4733906 0.01803314 0.4270623 0.05199486 0.4265597 0.04566049 0.4337391 0.01079106 0.4113908 0.05199486 0.4265597 0.01803314 0.4270623 0.05210703 0.4406387 0.04566049 0.4337391 0.05199486 0.4265597 0.05199486 0.4265597 0.06113362 0.4366914 0.05210703 0.4406387 0.06418931 0.4475133 0.05210703 0.4406387 0.06113362 0.4366914 0.06418931 0.4475133 0.05476295 0.4499624 0.05210703 0.4406387 0.05476295 0.4499624 0.06418931 0.4475133 0.06386399 0.4591658 0.06386399 0.4591658 0.05444335 0.4595641 0.05476295 0.4499624 0.05444335 0.4595641 0.06386399 0.4591658 0.05648279 0.471325 0.05648279 0.471325 0.04940247 0.4674016 0.05444335 0.4595641 0.04940247 0.4674016 0.05648279 0.471325 0.02254259 0.4776435 0.05648279 0.471325 0.01731604 0.4927972 0.02254259 0.4776435 0.009823977 0.4530542 0.02254259 0.4776435 0.01731604 0.4927972 0.01079106 0.4113908 0.01803314 0.4270623 0.009823977 0.4530542 0.02254259 0.4776435 0.009823977 0.4530542 0.01738882 0.4530937 0.01738882 0.4530937 0.009823977 0.4530542 0.01803314 0.4270623 0.4745811 0.4471022 0.4757398 0.4358131 0.4819829 0.4411745 0.4650097 0.4435911 0.4757398 0.4358131 0.4745811 0.4471022 0.5092319 0.4395994 0.4819829 0.4411745 0.4757398 0.4358131 0.5193442 0.430561 0.5092319 0.4395994 0.4757398 0.4358131 0.5062155 0.4983958 0.5092319 0.4395994 0.5193442 0.430561 0.5062155 0.4983958 0.5000262 0.4870328 0.5092319 0.4395994 0.4679945 0.4754407 0.5000262 0.4870328 0.5062155 0.4983958 0.4679945 0.4754407 0.4754739 0.4744748 0.5000262 0.4870328 0.4708331 0.4660344 0.4754739 0.4744748 0.4679945 0.4754407 0.4609124 0.4637738 0.4708331 0.4660344 0.4679945 0.4754407 0.4708331 0.4660344 0.4609124 0.4637738 0.4710435 0.4562247 0.4745811 0.4471022 0.4710435 0.4562247 0.4650097 0.4435911 0.4610404 0.4535794 0.4710435 0.4562247 0.4609124 0.4637738 0.4710435 0.4562247 0.4610404 0.4535794 0.4650097 0.4435911 0.02888566 0.8422086 0.0910747 0.8433293 0.09005457 0.8725892 0.09005457 0.8725892 0.02785891 0.87012 0.02888566 0.8422086 0.02785891 0.87012 0.09005457 0.8725892 0.08883136 0.9024476 0.08883136 0.9024476 0.02711862 0.8986146 0.02785891 0.87012 0.0910747 0.8433293 0.02888566 0.8422086 0.02921134 0.8142785 0.02921134 0.8142785 0.09142017 0.8142785 0.0910747 0.8433293 0.09116703 0.784946 0.09142017 0.8142785 0.02921134 0.8142785 0.02921134 0.8142785 0.02903413 0.7862422 0.09116703 0.784946 0.09019243 0.7559368 0.09116703 0.784946 0.02903413 0.7862422 0.02903413 0.7862422 0.02784204 0.758421 0.09019243 0.7559368 0.02784204 0.758421 0.08905225 0.7262103 0.09019243 0.7559368 0.08905225 0.7262103 0.02784204 0.758421 0.02751916 0.7301944 0.08802574 0.6975104 0.08905225 0.7262103 0.02751916 0.7301944 0.02751916 0.7301944 0.02598339 0.7025967 0.08802574 0.6975104 0.02711862 0.8986146 0.08883136 0.9024476 0.0877003 0.9309587 0.0877003 0.9309587 0.02596384 0.9259197 0.02711862 0.8986146 0.02596384 0.9259197 0.0877003 0.9309587 0.08590531 0.961242 0.08590531 0.961242 0.02367025 0.9547091 0.02596384 0.9259197 0.02367025 0.9547091 0.08590531 0.961242 0.08373755 0.9902663 0.08373755 0.9902663 0.02067613 0.9816591 0.02367025 0.9547091 0.0863837 0.6682766 0.08802574 0.6975104 0.02598339 0.7025967 0.02598339 0.7025967 0.02434194 0.67483 0.0863837 0.6682766 0.08378177 0.638409 0.0863837 0.6682766 0.02434194 0.67483 0.02434194 0.67483 0.0202614 0.6470703 0.08378177 0.638409 0.111156 0.9623924 0.1102836 0.9900947 0.08373755 0.9902663 0.08373755 0.9902663 0.08590531 0.961242 0.111156 0.9623924 0.1122063 0.9320741 0.111156 0.9623924 0.08590531 0.961242 0.08590531 0.961242 0.0877003 0.9309587 0.1122063 0.9320741 0.1122063 0.9320741 0.0877003 0.9309587 0.08883136 0.9024476 0.1122063 0.9320741 0.08883136 0.9024476 0.1130467 0.9035828 0.1130467 0.9035828 0.08883136 0.9024476 0.09005457 0.8725892 0.09005457 0.8725892 0.1137277 0.8745767 0.1130467 0.9035828 0.09005457 0.8725892 0.1059116 0.8658235 0.1137277 0.8745767 0.1059116 0.8658235 0.09005457 0.8725892 0.0910747 0.8433293 0.0910747 0.8433293 0.1061277 0.8437982 0.1059116 0.8658235 0.1063098 0.8143348 0.1061277 0.8437982 0.0910747 0.8433293 0.0910747 0.8433293 0.09142017 0.8142785 0.1063098 0.8143348 0.1063098 0.8143348 0.09142017 0.8142785 0.09116703 0.784946 0.09116703 0.784946 0.106211 0.7846338 0.1063098 0.8143348 0.1060288 0.7627235 0.106211 0.7846338 0.09116703 0.784946 0.09116703 0.784946 0.09019243 0.7559368 0.1060288 0.7627235 0.09019243 0.7559368 0.1138882 0.7540672 0.1060288 0.7627235 0.1132751 0.7252651 0.1138882 0.7540672 0.09019243 0.7559368 0.09019243 0.7559368 0.08905225 0.7262103 0.1132751 0.7252651 0.1132751 0.7252651 0.08905225 0.7262103 0.08802574 0.6975104 0.08802574 0.6975104 0.1126148 0.6963811 0.1132751 0.7252651 0.1116119 0.6668677 0.1126148 0.6963811 0.08802574 0.6975104 0.08802574 0.6975104 0.0863837 0.6682766 0.1116119 0.6668677 0.1116119 0.6668677 0.0863837 0.6682766 0.08378177 0.638409 0.08378177 0.638409 0.1104653 0.6378404 0.1116119 0.6668677 0.111156 0.9623924 0.2019546 0.9633756 0.2018622 0.9925694 0.2018622 0.9925694 0.1102836 0.9900947 0.111156 0.9623924 0.2019546 0.9633756 0.111156 0.9623924 0.1122063 0.9320741 0.1122063 0.9320741 0.2025163 0.9329588 0.2019546 0.9633756 0.2025163 0.9329588 0.1122063 0.9320741 0.1130467 0.9035828 0.1130467 0.9035828 0.2028844 0.9042944 0.2025163 0.9329588 0.2028844 0.9042944 0.1130467 0.9035828 0.1137277 0.8745767 0.1137277 0.8745767 0.2033252 0.8746778 0.2028844 0.9042944 0.1137277 0.8745767 0.1847796 0.8449126 0.2033252 0.8746778 0.2030332 0.724624 0.1138882 0.7540672 0.1132751 0.7252651 0.1138882 0.7540672 0.2030332 0.724624 0.20349 0.7541322 0.2030098 0.6957374 0.2030332 0.724624 0.1132751 0.7252651 0.1132751 0.7252651 0.1126148 0.6963811 0.2030098 0.6957374 0.1126148 0.6963811 0.2022786 0.6662552 0.2030098 0.6957374 0.2022786 0.6662552 0.1126148 0.6963811 0.1116119 0.6668677 0.2024171 0.6360513 0.2022786 0.6662552 0.1116119 0.6668677 0.1116119 0.6668677 0.1104653 0.6378404 0.2024171 0.6360513 0.20349 0.7541322 0.1849125 0.7836365 0.1138882 0.7540672 0.2865952 0.8143123 0.301381 0.814334 0.3015959 0.8503182 0.2865952 0.8143123 0.3015959 0.8503182 0.2874357 0.8692389 0.3021444 0.8692405 0.2874357 0.8692389 0.3015959 0.8503182 0.2874357 0.8692389 0.2316513 0.8707427 0.2865952 0.8143123 0.2316513 0.8707427 0.2308021 0.8143123 0.2865952 0.8143123 0.3015468 0.7783496 0.301381 0.814334 0.2865952 0.8143123 0.2865952 0.8143123 0.2873762 0.759384 0.3015468 0.7783496 0.2873762 0.759384 0.3020554 0.7595189 0.3015468 0.7783496 0.3039256 0.7056491 0.3020554 0.7595189 0.2873762 0.759384 0.2873762 0.759384 0.2894056 0.7045449 0.3039256 0.7056491 0.2338696 0.7010495 0.2894056 0.7045449 0.2873762 0.759384 0.2873762 0.759384 0.2316055 0.757769 0.2338696 0.7010495 0.2316055 0.757769 0.2873762 0.759384 0.2865952 0.8143123 0.2865952 0.8143123 0.2308021 0.8143123 0.2316055 0.757769 0.2874357 0.8692389 0.3021444 0.8692405 0.3036885 0.92311 0.3036885 0.92311 0.2892422 0.9241375 0.2874357 0.8692389 0.2929247 0.979325 0.2892422 0.9241375 0.3036885 0.92311 0.3036885 0.92311 0.3071832 0.9763672 0.2929247 0.979325 0.2929247 0.979325 0.237255 0.983636 0.2892422 0.9241375 0.237255 0.983636 0.2337238 0.9270993 0.2892422 0.9241375 0.2938898 0.6494702 0.3039256 0.7056491 0.2894056 0.7045449 0.2938898 0.6494702 0.3080269 0.6523791 0.3039256 0.7056491 0.2892422 0.9241375 0.2337238 0.9270993 0.2874357 0.8692389 0.2337238 0.9270993 0.2316513 0.8707427 0.2874357 0.8692389 0.2383658 0.6443239 0.2938898 0.6494702 0.2894056 0.7045449 0.2894056 0.7045449 0.2338696 0.7010495 0.2383658 0.6443239 0.3071832 0.9763672 0.3036885 0.92311 0.6245589 0.9101316 0.3071832 0.9763672 0.6245589 0.9101316 0.6267736 0.9535835 0.6267736 0.9535835 0.6245589 0.9101316 0.6351374 0.909667 0.6351374 0.909667 0.6373427 0.9522544 0.6267736 0.9535835 0.6373427 0.9522544 0.6351374 0.909667 0.6728775 0.9078525 0.6728775 0.9078525 0.6750458 0.9497232 0.6373427 0.9522544 0.6351374 0.909667 0.6245589 0.9101316 0.6333709 0.865927 0.6245589 0.9101316 0.6229034 0.8655013 0.6333709 0.865927 0.6728775 0.9078525 0.6351374 0.909667 0.670965 0.8648534 0.6351374 0.909667 0.6333709 0.865927 0.670965 0.8648534 0.6229034 0.8655013 0.6245589 0.9101316 0.3036885 0.92311 0.3036885 0.92311 0.3021444 0.8692405 0.6229034 0.8655013 0.3080269 0.6523791 0.6273056 0.6782361 0.6248469 0.722068 0.6273056 0.6782361 0.6369892 0.6965134 0.6248469 0.722068 0.6273056 0.6782361 0.6378219 0.679579 0.6369892 0.6965134 0.6369892 0.6965134 0.6342736 0.7487279 0.6248469 0.722068 0.6248469 0.722068 0.6342736 0.7487279 0.6227028 0.7659194 0.6227028 0.7659194 0.6342736 0.7487279 0.6333258 0.7656601 0.6248469 0.722068 0.3039256 0.7056491 0.3080269 0.6523791 0.3039256 0.7056491 0.6248469 0.722068 0.6227028 0.7659194 0.3020554 0.7595189 0.3039256 0.7056491 0.6227028 0.7659194 0.1147321 0.2644743 0.3867345 0.2845185 0.1127334 0.2906327 0.1147321 0.2644743 0.3876932 0.2687291 0.3867345 0.2845185 0.3876932 0.2687291 0.1147321 0.2644743 0.1133291 0.2472255 0.1133291 0.2472255 0.3929836 0.2528768 0.3876932 0.2687291 0.3929836 0.2528768 0.1133291 0.2472255 0.1068454 0.2341125 0.1068454 0.2341125 0.4060166 0.2156602 0.3929836 0.2528768 0.4060166 0.2156602 0.1068454 0.2341125 0.07652848 0.1859369 0.4029609 0.2525076 0.3929836 0.2528768 0.4060166 0.2156602 0.4060166 0.2156602 0.416992 0.215061 0.4029609 0.2525076 0.3867345 0.2845185 0.3870135 0.2998222 0.1127334 0.2906327 0.3870135 0.2998222 0.3867345 0.2845185 0.3950792 0.2846393 0.3950792 0.2846393 0.3867345 0.2845185 0.3876932 0.2687291 0.3950792 0.2846393 0.3965428 0.2995431 0.3870135 0.2998222 0.3916153 0.3157778 0.3870135 0.2998222 0.3965428 0.2995431 0.4003881 0.3167822 0.3916153 0.3157778 0.3965428 0.2995431 0.403365 0.3501126 0.3916153 0.3157778 0.4003881 0.3167822 0.1018115 0.3197722 0.3916153 0.3157778 0.403365 0.3501126 0.07224512 0.3625764 0.1018115 0.3197722 0.403365 0.3501126 0.4148457 0.3504554 0.403365 0.3501126 0.4003881 0.3167822 0.3870135 0.2998222 0.3916153 0.3157778 0.1089069 0.3076251 0.1018115 0.3197722 0.1089069 0.3076251 0.3916153 0.3157778 0.1089069 0.3076251 0.1127334 0.2906327 0.3870135 0.2998222 0.3876932 0.2687291 0.3981152 0.2698028 0.3950792 0.2846393 0.3929836 0.2528768 0.3981152 0.2698028 0.3876932 0.2687291 0.4029609 0.2525076 0.3981152 0.2698028 0.3929836 0.2528768 0.6616374 0.7566693 0.6657661 0.7277602 0.6979503 0.7498072 0.6657661 0.7277602 0.7068217 0.7442478 0.6979503 0.7498072 0.6657661 0.7277602 0.7085882 0.7203118 0.7068217 0.7442478 0.7005229 0.7129539 0.7085882 0.7203118 0.6657661 0.7277602 0.7005229 0.7129539 0.6657661 0.7277602 0.6640995 0.6986057 0.3950792 0.2846393 0.3981152 0.2698028 0.4107324 0.2577504 0.4107324 0.2577504 0.4082106 0.3121977 0.3950792 0.2846393 0.4082106 0.3121977 0.3965428 0.2995431 0.3950792 0.2846393 0.4404186 0.3294198 0.4082106 0.3121977 0.4107324 0.2577504 0.4404186 0.3294198 0.4107324 0.2577504 0.4467125 0.240701 0.3345079 0.7716162 0.3719178 0.8572581 0.33417 0.8578165 0.3345079 0.7716162 0.3722593 0.7724538 0.3719178 0.8572581 0.3719178 0.8572581 0.3722593 0.7724538 0.7844339 0.8512627 0.3722593 0.7724538 0.785033 0.781816 0.7844339 0.8512627 0.07096505 0.5661007 0.1089897 0.5995088 0.07123899 0.6004875 0.07096505 0.5661007 0.1087259 0.5664931 0.1089897 0.5995088 0.1089897 0.5995088 0.1087259 0.5664931 0.4826403 0.5894099 0.1087259 0.5664931 0.4824789 0.5692589 0.4826403 0.5894099 0.07123899 0.6004875 0.1089897 0.5995088 0.104411 0.610481 0.104411 0.610481 0.06665796 0.6114219 0.07123899 0.6004875 0.104411 0.610481 0.08897972 0.6271071 0.06665796 0.6114219 0.05126476 0.6280751 0.06665796 0.6114219 0.08897972 0.6271071 0.08897972 0.6271071 0.104411 0.610481 0.5015262 0.6170404 0.104411 0.610481 0.4871415 0.6005597 0.5015262 0.6170404 0.1089897 0.5995088 0.4826403 0.5894099 0.4871415 0.6005597 0.4871415 0.6005597 0.104411 0.610481 0.1089897 0.5995088 0.07096505 0.5661007 0.1045302 0.5548304 0.1087259 0.5664931 0.1045302 0.5548304 0.07096505 0.5661007 0.06677055 0.5544607 0.06677055 0.5544607 0.09637105 0.5442334 0.1045302 0.5548304 0.09637105 0.5442334 0.06677055 0.5544607 0.05862373 0.5438554 0.1045302 0.5548304 0.09637105 0.5442334 0.4936021 0.5470964 0.4936021 0.5470964 0.486325 0.5574419 0.1045302 0.5548304 0.486325 0.5574419 0.1087259 0.5664931 0.1045302 0.5548304 0.486325 0.5574419 0.4824789 0.5692589 0.1087259 0.5664931 0.6848717 0.3607374 0.6855353 0.3206308 0.7295173 0.3073265 0.7289183 0.3767731 0.6848717 0.3607374 0.7295173 0.3073265 0.6827556 0.3767422 0.6848717 0.3607374 0.7289183 0.3767731 0.6827556 0.3767422 0.7289183 0.3767731 0.7090664 0.4433666 0.7090664 0.4433666 0.6734644 0.4210223 0.6827556 0.3767422 0.6819773 0.3685488 0.6848717 0.3607374 0.6827556 0.3767422 0.6855353 0.3206308 0.6837341 0.304843 0.7295173 0.3073265 0.7128158 0.2396748 0.7295173 0.3073265 0.6837341 0.304843 0.6837341 0.304843 0.6760853 0.260341 0.7128158 0.2396748 0.6827919 0.3128836 0.6837341 0.304843 0.6855353 0.3206308 0.6855353 0.3206308 0.6848717 0.3607374 0.5543732 0.3248531 0.6848717 0.3607374 0.5539625 0.3527342 0.5543732 0.3248531 0.6760853 0.260341 0.5524772 0.3129571 0.5464405 0.2779179 0.6760853 0.260341 0.6837341 0.304843 0.5524772 0.3129571 0.6827556 0.3767422 0.6734644 0.4210223 0.5517317 0.3645654 0.6734644 0.4210223 0.5446174 0.3993992 0.5517317 0.3645654 0.4562882 0.3374065 0.4860638 0.3299696 0.4858347 0.3456919 0.4562882 0.3374065 0.4797729 0.3154885 0.4860638 0.3299696 0.4562882 0.3374065 0.4858347 0.3456919 0.479129 0.3599862 0.4824789 0.5692589 0.4873506 0.5578275 0.4882792 0.6000256 0.4882792 0.6000256 0.4826403 0.5894099 0.4824789 0.5692589 0.506301 0.6124168 0.4882792 0.6000256 0.4873506 0.5578275 0.4873506 0.5578275 0.4965374 0.5491461 0.506301 0.6124168 0.5057241 0.5404656 0.506301 0.6124168 0.4965374 0.5491461 0.4979309 0.5393565 0.5057241 0.5404656 0.4965374 0.5491461 0.2019546 0.9633756 0.2209002 0.9326593 0.2210619 0.9908434 0.2018622 0.9925694 0.2019546 0.9633756 0.2210619 0.9908434 0.2025163 0.9329588 0.2209002 0.9326593 0.2019546 0.9633756 0.2028844 0.9042944 0.2209002 0.9326593 0.2025163 0.9329588 0.2209002 0.9326593 0.2028844 0.9042944 0.2203045 0.8734562 0.2028844 0.9042944 0.2114744 0.8733811 0.2203045 0.8734562 0.2211779 0.814471 0.2203045 0.8734562 0.2114744 0.8733811 0.2114744 0.8733811 0.212346 0.8144535 0.2211779 0.814471 0.2211779 0.814471 0.212346 0.8144535 0.2117252 0.7555106 0.2117252 0.7555106 0.2205865 0.7554827 0.2211779 0.814471 0.2117252 0.7555106 0.2030332 0.724624 0.2205865 0.7554827 0.2205865 0.7554827 0.2030332 0.724624 0.2217625 0.6961597 0.2030098 0.6957374 0.2217625 0.6961597 0.2030332 0.724624 0.2022786 0.6662552 0.2217625 0.6961597 0.2030098 0.6957374 0.2219341 0.6377012 0.2217625 0.6961597 0.2022786 0.6662552 0.2024171 0.6360513 0.2219341 0.6377012 0.2022786 0.6662552 0.20349 0.7541322 0.2030332 0.724624 0.2117252 0.7555106 0.2033252 0.8746778 0.2114744 0.8733811 0.2028844 0.9042944 0.0459823 0.5540475 0.05582451 0.545954 0.06583702 0.5548202 0.06583702 0.5548202 0.06263726 0.5616406 0.0459823 0.5540475 0.06263726 0.5616406 0.06583702 0.5548202 0.07096505 0.5661007 0.06263726 0.5616406 0.07096505 0.5661007 0.06296867 0.6028604 0.07096505 0.5661007 0.07123899 0.6004875 0.06296867 0.6028604 0.06296867 0.6028604 0.07123899 0.6004875 0.06561201 0.6109458 0.04641836 0.6063157 0.06296867 0.6028604 0.06561201 0.6109458 0.04657506 0.6232731 0.04641836 0.6063157 0.06561201 0.6109458 0.04581278 0.5370919 0.05582451 0.545954 0.0459823 0.5540475 0.05582451 0.545954 0.04581278 0.5370919 0.05461823 0.5360228 0.01200664 0.5541136 0.0319004 0.5602476 0.03214156 0.6000225 0.03214156 0.6000225 0.01232367 0.606398 0.01200664 0.5541136 0.02982771 0.5499238 0.0319004 0.5602476 0.01200664 0.5541136 0.01232367 0.606398 0.03214156 0.6000225 0.02877026 0.610317 0.0319004 0.5602476 0.04233133 0.5616888 0.03214156 0.6000225 0.04233133 0.5616888 0.04258114 0.6029123 0.03214156 0.6000225 0.1089069 0.3076251 0.1018426 0.2921731 0.1127334 0.2906327 0.1147321 0.2644743 0.1127334 0.2906327 0.1018426 0.2921731 0.1018426 0.2921731 0.1040841 0.2618175 0.1147321 0.2644743 0.09140819 0.3002135 0.1018426 0.2921731 0.1089069 0.3076251 0.09645283 0.3153908 0.09140819 0.3002135 0.1089069 0.3076251 0.04679846 0.3117643 0.09140819 0.3002135 0.09645283 0.3153908 0.09645283 0.3153908 0.04538625 0.3298888 0.04679846 0.3117643 0.1147321 0.2644743 0.1040841 0.2618175 0.1133291 0.2472255 0.1133291 0.2472255 0.1040841 0.2618175 0.09485054 0.2516761 0.1023207 0.2373474 0.1133291 0.2472255 0.09485054 0.2516761 0.1023207 0.2373474 0.09485054 0.2516761 0.05081653 0.2305897 0.1023207 0.2373474 0.05081653 0.2305897 0.05105423 0.2123931 0.1748956 0.7904903 0.1748329 0.8143759 0.1063098 0.8143348 0.1063098 0.8143348 0.106211 0.7846338 0.1748956 0.7904903 0.1063098 0.8143348 0.1748329 0.8143759 0.1748171 0.8380407 0.1748171 0.8380407 0.1061277 0.8437982 0.1063098 0.8143348 0.1060288 0.7627235 0.1748956 0.7904903 0.106211 0.7846338 0.1061277 0.8437982 0.1748171 0.8380407 0.1059116 0.8658235 0.4135946 0.07689577 0.4232093 0.08637481 0.4006259 0.07978093 0.4135946 0.07689577 0.4200808 0.08038979 0.4232093 0.08637481 0.4232093 0.08637481 0.3954254 0.08669495 0.4006259 0.07978093 0.3954254 0.08669495 0.4232093 0.08637481 0.3995812 0.1035369 0.3995812 0.1035369 0.3950355 0.09689247 0.3954254 0.08669495 0.3995812 0.1035369 0.4232093 0.08637481 0.422944 0.09868282 0.422944 0.09868282 0.4038894 0.1061948 0.3995812 0.1035369 0.4129275 0.1069798 0.4038894 0.1061948 0.422944 0.09868282 0.422944 0.09868282 0.4196911 0.103986 0.4129275 0.1069798 0.4006259 0.07978093 0.4050207 0.07719779 0.4135946 0.07689577 0.04058027 0.361555 0.0267989 0.3774142 0.02252715 0.3588672 0.04445296 0.3862499 0.0267989 0.3774142 0.04058027 0.361555 0.04445296 0.3862499 0.04058027 0.361555 0.04678535 0.3730651 0.04678535 0.3730651 0.04687333 0.3803335 0.04445296 0.3862499 0.04058027 0.361555 0.04461908 0.3662079 0.04678535 0.3730651 0.02837139 0.3949634 0.0267989 0.3774142 0.04445296 0.3862499 0.5016434 0.4468008 0.4957604 0.4773142 0.4816833 0.4688846 0.4816833 0.4688846 0.4854557 0.4488083 0.5016434 0.4468008 0.4854557 0.4488083 0.4816833 0.4688846 0.4794342 0.4579069 0.4794342 0.4579069 0.4816565 0.4519573 0.4854557 0.4488083 0.4816833 0.4688846 0.479239 0.4643186 0.4794342 0.4579069 0.01533848 0.8696831 0.02888566 0.8422086 0.02785891 0.87012 0.01671695 0.8142966 0.02888566 0.8422086 0.01533848 0.8696831 0.02921134 0.8142785 0.02888566 0.8422086 0.01671695 0.8142966 0.01671695 0.8142966 0.02903413 0.7862422 0.02921134 0.8142785 0.01520401 0.758887 0.02903413 0.7862422 0.01671695 0.8142966 0.02784204 0.758421 0.02903413 0.7862422 0.01520401 0.758887 0.01520401 0.758887 0.02751916 0.7301944 0.02784204 0.758421 0.01361316 0.7037265 0.02751916 0.7301944 0.01520401 0.758887 0.02598339 0.7025967 0.02751916 0.7301944 0.01361316 0.7037265 0.01361316 0.7037265 0.02434194 0.67483 0.02598339 0.7025967 0.02785891 0.87012 0.02711862 0.8986146 0.01533848 0.8696831 0.01533848 0.8696831 0.02711862 0.8986146 0.01383101 0.9247694 0.01383101 0.9247694 0.02711862 0.8986146 0.02596384 0.9259197 0.02596384 0.9259197 0.02367025 0.9547091 0.01383101 0.9247694 0.01383101 0.9247694 0.02367025 0.9547091 0.007694661 0.9784334 0.007694661 0.9784334 0.02367025 0.9547091 0.02067613 0.9816591 0.007149159 0.6500399 0.02434194 0.67483 0.01361316 0.7037265 0.0202614 0.6470703 0.02434194 0.67483 0.007149159 0.6500399 0.04390943 0.3510483 0.04058027 0.361555 0.02252715 0.3588672 0.02252715 0.3588672 0.01630473 0.3469774 0.04390943 0.3510483 0.04461908 0.3662079 0.04058027 0.361555 0.04893994 0.3538098 0.04893994 0.3538098 0.05446988 0.3616487 0.04461908 0.3662079 0.04461908 0.3662079 0.05446988 0.3616487 0.0574212 0.3713857 0.0574212 0.3713857 0.04678535 0.3730651 0.04461908 0.3662079 0.04678535 0.3730651 0.0574212 0.3713857 0.05764347 0.3816048 0.05764347 0.3816048 0.04687333 0.3803335 0.04678535 0.3730651 0.04445296 0.3862499 0.04687333 0.3803335 0.05764347 0.3816048 0.04445296 0.3862499 0.05764347 0.3816048 0.05481946 0.3909271 0.02632349 0.4084029 0.02837139 0.3949634 0.04445296 0.3862499 0.04445296 0.3862499 0.05112636 0.3950117 0.02632349 0.4084029 0.01596873 0.3791421 0.0267989 0.3774142 0.02837139 0.3949634 0.02837139 0.3949634 0.01841205 0.4041203 0.01596873 0.3791421 0.0267989 0.3774142 0.01596873 0.3791421 0.02252715 0.3588672 0.01027137 0.3535506 0.02252715 0.3588672 0.01596873 0.3791421 0.01150476 0.05731815 0.0111891 0.0498349 0.3178675 0.048509 0.3310248 0.04119527 0.3178675 0.048509 0.0111891 0.0498349 0.3319953 0.0601139 0.3180915 0.06157732 0.3178675 0.048509 0.3178675 0.048509 0.3310248 0.04119527 0.3319953 0.0601139 0.3180915 0.06157732 0.3319953 0.0601139 0.317467 0.08255046 0.3315798 0.08229893 0.317467 0.08255046 0.3319953 0.0601139 0.317467 0.08255046 0.3315798 0.08229893 0.3169102 0.1004207 0.3310256 0.1008043 0.3169102 0.1004207 0.3315798 0.08229893 0.3169102 0.1004207 0.3310256 0.1008043 0.3303591 0.1229263 0.3303591 0.1229263 0.3164923 0.121397 0.3169102 0.1004207 0.3303591 0.1229263 0.315906 0.1338534 0.3164923 0.121397 0.3290723 0.1411294 0.315906 0.1338534 0.3303591 0.1229263 0.01089829 0.137854 0.01128602 0.1306498 0.315906 0.1338534 0.315906 0.1338534 0.3290723 0.1411294 0.01089829 0.137854 0.02421176 0.2598566 0.03036439 0.2553455 0.03053468 0.2865878 0.02421176 0.2598566 0.03053468 0.2865878 0.02435886 0.2821686 0.02435886 0.2821686 0.02040582 0.2669771 0.02421176 0.2598566 0.02435886 0.2821686 0.02046036 0.2750955 0.02040582 0.2669771 0.03053468 0.2865878 0.03036439 0.2553455 0.03715384 0.2552657 0.03715384 0.2552657 0.03731048 0.2865793 0.03053468 0.2865878 0.03731048 0.2865793 0.03715384 0.2552657 0.04334741 0.2596669 0.04334741 0.2596669 0.04343235 0.2821078 0.03731048 0.2865793 0.04334741 0.2596669 0.04726636 0.2749518 0.04343235 0.2821078 0.04334741 0.2596669 0.04724138 0.2667843 0.04726636 0.2749518 0.0428273 0.2438529 0.02269202 0.2378903 0.0394206 0.2372075 0.02269202 0.2378903 0.0428273 0.2438529 0.03975135 0.2468841 0.03975135 0.2468841 0.0275222 0.2471705 0.02269202 0.2378903 0.02269202 0.2378903 0.0275222 0.2471705 0.01733291 0.254007 0.01733291 0.254007 0.005451858 0.2450477 0.02269202 0.2378903 0.01733291 0.254007 0.01166898 0.2649277 0.005451858 0.2450477 0.005451858 0.2450477 0.01166898 0.2649277 0.00589174 0.2956094 0.01166898 0.2649277 0.01176047 0.2772732 0.00589174 0.2956094 0.01757448 0.288114 0.00589174 0.2956094 0.01176047 0.2772732 0.02302718 0.3047895 0.00589174 0.2956094 0.01757448 0.288114 0.02780753 0.2948108 0.02302718 0.3047895 0.01757448 0.288114 0.04241603 0.2985846 0.02302718 0.3047895 0.02780753 0.2948108 0.03974348 0.3052569 0.02302718 0.3047895 0.04241603 0.2985846 0.02780753 0.2948108 0.04000794 0.2949327 0.04241603 0.2985846 0.04000794 0.2949327 0.05022114 0.2880901 0.04241603 0.2985846 0.04241603 0.2985846 0.05022114 0.2880901 0.05442947 0.2921369 0.05442947 0.2921369 0.05022114 0.2880901 0.05598437 0.2770784 0.05442947 0.2921369 0.05598437 0.2770784 0.06437206 0.2769459 0.05595844 0.2645885 0.06437206 0.2769459 0.05598437 0.2770784 0.06446248 0.2632121 0.06437206 0.2769459 0.05595844 0.2645885 0.06446248 0.2632121 0.05595844 0.2645885 0.05477797 0.2480633 0.05595844 0.2645885 0.05009627 0.2536043 0.05477797 0.2480633 0.05477797 0.2480633 0.05009627 0.2536043 0.0428273 0.2438529 0.05009627 0.2536043 0.03975135 0.2468841 0.0428273 0.2438529 0.4267977 0.1121573 0.4196911 0.103986 0.422944 0.09868282 0.422944 0.09868282 0.4331079 0.1017216 0.4267977 0.1121573 0.4196911 0.103986 0.4267977 0.1121573 0.4129275 0.1069798 0.4147292 0.117588 0.4129275 0.1069798 0.4267977 0.1121573 0.4038894 0.1061948 0.4129275 0.1069798 0.4147292 0.117588 0.4006138 0.1163723 0.4038894 0.1061948 0.4147292 0.117588 0.3995812 0.1035369 0.4038894 0.1061948 0.4006138 0.1163723 0.4006138 0.1163723 0.3921884 0.1112342 0.3995812 0.1035369 0.3950355 0.09689247 0.3995812 0.1035369 0.3921884 0.1112342 0.3921884 0.1112342 0.3846587 0.09979134 0.3950355 0.09689247 0.3950355 0.09689247 0.3846587 0.09979134 0.3852667 0.08317536 0.3852667 0.08317536 0.3954254 0.08669495 0.3950355 0.09689247 0.3954254 0.08669495 0.3852667 0.08317536 0.3935276 0.07183247 0.3935276 0.07183247 0.4006259 0.07978093 0.3954254 0.08669495 0.4050207 0.07719779 0.4006259 0.07978093 0.3935276 0.07183247 0.4050207 0.07719779 0.3935276 0.07183247 0.4021379 0.06688457 0.4050207 0.07719779 0.4021379 0.06688457 0.4160687 0.06641465 0.4160687 0.06641465 0.4135946 0.07689577 0.4050207 0.07719779 0.4135946 0.07689577 0.4160687 0.06641465 0.427745 0.07275706 0.427745 0.07275706 0.4200808 0.08038979 0.4135946 0.07689577 0.427745 0.07275706 0.4232093 0.08637481 0.4200808 0.08038979 0.4335113 0.0839135 0.4232093 0.08637481 0.427745 0.07275706 0.422944 0.09868282 0.4232093 0.08637481 0.4335113 0.0839135 0.4335113 0.0839135 0.4331079 0.1017216 0.422944 0.09868282 0.05022114 0.2880901 0.03731048 0.2865793 0.04343235 0.2821078 0.04000794 0.2949327 0.03731048 0.2865793 0.05022114 0.2880901 0.04000794 0.2949327 0.03053468 0.2865878 0.03731048 0.2865793 0.03053468 0.2865878 0.04000794 0.2949327 0.02780753 0.2948108 0.03053468 0.2865878 0.02780753 0.2948108 0.01757448 0.288114 0.01757448 0.288114 0.02435886 0.2821686 0.03053468 0.2865878 0.02046036 0.2750955 0.02435886 0.2821686 0.01757448 0.288114 0.02046036 0.2750955 0.01757448 0.288114 0.01176047 0.2772732 0.02040582 0.2669771 0.02046036 0.2750955 0.01176047 0.2772732 0.02040582 0.2669771 0.01176047 0.2772732 0.01166898 0.2649277 0.02040582 0.2669771 0.01166898 0.2649277 0.01733291 0.254007 0.01733291 0.254007 0.02421176 0.2598566 0.02040582 0.2669771 0.03036439 0.2553455 0.02421176 0.2598566 0.01733291 0.254007 0.01733291 0.254007 0.0275222 0.2471705 0.03036439 0.2553455 0.03036439 0.2553455 0.0275222 0.2471705 0.03975135 0.2468841 0.03975135 0.2468841 0.03715384 0.2552657 0.03036439 0.2553455 0.03715384 0.2552657 0.03975135 0.2468841 0.05009627 0.2536043 0.05009627 0.2536043 0.04334741 0.2596669 0.03715384 0.2552657 0.04334741 0.2596669 0.05009627 0.2536043 0.04724138 0.2667843 0.05595844 0.2645885 0.04724138 0.2667843 0.05009627 0.2536043 0.04724138 0.2667843 0.05595844 0.2645885 0.05598437 0.2770784 0.05598437 0.2770784 0.04726636 0.2749518 0.04724138 0.2667843 0.04726636 0.2749518 0.05598437 0.2770784 0.05022114 0.2880901 0.05022114 0.2880901 0.04343235 0.2821078 0.04726636 0.2749518 0.5000262 0.4870328 0.4957604 0.4773142 0.5092319 0.4395994 0.4957604 0.4773142 0.5016434 0.4468008 0.5092319 0.4395994 0.5000262 0.4870328 0.4754739 0.4744748 0.4816833 0.4688846 0.4816833 0.4688846 0.4957604 0.4773142 0.5000262 0.4870328 0.4816833 0.4688846 0.4754739 0.4744748 0.4708331 0.4660344 0.4708331 0.4660344 0.479239 0.4643186 0.4816833 0.4688846 0.479239 0.4643186 0.4708331 0.4660344 0.4794342 0.4579069 0.4710435 0.4562247 0.4794342 0.4579069 0.4708331 0.4660344 0.4794342 0.4579069 0.4710435 0.4562247 0.4816565 0.4519573 0.4745811 0.4471022 0.4816565 0.4519573 0.4710435 0.4562247 0.4816565 0.4519573 0.4745811 0.4471022 0.4819829 0.4411745 0.4819829 0.4411745 0.4854557 0.4488083 0.4816565 0.4519573 0.5016434 0.4468008 0.4854557 0.4488083 0.4819829 0.4411745 0.5092319 0.4395994 0.5016434 0.4468008 0.4819829 0.4411745 0.5543732 0.3248531 0.5539625 0.3527342 0.5419129 0.3493664 0.5419129 0.3493664 0.5422264 0.3278802 0.5543732 0.3248531 0.5464405 0.2779179 0.5524772 0.3129571 0.5401742 0.3128773 0.5401742 0.3128773 0.5328484 0.2851007 0.5464405 0.2779179 0.5394282 0.3642985 0.5517317 0.3645654 0.5446174 0.3993992 0.5446174 0.3993992 0.5312983 0.3918531 0.5394282 0.3642985 0.5371161 0.3560588 0.4858347 0.3456919 0.4860638 0.3299696 0.4860638 0.3299696 0.5376229 0.3210552 0.5371161 0.3560588 0.5328484 0.2851007 0.5376229 0.3210552 0.4860638 0.3299696 0.4860638 0.3299696 0.4797729 0.3154885 0.5328484 0.2851007 0.4858347 0.3456919 0.5371161 0.3560588 0.5312983 0.3918531 0.5312983 0.3918531 0.479129 0.3599862 0.4858347 0.3456919 0.5419129 0.3493664 0.5371161 0.3560588 0.5376229 0.3210552 0.5376229 0.3210552 0.5422264 0.3278802 0.5419129 0.3493664 0.5394282 0.3642985 0.5312983 0.3918531 0.5371161 0.3560588 0.5401742 0.3128773 0.5376229 0.3210552 0.5328484 0.2851007 0.6848717 0.3607374 0.5536943 0.3586329 0.5539625 0.3527342 0.6848717 0.3607374 0.6819773 0.3685488 0.5536943 0.3586329 0.6855353 0.3206308 0.5543732 0.3248531 0.5542686 0.3189538 0.5542686 0.3189538 0.6827919 0.3128836 0.6855353 0.3206308 0.6837341 0.304843 0.5542686 0.3189538 0.5524772 0.3129571 0.6837341 0.304843 0.6827919 0.3128836 0.5542686 0.3189538 0.5536943 0.3586329 0.6819773 0.3685488 0.6827556 0.3767422 0.6827556 0.3767422 0.5517317 0.3645654 0.5536943 0.3586329 0.5536943 0.3586329 0.5371161 0.3560588 0.5419129 0.3493664 0.5419129 0.3493664 0.5539625 0.3527342 0.5536943 0.3586329 0.5542686 0.3189538 0.5543732 0.3248531 0.5422264 0.3278802 0.5422264 0.3278802 0.5376229 0.3210552 0.5542686 0.3189538 0.5542686 0.3189538 0.5376229 0.3210552 0.5401742 0.3128773 0.5401742 0.3128773 0.5524772 0.3129571 0.5542686 0.3189538 0.5536943 0.3586329 0.5394282 0.3642985 0.5371161 0.3560588 0.5536943 0.3586329 0.5517317 0.3645654 0.5394282 0.3642985 0.301381 0.814334 0.3208278 0.8148049 0.3207602 0.8425821 0.3207602 0.8425821 0.3015959 0.8503182 0.301381 0.814334 0.301381 0.814334 0.32069 0.7870281 0.3208278 0.8148049 0.3015468 0.7783496 0.32069 0.7870281 0.301381 0.814334 0.6947244 0.7009302 0.7005229 0.7129539 0.6640995 0.6986057 0.6640995 0.6986057 0.6487861 0.6828338 0.6947244 0.7009302 0.7098677 0.7089105 0.7085882 0.7203118 0.7005229 0.7129539 0.7005229 0.7129539 0.6996956 0.6996304 0.7098677 0.7089105 0.7085882 0.7203118 0.7199666 0.7187093 0.7177252 0.7490649 0.7177252 0.7490649 0.7068217 0.7442478 0.7085882 0.7203118 0.6979503 0.7498072 0.7058081 0.756097 0.6946187 0.7631086 0.7058081 0.756097 0.6979503 0.7498072 0.7068217 0.7442478 0.6979503 0.7498072 0.6902688 0.761166 0.6616374 0.7566693 0.64447 0.7698209 0.6616374 0.7566693 0.6902688 0.761166 0.4834344 0.02599161 0.6792444 0.02599138 0.6802233 0.07257908 0.6802233 0.07257908 0.4844494 0.07793349 0.4834344 0.02599161 0.5005372 0.1109629 0.4844494 0.07793349 0.6802233 0.07257908 0.5005372 0.1109629 0.4843728 0.09641456 0.4844494 0.07793349 0.6802233 0.07257908 0.6810851 0.1010697 0.5005372 0.1109629 0.5022352 0.1175832 0.5005372 0.1109629 0.6810851 0.1010697 0.4954271 0.1150938 0.5005372 0.1109629 0.5022352 0.1175832 0.4843728 0.09641456 0.5005372 0.1109629 0.4954271 0.1150938 0.6810851 0.1010697 0.6823348 0.1075807 0.5022352 0.1175832 0.4977015 0.1459664 0.5022352 0.1175832 0.6823348 0.1075807 0.6823348 0.1075807 0.6962273 0.1349283 0.4977015 0.1459664 0.6871618 0.1042631 0.6823348 0.1075807 0.6810851 0.1010697 0.6962273 0.1349283 0.6823348 0.1075807 0.6871618 0.1042631 0.4954271 0.1150938 0.4817697 0.1027936 0.4843728 0.09641456 0.4817697 0.1027936 0.4954271 0.1150938 0.4861305 0.142118 0.4817697 0.1027936 0.4861305 0.142118 0.4640632 0.1226149 0.4778936 0.09701001 0.4843728 0.09641456 0.4817697 0.1027936 0.4844494 0.07793349 0.4843728 0.09641456 0.4772017 0.09540444 0.4772017 0.09540444 0.4788082 0.07869929 0.4844494 0.07793349 0.4550861 0.08315515 0.4788082 0.07869929 0.4772017 0.09540444 0.4772017 0.09540444 0.4525956 0.1059431 0.4550861 0.08315515 0.4788082 0.07869929 0.4550861 0.08315515 0.4527879 0.03039437 0.4527879 0.03039437 0.4769629 0.02661508 0.4788082 0.07869929 0.4769629 0.02661508 0.4844494 0.07793349 0.4788082 0.07869929 0.4769629 0.02661508 0.4834344 0.02599161 0.4844494 0.07793349 0.6871618 0.1042631 0.7004374 0.1319364 0.6962273 0.1349283 0.4817697 0.1027936 0.4640632 0.1226149 0.4604736 0.117003 0.4604736 0.117003 0.4778936 0.09701001 0.4817697 0.1027936 0.4954271 0.1150938 0.4921707 0.1448457 0.4861305 0.142118 0.4954271 0.1150938 0.5022352 0.1175832 0.4921707 0.1448457 0.7092553 0.03140276 0.7101716 0.07755482 0.6864095 0.0731498 0.6864095 0.0731498 0.6854859 0.0267114 0.7092553 0.03140276 0.6876019 0.1025103 0.6864095 0.0731498 0.7101716 0.07755482 0.7101716 0.07755482 0.7126415 0.1200532 0.6876019 0.1025103 0.6792444 0.02599138 0.6854859 0.0267114 0.6864095 0.0731498 0.6792444 0.02599138 0.6864095 0.0731498 0.6802233 0.07257908 0.6864095 0.0731498 0.6876019 0.1025103 0.6810851 0.1010697 0.6810851 0.1010697 0.6802233 0.07257908 0.6864095 0.0731498 0.1847796 0.8449126 0.1947305 0.8442029 0.2114744 0.8733811 0.2114744 0.8733811 0.2033252 0.8746778 0.1847796 0.8449126 0.1950148 0.8141625 0.1947305 0.8442029 0.1847796 0.8449126 0.1847796 0.8449126 0.1853518 0.8144066 0.1950148 0.8141625 0.1950148 0.8141625 0.1853518 0.8144066 0.1849125 0.7836365 0.1849125 0.7836365 0.1948656 0.7838516 0.1950148 0.8141625 0.1948656 0.7838516 0.1849125 0.7836365 0.20349 0.7541322 0.20349 0.7541322 0.2117252 0.7555106 0.1948656 0.7838516 0.1748956 0.7904903 0.1849125 0.7836365 0.1853518 0.8144066 0.1853518 0.8144066 0.1748329 0.8143759 0.1748956 0.7904903 0.1748329 0.8143759 0.1853518 0.8144066 0.1748171 0.8380407 0.1847796 0.8449126 0.1748171 0.8380407 0.1853518 0.8144066 0.212346 0.8144535 0.2114744 0.8733811 0.1947305 0.8442029 0.1947305 0.8442029 0.1950148 0.8141625 0.212346 0.8144535 0.1950148 0.8141625 0.1948656 0.7838516 0.212346 0.8144535 0.1948656 0.7838516 0.2117252 0.7555106 0.212346 0.8144535 0.1060288 0.7627235 0.1138882 0.7540672 0.1748956 0.7904903 0.1849125 0.7836365 0.1748956 0.7904903 0.1138882 0.7540672 0.1137277 0.8745767 0.1059116 0.8658235 0.1748171 0.8380407 0.1748171 0.8380407 0.1847796 0.8449126 0.1137277 0.8745767 0.5352347 0.6558087 0.5338641 0.6033199 0.536179 0.6033406 0.5338641 0.6033199 0.5352347 0.6558087 0.5338704 0.6557962 0.5352347 0.6558087 0.536179 0.6033406 0.5384932 0.603403 0.5384932 0.603403 0.536599 0.655845 0.5352347 0.6558087 0.5315496 0.603341 0.5338641 0.6033199 0.5338704 0.6557962 0.5315496 0.603341 0.5338704 0.6557962 0.532506 0.6558086 0.5315496 0.603341 0.532506 0.6558086 0.5311419 0.6558459 0.5311419 0.6558459 0.5292351 0.6034041 0.5315496 0.603341 0.5338576 0.6571606 0.5338704 0.6557962 0.5352347 0.6558087 0.5352347 0.6558087 0.5352222 0.6571736 0.5338576 0.6571606 0.5528044 0.607767 0.5565929 0.6556158 0.5542803 0.6555135 0.5565929 0.6556158 0.5528044 0.607767 0.5541671 0.607828 0.5542803 0.6555135 0.5514471 0.6079114 0.5528044 0.607767 0.5514471 0.6079114 0.5542803 0.6555135 0.5519778 0.6557579 0.5514471 0.6079114 0.5519778 0.6557579 0.5496711 0.6559563 0.5496711 0.6559563 0.5500876 0.6080281 0.5514471 0.6079114 0.5500876 0.6080281 0.5496711 0.6559563 0.5473684 0.6557171 0.5473684 0.6557171 0.5487303 0.6078872 0.5500876 0.6080281 0.5500876 0.6080281 0.5499707 0.6066686 0.55133 0.6065515 0.55133 0.6065515 0.5514471 0.6079114 0.5500876 0.6080281 0.5313546 0.5420426 0.5307236 0.5809543 0.529363 0.5808515 0.529363 0.5808515 0.5290461 0.5418692 0.5313546 0.5420426 0.5313546 0.5420426 0.532087 0.5808955 0.5307236 0.5809543 0.532087 0.5808955 0.5313546 0.5420426 0.5336676 0.5419438 0.5336676 0.5419438 0.5334515 0.5808711 0.532087 0.5808955 0.5334515 0.5808711 0.5336676 0.5419438 0.5359824 0.5419022 0.5334515 0.5808711 0.5359824 0.5419022 0.5382722 0.5422435 0.5382722 0.5422435 0.5348009 0.5810724 0.5334515 0.5808711 0.5334515 0.5808711 0.5334758 0.582235 0.532112 0.5822598 0.532112 0.5822598 0.532087 0.5808955 0.5334515 0.5808711 0.5522835 0.5945112 0.5502405 0.5657237 0.551604 0.5657676 0.551604 0.5657676 0.5545973 0.5945848 0.5522835 0.5945112 0.5522835 0.5945112 0.5489084 0.5660211 0.5502405 0.5657237 0.5489084 0.5660211 0.5522835 0.5945112 0.5500236 0.5950148 0.5500236 0.5950148 0.5475572 0.5662122 0.5489084 0.5660211 0.5475572 0.5662122 0.5500236 0.5950148 0.547731 0.5953388 0.5475572 0.5662122 0.547731 0.5953388 0.5454506 0.5949381 0.5454506 0.5949381 0.5462135 0.5659755 0.5475572 0.5662122 0.5475572 0.5662122 0.5473663 0.564861 0.5487171 0.5646699 0.5487171 0.5646699 0.5489084 0.5660211 0.5475572 0.5662122 0.09645807 0.5342283 0.05862373 0.5438554 0.05871391 0.5338545 0.05862373 0.5438554 0.09645807 0.5342283 0.09637105 0.5442334 0.4936021 0.5470964 0.09637105 0.5442334 0.09645807 0.5342283 0.09645807 0.5342283 0.4936851 0.5372089 0.4936021 0.5470964 0.7089047 0.2175016 0.6009042 0.2417338 0.5899531 0.221332 0.6009042 0.2417338 0.7089047 0.2175016 0.7240797 0.2288737 0.7089047 0.2175016 0.5899531 0.221332 0.5891876 0.202521 0.5891876 0.202521 0.7126749 0.2025209 0.7089047 0.2175016 0.7252937 0.2270595 0.7089047 0.2175016 0.7126749 0.2025209 0.7126749 0.2025209 0.7290708 0.2052873 0.7252937 0.2270595 0.7089173 0.1824663 0.7126876 0.1974486 0.5892006 0.1974486 0.5892006 0.1974486 0.5899661 0.1786364 0.7089173 0.1824663 0.5899661 0.1786364 0.6009167 0.1582345 0.7089173 0.1824663 0.7240928 0.1710948 0.7089173 0.1824663 0.6009167 0.1582345 0.7126876 0.1974486 0.7089173 0.1824663 0.7253064 0.172909 0.7253064 0.172909 0.7290836 0.1946818 0.7126876 0.1974486 1.316492 0.121397 1.31691 0.1004207 1.013427 0.1004207 1.013427 0.1004207 1.012427 0.1178499 1.316492 0.121397 1.316492 0.121397 1.012427 0.1178499 1.011286 0.1306498 1.011286 0.1306498 1.315906 0.1338534 1.316492 0.121397 1.013517 0.08668678 1.013427 0.1004207 1.31691 0.1004207 1.31691 0.1004207 1.317467 0.08255046 1.013517 0.08668678 1.01266 0.06928116 1.013517 0.08668678 1.317467 0.08255046 1.317467 0.08255046 1.318092 0.06157732 1.01266 0.06928116 1.011505 0.05731815 1.01266 0.06928116 1.318092 0.06157732 1.318092 0.06157732 1.317868 0.048509 1.011505 0.05731815 1.329438 0.1770498 1.329189 0.158461 1.008313 0.1737133 1.00959 0.1548979 1.008313 0.1737133 1.329189 0.158461 1.00959 0.1548979 1.329189 0.158461 1.329072 0.1411294 1.329072 0.1411294 1.010898 0.137854 1.00959 0.1548979 1.372865 0.1431711 1.329072 0.1411294 1.329189 0.158461 1.329072 0.1411294 1.372865 0.1431711 1.373626 0.1248677 1.373626 0.1248677 1.330359 0.1229263 1.329072 0.1411294 1.331026 0.1008043 1.330359 0.1229263 1.373626 0.1248677 1.373626 0.1248677 1.374559 0.1014861 1.331026 0.1008043 1.329189 0.158461 1.372678 0.1601096 1.372865 0.1431711 1.329189 0.158461 1.329438 0.1770498 1.372678 0.1601096 1.372744 0.1785174 1.372678 0.1601096 1.329438 0.1770498 1.33158 0.08229893 1.331026 0.1008043 1.374559 0.1014861 1.374559 0.1014861 1.375114 0.08123481 1.33158 0.08229893 1.375114 0.08123481 1.331995 0.0601139 1.33158 0.08229893 1.375114 0.08123481 1.375301 0.05782729 1.331995 0.0601139 1.375301 0.05782729 1.331025 0.04119527 1.331995 0.0601139 1.375301 0.05782729 1.374853 0.03849136 1.331025 0.04119527 1.374853 0.03849136 1.330876 0.02385854 1.331025 0.04119527 1.331025 0.04119527 1.330876 0.02385854 1.009596 0.03281623 1.330876 0.02385854 1.330153 0.004592835 1.009596 0.03281623 1.007832 0.01495081 1.009596 0.03281623 1.330153 0.004592835 1.009596 0.03281623 1.011189 0.0498349 1.331025 0.04119527 1.330153 0.004592835 1.330876 0.02385854 1.3744 0.02156621 1.330876 0.02385854 1.374853 0.03849136 1.3744 0.02156621 1.3744 0.02156621 1.373445 0.002199769 1.330153 0.004592835 1.439719 0.1235638 1.433108 0.1017216 1.426798 0.1121573 1.426798 0.1121573 1.421458 0.1309851 1.439719 0.1235638 1.421458 0.1309851 1.426798 0.1121573 1.414729 0.117588 1.414729 0.117588 1.403315 0.1304293 1.421458 0.1309851 1.400614 0.1163723 1.403315 0.1304293 1.414729 0.117588 1.403315 0.1304293 1.400614 0.1163723 1.386005 0.122441 1.400614 0.1163723 1.392188 0.1112342 1.386005 0.122441 1.374559 0.1014861 1.386005 0.122441 1.392188 0.1112342 1.392188 0.1112342 1.384659 0.09979134 1.374559 0.1014861 1.375114 0.08123481 1.374559 0.1014861 1.384659 0.09979134 1.385267 0.08317536 1.375114 0.08123481 1.384659 0.09979134 1.375114 0.08123481 1.385267 0.08317536 1.393528 0.07183247 1.393528 0.07183247 1.387787 0.06098186 1.375114 0.08123481 1.387787 0.06098186 1.393528 0.07183247 1.402138 0.06688457 1.387787 0.06098186 1.402138 0.06688457 1.40551 0.05167573 1.416069 0.06641465 1.40551 0.05167573 1.402138 0.06688457 1.423659 0.05212312 1.40551 0.05167573 1.416069 0.06641465 1.416069 0.06641465 1.427745 0.07275706 1.423659 0.05212312 1.441413 0.06283092 1.423659 0.05212312 1.427745 0.07275706 1.433511 0.0839135 1.441413 0.06283092 1.427745 0.07275706 1.441413 0.06283092 1.433511 0.0839135 1.433108 0.1017216 1.441413 0.06283092 1.433108 0.1017216 1.439719 0.1235638 1.461139 0.4441429 1.460837 0.4316252 1.064265 0.4358266 1.460837 0.4316252 1.064232 0.4219896 1.064265 0.4358266 1.064232 0.4219896 1.460837 0.4316252 1.459178 0.3880966 1.459178 0.3880966 1.063796 0.3775766 1.064232 0.4219896 1.064265 0.4358266 1.064189 0.4475133 1.461139 0.4441429 1.46104 0.4535794 1.461139 0.4441429 1.064189 0.4475133 1.460912 0.4637738 1.46104 0.4535794 1.064189 0.4475133 1.064189 0.4475133 1.063864 0.4591658 1.460912 0.4637738 1.063864 0.4591658 1.460148 0.4764817 1.460912 0.4637738 1.063864 0.4591658 1.063437 0.4733906 1.460148 0.4764817 1.063437 0.4733906 1.457072 0.5205982 1.460148 0.4764817 1.457072 0.5205982 1.063437 0.4733906 1.061555 0.5185321 1.018033 0.4270623 1.04566 0.4337391 1.051995 0.4265597 1.010791 0.4113908 1.018033 0.4270623 1.051995 0.4265597 1.052107 0.4406387 1.051995 0.4265597 1.04566 0.4337391 1.061134 0.4366914 1.051995 0.4265597 1.052107 0.4406387 1.052107 0.4406387 1.064189 0.4475133 1.061134 0.4366914 1.054763 0.4499624 1.064189 0.4475133 1.052107 0.4406387 1.064189 0.4475133 1.054763 0.4499624 1.063864 0.4591658 1.054443 0.4595641 1.063864 0.4591658 1.054763 0.4499624 1.063864 0.4591658 1.054443 0.4595641 1.056483 0.471325 1.054443 0.4595641 1.049402 0.4674016 1.056483 0.471325 1.056483 0.471325 1.049402 0.4674016 1.022543 0.4776435 1.056483 0.471325 1.022543 0.4776435 1.017316 0.4927972 1.017316 0.4927972 1.022543 0.4776435 1.009824 0.4530542 1.009824 0.4530542 1.018033 0.4270623 1.010791 0.4113908 1.022543 0.4776435 1.017389 0.4530937 1.009824 0.4530542 1.009824 0.4530542 1.017389 0.4530937 1.018033 0.4270623 1.474581 0.4471022 1.481983 0.4411745 1.47574 0.4358131 1.47574 0.4358131 1.46501 0.4435911 1.474581 0.4471022 1.47574 0.4358131 1.481983 0.4411745 1.509232 0.4395994 1.47574 0.4358131 1.509232 0.4395994 1.519344 0.430561 1.519344 0.430561 1.509232 0.4395994 1.506215 0.4983958 1.509232 0.4395994 1.500026 0.4870328 1.506215 0.4983958 1.506215 0.4983958 1.500026 0.4870328 1.467994 0.4754407 1.500026 0.4870328 1.475474 0.4744748 1.467994 0.4754407 1.467994 0.4754407 1.475474 0.4744748 1.470833 0.4660344 1.470833 0.4660344 1.460912 0.4637738 1.467994 0.4754407 1.460912 0.4637738 1.470833 0.4660344 1.471044 0.4562247 1.471044 0.4562247 1.474581 0.4471022 1.46501 0.4435911 1.471044 0.4562247 1.46104 0.4535794 1.460912 0.4637738 1.46501 0.4435911 1.46104 0.4535794 1.471044 0.4562247 1.090055 0.8725892 1.091075 0.8433293 1.028886 0.8422086 1.028886 0.8422086 1.027859 0.87012 1.090055 0.8725892 1.027859 0.87012 1.088831 0.9024476 1.090055 0.8725892 1.027119 0.8986146 1.088831 0.9024476 1.027859 0.87012 1.028886 0.8422086 1.091075 0.8433293 1.029211 0.8142785 1.029211 0.8142785 1.091075 0.8433293 1.09142 0.8142785 1.09142 0.8142785 1.091167 0.784946 1.029211 0.8142785 1.091167 0.784946 1.029034 0.7862422 1.029211 0.8142785 1.029034 0.7862422 1.091167 0.784946 1.090192 0.7559368 1.090192 0.7559368 1.027842 0.758421 1.029034 0.7862422 1.090192 0.7559368 1.089052 0.7262103 1.027842 0.758421 1.089052 0.7262103 1.027519 0.7301944 1.027842 0.758421 1.027519 0.7301944 1.089052 0.7262103 1.088026 0.6975104 1.088026 0.6975104 1.025983 0.7025967 1.027519 0.7301944 1.0877 0.9309587 1.088831 0.9024476 1.027119 0.8986146 1.027119 0.8986146 1.025964 0.9259197 1.0877 0.9309587 1.025964 0.9259197 1.085905 0.961242 1.0877 0.9309587 1.025964 0.9259197 1.02367 0.9547091 1.085905 0.961242 1.083738 0.9902663 1.085905 0.961242 1.02367 0.9547091 1.02367 0.9547091 1.020676 0.9816591 1.083738 0.9902663 1.088026 0.6975104 1.086384 0.6682766 1.025983 0.7025967 1.086384 0.6682766 1.024342 0.67483 1.025983 0.7025967 1.024342 0.67483 1.086384 0.6682766 1.083782 0.638409 1.083782 0.638409 1.020261 0.6470703 1.024342 0.67483 1.111156 0.9623924 1.085905 0.961242 1.083738 0.9902663 1.083738 0.9902663 1.110284 0.9900947 1.111156 0.9623924 1.111156 0.9623924 1.112206 0.9320741 1.085905 0.961242 1.085905 0.961242 1.112206 0.9320741 1.0877 0.9309587 1.0877 0.9309587 1.112206 0.9320741 1.088831 0.9024476 1.112206 0.9320741 1.113047 0.9035828 1.088831 0.9024476 1.090055 0.8725892 1.088831 0.9024476 1.113047 0.9035828 1.113047 0.9035828 1.113728 0.8745767 1.090055 0.8725892 1.105912 0.8658235 1.090055 0.8725892 1.113728 0.8745767 1.091075 0.8433293 1.090055 0.8725892 1.105912 0.8658235 1.105912 0.8658235 1.106128 0.8437982 1.091075 0.8433293 1.091075 0.8433293 1.106128 0.8437982 1.10631 0.8143348 1.10631 0.8143348 1.09142 0.8142785 1.091075 0.8433293 1.09142 0.8142785 1.10631 0.8143348 1.091167 0.784946 1.106211 0.7846338 1.091167 0.784946 1.10631 0.8143348 1.091167 0.784946 1.106211 0.7846338 1.106029 0.7627235 1.106029 0.7627235 1.090192 0.7559368 1.091167 0.784946 1.113888 0.7540672 1.090192 0.7559368 1.106029 0.7627235 1.090192 0.7559368 1.113888 0.7540672 1.113275 0.7252651 1.113275 0.7252651 1.089052 0.7262103 1.090192 0.7559368 1.088026 0.6975104 1.089052 0.7262103 1.113275 0.7252651 1.113275 0.7252651 1.112615 0.6963811 1.088026 0.6975104 1.088026 0.6975104 1.112615 0.6963811 1.111612 0.6668677 1.111612 0.6668677 1.086384 0.6682766 1.088026 0.6975104 1.083782 0.638409 1.086384 0.6682766 1.111612 0.6668677 1.111612 0.6668677 1.110465 0.6378404 1.083782 0.638409 1.111156 0.9623924 1.110284 0.9900947 1.201862 0.9925694 1.201862 0.9925694 1.201955 0.9633756 1.111156 0.9623924 1.112206 0.9320741 1.111156 0.9623924 1.201955 0.9633756 1.112206 0.9320741 1.201955 0.9633756 1.202516 0.9329588 1.113047 0.9035828 1.112206 0.9320741 1.202516 0.9329588 1.202516 0.9329588 1.202885 0.9042944 1.113047 0.9035828 1.113728 0.8745767 1.113047 0.9035828 1.202885 0.9042944 1.113728 0.8745767 1.202885 0.9042944 1.203325 0.8746778 1.18478 0.8449126 1.113728 0.8745767 1.203325 0.8746778 1.20349 0.7541322 1.203033 0.724624 1.113888 0.7540672 1.203033 0.724624 1.113275 0.7252651 1.113888 0.7540672 1.113275 0.7252651 1.203033 0.724624 1.20301 0.6957374 1.20301 0.6957374 1.112615 0.6963811 1.113275 0.7252651 1.20301 0.6957374 1.202279 0.6662552 1.112615 0.6963811 1.202279 0.6662552 1.111612 0.6668677 1.112615 0.6963811 1.111612 0.6668677 1.202279 0.6662552 1.202417 0.6360513 1.202417 0.6360513 1.110465 0.6378404 1.111612 0.6668677 1.184913 0.7836365 1.20349 0.7541322 1.113888 0.7540672 1.301596 0.8503182 1.301381 0.814334 1.286595 0.8143123 1.287436 0.8692389 1.301596 0.8503182 1.286595 0.8143123 1.287436 0.8692389 1.302144 0.8692405 1.301596 0.8503182 1.231651 0.8707427 1.287436 0.8692389 1.286595 0.8143123 1.286595 0.8143123 1.230802 0.8143123 1.231651 0.8707427 1.286595 0.8143123 1.301381 0.814334 1.301547 0.7783496 1.286595 0.8143123 1.301547 0.7783496 1.287376 0.759384 1.287376 0.759384 1.301547 0.7783496 1.302055 0.7595189 1.287376 0.759384 1.302055 0.7595189 1.303926 0.7056491 1.303926 0.7056491 1.289406 0.7045449 1.287376 0.759384 1.287376 0.759384 1.289406 0.7045449 1.23387 0.7010495 1.23387 0.7010495 1.231605 0.757769 1.287376 0.759384 1.231605 0.757769 1.230802 0.8143123 1.286595 0.8143123 1.286595 0.8143123 1.287376 0.759384 1.231605 0.757769 1.302144 0.8692405 1.287436 0.8692389 1.303689 0.92311 1.289242 0.9241375 1.303689 0.92311 1.287436 0.8692389 1.303689 0.92311 1.289242 0.9241375 1.292925 0.979325 1.292925 0.979325 1.307183 0.9763672 1.303689 0.92311 1.237255 0.983636 1.292925 0.979325 1.289242 0.9241375 1.289242 0.9241375 1.233724 0.9270993 1.237255 0.983636 1.29389 0.6494702 1.289406 0.7045449 1.303926 0.7056491 1.303926 0.7056491 1.308027 0.6523791 1.29389 0.6494702 1.233724 0.9270993 1.289242 0.9241375 1.287436 0.8692389 1.287436 0.8692389 1.231651 0.8707427 1.233724 0.9270993 1.238366 0.6443239 1.23387 0.7010495 1.289406 0.7045449 1.289406 0.7045449 1.29389 0.6494702 1.238366 0.6443239 1.624559 0.9101316 1.303689 0.92311 1.307183 0.9763672 1.307183 0.9763672 1.626774 0.9535835 1.624559 0.9101316 1.635137 0.909667 1.624559 0.9101316 1.626774 0.9535835 1.626774 0.9535835 1.637343 0.9522544 1.635137 0.909667 1.672878 0.9078525 1.635137 0.909667 1.637343 0.9522544 1.637343 0.9522544 1.675046 0.9497232 1.672878 0.9078525 1.624559 0.9101316 1.635137 0.909667 1.633371 0.865927 1.633371 0.865927 1.622903 0.8655013 1.624559 0.9101316 1.635137 0.909667 1.672878 0.9078525 1.670965 0.8648534 1.670965 0.8648534 1.633371 0.865927 1.635137 0.909667 1.303689 0.92311 1.624559 0.9101316 1.622903 0.8655013 1.622903 0.8655013 1.302144 0.8692405 1.303689 0.92311 1.308027 0.6523791 1.303926 0.7056491 1.624847 0.722068 1.624847 0.722068 1.627306 0.6782361 1.308027 0.6523791 1.624847 0.722068 1.636989 0.6965134 1.627306 0.6782361 1.636989 0.6965134 1.637822 0.679579 1.627306 0.6782361 1.634274 0.7487279 1.636989 0.6965134 1.624847 0.722068 1.622703 0.7659194 1.634274 0.7487279 1.624847 0.722068 1.303926 0.7056491 1.622703 0.7659194 1.624847 0.722068 1.622703 0.7659194 1.633326 0.7656601 1.634274 0.7487279 1.622703 0.7659194 1.303926 0.7056491 1.302055 0.7595189 1.386734 0.2845185 1.114732 0.2644743 1.112733 0.2906327 1.114732 0.2644743 1.386734 0.2845185 1.387693 0.2687291 1.387693 0.2687291 1.113329 0.2472255 1.114732 0.2644743 1.113329 0.2472255 1.387693 0.2687291 1.392984 0.2528768 1.392984 0.2528768 1.106845 0.2341125 1.113329 0.2472255 1.106845 0.2341125 1.392984 0.2528768 1.406017 0.2156602 1.406017 0.2156602 1.076529 0.1859369 1.106845 0.2341125 1.406017 0.2156602 1.392984 0.2528768 1.402961 0.2525076 1.402961 0.2525076 1.416992 0.215061 1.406017 0.2156602 1.387013 0.2998222 1.386734 0.2845185 1.112733 0.2906327 1.395079 0.2846393 1.386734 0.2845185 1.387013 0.2998222 1.387693 0.2687291 1.386734 0.2845185 1.395079 0.2846393 1.387013 0.2998222 1.396543 0.2995431 1.395079 0.2846393 1.391615 0.3157778 1.396543 0.2995431 1.387013 0.2998222 1.396543 0.2995431 1.391615 0.3157778 1.400388 0.3167822 1.403365 0.3501126 1.400388 0.3167822 1.391615 0.3157778 1.101812 0.3197722 1.403365 0.3501126 1.391615 0.3157778 1.101812 0.3197722 1.072245 0.3625764 1.403365 0.3501126 1.400388 0.3167822 1.403365 0.3501126 1.414846 0.3504554 1.391615 0.3157778 1.387013 0.2998222 1.108907 0.3076251 1.391615 0.3157778 1.108907 0.3076251 1.101812 0.3197722 1.112733 0.2906327 1.108907 0.3076251 1.387013 0.2998222 1.395079 0.2846393 1.398115 0.2698028 1.387693 0.2687291 1.392984 0.2528768 1.387693 0.2687291 1.398115 0.2698028 1.398115 0.2698028 1.402961 0.2525076 1.392984 0.2528768 1.665766 0.7277602 1.661637 0.7566693 1.69795 0.7498072 1.706822 0.7442478 1.665766 0.7277602 1.69795 0.7498072 1.708588 0.7203118 1.665766 0.7277602 1.706822 0.7442478 1.708588 0.7203118 1.700523 0.7129539 1.665766 0.7277602 1.665766 0.7277602 1.700523 0.7129539 1.664099 0.6986057 1.395079 0.2846393 1.408211 0.3121977 1.410732 0.2577504 1.410732 0.2577504 1.398115 0.2698028 1.395079 0.2846393 1.395079 0.2846393 1.396543 0.2995431 1.408211 0.3121977 1.410732 0.2577504 1.408211 0.3121977 1.440419 0.3294198 1.446712 0.240701 1.410732 0.2577504 1.440419 0.3294198 1.371918 0.8572581 1.334508 0.7716162 1.33417 0.8578165 1.372259 0.7724538 1.334508 0.7716162 1.371918 0.8572581 1.372259 0.7724538 1.371918 0.8572581 1.784434 0.8512627 1.784434 0.8512627 1.785033 0.781816 1.372259 0.7724538 1.10899 0.5995088 1.070965 0.5661007 1.071239 0.6004875 1.108726 0.5664931 1.070965 0.5661007 1.10899 0.5995088 1.48264 0.5894099 1.108726 0.5664931 1.10899 0.5995088 1.108726 0.5664931 1.48264 0.5894099 1.482479 0.5692589 1.104411 0.610481 1.10899 0.5995088 1.071239 0.6004875 1.071239 0.6004875 1.066658 0.6114219 1.104411 0.610481 1.08898 0.6271071 1.104411 0.610481 1.066658 0.6114219 1.08898 0.6271071 1.066658 0.6114219 1.051265 0.6280751 1.501526 0.6170404 1.104411 0.610481 1.08898 0.6271071 1.501526 0.6170404 1.487141 0.6005597 1.104411 0.610481 1.10899 0.5995088 1.104411 0.610481 1.487141 0.6005597 1.487141 0.6005597 1.48264 0.5894099 1.10899 0.5995088 1.108726 0.5664931 1.10453 0.5548304 1.070965 0.5661007 1.10453 0.5548304 1.066771 0.5544607 1.070965 0.5661007 1.10453 0.5548304 1.096371 0.5442334 1.066771 0.5544607 1.096371 0.5442334 1.058624 0.5438554 1.066771 0.5544607 1.493602 0.5470964 1.096371 0.5442334 1.10453 0.5548304 1.10453 0.5548304 1.486325 0.5574419 1.493602 0.5470964 1.482479 0.5692589 1.486325 0.5574419 1.108726 0.5664931 1.486325 0.5574419 1.10453 0.5548304 1.108726 0.5664931 1.685535 0.3206308 1.684872 0.3607374 1.729517 0.3073265 1.684872 0.3607374 1.728918 0.3767731 1.729517 0.3073265 1.684872 0.3607374 1.682756 0.3767422 1.728918 0.3767731 1.709066 0.4433666 1.728918 0.3767731 1.682756 0.3767422 1.682756 0.3767422 1.673464 0.4210223 1.709066 0.4433666 1.684872 0.3607374 1.681977 0.3685488 1.682756 0.3767422 1.683734 0.304843 1.685535 0.3206308 1.729517 0.3073265 1.712816 0.2396748 1.683734 0.304843 1.729517 0.3073265 1.676085 0.260341 1.683734 0.304843 1.712816 0.2396748 1.683734 0.304843 1.682792 0.3128836 1.685535 0.3206308 1.684872 0.3607374 1.685535 0.3206308 1.554373 0.3248531 1.554373 0.3248531 1.553962 0.3527342 1.684872 0.3607374 1.676085 0.260341 1.54644 0.2779179 1.552477 0.3129571 1.552477 0.3129571 1.683734 0.304843 1.676085 0.260341 1.673464 0.4210223 1.682756 0.3767422 1.551732 0.3645654 1.551732 0.3645654 1.544617 0.3993992 1.673464 0.4210223 1.486064 0.3299696 1.456288 0.3374065 1.485835 0.3456919 1.479773 0.3154885 1.456288 0.3374065 1.486064 0.3299696 1.485835 0.3456919 1.456288 0.3374065 1.479129 0.3599862 1.482479 0.5692589 1.48264 0.5894099 1.488279 0.6000256 1.487351 0.5578275 1.482479 0.5692589 1.488279 0.6000256 1.487351 0.5578275 1.488279 0.6000256 1.506301 0.6124168 1.506301 0.6124168 1.496537 0.5491461 1.487351 0.5578275 1.506301 0.6124168 1.505724 0.5404656 1.496537 0.5491461 1.505724 0.5404656 1.497931 0.5393565 1.496537 0.5491461 1.2209 0.9326593 1.201955 0.9633756 1.221062 0.9908434 1.201955 0.9633756 1.201862 0.9925694 1.221062 0.9908434 1.2209 0.9326593 1.202516 0.9329588 1.201955 0.9633756 1.2209 0.9326593 1.202885 0.9042944 1.202516 0.9329588 1.2209 0.9326593 1.220304 0.8734562 1.202885 0.9042944 1.202885 0.9042944 1.220304 0.8734562 1.211474 0.8733811 1.211474 0.8733811 1.220304 0.8734562 1.221178 0.814471 1.211474 0.8733811 1.221178 0.814471 1.212346 0.8144535 1.212346 0.8144535 1.221178 0.814471 1.211725 0.7555106 1.220587 0.7554827 1.211725 0.7555106 1.221178 0.814471 1.203033 0.724624 1.211725 0.7555106 1.220587 0.7554827 1.203033 0.724624 1.220587 0.7554827 1.221763 0.6961597 1.221763 0.6961597 1.20301 0.6957374 1.203033 0.724624 1.221763 0.6961597 1.202279 0.6662552 1.20301 0.6957374 1.221763 0.6961597 1.221934 0.6377012 1.202279 0.6662552 1.221934 0.6377012 1.202417 0.6360513 1.202279 0.6662552 1.203033 0.724624 1.20349 0.7541322 1.211725 0.7555106 1.211474 0.8733811 1.203325 0.8746778 1.202885 0.9042944 1.065837 0.5548202 1.055825 0.545954 1.045982 0.5540475 1.045982 0.5540475 1.062637 0.5616406 1.065837 0.5548202 1.065837 0.5548202 1.062637 0.5616406 1.070965 0.5661007 1.070965 0.5661007 1.062637 0.5616406 1.062969 0.6028604 1.070965 0.5661007 1.062969 0.6028604 1.071239 0.6004875 1.071239 0.6004875 1.062969 0.6028604 1.065612 0.6109458 1.046418 0.6063157 1.065612 0.6109458 1.062969 0.6028604 1.065612 0.6109458 1.046418 0.6063157 1.046575 0.6232731 1.055825 0.545954 1.045813 0.5370919 1.045982 0.5540475 1.045813 0.5370919 1.055825 0.545954 1.054618 0.5360228 1.012007 0.5541136 1.012324 0.606398 1.032142 0.6000225 1.032142 0.6000225 1.0319 0.5602476 1.012007 0.5541136 1.0319 0.5602476 1.029828 0.5499238 1.012007 0.5541136 1.032142 0.6000225 1.012324 0.606398 1.02877 0.610317 1.042331 0.5616888 1.032142 0.6000225 1.042581 0.6029123 1.042331 0.5616888 1.0319 0.5602476 1.032142 0.6000225 1.101843 0.2921731 1.108907 0.3076251 1.112733 0.2906327 1.101843 0.2921731 1.112733 0.2906327 1.114732 0.2644743 1.114732 0.2644743 1.104084 0.2618175 1.101843 0.2921731 1.101843 0.2921731 1.091408 0.3002135 1.108907 0.3076251 1.091408 0.3002135 1.096453 0.3153908 1.108907 0.3076251 1.096453 0.3153908 1.091408 0.3002135 1.046798 0.3117643 1.096453 0.3153908 1.046798 0.3117643 1.045386 0.3298888 1.104084 0.2618175 1.114732 0.2644743 1.113329 0.2472255 1.104084 0.2618175 1.113329 0.2472255 1.094851 0.2516761 1.113329 0.2472255 1.102321 0.2373474 1.094851 0.2516761 1.050817 0.2305897 1.094851 0.2516761 1.102321 0.2373474 1.051054 0.2123931 1.050817 0.2305897 1.102321 0.2373474 1.174896 0.7904903 1.106211 0.7846338 1.10631 0.8143348 1.10631 0.8143348 1.174833 0.8143759 1.174896 0.7904903 1.10631 0.8143348 1.174817 0.8380407 1.174833 0.8143759 1.106128 0.8437982 1.174817 0.8380407 1.10631 0.8143348 1.174896 0.7904903 1.106029 0.7627235 1.106211 0.7846338 1.174817 0.8380407 1.106128 0.8437982 1.105912 0.8658235 1.403889 0.1061948 1.412928 0.1069798 1.422944 0.09868282 1.399581 0.1035369 1.403889 0.1061948 1.422944 0.09868282 1.422944 0.09868282 1.423209 0.08637481 1.399581 0.1035369 1.423209 0.08637481 1.395425 0.08669495 1.399581 0.1035369 1.412928 0.1069798 1.419691 0.103986 1.422944 0.09868282 1.400626 0.07978093 1.395425 0.08669495 1.423209 0.08637481 1.400626 0.07978093 1.423209 0.08637481 1.413595 0.07689577 1.423209 0.08637481 1.420081 0.08038979 1.413595 0.07689577 1.413595 0.07689577 1.405021 0.07719779 1.400626 0.07978093 1.395425 0.08669495 1.395036 0.09689247 1.399581 0.1035369 1.026799 0.3774142 1.04058 0.361555 1.022527 0.3588672 1.026799 0.3774142 1.044453 0.3862499 1.04058 0.361555 1.04058 0.361555 1.044453 0.3862499 1.046785 0.3730651 1.046785 0.3730651 1.044619 0.3662079 1.04058 0.361555 1.044453 0.3862499 1.046873 0.3803335 1.046785 0.3730651 1.026799 0.3774142 1.028371 0.3949634 1.044453 0.3862499 1.501643 0.4468008 1.485456 0.4488083 1.481683 0.4688846 1.481683 0.4688846 1.485456 0.4488083 1.479434 0.4579069 1.479434 0.4579069 1.479239 0.4643186 1.481683 0.4688846 1.481683 0.4688846 1.49576 0.4773142 1.501643 0.4468008 1.485456 0.4488083 1.481657 0.4519573 1.479434 0.4579069 1.028886 0.8422086 1.015339 0.8696831 1.027859 0.87012 1.028886 0.8422086 1.016717 0.8142966 1.015339 0.8696831 1.028886 0.8422086 1.029211 0.8142785 1.016717 0.8142966 1.029034 0.7862422 1.016717 0.8142966 1.029211 0.8142785 1.029034 0.7862422 1.015204 0.758887 1.016717 0.8142966 1.029034 0.7862422 1.027842 0.758421 1.015204 0.758887 1.027519 0.7301944 1.015204 0.758887 1.027842 0.758421 1.027519 0.7301944 1.013613 0.7037265 1.015204 0.758887 1.027519 0.7301944 1.025983 0.7025967 1.013613 0.7037265 1.024342 0.67483 1.013613 0.7037265 1.025983 0.7025967 1.027119 0.8986146 1.027859 0.87012 1.015339 0.8696831 1.027119 0.8986146 1.015339 0.8696831 1.013831 0.9247694 1.027119 0.8986146 1.013831 0.9247694 1.025964 0.9259197 1.02367 0.9547091 1.025964 0.9259197 1.013831 0.9247694 1.02367 0.9547091 1.013831 0.9247694 1.007695 0.9784334 1.02367 0.9547091 1.007695 0.9784334 1.020676 0.9816591 1.024342 0.67483 1.007149 0.6500399 1.013613 0.7037265 1.024342 0.67483 1.020261 0.6470703 1.007149 0.6500399 1.022527 0.3588672 1.04058 0.361555 1.043909 0.3510483 1.043909 0.3510483 1.016305 0.3469774 1.022527 0.3588672 1.04894 0.3538098 1.04058 0.361555 1.044619 0.3662079 1.05447 0.3616487 1.04894 0.3538098 1.044619 0.3662079 1.057421 0.3713857 1.05447 0.3616487 1.044619 0.3662079 1.044619 0.3662079 1.046785 0.3730651 1.057421 0.3713857 1.057644 0.3816048 1.057421 0.3713857 1.046785 0.3730651 1.046785 0.3730651 1.046873 0.3803335 1.057644 0.3816048 1.046873 0.3803335 1.044453 0.3862499 1.057644 0.3816048 1.057644 0.3816048 1.044453 0.3862499 1.054819 0.3909271 1.026324 0.4084029 1.051126 0.3950117 1.044453 0.3862499 1.044453 0.3862499 1.028371 0.3949634 1.026324 0.4084029 1.028371 0.3949634 1.026799 0.3774142 1.015969 0.3791421 1.015969 0.3791421 1.018412 0.4041203 1.028371 0.3949634 1.015969 0.3791421 1.026799 0.3774142 1.022527 0.3588672 1.022527 0.3588672 1.010271 0.3535506 1.015969 0.3791421 1.011189 0.0498349 1.011505 0.05731815 1.317868 0.048509 1.011189 0.0498349 1.317868 0.048509 1.331025 0.04119527 1.317868 0.048509 1.318092 0.06157732 1.331995 0.0601139 1.331995 0.0601139 1.331025 0.04119527 1.317868 0.048509 1.331995 0.0601139 1.318092 0.06157732 1.317467 0.08255046 1.317467 0.08255046 1.33158 0.08229893 1.331995 0.0601139 1.33158 0.08229893 1.317467 0.08255046 1.31691 0.1004207 1.31691 0.1004207 1.331026 0.1008043 1.33158 0.08229893 1.330359 0.1229263 1.331026 0.1008043 1.31691 0.1004207 1.31691 0.1004207 1.316492 0.121397 1.330359 0.1229263 1.315906 0.1338534 1.330359 0.1229263 1.316492 0.121397 1.330359 0.1229263 1.315906 0.1338534 1.329072 0.1411294 1.315906 0.1338534 1.011286 0.1306498 1.010898 0.137854 1.010898 0.137854 1.329072 0.1411294 1.315906 0.1338534 1.024212 0.2598566 1.024359 0.2821686 1.030535 0.2865878 1.030535 0.2865878 1.030364 0.2553455 1.024212 0.2598566 1.024212 0.2598566 1.020406 0.2669771 1.024359 0.2821686 1.020406 0.2669771 1.02046 0.2750955 1.024359 0.2821686 1.037154 0.2552657 1.030364 0.2553455 1.030535 0.2865878 1.030535 0.2865878 1.03731 0.2865793 1.037154 0.2552657 1.043347 0.2596669 1.037154 0.2552657 1.03731 0.2865793 1.043347 0.2596669 1.03731 0.2865793 1.043432 0.2821078 1.043347 0.2596669 1.043432 0.2821078 1.047266 0.2749518 1.047266 0.2749518 1.047241 0.2667843 1.043347 0.2596669 1.022692 0.2378903 1.042827 0.2438529 1.039421 0.2372075 1.039751 0.2468841 1.042827 0.2438529 1.022692 0.2378903 1.022692 0.2378903 1.027522 0.2471705 1.039751 0.2468841 1.017333 0.254007 1.027522 0.2471705 1.022692 0.2378903 1.022692 0.2378903 1.005452 0.2450477 1.017333 0.254007 1.011669 0.2649277 1.017333 0.254007 1.005452 0.2450477 1.005892 0.2956094 1.011669 0.2649277 1.005452 0.2450477 1.005892 0.2956094 1.01176 0.2772732 1.011669 0.2649277 1.005892 0.2956094 1.017575 0.288114 1.01176 0.2772732 1.023027 0.3047895 1.017575 0.288114 1.005892 0.2956094 1.023027 0.3047895 1.027808 0.2948108 1.017575 0.288114 1.027808 0.2948108 1.023027 0.3047895 1.042416 0.2985846 1.023027 0.3047895 1.039744 0.3052569 1.042416 0.2985846 1.042416 0.2985846 1.040008 0.2949327 1.027808 0.2948108 1.050221 0.2880901 1.040008 0.2949327 1.042416 0.2985846 1.042416 0.2985846 1.05443 0.2921369 1.050221 0.2880901 1.050221 0.2880901 1.05443 0.2921369 1.055984 0.2770784 1.05443 0.2921369 1.064372 0.2769459 1.055984 0.2770784 1.055959 0.2645885 1.055984 0.2770784 1.064372 0.2769459 1.064372 0.2769459 1.064463 0.2632121 1.055959 0.2645885 1.054778 0.2480633 1.055959 0.2645885 1.064463 0.2632121 1.054778 0.2480633 1.050096 0.2536043 1.055959 0.2645885 1.050096 0.2536043 1.054778 0.2480633 1.042827 0.2438529 1.042827 0.2438529 1.039751 0.2468841 1.050096 0.2536043 1.422944 0.09868282 1.419691 0.103986 1.426798 0.1121573 1.426798 0.1121573 1.433108 0.1017216 1.422944 0.09868282 1.426798 0.1121573 1.419691 0.103986 1.412928 0.1069798 1.412928 0.1069798 1.414729 0.117588 1.426798 0.1121573 1.403889 0.1061948 1.414729 0.117588 1.412928 0.1069798 1.414729 0.117588 1.403889 0.1061948 1.400614 0.1163723 1.403889 0.1061948 1.399581 0.1035369 1.400614 0.1163723 1.392188 0.1112342 1.400614 0.1163723 1.399581 0.1035369 1.392188 0.1112342 1.399581 0.1035369 1.395036 0.09689247 1.395036 0.09689247 1.384659 0.09979134 1.392188 0.1112342 1.385267 0.08317536 1.384659 0.09979134 1.395036 0.09689247 1.395036 0.09689247 1.395425 0.08669495 1.385267 0.08317536 1.393528 0.07183247 1.385267 0.08317536 1.395425 0.08669495 1.395425 0.08669495 1.400626 0.07978093 1.393528 0.07183247 1.400626 0.07978093 1.405021 0.07719779 1.393528 0.07183247 1.393528 0.07183247 1.405021 0.07719779 1.402138 0.06688457 1.416069 0.06641465 1.402138 0.06688457 1.405021 0.07719779 1.405021 0.07719779 1.413595 0.07689577 1.416069 0.06641465 1.427745 0.07275706 1.416069 0.06641465 1.413595 0.07689577 1.413595 0.07689577 1.420081 0.08038979 1.427745 0.07275706 1.427745 0.07275706 1.420081 0.08038979 1.423209 0.08637481 1.423209 0.08637481 1.433511 0.0839135 1.427745 0.07275706 1.423209 0.08637481 1.422944 0.09868282 1.433511 0.0839135 1.433511 0.0839135 1.422944 0.09868282 1.433108 0.1017216 1.050221 0.2880901 1.043432 0.2821078 1.03731 0.2865793 1.03731 0.2865793 1.040008 0.2949327 1.050221 0.2880901 1.03731 0.2865793 1.030535 0.2865878 1.040008 0.2949327 1.040008 0.2949327 1.030535 0.2865878 1.027808 0.2948108 1.017575 0.288114 1.027808 0.2948108 1.030535 0.2865878 1.030535 0.2865878 1.024359 0.2821686 1.017575 0.288114 1.024359 0.2821686 1.02046 0.2750955 1.017575 0.288114 1.017575 0.288114 1.02046 0.2750955 1.01176 0.2772732 1.02046 0.2750955 1.020406 0.2669771 1.01176 0.2772732 1.011669 0.2649277 1.01176 0.2772732 1.020406 0.2669771 1.017333 0.254007 1.011669 0.2649277 1.020406 0.2669771 1.020406 0.2669771 1.024212 0.2598566 1.017333 0.254007 1.017333 0.254007 1.024212 0.2598566 1.030364 0.2553455 1.027522 0.2471705 1.017333 0.254007 1.030364 0.2553455 1.039751 0.2468841 1.027522 0.2471705 1.030364 0.2553455 1.030364 0.2553455 1.037154 0.2552657 1.039751 0.2468841 1.050096 0.2536043 1.039751 0.2468841 1.037154 0.2552657 1.037154 0.2552657 1.043347 0.2596669 1.050096 0.2536043 1.050096 0.2536043 1.043347 0.2596669 1.047241 0.2667843 1.047241 0.2667843 1.055959 0.2645885 1.050096 0.2536043 1.055984 0.2770784 1.055959 0.2645885 1.047241 0.2667843 1.047241 0.2667843 1.047266 0.2749518 1.055984 0.2770784 1.050221 0.2880901 1.055984 0.2770784 1.047266 0.2749518 1.047266 0.2749518 1.043432 0.2821078 1.050221 0.2880901 1.509232 0.4395994 1.501643 0.4468008 1.49576 0.4773142 1.509232 0.4395994 1.49576 0.4773142 1.500026 0.4870328 1.500026 0.4870328 1.481683 0.4688846 1.475474 0.4744748 1.49576 0.4773142 1.481683 0.4688846 1.500026 0.4870328 1.470833 0.4660344 1.475474 0.4744748 1.481683 0.4688846 1.481683 0.4688846 1.479239 0.4643186 1.470833 0.4660344 1.470833 0.4660344 1.479239 0.4643186 1.479434 0.4579069 1.479434 0.4579069 1.471044 0.4562247 1.470833 0.4660344 1.471044 0.4562247 1.479434 0.4579069 1.481657 0.4519573 1.481657 0.4519573 1.474581 0.4471022 1.471044 0.4562247 1.481983 0.4411745 1.474581 0.4471022 1.481657 0.4519573 1.481657 0.4519573 1.485456 0.4488083 1.481983 0.4411745 1.481983 0.4411745 1.485456 0.4488083 1.501643 0.4468008 1.481983 0.4411745 1.501643 0.4468008 1.509232 0.4395994 1.554373 0.3248531 1.542226 0.3278802 1.541913 0.3493664 1.541913 0.3493664 1.553962 0.3527342 1.554373 0.3248531 1.54644 0.2779179 1.540174 0.3128773 1.552477 0.3129571 1.532848 0.2851007 1.540174 0.3128773 1.54644 0.2779179 1.539428 0.3642985 1.531298 0.3918531 1.544617 0.3993992 1.544617 0.3993992 1.551732 0.3645654 1.539428 0.3642985 1.486064 0.3299696 1.485835 0.3456919 1.537116 0.3560588 1.537116 0.3560588 1.537623 0.3210552 1.486064 0.3299696 1.486064 0.3299696 1.537623 0.3210552 1.532848 0.2851007 1.532848 0.2851007 1.479773 0.3154885 1.486064 0.3299696 1.531298 0.3918531 1.537116 0.3560588 1.485835 0.3456919 1.485835 0.3456919 1.479129 0.3599862 1.531298 0.3918531 1.537623 0.3210552 1.537116 0.3560588 1.541913 0.3493664 1.541913 0.3493664 1.542226 0.3278802 1.537623 0.3210552 1.531298 0.3918531 1.539428 0.3642985 1.537116 0.3560588 1.537623 0.3210552 1.540174 0.3128773 1.532848 0.2851007 1.553962 0.3527342 1.553694 0.3586329 1.684872 0.3607374 1.553694 0.3586329 1.681977 0.3685488 1.684872 0.3607374 1.685535 0.3206308 1.682792 0.3128836 1.554269 0.3189538 1.554269 0.3189538 1.554373 0.3248531 1.685535 0.3206308 1.552477 0.3129571 1.554269 0.3189538 1.683734 0.304843 1.554269 0.3189538 1.682792 0.3128836 1.683734 0.304843 1.682756 0.3767422 1.681977 0.3685488 1.553694 0.3586329 1.553694 0.3586329 1.551732 0.3645654 1.682756 0.3767422 1.553694 0.3586329 1.553962 0.3527342 1.541913 0.3493664 1.541913 0.3493664 1.537116 0.3560588 1.553694 0.3586329 1.554373 0.3248531 1.554269 0.3189538 1.542226 0.3278802 1.537623 0.3210552 1.542226 0.3278802 1.554269 0.3189538 1.540174 0.3128773 1.537623 0.3210552 1.554269 0.3189538 1.554269 0.3189538 1.552477 0.3129571 1.540174 0.3128773 1.553694 0.3586329 1.537116 0.3560588 1.539428 0.3642985 1.539428 0.3642985 1.551732 0.3645654 1.553694 0.3586329 1.32076 0.8425821 1.320828 0.8148049 1.301381 0.814334 1.301381 0.814334 1.301596 0.8503182 1.32076 0.8425821 1.32069 0.7870281 1.301381 0.814334 1.320828 0.8148049 1.301381 0.814334 1.32069 0.7870281 1.301547 0.7783496 1.648786 0.6828338 1.664099 0.6986057 1.694724 0.7009302 1.700523 0.7129539 1.694724 0.7009302 1.664099 0.6986057 1.700523 0.7129539 1.708588 0.7203118 1.709868 0.7089105 1.709868 0.7089105 1.699696 0.6996304 1.700523 0.7129539 1.717725 0.7490649 1.719967 0.7187093 1.708588 0.7203118 1.708588 0.7203118 1.706822 0.7442478 1.717725 0.7490649 1.705808 0.756097 1.69795 0.7498072 1.694619 0.7631086 1.706822 0.7442478 1.69795 0.7498072 1.705808 0.756097 1.69795 0.7498072 1.661637 0.7566693 1.690269 0.761166 1.690269 0.761166 1.661637 0.7566693 1.64447 0.7698209 1.483434 0.02599161 1.484449 0.07793349 1.680223 0.07257908 1.680223 0.07257908 1.679244 0.02599138 1.483434 0.02599161 1.500537 0.1109629 1.680223 0.07257908 1.484449 0.07793349 1.484449 0.07793349 1.484373 0.09641456 1.500537 0.1109629 1.681085 0.1010697 1.680223 0.07257908 1.500537 0.1109629 1.500537 0.1109629 1.502235 0.1175832 1.681085 0.1010697 1.500537 0.1109629 1.495427 0.1150938 1.502235 0.1175832 1.495427 0.1150938 1.500537 0.1109629 1.484373 0.09641456 1.682335 0.1075807 1.681085 0.1010697 1.502235 0.1175832 1.682335 0.1075807 1.502235 0.1175832 1.497701 0.1459664 1.497701 0.1459664 1.696227 0.1349283 1.682335 0.1075807 1.682335 0.1075807 1.687162 0.1042631 1.681085 0.1010697 1.687162 0.1042631 1.682335 0.1075807 1.696227 0.1349283 1.484373 0.09641456 1.48177 0.1027936 1.495427 0.1150938 1.495427 0.1150938 1.48177 0.1027936 1.48613 0.142118 1.48613 0.142118 1.48177 0.1027936 1.464063 0.1226149 1.484373 0.09641456 1.477894 0.09701001 1.48177 0.1027936 1.477202 0.09540444 1.484373 0.09641456 1.484449 0.07793349 1.696227 0.1349283 1.700437 0.1319364 1.687162 0.1042631 1.48613 0.142118 1.492171 0.1448457 1.495427 0.1150938 1.502235 0.1175832 1.495427 0.1150938 1.492171 0.1448457 1.460474 0.117003 1.464063 0.1226149 1.48177 0.1027936 1.48177 0.1027936 1.477894 0.09701001 1.460474 0.117003 1.455086 0.08315515 1.452596 0.1059431 1.477202 0.09540444 1.477202 0.09540444 1.478808 0.07869929 1.455086 0.08315515 1.452788 0.03039437 1.455086 0.08315515 1.478808 0.07869929 1.478808 0.07869929 1.476963 0.02661508 1.452788 0.03039437 1.484449 0.07793349 1.478808 0.07869929 1.477202 0.09540444 1.478808 0.07869929 1.484449 0.07793349 1.476963 0.02661508 1.483434 0.02599161 1.476963 0.02661508 1.484449 0.07793349 1.709255 0.03140276 1.686409 0.0731498 1.710172 0.07755482 1.685486 0.0267114 1.686409 0.0731498 1.709255 0.03140276 1.686409 0.0731498 1.687602 0.1025103 1.710172 0.07755482 1.710172 0.07755482 1.687602 0.1025103 1.712641 0.1200532 1.686409 0.0731498 1.685486 0.0267114 1.679244 0.02599138 1.679244 0.02599138 1.680223 0.07257908 1.686409 0.0731498 1.686409 0.0731498 1.680223 0.07257908 1.681085 0.1010697 1.681085 0.1010697 1.687602 0.1025103 1.686409 0.0731498 1.211474 0.8733811 1.194731 0.8442029 1.18478 0.8449126 1.18478 0.8449126 1.203325 0.8746778 1.211474 0.8733811 1.18478 0.8449126 1.194731 0.8442029 1.195015 0.8141625 1.18478 0.8449126 1.195015 0.8141625 1.185352 0.8144066 1.185352 0.8144066 1.195015 0.8141625 1.184913 0.7836365 1.194866 0.7838516 1.184913 0.7836365 1.195015 0.8141625 1.184913 0.7836365 1.194866 0.7838516 1.20349 0.7541322 1.211725 0.7555106 1.20349 0.7541322 1.194866 0.7838516 1.185352 0.8144066 1.184913 0.7836365 1.174896 0.7904903 1.174896 0.7904903 1.174833 0.8143759 1.185352 0.8144066 1.174817 0.8380407 1.185352 0.8144066 1.174833 0.8143759 1.185352 0.8144066 1.174817 0.8380407 1.18478 0.8449126 1.212346 0.8144535 1.194731 0.8442029 1.211474 0.8733811 1.195015 0.8141625 1.194731 0.8442029 1.212346 0.8144535 1.194866 0.7838516 1.195015 0.8141625 1.212346 0.8144535 1.211725 0.7555106 1.194866 0.7838516 1.212346 0.8144535 1.174896 0.7904903 1.113888 0.7540672 1.106029 0.7627235 1.174896 0.7904903 1.184913 0.7836365 1.113888 0.7540672 1.174817 0.8380407 1.105912 0.8658235 1.113728 0.8745767 1.113728 0.8745767 1.18478 0.8449126 1.174817 0.8380407 1.533864 0.6033199 1.53387 0.6557962 1.535235 0.6558087 1.535235 0.6558087 1.536179 0.6033406 1.533864 0.6033199 1.538493 0.603403 1.536179 0.6033406 1.535235 0.6558087 1.535235 0.6558087 1.536599 0.655845 1.538493 0.603403 1.53387 0.6557962 1.533864 0.6033199 1.53155 0.603341 1.53155 0.603341 1.532506 0.6558086 1.53387 0.6557962 1.531142 0.6558459 1.532506 0.6558086 1.53155 0.603341 1.53155 0.603341 1.529235 0.6034041 1.531142 0.6558459 1.533858 0.6571606 1.535222 0.6571736 1.535235 0.6558087 1.535235 0.6558087 1.53387 0.6557962 1.533858 0.6571606 1.556593 0.6556158 1.554167 0.607828 1.552804 0.607767 1.552804 0.607767 1.55428 0.6555135 1.556593 0.6556158 1.55428 0.6555135 1.552804 0.607767 1.551447 0.6079114 1.551447 0.6079114 1.551978 0.6557579 1.55428 0.6555135 1.549671 0.6559563 1.551978 0.6557579 1.551447 0.6079114 1.551447 0.6079114 1.550088 0.6080281 1.549671 0.6559563 1.547368 0.6557171 1.549671 0.6559563 1.550088 0.6080281 1.550088 0.6080281 1.54873 0.6078872 1.547368 0.6557171 1.550088 0.6080281 1.551447 0.6079114 1.55133 0.6065515 1.55133 0.6065515 1.549971 0.6066686 1.550088 0.6080281 1.529363 0.5808515 1.530724 0.5809543 1.531355 0.5420426 1.531355 0.5420426 1.529046 0.5418692 1.529363 0.5808515 1.531355 0.5420426 1.530724 0.5809543 1.532087 0.5808955 1.532087 0.5808955 1.533668 0.5419438 1.531355 0.5420426 1.533668 0.5419438 1.532087 0.5808955 1.533452 0.5808711 1.533452 0.5808711 1.535982 0.5419022 1.533668 0.5419438 1.538272 0.5422435 1.535982 0.5419022 1.533452 0.5808711 1.533452 0.5808711 1.534801 0.5810724 1.538272 0.5422435 1.533452 0.5808711 1.532087 0.5808955 1.532112 0.5822598 1.532112 0.5822598 1.533476 0.582235 1.533452 0.5808711 1.551604 0.5657676 1.550241 0.5657237 1.552284 0.5945112 1.552284 0.5945112 1.554597 0.5945848 1.551604 0.5657676 1.552284 0.5945112 1.550241 0.5657237 1.548908 0.5660211 1.548908 0.5660211 1.550024 0.5950148 1.552284 0.5945112 1.550024 0.5950148 1.548908 0.5660211 1.547557 0.5662122 1.547557 0.5662122 1.547731 0.5953388 1.550024 0.5950148 1.545451 0.5949381 1.547731 0.5953388 1.547557 0.5662122 1.547557 0.5662122 1.546214 0.5659755 1.545451 0.5949381 1.547557 0.5662122 1.548908 0.5660211 1.548717 0.5646699 1.548717 0.5646699 1.547366 0.564861 1.547557 0.5662122 1.096371 0.5442334 1.096458 0.5342283 1.058624 0.5438554 1.096458 0.5342283 1.058714 0.5338545 1.058624 0.5438554 1.096458 0.5342283 1.096371 0.5442334 1.493602 0.5470964 1.493602 0.5470964 1.493685 0.5372089 1.096458 0.5342283 1.72408 0.2288737 1.708905 0.2175016 1.600904 0.2417338 1.708905 0.2175016 1.589953 0.221332 1.600904 0.2417338 1.589188 0.202521 1.589953 0.221332 1.708905 0.2175016 1.708905 0.2175016 1.712675 0.2025209 1.589188 0.202521 1.712675 0.2025209 1.708905 0.2175016 1.725294 0.2270595 1.725294 0.2270595 1.729071 0.2052873 1.712675 0.2025209 1.5892 0.1974486 1.712687 0.1974486 1.708917 0.1824663 1.708917 0.1824663 1.589966 0.1786364 1.5892 0.1974486 1.600917 0.1582345 1.589966 0.1786364 1.708917 0.1824663 1.600917 0.1582345 1.708917 0.1824663 1.724093 0.1710948 1.725306 0.172909 1.708917 0.1824663 1.712687 0.1974486 1.712687 0.1974486 1.729084 0.1946818 1.725306 0.172909 1.013427 0.1004207 1.012427 0.1178499 1.316492 0.121397 1.316492 0.121397 1.31691 0.1004207 1.013427 0.1004207 1.316492 0.121397 1.012427 0.1178499 1.011286 0.1306498 1.315906 0.1338534 1.316492 0.121397 1.011286 0.1306498 1.013517 0.08668678 1.013427 0.1004207 1.31691 0.1004207 1.31691 0.1004207 1.317467 0.08255046 1.013517 0.08668678 1.01266 0.06928116 1.013517 0.08668678 1.317467 0.08255046 1.01266 0.06928116 1.317467 0.08255046 1.318092 0.06157732 1.011505 0.05731815 1.01266 0.06928116 1.318092 0.06157732 1.011505 0.05731815 1.318092 0.06157732 1.317868 0.048509 1.008313 0.1737133 1.329438 0.1770498 1.329189 0.158461 1.329189 0.158461 1.00959 0.1548979 1.008313 0.1737133 1.00959 0.1548979 1.329189 0.158461 1.329072 0.1411294 1.329072 0.1411294 1.010898 0.137854 1.00959 0.1548979 1.372865 0.1431711 1.329072 0.1411294 1.329189 0.158461 1.372865 0.1431711 1.373626 0.1248677 1.329072 0.1411294 1.373626 0.1248677 1.330359 0.1229263 1.329072 0.1411294 1.373626 0.1248677 1.331026 0.1008043 1.330359 0.1229263 1.331026 0.1008043 1.373626 0.1248677 1.374559 0.1014861 1.372678 0.1601096 1.372865 0.1431711 1.329189 0.158461 1.372678 0.1601096 1.329189 0.158461 1.329438 0.1770498 1.329438 0.1770498 1.372744 0.1785174 1.372678 0.1601096 1.374559 0.1014861 1.33158 0.08229893 1.331026 0.1008043 1.33158 0.08229893 1.374559 0.1014861 1.375114 0.08123481 1.331995 0.0601139 1.33158 0.08229893 1.375114 0.08123481 1.331995 0.0601139 1.375114 0.08123481 1.375301 0.05782729 1.331025 0.04119527 1.331995 0.0601139 1.375301 0.05782729 1.331025 0.04119527 1.375301 0.05782729 1.374853 0.03849136 1.330876 0.02385854 1.331025 0.04119527 1.374853 0.03849136 1.331025 0.04119527 1.330876 0.02385854 1.009596 0.03281623 1.009596 0.03281623 1.330876 0.02385854 1.330153 0.004592835 1.007832 0.01495081 1.009596 0.03281623 1.330153 0.004592835 1.009596 0.03281623 1.011189 0.0498349 1.331025 0.04119527 1.330153 0.004592835 1.330876 0.02385854 1.3744 0.02156621 1.374853 0.03849136 1.3744 0.02156621 1.330876 0.02385854 1.3744 0.02156621 1.373445 0.002199769 1.330153 0.004592835 1.439719 0.1235638 1.433108 0.1017216 1.426798 0.1121573 1.439719 0.1235638 1.426798 0.1121573 1.421458 0.1309851 1.426798 0.1121573 1.414729 0.117588 1.421458 0.1309851 1.403315 0.1304293 1.421458 0.1309851 1.414729 0.117588 1.414729 0.117588 1.400614 0.1163723 1.403315 0.1304293 1.386005 0.122441 1.403315 0.1304293 1.400614 0.1163723 1.386005 0.122441 1.400614 0.1163723 1.392188 0.1112342 1.386005 0.122441 1.392188 0.1112342 1.374559 0.1014861 1.392188 0.1112342 1.384659 0.09979134 1.374559 0.1014861 1.374559 0.1014861 1.384659 0.09979134 1.375114 0.08123481 1.384659 0.09979134 1.385267 0.08317536 1.375114 0.08123481 1.375114 0.08123481 1.385267 0.08317536 1.393528 0.07183247 1.375114 0.08123481 1.393528 0.07183247 1.387787 0.06098186 1.393528 0.07183247 1.402138 0.06688457 1.387787 0.06098186 1.40551 0.05167573 1.387787 0.06098186 1.402138 0.06688457 1.40551 0.05167573 1.402138 0.06688457 1.416069 0.06641465 1.416069 0.06641465 1.423659 0.05212312 1.40551 0.05167573 1.423659 0.05212312 1.416069 0.06641465 1.427745 0.07275706 1.423659 0.05212312 1.427745 0.07275706 1.441413 0.06283092 1.433511 0.0839135 1.441413 0.06283092 1.427745 0.07275706 1.441413 0.06283092 1.433511 0.0839135 1.433108 0.1017216 1.441413 0.06283092 1.433108 0.1017216 1.439719 0.1235638 1.460837 0.4316252 1.064232 0.4219896 1.064265 0.4358266 1.064265 0.4358266 1.461139 0.4441429 1.460837 0.4316252 1.064232 0.4219896 1.460837 0.4316252 1.459178 0.3880966 1.063796 0.3775766 1.064232 0.4219896 1.459178 0.3880966 1.461139 0.4441429 1.064265 0.4358266 1.064189 0.4475133 1.064189 0.4475133 1.46104 0.4535794 1.461139 0.4441429 1.460912 0.4637738 1.46104 0.4535794 1.064189 0.4475133 1.064189 0.4475133 1.063864 0.4591658 1.460912 0.4637738 1.460148 0.4764817 1.460912 0.4637738 1.063864 0.4591658 1.460148 0.4764817 1.063864 0.4591658 1.063437 0.4733906 1.457072 0.5205982 1.460148 0.4764817 1.063437 0.4733906 1.063437 0.4733906 1.061555 0.5185321 1.457072 0.5205982 1.061555 0.5185321 1.063437 0.4733906 1.457072 0.5205982 1.063437 0.4733906 1.460148 0.4764817 1.457072 0.5205982 1.460148 0.4764817 1.063437 0.4733906 1.063864 0.4591658 1.063864 0.4591658 1.460912 0.4637738 1.460148 0.4764817 1.460912 0.4637738 1.063864 0.4591658 1.064189 0.4475133 1.064189 0.4475133 1.46104 0.4535794 1.460912 0.4637738 1.46104 0.4535794 1.064189 0.4475133 1.461139 0.4441429 1.461139 0.4441429 1.064189 0.4475133 1.064265 0.4358266 1.064265 0.4358266 1.460837 0.4316252 1.461139 0.4441429 1.460837 0.4316252 1.064265 0.4358266 1.064232 0.4219896 1.459178 0.3880966 1.460837 0.4316252 1.064232 0.4219896 1.064232 0.4219896 1.063796 0.3775766 1.459178 0.3880966 1.010791 0.4113908 1.018033 0.4270623 1.051995 0.4265597 1.018033 0.4270623 1.04566 0.4337391 1.051995 0.4265597 1.051995 0.4265597 1.04566 0.4337391 1.052107 0.4406387 1.052107 0.4406387 1.061134 0.4366914 1.051995 0.4265597 1.064189 0.4475133 1.061134 0.4366914 1.052107 0.4406387 1.052107 0.4406387 1.054763 0.4499624 1.064189 0.4475133 1.063864 0.4591658 1.064189 0.4475133 1.054763 0.4499624 1.054763 0.4499624 1.054443 0.4595641 1.063864 0.4591658 1.056483 0.471325 1.063864 0.4591658 1.054443 0.4595641 1.049402 0.4674016 1.056483 0.471325 1.054443 0.4595641 1.056483 0.471325 1.049402 0.4674016 1.022543 0.4776435 1.056483 0.471325 1.022543 0.4776435 1.017316 0.4927972 1.017316 0.4927972 1.022543 0.4776435 1.009824 0.4530542 1.009824 0.4530542 1.018033 0.4270623 1.010791 0.4113908 1.022543 0.4776435 1.017389 0.4530937 1.009824 0.4530542 1.018033 0.4270623 1.009824 0.4530542 1.017389 0.4530937 1.46501 0.4435911 1.474581 0.4471022 1.47574 0.4358131 1.481983 0.4411745 1.47574 0.4358131 1.474581 0.4471022 1.47574 0.4358131 1.481983 0.4411745 1.509232 0.4395994 1.47574 0.4358131 1.509232 0.4395994 1.519344 0.430561 1.519344 0.430561 1.509232 0.4395994 1.506215 0.4983958 1.509232 0.4395994 1.500026 0.4870328 1.506215 0.4983958 1.506215 0.4983958 1.500026 0.4870328 1.467994 0.4754407 1.500026 0.4870328 1.475474 0.4744748 1.467994 0.4754407 1.470833 0.4660344 1.467994 0.4754407 1.475474 0.4744748 1.467994 0.4754407 1.470833 0.4660344 1.460912 0.4637738 1.470833 0.4660344 1.471044 0.4562247 1.460912 0.4637738 1.474581 0.4471022 1.46501 0.4435911 1.471044 0.4562247 1.46104 0.4535794 1.460912 0.4637738 1.471044 0.4562247 1.471044 0.4562247 1.46501 0.4435911 1.46104 0.4535794 1.028886 0.8422086 1.027859 0.87012 1.090055 0.8725892 1.090055 0.8725892 1.091075 0.8433293 1.028886 0.8422086 1.088831 0.9024476 1.090055 0.8725892 1.027859 0.87012 1.088831 0.9024476 1.027859 0.87012 1.027119 0.8986146 1.091075 0.8433293 1.029211 0.8142785 1.028886 0.8422086 1.091075 0.8433293 1.09142 0.8142785 1.029211 0.8142785 1.029211 0.8142785 1.09142 0.8142785 1.091167 0.784946 1.029034 0.7862422 1.029211 0.8142785 1.091167 0.784946 1.029034 0.7862422 1.091167 0.784946 1.090192 0.7559368 1.090192 0.7559368 1.027842 0.758421 1.029034 0.7862422 1.027842 0.758421 1.090192 0.7559368 1.089052 0.7262103 1.027519 0.7301944 1.027842 0.758421 1.089052 0.7262103 1.027519 0.7301944 1.089052 0.7262103 1.088026 0.6975104 1.088026 0.6975104 1.025983 0.7025967 1.027519 0.7301944 1.0877 0.9309587 1.088831 0.9024476 1.027119 0.8986146 1.027119 0.8986146 1.025964 0.9259197 1.0877 0.9309587 1.085905 0.961242 1.0877 0.9309587 1.025964 0.9259197 1.085905 0.961242 1.025964 0.9259197 1.02367 0.9547091 1.083738 0.9902663 1.085905 0.961242 1.02367 0.9547091 1.02367 0.9547091 1.020676 0.9816591 1.083738 0.9902663 1.025983 0.7025967 1.088026 0.6975104 1.086384 0.6682766 1.024342 0.67483 1.025983 0.7025967 1.086384 0.6682766 1.024342 0.67483 1.086384 0.6682766 1.083782 0.638409 1.083782 0.638409 1.020261 0.6470703 1.024342 0.67483 1.083738 0.9902663 1.110284 0.9900947 1.111156 0.9623924 1.111156 0.9623924 1.085905 0.961242 1.083738 0.9902663 1.085905 0.961242 1.111156 0.9623924 1.112206 0.9320741 1.112206 0.9320741 1.0877 0.9309587 1.085905 0.961242 1.088831 0.9024476 1.0877 0.9309587 1.112206 0.9320741 1.112206 0.9320741 1.113047 0.9035828 1.088831 0.9024476 1.090055 0.8725892 1.088831 0.9024476 1.113047 0.9035828 1.113047 0.9035828 1.113728 0.8745767 1.090055 0.8725892 1.105912 0.8658235 1.090055 0.8725892 1.113728 0.8745767 1.091075 0.8433293 1.090055 0.8725892 1.105912 0.8658235 1.105912 0.8658235 1.106128 0.8437982 1.091075 0.8433293 1.10631 0.8143348 1.091075 0.8433293 1.106128 0.8437982 1.10631 0.8143348 1.09142 0.8142785 1.091075 0.8433293 1.091167 0.784946 1.09142 0.8142785 1.10631 0.8143348 1.10631 0.8143348 1.106211 0.7846338 1.091167 0.784946 1.091167 0.784946 1.106211 0.7846338 1.106029 0.7627235 1.106029 0.7627235 1.090192 0.7559368 1.091167 0.784946 1.113888 0.7540672 1.090192 0.7559368 1.106029 0.7627235 1.090192 0.7559368 1.113888 0.7540672 1.113275 0.7252651 1.113275 0.7252651 1.089052 0.7262103 1.090192 0.7559368 1.088026 0.6975104 1.089052 0.7262103 1.113275 0.7252651 1.113275 0.7252651 1.112615 0.6963811 1.088026 0.6975104 1.088026 0.6975104 1.112615 0.6963811 1.111612 0.6668677 1.111612 0.6668677 1.086384 0.6682766 1.088026 0.6975104 1.083782 0.638409 1.086384 0.6682766 1.111612 0.6668677 1.111612 0.6668677 1.110465 0.6378404 1.083782 0.638409 1.201862 0.9925694 1.201955 0.9633756 1.111156 0.9623924 1.111156 0.9623924 1.110284 0.9900947 1.201862 0.9925694 1.201955 0.9633756 1.112206 0.9320741 1.111156 0.9623924 1.201955 0.9633756 1.202516 0.9329588 1.112206 0.9320741 1.113047 0.9035828 1.112206 0.9320741 1.202516 0.9329588 1.202516 0.9329588 1.202885 0.9042944 1.113047 0.9035828 1.202885 0.9042944 1.113728 0.8745767 1.113047 0.9035828 1.202885 0.9042944 1.203325 0.8746778 1.113728 0.8745767 1.18478 0.8449126 1.113728 0.8745767 1.203325 0.8746778 1.113275 0.7252651 1.113888 0.7540672 1.203033 0.724624 1.113888 0.7540672 1.20349 0.7541322 1.203033 0.724624 1.113275 0.7252651 1.203033 0.724624 1.20301 0.6957374 1.20301 0.6957374 1.112615 0.6963811 1.113275 0.7252651 1.112615 0.6963811 1.20301 0.6957374 1.202279 0.6662552 1.111612 0.6668677 1.112615 0.6963811 1.202279 0.6662552 1.111612 0.6668677 1.202279 0.6662552 1.202417 0.6360513 1.202417 0.6360513 1.110465 0.6378404 1.111612 0.6668677 1.184913 0.7836365 1.20349 0.7541322 1.113888 0.7540672 1.287436 0.8692389 1.301596 0.8503182 1.286595 0.8143123 1.301381 0.814334 1.286595 0.8143123 1.301596 0.8503182 1.287436 0.8692389 1.302144 0.8692405 1.301596 0.8503182 1.287436 0.8692389 1.286595 0.8143123 1.231651 0.8707427 1.231651 0.8707427 1.286595 0.8143123 1.230802 0.8143123 1.286595 0.8143123 1.301381 0.814334 1.301547 0.7783496 1.286595 0.8143123 1.301547 0.7783496 1.287376 0.759384 1.301547 0.7783496 1.302055 0.7595189 1.287376 0.759384 1.287376 0.759384 1.302055 0.7595189 1.303926 0.7056491 1.303926 0.7056491 1.289406 0.7045449 1.287376 0.759384 1.287376 0.759384 1.289406 0.7045449 1.23387 0.7010495 1.23387 0.7010495 1.231605 0.757769 1.287376 0.759384 1.286595 0.8143123 1.287376 0.759384 1.231605 0.757769 1.231605 0.757769 1.230802 0.8143123 1.286595 0.8143123 1.303689 0.92311 1.302144 0.8692405 1.287436 0.8692389 1.287436 0.8692389 1.289242 0.9241375 1.303689 0.92311 1.303689 0.92311 1.289242 0.9241375 1.292925 0.979325 1.292925 0.979325 1.307183 0.9763672 1.303689 0.92311 1.292925 0.979325 1.289242 0.9241375 1.237255 0.983636 1.237255 0.983636 1.289242 0.9241375 1.233724 0.9270993 1.289406 0.7045449 1.303926 0.7056491 1.29389 0.6494702 1.308027 0.6523791 1.29389 0.6494702 1.303926 0.7056491 1.289242 0.9241375 1.287436 0.8692389 1.233724 0.9270993 1.233724 0.9270993 1.287436 0.8692389 1.231651 0.8707427 1.289406 0.7045449 1.29389 0.6494702 1.238366 0.6443239 1.238366 0.6443239 1.23387 0.7010495 1.289406 0.7045449 1.303689 0.92311 1.307183 0.9763672 1.624559 0.9101316 1.626774 0.9535835 1.624559 0.9101316 1.307183 0.9763672 1.635137 0.909667 1.624559 0.9101316 1.626774 0.9535835 1.626774 0.9535835 1.637343 0.9522544 1.635137 0.909667 1.672878 0.9078525 1.635137 0.909667 1.637343 0.9522544 1.637343 0.9522544 1.675046 0.9497232 1.672878 0.9078525 1.633371 0.865927 1.624559 0.9101316 1.635137 0.909667 1.624559 0.9101316 1.633371 0.865927 1.622903 0.8655013 1.635137 0.909667 1.670965 0.8648534 1.633371 0.865927 1.672878 0.9078525 1.670965 0.8648534 1.635137 0.909667 1.303689 0.92311 1.624559 0.9101316 1.622903 0.8655013 1.622903 0.8655013 1.302144 0.8692405 1.303689 0.92311 1.624847 0.722068 1.627306 0.6782361 1.308027 0.6523791 1.624847 0.722068 1.636989 0.6965134 1.627306 0.6782361 1.627306 0.6782361 1.636989 0.6965134 1.637822 0.679579 1.634274 0.7487279 1.636989 0.6965134 1.624847 0.722068 1.622703 0.7659194 1.634274 0.7487279 1.624847 0.722068 1.622703 0.7659194 1.633326 0.7656601 1.634274 0.7487279 1.622703 0.7659194 1.624847 0.722068 1.303926 0.7056491 1.308027 0.6523791 1.303926 0.7056491 1.624847 0.722068 1.303926 0.7056491 1.302055 0.7595189 1.622703 0.7659194 1.386734 0.2845185 1.114732 0.2644743 1.112733 0.2906327 1.114732 0.2644743 1.386734 0.2845185 1.387693 0.2687291 1.113329 0.2472255 1.114732 0.2644743 1.387693 0.2687291 1.113329 0.2472255 1.387693 0.2687291 1.392984 0.2528768 1.106845 0.2341125 1.113329 0.2472255 1.392984 0.2528768 1.106845 0.2341125 1.392984 0.2528768 1.406017 0.2156602 1.076529 0.1859369 1.106845 0.2341125 1.406017 0.2156602 1.406017 0.2156602 1.392984 0.2528768 1.402961 0.2525076 1.402961 0.2525076 1.416992 0.215061 1.406017 0.2156602 1.387013 0.2998222 1.386734 0.2845185 1.112733 0.2906327 1.395079 0.2846393 1.386734 0.2845185 1.387013 0.2998222 1.387693 0.2687291 1.386734 0.2845185 1.395079 0.2846393 1.387013 0.2998222 1.396543 0.2995431 1.395079 0.2846393 1.396543 0.2995431 1.387013 0.2998222 1.391615 0.3157778 1.391615 0.3157778 1.400388 0.3167822 1.396543 0.2995431 1.400388 0.3167822 1.391615 0.3157778 1.403365 0.3501126 1.403365 0.3501126 1.391615 0.3157778 1.101812 0.3197722 1.403365 0.3501126 1.101812 0.3197722 1.072245 0.3625764 1.403365 0.3501126 1.414846 0.3504554 1.400388 0.3167822 1.391615 0.3157778 1.108907 0.3076251 1.101812 0.3197722 1.391615 0.3157778 1.387013 0.2998222 1.108907 0.3076251 1.387013 0.2998222 1.112733 0.2906327 1.108907 0.3076251 1.395079 0.2846393 1.398115 0.2698028 1.387693 0.2687291 1.402961 0.2525076 1.392984 0.2528768 1.398115 0.2698028 1.387693 0.2687291 1.398115 0.2698028 1.392984 0.2528768 1.665766 0.7277602 1.661637 0.7566693 1.69795 0.7498072 1.706822 0.7442478 1.665766 0.7277602 1.69795 0.7498072 1.708588 0.7203118 1.665766 0.7277602 1.706822 0.7442478 1.708588 0.7203118 1.700523 0.7129539 1.665766 0.7277602 1.665766 0.7277602 1.700523 0.7129539 1.664099 0.6986057 1.395079 0.2846393 1.408211 0.3121977 1.410732 0.2577504 1.410732 0.2577504 1.398115 0.2698028 1.395079 0.2846393 1.395079 0.2846393 1.396543 0.2995431 1.408211 0.3121977 1.410732 0.2577504 1.408211 0.3121977 1.440419 0.3294198 1.440419 0.3294198 1.446712 0.240701 1.410732 0.2577504 1.371918 0.8572581 1.372259 0.7724538 1.334508 0.7716162 1.334508 0.7716162 1.33417 0.8578165 1.371918 0.8572581 1.784434 0.8512627 1.372259 0.7724538 1.371918 0.8572581 1.372259 0.7724538 1.784434 0.8512627 1.785033 0.781816 1.10899 0.5995088 1.108726 0.5664931 1.070965 0.5661007 1.070965 0.5661007 1.071239 0.6004875 1.10899 0.5995088 1.108726 0.5664931 1.10899 0.5995088 1.48264 0.5894099 1.48264 0.5894099 1.482479 0.5692589 1.108726 0.5664931 1.104411 0.610481 1.10899 0.5995088 1.071239 0.6004875 1.071239 0.6004875 1.066658 0.6114219 1.104411 0.610481 1.066658 0.6114219 1.08898 0.6271071 1.104411 0.610481 1.08898 0.6271071 1.066658 0.6114219 1.051265 0.6280751 1.501526 0.6170404 1.104411 0.610481 1.08898 0.6271071 1.501526 0.6170404 1.487141 0.6005597 1.104411 0.610481 1.487141 0.6005597 1.48264 0.5894099 1.10899 0.5995088 1.10899 0.5995088 1.104411 0.610481 1.487141 0.6005597 1.108726 0.5664931 1.10453 0.5548304 1.070965 0.5661007 1.066771 0.5544607 1.070965 0.5661007 1.10453 0.5548304 1.10453 0.5548304 1.096371 0.5442334 1.066771 0.5544607 1.058624 0.5438554 1.066771 0.5544607 1.096371 0.5442334 1.493602 0.5470964 1.096371 0.5442334 1.10453 0.5548304 1.10453 0.5548304 1.486325 0.5574419 1.493602 0.5470964 1.10453 0.5548304 1.108726 0.5664931 1.486325 0.5574419 1.108726 0.5664931 1.482479 0.5692589 1.486325 0.5574419 1.685535 0.3206308 1.684872 0.3607374 1.729517 0.3073265 1.684872 0.3607374 1.728918 0.3767731 1.729517 0.3073265 1.684872 0.3607374 1.682756 0.3767422 1.728918 0.3767731 1.709066 0.4433666 1.728918 0.3767731 1.682756 0.3767422 1.682756 0.3767422 1.673464 0.4210223 1.709066 0.4433666 1.684872 0.3607374 1.681977 0.3685488 1.682756 0.3767422 1.683734 0.304843 1.685535 0.3206308 1.729517 0.3073265 1.683734 0.304843 1.729517 0.3073265 1.712816 0.2396748 1.712816 0.2396748 1.676085 0.260341 1.683734 0.304843 1.683734 0.304843 1.682792 0.3128836 1.685535 0.3206308 1.554373 0.3248531 1.684872 0.3607374 1.685535 0.3206308 1.684872 0.3607374 1.554373 0.3248531 1.553962 0.3527342 1.683734 0.304843 1.676085 0.260341 1.552477 0.3129571 1.54644 0.2779179 1.552477 0.3129571 1.676085 0.260341 1.551732 0.3645654 1.673464 0.4210223 1.682756 0.3767422 1.673464 0.4210223 1.551732 0.3645654 1.544617 0.3993992 1.486064 0.3299696 1.456288 0.3374065 1.485835 0.3456919 1.479773 0.3154885 1.456288 0.3374065 1.486064 0.3299696 1.485835 0.3456919 1.456288 0.3374065 1.479129 0.3599862 1.487351 0.5578275 1.482479 0.5692589 1.488279 0.6000256 1.482479 0.5692589 1.48264 0.5894099 1.488279 0.6000256 1.487351 0.5578275 1.488279 0.6000256 1.506301 0.6124168 1.506301 0.6124168 1.496537 0.5491461 1.487351 0.5578275 1.506301 0.6124168 1.505724 0.5404656 1.496537 0.5491461 1.505724 0.5404656 1.497931 0.5393565 1.496537 0.5491461 1.2209 0.9326593 1.201955 0.9633756 1.221062 0.9908434 1.201955 0.9633756 1.201862 0.9925694 1.221062 0.9908434 1.2209 0.9326593 1.202516 0.9329588 1.201955 0.9633756 1.2209 0.9326593 1.202885 0.9042944 1.202516 0.9329588 1.220304 0.8734562 1.202885 0.9042944 1.2209 0.9326593 1.220304 0.8734562 1.211474 0.8733811 1.202885 0.9042944 1.211474 0.8733811 1.220304 0.8734562 1.221178 0.814471 1.221178 0.814471 1.212346 0.8144535 1.211474 0.8733811 1.211725 0.7555106 1.212346 0.8144535 1.221178 0.814471 1.221178 0.814471 1.220587 0.7554827 1.211725 0.7555106 1.211725 0.7555106 1.220587 0.7554827 1.203033 0.724624 1.221763 0.6961597 1.203033 0.724624 1.220587 0.7554827 1.221763 0.6961597 1.20301 0.6957374 1.203033 0.724624 1.221763 0.6961597 1.202279 0.6662552 1.20301 0.6957374 1.221763 0.6961597 1.221934 0.6377012 1.202279 0.6662552 1.221934 0.6377012 1.202417 0.6360513 1.202279 0.6662552 1.203033 0.724624 1.20349 0.7541322 1.211725 0.7555106 1.211474 0.8733811 1.203325 0.8746778 1.202885 0.9042944 1.065837 0.5548202 1.055825 0.545954 1.045982 0.5540475 1.045982 0.5540475 1.062637 0.5616406 1.065837 0.5548202 1.065837 0.5548202 1.062637 0.5616406 1.070965 0.5661007 1.062969 0.6028604 1.070965 0.5661007 1.062637 0.5616406 1.062969 0.6028604 1.071239 0.6004875 1.070965 0.5661007 1.071239 0.6004875 1.062969 0.6028604 1.065612 0.6109458 1.065612 0.6109458 1.062969 0.6028604 1.046418 0.6063157 1.046575 0.6232731 1.065612 0.6109458 1.046418 0.6063157 1.055825 0.545954 1.045813 0.5370919 1.045982 0.5540475 1.045813 0.5370919 1.055825 0.545954 1.054618 0.5360228 1.032142 0.6000225 1.0319 0.5602476 1.012007 0.5541136 1.012007 0.5541136 1.012324 0.606398 1.032142 0.6000225 1.0319 0.5602476 1.029828 0.5499238 1.012007 0.5541136 1.032142 0.6000225 1.012324 0.606398 1.02877 0.610317 1.032142 0.6000225 1.042331 0.5616888 1.0319 0.5602476 1.042331 0.5616888 1.032142 0.6000225 1.042581 0.6029123 1.101843 0.2921731 1.108907 0.3076251 1.112733 0.2906327 1.101843 0.2921731 1.112733 0.2906327 1.114732 0.2644743 1.114732 0.2644743 1.104084 0.2618175 1.101843 0.2921731 1.101843 0.2921731 1.091408 0.3002135 1.108907 0.3076251 1.091408 0.3002135 1.096453 0.3153908 1.108907 0.3076251 1.046798 0.3117643 1.096453 0.3153908 1.091408 0.3002135 1.096453 0.3153908 1.046798 0.3117643 1.045386 0.3298888 1.104084 0.2618175 1.114732 0.2644743 1.113329 0.2472255 1.104084 0.2618175 1.113329 0.2472255 1.094851 0.2516761 1.113329 0.2472255 1.102321 0.2373474 1.094851 0.2516761 1.094851 0.2516761 1.102321 0.2373474 1.050817 0.2305897 1.102321 0.2373474 1.051054 0.2123931 1.050817 0.2305897 1.174896 0.7904903 1.106211 0.7846338 1.10631 0.8143348 1.10631 0.8143348 1.174833 0.8143759 1.174896 0.7904903 1.174817 0.8380407 1.174833 0.8143759 1.10631 0.8143348 1.174817 0.8380407 1.10631 0.8143348 1.106128 0.8437982 1.174896 0.7904903 1.106029 0.7627235 1.106211 0.7846338 1.174817 0.8380407 1.106128 0.8437982 1.105912 0.8658235 1.395425 0.08669495 1.399581 0.1035369 1.423209 0.08637481 1.400626 0.07978093 1.395425 0.08669495 1.423209 0.08637481 1.422944 0.09868282 1.423209 0.08637481 1.399581 0.1035369 1.399581 0.1035369 1.403889 0.1061948 1.422944 0.09868282 1.403889 0.1061948 1.412928 0.1069798 1.422944 0.09868282 1.412928 0.1069798 1.419691 0.103986 1.422944 0.09868282 1.400626 0.07978093 1.423209 0.08637481 1.413595 0.07689577 1.423209 0.08637481 1.420081 0.08038979 1.413595 0.07689577 1.413595 0.07689577 1.405021 0.07719779 1.400626 0.07978093 1.395425 0.08669495 1.395036 0.09689247 1.399581 0.1035369 1.026799 0.3774142 1.04058 0.361555 1.022527 0.3588672 1.026799 0.3774142 1.044453 0.3862499 1.04058 0.361555 1.04058 0.361555 1.044453 0.3862499 1.046785 0.3730651 1.044453 0.3862499 1.046873 0.3803335 1.046785 0.3730651 1.046785 0.3730651 1.044619 0.3662079 1.04058 0.361555 1.026799 0.3774142 1.028371 0.3949634 1.044453 0.3862499 1.481683 0.4688846 1.49576 0.4773142 1.501643 0.4468008 1.501643 0.4468008 1.485456 0.4488083 1.481683 0.4688846 1.481683 0.4688846 1.485456 0.4488083 1.479434 0.4579069 1.479434 0.4579069 1.479239 0.4643186 1.481683 0.4688846 1.485456 0.4488083 1.481657 0.4519573 1.479434 0.4579069 1.028886 0.8422086 1.015339 0.8696831 1.027859 0.87012 1.028886 0.8422086 1.016717 0.8142966 1.015339 0.8696831 1.028886 0.8422086 1.029211 0.8142785 1.016717 0.8142966 1.029034 0.7862422 1.016717 0.8142966 1.029211 0.8142785 1.029034 0.7862422 1.015204 0.758887 1.016717 0.8142966 1.029034 0.7862422 1.027842 0.758421 1.015204 0.758887 1.027519 0.7301944 1.015204 0.758887 1.027842 0.758421 1.027519 0.7301944 1.013613 0.7037265 1.015204 0.758887 1.027519 0.7301944 1.025983 0.7025967 1.013613 0.7037265 1.024342 0.67483 1.013613 0.7037265 1.025983 0.7025967 1.027119 0.8986146 1.027859 0.87012 1.015339 0.8696831 1.027119 0.8986146 1.015339 0.8696831 1.013831 0.9247694 1.027119 0.8986146 1.013831 0.9247694 1.025964 0.9259197 1.02367 0.9547091 1.025964 0.9259197 1.013831 0.9247694 1.02367 0.9547091 1.013831 0.9247694 1.007695 0.9784334 1.02367 0.9547091 1.007695 0.9784334 1.020676 0.9816591 1.024342 0.67483 1.007149 0.6500399 1.013613 0.7037265 1.024342 0.67483 1.020261 0.6470703 1.007149 0.6500399 1.043909 0.3510483 1.016305 0.3469774 1.022527 0.3588672 1.022527 0.3588672 1.04058 0.361555 1.043909 0.3510483 1.04058 0.361555 1.044619 0.3662079 1.04894 0.3538098 1.04894 0.3538098 1.044619 0.3662079 1.05447 0.3616487 1.057421 0.3713857 1.05447 0.3616487 1.044619 0.3662079 1.044619 0.3662079 1.046785 0.3730651 1.057421 0.3713857 1.057644 0.3816048 1.057421 0.3713857 1.046785 0.3730651 1.046785 0.3730651 1.046873 0.3803335 1.057644 0.3816048 1.057644 0.3816048 1.046873 0.3803335 1.044453 0.3862499 1.044453 0.3862499 1.054819 0.3909271 1.057644 0.3816048 1.044453 0.3862499 1.028371 0.3949634 1.026324 0.4084029 1.026324 0.4084029 1.051126 0.3950117 1.044453 0.3862499 1.015969 0.3791421 1.018412 0.4041203 1.028371 0.3949634 1.028371 0.3949634 1.026799 0.3774142 1.015969 0.3791421 1.022527 0.3588672 1.015969 0.3791421 1.026799 0.3774142 1.015969 0.3791421 1.022527 0.3588672 1.010271 0.3535506 1.011189 0.0498349 1.317868 0.048509 1.331025 0.04119527 1.011189 0.0498349 1.011505 0.05731815 1.317868 0.048509 1.317868 0.048509 1.318092 0.06157732 1.331995 0.0601139 1.331995 0.0601139 1.331025 0.04119527 1.317868 0.048509 1.318092 0.06157732 1.317467 0.08255046 1.331995 0.0601139 1.331995 0.0601139 1.317467 0.08255046 1.33158 0.08229893 1.317467 0.08255046 1.31691 0.1004207 1.33158 0.08229893 1.33158 0.08229893 1.31691 0.1004207 1.331026 0.1008043 1.330359 0.1229263 1.331026 0.1008043 1.31691 0.1004207 1.31691 0.1004207 1.316492 0.121397 1.330359 0.1229263 1.330359 0.1229263 1.316492 0.121397 1.315906 0.1338534 1.329072 0.1411294 1.330359 0.1229263 1.315906 0.1338534 1.329072 0.1411294 1.315906 0.1338534 1.010898 0.137854 1.315906 0.1338534 1.011286 0.1306498 1.010898 0.137854 1.030535 0.2865878 1.030364 0.2553455 1.024212 0.2598566 1.024212 0.2598566 1.024359 0.2821686 1.030535 0.2865878 1.024212 0.2598566 1.020406 0.2669771 1.024359 0.2821686 1.020406 0.2669771 1.02046 0.2750955 1.024359 0.2821686 1.037154 0.2552657 1.030364 0.2553455 1.030535 0.2865878 1.030535 0.2865878 1.03731 0.2865793 1.037154 0.2552657 1.043347 0.2596669 1.037154 0.2552657 1.03731 0.2865793 1.043347 0.2596669 1.03731 0.2865793 1.043432 0.2821078 1.043347 0.2596669 1.043432 0.2821078 1.047266 0.2749518 1.047266 0.2749518 1.047241 0.2667843 1.043347 0.2596669 1.022692 0.2378903 1.042827 0.2438529 1.039421 0.2372075 1.039751 0.2468841 1.042827 0.2438529 1.022692 0.2378903 1.022692 0.2378903 1.027522 0.2471705 1.039751 0.2468841 1.017333 0.254007 1.027522 0.2471705 1.022692 0.2378903 1.022692 0.2378903 1.005452 0.2450477 1.017333 0.254007 1.011669 0.2649277 1.017333 0.254007 1.005452 0.2450477 1.005892 0.2956094 1.011669 0.2649277 1.005452 0.2450477 1.005892 0.2956094 1.01176 0.2772732 1.011669 0.2649277 1.005892 0.2956094 1.017575 0.288114 1.01176 0.2772732 1.017575 0.288114 1.005892 0.2956094 1.023027 0.3047895 1.023027 0.3047895 1.027808 0.2948108 1.017575 0.288114 1.027808 0.2948108 1.023027 0.3047895 1.042416 0.2985846 1.023027 0.3047895 1.039744 0.3052569 1.042416 0.2985846 1.042416 0.2985846 1.040008 0.2949327 1.027808 0.2948108 1.040008 0.2949327 1.042416 0.2985846 1.050221 0.2880901 1.05443 0.2921369 1.050221 0.2880901 1.042416 0.2985846 1.055984 0.2770784 1.050221 0.2880901 1.05443 0.2921369 1.064372 0.2769459 1.055984 0.2770784 1.05443 0.2921369 1.055984 0.2770784 1.064372 0.2769459 1.055959 0.2645885 1.064463 0.2632121 1.055959 0.2645885 1.064372 0.2769459 1.064463 0.2632121 1.054778 0.2480633 1.055959 0.2645885 1.055959 0.2645885 1.054778 0.2480633 1.050096 0.2536043 1.042827 0.2438529 1.050096 0.2536043 1.054778 0.2480633 1.050096 0.2536043 1.042827 0.2438529 1.039751 0.2468841 1.422944 0.09868282 1.419691 0.103986 1.426798 0.1121573 1.426798 0.1121573 1.433108 0.1017216 1.422944 0.09868282 1.419691 0.103986 1.412928 0.1069798 1.426798 0.1121573 1.426798 0.1121573 1.412928 0.1069798 1.414729 0.117588 1.414729 0.117588 1.412928 0.1069798 1.403889 0.1061948 1.403889 0.1061948 1.400614 0.1163723 1.414729 0.117588 1.400614 0.1163723 1.403889 0.1061948 1.399581 0.1035369 1.399581 0.1035369 1.392188 0.1112342 1.400614 0.1163723 1.392188 0.1112342 1.399581 0.1035369 1.395036 0.09689247 1.392188 0.1112342 1.395036 0.09689247 1.384659 0.09979134 1.385267 0.08317536 1.384659 0.09979134 1.395036 0.09689247 1.395036 0.09689247 1.395425 0.08669495 1.385267 0.08317536 1.393528 0.07183247 1.385267 0.08317536 1.395425 0.08669495 1.395425 0.08669495 1.400626 0.07978093 1.393528 0.07183247 1.393528 0.07183247 1.400626 0.07978093 1.405021 0.07719779 1.405021 0.07719779 1.402138 0.06688457 1.393528 0.07183247 1.416069 0.06641465 1.402138 0.06688457 1.405021 0.07719779 1.405021 0.07719779 1.413595 0.07689577 1.416069 0.06641465 1.427745 0.07275706 1.416069 0.06641465 1.413595 0.07689577 1.413595 0.07689577 1.420081 0.08038979 1.427745 0.07275706 1.427745 0.07275706 1.420081 0.08038979 1.423209 0.08637481 1.433511 0.0839135 1.427745 0.07275706 1.423209 0.08637481 1.433511 0.0839135 1.423209 0.08637481 1.422944 0.09868282 1.422944 0.09868282 1.433108 0.1017216 1.433511 0.0839135 1.040008 0.2949327 1.050221 0.2880901 1.03731 0.2865793 1.050221 0.2880901 1.043432 0.2821078 1.03731 0.2865793 1.040008 0.2949327 1.03731 0.2865793 1.030535 0.2865878 1.027808 0.2948108 1.040008 0.2949327 1.030535 0.2865878 1.017575 0.288114 1.027808 0.2948108 1.030535 0.2865878 1.030535 0.2865878 1.024359 0.2821686 1.017575 0.288114 1.017575 0.288114 1.024359 0.2821686 1.02046 0.2750955 1.02046 0.2750955 1.01176 0.2772732 1.017575 0.288114 1.01176 0.2772732 1.02046 0.2750955 1.020406 0.2669771 1.020406 0.2669771 1.011669 0.2649277 1.01176 0.2772732 1.017333 0.254007 1.011669 0.2649277 1.020406 0.2669771 1.020406 0.2669771 1.024212 0.2598566 1.017333 0.254007 1.017333 0.254007 1.024212 0.2598566 1.030364 0.2553455 1.030364 0.2553455 1.027522 0.2471705 1.017333 0.254007 1.039751 0.2468841 1.027522 0.2471705 1.030364 0.2553455 1.030364 0.2553455 1.037154 0.2552657 1.039751 0.2468841 1.050096 0.2536043 1.039751 0.2468841 1.037154 0.2552657 1.037154 0.2552657 1.043347 0.2596669 1.050096 0.2536043 1.043347 0.2596669 1.047241 0.2667843 1.050096 0.2536043 1.050096 0.2536043 1.047241 0.2667843 1.055959 0.2645885 1.055984 0.2770784 1.055959 0.2645885 1.047241 0.2667843 1.047241 0.2667843 1.047266 0.2749518 1.055984 0.2770784 1.050221 0.2880901 1.055984 0.2770784 1.047266 0.2749518 1.047266 0.2749518 1.043432 0.2821078 1.050221 0.2880901 1.509232 0.4395994 1.501643 0.4468008 1.49576 0.4773142 1.509232 0.4395994 1.49576 0.4773142 1.500026 0.4870328 1.500026 0.4870328 1.49576 0.4773142 1.481683 0.4688846 1.500026 0.4870328 1.481683 0.4688846 1.475474 0.4744748 1.470833 0.4660344 1.475474 0.4744748 1.481683 0.4688846 1.481683 0.4688846 1.479239 0.4643186 1.470833 0.4660344 1.479239 0.4643186 1.479434 0.4579069 1.470833 0.4660344 1.470833 0.4660344 1.479434 0.4579069 1.471044 0.4562247 1.479434 0.4579069 1.481657 0.4519573 1.471044 0.4562247 1.471044 0.4562247 1.481657 0.4519573 1.474581 0.4471022 1.481983 0.4411745 1.474581 0.4471022 1.481657 0.4519573 1.481657 0.4519573 1.485456 0.4488083 1.481983 0.4411745 1.481983 0.4411745 1.485456 0.4488083 1.501643 0.4468008 1.481983 0.4411745 1.501643 0.4468008 1.509232 0.4395994 1.541913 0.3493664 1.553962 0.3527342 1.554373 0.3248531 1.554373 0.3248531 1.542226 0.3278802 1.541913 0.3493664 1.54644 0.2779179 1.532848 0.2851007 1.540174 0.3128773 1.540174 0.3128773 1.552477 0.3129571 1.54644 0.2779179 1.551732 0.3645654 1.539428 0.3642985 1.544617 0.3993992 1.539428 0.3642985 1.531298 0.3918531 1.544617 0.3993992 1.486064 0.3299696 1.485835 0.3456919 1.537116 0.3560588 1.537116 0.3560588 1.537623 0.3210552 1.486064 0.3299696 1.486064 0.3299696 1.537623 0.3210552 1.532848 0.2851007 1.532848 0.2851007 1.479773 0.3154885 1.486064 0.3299696 1.531298 0.3918531 1.537116 0.3560588 1.485835 0.3456919 1.485835 0.3456919 1.479129 0.3599862 1.531298 0.3918531 1.537623 0.3210552 1.537116 0.3560588 1.541913 0.3493664 1.541913 0.3493664 1.542226 0.3278802 1.537623 0.3210552 1.531298 0.3918531 1.539428 0.3642985 1.537116 0.3560588 1.537623 0.3210552 1.540174 0.3128773 1.532848 0.2851007 1.553694 0.3586329 1.681977 0.3685488 1.684872 0.3607374 1.684872 0.3607374 1.553962 0.3527342 1.553694 0.3586329 1.554269 0.3189538 1.554373 0.3248531 1.685535 0.3206308 1.685535 0.3206308 1.682792 0.3128836 1.554269 0.3189538 1.554269 0.3189538 1.682792 0.3128836 1.683734 0.304843 1.683734 0.304843 1.552477 0.3129571 1.554269 0.3189538 1.553694 0.3586329 1.551732 0.3645654 1.682756 0.3767422 1.682756 0.3767422 1.681977 0.3685488 1.553694 0.3586329 1.541913 0.3493664 1.537116 0.3560588 1.553694 0.3586329 1.553694 0.3586329 1.553962 0.3527342 1.541913 0.3493664 1.537623 0.3210552 1.542226 0.3278802 1.554269 0.3189538 1.542226 0.3278802 1.554373 0.3248531 1.554269 0.3189538 1.554269 0.3189538 1.552477 0.3129571 1.540174 0.3128773 1.540174 0.3128773 1.537623 0.3210552 1.554269 0.3189538 1.551732 0.3645654 1.553694 0.3586329 1.539428 0.3642985 1.537116 0.3560588 1.539428 0.3642985 1.553694 0.3586329 1.301381 0.814334 1.301596 0.8503182 1.32076 0.8425821 1.32076 0.8425821 1.320828 0.8148049 1.301381 0.814334 1.301381 0.814334 1.320828 0.8148049 1.32069 0.7870281 1.301547 0.7783496 1.301381 0.814334 1.32069 0.7870281 1.648786 0.6828338 1.664099 0.6986057 1.694724 0.7009302 1.700523 0.7129539 1.694724 0.7009302 1.664099 0.6986057 1.709868 0.7089105 1.699696 0.6996304 1.700523 0.7129539 1.700523 0.7129539 1.708588 0.7203118 1.709868 0.7089105 1.708588 0.7203118 1.706822 0.7442478 1.717725 0.7490649 1.717725 0.7490649 1.719967 0.7187093 1.708588 0.7203118 1.705808 0.756097 1.706822 0.7442478 1.69795 0.7498072 1.694619 0.7631086 1.705808 0.756097 1.69795 0.7498072 1.661637 0.7566693 1.690269 0.761166 1.69795 0.7498072 1.690269 0.761166 1.661637 0.7566693 1.64447 0.7698209 1.680223 0.07257908 1.679244 0.02599138 1.483434 0.02599161 1.483434 0.02599161 1.484449 0.07793349 1.680223 0.07257908 1.500537 0.1109629 1.680223 0.07257908 1.484449 0.07793349 1.500537 0.1109629 1.681085 0.1010697 1.680223 0.07257908 1.484449 0.07793349 1.484373 0.09641456 1.500537 0.1109629 1.681085 0.1010697 1.500537 0.1109629 1.502235 0.1175832 1.500537 0.1109629 1.495427 0.1150938 1.502235 0.1175832 1.495427 0.1150938 1.500537 0.1109629 1.484373 0.09641456 1.502235 0.1175832 1.682335 0.1075807 1.681085 0.1010697 1.682335 0.1075807 1.502235 0.1175832 1.497701 0.1459664 1.497701 0.1459664 1.696227 0.1349283 1.682335 0.1075807 1.682335 0.1075807 1.687162 0.1042631 1.681085 0.1010697 1.687162 0.1042631 1.682335 0.1075807 1.696227 0.1349283 1.484373 0.09641456 1.48177 0.1027936 1.495427 0.1150938 1.48613 0.142118 1.495427 0.1150938 1.48177 0.1027936 1.48177 0.1027936 1.464063 0.1226149 1.48613 0.142118 1.484373 0.09641456 1.477894 0.09701001 1.48177 0.1027936 1.477202 0.09540444 1.484373 0.09641456 1.484449 0.07793349 1.484449 0.07793349 1.478808 0.07869929 1.477202 0.09540444 1.477202 0.09540444 1.478808 0.07869929 1.455086 0.08315515 1.455086 0.08315515 1.452596 0.1059431 1.477202 0.09540444 1.452788 0.03039437 1.455086 0.08315515 1.478808 0.07869929 1.478808 0.07869929 1.476963 0.02661508 1.452788 0.03039437 1.476963 0.02661508 1.478808 0.07869929 1.484449 0.07793349 1.484449 0.07793349 1.483434 0.02599161 1.476963 0.02661508 1.696227 0.1349283 1.700437 0.1319364 1.687162 0.1042631 1.48177 0.1027936 1.477894 0.09701001 1.460474 0.117003 1.460474 0.117003 1.464063 0.1226149 1.48177 0.1027936 1.495427 0.1150938 1.48613 0.142118 1.492171 0.1448457 1.492171 0.1448457 1.502235 0.1175832 1.495427 0.1150938 1.686409 0.0731498 1.709255 0.03140276 1.685486 0.0267114 1.686409 0.0731498 1.710172 0.07755482 1.709255 0.03140276 1.687602 0.1025103 1.710172 0.07755482 1.686409 0.0731498 1.710172 0.07755482 1.687602 0.1025103 1.712641 0.1200532 1.685486 0.0267114 1.679244 0.02599138 1.686409 0.0731498 1.680223 0.07257908 1.686409 0.0731498 1.679244 0.02599138 1.681085 0.1010697 1.687602 0.1025103 1.686409 0.0731498 1.686409 0.0731498 1.680223 0.07257908 1.681085 0.1010697 1.18478 0.8449126 1.203325 0.8746778 1.211474 0.8733811 1.211474 0.8733811 1.194731 0.8442029 1.18478 0.8449126 1.195015 0.8141625 1.18478 0.8449126 1.194731 0.8442029 1.195015 0.8141625 1.185352 0.8144066 1.18478 0.8449126 1.184913 0.7836365 1.185352 0.8144066 1.195015 0.8141625 1.195015 0.8141625 1.194866 0.7838516 1.184913 0.7836365 1.20349 0.7541322 1.184913 0.7836365 1.194866 0.7838516 1.194866 0.7838516 1.211725 0.7555106 1.20349 0.7541322 1.185352 0.8144066 1.184913 0.7836365 1.174896 0.7904903 1.174896 0.7904903 1.174833 0.8143759 1.185352 0.8144066 1.185352 0.8144066 1.174817 0.8380407 1.18478 0.8449126 1.185352 0.8144066 1.174833 0.8143759 1.174817 0.8380407 1.212346 0.8144535 1.195015 0.8141625 1.194731 0.8442029 1.194731 0.8442029 1.211474 0.8733811 1.212346 0.8144535 1.195015 0.8141625 1.212346 0.8144535 1.194866 0.7838516 1.211725 0.7555106 1.194866 0.7838516 1.212346 0.8144535 1.113888 0.7540672 1.174896 0.7904903 1.184913 0.7836365 1.106029 0.7627235 1.174896 0.7904903 1.113888 0.7540672 1.113728 0.8745767 1.18478 0.8449126 1.174817 0.8380407 1.174817 0.8380407 1.105912 0.8658235 1.113728 0.8745767 1.536179 0.6033406 1.533864 0.6033199 1.535235 0.6558087 1.53387 0.6557962 1.535235 0.6558087 1.533864 0.6033199 1.538493 0.603403 1.536179 0.6033406 1.535235 0.6558087 1.535235 0.6558087 1.536599 0.655845 1.538493 0.603403 1.533864 0.6033199 1.53155 0.603341 1.53387 0.6557962 1.532506 0.6558086 1.53387 0.6557962 1.53155 0.603341 1.531142 0.6558459 1.532506 0.6558086 1.53155 0.603341 1.53155 0.603341 1.529235 0.6034041 1.531142 0.6558459 1.53387 0.6557962 1.533858 0.6571606 1.535235 0.6558087 1.533858 0.6571606 1.535222 0.6571736 1.535235 0.6558087 1.55428 0.6555135 1.556593 0.6556158 1.552804 0.607767 1.554167 0.607828 1.552804 0.607767 1.556593 0.6556158 1.552804 0.607767 1.551447 0.6079114 1.55428 0.6555135 1.551978 0.6557579 1.55428 0.6555135 1.551447 0.6079114 1.549671 0.6559563 1.551978 0.6557579 1.551447 0.6079114 1.551447 0.6079114 1.550088 0.6080281 1.549671 0.6559563 1.547368 0.6557171 1.549671 0.6559563 1.550088 0.6080281 1.550088 0.6080281 1.54873 0.6078872 1.547368 0.6557171 1.549971 0.6066686 1.550088 0.6080281 1.55133 0.6065515 1.550088 0.6080281 1.551447 0.6079114 1.55133 0.6065515 1.529363 0.5808515 1.530724 0.5809543 1.531355 0.5420426 1.531355 0.5420426 1.529046 0.5418692 1.529363 0.5808515 1.531355 0.5420426 1.530724 0.5809543 1.532087 0.5808955 1.533668 0.5419438 1.531355 0.5420426 1.532087 0.5808955 1.532087 0.5808955 1.533452 0.5808711 1.533668 0.5419438 1.535982 0.5419022 1.533668 0.5419438 1.533452 0.5808711 1.538272 0.5422435 1.535982 0.5419022 1.533452 0.5808711 1.533452 0.5808711 1.534801 0.5810724 1.538272 0.5422435 1.533476 0.582235 1.533452 0.5808711 1.532112 0.5822598 1.533452 0.5808711 1.532087 0.5808955 1.532112 0.5822598 1.551604 0.5657676 1.550241 0.5657237 1.552284 0.5945112 1.552284 0.5945112 1.554597 0.5945848 1.551604 0.5657676 1.552284 0.5945112 1.550241 0.5657237 1.548908 0.5660211 1.550024 0.5950148 1.552284 0.5945112 1.548908 0.5660211 1.548908 0.5660211 1.547557 0.5662122 1.550024 0.5950148 1.547731 0.5953388 1.550024 0.5950148 1.547557 0.5662122 1.545451 0.5949381 1.547731 0.5953388 1.547557 0.5662122 1.547557 0.5662122 1.546214 0.5659755 1.545451 0.5949381 1.547366 0.564861 1.547557 0.5662122 1.548717 0.5646699 1.547557 0.5662122 1.548908 0.5660211 1.548717 0.5646699 1.058714 0.5338545 1.058624 0.5438554 1.096458 0.5342283 1.058624 0.5438554 1.096371 0.5442334 1.096458 0.5342283 1.096458 0.5342283 1.096371 0.5442334 1.493602 0.5470964 1.493602 0.5470964 1.493685 0.5372089 1.096458 0.5342283 1.589953 0.221332 1.600904 0.2417338 1.708905 0.2175016 1.72408 0.2288737 1.708905 0.2175016 1.600904 0.2417338 1.589188 0.202521 1.589953 0.221332 1.708905 0.2175016 1.708905 0.2175016 1.712675 0.2025209 1.589188 0.202521 1.712675 0.2025209 1.708905 0.2175016 1.725294 0.2270595 1.725294 0.2270595 1.729071 0.2052873 1.712675 0.2025209 1.708917 0.1824663 1.589966 0.1786364 1.5892 0.1974486 1.5892 0.1974486 1.712687 0.1974486 1.708917 0.1824663 1.708917 0.1824663 1.600917 0.1582345 1.589966 0.1786364 1.600917 0.1582345 1.708917 0.1824663 1.724093 0.1710948 1.725306 0.172909 1.708917 0.1824663 1.712687 0.1974486 1.712687 0.1974486 1.729084 0.1946818 1.725306 0.172909 1.316492 0.121397 1.012427 0.1178499 1.013427 0.1004207 1.013427 0.1004207 1.31691 0.1004207 1.316492 0.121397 1.011286 0.1306498 1.012427 0.1178499 1.316492 0.121397 1.316492 0.121397 1.315906 0.1338534 1.011286 0.1306498 1.31691 0.1004207 1.013427 0.1004207 1.013517 0.08668678 1.013517 0.08668678 1.317467 0.08255046 1.31691 0.1004207 1.317467 0.08255046 1.013517 0.08668678 1.01266 0.06928116 1.01266 0.06928116 1.318092 0.06157732 1.317467 0.08255046 1.318092 0.06157732 1.01266 0.06928116 1.011505 0.05731815 1.011505 0.05731815 1.317868 0.048509 1.318092 0.06157732 1.329189 0.158461 1.008313 0.1737133 1.00959 0.1548979 1.329189 0.158461 1.329438 0.1770498 1.008313 0.1737133 1.329072 0.1411294 1.329189 0.158461 1.00959 0.1548979 1.00959 0.1548979 1.010898 0.137854 1.329072 0.1411294 1.329189 0.158461 1.329072 0.1411294 1.372865 0.1431711 1.373626 0.1248677 1.372865 0.1431711 1.329072 0.1411294 1.329072 0.1411294 1.330359 0.1229263 1.373626 0.1248677 1.330359 0.1229263 1.331026 0.1008043 1.373626 0.1248677 1.331026 0.1008043 1.374559 0.1014861 1.373626 0.1248677 1.372865 0.1431711 1.372678 0.1601096 1.329189 0.158461 1.372678 0.1601096 1.329438 0.1770498 1.329189 0.158461 1.372678 0.1601096 1.372744 0.1785174 1.329438 0.1770498 1.331026 0.1008043 1.33158 0.08229893 1.374559 0.1014861 1.33158 0.08229893 1.375114 0.08123481 1.374559 0.1014861 1.375114 0.08123481 1.33158 0.08229893 1.331995 0.0601139 1.331995 0.0601139 1.375301 0.05782729 1.375114 0.08123481 1.331995 0.0601139 1.331025 0.04119527 1.375301 0.05782729 1.374853 0.03849136 1.375301 0.05782729 1.331025 0.04119527 1.374853 0.03849136 1.331025 0.04119527 1.330876 0.02385854 1.009596 0.03281623 1.330876 0.02385854 1.331025 0.04119527 1.009596 0.03281623 1.330153 0.004592835 1.330876 0.02385854 1.009596 0.03281623 1.007832 0.01495081 1.330153 0.004592835 1.331025 0.04119527 1.011189 0.0498349 1.009596 0.03281623 1.3744 0.02156621 1.330876 0.02385854 1.330153 0.004592835 1.3744 0.02156621 1.374853 0.03849136 1.330876 0.02385854 1.330153 0.004592835 1.373445 0.002199769 1.3744 0.02156621 1.433108 0.1017216 1.439719 0.1235638 1.426798 0.1121573 1.426798 0.1121573 1.439719 0.1235638 1.421458 0.1309851 1.421458 0.1309851 1.414729 0.117588 1.426798 0.1121573 1.421458 0.1309851 1.403315 0.1304293 1.414729 0.117588 1.400614 0.1163723 1.414729 0.117588 1.403315 0.1304293 1.403315 0.1304293 1.386005 0.122441 1.400614 0.1163723 1.386005 0.122441 1.392188 0.1112342 1.400614 0.1163723 1.374559 0.1014861 1.392188 0.1112342 1.386005 0.122441 1.374559 0.1014861 1.384659 0.09979134 1.392188 0.1112342 1.384659 0.09979134 1.374559 0.1014861 1.375114 0.08123481 1.375114 0.08123481 1.385267 0.08317536 1.384659 0.09979134 1.385267 0.08317536 1.375114 0.08123481 1.393528 0.07183247 1.375114 0.08123481 1.387787 0.06098186 1.393528 0.07183247 1.402138 0.06688457 1.393528 0.07183247 1.387787 0.06098186 1.40551 0.05167573 1.402138 0.06688457 1.387787 0.06098186 1.416069 0.06641465 1.402138 0.06688457 1.40551 0.05167573 1.423659 0.05212312 1.416069 0.06641465 1.40551 0.05167573 1.416069 0.06641465 1.423659 0.05212312 1.427745 0.07275706 1.427745 0.07275706 1.423659 0.05212312 1.441413 0.06283092 1.441413 0.06283092 1.433511 0.0839135 1.427745 0.07275706 1.433108 0.1017216 1.433511 0.0839135 1.441413 0.06283092 1.439719 0.1235638 1.433108 0.1017216 1.441413 0.06283092 1.051995 0.4265597 1.018033 0.4270623 1.010791 0.4113908 1.051995 0.4265597 1.04566 0.4337391 1.018033 0.4270623 1.052107 0.4406387 1.04566 0.4337391 1.051995 0.4265597 1.061134 0.4366914 1.052107 0.4406387 1.051995 0.4265597 1.052107 0.4406387 1.061134 0.4366914 1.064189 0.4475133 1.054763 0.4499624 1.052107 0.4406387 1.064189 0.4475133 1.064189 0.4475133 1.063864 0.4591658 1.054763 0.4499624 1.054763 0.4499624 1.063864 0.4591658 1.054443 0.4595641 1.056483 0.471325 1.054443 0.4595641 1.063864 0.4591658 1.056483 0.471325 1.049402 0.4674016 1.054443 0.4595641 1.022543 0.4776435 1.049402 0.4674016 1.056483 0.471325 1.017316 0.4927972 1.022543 0.4776435 1.056483 0.471325 1.009824 0.4530542 1.022543 0.4776435 1.017316 0.4927972 1.010791 0.4113908 1.018033 0.4270623 1.009824 0.4530542 1.009824 0.4530542 1.017389 0.4530937 1.022543 0.4776435 1.018033 0.4270623 1.017389 0.4530937 1.009824 0.4530542 1.47574 0.4358131 1.474581 0.4471022 1.46501 0.4435911 1.47574 0.4358131 1.481983 0.4411745 1.474581 0.4471022 1.509232 0.4395994 1.481983 0.4411745 1.47574 0.4358131 1.519344 0.430561 1.509232 0.4395994 1.47574 0.4358131 1.506215 0.4983958 1.509232 0.4395994 1.519344 0.430561 1.509232 0.4395994 1.506215 0.4983958 1.500026 0.4870328 1.467994 0.4754407 1.500026 0.4870328 1.506215 0.4983958 1.467994 0.4754407 1.475474 0.4744748 1.500026 0.4870328 1.475474 0.4744748 1.467994 0.4754407 1.470833 0.4660344 1.470833 0.4660344 1.467994 0.4754407 1.460912 0.4637738 1.471044 0.4562247 1.470833 0.4660344 1.460912 0.4637738 1.46501 0.4435911 1.474581 0.4471022 1.471044 0.4562247 1.460912 0.4637738 1.46104 0.4535794 1.471044 0.4562247 1.46501 0.4435911 1.471044 0.4562247 1.46104 0.4535794 1.090055 0.8725892 1.027859 0.87012 1.028886 0.8422086 1.028886 0.8422086 1.091075 0.8433293 1.090055 0.8725892 1.090055 0.8725892 1.088831 0.9024476 1.027859 0.87012 1.027119 0.8986146 1.027859 0.87012 1.088831 0.9024476 1.028886 0.8422086 1.029211 0.8142785 1.091075 0.8433293 1.09142 0.8142785 1.091075 0.8433293 1.029211 0.8142785 1.029211 0.8142785 1.091167 0.784946 1.09142 0.8142785 1.091167 0.784946 1.029211 0.8142785 1.029034 0.7862422 1.090192 0.7559368 1.091167 0.784946 1.029034 0.7862422 1.029034 0.7862422 1.027842 0.758421 1.090192 0.7559368 1.089052 0.7262103 1.090192 0.7559368 1.027842 0.758421 1.027842 0.758421 1.027519 0.7301944 1.089052 0.7262103 1.088026 0.6975104 1.089052 0.7262103 1.027519 0.7301944 1.027519 0.7301944 1.025983 0.7025967 1.088026 0.6975104 1.027119 0.8986146 1.088831 0.9024476 1.0877 0.9309587 1.0877 0.9309587 1.025964 0.9259197 1.027119 0.8986146 1.0877 0.9309587 1.085905 0.961242 1.025964 0.9259197 1.02367 0.9547091 1.025964 0.9259197 1.085905 0.961242 1.02367 0.9547091 1.085905 0.961242 1.083738 0.9902663 1.083738 0.9902663 1.020676 0.9816591 1.02367 0.9547091 1.025983 0.7025967 1.086384 0.6682766 1.088026 0.6975104 1.086384 0.6682766 1.025983 0.7025967 1.024342 0.67483 1.083782 0.638409 1.086384 0.6682766 1.024342 0.67483 1.024342 0.67483 1.020261 0.6470703 1.083782 0.638409 1.111156 0.9623924 1.110284 0.9900947 1.083738 0.9902663 1.083738 0.9902663 1.085905 0.961242 1.111156 0.9623924 1.111156 0.9623924 1.085905 0.961242 1.112206 0.9320741 1.0877 0.9309587 1.112206 0.9320741 1.085905 0.961242 1.112206 0.9320741 1.0877 0.9309587 1.088831 0.9024476 1.088831 0.9024476 1.113047 0.9035828 1.112206 0.9320741 1.113047 0.9035828 1.088831 0.9024476 1.090055 0.8725892 1.090055 0.8725892 1.113728 0.8745767 1.113047 0.9035828 1.090055 0.8725892 1.105912 0.8658235 1.113728 0.8745767 1.105912 0.8658235 1.090055 0.8725892 1.091075 0.8433293 1.091075 0.8433293 1.106128 0.8437982 1.105912 0.8658235 1.10631 0.8143348 1.106128 0.8437982 1.091075 0.8433293 1.09142 0.8142785 1.10631 0.8143348 1.091075 0.8433293 1.091167 0.784946 1.10631 0.8143348 1.09142 0.8142785 1.106211 0.7846338 1.10631 0.8143348 1.091167 0.784946 1.106029 0.7627235 1.106211 0.7846338 1.091167 0.784946 1.091167 0.784946 1.090192 0.7559368 1.106029 0.7627235 1.090192 0.7559368 1.113888 0.7540672 1.106029 0.7627235 1.113275 0.7252651 1.113888 0.7540672 1.090192 0.7559368 1.090192 0.7559368 1.089052 0.7262103 1.113275 0.7252651 1.113275 0.7252651 1.089052 0.7262103 1.088026 0.6975104 1.088026 0.6975104 1.112615 0.6963811 1.113275 0.7252651 1.111612 0.6668677 1.112615 0.6963811 1.088026 0.6975104 1.088026 0.6975104 1.086384 0.6682766 1.111612 0.6668677 1.111612 0.6668677 1.086384 0.6682766 1.083782 0.638409 1.083782 0.638409 1.110465 0.6378404 1.111612 0.6668677 1.201862 0.9925694 1.110284 0.9900947 1.111156 0.9623924 1.111156 0.9623924 1.201955 0.9633756 1.201862 0.9925694 1.111156 0.9623924 1.112206 0.9320741 1.201955 0.9633756 1.202516 0.9329588 1.201955 0.9633756 1.112206 0.9320741 1.202516 0.9329588 1.112206 0.9320741 1.113047 0.9035828 1.113047 0.9035828 1.202885 0.9042944 1.202516 0.9329588 1.113047 0.9035828 1.113728 0.8745767 1.202885 0.9042944 1.203325 0.8746778 1.202885 0.9042944 1.113728 0.8745767 1.113728 0.8745767 1.18478 0.8449126 1.203325 0.8746778 1.113888 0.7540672 1.113275 0.7252651 1.203033 0.724624 1.203033 0.724624 1.20349 0.7541322 1.113888 0.7540672 1.20301 0.6957374 1.203033 0.724624 1.113275 0.7252651 1.113275 0.7252651 1.112615 0.6963811 1.20301 0.6957374 1.202279 0.6662552 1.20301 0.6957374 1.112615 0.6963811 1.112615 0.6963811 1.111612 0.6668677 1.202279 0.6662552 1.202417 0.6360513 1.202279 0.6662552 1.111612 0.6668677 1.111612 0.6668677 1.110465 0.6378404 1.202417 0.6360513 1.20349 0.7541322 1.184913 0.7836365 1.113888 0.7540672 1.286595 0.8143123 1.301596 0.8503182 1.287436 0.8692389 1.301381 0.814334 1.301596 0.8503182 1.286595 0.8143123 1.301596 0.8503182 1.302144 0.8692405 1.287436 0.8692389 1.286595 0.8143123 1.287436 0.8692389 1.231651 0.8707427 1.286595 0.8143123 1.231651 0.8707427 1.230802 0.8143123 1.301547 0.7783496 1.301381 0.814334 1.286595 0.8143123 1.286595 0.8143123 1.287376 0.759384 1.301547 0.7783496 1.302055 0.7595189 1.301547 0.7783496 1.287376 0.759384 1.303926 0.7056491 1.302055 0.7595189 1.287376 0.759384 1.287376 0.759384 1.289406 0.7045449 1.303926 0.7056491 1.23387 0.7010495 1.289406 0.7045449 1.287376 0.759384 1.287376 0.759384 1.231605 0.757769 1.23387 0.7010495 1.286595 0.8143123 1.230802 0.8143123 1.231605 0.757769 1.231605 0.757769 1.287376 0.759384 1.286595 0.8143123 1.287436 0.8692389 1.302144 0.8692405 1.303689 0.92311 1.287436 0.8692389 1.303689 0.92311 1.289242 0.9241375 1.292925 0.979325 1.289242 0.9241375 1.303689 0.92311 1.303689 0.92311 1.307183 0.9763672 1.292925 0.979325 1.289242 0.9241375 1.292925 0.979325 1.237255 0.983636 1.289242 0.9241375 1.237255 0.983636 1.233724 0.9270993 1.303926 0.7056491 1.289406 0.7045449 1.29389 0.6494702 1.29389 0.6494702 1.308027 0.6523791 1.303926 0.7056491 1.287436 0.8692389 1.289242 0.9241375 1.233724 0.9270993 1.287436 0.8692389 1.233724 0.9270993 1.231651 0.8707427 1.289406 0.7045449 1.23387 0.7010495 1.238366 0.6443239 1.238366 0.6443239 1.29389 0.6494702 1.289406 0.7045449 1.307183 0.9763672 1.303689 0.92311 1.624559 0.9101316 1.624559 0.9101316 1.626774 0.9535835 1.307183 0.9763672 1.626774 0.9535835 1.624559 0.9101316 1.635137 0.909667 1.635137 0.909667 1.637343 0.9522544 1.626774 0.9535835 1.637343 0.9522544 1.635137 0.909667 1.672878 0.9078525 1.672878 0.9078525 1.675046 0.9497232 1.637343 0.9522544 1.633371 0.865927 1.635137 0.909667 1.624559 0.9101316 1.622903 0.8655013 1.633371 0.865927 1.624559 0.9101316 1.670965 0.8648534 1.635137 0.909667 1.633371 0.865927 1.670965 0.8648534 1.672878 0.9078525 1.635137 0.909667 1.622903 0.8655013 1.624559 0.9101316 1.303689 0.92311 1.303689 0.92311 1.302144 0.8692405 1.622903 0.8655013 1.308027 0.6523791 1.627306 0.6782361 1.624847 0.722068 1.627306 0.6782361 1.636989 0.6965134 1.624847 0.722068 1.636989 0.6965134 1.627306 0.6782361 1.637822 0.679579 1.636989 0.6965134 1.634274 0.7487279 1.624847 0.722068 1.624847 0.722068 1.634274 0.7487279 1.622703 0.7659194 1.634274 0.7487279 1.633326 0.7656601 1.622703 0.7659194 1.624847 0.722068 1.303926 0.7056491 1.308027 0.6523791 1.624847 0.722068 1.622703 0.7659194 1.303926 0.7056491 1.622703 0.7659194 1.302055 0.7595189 1.303926 0.7056491 1.114732 0.2644743 1.386734 0.2845185 1.112733 0.2906327 1.387693 0.2687291 1.386734 0.2845185 1.114732 0.2644743 1.114732 0.2644743 1.113329 0.2472255 1.387693 0.2687291 1.392984 0.2528768 1.387693 0.2687291 1.113329 0.2472255 1.392984 0.2528768 1.113329 0.2472255 1.106845 0.2341125 1.406017 0.2156602 1.392984 0.2528768 1.106845 0.2341125 1.406017 0.2156602 1.106845 0.2341125 1.076529 0.1859369 1.402961 0.2525076 1.392984 0.2528768 1.406017 0.2156602 1.406017 0.2156602 1.416992 0.215061 1.402961 0.2525076 1.112733 0.2906327 1.386734 0.2845185 1.387013 0.2998222 1.387013 0.2998222 1.386734 0.2845185 1.395079 0.2846393 1.395079 0.2846393 1.386734 0.2845185 1.387693 0.2687291 1.395079 0.2846393 1.396543 0.2995431 1.387013 0.2998222 1.387013 0.2998222 1.396543 0.2995431 1.391615 0.3157778 1.400388 0.3167822 1.391615 0.3157778 1.396543 0.2995431 1.391615 0.3157778 1.400388 0.3167822 1.403365 0.3501126 1.391615 0.3157778 1.403365 0.3501126 1.101812 0.3197722 1.072245 0.3625764 1.101812 0.3197722 1.403365 0.3501126 1.400388 0.3167822 1.414846 0.3504554 1.403365 0.3501126 1.108907 0.3076251 1.387013 0.2998222 1.391615 0.3157778 1.391615 0.3157778 1.101812 0.3197722 1.108907 0.3076251 1.387013 0.2998222 1.108907 0.3076251 1.112733 0.2906327 1.387693 0.2687291 1.398115 0.2698028 1.395079 0.2846393 1.398115 0.2698028 1.392984 0.2528768 1.402961 0.2525076 1.398115 0.2698028 1.387693 0.2687291 1.392984 0.2528768 1.661637 0.7566693 1.665766 0.7277602 1.69795 0.7498072 1.665766 0.7277602 1.706822 0.7442478 1.69795 0.7498072 1.665766 0.7277602 1.708588 0.7203118 1.706822 0.7442478 1.700523 0.7129539 1.708588 0.7203118 1.665766 0.7277602 1.700523 0.7129539 1.665766 0.7277602 1.664099 0.6986057 1.395079 0.2846393 1.398115 0.2698028 1.410732 0.2577504 1.410732 0.2577504 1.408211 0.3121977 1.395079 0.2846393 1.408211 0.3121977 1.396543 0.2995431 1.395079 0.2846393 1.410732 0.2577504 1.440419 0.3294198 1.408211 0.3121977 1.446712 0.240701 1.440419 0.3294198 1.410732 0.2577504 1.372259 0.7724538 1.371918 0.8572581 1.334508 0.7716162 1.371918 0.8572581 1.33417 0.8578165 1.334508 0.7716162 1.784434 0.8512627 1.371918 0.8572581 1.372259 0.7724538 1.785033 0.781816 1.784434 0.8512627 1.372259 0.7724538 1.108726 0.5664931 1.10899 0.5995088 1.070965 0.5661007 1.10899 0.5995088 1.071239 0.6004875 1.070965 0.5661007 1.48264 0.5894099 1.10899 0.5995088 1.108726 0.5664931 1.482479 0.5692589 1.48264 0.5894099 1.108726 0.5664931 1.071239 0.6004875 1.10899 0.5995088 1.104411 0.610481 1.104411 0.610481 1.066658 0.6114219 1.071239 0.6004875 1.104411 0.610481 1.08898 0.6271071 1.066658 0.6114219 1.08898 0.6271071 1.051265 0.6280751 1.066658 0.6114219 1.08898 0.6271071 1.104411 0.610481 1.501526 0.6170404 1.104411 0.610481 1.487141 0.6005597 1.501526 0.6170404 1.10899 0.5995088 1.48264 0.5894099 1.487141 0.6005597 1.487141 0.6005597 1.104411 0.610481 1.10899 0.5995088 1.10453 0.5548304 1.108726 0.5664931 1.070965 0.5661007 1.070965 0.5661007 1.066771 0.5544607 1.10453 0.5548304 1.096371 0.5442334 1.10453 0.5548304 1.066771 0.5544607 1.096371 0.5442334 1.066771 0.5544607 1.058624 0.5438554 1.10453 0.5548304 1.096371 0.5442334 1.493602 0.5470964 1.493602 0.5470964 1.486325 0.5574419 1.10453 0.5548304 1.108726 0.5664931 1.10453 0.5548304 1.486325 0.5574419 1.486325 0.5574419 1.482479 0.5692589 1.108726 0.5664931 1.684872 0.3607374 1.685535 0.3206308 1.729517 0.3073265 1.728918 0.3767731 1.684872 0.3607374 1.729517 0.3073265 1.682756 0.3767422 1.684872 0.3607374 1.728918 0.3767731 1.682756 0.3767422 1.728918 0.3767731 1.709066 0.4433666 1.709066 0.4433666 1.673464 0.4210223 1.682756 0.3767422 1.681977 0.3685488 1.684872 0.3607374 1.682756 0.3767422 1.685535 0.3206308 1.683734 0.304843 1.729517 0.3073265 1.729517 0.3073265 1.683734 0.304843 1.712816 0.2396748 1.676085 0.260341 1.712816 0.2396748 1.683734 0.304843 1.682792 0.3128836 1.683734 0.304843 1.685535 0.3206308 1.553962 0.3527342 1.554373 0.3248531 1.684872 0.3607374 1.554373 0.3248531 1.685535 0.3206308 1.684872 0.3607374 1.552477 0.3129571 1.676085 0.260341 1.683734 0.304843 1.552477 0.3129571 1.54644 0.2779179 1.676085 0.260341 1.544617 0.3993992 1.551732 0.3645654 1.673464 0.4210223 1.551732 0.3645654 1.682756 0.3767422 1.673464 0.4210223 1.456288 0.3374065 1.486064 0.3299696 1.485835 0.3456919 1.456288 0.3374065 1.479773 0.3154885 1.486064 0.3299696 1.456288 0.3374065 1.485835 0.3456919 1.479129 0.3599862 1.482479 0.5692589 1.487351 0.5578275 1.488279 0.6000256 1.488279 0.6000256 1.48264 0.5894099 1.482479 0.5692589 1.506301 0.6124168 1.488279 0.6000256 1.487351 0.5578275 1.487351 0.5578275 1.496537 0.5491461 1.506301 0.6124168 1.505724 0.5404656 1.506301 0.6124168 1.496537 0.5491461 1.497931 0.5393565 1.505724 0.5404656 1.496537 0.5491461 1.201955 0.9633756 1.2209 0.9326593 1.221062 0.9908434 1.201862 0.9925694 1.201955 0.9633756 1.221062 0.9908434 1.202516 0.9329588 1.2209 0.9326593 1.201955 0.9633756 1.202885 0.9042944 1.2209 0.9326593 1.202516 0.9329588 1.2209 0.9326593 1.202885 0.9042944 1.220304 0.8734562 1.211474 0.8733811 1.220304 0.8734562 1.202885 0.9042944 1.220304 0.8734562 1.211474 0.8733811 1.221178 0.814471 1.212346 0.8144535 1.221178 0.814471 1.211474 0.8733811 1.211725 0.7555106 1.221178 0.814471 1.212346 0.8144535 1.221178 0.814471 1.211725 0.7555106 1.220587 0.7554827 1.220587 0.7554827 1.211725 0.7555106 1.203033 0.724624 1.203033 0.724624 1.221763 0.6961597 1.220587 0.7554827 1.20301 0.6957374 1.221763 0.6961597 1.203033 0.724624 1.202279 0.6662552 1.221763 0.6961597 1.20301 0.6957374 1.221934 0.6377012 1.221763 0.6961597 1.202279 0.6662552 1.202417 0.6360513 1.221934 0.6377012 1.202279 0.6662552 1.20349 0.7541322 1.203033 0.724624 1.211725 0.7555106 1.203325 0.8746778 1.211474 0.8733811 1.202885 0.9042944 1.065837 0.5548202 1.062637 0.5616406 1.045982 0.5540475 1.045982 0.5540475 1.055825 0.545954 1.065837 0.5548202 1.062637 0.5616406 1.065837 0.5548202 1.070965 0.5661007 1.062637 0.5616406 1.070965 0.5661007 1.062969 0.6028604 1.071239 0.6004875 1.062969 0.6028604 1.070965 0.5661007 1.062969 0.6028604 1.071239 0.6004875 1.065612 0.6109458 1.046418 0.6063157 1.062969 0.6028604 1.065612 0.6109458 1.065612 0.6109458 1.046575 0.6232731 1.046418 0.6063157 1.045813 0.5370919 1.055825 0.545954 1.045982 0.5540475 1.055825 0.545954 1.045813 0.5370919 1.054618 0.5360228 1.032142 0.6000225 1.012324 0.606398 1.012007 0.5541136 1.012007 0.5541136 1.0319 0.5602476 1.032142 0.6000225 1.029828 0.5499238 1.0319 0.5602476 1.012007 0.5541136 1.012324 0.606398 1.032142 0.6000225 1.02877 0.610317 1.0319 0.5602476 1.042331 0.5616888 1.032142 0.6000225 1.042581 0.6029123 1.032142 0.6000225 1.042331 0.5616888 1.108907 0.3076251 1.101843 0.2921731 1.112733 0.2906327 1.114732 0.2644743 1.112733 0.2906327 1.101843 0.2921731 1.101843 0.2921731 1.104084 0.2618175 1.114732 0.2644743 1.091408 0.3002135 1.101843 0.2921731 1.108907 0.3076251 1.096453 0.3153908 1.091408 0.3002135 1.108907 0.3076251 1.091408 0.3002135 1.096453 0.3153908 1.046798 0.3117643 1.045386 0.3298888 1.046798 0.3117643 1.096453 0.3153908 1.114732 0.2644743 1.104084 0.2618175 1.113329 0.2472255 1.113329 0.2472255 1.104084 0.2618175 1.094851 0.2516761 1.102321 0.2373474 1.113329 0.2472255 1.094851 0.2516761 1.050817 0.2305897 1.102321 0.2373474 1.094851 0.2516761 1.102321 0.2373474 1.050817 0.2305897 1.051054 0.2123931 1.10631 0.8143348 1.106211 0.7846338 1.174896 0.7904903 1.174896 0.7904903 1.174833 0.8143759 1.10631 0.8143348 1.174833 0.8143759 1.174817 0.8380407 1.10631 0.8143348 1.106128 0.8437982 1.10631 0.8143348 1.174817 0.8380407 1.106029 0.7627235 1.174896 0.7904903 1.106211 0.7846338 1.106128 0.8437982 1.174817 0.8380407 1.105912 0.8658235 1.413595 0.07689577 1.423209 0.08637481 1.400626 0.07978093 1.413595 0.07689577 1.420081 0.08038979 1.423209 0.08637481 1.423209 0.08637481 1.395425 0.08669495 1.400626 0.07978093 1.395425 0.08669495 1.423209 0.08637481 1.399581 0.1035369 1.399581 0.1035369 1.423209 0.08637481 1.422944 0.09868282 1.422944 0.09868282 1.403889 0.1061948 1.399581 0.1035369 1.412928 0.1069798 1.403889 0.1061948 1.422944 0.09868282 1.422944 0.09868282 1.419691 0.103986 1.412928 0.1069798 1.399581 0.1035369 1.395036 0.09689247 1.395425 0.08669495 1.400626 0.07978093 1.405021 0.07719779 1.413595 0.07689577 1.04058 0.361555 1.026799 0.3774142 1.022527 0.3588672 1.044453 0.3862499 1.026799 0.3774142 1.04058 0.361555 1.04058 0.361555 1.046785 0.3730651 1.044453 0.3862499 1.046785 0.3730651 1.046873 0.3803335 1.044453 0.3862499 1.04058 0.361555 1.044619 0.3662079 1.046785 0.3730651 1.028371 0.3949634 1.026799 0.3774142 1.044453 0.3862499 1.49576 0.4773142 1.481683 0.4688846 1.501643 0.4468008 1.481683 0.4688846 1.485456 0.4488083 1.501643 0.4468008 1.485456 0.4488083 1.481683 0.4688846 1.479434 0.4579069 1.479434 0.4579069 1.481657 0.4519573 1.485456 0.4488083 1.481683 0.4688846 1.479239 0.4643186 1.479434 0.4579069 1.015339 0.8696831 1.028886 0.8422086 1.027859 0.87012 1.016717 0.8142966 1.028886 0.8422086 1.015339 0.8696831 1.029211 0.8142785 1.028886 0.8422086 1.016717 0.8142966 1.016717 0.8142966 1.029034 0.7862422 1.029211 0.8142785 1.015204 0.758887 1.029034 0.7862422 1.016717 0.8142966 1.027842 0.758421 1.029034 0.7862422 1.015204 0.758887 1.015204 0.758887 1.027519 0.7301944 1.027842 0.758421 1.013613 0.7037265 1.027519 0.7301944 1.015204 0.758887 1.025983 0.7025967 1.027519 0.7301944 1.013613 0.7037265 1.013613 0.7037265 1.024342 0.67483 1.025983 0.7025967 1.027859 0.87012 1.027119 0.8986146 1.015339 0.8696831 1.015339 0.8696831 1.027119 0.8986146 1.013831 0.9247694 1.013831 0.9247694 1.027119 0.8986146 1.025964 0.9259197 1.025964 0.9259197 1.02367 0.9547091 1.013831 0.9247694 1.013831 0.9247694 1.02367 0.9547091 1.007695 0.9784334 1.007695 0.9784334 1.02367 0.9547091 1.020676 0.9816591 1.007149 0.6500399 1.024342 0.67483 1.013613 0.7037265 1.020261 0.6470703 1.024342 0.67483 1.007149 0.6500399 1.043909 0.3510483 1.04058 0.361555 1.022527 0.3588672 1.022527 0.3588672 1.016305 0.3469774 1.043909 0.3510483 1.04894 0.3538098 1.044619 0.3662079 1.04058 0.361555 1.044619 0.3662079 1.04894 0.3538098 1.05447 0.3616487 1.044619 0.3662079 1.05447 0.3616487 1.057421 0.3713857 1.057421 0.3713857 1.046785 0.3730651 1.044619 0.3662079 1.046785 0.3730651 1.057421 0.3713857 1.057644 0.3816048 1.057644 0.3816048 1.046873 0.3803335 1.046785 0.3730651 1.046873 0.3803335 1.057644 0.3816048 1.044453 0.3862499 1.054819 0.3909271 1.044453 0.3862499 1.057644 0.3816048 1.044453 0.3862499 1.051126 0.3950117 1.026324 0.4084029 1.026324 0.4084029 1.028371 0.3949634 1.044453 0.3862499 1.028371 0.3949634 1.018412 0.4041203 1.015969 0.3791421 1.015969 0.3791421 1.026799 0.3774142 1.028371 0.3949634 1.022527 0.3588672 1.026799 0.3774142 1.015969 0.3791421 1.010271 0.3535506 1.022527 0.3588672 1.015969 0.3791421 1.331025 0.04119527 1.317868 0.048509 1.011189 0.0498349 1.317868 0.048509 1.011505 0.05731815 1.011189 0.0498349 1.317868 0.048509 1.331025 0.04119527 1.331995 0.0601139 1.331995 0.0601139 1.318092 0.06157732 1.317868 0.048509 1.317467 0.08255046 1.318092 0.06157732 1.331995 0.0601139 1.331995 0.0601139 1.33158 0.08229893 1.317467 0.08255046 1.31691 0.1004207 1.317467 0.08255046 1.33158 0.08229893 1.31691 0.1004207 1.33158 0.08229893 1.331026 0.1008043 1.31691 0.1004207 1.331026 0.1008043 1.330359 0.1229263 1.330359 0.1229263 1.316492 0.121397 1.31691 0.1004207 1.315906 0.1338534 1.316492 0.121397 1.330359 0.1229263 1.330359 0.1229263 1.329072 0.1411294 1.315906 0.1338534 1.010898 0.137854 1.011286 0.1306498 1.315906 0.1338534 1.010898 0.137854 1.315906 0.1338534 1.329072 0.1411294 1.024212 0.2598566 1.030364 0.2553455 1.030535 0.2865878 1.024212 0.2598566 1.030535 0.2865878 1.024359 0.2821686 1.024359 0.2821686 1.020406 0.2669771 1.024212 0.2598566 1.024359 0.2821686 1.02046 0.2750955 1.020406 0.2669771 1.030535 0.2865878 1.030364 0.2553455 1.037154 0.2552657 1.037154 0.2552657 1.03731 0.2865793 1.030535 0.2865878 1.03731 0.2865793 1.037154 0.2552657 1.043347 0.2596669 1.043347 0.2596669 1.043432 0.2821078 1.03731 0.2865793 1.043347 0.2596669 1.047266 0.2749518 1.043432 0.2821078 1.043347 0.2596669 1.047241 0.2667843 1.047266 0.2749518 1.042827 0.2438529 1.022692 0.2378903 1.039421 0.2372075 1.022692 0.2378903 1.042827 0.2438529 1.039751 0.2468841 1.039751 0.2468841 1.027522 0.2471705 1.022692 0.2378903 1.022692 0.2378903 1.027522 0.2471705 1.017333 0.254007 1.017333 0.254007 1.005452 0.2450477 1.022692 0.2378903 1.017333 0.254007 1.011669 0.2649277 1.005452 0.2450477 1.005452 0.2450477 1.011669 0.2649277 1.005892 0.2956094 1.011669 0.2649277 1.01176 0.2772732 1.005892 0.2956094 1.017575 0.288114 1.005892 0.2956094 1.01176 0.2772732 1.005892 0.2956094 1.017575 0.288114 1.023027 0.3047895 1.017575 0.288114 1.027808 0.2948108 1.023027 0.3047895 1.042416 0.2985846 1.023027 0.3047895 1.027808 0.2948108 1.039744 0.3052569 1.023027 0.3047895 1.042416 0.2985846 1.027808 0.2948108 1.040008 0.2949327 1.042416 0.2985846 1.042416 0.2985846 1.040008 0.2949327 1.050221 0.2880901 1.050221 0.2880901 1.05443 0.2921369 1.042416 0.2985846 1.05443 0.2921369 1.050221 0.2880901 1.055984 0.2770784 1.055984 0.2770784 1.064372 0.2769459 1.05443 0.2921369 1.064372 0.2769459 1.055984 0.2770784 1.055959 0.2645885 1.055959 0.2645885 1.064463 0.2632121 1.064372 0.2769459 1.054778 0.2480633 1.064463 0.2632121 1.055959 0.2645885 1.055959 0.2645885 1.050096 0.2536043 1.054778 0.2480633 1.050096 0.2536043 1.042827 0.2438529 1.054778 0.2480633 1.039751 0.2468841 1.042827 0.2438529 1.050096 0.2536043 1.422944 0.09868282 1.433108 0.1017216 1.426798 0.1121573 1.426798 0.1121573 1.419691 0.103986 1.422944 0.09868282 1.412928 0.1069798 1.419691 0.103986 1.426798 0.1121573 1.426798 0.1121573 1.414729 0.117588 1.412928 0.1069798 1.403889 0.1061948 1.412928 0.1069798 1.414729 0.117588 1.414729 0.117588 1.400614 0.1163723 1.403889 0.1061948 1.400614 0.1163723 1.399581 0.1035369 1.403889 0.1061948 1.392188 0.1112342 1.399581 0.1035369 1.400614 0.1163723 1.395036 0.09689247 1.399581 0.1035369 1.392188 0.1112342 1.384659 0.09979134 1.395036 0.09689247 1.392188 0.1112342 1.395036 0.09689247 1.384659 0.09979134 1.385267 0.08317536 1.385267 0.08317536 1.395425 0.08669495 1.395036 0.09689247 1.395425 0.08669495 1.385267 0.08317536 1.393528 0.07183247 1.393528 0.07183247 1.400626 0.07978093 1.395425 0.08669495 1.400626 0.07978093 1.393528 0.07183247 1.405021 0.07719779 1.402138 0.06688457 1.405021 0.07719779 1.393528 0.07183247 1.405021 0.07719779 1.402138 0.06688457 1.416069 0.06641465 1.416069 0.06641465 1.413595 0.07689577 1.405021 0.07719779 1.413595 0.07689577 1.416069 0.06641465 1.427745 0.07275706 1.427745 0.07275706 1.420081 0.08038979 1.413595 0.07689577 1.423209 0.08637481 1.420081 0.08038979 1.427745 0.07275706 1.427745 0.07275706 1.433511 0.0839135 1.423209 0.08637481 1.423209 0.08637481 1.433511 0.0839135 1.422944 0.09868282 1.433108 0.1017216 1.422944 0.09868282 1.433511 0.0839135 1.050221 0.2880901 1.040008 0.2949327 1.03731 0.2865793 1.03731 0.2865793 1.043432 0.2821078 1.050221 0.2880901 1.030535 0.2865878 1.03731 0.2865793 1.040008 0.2949327 1.040008 0.2949327 1.027808 0.2948108 1.030535 0.2865878 1.030535 0.2865878 1.027808 0.2948108 1.017575 0.288114 1.017575 0.288114 1.024359 0.2821686 1.030535 0.2865878 1.024359 0.2821686 1.017575 0.288114 1.02046 0.2750955 1.01176 0.2772732 1.02046 0.2750955 1.017575 0.288114 1.01176 0.2772732 1.020406 0.2669771 1.02046 0.2750955 1.011669 0.2649277 1.020406 0.2669771 1.01176 0.2772732 1.020406 0.2669771 1.011669 0.2649277 1.017333 0.254007 1.017333 0.254007 1.024212 0.2598566 1.020406 0.2669771 1.017333 0.254007 1.030364 0.2553455 1.024212 0.2598566 1.027522 0.2471705 1.030364 0.2553455 1.017333 0.254007 1.030364 0.2553455 1.027522 0.2471705 1.039751 0.2468841 1.039751 0.2468841 1.037154 0.2552657 1.030364 0.2553455 1.037154 0.2552657 1.039751 0.2468841 1.050096 0.2536043 1.050096 0.2536043 1.043347 0.2596669 1.037154 0.2552657 1.047241 0.2667843 1.043347 0.2596669 1.050096 0.2536043 1.047241 0.2667843 1.050096 0.2536043 1.055959 0.2645885 1.047241 0.2667843 1.055959 0.2645885 1.055984 0.2770784 1.055984 0.2770784 1.047266 0.2749518 1.047241 0.2667843 1.047266 0.2749518 1.055984 0.2770784 1.050221 0.2880901 1.050221 0.2880901 1.043432 0.2821078 1.047266 0.2749518 1.509232 0.4395994 1.500026 0.4870328 1.49576 0.4773142 1.49576 0.4773142 1.501643 0.4468008 1.509232 0.4395994 1.49576 0.4773142 1.500026 0.4870328 1.481683 0.4688846 1.475474 0.4744748 1.481683 0.4688846 1.500026 0.4870328 1.481683 0.4688846 1.475474 0.4744748 1.470833 0.4660344 1.470833 0.4660344 1.479239 0.4643186 1.481683 0.4688846 1.479434 0.4579069 1.479239 0.4643186 1.470833 0.4660344 1.479434 0.4579069 1.470833 0.4660344 1.471044 0.4562247 1.481657 0.4519573 1.479434 0.4579069 1.471044 0.4562247 1.481657 0.4519573 1.471044 0.4562247 1.474581 0.4471022 1.481657 0.4519573 1.474581 0.4471022 1.481983 0.4411745 1.481983 0.4411745 1.485456 0.4488083 1.481657 0.4519573 1.501643 0.4468008 1.485456 0.4488083 1.481983 0.4411745 1.509232 0.4395994 1.501643 0.4468008 1.481983 0.4411745 1.541913 0.3493664 1.542226 0.3278802 1.554373 0.3248531 1.554373 0.3248531 1.553962 0.3527342 1.541913 0.3493664 1.532848 0.2851007 1.54644 0.2779179 1.540174 0.3128773 1.552477 0.3129571 1.540174 0.3128773 1.54644 0.2779179 1.544617 0.3993992 1.531298 0.3918531 1.539428 0.3642985 1.544617 0.3993992 1.539428 0.3642985 1.551732 0.3645654 1.486064 0.3299696 1.537623 0.3210552 1.537116 0.3560588 1.537116 0.3560588 1.485835 0.3456919 1.486064 0.3299696 1.532848 0.2851007 1.537623 0.3210552 1.486064 0.3299696 1.486064 0.3299696 1.479773 0.3154885 1.532848 0.2851007 1.485835 0.3456919 1.537116 0.3560588 1.531298 0.3918531 1.531298 0.3918531 1.479129 0.3599862 1.485835 0.3456919 1.541913 0.3493664 1.537116 0.3560588 1.537623 0.3210552 1.537623 0.3210552 1.542226 0.3278802 1.541913 0.3493664 1.539428 0.3642985 1.531298 0.3918531 1.537116 0.3560588 1.540174 0.3128773 1.537623 0.3210552 1.532848 0.2851007 1.684872 0.3607374 1.553694 0.3586329 1.553962 0.3527342 1.553694 0.3586329 1.684872 0.3607374 1.681977 0.3685488 1.554269 0.3189538 1.682792 0.3128836 1.685535 0.3206308 1.685535 0.3206308 1.554373 0.3248531 1.554269 0.3189538 1.683734 0.304843 1.554269 0.3189538 1.552477 0.3129571 1.554269 0.3189538 1.683734 0.304843 1.682792 0.3128836 1.553694 0.3586329 1.681977 0.3685488 1.682756 0.3767422 1.682756 0.3767422 1.551732 0.3645654 1.553694 0.3586329 1.541913 0.3493664 1.553962 0.3527342 1.553694 0.3586329 1.553694 0.3586329 1.537116 0.3560588 1.541913 0.3493664 1.542226 0.3278802 1.554269 0.3189538 1.554373 0.3248531 1.554269 0.3189538 1.542226 0.3278802 1.537623 0.3210552 1.540174 0.3128773 1.552477 0.3129571 1.554269 0.3189538 1.554269 0.3189538 1.537623 0.3210552 1.540174 0.3128773 1.539428 0.3642985 1.553694 0.3586329 1.551732 0.3645654 1.539428 0.3642985 1.537116 0.3560588 1.553694 0.3586329 1.32076 0.8425821 1.301596 0.8503182 1.301381 0.814334 1.301381 0.814334 1.320828 0.8148049 1.32076 0.8425821 1.32069 0.7870281 1.320828 0.8148049 1.301381 0.814334 1.301381 0.814334 1.301547 0.7783496 1.32069 0.7870281 1.664099 0.6986057 1.648786 0.6828338 1.694724 0.7009302 1.694724 0.7009302 1.700523 0.7129539 1.664099 0.6986057 1.700523 0.7129539 1.699696 0.6996304 1.709868 0.7089105 1.709868 0.7089105 1.708588 0.7203118 1.700523 0.7129539 1.717725 0.7490649 1.706822 0.7442478 1.708588 0.7203118 1.708588 0.7203118 1.719967 0.7187093 1.717725 0.7490649 1.706822 0.7442478 1.705808 0.756097 1.69795 0.7498072 1.694619 0.7631086 1.69795 0.7498072 1.705808 0.756097 1.69795 0.7498072 1.690269 0.761166 1.661637 0.7566693 1.64447 0.7698209 1.661637 0.7566693 1.690269 0.761166 1.483434 0.02599161 1.679244 0.02599138 1.680223 0.07257908 1.680223 0.07257908 1.484449 0.07793349 1.483434 0.02599161 1.500537 0.1109629 1.484449 0.07793349 1.680223 0.07257908 1.500537 0.1109629 1.484373 0.09641456 1.484449 0.07793349 1.680223 0.07257908 1.681085 0.1010697 1.500537 0.1109629 1.681085 0.1010697 1.502235 0.1175832 1.500537 0.1109629 1.495427 0.1150938 1.500537 0.1109629 1.502235 0.1175832 1.484373 0.09641456 1.500537 0.1109629 1.495427 0.1150938 1.502235 0.1175832 1.681085 0.1010697 1.682335 0.1075807 1.497701 0.1459664 1.502235 0.1175832 1.682335 0.1075807 1.682335 0.1075807 1.696227 0.1349283 1.497701 0.1459664 1.687162 0.1042631 1.682335 0.1075807 1.681085 0.1010697 1.696227 0.1349283 1.682335 0.1075807 1.687162 0.1042631 1.495427 0.1150938 1.48177 0.1027936 1.484373 0.09641456 1.48177 0.1027936 1.495427 0.1150938 1.48613 0.142118 1.48613 0.142118 1.464063 0.1226149 1.48177 0.1027936 1.477894 0.09701001 1.484373 0.09641456 1.48177 0.1027936 1.484449 0.07793349 1.484373 0.09641456 1.477202 0.09540444 1.477202 0.09540444 1.478808 0.07869929 1.484449 0.07793349 1.455086 0.08315515 1.478808 0.07869929 1.477202 0.09540444 1.477202 0.09540444 1.452596 0.1059431 1.455086 0.08315515 1.478808 0.07869929 1.455086 0.08315515 1.452788 0.03039437 1.452788 0.03039437 1.476963 0.02661508 1.478808 0.07869929 1.484449 0.07793349 1.478808 0.07869929 1.476963 0.02661508 1.484449 0.07793349 1.476963 0.02661508 1.483434 0.02599161 1.687162 0.1042631 1.700437 0.1319364 1.696227 0.1349283 1.460474 0.117003 1.477894 0.09701001 1.48177 0.1027936 1.48177 0.1027936 1.464063 0.1226149 1.460474 0.117003 1.492171 0.1448457 1.48613 0.142118 1.495427 0.1150938 1.492171 0.1448457 1.495427 0.1150938 1.502235 0.1175832 1.685486 0.0267114 1.709255 0.03140276 1.686409 0.0731498 1.710172 0.07755482 1.686409 0.0731498 1.709255 0.03140276 1.686409 0.0731498 1.710172 0.07755482 1.687602 0.1025103 1.712641 0.1200532 1.687602 0.1025103 1.710172 0.07755482 1.679244 0.02599138 1.685486 0.0267114 1.686409 0.0731498 1.686409 0.0731498 1.680223 0.07257908 1.679244 0.02599138 1.681085 0.1010697 1.680223 0.07257908 1.686409 0.0731498 1.686409 0.0731498 1.687602 0.1025103 1.681085 0.1010697 1.18478 0.8449126 1.194731 0.8442029 1.211474 0.8733811 1.211474 0.8733811 1.203325 0.8746778 1.18478 0.8449126 1.194731 0.8442029 1.18478 0.8449126 1.195015 0.8141625 1.185352 0.8144066 1.195015 0.8141625 1.18478 0.8449126 1.184913 0.7836365 1.195015 0.8141625 1.185352 0.8144066 1.195015 0.8141625 1.184913 0.7836365 1.194866 0.7838516 1.20349 0.7541322 1.194866 0.7838516 1.184913 0.7836365 1.194866 0.7838516 1.20349 0.7541322 1.211725 0.7555106 1.174896 0.7904903 1.184913 0.7836365 1.185352 0.8144066 1.185352 0.8144066 1.174833 0.8143759 1.174896 0.7904903 1.18478 0.8449126 1.174817 0.8380407 1.185352 0.8144066 1.174817 0.8380407 1.174833 0.8143759 1.185352 0.8144066 1.195015 0.8141625 1.212346 0.8144535 1.194731 0.8442029 1.211474 0.8733811 1.194731 0.8442029 1.212346 0.8144535 1.212346 0.8144535 1.195015 0.8141625 1.194866 0.7838516 1.212346 0.8144535 1.194866 0.7838516 1.211725 0.7555106 1.113888 0.7540672 1.184913 0.7836365 1.174896 0.7904903 1.174896 0.7904903 1.106029 0.7627235 1.113888 0.7540672 1.174817 0.8380407 1.18478 0.8449126 1.113728 0.8745767 1.113728 0.8745767 1.105912 0.8658235 1.174817 0.8380407 1.535235 0.6558087 1.533864 0.6033199 1.536179 0.6033406 1.535235 0.6558087 1.53387 0.6557962 1.533864 0.6033199 1.535235 0.6558087 1.536179 0.6033406 1.538493 0.603403 1.538493 0.603403 1.536599 0.655845 1.535235 0.6558087 1.53387 0.6557962 1.53155 0.603341 1.533864 0.6033199 1.53387 0.6557962 1.532506 0.6558086 1.53155 0.603341 1.53155 0.603341 1.532506 0.6558086 1.531142 0.6558459 1.531142 0.6558459 1.529235 0.6034041 1.53155 0.603341 1.533858 0.6571606 1.535235 0.6558087 1.535222 0.6571736 1.533858 0.6571606 1.53387 0.6557962 1.535235 0.6558087 1.552804 0.607767 1.556593 0.6556158 1.55428 0.6555135 1.552804 0.607767 1.554167 0.607828 1.556593 0.6556158 1.551447 0.6079114 1.552804 0.607767 1.55428 0.6555135 1.55428 0.6555135 1.551978 0.6557579 1.551447 0.6079114 1.551447 0.6079114 1.551978 0.6557579 1.549671 0.6559563 1.549671 0.6559563 1.550088 0.6080281 1.551447 0.6079114 1.550088 0.6080281 1.549671 0.6559563 1.547368 0.6557171 1.547368 0.6557171 1.54873 0.6078872 1.550088 0.6080281 1.550088 0.6080281 1.55133 0.6065515 1.551447 0.6079114 1.550088 0.6080281 1.549971 0.6066686 1.55133 0.6065515 1.529363 0.5808515 1.529046 0.5418692 1.531355 0.5420426 1.531355 0.5420426 1.530724 0.5809543 1.529363 0.5808515 1.532087 0.5808955 1.530724 0.5809543 1.531355 0.5420426 1.531355 0.5420426 1.533668 0.5419438 1.532087 0.5808955 1.533452 0.5808711 1.532087 0.5808955 1.533668 0.5419438 1.533668 0.5419438 1.535982 0.5419022 1.533452 0.5808711 1.533452 0.5808711 1.535982 0.5419022 1.538272 0.5422435 1.538272 0.5422435 1.534801 0.5810724 1.533452 0.5808711 1.533452 0.5808711 1.532112 0.5822598 1.532087 0.5808955 1.533452 0.5808711 1.533476 0.582235 1.532112 0.5822598 1.551604 0.5657676 1.554597 0.5945848 1.552284 0.5945112 1.552284 0.5945112 1.550241 0.5657237 1.551604 0.5657676 1.548908 0.5660211 1.550241 0.5657237 1.552284 0.5945112 1.552284 0.5945112 1.550024 0.5950148 1.548908 0.5660211 1.547557 0.5662122 1.548908 0.5660211 1.550024 0.5950148 1.550024 0.5950148 1.547731 0.5953388 1.547557 0.5662122 1.547557 0.5662122 1.547731 0.5953388 1.545451 0.5949381 1.545451 0.5949381 1.546214 0.5659755 1.547557 0.5662122 1.547557 0.5662122 1.548717 0.5646699 1.548908 0.5660211 1.547557 0.5662122 1.547366 0.564861 1.548717 0.5646699 1.058624 0.5438554 1.058714 0.5338545 1.096458 0.5342283 1.096458 0.5342283 1.096371 0.5442334 1.058624 0.5438554 1.493602 0.5470964 1.096371 0.5442334 1.096458 0.5342283 1.096458 0.5342283 1.493685 0.5372089 1.493602 0.5470964 1.708905 0.2175016 1.600904 0.2417338 1.589953 0.221332 1.600904 0.2417338 1.708905 0.2175016 1.72408 0.2288737 1.708905 0.2175016 1.589953 0.221332 1.589188 0.202521 1.589188 0.202521 1.712675 0.2025209 1.708905 0.2175016 1.725294 0.2270595 1.708905 0.2175016 1.712675 0.2025209 1.712675 0.2025209 1.729071 0.2052873 1.725294 0.2270595 1.708917 0.1824663 1.712687 0.1974486 1.5892 0.1974486 1.5892 0.1974486 1.589966 0.1786364 1.708917 0.1824663 1.708917 0.1824663 1.589966 0.1786364 1.600917 0.1582345 1.724093 0.1710948 1.708917 0.1824663 1.600917 0.1582345 1.712687 0.1974486 1.708917 0.1824663 1.725306 0.172909 1.725306 0.172909 1.729084 0.1946818 1.712687 0.1974486 0.9781203 0.1204439 0.9781178 0.1463498 0.9757464 0.1463166 0.9757464 0.1463166 0.9757602 0.1204735 0.9781203 0.1204439 0.9781203 0.1204439 0.9757602 0.1204735 0.9716977 0.1085219 0.9693282 0.1085761 0.9716977 0.1085219 0.9757602 0.1204735 0.9106892 0.1212873 0.9757602 0.1204735 0.9757464 0.1463166 0.9106892 0.1212873 0.9693282 0.1085761 0.9757602 0.1204735 0.9757464 0.1463166 0.9103625 0.1453996 0.9106892 0.1212873 0.9103625 0.1453996 0.9757464 0.1463166 0.9693131 0.1582029 0.9040099 0.156615 0.9103625 0.1453996 0.9693131 0.1582029 0.7259815 0.1428135 0.9103625 0.1453996 0.9040099 0.156615 0.9040099 0.156615 0.7256556 0.1520179 0.7259815 0.1428135 0.9040099 0.156615 0.8986323 0.165671 0.7256556 0.1520179 0.7252467 0.1595057 0.7256556 0.1520179 0.8986323 0.165671 0.9103625 0.1453996 0.7259815 0.1428135 0.725846 0.1235988 0.725846 0.1235988 0.9106892 0.1212873 0.9103625 0.1453996 0.725846 0.1235988 0.903999 0.1100669 0.9106892 0.1212873 0.9693282 0.1085761 0.9106892 0.1212873 0.903999 0.1100669 0.903999 0.1100669 0.725846 0.1235988 0.7255334 0.1143798 0.7255334 0.1143798 0.898632 0.1010009 0.903999 0.1100669 0.898632 0.1010009 0.7255334 0.1143798 0.7251354 0.1068929 0.9757464 0.1463166 0.9716816 0.1582605 0.9693131 0.1582029 0.9781178 0.1463498 0.9716816 0.1582605 0.9757464 0.1463166 0.7794399 0.8722128 0.8229666 0.8722979 0.8146209 0.8804265 0.8146209 0.8804265 0.7876944 0.8803765 0.7794399 0.8722128 0.822904 0.8780334 0.8146209 0.8804265 0.8229666 0.8722979 0.7794137 0.8779581 0.7794399 0.8722128 0.7876944 0.8803765 0.7741962 0.9891279 0.8177098 0.9755498 0.8274281 0.9891913 0.7741962 0.9891279 0.7837486 0.9754899 0.8177098 0.9755498 0.8275191 0.9793412 0.8274281 0.9891913 0.8177098 0.9755498 0.7837486 0.9754899 0.7741962 0.9891279 0.7740352 0.9792674 0.827597 0.9609726 0.8279722 0.8923618 0.8427642 0.8941376 0.8427642 0.8941376 0.8394781 0.9751406 0.827597 0.9609726 0.8279722 0.8923618 0.8347185 0.8798431 0.8427642 0.8941376 0.8347185 0.8798431 0.8397948 0.880228 0.8427642 0.8941376 0.8394781 0.9751406 0.8290046 0.9752268 0.827597 0.9609726 0.7062074 0.8957053 0.7593735 0.8939807 0.7620293 0.9749138 0.7620293 0.9749138 0.7088268 0.976494 0.7062074 0.8957053 0.8173671 0.9612535 0.784156 0.9611956 0.8177063 0.8932351 0.7844337 0.893148 0.8177063 0.8932351 0.784156 0.9611956 0.8146209 0.8804265 0.8177063 0.8932351 0.7844337 0.893148 0.7844337 0.893148 0.7876944 0.8803765 0.8146209 0.8804265 0.7741752 0.8922266 0.7844337 0.893148 0.784156 0.9611956 0.784156 0.9611956 0.7740575 0.9608796 0.7741752 0.8922266 0.8173671 0.9612535 0.8177063 0.8932351 0.8279722 0.8923618 0.8279722 0.8923618 0.827597 0.9609726 0.8173671 0.9612535 0.7844337 0.893148 0.7741752 0.8922266 0.7794137 0.8779581 0.7794137 0.8779581 0.7876944 0.8803765 0.7844337 0.893148 0.822904 0.8780334 0.8279722 0.8923618 0.8177063 0.8932351 0.8177063 0.8932351 0.8146209 0.8804265 0.822904 0.8780334 0.784156 0.9611956 0.7837486 0.9754899 0.7740575 0.9608796 0.7837486 0.9754899 0.784156 0.9611956 0.8173671 0.9612535 0.7740575 0.9608796 0.7837486 0.9754899 0.7725303 0.9751083 0.8173671 0.9612535 0.8177098 0.9755498 0.7837486 0.9754899 0.8177098 0.9755498 0.8173671 0.9612535 0.827597 0.9609726 0.827597 0.9609726 0.8290046 0.9752268 0.8177098 0.9755498 0.7593735 0.8939807 0.7062074 0.8957053 0.7109661 0.882305 0.7109661 0.882305 0.7537669 0.8809097 0.7593735 0.8939807 0.7623594 0.8800755 0.7674418 0.8796965 0.7593735 0.8939807 0.7674418 0.8796965 0.7741752 0.8922266 0.7593735 0.8939807 0.7593735 0.8939807 0.7741752 0.8922266 0.7740575 0.9608796 0.7593735 0.8939807 0.7740575 0.9608796 0.7620293 0.9749138 0.7740575 0.9608796 0.7725303 0.9751083 0.7620293 0.9749138 0.5219727 0.2183496 0.4960687 0.218367 0.4890348 0.172866 0.4890348 0.172866 0.529009 0.172866 0.5219727 0.2183496 0.5416864 0.2183383 0.5219727 0.2183496 0.529009 0.172866 0.5291585 0.2298218 0.5219727 0.2183496 0.5416864 0.2183383 0.5416864 0.2183383 0.5416304 0.2323299 0.5291585 0.2298218 0.4763577 0.218367 0.4890348 0.172866 0.4960687 0.218367 0.4763577 0.218367 0.4960687 0.218367 0.4888805 0.229843 0.4888805 0.229843 0.4764088 0.2323575 0.4763577 0.218367 0.4890348 0.172866 0.5290071 0.1668342 0.529009 0.172866 0.4890348 0.172866 0.4890348 0.1668342 0.5290071 0.1668342 0.7227908 0.05511713 0.8956997 0.04086983 0.8978805 0.07902187 0.8978805 0.07902187 0.724388 0.08503174 0.7227908 0.05511713 0.9651014 0.08852577 0.8978805 0.07902187 0.8956997 0.04086983 0.8956997 0.04086983 0.9613405 0.02359777 0.9651014 0.08852577 0.9651014 0.08852577 0.9630356 0.08860242 0.8978805 0.07902187 0.9630356 0.08860242 0.906078 0.09071546 0.8978805 0.07902187 0.8956997 0.04086983 0.9592804 0.02376252 0.9613405 0.02359777 0.8956997 0.04086983 0.9024796 0.02830398 0.9592804 0.02376252 0.5416864 0.2183383 0.5811694 0.2261155 0.5503304 0.2293324 0.5503304 0.2293324 0.5811694 0.2261155 0.5558707 0.2363716 0.5333084 0.1688129 0.5811694 0.2261155 0.5416864 0.2183383 0.5416864 0.2183383 0.529009 0.172866 0.5333084 0.1688129 0.9693131 0.1582029 0.9680885 0.1708288 0.9102076 0.1690267 0.9102076 0.1690267 0.9040099 0.156615 0.9693131 0.1582029 0.9680885 0.1708288 0.9693131 0.1582029 0.9716816 0.1582605 0.9716816 0.1582605 0.9701878 0.1708941 0.9680885 0.1708288 0.9681151 0.0959481 0.9702151 0.09588593 0.9716977 0.1085219 0.9716977 0.1085219 0.9693282 0.1085761 0.9681151 0.0959481 0.9681151 0.0959481 0.9693282 0.1085761 0.9102141 0.09766322 0.903999 0.1100669 0.9102141 0.09766322 0.9693282 0.1085761 0.9024796 0.02830398 0.8956997 0.04086983 0.8880212 0.03365868 0.8880212 0.03365868 0.8965997 0.02275478 0.9024796 0.02830398 0.8910869 0.08707535 0.8978805 0.07902187 0.906078 0.09071546 0.906078 0.09071546 0.9008766 0.09690713 0.8910869 0.08707535 0.4847339 0.1688136 0.4890348 0.172866 0.4763577 0.218367 0.4847339 0.1688136 0.4763577 0.218367 0.4368742 0.2261496 0.4677129 0.2293597 0.4368742 0.2261496 0.4763577 0.218367 0.4677129 0.2293597 0.4621738 0.2364041 0.4368742 0.2261496 0.9060627 0.1759667 0.9102076 0.1690267 0.9630021 0.1781656 0.9680885 0.1708288 0.9630021 0.1781656 0.9102076 0.1690267 0.9680885 0.1708288 0.9650673 0.1782453 0.9630021 0.1781656 0.9650673 0.1782453 0.9680885 0.1708288 0.9701878 0.1708941 0.9702151 0.09588593 0.9681151 0.0959481 0.9651014 0.08852577 0.9630356 0.08860242 0.9651014 0.08852577 0.9681151 0.0959481 0.9102141 0.09766322 0.9630356 0.08860242 0.9681151 0.0959481 0.9630356 0.08860242 0.9102141 0.09766322 0.906078 0.09071546 0.9613405 0.02359777 0.9885938 0.02201479 0.9923544 0.08694159 0.9923544 0.08694159 0.9651014 0.08852577 0.9613405 0.02359777 0.9757464 0.1463166 0.9757602 0.1204735 0.9781203 0.1204439 0.9781203 0.1204439 0.9781178 0.1463498 0.9757464 0.1463166 0.9781203 0.1204439 0.9757602 0.1204735 0.9716977 0.1085219 0.9757602 0.1204735 0.9693282 0.1085761 0.9716977 0.1085219 0.9106892 0.1212873 0.9757602 0.1204735 0.9757464 0.1463166 0.9106892 0.1212873 0.9693282 0.1085761 0.9757602 0.1204735 0.9757464 0.1463166 0.9103625 0.1453996 0.9106892 0.1212873 0.9757464 0.1463166 0.9693131 0.1582029 0.9103625 0.1453996 0.9040099 0.156615 0.9103625 0.1453996 0.9693131 0.1582029 0.9103625 0.1453996 0.9040099 0.156615 0.7259815 0.1428135 0.7256556 0.1520179 0.7259815 0.1428135 0.9040099 0.156615 0.9040099 0.156615 0.8986323 0.165671 0.7256556 0.1520179 0.8986323 0.165671 0.7252467 0.1595057 0.7256556 0.1520179 0.9103625 0.1453996 0.7259815 0.1428135 0.725846 0.1235988 0.725846 0.1235988 0.9106892 0.1212873 0.9103625 0.1453996 0.725846 0.1235988 0.903999 0.1100669 0.9106892 0.1212873 0.903999 0.1100669 0.9693282 0.1085761 0.9106892 0.1212873 0.903999 0.1100669 0.725846 0.1235988 0.7255334 0.1143798 0.7255334 0.1143798 0.898632 0.1010009 0.903999 0.1100669 0.898632 0.1010009 0.7255334 0.1143798 0.7251354 0.1068929 0.9716816 0.1582605 0.9757464 0.1463166 0.9781178 0.1463498 0.9757464 0.1463166 0.9716816 0.1582605 0.9693131 0.1582029 0.8146209 0.8804265 0.7876944 0.8803765 0.7794399 0.8722128 0.7794399 0.8722128 0.8229666 0.8722979 0.8146209 0.8804265 0.822904 0.8780334 0.8146209 0.8804265 0.8229666 0.8722979 0.7794137 0.8779581 0.7794399 0.8722128 0.7876944 0.8803765 0.8177098 0.9755498 0.8274281 0.9891913 0.7741962 0.9891279 0.7741962 0.9891279 0.7837486 0.9754899 0.8177098 0.9755498 0.8275191 0.9793412 0.8274281 0.9891913 0.8177098 0.9755498 0.7837486 0.9754899 0.7741962 0.9891279 0.7740352 0.9792674 0.8279722 0.8923618 0.8427642 0.8941376 0.827597 0.9609726 0.8427642 0.8941376 0.8394781 0.9751406 0.827597 0.9609726 0.8347185 0.8798431 0.8427642 0.8941376 0.8279722 0.8923618 0.8397948 0.880228 0.8427642 0.8941376 0.8347185 0.8798431 0.8394781 0.9751406 0.8290046 0.9752268 0.827597 0.9609726 0.7088268 0.976494 0.7593735 0.8939807 0.7620293 0.9749138 0.7088268 0.976494 0.7062074 0.8957053 0.7593735 0.8939807 0.8173671 0.9612535 0.784156 0.9611956 0.7844337 0.893148 0.7844337 0.893148 0.8177063 0.8932351 0.8173671 0.9612535 0.8177063 0.8932351 0.7844337 0.893148 0.7876944 0.8803765 0.7876944 0.8803765 0.8146209 0.8804265 0.8177063 0.8932351 0.7844337 0.893148 0.784156 0.9611956 0.7740575 0.9608796 0.7741752 0.8922266 0.7844337 0.893148 0.7740575 0.9608796 0.827597 0.9609726 0.8173671 0.9612535 0.8177063 0.8932351 0.8177063 0.8932351 0.8279722 0.8923618 0.827597 0.9609726 0.7844337 0.893148 0.7741752 0.8922266 0.7794137 0.8779581 0.7794137 0.8779581 0.7876944 0.8803765 0.7844337 0.893148 0.822904 0.8780334 0.8279722 0.8923618 0.8177063 0.8932351 0.8177063 0.8932351 0.8146209 0.8804265 0.822904 0.8780334 0.7725303 0.9751083 0.7740575 0.9608796 0.784156 0.9611956 0.784156 0.9611956 0.7837486 0.9754899 0.7725303 0.9751083 0.7837486 0.9754899 0.784156 0.9611956 0.8177098 0.9755498 0.8173671 0.9612535 0.8177098 0.9755498 0.784156 0.9611956 0.8173671 0.9612535 0.8290046 0.9752268 0.8177098 0.9755498 0.827597 0.9609726 0.8290046 0.9752268 0.8173671 0.9612535 0.7109661 0.882305 0.7537669 0.8809097 0.7593735 0.8939807 0.7593735 0.8939807 0.7062074 0.8957053 0.7109661 0.882305 0.7674418 0.8796965 0.7741752 0.8922266 0.7593735 0.8939807 0.7623594 0.8800755 0.7674418 0.8796965 0.7593735 0.8939807 0.7740575 0.9608796 0.7593735 0.8939807 0.7741752 0.8922266 0.7593735 0.8939807 0.7740575 0.9608796 0.7620293 0.9749138 0.7740575 0.9608796 0.7725303 0.9751083 0.7620293 0.9749138 0.5219727 0.2183496 0.4960687 0.218367 0.4890348 0.172866 0.4890348 0.172866 0.529009 0.172866 0.5219727 0.2183496 0.5416864 0.2183383 0.5219727 0.2183496 0.529009 0.172866 0.5291585 0.2298218 0.5219727 0.2183496 0.5416864 0.2183383 0.5416864 0.2183383 0.5416304 0.2323299 0.5291585 0.2298218 0.4763577 0.218367 0.4890348 0.172866 0.4960687 0.218367 0.4763577 0.218367 0.4960687 0.218367 0.4888805 0.229843 0.4888805 0.229843 0.4764088 0.2323575 0.4763577 0.218367 0.5290071 0.1668342 0.4890348 0.172866 0.4890348 0.1668342 0.5290071 0.1668342 0.529009 0.172866 0.4890348 0.172866 0.7227908 0.05511713 0.8956997 0.04086983 0.8978805 0.07902187 0.8978805 0.07902187 0.724388 0.08503174 0.7227908 0.05511713 0.9651014 0.08852577 0.8978805 0.07902187 0.8956997 0.04086983 0.8956997 0.04086983 0.9613405 0.02359777 0.9651014 0.08852577 0.9651014 0.08852577 0.9630356 0.08860242 0.8978805 0.07902187 0.9630356 0.08860242 0.906078 0.09071546 0.8978805 0.07902187 0.8956997 0.04086983 0.9592804 0.02376252 0.9613405 0.02359777 0.8956997 0.04086983 0.9024796 0.02830398 0.9592804 0.02376252 0.5416864 0.2183383 0.5811694 0.2261155 0.5503304 0.2293324 0.5503304 0.2293324 0.5811694 0.2261155 0.5558707 0.2363716 0.5333084 0.1688129 0.5811694 0.2261155 0.5416864 0.2183383 0.5416864 0.2183383 0.529009 0.172866 0.5333084 0.1688129 0.9102076 0.1690267 0.9693131 0.1582029 0.9680885 0.1708288 0.9693131 0.1582029 0.9102076 0.1690267 0.9040099 0.156615 0.9680885 0.1708288 0.9693131 0.1582029 0.9716816 0.1582605 0.9716816 0.1582605 0.9701878 0.1708941 0.9680885 0.1708288 0.9716977 0.1085219 0.9693282 0.1085761 0.9681151 0.0959481 0.9681151 0.0959481 0.9702151 0.09588593 0.9716977 0.1085219 0.9681151 0.0959481 0.9693282 0.1085761 0.9102141 0.09766322 0.903999 0.1100669 0.9102141 0.09766322 0.9693282 0.1085761 0.9024796 0.02830398 0.8956997 0.04086983 0.8880212 0.03365868 0.8880212 0.03365868 0.8965997 0.02275478 0.9024796 0.02830398 0.8910869 0.08707535 0.906078 0.09071546 0.9008766 0.09690713 0.8978805 0.07902187 0.906078 0.09071546 0.8910869 0.08707535 0.4847339 0.1688136 0.4763577 0.218367 0.4368742 0.2261496 0.4677129 0.2293597 0.4368742 0.2261496 0.4763577 0.218367 0.4677129 0.2293597 0.4621738 0.2364041 0.4368742 0.2261496 0.4847339 0.1688136 0.4890348 0.172866 0.4763577 0.218367 0.9060627 0.1759667 0.9102076 0.1690267 0.9630021 0.1781656 0.9680885 0.1708288 0.9630021 0.1781656 0.9102076 0.1690267 0.9680885 0.1708288 0.9650673 0.1782453 0.9630021 0.1781656 0.9650673 0.1782453 0.9680885 0.1708288 0.9701878 0.1708941 0.9702151 0.09588593 0.9681151 0.0959481 0.9651014 0.08852577 0.9681151 0.0959481 0.9630356 0.08860242 0.9651014 0.08852577 0.9102141 0.09766322 0.9630356 0.08860242 0.9681151 0.0959481 0.906078 0.09071546 0.9630356 0.08860242 0.9102141 0.09766322 0.9613405 0.02359777 0.9885938 0.02201479 0.9923544 0.08694159 0.9923544 0.08694159 0.9651014 0.08852577 0.9613405 0.02359777 0.9781203 0.1204439 0.9781178 0.1463498 0.9757464 0.1463166 0.9757464 0.1463166 0.9757602 0.1204735 0.9781203 0.1204439 0.9781203 0.1204439 0.9757602 0.1204735 0.9716977 0.1085219 0.9693282 0.1085761 0.9716977 0.1085219 0.9757602 0.1204735 0.9106892 0.1212873 0.9757602 0.1204735 0.9757464 0.1463166 0.9106892 0.1212873 0.9693282 0.1085761 0.9757602 0.1204735 0.9757464 0.1463166 0.9103625 0.1453996 0.9106892 0.1212873 0.9757464 0.1463166 0.9693131 0.1582029 0.9103625 0.1453996 0.9040099 0.156615 0.9103625 0.1453996 0.9693131 0.1582029 0.9103625 0.1453996 0.9040099 0.156615 0.7259815 0.1428135 0.7256556 0.1520179 0.7259815 0.1428135 0.9040099 0.156615 0.9040099 0.156615 0.8986323 0.165671 0.7256556 0.1520179 0.8986323 0.165671 0.7252467 0.1595057 0.7256556 0.1520179 0.9103625 0.1453996 0.7259815 0.1428135 0.725846 0.1235988 0.725846 0.1235988 0.9106892 0.1212873 0.9103625 0.1453996 0.725846 0.1235988 0.903999 0.1100669 0.9106892 0.1212873 0.9693282 0.1085761 0.9106892 0.1212873 0.903999 0.1100669 0.903999 0.1100669 0.725846 0.1235988 0.7255334 0.1143798 0.7255334 0.1143798 0.898632 0.1010009 0.903999 0.1100669 0.898632 0.1010009 0.7255334 0.1143798 0.7251354 0.1068929 0.9757464 0.1463166 0.9716816 0.1582605 0.9693131 0.1582029 0.9716816 0.1582605 0.9757464 0.1463166 0.9781178 0.1463498 0.7794399 0.8722128 0.8229666 0.8722979 0.8146209 0.8804265 0.8146209 0.8804265 0.7876944 0.8803765 0.7794399 0.8722128 0.822904 0.8780334 0.8146209 0.8804265 0.8229666 0.8722979 0.7794137 0.8779581 0.7794399 0.8722128 0.7876944 0.8803765 0.7741962 0.9891279 0.8177098 0.9755498 0.8274281 0.9891913 0.7741962 0.9891279 0.7837486 0.9754899 0.8177098 0.9755498 0.8275191 0.9793412 0.8274281 0.9891913 0.8177098 0.9755498 0.7837486 0.9754899 0.7741962 0.9891279 0.7740352 0.9792674 0.8394781 0.9751406 0.827597 0.9609726 0.8427642 0.8941376 0.827597 0.9609726 0.8279722 0.8923618 0.8427642 0.8941376 0.8347185 0.8798431 0.8427642 0.8941376 0.8279722 0.8923618 0.8397948 0.880228 0.8427642 0.8941376 0.8347185 0.8798431 0.8394781 0.9751406 0.8290046 0.9752268 0.827597 0.9609726 0.7620293 0.9749138 0.7088268 0.976494 0.7062074 0.8957053 0.7062074 0.8957053 0.7593735 0.8939807 0.7620293 0.9749138 0.784156 0.9611956 0.7844337 0.893148 0.8177063 0.8932351 0.8177063 0.8932351 0.8173671 0.9612535 0.784156 0.9611956 0.8146209 0.8804265 0.8177063 0.8932351 0.7844337 0.893148 0.7844337 0.893148 0.7876944 0.8803765 0.8146209 0.8804265 0.7741752 0.8922266 0.7844337 0.893148 0.784156 0.9611956 0.784156 0.9611956 0.7740575 0.9608796 0.7741752 0.8922266 0.8177063 0.8932351 0.8279722 0.8923618 0.8173671 0.9612535 0.827597 0.9609726 0.8173671 0.9612535 0.8279722 0.8923618 0.7844337 0.893148 0.7741752 0.8922266 0.7794137 0.8779581 0.7794137 0.8779581 0.7876944 0.8803765 0.7844337 0.893148 0.8177063 0.8932351 0.8146209 0.8804265 0.822904 0.8780334 0.822904 0.8780334 0.8279722 0.8923618 0.8177063 0.8932351 0.7837486 0.9754899 0.7740575 0.9608796 0.784156 0.9611956 0.7837486 0.9754899 0.784156 0.9611956 0.8173671 0.9612535 0.7837486 0.9754899 0.7725303 0.9751083 0.7740575 0.9608796 0.8173671 0.9612535 0.8177098 0.9755498 0.7837486 0.9754899 0.8177098 0.9755498 0.8173671 0.9612535 0.827597 0.9609726 0.827597 0.9609726 0.8290046 0.9752268 0.8177098 0.9755498 0.7109661 0.882305 0.7537669 0.8809097 0.7593735 0.8939807 0.7593735 0.8939807 0.7062074 0.8957053 0.7109661 0.882305 0.7741752 0.8922266 0.7593735 0.8939807 0.7674418 0.8796965 0.7593735 0.8939807 0.7623594 0.8800755 0.7674418 0.8796965 0.7740575 0.9608796 0.7593735 0.8939807 0.7741752 0.8922266 0.7593735 0.8939807 0.7740575 0.9608796 0.7620293 0.9749138 0.7740575 0.9608796 0.7725303 0.9751083 0.7620293 0.9749138 0.5219727 0.2183496 0.4960687 0.218367 0.4890348 0.172866 0.4890348 0.172866 0.529009 0.172866 0.5219727 0.2183496 0.5416864 0.2183383 0.5219727 0.2183496 0.529009 0.172866 0.5291585 0.2298218 0.5219727 0.2183496 0.5416864 0.2183383 0.5416864 0.2183383 0.5416304 0.2323299 0.5291585 0.2298218 0.4763577 0.218367 0.4890348 0.172866 0.4960687 0.218367 0.4763577 0.218367 0.4960687 0.218367 0.4888805 0.229843 0.4888805 0.229843 0.4764088 0.2323575 0.4763577 0.218367 0.5290071 0.1668342 0.529009 0.172866 0.4890348 0.172866 0.4890348 0.172866 0.4890348 0.1668342 0.5290071 0.1668342 0.7227908 0.05511713 0.8956997 0.04086983 0.8978805 0.07902187 0.8978805 0.07902187 0.724388 0.08503174 0.7227908 0.05511713 0.9651014 0.08852577 0.8978805 0.07902187 0.8956997 0.04086983 0.8956997 0.04086983 0.9613405 0.02359777 0.9651014 0.08852577 0.9651014 0.08852577 0.9630356 0.08860242 0.8978805 0.07902187 0.906078 0.09071546 0.8978805 0.07902187 0.9630356 0.08860242 0.8956997 0.04086983 0.9592804 0.02376252 0.9613405 0.02359777 0.8956997 0.04086983 0.9024796 0.02830398 0.9592804 0.02376252 0.5416864 0.2183383 0.5811694 0.2261155 0.5503304 0.2293324 0.5503304 0.2293324 0.5811694 0.2261155 0.5558707 0.2363716 0.5333084 0.1688129 0.5811694 0.2261155 0.5416864 0.2183383 0.5416864 0.2183383 0.529009 0.172866 0.5333084 0.1688129 0.9693131 0.1582029 0.9102076 0.1690267 0.9040099 0.156615 0.9693131 0.1582029 0.9680885 0.1708288 0.9102076 0.1690267 0.9680885 0.1708288 0.9693131 0.1582029 0.9716816 0.1582605 0.9716816 0.1582605 0.9701878 0.1708941 0.9680885 0.1708288 0.9681151 0.0959481 0.9702151 0.09588593 0.9716977 0.1085219 0.9716977 0.1085219 0.9693282 0.1085761 0.9681151 0.0959481 0.9102141 0.09766322 0.9681151 0.0959481 0.9693282 0.1085761 0.9693282 0.1085761 0.903999 0.1100669 0.9102141 0.09766322 0.9024796 0.02830398 0.8956997 0.04086983 0.8880212 0.03365868 0.8880212 0.03365868 0.8965997 0.02275478 0.9024796 0.02830398 0.8910869 0.08707535 0.906078 0.09071546 0.9008766 0.09690713 0.8978805 0.07902187 0.906078 0.09071546 0.8910869 0.08707535 0.4847339 0.1688136 0.4763577 0.218367 0.4368742 0.2261496 0.4677129 0.2293597 0.4368742 0.2261496 0.4763577 0.218367 0.4677129 0.2293597 0.4621738 0.2364041 0.4368742 0.2261496 0.4847339 0.1688136 0.4890348 0.172866 0.4763577 0.218367 0.9060627 0.1759667 0.9102076 0.1690267 0.9630021 0.1781656 0.9680885 0.1708288 0.9630021 0.1781656 0.9102076 0.1690267 0.9680885 0.1708288 0.9650673 0.1782453 0.9630021 0.1781656 0.9650673 0.1782453 0.9680885 0.1708288 0.9701878 0.1708941 0.9702151 0.09588593 0.9681151 0.0959481 0.9651014 0.08852577 0.9630356 0.08860242 0.9651014 0.08852577 0.9681151 0.0959481 0.9102141 0.09766322 0.9630356 0.08860242 0.9681151 0.0959481 0.9630356 0.08860242 0.9102141 0.09766322 0.906078 0.09071546 0.9923544 0.08694159 0.9651014 0.08852577 0.9613405 0.02359777 0.9613405 0.02359777 0.9885938 0.02201479 0.9923544 0.08694159 0.9781203 0.1204439 0.9781178 0.1463498 0.9757464 0.1463166 0.9757464 0.1463166 0.9757602 0.1204735 0.9781203 0.1204439 0.9781203 0.1204439 0.9757602 0.1204735 0.9716977 0.1085219 0.9693282 0.1085761 0.9716977 0.1085219 0.9757602 0.1204735 0.9106892 0.1212873 0.9757602 0.1204735 0.9757464 0.1463166 0.9106892 0.1212873 0.9693282 0.1085761 0.9757602 0.1204735 0.9757464 0.1463166 0.9103625 0.1453996 0.9106892 0.1212873 0.9757464 0.1463166 0.9693131 0.1582029 0.9103625 0.1453996 0.9693131 0.1582029 0.9040099 0.156615 0.9103625 0.1453996 0.9103625 0.1453996 0.9040099 0.156615 0.7259815 0.1428135 0.7256556 0.1520179 0.7259815 0.1428135 0.9040099 0.156615 0.9040099 0.156615 0.8986323 0.165671 0.7256556 0.1520179 0.8986323 0.165671 0.7252467 0.1595057 0.7256556 0.1520179 0.725846 0.1235988 0.9106892 0.1212873 0.9103625 0.1453996 0.9103625 0.1453996 0.7259815 0.1428135 0.725846 0.1235988 0.725846 0.1235988 0.903999 0.1100669 0.9106892 0.1212873 0.9693282 0.1085761 0.9106892 0.1212873 0.903999 0.1100669 0.903999 0.1100669 0.725846 0.1235988 0.7255334 0.1143798 0.7255334 0.1143798 0.898632 0.1010009 0.903999 0.1100669 0.898632 0.1010009 0.7255334 0.1143798 0.7251354 0.1068929 0.9716816 0.1582605 0.9693131 0.1582029 0.9757464 0.1463166 0.9716816 0.1582605 0.9757464 0.1463166 0.9781178 0.1463498 0.7794399 0.8722128 0.8229666 0.8722979 0.8146209 0.8804265 0.8146209 0.8804265 0.7876944 0.8803765 0.7794399 0.8722128 0.822904 0.8780334 0.8146209 0.8804265 0.8229666 0.8722979 0.7794137 0.8779581 0.7794399 0.8722128 0.7876944 0.8803765 0.7741962 0.9891279 0.8177098 0.9755498 0.8274281 0.9891913 0.7741962 0.9891279 0.7837486 0.9754899 0.8177098 0.9755498 0.8275191 0.9793412 0.8274281 0.9891913 0.8177098 0.9755498 0.7837486 0.9754899 0.7741962 0.9891279 0.7740352 0.9792674 0.827597 0.9609726 0.8279722 0.8923618 0.8427642 0.8941376 0.8394781 0.9751406 0.827597 0.9609726 0.8427642 0.8941376 0.8427642 0.8941376 0.8279722 0.8923618 0.8347185 0.8798431 0.8347185 0.8798431 0.8397948 0.880228 0.8427642 0.8941376 0.8394781 0.9751406 0.8290046 0.9752268 0.827597 0.9609726 0.7593735 0.8939807 0.7620293 0.9749138 0.7088268 0.976494 0.7088268 0.976494 0.7062074 0.8957053 0.7593735 0.8939807 0.8173671 0.9612535 0.784156 0.9611956 0.7844337 0.893148 0.7844337 0.893148 0.8177063 0.8932351 0.8173671 0.9612535 0.8177063 0.8932351 0.7844337 0.893148 0.7876944 0.8803765 0.7876944 0.8803765 0.8146209 0.8804265 0.8177063 0.8932351 0.7844337 0.893148 0.784156 0.9611956 0.7740575 0.9608796 0.7740575 0.9608796 0.7741752 0.8922266 0.7844337 0.893148 0.827597 0.9609726 0.8173671 0.9612535 0.8177063 0.8932351 0.8177063 0.8932351 0.8279722 0.8923618 0.827597 0.9609726 0.7794137 0.8779581 0.7876944 0.8803765 0.7844337 0.893148 0.7844337 0.893148 0.7741752 0.8922266 0.7794137 0.8779581 0.8177063 0.8932351 0.8146209 0.8804265 0.822904 0.8780334 0.822904 0.8780334 0.8279722 0.8923618 0.8177063 0.8932351 0.7725303 0.9751083 0.7740575 0.9608796 0.784156 0.9611956 0.784156 0.9611956 0.7837486 0.9754899 0.7725303 0.9751083 0.8173671 0.9612535 0.8177098 0.9755498 0.784156 0.9611956 0.8177098 0.9755498 0.7837486 0.9754899 0.784156 0.9611956 0.8290046 0.9752268 0.8173671 0.9612535 0.827597 0.9609726 0.8290046 0.9752268 0.8177098 0.9755498 0.8173671 0.9612535 0.7593735 0.8939807 0.7062074 0.8957053 0.7109661 0.882305 0.7109661 0.882305 0.7537669 0.8809097 0.7593735 0.8939807 0.7741752 0.8922266 0.7593735 0.8939807 0.7674418 0.8796965 0.7593735 0.8939807 0.7623594 0.8800755 0.7674418 0.8796965 0.7740575 0.9608796 0.7593735 0.8939807 0.7741752 0.8922266 0.7593735 0.8939807 0.7740575 0.9608796 0.7620293 0.9749138 0.7740575 0.9608796 0.7725303 0.9751083 0.7620293 0.9749138 0.5219727 0.2183496 0.4960687 0.218367 0.4890348 0.172866 0.4890348 0.172866 0.529009 0.172866 0.5219727 0.2183496 0.5416864 0.2183383 0.5219727 0.2183496 0.529009 0.172866 0.5291585 0.2298218 0.5219727 0.2183496 0.5416864 0.2183383 0.5416864 0.2183383 0.5416304 0.2323299 0.5291585 0.2298218 0.4763577 0.218367 0.4890348 0.172866 0.4960687 0.218367 0.4763577 0.218367 0.4960687 0.218367 0.4888805 0.229843 0.4888805 0.229843 0.4764088 0.2323575 0.4763577 0.218367 0.4890348 0.172866 0.5290071 0.1668342 0.529009 0.172866 0.5290071 0.1668342 0.4890348 0.172866 0.4890348 0.1668342 0.7227908 0.05511713 0.8956997 0.04086983 0.8978805 0.07902187 0.8978805 0.07902187 0.724388 0.08503174 0.7227908 0.05511713 0.9651014 0.08852577 0.8978805 0.07902187 0.8956997 0.04086983 0.8956997 0.04086983 0.9613405 0.02359777 0.9651014 0.08852577 0.9651014 0.08852577 0.9630356 0.08860242 0.8978805 0.07902187 0.9630356 0.08860242 0.906078 0.09071546 0.8978805 0.07902187 0.8956997 0.04086983 0.9592804 0.02376252 0.9613405 0.02359777 0.8956997 0.04086983 0.9024796 0.02830398 0.9592804 0.02376252 0.5416864 0.2183383 0.5811694 0.2261155 0.5503304 0.2293324 0.5503304 0.2293324 0.5811694 0.2261155 0.5558707 0.2363716 0.5333084 0.1688129 0.5811694 0.2261155 0.5416864 0.2183383 0.5416864 0.2183383 0.529009 0.172866 0.5333084 0.1688129 0.9102076 0.1690267 0.9693131 0.1582029 0.9680885 0.1708288 0.9693131 0.1582029 0.9102076 0.1690267 0.9040099 0.156615 0.9680885 0.1708288 0.9693131 0.1582029 0.9716816 0.1582605 0.9716816 0.1582605 0.9701878 0.1708941 0.9680885 0.1708288 0.9681151 0.0959481 0.9702151 0.09588593 0.9716977 0.1085219 0.9716977 0.1085219 0.9693282 0.1085761 0.9681151 0.0959481 0.9681151 0.0959481 0.9693282 0.1085761 0.9102141 0.09766322 0.903999 0.1100669 0.9102141 0.09766322 0.9693282 0.1085761 0.9024796 0.02830398 0.8956997 0.04086983 0.8880212 0.03365868 0.8880212 0.03365868 0.8965997 0.02275478 0.9024796 0.02830398 0.906078 0.09071546 0.8910869 0.08707535 0.8978805 0.07902187 0.8910869 0.08707535 0.906078 0.09071546 0.9008766 0.09690713 0.4763577 0.218367 0.4847339 0.1688136 0.4890348 0.172866 0.4847339 0.1688136 0.4763577 0.218367 0.4368742 0.2261496 0.4677129 0.2293597 0.4368742 0.2261496 0.4763577 0.218367 0.4677129 0.2293597 0.4621738 0.2364041 0.4368742 0.2261496 0.9680885 0.1708288 0.9630021 0.1781656 0.9102076 0.1690267 0.9630021 0.1781656 0.9060627 0.1759667 0.9102076 0.1690267 0.9650673 0.1782453 0.9630021 0.1781656 0.9680885 0.1708288 0.9650673 0.1782453 0.9680885 0.1708288 0.9701878 0.1708941 0.9702151 0.09588593 0.9681151 0.0959481 0.9651014 0.08852577 0.9630356 0.08860242 0.9651014 0.08852577 0.9681151 0.0959481 0.9102141 0.09766322 0.9630356 0.08860242 0.9681151 0.0959481 0.9630356 0.08860242 0.9102141 0.09766322 0.906078 0.09071546 0.9613405 0.02359777 0.9885938 0.02201479 0.9923544 0.08694159 0.9923544 0.08694159 0.9651014 0.08852577 0.9613405 0.02359777 0.9781203 0.1204439 0.9781178 0.1463498 0.9757464 0.1463166 0.9757464 0.1463166 0.9757602 0.1204735 0.9781203 0.1204439 0.9781203 0.1204439 0.9757602 0.1204735 0.9716977 0.1085219 0.9693282 0.1085761 0.9716977 0.1085219 0.9757602 0.1204735 0.9106892 0.1212873 0.9757602 0.1204735 0.9757464 0.1463166 0.9106892 0.1212873 0.9693282 0.1085761 0.9757602 0.1204735 0.9757464 0.1463166 0.9103625 0.1453996 0.9106892 0.1212873 0.9103625 0.1453996 0.9757464 0.1463166 0.9693131 0.1582029 0.9040099 0.156615 0.9103625 0.1453996 0.9693131 0.1582029 0.7259815 0.1428135 0.9103625 0.1453996 0.9040099 0.156615 0.9040099 0.156615 0.7256556 0.1520179 0.7259815 0.1428135 0.9040099 0.156615 0.8986323 0.165671 0.7256556 0.1520179 0.7252467 0.1595057 0.7256556 0.1520179 0.8986323 0.165671 0.9103625 0.1453996 0.7259815 0.1428135 0.725846 0.1235988 0.725846 0.1235988 0.9106892 0.1212873 0.9103625 0.1453996 0.725846 0.1235988 0.903999 0.1100669 0.9106892 0.1212873 0.9693282 0.1085761 0.9106892 0.1212873 0.903999 0.1100669 0.725846 0.1235988 0.7255334 0.1143798 0.903999 0.1100669 0.7255334 0.1143798 0.898632 0.1010009 0.903999 0.1100669 0.7255334 0.1143798 0.7251354 0.1068929 0.898632 0.1010009 0.9757464 0.1463166 0.9716816 0.1582605 0.9693131 0.1582029 0.9757464 0.1463166 0.9781178 0.1463498 0.9716816 0.1582605 0.7794399 0.8722128 0.8229666 0.8722979 0.8146209 0.8804265 0.8146209 0.8804265 0.7876944 0.8803765 0.7794399 0.8722128 0.822904 0.8780334 0.8146209 0.8804265 0.8229666 0.8722979 0.7794137 0.8779581 0.7794399 0.8722128 0.7876944 0.8803765 0.7741962 0.9891279 0.8177098 0.9755498 0.8274281 0.9891913 0.7741962 0.9891279 0.7837486 0.9754899 0.8177098 0.9755498 0.8275191 0.9793412 0.8274281 0.9891913 0.8177098 0.9755498 0.7837486 0.9754899 0.7741962 0.9891279 0.7740352 0.9792674 0.8394781 0.9751406 0.827597 0.9609726 0.8427642 0.8941376 0.827597 0.9609726 0.8279722 0.8923618 0.8427642 0.8941376 0.8279722 0.8923618 0.8347185 0.8798431 0.8427642 0.8941376 0.8347185 0.8798431 0.8397948 0.880228 0.8427642 0.8941376 0.8394781 0.9751406 0.8290046 0.9752268 0.827597 0.9609726 0.7062074 0.8957053 0.7593735 0.8939807 0.7088268 0.976494 0.7593735 0.8939807 0.7620293 0.9749138 0.7088268 0.976494 0.7844337 0.893148 0.8177063 0.8932351 0.8173671 0.9612535 0.8173671 0.9612535 0.784156 0.9611956 0.7844337 0.893148 0.8177063 0.8932351 0.7844337 0.893148 0.7876944 0.8803765 0.7876944 0.8803765 0.8146209 0.8804265 0.8177063 0.8932351 0.784156 0.9611956 0.7740575 0.9608796 0.7844337 0.893148 0.7740575 0.9608796 0.7741752 0.8922266 0.7844337 0.893148 0.827597 0.9609726 0.8173671 0.9612535 0.8177063 0.8932351 0.8177063 0.8932351 0.8279722 0.8923618 0.827597 0.9609726 0.7794137 0.8779581 0.7876944 0.8803765 0.7844337 0.893148 0.7844337 0.893148 0.7741752 0.8922266 0.7794137 0.8779581 0.8177063 0.8932351 0.8146209 0.8804265 0.822904 0.8780334 0.822904 0.8780334 0.8279722 0.8923618 0.8177063 0.8932351 0.7725303 0.9751083 0.7740575 0.9608796 0.784156 0.9611956 0.784156 0.9611956 0.7837486 0.9754899 0.7725303 0.9751083 0.784156 0.9611956 0.8173671 0.9612535 0.8177098 0.9755498 0.8177098 0.9755498 0.7837486 0.9754899 0.784156 0.9611956 0.8173671 0.9612535 0.827597 0.9609726 0.8290046 0.9752268 0.8290046 0.9752268 0.8177098 0.9755498 0.8173671 0.9612535 0.7593735 0.8939807 0.7062074 0.8957053 0.7109661 0.882305 0.7109661 0.882305 0.7537669 0.8809097 0.7593735 0.8939807 0.7593735 0.8939807 0.7674418 0.8796965 0.7741752 0.8922266 0.7593735 0.8939807 0.7623594 0.8800755 0.7674418 0.8796965 0.7593735 0.8939807 0.7741752 0.8922266 0.7740575 0.9608796 0.7740575 0.9608796 0.7620293 0.9749138 0.7593735 0.8939807 0.7740575 0.9608796 0.7725303 0.9751083 0.7620293 0.9749138 0.4890348 0.172866 0.529009 0.172866 0.5219727 0.2183496 0.5219727 0.2183496 0.4960687 0.218367 0.4890348 0.172866 0.5416864 0.2183383 0.5219727 0.2183496 0.529009 0.172866 0.5291585 0.2298218 0.5219727 0.2183496 0.5416864 0.2183383 0.5416864 0.2183383 0.5416304 0.2323299 0.5291585 0.2298218 0.4763577 0.218367 0.4890348 0.172866 0.4960687 0.218367 0.4763577 0.218367 0.4960687 0.218367 0.4888805 0.229843 0.4888805 0.229843 0.4764088 0.2323575 0.4763577 0.218367 0.4890348 0.172866 0.5290071 0.1668342 0.529009 0.172866 0.4890348 0.172866 0.4890348 0.1668342 0.5290071 0.1668342 0.7227908 0.05511713 0.8956997 0.04086983 0.8978805 0.07902187 0.8978805 0.07902187 0.724388 0.08503174 0.7227908 0.05511713 0.9651014 0.08852577 0.8978805 0.07902187 0.8956997 0.04086983 0.8956997 0.04086983 0.9613405 0.02359777 0.9651014 0.08852577 0.9651014 0.08852577 0.9630356 0.08860242 0.8978805 0.07902187 0.9630356 0.08860242 0.906078 0.09071546 0.8978805 0.07902187 0.8956997 0.04086983 0.9592804 0.02376252 0.9613405 0.02359777 0.8956997 0.04086983 0.9024796 0.02830398 0.9592804 0.02376252 0.5416864 0.2183383 0.5811694 0.2261155 0.5503304 0.2293324 0.5503304 0.2293324 0.5811694 0.2261155 0.5558707 0.2363716 0.5333084 0.1688129 0.5811694 0.2261155 0.5416864 0.2183383 0.5416864 0.2183383 0.529009 0.172866 0.5333084 0.1688129 0.9693131 0.1582029 0.9680885 0.1708288 0.9102076 0.1690267 0.9102076 0.1690267 0.9040099 0.156615 0.9693131 0.1582029 0.9680885 0.1708288 0.9693131 0.1582029 0.9716816 0.1582605 0.9716816 0.1582605 0.9701878 0.1708941 0.9680885 0.1708288 0.9681151 0.0959481 0.9702151 0.09588593 0.9716977 0.1085219 0.9716977 0.1085219 0.9693282 0.1085761 0.9681151 0.0959481 0.9102141 0.09766322 0.9681151 0.0959481 0.9693282 0.1085761 0.903999 0.1100669 0.9102141 0.09766322 0.9693282 0.1085761 0.8880212 0.03365868 0.8965997 0.02275478 0.9024796 0.02830398 0.9024796 0.02830398 0.8956997 0.04086983 0.8880212 0.03365868 0.906078 0.09071546 0.8910869 0.08707535 0.8978805 0.07902187 0.906078 0.09071546 0.9008766 0.09690713 0.8910869 0.08707535 0.4847339 0.1688136 0.4890348 0.172866 0.4763577 0.218367 0.4847339 0.1688136 0.4763577 0.218367 0.4368742 0.2261496 0.4677129 0.2293597 0.4368742 0.2261496 0.4763577 0.218367 0.4677129 0.2293597 0.4621738 0.2364041 0.4368742 0.2261496 0.9102076 0.1690267 0.9680885 0.1708288 0.9630021 0.1781656 0.9060627 0.1759667 0.9102076 0.1690267 0.9630021 0.1781656 0.9680885 0.1708288 0.9650673 0.1782453 0.9630021 0.1781656 0.9680885 0.1708288 0.9701878 0.1708941 0.9650673 0.1782453 0.9702151 0.09588593 0.9681151 0.0959481 0.9651014 0.08852577 0.9630356 0.08860242 0.9651014 0.08852577 0.9681151 0.0959481 0.9102141 0.09766322 0.9630356 0.08860242 0.9681151 0.0959481 0.9630356 0.08860242 0.9102141 0.09766322 0.906078 0.09071546 0.9923544 0.08694159 0.9651014 0.08852577 0.9613405 0.02359777 0.9613405 0.02359777 0.9885938 0.02201479 0.9923544 0.08694159 0.9781203 0.1204439 0.9781178 0.1463498 0.9757464 0.1463166 0.9757464 0.1463166 0.9757602 0.1204735 0.9781203 0.1204439 0.9716977 0.1085219 0.9781203 0.1204439 0.9757602 0.1204735 0.9757602 0.1204735 0.9693282 0.1085761 0.9716977 0.1085219 0.9106892 0.1212873 0.9757602 0.1204735 0.9757464 0.1463166 0.9106892 0.1212873 0.9693282 0.1085761 0.9757602 0.1204735 0.9757464 0.1463166 0.9103625 0.1453996 0.9106892 0.1212873 0.9103625 0.1453996 0.9757464 0.1463166 0.9693131 0.1582029 0.9693131 0.1582029 0.9040099 0.156615 0.9103625 0.1453996 0.7259815 0.1428135 0.9103625 0.1453996 0.9040099 0.156615 0.9040099 0.156615 0.7256556 0.1520179 0.7259815 0.1428135 0.9040099 0.156615 0.8986323 0.165671 0.7256556 0.1520179 0.7252467 0.1595057 0.7256556 0.1520179 0.8986323 0.165671 0.725846 0.1235988 0.9106892 0.1212873 0.9103625 0.1453996 0.9103625 0.1453996 0.7259815 0.1428135 0.725846 0.1235988 0.725846 0.1235988 0.903999 0.1100669 0.9106892 0.1212873 0.9106892 0.1212873 0.903999 0.1100669 0.9693282 0.1085761 0.725846 0.1235988 0.7255334 0.1143798 0.903999 0.1100669 0.7255334 0.1143798 0.898632 0.1010009 0.903999 0.1100669 0.7255334 0.1143798 0.7251354 0.1068929 0.898632 0.1010009 0.9716816 0.1582605 0.9693131 0.1582029 0.9757464 0.1463166 0.9757464 0.1463166 0.9781178 0.1463498 0.9716816 0.1582605 0.7794399 0.8722128 0.8229666 0.8722979 0.8146209 0.8804265 0.8146209 0.8804265 0.7876944 0.8803765 0.7794399 0.8722128 0.822904 0.8780334 0.8146209 0.8804265 0.8229666 0.8722979 0.7794137 0.8779581 0.7794399 0.8722128 0.7876944 0.8803765 0.7741962 0.9891279 0.8177098 0.9755498 0.8274281 0.9891913 0.7741962 0.9891279 0.7837486 0.9754899 0.8177098 0.9755498 0.8275191 0.9793412 0.8274281 0.9891913 0.8177098 0.9755498 0.7837486 0.9754899 0.7741962 0.9891279 0.7740352 0.9792674 0.8394781 0.9751406 0.827597 0.9609726 0.8427642 0.8941376 0.827597 0.9609726 0.8279722 0.8923618 0.8427642 0.8941376 0.8427642 0.8941376 0.8279722 0.8923618 0.8347185 0.8798431 0.8347185 0.8798431 0.8397948 0.880228 0.8427642 0.8941376 0.8394781 0.9751406 0.8290046 0.9752268 0.827597 0.9609726 0.7062074 0.8957053 0.7593735 0.8939807 0.7620293 0.9749138 0.7620293 0.9749138 0.7088268 0.976494 0.7062074 0.8957053 0.8173671 0.9612535 0.784156 0.9611956 0.8177063 0.8932351 0.7844337 0.893148 0.8177063 0.8932351 0.784156 0.9611956 0.7844337 0.893148 0.8146209 0.8804265 0.8177063 0.8932351 0.7876944 0.8803765 0.8146209 0.8804265 0.7844337 0.893148 0.7741752 0.8922266 0.7844337 0.893148 0.784156 0.9611956 0.784156 0.9611956 0.7740575 0.9608796 0.7741752 0.8922266 0.8173671 0.9612535 0.8177063 0.8932351 0.8279722 0.8923618 0.8279722 0.8923618 0.827597 0.9609726 0.8173671 0.9612535 0.7794137 0.8779581 0.7876944 0.8803765 0.7844337 0.893148 0.7844337 0.893148 0.7741752 0.8922266 0.7794137 0.8779581 0.822904 0.8780334 0.8279722 0.8923618 0.8177063 0.8932351 0.8177063 0.8932351 0.8146209 0.8804265 0.822904 0.8780334 0.7740575 0.9608796 0.784156 0.9611956 0.7837486 0.9754899 0.7837486 0.9754899 0.784156 0.9611956 0.8173671 0.9612535 0.7725303 0.9751083 0.7740575 0.9608796 0.7837486 0.9754899 0.8173671 0.9612535 0.8177098 0.9755498 0.7837486 0.9754899 0.8177098 0.9755498 0.8173671 0.9612535 0.827597 0.9609726 0.827597 0.9609726 0.8290046 0.9752268 0.8177098 0.9755498 0.7593735 0.8939807 0.7062074 0.8957053 0.7109661 0.882305 0.7109661 0.882305 0.7537669 0.8809097 0.7593735 0.8939807 0.7674418 0.8796965 0.7741752 0.8922266 0.7593735 0.8939807 0.7593735 0.8939807 0.7623594 0.8800755 0.7674418 0.8796965 0.7593735 0.8939807 0.7741752 0.8922266 0.7740575 0.9608796 0.7740575 0.9608796 0.7620293 0.9749138 0.7593735 0.8939807 0.7740575 0.9608796 0.7725303 0.9751083 0.7620293 0.9749138 0.5219727 0.2183496 0.4960687 0.218367 0.4890348 0.172866 0.4890348 0.172866 0.529009 0.172866 0.5219727 0.2183496 0.5416864 0.2183383 0.5219727 0.2183496 0.529009 0.172866 0.5291585 0.2298218 0.5219727 0.2183496 0.5416864 0.2183383 0.5416864 0.2183383 0.5416304 0.2323299 0.5291585 0.2298218 0.4763577 0.218367 0.4890348 0.172866 0.4960687 0.218367 0.4763577 0.218367 0.4960687 0.218367 0.4888805 0.229843 0.4888805 0.229843 0.4764088 0.2323575 0.4763577 0.218367 0.4890348 0.172866 0.5290071 0.1668342 0.529009 0.172866 0.5290071 0.1668342 0.4890348 0.172866 0.4890348 0.1668342 0.7227908 0.05511713 0.8956997 0.04086983 0.8978805 0.07902187 0.8978805 0.07902187 0.724388 0.08503174 0.7227908 0.05511713 0.9651014 0.08852577 0.8978805 0.07902187 0.8956997 0.04086983 0.8956997 0.04086983 0.9613405 0.02359777 0.9651014 0.08852577 0.9651014 0.08852577 0.9630356 0.08860242 0.8978805 0.07902187 0.9630356 0.08860242 0.906078 0.09071546 0.8978805 0.07902187 0.8956997 0.04086983 0.9592804 0.02376252 0.9613405 0.02359777 0.9592804 0.02376252 0.8956997 0.04086983 0.9024796 0.02830398 0.5416864 0.2183383 0.5811694 0.2261155 0.5503304 0.2293324 0.5503304 0.2293324 0.5811694 0.2261155 0.5558707 0.2363716 0.5333084 0.1688129 0.5811694 0.2261155 0.5416864 0.2183383 0.5416864 0.2183383 0.529009 0.172866 0.5333084 0.1688129 0.9102076 0.1690267 0.9693131 0.1582029 0.9680885 0.1708288 0.9693131 0.1582029 0.9102076 0.1690267 0.9040099 0.156615 0.9680885 0.1708288 0.9693131 0.1582029 0.9716816 0.1582605 0.9716816 0.1582605 0.9701878 0.1708941 0.9680885 0.1708288 0.9681151 0.0959481 0.9702151 0.09588593 0.9716977 0.1085219 0.9716977 0.1085219 0.9693282 0.1085761 0.9681151 0.0959481 0.9681151 0.0959481 0.9693282 0.1085761 0.9102141 0.09766322 0.903999 0.1100669 0.9102141 0.09766322 0.9693282 0.1085761 0.8880212 0.03365868 0.8965997 0.02275478 0.9024796 0.02830398 0.9024796 0.02830398 0.8956997 0.04086983 0.8880212 0.03365868 0.8910869 0.08707535 0.8978805 0.07902187 0.906078 0.09071546 0.906078 0.09071546 0.9008766 0.09690713 0.8910869 0.08707535 0.4847339 0.1688136 0.4890348 0.172866 0.4763577 0.218367 0.4847339 0.1688136 0.4763577 0.218367 0.4368742 0.2261496 0.4677129 0.2293597 0.4368742 0.2261496 0.4763577 0.218367 0.4677129 0.2293597 0.4621738 0.2364041 0.4368742 0.2261496 0.9102076 0.1690267 0.9680885 0.1708288 0.9630021 0.1781656 0.9060627 0.1759667 0.9102076 0.1690267 0.9630021 0.1781656 0.9680885 0.1708288 0.9650673 0.1782453 0.9630021 0.1781656 0.9680885 0.1708288 0.9701878 0.1708941 0.9650673 0.1782453 0.9630356 0.08860242 0.9651014 0.08852577 0.9681151 0.0959481 0.9651014 0.08852577 0.9702151 0.09588593 0.9681151 0.0959481 0.9102141 0.09766322 0.9630356 0.08860242 0.9681151 0.0959481 0.9630356 0.08860242 0.9102141 0.09766322 0.906078 0.09071546 0.9613405 0.02359777 0.9885938 0.02201479 0.9923544 0.08694159 0.9923544 0.08694159 0.9651014 0.08852577 0.9613405 0.02359777 0.9781203 0.1204439 0.9781178 0.1463498 0.9757464 0.1463166 0.9757464 0.1463166 0.9757602 0.1204735 0.9781203 0.1204439 0.9716977 0.1085219 0.9781203 0.1204439 0.9757602 0.1204735 0.9757602 0.1204735 0.9693282 0.1085761 0.9716977 0.1085219 0.9106892 0.1212873 0.9757602 0.1204735 0.9757464 0.1463166 0.9693282 0.1085761 0.9757602 0.1204735 0.9106892 0.1212873 0.9757464 0.1463166 0.9103625 0.1453996 0.9106892 0.1212873 0.9757464 0.1463166 0.9693131 0.1582029 0.9103625 0.1453996 0.9040099 0.156615 0.9103625 0.1453996 0.9693131 0.1582029 0.9103625 0.1453996 0.9040099 0.156615 0.7259815 0.1428135 0.7256556 0.1520179 0.7259815 0.1428135 0.9040099 0.156615 0.9040099 0.156615 0.8986323 0.165671 0.7256556 0.1520179 0.7252467 0.1595057 0.7256556 0.1520179 0.8986323 0.165671 0.9103625 0.1453996 0.7259815 0.1428135 0.725846 0.1235988 0.725846 0.1235988 0.9106892 0.1212873 0.9103625 0.1453996 0.725846 0.1235988 0.903999 0.1100669 0.9106892 0.1212873 0.9693282 0.1085761 0.9106892 0.1212873 0.903999 0.1100669 0.725846 0.1235988 0.7255334 0.1143798 0.903999 0.1100669 0.7255334 0.1143798 0.898632 0.1010009 0.903999 0.1100669 0.7255334 0.1143798 0.7251354 0.1068929 0.898632 0.1010009 0.9757464 0.1463166 0.9716816 0.1582605 0.9693131 0.1582029 0.9716816 0.1582605 0.9757464 0.1463166 0.9781178 0.1463498 0.8146209 0.8804265 0.7876944 0.8803765 0.7794399 0.8722128 0.7794399 0.8722128 0.8229666 0.8722979 0.8146209 0.8804265 0.822904 0.8780334 0.8146209 0.8804265 0.8229666 0.8722979 0.7794137 0.8779581 0.7794399 0.8722128 0.7876944 0.8803765 0.7741962 0.9891279 0.8177098 0.9755498 0.8274281 0.9891913 0.7741962 0.9891279 0.7837486 0.9754899 0.8177098 0.9755498 0.8275191 0.9793412 0.8274281 0.9891913 0.8177098 0.9755498 0.7837486 0.9754899 0.7741962 0.9891279 0.7740352 0.9792674 0.8394781 0.9751406 0.827597 0.9609726 0.8427642 0.8941376 0.8279722 0.8923618 0.8427642 0.8941376 0.827597 0.9609726 0.8279722 0.8923618 0.8347185 0.8798431 0.8427642 0.8941376 0.8347185 0.8798431 0.8397948 0.880228 0.8427642 0.8941376 0.8394781 0.9751406 0.8290046 0.9752268 0.827597 0.9609726 0.7593735 0.8939807 0.7088268 0.976494 0.7062074 0.8957053 0.7620293 0.9749138 0.7088268 0.976494 0.7593735 0.8939807 0.7844337 0.893148 0.8177063 0.8932351 0.8173671 0.9612535 0.8173671 0.9612535 0.784156 0.9611956 0.7844337 0.893148 0.8177063 0.8932351 0.7844337 0.893148 0.7876944 0.8803765 0.7876944 0.8803765 0.8146209 0.8804265 0.8177063 0.8932351 0.784156 0.9611956 0.7740575 0.9608796 0.7844337 0.893148 0.7741752 0.8922266 0.7844337 0.893148 0.7740575 0.9608796 0.827597 0.9609726 0.8173671 0.9612535 0.8177063 0.8932351 0.8177063 0.8932351 0.8279722 0.8923618 0.827597 0.9609726 0.7844337 0.893148 0.7741752 0.8922266 0.7794137 0.8779581 0.7794137 0.8779581 0.7876944 0.8803765 0.7844337 0.893148 0.822904 0.8780334 0.8279722 0.8923618 0.8177063 0.8932351 0.8177063 0.8932351 0.8146209 0.8804265 0.822904 0.8780334 0.7725303 0.9751083 0.7740575 0.9608796 0.784156 0.9611956 0.784156 0.9611956 0.7837486 0.9754899 0.7725303 0.9751083 0.7837486 0.9754899 0.784156 0.9611956 0.8177098 0.9755498 0.784156 0.9611956 0.8173671 0.9612535 0.8177098 0.9755498 0.8177098 0.9755498 0.8173671 0.9612535 0.8290046 0.9752268 0.8173671 0.9612535 0.827597 0.9609726 0.8290046 0.9752268 0.7109661 0.882305 0.7537669 0.8809097 0.7593735 0.8939807 0.7593735 0.8939807 0.7062074 0.8957053 0.7109661 0.882305 0.7674418 0.8796965 0.7741752 0.8922266 0.7593735 0.8939807 0.7593735 0.8939807 0.7623594 0.8800755 0.7674418 0.8796965 0.7741752 0.8922266 0.7740575 0.9608796 0.7593735 0.8939807 0.7593735 0.8939807 0.7740575 0.9608796 0.7620293 0.9749138 0.7740575 0.9608796 0.7725303 0.9751083 0.7620293 0.9749138 0.5219727 0.2183496 0.4960687 0.218367 0.4890348 0.172866 0.4890348 0.172866 0.529009 0.172866 0.5219727 0.2183496 0.5416864 0.2183383 0.5219727 0.2183496 0.529009 0.172866 0.5291585 0.2298218 0.5219727 0.2183496 0.5416864 0.2183383 0.5416864 0.2183383 0.5416304 0.2323299 0.5291585 0.2298218 0.4763577 0.218367 0.4890348 0.172866 0.4960687 0.218367 0.4763577 0.218367 0.4960687 0.218367 0.4888805 0.229843 0.4888805 0.229843 0.4764088 0.2323575 0.4763577 0.218367 0.5290071 0.1668342 0.529009 0.172866 0.4890348 0.172866 0.4890348 0.172866 0.4890348 0.1668342 0.5290071 0.1668342 0.8978805 0.07902187 0.724388 0.08503174 0.7227908 0.05511713 0.7227908 0.05511713 0.8956997 0.04086983 0.8978805 0.07902187 0.9651014 0.08852577 0.8978805 0.07902187 0.8956997 0.04086983 0.8956997 0.04086983 0.9613405 0.02359777 0.9651014 0.08852577 0.9651014 0.08852577 0.9630356 0.08860242 0.8978805 0.07902187 0.906078 0.09071546 0.8978805 0.07902187 0.9630356 0.08860242 0.8956997 0.04086983 0.9592804 0.02376252 0.9613405 0.02359777 0.8956997 0.04086983 0.9024796 0.02830398 0.9592804 0.02376252 0.5416864 0.2183383 0.5811694 0.2261155 0.5503304 0.2293324 0.5503304 0.2293324 0.5811694 0.2261155 0.5558707 0.2363716 0.5333084 0.1688129 0.5811694 0.2261155 0.5416864 0.2183383 0.5416864 0.2183383 0.529009 0.172866 0.5333084 0.1688129 0.9693131 0.1582029 0.9102076 0.1690267 0.9040099 0.156615 0.9693131 0.1582029 0.9680885 0.1708288 0.9102076 0.1690267 0.9680885 0.1708288 0.9693131 0.1582029 0.9716816 0.1582605 0.9716816 0.1582605 0.9701878 0.1708941 0.9680885 0.1708288 0.9716977 0.1085219 0.9693282 0.1085761 0.9681151 0.0959481 0.9681151 0.0959481 0.9702151 0.09588593 0.9716977 0.1085219 0.9102141 0.09766322 0.9681151 0.0959481 0.9693282 0.1085761 0.9693282 0.1085761 0.903999 0.1100669 0.9102141 0.09766322 0.8880212 0.03365868 0.8965997 0.02275478 0.9024796 0.02830398 0.9024796 0.02830398 0.8956997 0.04086983 0.8880212 0.03365868 0.8910869 0.08707535 0.8978805 0.07902187 0.906078 0.09071546 0.906078 0.09071546 0.9008766 0.09690713 0.8910869 0.08707535 0.4847339 0.1688136 0.4890348 0.172866 0.4763577 0.218367 0.4763577 0.218367 0.4368742 0.2261496 0.4847339 0.1688136 0.4677129 0.2293597 0.4368742 0.2261496 0.4763577 0.218367 0.4677129 0.2293597 0.4621738 0.2364041 0.4368742 0.2261496 0.9060627 0.1759667 0.9102076 0.1690267 0.9630021 0.1781656 0.9680885 0.1708288 0.9630021 0.1781656 0.9102076 0.1690267 0.9680885 0.1708288 0.9650673 0.1782453 0.9630021 0.1781656 0.9650673 0.1782453 0.9680885 0.1708288 0.9701878 0.1708941 0.9681151 0.0959481 0.9630356 0.08860242 0.9651014 0.08852577 0.9651014 0.08852577 0.9702151 0.09588593 0.9681151 0.0959481 0.9630356 0.08860242 0.9681151 0.0959481 0.9102141 0.09766322 0.9630356 0.08860242 0.9102141 0.09766322 0.906078 0.09071546 0.9923544 0.08694159 0.9651014 0.08852577 0.9613405 0.02359777 0.9613405 0.02359777 0.9885938 0.02201479 0.9923544 0.08694159 0.9757464 0.1463166 0.9757602 0.1204735 0.9781203 0.1204439 0.9781203 0.1204439 0.9781178 0.1463498 0.9757464 0.1463166 0.9716977 0.1085219 0.9781203 0.1204439 0.9757602 0.1204735 0.9693282 0.1085761 0.9716977 0.1085219 0.9757602 0.1204735 0.9106892 0.1212873 0.9757602 0.1204735 0.9757464 0.1463166 0.9693282 0.1085761 0.9757602 0.1204735 0.9106892 0.1212873 0.9757464 0.1463166 0.9103625 0.1453996 0.9106892 0.1212873 0.9757464 0.1463166 0.9693131 0.1582029 0.9103625 0.1453996 0.9040099 0.156615 0.9103625 0.1453996 0.9693131 0.1582029 0.9103625 0.1453996 0.9040099 0.156615 0.7259815 0.1428135 0.7256556 0.1520179 0.7259815 0.1428135 0.9040099 0.156615 0.9040099 0.156615 0.8986323 0.165671 0.7256556 0.1520179 0.8986323 0.165671 0.7252467 0.1595057 0.7256556 0.1520179 0.9103625 0.1453996 0.7259815 0.1428135 0.725846 0.1235988 0.725846 0.1235988 0.9106892 0.1212873 0.9103625 0.1453996 0.903999 0.1100669 0.9106892 0.1212873 0.725846 0.1235988 0.9693282 0.1085761 0.9106892 0.1212873 0.903999 0.1100669 0.725846 0.1235988 0.7255334 0.1143798 0.903999 0.1100669 0.7255334 0.1143798 0.898632 0.1010009 0.903999 0.1100669 0.898632 0.1010009 0.7255334 0.1143798 0.7251354 0.1068929 0.9716816 0.1582605 0.9757464 0.1463166 0.9781178 0.1463498 0.9716816 0.1582605 0.9693131 0.1582029 0.9757464 0.1463166 0.8146209 0.8804265 0.7876944 0.8803765 0.7794399 0.8722128 0.7794399 0.8722128 0.8229666 0.8722979 0.8146209 0.8804265 0.822904 0.8780334 0.8146209 0.8804265 0.8229666 0.8722979 0.7794137 0.8779581 0.7794399 0.8722128 0.7876944 0.8803765 0.7741962 0.9891279 0.8177098 0.9755498 0.8274281 0.9891913 0.7741962 0.9891279 0.7837486 0.9754899 0.8177098 0.9755498 0.8275191 0.9793412 0.8274281 0.9891913 0.8177098 0.9755498 0.7837486 0.9754899 0.7741962 0.9891279 0.7740352 0.9792674 0.8394781 0.9751406 0.827597 0.9609726 0.8427642 0.8941376 0.827597 0.9609726 0.8279722 0.8923618 0.8427642 0.8941376 0.8427642 0.8941376 0.8279722 0.8923618 0.8347185 0.8798431 0.8427642 0.8941376 0.8347185 0.8798431 0.8397948 0.880228 0.8394781 0.9751406 0.8290046 0.9752268 0.827597 0.9609726 0.7620293 0.9749138 0.7088268 0.976494 0.7062074 0.8957053 0.7062074 0.8957053 0.7593735 0.8939807 0.7620293 0.9749138 0.8173671 0.9612535 0.784156 0.9611956 0.8177063 0.8932351 0.784156 0.9611956 0.7844337 0.893148 0.8177063 0.8932351 0.8177063 0.8932351 0.7844337 0.893148 0.8146209 0.8804265 0.7844337 0.893148 0.7876944 0.8803765 0.8146209 0.8804265 0.7741752 0.8922266 0.7844337 0.893148 0.784156 0.9611956 0.784156 0.9611956 0.7740575 0.9608796 0.7741752 0.8922266 0.8177063 0.8932351 0.8279722 0.8923618 0.8173671 0.9612535 0.827597 0.9609726 0.8173671 0.9612535 0.8279722 0.8923618 0.7794137 0.8779581 0.7876944 0.8803765 0.7844337 0.893148 0.7844337 0.893148 0.7741752 0.8922266 0.7794137 0.8779581 0.8177063 0.8932351 0.8146209 0.8804265 0.822904 0.8780334 0.822904 0.8780334 0.8279722 0.8923618 0.8177063 0.8932351 0.7740575 0.9608796 0.784156 0.9611956 0.7837486 0.9754899 0.7837486 0.9754899 0.784156 0.9611956 0.8173671 0.9612535 0.7837486 0.9754899 0.7725303 0.9751083 0.7740575 0.9608796 0.8173671 0.9612535 0.8177098 0.9755498 0.7837486 0.9754899 0.8177098 0.9755498 0.8173671 0.9612535 0.827597 0.9609726 0.827597 0.9609726 0.8290046 0.9752268 0.8177098 0.9755498 0.7109661 0.882305 0.7537669 0.8809097 0.7593735 0.8939807 0.7593735 0.8939807 0.7062074 0.8957053 0.7109661 0.882305 0.7593735 0.8939807 0.7674418 0.8796965 0.7741752 0.8922266 0.7593735 0.8939807 0.7623594 0.8800755 0.7674418 0.8796965 0.7593735 0.8939807 0.7741752 0.8922266 0.7740575 0.9608796 0.7593735 0.8939807 0.7740575 0.9608796 0.7620293 0.9749138 0.7740575 0.9608796 0.7725303 0.9751083 0.7620293 0.9749138 0.4890348 0.172866 0.529009 0.172866 0.5219727 0.2183496 0.5219727 0.2183496 0.4960687 0.218367 0.4890348 0.172866 0.5416864 0.2183383 0.5219727 0.2183496 0.529009 0.172866 0.5291585 0.2298218 0.5219727 0.2183496 0.5416864 0.2183383 0.5416864 0.2183383 0.5416304 0.2323299 0.5291585 0.2298218 0.4763577 0.218367 0.4890348 0.172866 0.4960687 0.218367 0.4763577 0.218367 0.4960687 0.218367 0.4888805 0.229843 0.4888805 0.229843 0.4764088 0.2323575 0.4763577 0.218367 0.5290071 0.1668342 0.4890348 0.172866 0.4890348 0.1668342 0.5290071 0.1668342 0.529009 0.172866 0.4890348 0.172866 0.8978805 0.07902187 0.724388 0.08503174 0.7227908 0.05511713 0.7227908 0.05511713 0.8956997 0.04086983 0.8978805 0.07902187 0.9651014 0.08852577 0.8978805 0.07902187 0.8956997 0.04086983 0.8956997 0.04086983 0.9613405 0.02359777 0.9651014 0.08852577 0.9651014 0.08852577 0.9630356 0.08860242 0.8978805 0.07902187 0.9630356 0.08860242 0.906078 0.09071546 0.8978805 0.07902187 0.8956997 0.04086983 0.9592804 0.02376252 0.9613405 0.02359777 0.8956997 0.04086983 0.9024796 0.02830398 0.9592804 0.02376252 0.5416864 0.2183383 0.5811694 0.2261155 0.5503304 0.2293324 0.5503304 0.2293324 0.5811694 0.2261155 0.5558707 0.2363716 0.5333084 0.1688129 0.5811694 0.2261155 0.5416864 0.2183383 0.5416864 0.2183383 0.529009 0.172866 0.5333084 0.1688129 0.9102076 0.1690267 0.9693131 0.1582029 0.9680885 0.1708288 0.9693131 0.1582029 0.9102076 0.1690267 0.9040099 0.156615 0.9680885 0.1708288 0.9693131 0.1582029 0.9716816 0.1582605 0.9716816 0.1582605 0.9701878 0.1708941 0.9680885 0.1708288 0.9716977 0.1085219 0.9693282 0.1085761 0.9681151 0.0959481 0.9681151 0.0959481 0.9702151 0.09588593 0.9716977 0.1085219 0.9102141 0.09766322 0.9681151 0.0959481 0.9693282 0.1085761 0.903999 0.1100669 0.9102141 0.09766322 0.9693282 0.1085761 0.8880212 0.03365868 0.8965997 0.02275478 0.9024796 0.02830398 0.9024796 0.02830398 0.8956997 0.04086983 0.8880212 0.03365868 0.906078 0.09071546 0.8910869 0.08707535 0.8978805 0.07902187 0.8910869 0.08707535 0.906078 0.09071546 0.9008766 0.09690713 0.4847339 0.1688136 0.4763577 0.218367 0.4368742 0.2261496 0.4677129 0.2293597 0.4368742 0.2261496 0.4763577 0.218367 0.4677129 0.2293597 0.4621738 0.2364041 0.4368742 0.2261496 0.4890348 0.172866 0.4763577 0.218367 0.4847339 0.1688136 0.9060627 0.1759667 0.9102076 0.1690267 0.9630021 0.1781656 0.9680885 0.1708288 0.9630021 0.1781656 0.9102076 0.1690267 0.9650673 0.1782453 0.9630021 0.1781656 0.9680885 0.1708288 0.9650673 0.1782453 0.9680885 0.1708288 0.9701878 0.1708941 0.9702151 0.09588593 0.9681151 0.0959481 0.9651014 0.08852577 0.9630356 0.08860242 0.9651014 0.08852577 0.9681151 0.0959481 0.9102141 0.09766322 0.9630356 0.08860242 0.9681151 0.0959481 0.9630356 0.08860242 0.9102141 0.09766322 0.906078 0.09071546 0.9923544 0.08694159 0.9651014 0.08852577 0.9613405 0.02359777 0.9613405 0.02359777 0.9885938 0.02201479 0.9923544 0.08694159 0.9591828 0.794074 0.9469837 0.7936989 0.9487465 0.6944067 0.9487465 0.6944067 0.963057 0.6952146 0.9591828 0.794074 0.9523154 0.8860658 0.9469837 0.7936989 0.9591828 0.794074 0.9469837 0.7936989 0.9523154 0.8860658 0.9437639 0.8859921 0.9523154 0.8860658 0.9591828 0.794074 0.9668387 0.794512 0.9668387 0.794512 0.9597202 0.8865596 0.9523154 0.8860658 0.9469837 0.7936989 0.9437639 0.8859921 0.9391687 0.7935788 0.9487465 0.6944067 0.9469837 0.7936989 0.9391687 0.7935788 0.9391687 0.7935788 0.9437639 0.8859921 0.9364694 0.8861442 0.9123597 0.7936085 0.9391687 0.7935788 0.9364694 0.8861442 0.9391687 0.7935788 0.9123597 0.7936085 0.91034 0.6941342 0.91034 0.6941342 0.9410501 0.694136 0.9391687 0.7935788 0.9391687 0.7935788 0.9410501 0.694136 0.9487465 0.6944067 0.9364694 0.8861442 0.9150646 0.8862147 0.9123597 0.7936085 0.9508229 0.5966247 0.9487465 0.6944067 0.9410501 0.694136 0.963057 0.6952146 0.9487465 0.6944067 0.9508229 0.5966247 0.9432429 0.5962365 0.9508229 0.5966247 0.9410501 0.694136 0.9470423 0.4721042 0.9508229 0.5966247 0.9432429 0.5962365 0.9547938 0.4714415 0.9508229 0.5966247 0.9470423 0.4721042 0.9676372 0.5945318 0.9508229 0.5966247 0.9547938 0.4714415 0.9508229 0.5966247 0.9676372 0.5945318 0.963057 0.6952146 0.9547938 0.4714415 0.9736812 0.469214 0.9676372 0.5945318 0.9564987 0.4432547 0.9736812 0.469214 0.9547938 0.4714415 0.9735846 0.4391004 0.9736812 0.469214 0.9564987 0.4432547 0.9735846 0.4391004 0.9564987 0.4432547 0.9552981 0.4357317 0.9491646 0.443325 0.9552981 0.4357317 0.9564987 0.4432547 0.9491646 0.443325 0.9547938 0.4714415 0.9470423 0.4721042 0.9491646 0.443325 0.9564987 0.4432547 0.9547938 0.4714415 0.9552981 0.4357317 0.9733555 0.4317693 0.9735846 0.4391004 0.9836541 0.4367888 0.9735846 0.4391004 0.9733555 0.4317693 0.9733555 0.4317693 0.9834234 0.4295002 0.9836541 0.4367888 0.9735846 0.4391004 0.9847012 0.4628545 0.9736812 0.469214 0.9836541 0.4367888 0.9847012 0.4628545 0.9735846 0.4391004 0.9676372 0.5945318 0.9736812 0.469214 0.9809391 0.4727616 0.9809391 0.4727616 0.9752632 0.5952321 0.9676372 0.5945318 0.9676372 0.5945318 0.9752632 0.5952321 0.963057 0.6952146 0.9707069 0.6957503 0.963057 0.6952146 0.9752632 0.5952321 0.9383556 0.4429856 0.9491646 0.443325 0.9470423 0.4721042 0.9383556 0.4429856 0.9386386 0.4353227 0.9491646 0.443325 0.9386386 0.4353227 0.9497556 0.435138 0.9491646 0.443325 0.9386386 0.4353227 0.9377173 0.4170036 0.9497556 0.435138 0.9377173 0.4170036 0.948288 0.4163209 0.9497556 0.435138 0.947409 0.4058207 0.948288 0.4163209 0.9377173 0.4170036 0.9377173 0.4170036 0.9333211 0.406057 0.947409 0.4058207 0.947409 0.4058207 0.9333211 0.406057 0.9429715 0.3363166 0.947409 0.4058207 0.9429715 0.3363166 0.9508591 0.3366437 0.951313 0.2853675 0.9508591 0.3366437 0.9429715 0.3363166 0.9508591 0.3366437 0.951313 0.2853675 0.963249 0.2880185 0.963249 0.2880185 0.9631014 0.3381132 0.9508591 0.3366437 0.9548119 0.4066123 0.9508591 0.3366437 0.9631014 0.3381132 0.9508591 0.3366437 0.9548119 0.4066123 0.947409 0.4058207 0.9631014 0.3381132 0.9813175 0.4092186 0.9548119 0.4066123 0.9429715 0.3363166 0.9436584 0.2848197 0.951313 0.2853675 0.9135757 0.2843706 0.9436584 0.2848197 0.9429715 0.3363166 0.9135757 0.2843706 0.9429715 0.3363166 0.9126827 0.3358733 0.9429715 0.3363166 0.9333211 0.406057 0.9126827 0.3358733 0.9436584 0.2848197 0.9135757 0.2843706 0.9110678 0.2298833 0.9110678 0.2298833 0.9478337 0.2304363 0.9436584 0.2848197 0.9059088 0.2846963 0.9135757 0.2843706 0.9126827 0.3358733 0.9126827 0.3358733 0.9047898 0.3359757 0.9059088 0.2846963 0.9047898 0.3359757 0.893897 0.2869845 0.9059088 0.2846963 0.893897 0.2869845 0.9047898 0.3359757 0.8925083 0.3370778 0.9059088 0.2846963 0.893897 0.2869845 0.885956 0.2612131 0.9059088 0.2846963 0.885956 0.2612131 0.9036332 0.2303292 0.9135757 0.2843706 0.9059088 0.2846963 0.9036332 0.2303292 0.9036332 0.2303292 0.9110678 0.2298833 0.9135757 0.2843706 0.89875 0.405819 0.8925083 0.3370778 0.9047898 0.3359757 0.8925083 0.3370778 0.89875 0.405819 0.8721841 0.4076282 0.9436584 0.2848197 0.9478337 0.2304363 0.9552597 0.2310993 0.9552597 0.2310993 0.951313 0.2853675 0.9436584 0.2848197 0.9061579 0.4052442 0.9047898 0.3359757 0.9126827 0.3358733 0.9047898 0.3359757 0.9061579 0.4052442 0.89875 0.405819 0.9202111 0.4058697 0.9061579 0.4052442 0.9126827 0.3358733 0.9061579 0.4052442 0.9202111 0.4058697 0.9155049 0.4167379 0.9061579 0.4052442 0.9155049 0.4167379 0.9049757 0.4157516 0.9049757 0.4157516 0.9155049 0.4167379 0.9029977 0.43457 0.9029977 0.43457 0.9155049 0.4167379 0.9140873 0.4350741 0.9029977 0.43457 0.9140873 0.4350741 0.9035542 0.4428272 0.9035542 0.4428272 0.9140873 0.4350741 0.914251 0.4428526 0.9035542 0.4428272 0.914251 0.4428526 0.904264 0.4718459 0.9035542 0.4428272 0.904264 0.4718459 0.8965521 0.471057 0.8965521 0.471057 0.8962001 0.4424182 0.9035542 0.4428272 0.8962001 0.4424182 0.8965521 0.471057 0.8777295 0.4683393 0.8777295 0.4683393 0.8792456 0.4374467 0.8962001 0.4424182 0.8836126 0.5944324 0.8777295 0.4683393 0.8965521 0.471057 0.8965521 0.471057 0.9004954 0.5965561 0.8836126 0.5944324 0.9004954 0.5965561 0.8965521 0.471057 0.904264 0.4718459 0.9035542 0.4428272 0.8962001 0.4424182 0.8978058 0.4349159 0.8978058 0.4349159 0.8962001 0.4424182 0.8792456 0.4374467 0.8792456 0.4374467 0.8777295 0.4683393 0.8669262 0.46073 0.8669262 0.46073 0.8692291 0.4346484 0.8792456 0.4374467 0.8798288 0.4301189 0.8792456 0.4374467 0.8692291 0.4346484 0.8792456 0.4374467 0.8798288 0.4301189 0.8978058 0.4349159 0.8692291 0.4346484 0.8698025 0.4273646 0.8798288 0.4301189 0.904264 0.4718459 0.9081373 0.596192 0.9004954 0.5965561 0.9004954 0.5965561 0.9081373 0.596192 0.91034 0.6941342 0.91034 0.6941342 0.9025803 0.6944072 0.9004954 0.5965561 0.8836126 0.5944324 0.8706448 0.4729661 0.8777295 0.4683393 0.8836126 0.5944324 0.8759179 0.595027 0.8706448 0.4729661 0.8706448 0.4729661 0.8759179 0.595027 0.8413308 0.5973125 0.8413308 0.5973125 0.8293099 0.4757233 0.8706448 0.4729661 0.8759179 0.595027 0.8836126 0.5944324 0.8882075 0.6952357 0.8882075 0.6952357 0.8836126 0.5944324 0.9004954 0.5965561 0.9004954 0.5965561 0.9025803 0.6944072 0.8882075 0.6952357 0.8925337 0.7941762 0.8882075 0.6952357 0.9025803 0.6944072 0.9025803 0.6944072 0.904629 0.793778 0.8925337 0.7941762 0.8882075 0.6952357 0.8805016 0.6958467 0.8759179 0.595027 0.8925337 0.7941762 0.8805016 0.6958467 0.8882075 0.6952357 0.9081373 0.596192 0.9410501 0.694136 0.91034 0.6941342 0.9081373 0.596192 0.9432429 0.5962365 0.9410501 0.694136 0.9322566 0.5047992 0.9432429 0.5962365 0.9081373 0.596192 0.9081373 0.596192 0.9191935 0.5047761 0.9322566 0.5047992 0.9191935 0.5047761 0.9081373 0.596192 0.904264 0.4718459 0.904264 0.4718459 0.9148207 0.4715948 0.9191935 0.5047761 0.9432429 0.5962365 0.9322566 0.5047992 0.9470423 0.4721042 0.9322566 0.5047992 0.9366174 0.4716243 0.9470423 0.4721042 0.9383556 0.4429856 0.9470423 0.4721042 0.9366174 0.4716243 0.9148207 0.4715948 0.904264 0.4718459 0.914251 0.4428526 0.8849824 0.7946744 0.8805016 0.6958467 0.8925337 0.7941762 0.8500823 0.6979383 0.8805016 0.6958467 0.8849824 0.7946744 0.8849824 0.7946744 0.8588418 0.7969159 0.8500823 0.6979383 0.8588418 0.7969159 0.8849824 0.7946744 0.8704024 0.8889305 0.8918261 0.886631 0.8704024 0.8889305 0.8849824 0.7946744 0.8992391 0.8862692 0.8918261 0.886631 0.8849824 0.7946744 0.8849824 0.7946744 0.8925337 0.7941762 0.8992391 0.8862692 0.8992391 0.8862692 0.8925337 0.7941762 0.904629 0.793778 0.9077727 0.8862209 0.8992391 0.8862692 0.904629 0.793778 0.9057738 0.968789 0.8992391 0.8862692 0.9077727 0.8862209 0.8918261 0.886631 0.8992391 0.8862692 0.9057738 0.968789 0.9110864 0.9683552 0.9057738 0.968789 0.9077727 0.8862209 0.9070089 0.9755031 0.9057738 0.968789 0.9110864 0.9683552 0.9070089 0.9755031 0.9009003 0.9747769 0.9057738 0.968789 0.9112685 0.9752181 0.9070089 0.9755031 0.9110864 0.9683552 0.9078085 0.991747 0.9070089 0.9755031 0.9112685 0.9752181 0.9009003 0.9747769 0.9070089 0.9755031 0.9078085 0.991747 0.9112685 0.9752181 0.9128811 0.9913621 0.9078085 0.991747 0.9112685 0.9752181 0.9110864 0.9683552 0.9167436 0.9736287 0.9078085 0.991747 0.9012182 0.9919701 0.9009003 0.9747769 0.9189912 0.9906434 0.9128811 0.9913621 0.9112685 0.9752181 0.9112685 0.9752181 0.9167436 0.9736287 0.9189912 0.9906434 0.9176992 0.9679915 0.9110864 0.9683552 0.9077727 0.8862209 0.9077727 0.8862209 0.9150646 0.8862147 0.9176992 0.9679915 0.9150646 0.8862147 0.9338831 0.9682539 0.9176992 0.9679915 0.9150646 0.8862147 0.9364694 0.8861442 0.9338831 0.9682539 0.9338831 0.9682539 0.9364694 0.8861442 0.9437639 0.8859921 0.9437639 0.8859921 0.940237 0.9676687 0.9338831 0.9682539 0.9383276 0.9740473 0.9338831 0.9682539 0.940237 0.9676687 0.9444538 0.9747379 0.9383276 0.9740473 0.940237 0.9676687 0.940237 0.9676687 0.944422 0.9680901 0.9444538 0.9747379 0.944422 0.9680901 0.940237 0.9676687 0.9437639 0.8859921 0.9444538 0.9747379 0.944422 0.9680901 0.9506315 0.9700433 0.944422 0.9680901 0.9437639 0.8859921 0.9523154 0.8860658 0.944422 0.9680901 0.9523154 0.8860658 0.9597202 0.8865596 0.9597202 0.8865596 0.9506315 0.9700433 0.944422 0.9680901 0.9150646 0.8862147 0.9077727 0.8862209 0.9123597 0.7936085 0.904629 0.793778 0.9123597 0.7936085 0.9077727 0.8862209 0.9025803 0.6944072 0.9123597 0.7936085 0.904629 0.793778 0.9123597 0.7936085 0.9025803 0.6944072 0.91034 0.6941342 0.9325432 0.4215363 0.9326123 0.4356214 0.9200329 0.4355429 0.9200329 0.4355429 0.9205298 0.4213938 0.9325432 0.4215363 0.9310426 0.4141098 0.9325432 0.4215363 0.9205298 0.4213938 0.9205298 0.4213938 0.9222289 0.413977 0.9310426 0.4141098 0.9200329 0.4355429 0.9326123 0.4356214 0.9323853 0.4426036 0.9323853 0.4426036 0.9200016 0.4426027 0.9200329 0.4355429 0.9200016 0.4426027 0.9323853 0.4426036 0.9314052 0.4708293 0.9314052 0.4708293 0.9203045 0.4708464 0.9200016 0.4426027 0.9314052 0.4708293 0.9290871 0.4916451 0.9203045 0.4708464 0.9203045 0.4708464 0.9290871 0.4916451 0.9224628 0.4916451 0.8158267 0.2776464 0.8454278 0.3294362 0.8154292 0.3291696 0.8158267 0.2776464 0.8459444 0.277913 0.8454278 0.3294362 0.8459444 0.277913 0.8158267 0.2776464 0.8143378 0.2499154 0.8143378 0.2499154 0.8479235 0.2502123 0.8459444 0.277913 0.8154292 0.3291696 0.8454278 0.3294362 0.8504143 0.4041426 0.8154292 0.3291696 0.8504143 0.4041426 0.8091171 0.4037756 0.8530004 0.3286088 0.8454278 0.3294362 0.8459444 0.277913 0.8459444 0.277913 0.8535765 0.278163 0.8530004 0.3286088 0.8158267 0.2776464 0.8154292 0.3291696 0.8078722 0.328208 0.8078722 0.328208 0.8081916 0.277761 0.8158267 0.2776464 0.8154292 0.3291696 0.8091171 0.4037756 0.8018026 0.4009165 0.8018026 0.4009165 0.8078722 0.328208 0.8154292 0.3291696 0.8018026 0.4009165 0.8091171 0.4037756 0.800837 0.4135293 0.8091171 0.4037756 0.8092788 0.41261 0.800837 0.4135293 0.8092788 0.41261 0.8091171 0.4037756 0.8504143 0.4041426 0.8577787 0.4014146 0.8504143 0.4041426 0.8454278 0.3294362 0.8454278 0.3294362 0.8530004 0.3286088 0.8577787 0.4014146 0.8504143 0.4041426 0.8577787 0.4014146 0.8585191 0.4140445 0.8585191 0.4140445 0.8500949 0.412973 0.8504143 0.4041426 0.8504143 0.4041426 0.8500949 0.412973 0.8092788 0.41261 0.8497144 0.2246696 0.8479235 0.2502123 0.8143378 0.2499154 0.8479235 0.2502123 0.8497144 0.2246696 0.8570104 0.2265412 0.8570104 0.2265412 0.8554586 0.2516035 0.8479235 0.2502123 0.8459444 0.277913 0.8479235 0.2502123 0.8554586 0.2516035 0.8554586 0.2516035 0.8535765 0.278163 0.8459444 0.277913 0.8143378 0.2499154 0.8129979 0.2243459 0.8497144 0.2246696 0.80567 0.2260883 0.8129979 0.2243459 0.8143378 0.2499154 0.80567 0.2260883 0.8143378 0.2499154 0.8067795 0.2511733 0.8067795 0.2511733 0.8158267 0.2776464 0.8081916 0.277761 0.8067795 0.2511733 0.8143378 0.2499154 0.8158267 0.2776464 0.9719811 0.2625102 0.9552597 0.2310993 0.985437 0.2409272 0.9552597 0.2310993 0.9719811 0.2625102 0.951313 0.2853675 0.9719811 0.2625102 0.963249 0.2880185 0.951313 0.2853675 0.9126827 0.3358733 0.9333211 0.406057 0.9202111 0.4058697 0.9222289 0.413977 0.9202111 0.4058697 0.9333211 0.406057 0.9333211 0.406057 0.9310426 0.4141098 0.9222289 0.413977 0.9377173 0.4170036 0.9325432 0.4215363 0.9310426 0.4141098 0.9310426 0.4141098 0.9333211 0.406057 0.9377173 0.4170036 0.9325432 0.4215363 0.9377173 0.4170036 0.9386386 0.4353227 0.9386386 0.4353227 0.9326123 0.4356214 0.9325432 0.4215363 0.9386386 0.4353227 0.9323853 0.4426036 0.9326123 0.4356214 0.9383556 0.4429856 0.9323853 0.4426036 0.9386386 0.4353227 0.9323853 0.4426036 0.9383556 0.4429856 0.9366174 0.4716243 0.9366174 0.4716243 0.9314052 0.4708293 0.9323853 0.4426036 0.9322566 0.5047992 0.9290871 0.4916451 0.9366174 0.4716243 0.9290871 0.4916451 0.9314052 0.4708293 0.9366174 0.4716243 0.9322566 0.5047992 0.9191935 0.5047761 0.9224628 0.4916451 0.9224628 0.4916451 0.9290871 0.4916451 0.9322566 0.5047992 0.9224628 0.4916451 0.9191935 0.5047761 0.9148207 0.4715948 0.9148207 0.4715948 0.9203045 0.4708464 0.9224628 0.4916451 0.914251 0.4428526 0.9200016 0.4426027 0.9148207 0.4715948 0.9200016 0.4426027 0.9203045 0.4708464 0.9148207 0.4715948 0.9200016 0.4426027 0.914251 0.4428526 0.9140873 0.4350741 0.9140873 0.4350741 0.9200329 0.4355429 0.9200016 0.4426027 0.9155049 0.4167379 0.9205298 0.4213938 0.9140873 0.4350741 0.9205298 0.4213938 0.9200329 0.4355429 0.9140873 0.4350741 0.9155049 0.4167379 0.9222289 0.413977 0.9205298 0.4213938 0.9202111 0.4058697 0.9222289 0.413977 0.9155049 0.4167379 0.8500823 0.6979383 0.8413308 0.5973125 0.8759179 0.595027 0.8759179 0.595027 0.8805016 0.6958467 0.8500823 0.6979383 0.9591828 0.794074 0.963057 0.6952146 0.9707069 0.6957503 0.9707069 0.6957503 0.9668387 0.794512 0.9591828 0.794074 0.8988402 0.9695799 0.8704024 0.8889305 0.8918261 0.886631 0.8988402 0.9695799 0.8821539 0.9715117 0.8704024 0.8889305 0.9057738 0.968789 0.8988402 0.9695799 0.8918261 0.886631 0.8731698 0.2392261 0.9036332 0.2303292 0.885956 0.2612131 0.5824047 0.5338176 0.5765192 0.513522 0.5820433 0.513613 0.5824047 0.5338176 0.5754908 0.5337036 0.5765192 0.513522 0.5824565 0.5074371 0.5820433 0.513613 0.5765192 0.513522 0.5867735 0.5113525 0.5820433 0.513613 0.5824565 0.5074371 0.5765192 0.513522 0.5763105 0.5073361 0.5824565 0.5074371 0.5824565 0.5074371 0.5763105 0.5073361 0.5758066 0.4144703 0.5824565 0.5074371 0.5758066 0.4144703 0.5859962 0.4146371 0.5718661 0.5111064 0.5763105 0.5073361 0.5765192 0.513522 0.5874613 0.5329869 0.5820433 0.513613 0.5867735 0.5113525 0.5874613 0.5329869 0.5824047 0.5338176 0.5820433 0.513613 0.570464 0.5327064 0.5718661 0.5111064 0.5765192 0.513522 0.5765192 0.513522 0.5754908 0.5337036 0.570464 0.5327064 0.5763105 0.5073361 0.5711117 0.4161308 0.5758066 0.4144703 0.5763105 0.5073361 0.5710876 0.5084952 0.5711117 0.4161308 0.5710876 0.5084952 0.5295367 0.4400546 0.5711117 0.4161308 0.5295367 0.4400546 0.5710876 0.5084952 0.5525264 0.5192004 0.5824565 0.5074371 0.5859962 0.4146371 0.5906346 0.4164504 0.5906346 0.4164504 0.5876389 0.5087662 0.5824565 0.5074371 0.5876389 0.5087662 0.5906346 0.4164504 0.631405 0.4417203 0.631405 0.4417203 0.6058406 0.5200725 0.5876389 0.5087662 0.9591828 0.794074 0.9469837 0.7936989 0.9487465 0.6944067 0.9487465 0.6944067 0.963057 0.6952146 0.9591828 0.794074 0.9523154 0.8860658 0.9469837 0.7936989 0.9591828 0.794074 0.9523154 0.8860658 0.9437639 0.8859921 0.9469837 0.7936989 0.9597202 0.8865596 0.9523154 0.8860658 0.9591828 0.794074 0.9591828 0.794074 0.9668387 0.794512 0.9597202 0.8865596 0.9437639 0.8859921 0.9391687 0.7935788 0.9469837 0.7936989 0.9437639 0.8859921 0.9364694 0.8861442 0.9391687 0.7935788 0.9391687 0.7935788 0.9364694 0.8861442 0.9150646 0.8862147 0.9123597 0.7936085 0.9391687 0.7935788 0.9150646 0.8862147 0.9391687 0.7935788 0.9123597 0.7936085 0.91034 0.6941342 0.91034 0.6941342 0.9410501 0.694136 0.9391687 0.7935788 0.9469837 0.7936989 0.9410501 0.694136 0.9487465 0.6944067 0.9469837 0.7936989 0.9391687 0.7935788 0.9410501 0.694136 0.9487465 0.6944067 0.9410501 0.694136 0.9508229 0.5966247 0.963057 0.6952146 0.9487465 0.6944067 0.9508229 0.5966247 0.9432429 0.5962365 0.9508229 0.5966247 0.9410501 0.694136 0.9508229 0.5966247 0.9432429 0.5962365 0.9470423 0.4721042 0.9508229 0.5966247 0.9470423 0.4721042 0.9547938 0.4714415 0.9676372 0.5945318 0.9508229 0.5966247 0.9547938 0.4714415 0.9508229 0.5966247 0.9676372 0.5945318 0.963057 0.6952146 0.9676372 0.5945318 0.9547938 0.4714415 0.9736812 0.469214 0.9736812 0.469214 0.9547938 0.4714415 0.9564987 0.4432547 0.9736812 0.469214 0.9564987 0.4432547 0.9735846 0.4391004 0.9733555 0.4317693 0.9735846 0.4391004 0.9564987 0.4432547 0.9834234 0.4295002 0.9735846 0.4391004 0.9733555 0.4317693 0.9836541 0.4367888 0.9735846 0.4391004 0.9834234 0.4295002 0.9733555 0.4317693 0.9564987 0.4432547 0.9552981 0.4357317 0.9491646 0.443325 0.9552981 0.4357317 0.9564987 0.4432547 0.9547938 0.4714415 0.9491646 0.443325 0.9564987 0.4432547 0.9547938 0.4714415 0.9470423 0.4721042 0.9491646 0.443325 0.9847012 0.4628545 0.9735846 0.4391004 0.9836541 0.4367888 0.9735846 0.4391004 0.9847012 0.4628545 0.9736812 0.469214 0.9676372 0.5945318 0.9736812 0.469214 0.9809391 0.4727616 0.9809391 0.4727616 0.9752632 0.5952321 0.9676372 0.5945318 0.963057 0.6952146 0.9676372 0.5945318 0.9752632 0.5952321 0.9707069 0.6957503 0.963057 0.6952146 0.9752632 0.5952321 0.9470423 0.4721042 0.9383556 0.4429856 0.9491646 0.443325 0.9383556 0.4429856 0.9470423 0.4721042 0.9366174 0.4716243 0.9366174 0.4716243 0.9470423 0.4721042 0.9322566 0.5047992 0.9432429 0.5962365 0.9322566 0.5047992 0.9470423 0.4721042 0.9432429 0.5962365 0.9191935 0.5047761 0.9322566 0.5047992 0.9191935 0.5047761 0.9432429 0.5962365 0.9081373 0.596192 0.904264 0.4718459 0.9191935 0.5047761 0.9081373 0.596192 0.904264 0.4718459 0.9081373 0.596192 0.9004954 0.5965561 0.9004954 0.5965561 0.9081373 0.596192 0.91034 0.6941342 0.91034 0.6941342 0.9025803 0.6944072 0.9004954 0.5965561 0.9004954 0.5965561 0.8965521 0.471057 0.904264 0.4718459 0.8965521 0.471057 0.9004954 0.5965561 0.8836126 0.5944324 0.8777295 0.4683393 0.8965521 0.471057 0.8836126 0.5944324 0.8962001 0.4424182 0.8965521 0.471057 0.8777295 0.4683393 0.8792456 0.4374467 0.8962001 0.4424182 0.8777295 0.4683393 0.8965521 0.471057 0.8962001 0.4424182 0.9035542 0.4428272 0.9035542 0.4428272 0.904264 0.4718459 0.8965521 0.471057 0.9035542 0.4428272 0.8962001 0.4424182 0.8978058 0.4349159 0.8792456 0.4374467 0.8777295 0.4683393 0.8669262 0.46073 0.8669262 0.46073 0.8692291 0.4346484 0.8792456 0.4374467 0.8792456 0.4374467 0.8692291 0.4346484 0.8698025 0.4273646 0.8698025 0.4273646 0.8798288 0.4301189 0.8792456 0.4374467 0.8798288 0.4301189 0.8978058 0.4349159 0.8962001 0.4424182 0.8962001 0.4424182 0.8792456 0.4374467 0.8798288 0.4301189 0.8836126 0.5944324 0.8706448 0.4729661 0.8777295 0.4683393 0.8706448 0.4729661 0.8836126 0.5944324 0.8759179 0.595027 0.8759179 0.595027 0.8413308 0.5973125 0.8706448 0.4729661 0.8413308 0.5973125 0.8293099 0.4757233 0.8706448 0.4729661 0.8759179 0.595027 0.8836126 0.5944324 0.8882075 0.6952357 0.8882075 0.6952357 0.8805016 0.6958467 0.8759179 0.595027 0.8882075 0.6952357 0.8836126 0.5944324 0.9004954 0.5965561 0.9004954 0.5965561 0.9025803 0.6944072 0.8882075 0.6952357 0.8882075 0.6952357 0.9025803 0.6944072 0.904629 0.793778 0.8882075 0.6952357 0.904629 0.793778 0.8925337 0.7941762 0.8500823 0.6979383 0.8413308 0.5973125 0.8759179 0.595027 0.8759179 0.595027 0.8805016 0.6958467 0.8500823 0.6979383 0.8500823 0.6979383 0.8805016 0.6958467 0.8849824 0.7946744 0.8882075 0.6952357 0.8925337 0.7941762 0.8849824 0.7946744 0.8849824 0.7946744 0.8805016 0.6958467 0.8882075 0.6952357 0.8849824 0.7946744 0.8588418 0.7969159 0.8500823 0.6979383 0.8588418 0.7969159 0.8849824 0.7946744 0.8918261 0.886631 0.8918261 0.886631 0.8849824 0.7946744 0.8925337 0.7941762 0.8918261 0.886631 0.8704024 0.8889305 0.8588418 0.7969159 0.8925337 0.7941762 0.8992391 0.8862692 0.8918261 0.886631 0.8925337 0.7941762 0.904629 0.793778 0.8992391 0.8862692 0.904629 0.793778 0.9025803 0.6944072 0.91034 0.6941342 0.91034 0.6941342 0.9123597 0.7936085 0.904629 0.793778 0.9077727 0.8862209 0.8992391 0.8862692 0.904629 0.793778 0.904629 0.793778 0.9123597 0.7936085 0.9077727 0.8862209 0.8992391 0.8862692 0.9077727 0.8862209 0.9057738 0.968789 0.9110864 0.9683552 0.9057738 0.968789 0.9077727 0.8862209 0.9070089 0.9755031 0.9057738 0.968789 0.9110864 0.9683552 0.9070089 0.9755031 0.9009003 0.9747769 0.9057738 0.968789 0.9112685 0.9752181 0.9070089 0.9755031 0.9110864 0.9683552 0.9078085 0.991747 0.9070089 0.9755031 0.9112685 0.9752181 0.9009003 0.9747769 0.9070089 0.9755031 0.9078085 0.991747 0.9112685 0.9752181 0.9128811 0.9913621 0.9078085 0.991747 0.9112685 0.9752181 0.9110864 0.9683552 0.9167436 0.9736287 0.9128811 0.9913621 0.9112685 0.9752181 0.9167436 0.9736287 0.9078085 0.991747 0.9012182 0.9919701 0.9009003 0.9747769 0.9167436 0.9736287 0.9189912 0.9906434 0.9128811 0.9913621 0.9077727 0.8862209 0.9150646 0.8862147 0.9110864 0.9683552 0.9123597 0.7936085 0.9150646 0.8862147 0.9077727 0.8862209 0.9150646 0.8862147 0.9176992 0.9679915 0.9110864 0.9683552 0.9176992 0.9679915 0.9150646 0.8862147 0.9364694 0.8861442 0.9364694 0.8861442 0.9338831 0.9682539 0.9176992 0.9679915 0.9364694 0.8861442 0.940237 0.9676687 0.9338831 0.9682539 0.9383276 0.9740473 0.9338831 0.9682539 0.940237 0.9676687 0.9444538 0.9747379 0.9383276 0.9740473 0.940237 0.9676687 0.940237 0.9676687 0.944422 0.9680901 0.9444538 0.9747379 0.9444538 0.9747379 0.944422 0.9680901 0.9506315 0.9700433 0.9437639 0.8859921 0.944422 0.9680901 0.940237 0.9676687 0.940237 0.9676687 0.9364694 0.8861442 0.9437639 0.8859921 0.944422 0.9680901 0.9437639 0.8859921 0.9523154 0.8860658 0.9523154 0.8860658 0.9506315 0.9700433 0.944422 0.9680901 0.9506315 0.9700433 0.9523154 0.8860658 0.9597202 0.8865596 0.9325432 0.4215363 0.9326123 0.4356214 0.9200329 0.4355429 0.9200329 0.4355429 0.9205298 0.4213938 0.9325432 0.4215363 0.9310426 0.4141098 0.9325432 0.4215363 0.9205298 0.4213938 0.9205298 0.4213938 0.9222289 0.413977 0.9310426 0.4141098 0.9326123 0.4356214 0.9200016 0.4426027 0.9200329 0.4355429 0.9326123 0.4356214 0.9323853 0.4426036 0.9200016 0.4426027 0.9200016 0.4426027 0.9323853 0.4426036 0.9314052 0.4708293 0.9314052 0.4708293 0.9203045 0.4708464 0.9200016 0.4426027 0.9290871 0.4916451 0.9203045 0.4708464 0.9314052 0.4708293 0.9203045 0.4708464 0.9290871 0.4916451 0.9224628 0.4916451 0.9436584 0.2848197 0.9429715 0.3363166 0.9126827 0.3358733 0.9126827 0.3358733 0.9135757 0.2843706 0.9436584 0.2848197 0.9478337 0.2304363 0.9436584 0.2848197 0.9135757 0.2843706 0.9135757 0.2843706 0.9110678 0.2298833 0.9478337 0.2304363 0.9135757 0.2843706 0.9126827 0.3358733 0.9047898 0.3359757 0.9047898 0.3359757 0.9059088 0.2846963 0.9135757 0.2843706 0.9110678 0.2298833 0.9135757 0.2843706 0.9059088 0.2846963 0.9047898 0.3359757 0.893897 0.2869845 0.9059088 0.2846963 0.893897 0.2869845 0.9047898 0.3359757 0.8925083 0.3370778 0.9059088 0.2846963 0.893897 0.2869845 0.885956 0.2612131 0.885956 0.2612131 0.9036332 0.2303292 0.9059088 0.2846963 0.9059088 0.2846963 0.9036332 0.2303292 0.9110678 0.2298833 0.89875 0.405819 0.8925083 0.3370778 0.9047898 0.3359757 0.89875 0.405819 0.9047898 0.3359757 0.9126827 0.3358733 0.8925083 0.3370778 0.89875 0.405819 0.8721841 0.4076282 0.9436584 0.2848197 0.9508591 0.3366437 0.9429715 0.3363166 0.9436584 0.2848197 0.951313 0.2853675 0.9508591 0.3366437 0.9478337 0.2304363 0.951313 0.2853675 0.9436584 0.2848197 0.951313 0.2853675 0.963249 0.2880185 0.9508591 0.3366437 0.963249 0.2880185 0.9631014 0.3381132 0.9508591 0.3366437 0.9508591 0.3366437 0.9631014 0.3381132 0.9548119 0.4066123 0.9631014 0.3381132 0.9813175 0.4092186 0.9548119 0.4066123 0.9552597 0.2310993 0.951313 0.2853675 0.9478337 0.2304363 0.9429715 0.3363166 0.9508591 0.3366437 0.9548119 0.4066123 0.9429715 0.3363166 0.9548119 0.4066123 0.947409 0.4058207 0.947409 0.4058207 0.9333211 0.406057 0.9429715 0.3363166 0.9377173 0.4170036 0.9333211 0.406057 0.947409 0.4058207 0.947409 0.4058207 0.948288 0.4163209 0.9377173 0.4170036 0.9377173 0.4170036 0.948288 0.4163209 0.9497556 0.435138 0.9386386 0.4353227 0.9377173 0.4170036 0.9497556 0.435138 0.9383556 0.4429856 0.9386386 0.4353227 0.9497556 0.435138 0.9497556 0.435138 0.9491646 0.443325 0.9383556 0.4429856 0.9429715 0.3363166 0.9333211 0.406057 0.9126827 0.3358733 0.9126827 0.3358733 0.9333211 0.406057 0.9202111 0.4058697 0.9202111 0.4058697 0.9061579 0.4052442 0.9126827 0.3358733 0.9126827 0.3358733 0.9061579 0.4052442 0.89875 0.405819 0.9061579 0.4052442 0.9202111 0.4058697 0.9155049 0.4167379 0.9061579 0.4052442 0.9155049 0.4167379 0.9049757 0.4157516 0.9049757 0.4157516 0.9155049 0.4167379 0.9029977 0.43457 0.9029977 0.43457 0.9155049 0.4167379 0.9140873 0.4350741 0.9140873 0.4350741 0.9035542 0.4428272 0.9029977 0.43457 0.9140873 0.4350741 0.914251 0.4428526 0.9035542 0.4428272 0.9035542 0.4428272 0.914251 0.4428526 0.9148207 0.4715948 0.9148207 0.4715948 0.904264 0.4718459 0.9035542 0.4428272 0.904264 0.4718459 0.9148207 0.4715948 0.9191935 0.5047761 0.8459444 0.277913 0.8454278 0.3294362 0.8154292 0.3291696 0.8154292 0.3291696 0.8158267 0.2776464 0.8459444 0.277913 0.8459444 0.277913 0.8158267 0.2776464 0.8143378 0.2499154 0.8143378 0.2499154 0.8479235 0.2502123 0.8459444 0.277913 0.8091171 0.4037756 0.8154292 0.3291696 0.8454278 0.3294362 0.8454278 0.3294362 0.8504143 0.4041426 0.8091171 0.4037756 0.8454278 0.3294362 0.8459444 0.277913 0.8535765 0.278163 0.8535765 0.278163 0.8530004 0.3286088 0.8454278 0.3294362 0.8504143 0.4041426 0.8454278 0.3294362 0.8530004 0.3286088 0.8081916 0.277761 0.8158267 0.2776464 0.8154292 0.3291696 0.8081916 0.277761 0.8154292 0.3291696 0.8078722 0.328208 0.8078722 0.328208 0.8154292 0.3291696 0.8091171 0.4037756 0.8091171 0.4037756 0.8018026 0.4009165 0.8078722 0.328208 0.8018026 0.4009165 0.8091171 0.4037756 0.800837 0.4135293 0.800837 0.4135293 0.8091171 0.4037756 0.8092788 0.41261 0.8530004 0.3286088 0.8577787 0.4014146 0.8504143 0.4041426 0.8504143 0.4041426 0.8577787 0.4014146 0.8585191 0.4140445 0.8585191 0.4140445 0.8500949 0.412973 0.8504143 0.4041426 0.8091171 0.4037756 0.8504143 0.4041426 0.8500949 0.412973 0.8500949 0.412973 0.8092788 0.41261 0.8091171 0.4037756 0.8497144 0.2246696 0.8479235 0.2502123 0.8143378 0.2499154 0.8479235 0.2502123 0.8497144 0.2246696 0.8570104 0.2265412 0.8570104 0.2265412 0.8554586 0.2516035 0.8479235 0.2502123 0.8459444 0.277913 0.8479235 0.2502123 0.8554586 0.2516035 0.8554586 0.2516035 0.8535765 0.278163 0.8459444 0.277913 0.8143378 0.2499154 0.8129979 0.2243459 0.8497144 0.2246696 0.80567 0.2260883 0.8129979 0.2243459 0.8143378 0.2499154 0.80567 0.2260883 0.8143378 0.2499154 0.8067795 0.2511733 0.8067795 0.2511733 0.8158267 0.2776464 0.8081916 0.277761 0.8067795 0.2511733 0.8143378 0.2499154 0.8158267 0.2776464 0.9719811 0.2625102 0.9552597 0.2310993 0.985437 0.2409272 0.9552597 0.2310993 0.9719811 0.2625102 0.951313 0.2853675 0.9719811 0.2625102 0.963249 0.2880185 0.951313 0.2853675 0.9333211 0.406057 0.9310426 0.4141098 0.9222289 0.413977 0.9222289 0.413977 0.9202111 0.4058697 0.9333211 0.406057 0.9310426 0.4141098 0.9333211 0.406057 0.9377173 0.4170036 0.9377173 0.4170036 0.9325432 0.4215363 0.9310426 0.4141098 0.9377173 0.4170036 0.9386386 0.4353227 0.9326123 0.4356214 0.9326123 0.4356214 0.9325432 0.4215363 0.9377173 0.4170036 0.9383556 0.4429856 0.9323853 0.4426036 0.9326123 0.4356214 0.9326123 0.4356214 0.9386386 0.4353227 0.9383556 0.4429856 0.9366174 0.4716243 0.9314052 0.4708293 0.9323853 0.4426036 0.9323853 0.4426036 0.9383556 0.4429856 0.9366174 0.4716243 0.9314052 0.4708293 0.9366174 0.4716243 0.9290871 0.4916451 0.9322566 0.5047992 0.9290871 0.4916451 0.9366174 0.4716243 0.9290871 0.4916451 0.9322566 0.5047992 0.9191935 0.5047761 0.9191935 0.5047761 0.9224628 0.4916451 0.9290871 0.4916451 0.9224628 0.4916451 0.9191935 0.5047761 0.9148207 0.4715948 0.9148207 0.4715948 0.9203045 0.4708464 0.9224628 0.4916451 0.9148207 0.4715948 0.914251 0.4428526 0.9200016 0.4426027 0.9200016 0.4426027 0.9203045 0.4708464 0.9148207 0.4715948 0.9140873 0.4350741 0.9200329 0.4355429 0.9200016 0.4426027 0.9200016 0.4426027 0.914251 0.4428526 0.9140873 0.4350741 0.9155049 0.4167379 0.9205298 0.4213938 0.9200329 0.4355429 0.9200329 0.4355429 0.9140873 0.4350741 0.9155049 0.4167379 0.9202111 0.4058697 0.9222289 0.413977 0.9155049 0.4167379 0.9222289 0.413977 0.9205298 0.4213938 0.9155049 0.4167379 0.9410501 0.694136 0.9081373 0.596192 0.9432429 0.5962365 0.9081373 0.596192 0.9410501 0.694136 0.91034 0.6941342 0.9707069 0.6957503 0.9668387 0.794512 0.9591828 0.794074 0.9591828 0.794074 0.963057 0.6952146 0.9707069 0.6957503 0.8704024 0.8889305 0.8988402 0.9695799 0.8821539 0.9715117 0.8988402 0.9695799 0.8704024 0.8889305 0.8918261 0.886631 0.8988402 0.9695799 0.8918261 0.886631 0.8992391 0.8862692 0.8992391 0.8862692 0.9057738 0.968789 0.8988402 0.9695799 0.8731698 0.2392261 0.9036332 0.2303292 0.885956 0.2612131 0.5765192 0.513522 0.5820433 0.513613 0.5824047 0.5338176 0.5824047 0.5338176 0.5754908 0.5337036 0.5765192 0.513522 0.5824565 0.5074371 0.5820433 0.513613 0.5765192 0.513522 0.5867735 0.5113525 0.5820433 0.513613 0.5824565 0.5074371 0.5824047 0.5338176 0.5820433 0.513613 0.5867735 0.5113525 0.5765192 0.513522 0.5763105 0.5073361 0.5824565 0.5074371 0.5859962 0.4146371 0.5824565 0.5074371 0.5763105 0.5073361 0.5763105 0.5073361 0.5758066 0.4144703 0.5859962 0.4146371 0.5718661 0.5111064 0.5763105 0.5073361 0.5765192 0.513522 0.5754908 0.5337036 0.5718661 0.5111064 0.5765192 0.513522 0.5867735 0.5113525 0.5874613 0.5329869 0.5824047 0.5338176 0.570464 0.5327064 0.5718661 0.5111064 0.5754908 0.5337036 0.5711117 0.4161308 0.5758066 0.4144703 0.5763105 0.5073361 0.5711117 0.4161308 0.5763105 0.5073361 0.5710876 0.5084952 0.5710876 0.5084952 0.5295367 0.4400546 0.5711117 0.4161308 0.5295367 0.4400546 0.5710876 0.5084952 0.5525264 0.5192004 0.5824565 0.5074371 0.5859962 0.4146371 0.5906346 0.4164504 0.5906346 0.4164504 0.5876389 0.5087662 0.5824565 0.5074371 0.5876389 0.5087662 0.5906346 0.4164504 0.631405 0.4417203 0.631405 0.4417203 0.6058406 0.5200725 0.5876389 0.5087662 0.9591828 0.794074 0.9469837 0.7936989 0.963057 0.6952146 0.9487465 0.6944067 0.963057 0.6952146 0.9469837 0.7936989 0.9591828 0.794074 0.9523154 0.8860658 0.9469837 0.7936989 0.9469837 0.7936989 0.9523154 0.8860658 0.9437639 0.8859921 0.9591828 0.794074 0.9597202 0.8865596 0.9523154 0.8860658 0.9668387 0.794512 0.9597202 0.8865596 0.9591828 0.794074 0.9668387 0.794512 0.9591828 0.794074 0.963057 0.6952146 0.9391687 0.7935788 0.9469837 0.7936989 0.9437639 0.8859921 0.9437639 0.8859921 0.9364694 0.8861442 0.9391687 0.7935788 0.9123597 0.7936085 0.9391687 0.7935788 0.9364694 0.8861442 0.9391687 0.7935788 0.9123597 0.7936085 0.9410501 0.694136 0.9410501 0.694136 0.9469837 0.7936989 0.9391687 0.7935788 0.9469837 0.7936989 0.9410501 0.694136 0.9487465 0.6944067 0.9123597 0.7936085 0.91034 0.6941342 0.9410501 0.694136 0.9364694 0.8861442 0.9150646 0.8862147 0.9123597 0.7936085 0.9487465 0.6944067 0.9410501 0.694136 0.9508229 0.5966247 0.963057 0.6952146 0.9487465 0.6944067 0.9508229 0.5966247 0.9410501 0.694136 0.9432429 0.5962365 0.9508229 0.5966247 0.9432429 0.5962365 0.9410501 0.694136 0.91034 0.6941342 0.9508229 0.5966247 0.9432429 0.5962365 0.9470423 0.4721042 0.9470423 0.4721042 0.9547938 0.4714415 0.9508229 0.5966247 0.9547938 0.4714415 0.9676372 0.5945318 0.9508229 0.5966247 0.9676372 0.5945318 0.9547938 0.4714415 0.9736812 0.469214 0.9736812 0.469214 0.9547938 0.4714415 0.9564987 0.4432547 0.9564987 0.4432547 0.9735846 0.4391004 0.9736812 0.469214 0.9733555 0.4317693 0.9735846 0.4391004 0.9564987 0.4432547 0.9733555 0.4317693 0.9834234 0.4295002 0.9735846 0.4391004 0.9834234 0.4295002 0.9836541 0.4367888 0.9735846 0.4391004 0.9733555 0.4317693 0.9564987 0.4432547 0.9552981 0.4357317 0.9491646 0.443325 0.9552981 0.4357317 0.9564987 0.4432547 0.9491646 0.443325 0.9564987 0.4432547 0.9547938 0.4714415 0.9547938 0.4714415 0.9470423 0.4721042 0.9491646 0.443325 0.9735846 0.4391004 0.9847012 0.4628545 0.9736812 0.469214 0.9735846 0.4391004 0.9836541 0.4367888 0.9847012 0.4628545 0.9676372 0.5945318 0.9736812 0.469214 0.9809391 0.4727616 0.9809391 0.4727616 0.9752632 0.5952321 0.9676372 0.5945318 0.963057 0.6952146 0.9676372 0.5945318 0.9752632 0.5952321 0.9752632 0.5952321 0.9707069 0.6957503 0.963057 0.6952146 0.9491646 0.443325 0.9470423 0.4721042 0.9366174 0.4716243 0.9322566 0.5047992 0.9366174 0.4716243 0.9470423 0.4721042 0.9432429 0.5962365 0.9322566 0.5047992 0.9470423 0.4721042 0.9322566 0.5047992 0.9432429 0.5962365 0.9081373 0.596192 0.9081373 0.596192 0.9191935 0.5047761 0.9322566 0.5047992 0.9191935 0.5047761 0.9081373 0.596192 0.904264 0.4718459 0.904264 0.4718459 0.9081373 0.596192 0.9004954 0.5965561 0.9004954 0.5965561 0.9081373 0.596192 0.91034 0.6941342 0.91034 0.6941342 0.9081373 0.596192 0.9432429 0.5962365 0.91034 0.6941342 0.9025803 0.6944072 0.9004954 0.5965561 0.9004954 0.5965561 0.8965521 0.471057 0.904264 0.4718459 0.9004954 0.5965561 0.8836126 0.5944324 0.8965521 0.471057 0.8777295 0.4683393 0.8965521 0.471057 0.8836126 0.5944324 0.8965521 0.471057 0.8777295 0.4683393 0.8962001 0.4424182 0.8777295 0.4683393 0.8792456 0.4374467 0.8962001 0.4424182 0.8965521 0.471057 0.8962001 0.4424182 0.9035542 0.4428272 0.9035542 0.4428272 0.904264 0.4718459 0.8965521 0.471057 0.9035542 0.4428272 0.8962001 0.4424182 0.8978058 0.4349159 0.8792456 0.4374467 0.8777295 0.4683393 0.8669262 0.46073 0.8669262 0.46073 0.8692291 0.4346484 0.8792456 0.4374467 0.8792456 0.4374467 0.8692291 0.4346484 0.8698025 0.4273646 0.8698025 0.4273646 0.8798288 0.4301189 0.8792456 0.4374467 0.8798288 0.4301189 0.8978058 0.4349159 0.8962001 0.4424182 0.8962001 0.4424182 0.8792456 0.4374467 0.8798288 0.4301189 0.8836126 0.5944324 0.8706448 0.4729661 0.8777295 0.4683393 0.8706448 0.4729661 0.8836126 0.5944324 0.8759179 0.595027 0.8293099 0.4757233 0.8706448 0.4729661 0.8759179 0.595027 0.8759179 0.595027 0.8413308 0.5973125 0.8293099 0.4757233 0.8759179 0.595027 0.8836126 0.5944324 0.8882075 0.6952357 0.8882075 0.6952357 0.8805016 0.6958467 0.8759179 0.595027 0.8805016 0.6958467 0.8413308 0.5973125 0.8759179 0.595027 0.8882075 0.6952357 0.8836126 0.5944324 0.9004954 0.5965561 0.9004954 0.5965561 0.9025803 0.6944072 0.8882075 0.6952357 0.8925337 0.7941762 0.8882075 0.6952357 0.9025803 0.6944072 0.8805016 0.6958467 0.8882075 0.6952357 0.8925337 0.7941762 0.9025803 0.6944072 0.904629 0.793778 0.8925337 0.7941762 0.8413308 0.5973125 0.8805016 0.6958467 0.8500823 0.6979383 0.8500823 0.6979383 0.8805016 0.6958467 0.8588418 0.7969159 0.8805016 0.6958467 0.8849824 0.7946744 0.8588418 0.7969159 0.8925337 0.7941762 0.8849824 0.7946744 0.8805016 0.6958467 0.8588418 0.7969159 0.8849824 0.7946744 0.8704024 0.8889305 0.8849824 0.7946744 0.8918261 0.886631 0.8704024 0.8889305 0.8849824 0.7946744 0.8925337 0.7941762 0.8918261 0.886631 0.8925337 0.7941762 0.8992391 0.8862692 0.8918261 0.886631 0.8992391 0.8862692 0.8925337 0.7941762 0.904629 0.793778 0.904629 0.793778 0.9025803 0.6944072 0.91034 0.6941342 0.91034 0.6941342 0.9123597 0.7936085 0.904629 0.793778 0.904629 0.793778 0.9077727 0.8862209 0.8992391 0.8862692 0.9077727 0.8862209 0.904629 0.793778 0.9123597 0.7936085 0.9057738 0.968789 0.8992391 0.8862692 0.9077727 0.8862209 0.9077727 0.8862209 0.9110864 0.9683552 0.9057738 0.968789 0.9070089 0.9755031 0.9057738 0.968789 0.9110864 0.9683552 0.9070089 0.9755031 0.9009003 0.9747769 0.9057738 0.968789 0.9112685 0.9752181 0.9070089 0.9755031 0.9110864 0.9683552 0.9078085 0.991747 0.9070089 0.9755031 0.9112685 0.9752181 0.9009003 0.9747769 0.9070089 0.9755031 0.9078085 0.991747 0.9112685 0.9752181 0.9128811 0.9913621 0.9078085 0.991747 0.9112685 0.9752181 0.9110864 0.9683552 0.9167436 0.9736287 0.9078085 0.991747 0.9012182 0.9919701 0.9009003 0.9747769 0.9112685 0.9752181 0.9189912 0.9906434 0.9128811 0.9913621 0.9189912 0.9906434 0.9112685 0.9752181 0.9167436 0.9736287 0.9110864 0.9683552 0.9077727 0.8862209 0.9150646 0.8862147 0.9123597 0.7936085 0.9150646 0.8862147 0.9077727 0.8862209 0.9150646 0.8862147 0.9176992 0.9679915 0.9110864 0.9683552 0.9150646 0.8862147 0.9338831 0.9682539 0.9176992 0.9679915 0.9338831 0.9682539 0.9150646 0.8862147 0.9364694 0.8861442 0.9364694 0.8861442 0.940237 0.9676687 0.9338831 0.9682539 0.9383276 0.9740473 0.9338831 0.9682539 0.940237 0.9676687 0.9444538 0.9747379 0.9383276 0.9740473 0.940237 0.9676687 0.940237 0.9676687 0.944422 0.9680901 0.9444538 0.9747379 0.9444538 0.9747379 0.944422 0.9680901 0.9506315 0.9700433 0.944422 0.9680901 0.940237 0.9676687 0.9437639 0.8859921 0.940237 0.9676687 0.9364694 0.8861442 0.9437639 0.8859921 0.9437639 0.8859921 0.9523154 0.8860658 0.944422 0.9680901 0.9506315 0.9700433 0.944422 0.9680901 0.9523154 0.8860658 0.9523154 0.8860658 0.9597202 0.8865596 0.9506315 0.9700433 0.9205298 0.4213938 0.9325432 0.4215363 0.9326123 0.4356214 0.9326123 0.4356214 0.9200329 0.4355429 0.9205298 0.4213938 0.9310426 0.4141098 0.9325432 0.4215363 0.9205298 0.4213938 0.9205298 0.4213938 0.9222289 0.413977 0.9310426 0.4141098 0.9200329 0.4355429 0.9326123 0.4356214 0.9323853 0.4426036 0.9323853 0.4426036 0.9200016 0.4426027 0.9200329 0.4355429 0.9203045 0.4708464 0.9200016 0.4426027 0.9323853 0.4426036 0.9314052 0.4708293 0.9203045 0.4708464 0.9323853 0.4426036 0.9224628 0.4916451 0.9203045 0.4708464 0.9314052 0.4708293 0.9314052 0.4708293 0.9290871 0.4916451 0.9224628 0.4916451 0.9436584 0.2848197 0.9429715 0.3363166 0.9126827 0.3358733 0.9126827 0.3358733 0.9135757 0.2843706 0.9436584 0.2848197 0.9478337 0.2304363 0.9436584 0.2848197 0.9135757 0.2843706 0.9135757 0.2843706 0.9110678 0.2298833 0.9478337 0.2304363 0.9135757 0.2843706 0.9126827 0.3358733 0.9047898 0.3359757 0.9047898 0.3359757 0.9059088 0.2846963 0.9135757 0.2843706 0.9110678 0.2298833 0.9135757 0.2843706 0.9059088 0.2846963 0.893897 0.2869845 0.9059088 0.2846963 0.9047898 0.3359757 0.893897 0.2869845 0.9047898 0.3359757 0.8925083 0.3370778 0.885956 0.2612131 0.9059088 0.2846963 0.893897 0.2869845 0.9059088 0.2846963 0.885956 0.2612131 0.9036332 0.2303292 0.9059088 0.2846963 0.9036332 0.2303292 0.9110678 0.2298833 0.8925083 0.3370778 0.9047898 0.3359757 0.89875 0.405819 0.89875 0.405819 0.9047898 0.3359757 0.9126827 0.3358733 0.8925083 0.3370778 0.89875 0.405819 0.8721841 0.4076282 0.9436584 0.2848197 0.9508591 0.3366437 0.9429715 0.3363166 0.9436584 0.2848197 0.951313 0.2853675 0.9508591 0.3366437 0.9478337 0.2304363 0.951313 0.2853675 0.9436584 0.2848197 0.951313 0.2853675 0.963249 0.2880185 0.9508591 0.3366437 0.9631014 0.3381132 0.9508591 0.3366437 0.963249 0.2880185 0.9508591 0.3366437 0.9631014 0.3381132 0.9548119 0.4066123 0.9813175 0.4092186 0.9548119 0.4066123 0.9631014 0.3381132 0.9552597 0.2310993 0.951313 0.2853675 0.9478337 0.2304363 0.9429715 0.3363166 0.9508591 0.3366437 0.9548119 0.4066123 0.9429715 0.3363166 0.9548119 0.4066123 0.947409 0.4058207 0.947409 0.4058207 0.9333211 0.406057 0.9429715 0.3363166 0.9377173 0.4170036 0.9333211 0.406057 0.947409 0.4058207 0.947409 0.4058207 0.948288 0.4163209 0.9377173 0.4170036 0.9377173 0.4170036 0.948288 0.4163209 0.9497556 0.435138 0.9386386 0.4353227 0.9377173 0.4170036 0.9497556 0.435138 0.9386386 0.4353227 0.9497556 0.435138 0.9491646 0.443325 0.9491646 0.443325 0.9383556 0.4429856 0.9386386 0.4353227 0.9366174 0.4716243 0.9383556 0.4429856 0.9491646 0.443325 0.9429715 0.3363166 0.9333211 0.406057 0.9126827 0.3358733 0.9126827 0.3358733 0.9333211 0.406057 0.9202111 0.4058697 0.9202111 0.4058697 0.9061579 0.4052442 0.9126827 0.3358733 0.9126827 0.3358733 0.9061579 0.4052442 0.89875 0.405819 0.9061579 0.4052442 0.9202111 0.4058697 0.9155049 0.4167379 0.9061579 0.4052442 0.9155049 0.4167379 0.9049757 0.4157516 0.9049757 0.4157516 0.9155049 0.4167379 0.9029977 0.43457 0.9029977 0.43457 0.9155049 0.4167379 0.9140873 0.4350741 0.9029977 0.43457 0.9140873 0.4350741 0.914251 0.4428526 0.914251 0.4428526 0.9035542 0.4428272 0.9029977 0.43457 0.904264 0.4718459 0.9035542 0.4428272 0.914251 0.4428526 0.9148207 0.4715948 0.904264 0.4718459 0.914251 0.4428526 0.904264 0.4718459 0.9148207 0.4715948 0.9191935 0.5047761 0.8459444 0.277913 0.8454278 0.3294362 0.8154292 0.3291696 0.8154292 0.3291696 0.8158267 0.2776464 0.8459444 0.277913 0.8158267 0.2776464 0.8479235 0.2502123 0.8459444 0.277913 0.8143378 0.2499154 0.8479235 0.2502123 0.8158267 0.2776464 0.8091171 0.4037756 0.8154292 0.3291696 0.8454278 0.3294362 0.8454278 0.3294362 0.8504143 0.4041426 0.8091171 0.4037756 0.8454278 0.3294362 0.8459444 0.277913 0.8535765 0.278163 0.8535765 0.278163 0.8530004 0.3286088 0.8454278 0.3294362 0.8504143 0.4041426 0.8454278 0.3294362 0.8530004 0.3286088 0.8154292 0.3291696 0.8081916 0.277761 0.8158267 0.2776464 0.8078722 0.328208 0.8081916 0.277761 0.8154292 0.3291696 0.8091171 0.4037756 0.8078722 0.328208 0.8154292 0.3291696 0.8091171 0.4037756 0.8018026 0.4009165 0.8078722 0.328208 0.800837 0.4135293 0.8018026 0.4009165 0.8091171 0.4037756 0.8091171 0.4037756 0.8092788 0.41261 0.800837 0.4135293 0.8504143 0.4041426 0.8092788 0.41261 0.8091171 0.4037756 0.8530004 0.3286088 0.8577787 0.4014146 0.8504143 0.4041426 0.8504143 0.4041426 0.8577787 0.4014146 0.8585191 0.4140445 0.8585191 0.4140445 0.8500949 0.412973 0.8504143 0.4041426 0.8092788 0.41261 0.8504143 0.4041426 0.8500949 0.412973 0.8497144 0.2246696 0.8479235 0.2502123 0.8143378 0.2499154 0.8479235 0.2502123 0.8497144 0.2246696 0.8570104 0.2265412 0.8570104 0.2265412 0.8554586 0.2516035 0.8479235 0.2502123 0.8143378 0.2499154 0.8129979 0.2243459 0.8497144 0.2246696 0.80567 0.2260883 0.8129979 0.2243459 0.8143378 0.2499154 0.80567 0.2260883 0.8143378 0.2499154 0.8067795 0.2511733 0.8067795 0.2511733 0.8158267 0.2776464 0.8081916 0.277761 0.8067795 0.2511733 0.8143378 0.2499154 0.8158267 0.2776464 0.8459444 0.277913 0.8479235 0.2502123 0.8554586 0.2516035 0.8554586 0.2516035 0.8535765 0.278163 0.8459444 0.277913 0.9719811 0.2625102 0.9552597 0.2310993 0.985437 0.2409272 0.951313 0.2853675 0.9552597 0.2310993 0.9719811 0.2625102 0.963249 0.2880185 0.951313 0.2853675 0.9719811 0.2625102 0.9202111 0.4058697 0.9333211 0.406057 0.9310426 0.4141098 0.9310426 0.4141098 0.9222289 0.413977 0.9202111 0.4058697 0.9310426 0.4141098 0.9333211 0.406057 0.9377173 0.4170036 0.9377173 0.4170036 0.9325432 0.4215363 0.9310426 0.4141098 0.9377173 0.4170036 0.9386386 0.4353227 0.9326123 0.4356214 0.9326123 0.4356214 0.9325432 0.4215363 0.9377173 0.4170036 0.9326123 0.4356214 0.9386386 0.4353227 0.9323853 0.4426036 0.9383556 0.4429856 0.9323853 0.4426036 0.9386386 0.4353227 0.9366174 0.4716243 0.9314052 0.4708293 0.9323853 0.4426036 0.9323853 0.4426036 0.9383556 0.4429856 0.9366174 0.4716243 0.9314052 0.4708293 0.9366174 0.4716243 0.9290871 0.4916451 0.9322566 0.5047992 0.9290871 0.4916451 0.9366174 0.4716243 0.9224628 0.4916451 0.9322566 0.5047992 0.9191935 0.5047761 0.9322566 0.5047992 0.9224628 0.4916451 0.9290871 0.4916451 0.9148207 0.4715948 0.9203045 0.4708464 0.9224628 0.4916451 0.9224628 0.4916451 0.9191935 0.5047761 0.9148207 0.4715948 0.9203045 0.4708464 0.9148207 0.4715948 0.9200016 0.4426027 0.9148207 0.4715948 0.914251 0.4428526 0.9200016 0.4426027 0.914251 0.4428526 0.9200329 0.4355429 0.9200016 0.4426027 0.9140873 0.4350741 0.9200329 0.4355429 0.914251 0.4428526 0.9155049 0.4167379 0.9205298 0.4213938 0.9200329 0.4355429 0.9200329 0.4355429 0.9140873 0.4350741 0.9155049 0.4167379 0.9155049 0.4167379 0.9202111 0.4058697 0.9222289 0.413977 0.9222289 0.413977 0.9205298 0.4213938 0.9155049 0.4167379 0.9508229 0.5966247 0.9676372 0.5945318 0.963057 0.6952146 0.963057 0.6952146 0.9707069 0.6957503 0.9668387 0.794512 0.8918261 0.886631 0.8988402 0.9695799 0.8821539 0.9715117 0.8821539 0.9715117 0.8704024 0.8889305 0.8918261 0.886631 0.8918261 0.886631 0.8992391 0.8862692 0.8988402 0.9695799 0.8992391 0.8862692 0.9057738 0.968789 0.8988402 0.9695799 0.8731698 0.2392261 0.9036332 0.2303292 0.885956 0.2612131 0.5824047 0.5338176 0.5765192 0.513522 0.5820433 0.513613 0.5824047 0.5338176 0.5754908 0.5337036 0.5765192 0.513522 0.5824565 0.5074371 0.5820433 0.513613 0.5765192 0.513522 0.5867735 0.5113525 0.5820433 0.513613 0.5824565 0.5074371 0.5824047 0.5338176 0.5820433 0.513613 0.5867735 0.5113525 0.5765192 0.513522 0.5763105 0.5073361 0.5824565 0.5074371 0.5824565 0.5074371 0.5763105 0.5073361 0.5758066 0.4144703 0.5758066 0.4144703 0.5859962 0.4146371 0.5824565 0.5074371 0.5718661 0.5111064 0.5763105 0.5073361 0.5765192 0.513522 0.5754908 0.5337036 0.5718661 0.5111064 0.5765192 0.513522 0.5867735 0.5113525 0.5874613 0.5329869 0.5824047 0.5338176 0.5754908 0.5337036 0.570464 0.5327064 0.5718661 0.5111064 0.5711117 0.4161308 0.5758066 0.4144703 0.5763105 0.5073361 0.5763105 0.5073361 0.5710876 0.5084952 0.5711117 0.4161308 0.5710876 0.5084952 0.5295367 0.4400546 0.5711117 0.4161308 0.5710876 0.5084952 0.5525264 0.5192004 0.5295367 0.4400546 0.5824565 0.5074371 0.5859962 0.4146371 0.5906346 0.4164504 0.5906346 0.4164504 0.5876389 0.5087662 0.5824565 0.5074371 0.5876389 0.5087662 0.5906346 0.4164504 0.631405 0.4417203 0.631405 0.4417203 0.6058406 0.5200725 0.5876389 0.5087662 0.7760518 0.2092401 0.7863412 0.1966473 0.8036219 0.2091163 0.8036219 0.2091163 0.7908553 0.2244297 0.7760518 0.2092401 0.7760518 0.2092401 0.7565686 0.1892451 0.7863412 0.1966473 0.7760518 0.2092401 0.7908553 0.2244297 0.7752188 0.2367956 0.7752188 0.2367956 0.7631978 0.2192029 0.7760518 0.2092401 0.7631978 0.2192029 0.7565686 0.1892451 0.7760518 0.2092401 0.7631978 0.2192029 0.7752188 0.2367956 0.7579564 0.2463304 0.7579564 0.2463304 0.7488037 0.2270014 0.7631978 0.2192029 0.7488037 0.2270014 0.7364208 0.2024651 0.7631978 0.2192029 0.7364208 0.2024651 0.7565686 0.1892451 0.7631978 0.2192029 0.7364208 0.2024651 0.7364208 0.1702644 0.7565686 0.1892451 0.8135941 0.1920872 0.8036219 0.2091163 0.7863412 0.1966473 0.7863412 0.1966473 0.7945092 0.1824604 0.8135941 0.1920872 0.8206789 0.1702644 0.8135941 0.1920872 0.7945092 0.1824604 0.7945092 0.1824604 0.799902 0.1702644 0.8206789 0.1702644 0.7945092 0.1824604 0.7703849 0.1702644 0.799902 0.1702644 0.7863412 0.1966473 0.7565686 0.1892451 0.7703849 0.1702644 0.7703849 0.1702644 0.7945092 0.1824604 0.7863412 0.1966473 0.7565686 0.1892451 0.7364208 0.1702644 0.7703849 0.1702644 0.7488037 0.2270014 0.7579564 0.2463304 0.7364208 0.2531238 0.7364208 0.2531238 0.7364208 0.2319774 0.7488037 0.2270014 0.7364208 0.2319774 0.7364208 0.2024651 0.7488037 0.2270014 0.803636 0.2089857 0.7863554 0.1965166 0.776066 0.2091095 0.776066 0.2091095 0.7908695 0.2242992 0.803636 0.2089857 0.776066 0.2091095 0.7863554 0.1965166 0.7565829 0.1891143 0.7752331 0.2366649 0.7908695 0.2242992 0.776066 0.2091095 0.763212 0.2190723 0.7752331 0.2366649 0.776066 0.2091095 0.7565829 0.1891143 0.763212 0.2190723 0.776066 0.2091095 0.7752331 0.2366649 0.763212 0.2190723 0.7579708 0.2461999 0.748818 0.2268707 0.7579708 0.2461999 0.763212 0.2190723 0.736453 0.2023344 0.748818 0.2268707 0.763212 0.2190723 0.763212 0.2190723 0.7565829 0.1891143 0.736453 0.2023344 0.736453 0.2023344 0.7565829 0.1891143 0.736453 0.1701506 0.7863554 0.1965166 0.803636 0.2089857 0.8136083 0.1919565 0.8136083 0.1919565 0.7945235 0.1823297 0.7863554 0.1965166 0.7945235 0.1823297 0.8136083 0.1919565 0.8206932 0.1701506 0.8206932 0.1701506 0.7999162 0.1701506 0.7945235 0.1823297 0.7945235 0.1823297 0.7999162 0.1701506 0.7703993 0.1701506 0.7863554 0.1965166 0.7945235 0.1823297 0.7703993 0.1701506 0.7703993 0.1701506 0.7565829 0.1891143 0.7863554 0.1965166 0.736453 0.1701506 0.7565829 0.1891143 0.7703993 0.1701506 0.7579708 0.2461999 0.748818 0.2268707 0.736453 0.2529932 0.748818 0.2268707 0.736453 0.2318467 0.736453 0.2529932 0.736453 0.2023344 0.736453 0.2318467 0.748818 0.2268707 0.7760338 0.2092232 0.7908373 0.2244129 0.8036038 0.2090994 0.8036038 0.2090994 0.7863232 0.1966302 0.7760338 0.2092232 0.7760338 0.2092232 0.7863232 0.1966302 0.7565507 0.1892279 0.7752008 0.2367787 0.7908373 0.2244129 0.7760338 0.2092232 0.7760338 0.2092232 0.7631798 0.219186 0.7752008 0.2367787 0.7565507 0.1892279 0.7631798 0.219186 0.7760338 0.2092232 0.7579385 0.2463136 0.7752008 0.2367787 0.7631798 0.219186 0.7579385 0.2463136 0.7631798 0.219186 0.7487857 0.2269845 0.7631798 0.219186 0.7565507 0.1892279 0.7364208 0.2024481 0.7364208 0.2024481 0.7487857 0.2269845 0.7631798 0.219186 0.7364208 0.2024481 0.7565507 0.1892279 0.7364208 0.1702644 0.7863232 0.1966302 0.8036038 0.2090994 0.8135761 0.1920703 0.8135761 0.1920703 0.7944913 0.1824434 0.7863232 0.1966302 0.7944913 0.1824434 0.8135761 0.1920703 0.8206609 0.1702644 0.8206609 0.1702644 0.799884 0.1702644 0.7944913 0.1824434 0.7944913 0.1824434 0.799884 0.1702644 0.770367 0.1702644 0.7863232 0.1966302 0.7944913 0.1824434 0.770367 0.1702644 0.770367 0.1702644 0.7565507 0.1892279 0.7863232 0.1966302 0.7364208 0.1702644 0.7565507 0.1892279 0.770367 0.1702644 0.7364208 0.2531069 0.7579385 0.2463136 0.7487857 0.2269845 0.7364208 0.2319604 0.7364208 0.2531069 0.7487857 0.2269845 0.7364208 0.2024481 0.7364208 0.2319604 0.7487857 0.2269845 0.7760338 0.2092232 0.7863232 0.1966302 0.8036038 0.2090994 0.8036038 0.2090994 0.7908373 0.2244129 0.7760338 0.2092232 0.7760338 0.2092232 0.7565507 0.1892279 0.7863232 0.1966302 0.7760338 0.2092232 0.7908373 0.2244129 0.7752008 0.2367787 0.7752008 0.2367787 0.7631798 0.219186 0.7760338 0.2092232 0.7631798 0.219186 0.7565507 0.1892279 0.7760338 0.2092232 0.7752008 0.2367787 0.7579385 0.2463136 0.7631798 0.219186 0.7631798 0.219186 0.7579385 0.2463136 0.7487857 0.2269845 0.7631798 0.219186 0.7487857 0.2269845 0.7364208 0.2024481 0.7565507 0.1892279 0.7631798 0.219186 0.7364208 0.2024481 0.7364208 0.2024481 0.7364208 0.1702644 0.7565507 0.1892279 0.8036038 0.2090994 0.7863232 0.1966302 0.8135761 0.1920703 0.8135761 0.1920703 0.7863232 0.1966302 0.7944913 0.1824434 0.8206609 0.1702644 0.8135761 0.1920703 0.7944913 0.1824434 0.7944913 0.1824434 0.799884 0.1702644 0.8206609 0.1702644 0.7944913 0.1824434 0.770367 0.1702644 0.799884 0.1702644 0.770367 0.1702644 0.7944913 0.1824434 0.7863232 0.1966302 0.7863232 0.1966302 0.7565507 0.1892279 0.770367 0.1702644 0.7565507 0.1892279 0.7364208 0.1702644 0.770367 0.1702644 0.7487857 0.2269845 0.7579385 0.2463136 0.7364208 0.2531069 0.7364208 0.2531069 0.7364208 0.2319604 0.7487857 0.2269845 0.7364208 0.2319604 0.7364208 0.2024481 0.7487857 0.2269845</float_array>
          <technique_common>
            <accessor source="#Trilarian_Battleship_A_1-mesh-map-0-array" count="14322" stride="2">
              <param name="S" type="float"/>
              <param name="T" type="float"/>
            </accessor>
          </technique_common>
        </source>
        <vertices id="Trilarian_Battleship_A_1-mesh-vertices">
          <input semantic="POSITION" source="#Trilarian_Battleship_A_1-mesh-positions"/>
        </vertices>
        <triangles material="Battleship_A-material" count="4774">
          <input semantic="VERTEX" source="#Trilarian_Battleship_A_1-mesh-vertices" offset="0"/>
          <input semantic="NORMAL" source="#Trilarian_Battleship_A_1-mesh-normals" offset="1"/>
          <input semantic="TEXCOORD" source="#Trilarian_Battleship_A_1-mesh-map-0" offset="2" set="0"/>
          <p>0 0 0 1 1 1 2 2 2 2 2 3 3 3 4 0 0 5 3 3 6 2 2 7 4 4 8 4 4 9 5 5 10 3 3 11 5 5 12 4 4 13 6 6 14 6 6 15 7 7 16 5 5 17 7 7 18 6 6 19 8 8 20 8 8 21 9 9 22 7 7 23 9 9 24 8 8 25 10 10 26 10 10 27 11 11 28 9 9 29 2 2 30 1 1 31 12 12 32 13 13 33 12 12 34 1 1 35 1 1 36 14 14 37 13 13 38 12 12 39 15 15 40 2 2 41 4 4 42 2 2 43 15 15 44 15 15 45 12 12 46 16 16 47 16 16 48 17 17 49 15 15 50 15 15 51 17 17 52 18 18 53 18 18 54 19 19 55 15 15 56 15 15 57 19 19 58 4 4 59 6 6 60 4 4 61 19 19 62 19 19 63 18 18 64 20 20 65 20 20 66 21 21 67 19 19 68 19 19 69 21 21 70 6 6 71 8 8 72 6 6 73 21 21 74 21 21 75 20 20 76 22 22 77 22 22 78 23 23 79 21 21 80 21 21 81 23 23 82 8 8 83 23 23 84 22 22 85 24 24 86 24 24 87 25 25 88 23 23 89 26 26 90 25 25 91 24 24 92 26 26 93 27 27 94 25 25 95 17 17 96 16 16 97 28 28 98 28 28 99 29 29 100 17 17 101 18 18 102 17 17 103 29 29 104 29 29 105 30 30 106 18 18 107 20 20 108 18 18 109 30 30 110 30 30 111 31 31 112 20 20 113 22 22 114 20 20 115 31 31 116 31 31 117 32 32 118 22 22 119 25 25 120 8 8 121 23 23 122 8 8 123 25 25 124 10 10 125 27 27 126 10 10 127 25 25 128 33 33 129 22 22 130 32 32 131 33 33 132 24 24 133 22 22 134 34 34 135 24 24 136 33 33 137 34 34 138 26 26 139 24 24 140 27 27 141 35 35 142 10 10 143 10 10 144 35 35 145 36 36 146 36 36 147 11 11 148 10 10 149 36 36 150 37 37 151 11 11 152 37 37 153 38 38 154 11 11 155 9 9 156 11 11 157 38 38 158 38 38 159 39 39 160 9 9 161 7 7 162 9 9 163 39 39 164 39 39 165 40 40 166 7 7 167 5 5 168 7 7 169 40 40 170 40 40 171 41 41 172 5 5 173 42 42 174 41 41 175 40 40 176 41 41 177 42 42 178 43 43 179 43 43 180 44 44 181 41 41 182 44 44 183 43 43 184 45 45 185 45 45 186 46 46 187 44 44 188 40 40 189 47 47 190 42 42 191 47 47 192 40 40 193 39 39 194 3 3 195 44 44 196 46 46 197 3 3 198 5 5 199 41 41 200 41 41 201 44 44 202 3 3 203 46 46 204 0 0 205 3 3 206 0 0 207 46 46 208 48 48 209 48 48 210 49 49 211 0 0 212 1 1 213 0 0 214 49 49 215 49 49 216 14 14 217 1 1 218 50 50 219 48 48 220 46 46 221 46 46 222 45 45 223 50 50 224 39 39 225 51 51 226 47 47 227 51 51 228 39 39 229 38 38 230 38 38 231 52 52 232 51 51 233 37 37 234 52 52 235 38 38 236 12 12 237 13 13 238 53 53 239 53 53 240 16 16 241 12 12 242 16 16 243 53 53 244 54 54 245 54 54 246 28 28 247 16 16 248 55 55 249 56 56 250 57 57 251 57 57 252 56 56 253 58 58 254 56 56 255 55 55 256 59 59 257 56 56 258 59 59 259 58 58 260 60 60 261 61 61 262 62 62 263 62 62 264 63 63 265 60 60 266 64 64 267 62 62 268 61 61 269 61 61 270 65 65 271 64 64 272 66 66 273 64 64 274 65 65 275 65 65 276 67 67 277 66 66 278 68 68 279 66 66 280 67 67 281 67 67 282 69 69 283 68 68 284 70 70 285 68 68 286 69 69 287 69 69 288 71 71 289 70 70 290 72 72 291 63 63 292 62 62 293 63 63 294 72 72 295 73 73 296 74 74 297 63 63 298 73 73 299 62 62 300 75 75 301 72 72 302 75 75 303 62 62 304 64 64 305 72 72 306 75 75 307 76 76 308 75 75 309 77 77 310 76 76 311 78 78 312 77 77 313 75 75 314 75 75 315 79 79 316 78 78 317 64 64 318 79 79 319 75 75 320 79 79 321 64 64 322 66 66 323 80 80 324 78 78 325 79 79 326 79 79 327 81 81 328 80 80 329 66 66 330 81 81 331 79 79 332 81 81 333 66 66 334 68 68 335 82 82 336 80 80 337 81 81 338 81 81 339 83 83 340 82 82 341 68 68 342 83 83 343 81 81 344 84 84 345 82 82 346 83 83 347 83 83 348 85 85 349 84 84 350 84 84 351 85 85 352 86 86 353 87 87 354 86 86 355 85 85 356 88 88 357 76 76 358 77 77 359 77 77 360 89 89 361 88 88 362 89 89 363 77 77 364 78 78 365 78 78 366 90 90 367 89 89 368 90 90 369 78 78 370 80 80 371 80 80 372 91 91 373 90 90 374 91 91 375 80 80 376 82 82 377 82 82 378 92 92 379 91 91 380 85 85 381 83 83 382 68 68 383 68 68 384 70 70 385 85 85 386 85 85 387 70 70 388 87 87 389 92 92 390 82 82 391 93 93 392 84 84 393 93 93 394 82 82 395 93 93 396 84 84 397 94 94 398 86 86 399 94 94 400 84 84 401 95 95 402 87 87 403 70 70 404 96 96 405 95 95 406 70 70 407 70 70 408 71 71 409 96 96 410 97 97 411 96 96 412 71 71 413 97 97 414 71 71 415 98 98 416 98 98 417 71 71 418 69 69 419 69 69 420 99 99 421 98 98 422 99 99 423 69 69 424 67 67 425 67 67 426 100 100 427 99 99 428 100 100 429 67 67 430 65 65 431 65 65 432 101 101 433 100 100 434 100 100 435 101 101 436 102 102 437 103 103 438 102 102 439 101 101 440 101 101 441 104 104 442 103 103 443 105 105 444 103 103 445 104 104 446 104 104 447 106 106 448 105 105 449 102 102 450 107 107 451 100 100 452 100 100 453 107 107 454 99 99 455 106 106 456 104 104 457 61 61 458 101 101 459 65 65 460 61 61 461 61 61 462 104 104 463 101 101 464 60 60 465 106 106 466 61 61 467 108 108 468 106 106 469 60 60 470 60 60 471 109 109 472 108 108 473 109 109 474 60 60 475 63 63 476 63 63 477 74 74 478 109 109 479 110 110 480 105 105 481 106 106 482 106 106 483 108 108 484 110 110 485 107 107 486 111 111 487 99 99 488 99 99 489 111 111 490 98 98 491 111 111 492 112 112 493 98 98 494 112 112 495 97 97 496 98 98 497 73 73 498 72 72 499 113 113 500 72 72 501 76 76 502 113 113 503 113 113 504 76 76 505 114 114 506 76 76 507 88 88 508 114 114 509 115 115 510 116 116 511 117 117 512 115 115 513 117 117 514 118 118 515 116 116 516 115 115 517 119 119 518 119 119 519 115 115 520 118 118 521 120 120 522 121 121 523 122 122 524 122 122 525 123 123 526 120 120 527 124 124 528 120 120 529 123 123 530 123 123 531 125 125 532 124 124 533 126 126 534 124 124 535 125 125 536 125 125 537 127 127 538 126 126 539 128 128 540 126 126 541 127 127 542 127 127 543 129 129 544 128 128 545 130 130 546 128 128 547 129 129 548 129 129 549 131 131 550 130 130 551 132 132 552 121 121 553 120 120 554 132 132 555 133 133 556 121 121 557 133 133 558 134 134 559 121 121 560 120 120 561 135 135 562 132 132 563 135 135 564 120 120 565 124 124 566 136 136 567 132 132 568 135 135 569 136 136 570 135 135 571 137 137 572 138 138 573 137 137 574 135 135 575 135 135 576 139 139 577 138 138 578 124 124 579 139 139 580 135 135 581 139 139 582 124 124 583 126 126 584 140 140 585 138 138 586 139 139 587 139 139 588 141 141 589 140 140 590 126 126 591 141 141 592 139 139 593 141 141 594 126 126 595 128 128 596 142 142 597 140 140 598 141 141 599 141 141 600 143 143 601 142 142 602 128 128 603 143 143 604 141 141 605 144 144 606 142 142 607 143 143 608 143 143 609 145 145 610 144 144 611 146 146 612 144 144 613 145 145 614 145 145 615 147 147 616 146 146 617 148 148 618 136 136 619 137 137 620 137 137 621 149 149 622 148 148 623 149 149 624 137 137 625 138 138 626 138 138 627 150 150 628 149 149 629 150 150 630 138 138 631 140 140 632 140 140 633 151 151 634 150 150 635 151 151 636 140 140 637 142 142 638 142 142 639 152 152 640 151 151 641 143 143 642 128 128 643 145 145 644 128 128 645 130 130 646 145 145 647 145 145 648 130 130 649 147 147 650 142 142 651 144 144 652 153 153 653 153 153 654 154 154 655 142 142 656 155 155 657 153 153 658 144 144 659 144 144 660 146 146 661 155 155 662 130 130 663 156 156 664 147 147 665 157 157 666 156 156 667 130 130 668 130 130 669 131 131 670 157 157 671 131 131 672 158 158 673 157 157 674 131 131 675 159 159 676 158 158 677 159 159 678 131 131 679 129 129 680 129 129 681 160 160 682 159 159 683 160 160 684 129 129 685 127 127 686 127 127 687 161 161 688 160 160 689 161 161 690 127 127 691 125 125 692 125 125 693 162 162 694 161 161 695 161 161 696 162 162 697 163 163 698 164 164 699 163 163 700 162 162 701 162 162 702 165 165 703 164 164 704 166 166 705 164 164 706 165 165 707 165 165 708 167 167 709 166 166 710 163 163 711 168 168 712 161 161 713 160 160 714 161 161 715 168 168 716 123 123 717 167 167 718 165 165 719 123 123 720 165 165 721 162 162 722 162 162 723 125 125 724 123 123 725 123 123 726 122 122 727 167 167 728 169 169 729 167 167 730 122 122 731 122 122 732 170 170 733 169 169 734 170 170 735 122 122 736 121 121 737 121 121 738 134 134 739 170 170 740 167 167 741 169 169 742 171 171 743 171 171 744 166 166 745 167 167 746 168 168 747 172 172 748 160 160 749 159 159 750 160 160 751 172 172 752 173 173 753 159 159 754 172 172 755 159 159 756 173 173 757 158 158 758 136 136 759 174 174 760 132 132 761 174 174 762 133 133 763 132 132 764 175 175 765 174 174 766 136 136 767 148 148 768 175 175 769 136 136 770 176 176 771 177 177 772 178 178 773 178 178 774 179 179 775 176 176 776 177 177 777 176 176 778 180 180 779 180 180 780 181 181 781 177 177 782 181 181 783 180 180 784 182 182 785 182 182 786 183 183 787 181 181 788 183 183 789 182 182 790 184 184 791 184 184 792 185 185 793 183 183 794 185 185 795 184 184 796 186 186 797 186 186 798 187 187 799 185 185 800 176 176 801 179 179 802 188 188 803 179 179 804 189 189 805 188 188 806 189 189 807 179 179 808 190 190 809 188 188 810 191 191 811 176 176 812 180 180 813 176 176 814 191 191 815 188 188 816 192 192 817 191 191 818 191 191 819 192 192 820 193 193 821 191 191 822 193 193 823 194 194 824 194 194 825 195 195 826 191 191 827 191 191 828 195 195 829 180 180 830 182 182 831 180 180 832 195 195 833 195 195 834 194 194 835 196 196 836 196 196 837 197 197 838 195 195 839 195 195 840 197 197 841 182 182 842 184 184 843 182 182 844 197 197 845 197 197 846 196 196 847 198 198 848 198 198 849 199 199 850 197 197 851 197 197 852 199 199 853 184 184 854 199 199 855 198 198 856 200 200 857 200 200 858 201 201 859 199 199 860 201 201 861 200 200 862 202 202 863 201 201 864 202 202 865 203 203 866 193 193 867 192 192 868 204 204 869 204 204 870 205 205 871 193 193 872 194 194 873 193 193 874 205 205 875 205 205 876 206 206 877 194 194 878 196 196 879 194 194 880 206 206 881 206 206 882 207 207 883 196 196 884 198 198 885 196 196 886 207 207 887 207 207 888 208 208 889 198 198 890 184 184 891 199 199 892 201 201 893 201 201 894 186 186 895 184 184 896 186 186 897 201 201 898 203 203 899 198 198 900 209 209 901 200 200 902 198 198 903 210 210 904 209 209 905 200 200 906 211 211 907 202 202 908 200 200 909 209 209 910 211 211 911 203 203 912 212 212 913 186 186 914 212 212 915 213 213 916 186 186 917 213 213 918 187 187 919 186 186 920 213 213 921 214 214 922 187 187 923 215 215 924 187 187 925 214 214 926 185 185 927 187 187 928 215 215 929 215 215 930 216 216 931 185 185 932 183 183 933 185 185 934 216 216 935 216 216 936 217 217 937 183 183 938 181 181 939 183 183 940 217 217 941 217 217 942 218 218 943 181 181 944 219 219 945 218 218 946 217 217 947 218 218 948 219 219 949 220 220 950 220 220 951 221 221 952 218 218 953 221 221 954 220 220 955 222 222 956 222 222 957 223 223 958 221 221 959 217 217 960 224 224 961 219 219 962 216 216 963 224 224 964 217 217 965 223 223 966 177 177 967 221 221 968 218 218 969 221 221 970 177 177 971 177 177 972 181 181 973 218 218 974 178 178 975 177 177 976 223 223 977 178 178 978 223 223 979 225 225 980 225 225 981 226 226 982 178 178 983 179 179 984 178 178 985 226 226 986 226 226 987 190 190 988 179 179 989 223 223 990 222 222 991 227 227 992 227 227 993 225 225 994 223 223 995 224 224 996 216 216 997 228 228 998 215 215 999 228 228 1000 216 216 1001 228 228 1002 215 215 1003 229 229 1004 229 229 1005 215 215 1006 214 214 1007 230 230 1008 188 188 1009 189 189 1010 188 188 1011 230 230 1012 192 192 1013 231 231 1014 192 192 1015 230 230 1016 192 192 1017 231 231 1018 204 204 1019 232 232 1020 233 233 1021 234 234 1022 234 234 1023 235 235 1024 232 232 1025 232 232 1026 236 236 1027 233 233 1028 236 236 1029 232 232 1030 237 237 1031 235 235 1032 234 234 1033 238 238 1034 238 238 1035 239 239 1036 235 235 1037 238 238 1038 240 240 1039 239 239 1040 241 241 1041 239 239 1042 240 240 1043 240 240 1044 242 242 1045 241 241 1046 243 243 1047 241 241 1048 242 242 1049 244 244 1050 245 245 1051 246 246 1052 244 244 1053 247 247 1054 245 245 1055 248 248 1056 245 245 1057 247 247 1058 247 247 1059 249 249 1060 248 248 1061 250 250 1062 245 245 1063 248 248 1064 248 248 1065 251 251 1066 250 250 1067 251 251 1068 248 248 1069 252 252 1070 251 251 1071 252 252 1072 253 253 1073 254 254 1074 251 251 1075 253 253 1076 245 245 1077 250 250 1078 255 255 1079 246 246 1080 245 245 1081 255 255 1082 246 246 1083 255 255 1084 256 256 1085 254 254 1086 253 253 1087 257 257 1088 258 258 1089 254 254 1090 257 257 1091 257 257 1092 259 259 1093 258 258 1094 260 260 1095 258 258 1096 259 259 1097 260 260 1098 259 259 1099 261 261 1100 261 261 1101 262 262 1102 260 260 1103 262 262 1104 261 261 1105 263 263 1106 264 264 1107 263 263 1108 261 261 1109 264 264 1110 265 265 1111 263 263 1112 265 265 1113 264 264 1114 266 266 1115 261 261 1116 267 267 1117 264 264 1118 268 268 1119 263 263 1120 265 265 1121 263 263 1122 268 268 1123 262 262 1124 265 265 1125 269 269 1126 268 268 1127 270 270 1128 271 271 1129 272 272 1130 271 271 1131 273 273 1132 272 272 1133 273 273 1134 274 274 1135 272 272 1136 275 275 1137 274 274 1138 273 273 1139 275 275 1140 276 276 1141 274 274 1142 277 277 1143 276 276 1144 275 275 1145 277 277 1146 278 278 1147 276 276 1148 277 277 1149 279 279 1150 278 278 1151 278 278 1152 279 279 1153 280 280 1154 281 281 1155 280 280 1156 279 279 1157 281 281 1158 282 282 1159 280 280 1160 283 283 1161 282 282 1162 281 281 1163 284 284 1164 283 283 1165 281 281 1166 283 283 1167 284 284 1168 285 285 1169 285 285 1170 284 284 1171 286 286 1172 286 286 1173 287 287 1174 285 285 1175 286 286 1176 288 288 1177 287 287 1178 289 289 1179 287 287 1180 288 288 1181 288 288 1182 290 290 1183 289 289 1184 290 290 1185 291 291 1186 289 289 1187 270 270 1188 291 291 1189 290 290 1190 271 271 1191 270 270 1192 290 290 1193 292 292 1194 293 293 1195 294 294 1196 294 294 1197 295 295 1198 292 292 1199 295 295 1200 296 296 1201 292 292 1202 296 296 1203 295 295 1204 297 297 1205 298 298 1206 294 294 1207 293 293 1208 298 298 1209 293 293 1210 299 299 1211 298 298 1212 299 299 1213 300 300 1214 300 300 1215 301 301 1216 298 298 1217 300 300 1218 302 302 1219 301 301 1220 303 303 1221 301 301 1222 302 302 1223 303 303 1224 302 302 1225 304 304 1226 304 304 1227 305 305 1228 303 303 1229 306 306 1230 307 307 1231 308 308 1232 309 309 1233 307 307 1234 306 306 1235 310 310 1236 308 308 1237 307 307 1238 307 307 1239 311 311 1240 310 310 1241 312 312 1242 310 310 1243 311 311 1244 312 312 1245 313 313 1246 310 310 1247 313 313 1248 312 312 1249 314 314 1250 314 314 1251 315 315 1252 313 313 1253 315 315 1254 314 314 1255 316 316 1256 316 316 1257 317 317 1258 315 315 1259 317 317 1260 316 316 1261 318 318 1262 316 316 1263 319 319 1264 318 318 1265 320 320 1266 318 318 1267 319 319 1268 309 309 1269 306 306 1270 320 320 1271 318 318 1272 320 320 1273 321 321 1274 321 321 1275 320 320 1276 306 306 1277 322 322 1278 323 323 1279 324 324 1280 325 325 1281 323 323 1282 322 322 1283 326 326 1284 324 324 1285 323 323 1286 327 327 1287 326 326 1288 323 323 1289 328 328 1290 326 326 1291 327 327 1292 328 328 1293 329 329 1294 326 326 1295 330 330 1296 329 329 1297 328 328 1298 330 330 1299 331 331 1300 329 329 1301 332 332 1302 331 331 1303 330 330 1304 333 333 1305 332 332 1306 330 330 1307 332 332 1308 333 333 1309 334 334 1310 322 322 1311 334 334 1312 325 325 1313 335 335 1314 334 334 1315 333 333 1316 334 334 1317 335 335 1318 325 325 1319 336 336 1320 337 337 1321 338 338 1322 338 338 1323 339 339 1324 336 336 1325 339 339 1326 338 338 1327 340 340 1328 340 340 1329 341 341 1330 339 339 1331 337 337 1332 336 336 1333 342 342 1334 342 342 1335 343 343 1336 337 337 1337 344 344 1338 343 343 1339 342 342 1340 342 342 1341 345 345 1342 344 344 1343 346 346 1344 344 344 1345 345 345 1346 345 345 1347 347 347 1348 346 346 1349 347 347 1350 348 348 1351 346 346 1352 348 348 1353 347 347 1354 349 349 1355 350 350 1356 348 348 1357 349 349 1358 349 349 1359 351 351 1360 350 350 1361 341 341 1362 340 340 1363 352 352 1364 352 352 1365 353 353 1366 341 341 1367 353 353 1368 352 352 1369 354 354 1370 354 354 1371 355 355 1372 353 353 1373 355 355 1374 354 354 1375 356 356 1376 356 356 1377 357 357 1378 355 355 1379 358 358 1380 350 350 1381 351 351 1382 351 351 1383 359 359 1384 358 358 1385 360 360 1386 358 358 1387 359 359 1388 359 359 1389 361 361 1390 360 360 1391 362 362 1392 363 363 1393 364 364 1394 364 364 1395 365 365 1396 362 362 1397 366 366 1398 362 362 1399 365 365 1400 365 365 1401 367 367 1402 366 366 1403 366 366 1404 367 367 1405 368 368 1406 366 366 1407 368 368 1408 369 369 1409 369 369 1410 368 368 1411 370 370 1412 370 370 1413 371 371 1414 369 369 1415 370 370 1416 372 372 1417 371 371 1418 372 372 1419 370 370 1420 373 373 1421 373 373 1422 374 374 1423 372 372 1424 375 375 1425 374 374 1426 373 373 1427 373 373 1428 376 376 1429 375 375 1430 375 375 1431 376 376 1432 377 377 1433 377 377 1434 378 378 1435 375 375 1436 379 379 1437 378 378 1438 377 377 1439 377 377 1440 380 380 1441 379 379 1442 380 380 1443 381 381 1444 379 379 1445 382 382 1446 381 381 1447 380 380 1448 380 380 1449 383 383 1450 382 382 1451 382 382 1452 383 383 1453 384 384 1454 384 384 1455 385 385 1456 382 382 1457 386 386 1458 385 385 1459 384 384 1460 384 384 1461 387 387 1462 386 386 1463 386 386 1464 387 387 1465 388 388 1466 388 388 1467 389 389 1468 386 386 1469 390 390 1470 391 391 1471 392 392 1472 392 392 1473 393 393 1474 390 390 1475 391 391 1476 390 390 1477 394 394 1478 394 394 1479 395 395 1480 391 391 1481 395 395 1482 394 394 1483 396 396 1484 396 396 1485 397 397 1486 395 395 1487 397 397 1488 396 396 1489 398 398 1490 398 398 1491 399 399 1492 397 397 1493 398 398 1494 400 400 1495 399 399 1496 401 401 1497 402 402 1498 403 403 1499 402 402 1500 401 401 1501 404 404 1502 405 405 1503 401 401 1504 403 403 1505 403 403 1506 406 406 1507 405 405 1508 406 406 1509 407 407 1510 405 405 1511 407 407 1512 406 406 1513 408 408 1514 409 409 1515 407 407 1516 408 408 1517 408 408 1518 410 410 1519 409 409 1520 404 404 1521 411 411 1522 402 402 1523 412 412 1524 413 413 1525 414 414 1526 412 412 1527 414 414 1528 415 415 1529 416 416 1530 415 415 1531 414 414 1532 415 415 1533 417 417 1534 412 412 1535 417 417 1536 418 418 1537 412 412 1538 419 419 1539 413 413 1540 412 412 1541 412 412 1542 420 420 1543 419 419 1544 420 420 1545 421 421 1546 419 419 1547 422 422 1548 421 421 1549 420 420 1550 420 420 1551 423 423 1552 422 422 1553 424 424 1554 423 423 1555 420 420 1556 420 420 1557 425 425 1558 424 424 1559 425 425 1560 420 420 1561 412 412 1562 412 412 1563 418 418 1564 425 425 1565 415 415 1566 416 416 1567 426 426 1568 426 426 1569 427 427 1570 415 415 1571 428 428 1572 427 427 1573 426 426 1574 426 426 1575 429 429 1576 428 428 1577 428 428 1578 430 430 1579 427 427 1580 430 430 1581 431 431 1582 427 427 1583 432 432 1584 422 422 1585 423 423 1586 432 432 1587 433 433 1588 422 422 1589 427 427 1590 431 431 1591 415 415 1592 431 431 1593 417 417 1594 415 415 1595 434 434 1596 432 432 1597 423 423 1598 423 423 1599 424 424 1600 434 434 1601 429 429 1602 426 426 1603 435 435 1604 429 429 1605 435 435 1606 436 436 1607 436 436 1608 435 435 1609 437 437 1610 437 437 1611 438 438 1612 436 436 1613 438 438 1614 437 437 1615 439 439 1616 439 439 1617 440 440 1618 438 438 1619 437 437 1620 435 435 1621 441 441 1622 435 435 1623 442 442 1624 441 441 1625 439 439 1626 437 437 1627 443 443 1628 437 437 1629 441 441 1630 443 443 1631 442 442 1632 435 435 1633 426 426 1634 426 426 1635 416 416 1636 442 442 1637 433 433 1638 444 444 1639 445 445 1640 444 444 1641 446 446 1642 445 445 1643 444 444 1644 447 447 1645 446 446 1646 446 446 1647 448 448 1648 445 445 1649 445 445 1650 448 448 1651 449 449 1652 449 449 1653 448 448 1654 450 450 1655 445 445 1656 422 422 1657 433 433 1658 422 422 1659 445 445 1660 449 449 1661 421 421 1662 422 422 1663 449 449 1664 451 451 1665 452 452 1666 453 453 1667 451 451 1668 454 454 1669 452 452 1670 454 454 1671 451 451 1672 455 455 1673 455 455 1674 456 456 1675 454 454 1676 456 456 1677 455 455 1678 457 457 1679 457 457 1680 458 458 1681 456 456 1682 458 458 1683 457 457 1684 459 459 1685 460 460 1686 456 456 1687 458 458 1688 458 458 1689 461 461 1690 460 460 1691 452 452 1692 462 462 1693 453 453 1694 462 462 1695 452 452 1696 463 463 1697 463 463 1698 452 452 1699 454 454 1700 463 463 1701 464 464 1702 462 462 1703 465 465 1704 462 462 1705 464 464 1706 466 466 1707 465 465 1708 464 464 1709 467 467 1710 465 465 1711 466 466 1712 468 468 1713 465 465 1714 467 467 1715 469 469 1716 468 468 1717 467 467 1718 470 470 1719 467 467 1720 466 466 1721 462 462 1722 465 465 1723 471 471 1724 468 468 1725 471 471 1726 465 465 1727 471 471 1728 453 453 1729 462 462 1730 454 454 1731 472 472 1732 463 463 1733 456 456 1734 472 472 1735 454 454 1736 460 460 1737 472 472 1738 456 456 1739 473 473 1740 474 474 1741 475 475 1742 474 474 1743 476 476 1744 475 475 1745 474 474 1746 477 477 1747 476 476 1748 478 478 1749 477 477 1750 474 474 1751 478 478 1752 474 474 1753 479 479 1754 480 480 1755 481 481 1756 482 482 1757 482 482 1758 483 483 1759 480 480 1760 483 483 1761 484 484 1762 480 480 1763 485 485 1764 483 483 1765 482 482 1766 485 485 1767 482 482 1768 486 486 1769 487 487 1770 488 488 1771 489 489 1772 487 487 1773 490 490 1774 488 488 1775 488 488 1776 490 490 1777 491 491 1778 490 490 1779 492 492 1780 491 491 1781 493 493 1782 494 494 1783 495 495 1784 493 493 1785 496 496 1786 494 494 1787 494 494 1788 496 496 1789 497 497 1790 496 496 1791 498 498 1792 497 497 1793 495 495 1794 494 494 1795 499 499 1796 499 499 1797 500 500 1798 495 495 1799 499 499 1800 501 501 1801 500 500 1802 502 502 1803 500 500 1804 501 501 1805 501 501 1806 499 499 1807 503 503 1808 499 499 1809 504 504 1810 503 503 1811 494 494 1812 497 497 1813 504 504 1814 504 504 1815 499 499 1816 494 494 1817 493 493 1818 505 505 1819 496 496 1820 505 505 1821 493 493 1822 506 506 1823 506 506 1824 507 507 1825 505 505 1826 507 507 1827 506 506 1828 508 508 1829 505 505 1830 507 507 1831 509 509 1832 509 509 1833 510 510 1834 505 505 1835 510 510 1836 496 496 1837 505 505 1838 510 510 1839 498 498 1840 496 496 1841 511 511 1842 512 512 1843 513 513 1844 514 514 1845 511 511 1846 513 513 1847 515 515 1848 511 511 1849 514 514 1850 515 515 1851 514 514 1852 516 516 1853 516 516 1854 517 517 1855 515 515 1856 518 518 1857 511 511 1858 515 515 1859 512 512 1860 519 519 1861 513 513 1862 520 520 1863 513 513 1864 519 519 1865 519 519 1866 521 521 1867 520 520 1868 522 522 1869 519 519 1870 512 512 1871 523 523 1872 524 524 1873 525 525 1874 524 524 1875 526 526 1876 525 525 1877 527 527 1878 528 528 1879 529 529 1880 527 527 1881 530 530 1882 528 528 1883 531 531 1884 532 532 1885 533 533 1886 532 532 1887 534 534 1888 533 533 1889 535 535 1890 536 536 1891 537 537 1892 535 535 1893 538 538 1894 536 536 1895 535 535 1896 537 537 1897 539 539 1898 540 540 1899 541 541 1900 542 542 1901 542 542 1902 543 543 1903 540 540 1904 544 544 1905 542 542 1906 541 541 1907 541 541 1908 545 545 1909 544 544 1910 546 546 1911 544 544 1912 545 545 1913 547 547 1914 546 546 1915 545 545 1916 548 548 1917 549 549 1918 550 550 1919 551 551 1920 548 548 1921 550 550 1922 552 552 1923 549 549 1924 548 548 1925 553 553 1926 549 549 1927 552 552 1928 549 549 1929 553 553 1930 554 554 1931 553 553 1932 555 555 1933 554 554 1934 556 556 1935 554 554 1936 555 555 1937 555 555 1938 557 557 1939 556 556 1940 556 556 1941 557 557 1942 558 558 1943 558 558 1944 559 559 1945 556 556 1946 558 558 1947 560 560 1948 559 559 1949 559 559 1950 560 560 1951 561 561 1952 562 562 1953 561 561 1954 560 560 1955 563 563 1956 561 561 1957 562 562 1958 564 564 1959 561 561 1960 563 563 1961 565 565 1962 564 564 1963 563 563 1964 566 566 1965 560 560 1966 558 558 1967 567 567 1968 555 555 1969 553 553 1970 568 568 1971 569 569 1972 570 570 1973 570 570 1974 571 571 1975 568 568 1976 571 571 1977 570 570 1978 572 572 1979 571 571 1980 572 572 1981 573 573 1982 572 572 1983 574 574 1984 573 573 1985 573 573 1986 574 574 1987 575 575 1988 576 576 1989 573 573 1990 575 575 1991 577 577 1992 576 576 1993 575 575 1994 578 578 1995 569 569 1996 568 568 1997 569 569 1998 578 578 1999 579 579 2000 580 580 2001 581 581 2002 582 582 2003 582 582 2004 583 583 2005 580 580 2006 584 584 2007 585 585 2008 586 586 2009 587 587 2010 588 588 2011 589 589 2012 590 590 2013 591 591 2014 592 592 2015 591 591 2016 593 593 2017 592 592 2018 594 594 2019 595 595 2020 596 596 2021 597 597 2022 596 596 2023 595 595 2024 595 595 2025 598 598 2026 597 597 2027 599 599 2028 595 595 2029 594 594 2030 600 600 2031 599 599 2032 594 594 2033 601 601 2034 599 599 2035 600 600 2036 600 600 2037 602 602 2038 601 601 2039 597 597 2040 598 598 2041 603 603 2042 603 603 2043 598 598 2044 604 604 2045 605 605 2046 603 603 2047 604 604 2048 605 605 2049 604 604 2050 606 606 2051 605 605 2052 606 606 2053 607 607 2054 608 608 2055 609 609 2056 610 610 2057 610 610 2058 611 611 2059 608 608 2060 610 610 2061 609 609 2062 612 612 2063 612 612 2064 613 613 2065 610 610 2066 614 614 2067 608 608 2068 611 611 2069 613 613 2070 612 612 2071 615 615 2072 616 616 2073 617 617 2074 618 618 2075 616 616 2076 619 619 2077 617 617 2078 617 617 2079 620 620 2080 618 618 2081 620 620 2082 617 617 2083 621 621 2084 621 621 2085 622 622 2086 620 620 2087 621 621 2088 617 617 2089 623 623 2090 623 623 2091 624 624 2092 621 621 2093 625 625 2094 624 624 2095 623 623 2096 623 623 2097 626 626 2098 625 625 2099 618 618 2100 627 627 2101 616 616 2102 628 628 2103 629 629 2104 630 630 2105 631 631 2106 629 629 2107 628 628 2108 631 631 2109 628 628 2110 632 632 2111 632 632 2112 633 633 2113 631 631 2114 628 628 2115 634 634 2116 632 632 2117 635 635 2118 629 629 2119 631 631 2120 636 636 2121 637 637 2122 638 638 2123 638 638 2124 639 639 2125 636 636 2126 639 639 2127 638 638 2128 640 640 2129 640 640 2130 641 641 2131 639 639 2132 638 638 2133 642 642 2134 640 640 2135 643 643 2136 644 644 2137 645 645 2138 646 646 2139 644 644 2140 643 643 2141 647 647 2142 644 644 2143 646 646 2144 646 646 2145 648 648 2146 647 647 2147 649 649 2148 648 648 2149 646 646 2150 650 650 2151 648 648 2152 649 649 2153 649 649 2154 651 651 2155 650 650 2156 652 652 2157 651 651 2158 649 649 2159 653 653 2160 651 651 2161 652 652 2162 652 652 2163 654 654 2164 653 653 2165 645 645 2166 655 655 2167 643 643 2168 643 643 2169 655 655 2170 656 656 2171 656 656 2172 655 655 2173 657 657 2174 657 657 2175 658 658 2176 656 656 2177 656 656 2178 658 658 2179 659 659 2180 659 659 2181 658 658 2182 660 660 2183 661 661 2184 654 654 2185 652 652 2186 662 662 2187 654 654 2188 661 661 2189 663 663 2190 664 664 2191 665 665 2192 665 665 2193 666 666 2194 663 663 2195 667 667 2196 664 668 2197 668 669 2198 668 669 2199 669 670 2200 667 667 2201 667 667 2202 669 670 2203 670 671 2204 670 671 2205 671 672 2206 667 667 2207 671 672 2208 670 671 2209 672 673 2210 672 673 2211 673 674 2212 671 672 2213 674 675 2214 673 674 2215 672 673 2216 674 675 2217 672 673 2218 675 676 2219 676 677 2220 677 678 2221 674 679 2222 674 679 2223 678 680 2224 676 677 2225 679 681 2226 680 682 2227 681 683 2228 681 683 2229 682 684 2230 679 681 2231 680 682 2232 679 681 2233 683 685 2234 684 686 2235 683 685 2236 679 681 2237 685 687 2238 686 688 2239 687 689 2240 688 690 2241 687 689 2242 686 688 2243 689 691 2244 690 692 2245 691 693 2246 691 693 2247 692 694 2248 689 691 2249 690 692 2250 689 691 2251 693 695 2252 694 696 2253 693 695 2254 689 691 2255 693 695 2256 694 696 2257 695 697 2258 696 698 2259 695 697 2260 694 696 2261 695 697 2262 696 698 2263 697 699 2264 697 699 2265 698 700 2266 695 697 2267 697 699 2268 699 701 2269 698 700 2270 700 702 2271 699 701 2272 697 699 2273 701 703 2274 702 704 2275 703 705 2276 703 705 2277 704 706 2278 701 703 2279 705 707 2280 706 708 2281 707 709 2282 705 707 2283 707 709 2284 708 710 2285 708 710 2286 709 711 2287 705 707 2288 708 710 2289 710 712 2290 709 711 2291 707 709 2292 706 708 2293 711 713 2294 711 713 2295 712 714 2296 707 709 2297 712 714 2298 711 713 2299 713 715 2300 713 715 2301 714 716 2302 712 714 2303 713 715 2304 715 717 2305 714 716 2306 713 715 2307 716 718 2308 715 717 2309 717 719 2310 718 720 2311 719 721 2312 718 720 2313 717 719 2314 720 722 2315 720 722 2316 721 723 2317 718 720 2318 718 720 2319 721 723 2320 722 724 2321 722 724 2322 723 725 2323 718 720 2324 722 724 2325 724 726 2326 723 725 2327 723 725 2328 724 726 2329 725 727 2330 724 726 2331 726 728 2332 725 727 2333 727 729 2334 725 727 2335 726 728 2336 728 730 2337 725 727 2338 727 729 2339 729 731 2340 728 730 2341 727 729 2342 730 732 2343 728 730 2344 729 731 2345 731 733 2346 728 730 2347 730 732 2348 729 731 2349 732 734 2350 730 732 2351 732 734 2352 733 735 2353 730 732 2354 730 732 2355 733 735 2356 734 736 2357 734 736 2358 733 735 2359 735 737 2360 734 736 2361 735 737 2362 736 738 2363 737 739 2364 736 738 2365 735 737 2366 738 740 2367 736 738 2368 737 739 2369 738 740 2370 737 739 2371 739 741 2372 737 739 2373 740 742 2374 739 741 2375 739 741 2376 740 742 2377 717 719 2378 740 742 2379 720 722 2380 717 719 2381 741 743 2382 742 744 2383 743 745 2384 743 745 2385 744 746 2386 741 743 2387 742 744 2388 741 743 2389 745 747 2390 746 748 2391 745 747 2392 741 743 2393 747 749 2394 745 747 2395 746 748 2396 748 750 2397 747 749 2398 746 748 2399 749 751 2400 747 749 2401 748 750 2402 748 750 2403 750 752 2404 749 751 2405 751 753 2406 749 751 2407 750 752 2408 750 752 2409 752 754 2410 751 753 2411 751 753 2412 752 754 2413 753 755 2414 753 755 2415 754 756 2416 751 753 2417 754 756 2418 753 755 2419 755 757 2420 755 757 2421 756 758 2422 754 756 2423 757 759 2424 756 758 2425 755 757 2426 757 759 2427 755 757 2428 758 760 2429 757 759 2430 758 760 2431 759 761 2432 759 761 2433 760 762 2434 757 759 2435 760 762 2436 759 761 2437 761 763 2438 761 763 2439 762 764 2440 760 762 2441 761 763 2442 763 765 2443 762 764 2444 764 766 2445 763 765 2446 761 763 2447 743 745 2448 763 765 2449 764 766 2450 764 766 2451 744 746 2452 743 745 2453 765 767 2454 766 768 2455 767 769 2456 768 770 2457 766 768 2458 765 767 2459 768 770 2460 769 771 2461 766 768 2462 769 771 2463 768 770 2464 770 772 2465 769 771 2466 770 772 2467 771 773 2468 771 773 2469 772 774 2470 769 771 2471 773 775 2472 772 774 2473 771 773 2474 773 775 2475 771 773 2476 774 776 2477 775 777 2478 773 775 2479 774 776 2480 775 777 2481 774 776 2482 776 778 2483 775 777 2484 776 778 2485 777 779 2486 777 779 2487 778 780 2488 775 777 2489 779 781 2490 778 780 2491 777 779 2492 777 779 2493 780 782 2494 779 781 2495 779 781 2496 780 782 2497 781 783 2498 781 783 2499 782 784 2500 779 781 2501 782 784 2502 781 783 2503 783 785 2504 783 785 2505 784 786 2506 782 784 2507 784 786 2508 783 785 2509 785 787 2510 786 788 2511 785 787 2512 783 785 2513 785 787 2514 786 788 2515 787 789 2516 787 789 2517 788 790 2518 785 787 2519 788 790 2520 787 789 2521 765 767 2522 765 767 2523 767 769 2524 788 790 2525 789 791 2526 790 792 2527 791 793 2528 790 792 2529 792 794 2530 791 793 2531 793 795 2532 794 796 2533 795 797 2534 795 797 2535 796 798 2536 793 795 2537 795 797 2538 794 796 2539 797 799 2540 797 799 2541 798 800 2542 795 797 2543 798 800 2544 797 799 2545 799 801 2546 800 802 2547 799 801 2548 797 799 2549 799 801 2550 800 802 2551 801 803 2552 802 804 2553 801 803 2554 800 802 2555 801 803 2556 802 804 2557 803 805 2558 803 805 2559 804 806 2560 801 803 2561 805 807 2562 804 806 2563 803 805 2564 806 808 2565 805 807 2566 803 805 2567 807 809 2568 808 810 2569 809 811 2570 809 811 2571 810 812 2572 807 809 2573 811 538 2574 812 538 2575 813 538 2576 813 538 2577 814 538 2578 811 538 2579 815 813 2580 816 814 2581 817 815 2582 817 815 2583 818 816 2584 815 813 2585 819 817 2586 820 818 2587 821 819 2588 821 819 2589 822 820 2590 819 817 2591 823 821 2592 822 820 2593 821 819 2594 821 819 2595 824 822 2596 823 821 2597 820 818 2598 819 817 2599 825 823 2600 825 823 2601 826 824 2602 820 818 2603 827 825 2604 819 817 2605 822 820 2606 822 820 2607 828 826 2608 827 825 2609 829 827 2610 825 823 2611 819 817 2612 830 828 2613 822 820 2614 823 821 2615 831 829 2616 832 830 2617 833 831 2618 831 829 2619 834 832 2620 832 830 2621 835 833 2622 836 834 2623 837 835 2624 837 835 2625 838 836 2626 835 833 2627 839 837 2628 840 838 2629 841 839 2630 839 837 2631 842 840 2632 840 838 2633 843 841 2634 844 842 2635 845 843 2636 845 843 2637 846 844 2638 843 841 2639 847 845 2640 848 846 2641 849 847 2642 849 847 2643 850 848 2644 847 845 2645 851 849 2646 852 850 2647 853 851 2648 853 851 2649 854 852 2650 851 849 2651 855 853 2652 856 854 2653 857 855 2654 857 855 2655 858 856 2656 855 853 2657 859 857 2658 860 858 2659 861 859 2660 859 857 2661 862 860 2662 860 858 2663 863 861 2664 864 862 2665 865 863 2666 865 863 2667 866 864 2668 863 861 2669 863 861 2670 867 865 2671 864 862 2672 868 866 2673 867 865 2674 863 861 2675 869 867 2676 870 868 2677 871 869 2678 871 869 2679 872 870 2680 869 867 2681 873 871 2682 874 872 2683 870 873 2684 870 873 2685 875 874 2686 873 871 2687 876 875 2688 877 876 2689 878 877 2690 878 877 2691 879 878 2692 876 875 2693 880 879 2694 881 880 2695 882 881 2696 881 880 2697 880 879 2698 883 882 2699 880 883 2700 884 884 2701 885 885 2702 886 886 2703 885 885 2704 884 884 2705 887 887 2706 888 888 2707 889 889 2708 889 889 2709 890 890 2710 887 887 2711 891 891 2712 890 890 2713 889 889 2714 891 891 2715 892 892 2716 890 890 2717 889 889 2718 893 893 2719 891 891 2720 894 894 2721 891 891 2722 893 893 2723 895 895 2724 891 891 2725 894 894 2726 892 892 2727 891 891 2728 895 895 2729 893 893 2730 896 896 2731 894 894 2732 897 897 2733 894 894 2734 896 896 2735 896 896 2736 898 898 2737 897 897 2738 899 899 2739 896 896 2740 893 893 2741 898 898 2742 896 896 2743 899 899 2744 895 895 2745 900 900 2746 892 892 2747 900 900 2748 895 895 2749 901 901 2750 900 900 2751 901 901 2752 902 902 2753 903 903 2754 892 892 2755 900 900 2756 890 890 2757 892 892 2758 904 904 2759 904 904 2760 905 905 2761 890 890 2762 906 906 2763 905 905 2764 904 904 2765 904 904 2766 907 907 2767 906 906 2768 905 905 2769 906 906 2770 908 908 2771 908 908 2772 909 909 2773 905 905 2774 909 909 2775 890 890 2776 905 905 2777 909 909 2778 887 887 2779 890 890 2780 899 899 2781 910 910 2782 898 898 2783 900 900 2784 902 902 2785 911 911 2786 911 911 2787 903 903 2788 900 900 2789 895 895 2790 912 912 2791 901 901 2792 895 895 2793 894 894 2794 912 912 2795 913 913 2796 914 914 2797 915 915 2798 915 915 2799 916 916 2800 913 913 2801 917 917 2802 915 915 2803 914 914 2804 914 914 2805 918 918 2806 917 917 2807 888 888 2808 916 916 2809 915 915 2810 888 888 2811 915 915 2812 889 889 2813 915 915 2814 917 917 2815 893 893 2816 893 893 2817 889 889 2818 915 915 2819 919 919 2820 920 920 2821 921 921 2822 921 921 2823 922 922 2824 919 919 2825 923 923 2826 920 920 2827 919 919 2828 919 919 2829 924 924 2830 923 923 2831 923 923 2832 924 924 2833 925 925 2834 925 925 2835 926 926 2836 923 923 2837 926 926 2838 925 925 2839 927 927 2840 927 927 2841 928 928 2842 926 926 2843 929 929 2844 925 925 2845 924 924 2846 924 924 2847 930 930 2848 929 929 2849 930 930 2850 924 924 2851 931 931 2852 919 919 2853 931 931 2854 924 924 2855 932 932 2856 933 933 2857 934 934 2858 934 934 2859 935 935 2860 932 932 2861 935 935 2862 936 936 2863 932 932 2864 936 936 2865 937 937 2866 932 932 2867 938 938 2868 939 939 2869 940 940 2870 941 941 2871 940 940 2872 939 939 2873 942 942 2874 943 943 2875 944 944 2876 944 944 2877 945 945 2878 942 942 2879 946 946 2880 947 947 2881 948 948 2882 947 947 2883 946 946 2884 949 949 2885 946 946 2886 948 948 2887 950 950 2888 950 950 2889 951 951 2890 946 946 2891 952 952 2892 947 947 2893 949 949 2894 952 952 2895 949 949 2896 953 953 2897 952 952 2898 953 953 2899 954 954 2900 954 954 2901 955 955 2902 952 952 2903 956 956 2904 957 957 2905 958 958 2906 958 958 2907 959 959 2908 956 956 2909 960 960 2910 961 961 2911 962 962 2912 961 961 2913 960 960 2914 963 963 2915 962 962 2916 964 964 2917 960 960 2918 964 964 2919 962 962 2920 965 965 2921 964 964 2922 965 965 2923 966 966 2924 966 966 2925 967 967 2926 964 964 2927 967 967 2928 966 966 2929 968 968 2930 968 968 2931 969 969 2932 967 967 2933 970 970 2934 971 971 2935 972 972 2936 972 972 2937 973 973 2938 970 970 2939 974 974 2940 975 975 2941 976 976 2942 976 976 2943 977 977 2944 974 974 2945 974 974 2946 978 978 2947 975 975 2948 978 978 2949 974 974 2950 979 979 2951 979 979 2952 980 980 2953 978 978 2954 980 980 2955 979 979 2956 981 981 2957 980 980 2958 981 981 2959 982 982 2960 982 982 2961 983 983 2962 980 980 2963 984 984 2964 985 985 2965 986 986 2966 986 986 2967 987 987 2968 984 984 2969 988 988 2970 989 989 2971 990 990 2972 990 990 2973 991 991 2974 988 988 2975 988 988 2976 992 992 2977 989 989 2978 992 992 2979 988 988 2980 993 993 2981 993 993 2982 994 994 2983 992 992 2984 994 994 2985 993 993 2986 995 995 2987 994 994 2988 995 995 2989 996 996 2990 996 996 2991 997 997 2992 994 994 2993 998 998 2994 999 999 2995 1000 1000 2996 1000 1000 2997 1001 1001 2998 998 998 2999 1002 1002 3000 1003 1003 3001 1004 1003 3002 1003 1003 3003 1002 1002 3004 1005 1004 3005 1006 1005 3006 1005 1004 3007 1002 1002 3008 1002 1002 3009 1007 1006 3010 1006 1005 3011 1008 1007 3012 1009 1008 3013 1010 1009 3014 1009 1008 3015 1008 1007 3016 1011 1010 3017 1008 1007 3018 1010 1009 3019 1012 1011 3020 1012 1011 3021 1013 1012 3022 1008 1007 3023 1014 1013 3024 1008 1007 3025 1013 1012 3026 1013 1012 3027 1015 1014 3028 1014 1013 3029 1016 1015 3030 1017 1016 3031 1018 1017 3032 1018 1017 3033 1019 1018 3034 1016 1015 3035 1019 1018 3036 1020 1019 3037 1016 1015 3038 1021 1020 3039 1016 1015 3040 1020 1019 3041 1017 1016 3042 1016 1015 3043 1022 1021 3044 1022 1021 3045 1023 1022 3046 1017 1016 3047 1024 1023 3048 1025 1024 3049 1026 1025 3050 1026 1025 3051 1027 1026 3052 1024 1023 3053 1024 1023 3054 1027 1026 3055 1028 1027 3056 1028 1027 3057 1029 1028 3058 1024 1023 3059 1030 1029 3060 1026 1025 3061 1025 1024 3062 1025 1024 3063 1031 1030 3064 1030 1029 3065 1032 1031 3066 1030 1029 3067 1031 1030 3068 1031 1030 3069 1033 1032 3070 1032 1031 3071 1034 1033 3072 1032 1031 3073 1033 1032 3074 1033 1032 3075 1035 1034 3076 1034 1033 3077 1036 1035 3078 1037 1036 3079 1038 1037 3080 1039 1038 3081 1038 1037 3082 1037 1036 3083 1039 1038 3084 1037 1036 3085 1040 1039 3086 1040 1039 3087 1041 1040 3088 1039 1038 3089 1042 1041 3090 1040 1039 3091 1037 1036 3092 1040 1039 3093 1042 1041 3094 1043 1042 3095 1043 1042 3096 1044 1043 3097 1040 1039 3098 1045 1044 3099 1044 1043 3100 1043 1042 3101 1043 1042 3102 1046 1045 3103 1045 1044 3104 1037 1036 3105 1047 1046 3106 1042 1041 3107 1037 1036 3108 1036 1035 3109 1047 1046 3110 1048 1047 3111 1047 1046 3112 1036 1035 3113 1049 1048 3114 1045 1044 3115 1046 1045 3116 1046 1045 3117 1050 1049 3118 1049 1048 3119 1050 1049 3120 1051 1050 3121 1049 1048 3122 1050 1049 3123 1052 1051 3124 1051 1050 3125 1052 1051 3126 1053 1052 3127 1051 1050 3128 1052 1051 3129 1054 1053 3130 1053 1052 3131 1054 1053 3132 1055 1054 3133 1053 1052 3134 1053 1052 3135 1055 1054 3136 1056 1055 3137 1055 1054 3138 1057 1056 3139 1056 1055 3140 1058 1057 3141 1056 1055 3142 1057 1056 3143 1056 1055 3144 1059 1058 3145 1053 1052 3146 1057 1056 3147 1055 1054 3148 1060 1059 3149 1055 1054 3150 1054 1053 3151 1060 1059 3152 1060 1059 3153 1061 1060 3154 1057 1056 3155 1062 1061 3156 1063 1062 3157 1064 1063 3158 1064 1063 3159 1065 1064 3160 1062 1061 3161 1065 1064 3162 1064 1063 3163 1066 1065 3164 1066 1065 3165 1067 1066 3166 1065 1064 3167 1068 1067 3168 1067 1066 3169 1066 1065 3170 1067 1066 3171 1068 1067 3172 1069 1068 3173 1068 1067 3174 1070 1069 3175 1069 1068 3176 1071 1070 3177 1069 1068 3178 1070 1069 3179 1070 1069 3180 1072 1071 3181 1071 1070 3182 1073 1072 3183 1071 1070 3184 1072 1071 3185 1074 1073 3186 1073 1072 3187 1072 1071 3188 1073 1072 3189 1074 1073 3190 1075 1074 3191 1075 1074 3192 1076 1075 3193 1073 1072 3194 1076 1075 3195 1075 1074 3196 1077 1076 3197 1076 1075 3198 1077 1076 3199 1078 1077 3200 1079 1078 3201 1078 1077 3202 1077 1076 3203 1080 1079 3204 1078 1077 3205 1079 1078 3206 1079 1078 3207 1081 1080 3208 1080 1079 3209 1082 1081 3210 1080 1079 3211 1081 1080 3212 1083 1082 3213 1082 1081 3214 1081 1080 3215 1082 1081 3216 1083 1082 3217 1063 1062 3218 1082 1081 3219 1063 1062 3220 1062 1061 3221 1084 1083 3222 1085 1084 3223 1086 1085 3224 1085 1084 3225 1087 1086 3226 1086 1085 3227 1087 1086 3228 1085 1084 3229 1088 1087 3230 1088 1087 3231 1089 1088 3232 1087 1086 3233 1086 1085 3234 1090 1089 3235 1084 1083 3236 1091 1090 3237 1084 1083 3238 1090 1089 3239 1092 1091 3240 1091 1090 3241 1090 1089 3242 1090 1089 3243 1093 1092 3244 1092 1091 3245 1093 1092 3246 1094 1093 3247 1092 1091 3248 1093 1092 3249 1095 1094 3250 1094 1093 3251 1095 1094 3252 1096 1095 3253 1094 1093 3254 1096 1095 3255 1095 1094 3256 1097 1096 3257 1098 1097 3258 1099 1098 3259 1100 1099 3260 1101 1100 3261 1098 1097 3262 1100 1099 3263 1102 1101 3264 1100 1099 3265 1099 1098 3266 1103 1102 3267 1100 1099 3268 1102 1101 3269 1102 1101 3270 1104 1103 3271 1103 1102 3272 1105 1104 3273 1104 1103 3274 1102 1101 3275 1104 1103 3276 1105 1104 3277 1106 1105 3278 1107 1106 3279 1106 1105 3280 1105 1104 3281 1106 1105 3282 1107 1106 3283 1108 1107 3284 1107 1106 3285 1109 1108 3286 1108 1107 3287 1108 1107 3288 1109 1108 3289 1110 1109 3290 1108 1107 3291 1110 1109 3292 1111 1110 3293 1111 1110 3294 1110 1109 3295 1112 1111 3296 1112 1111 3297 1098 1097 3298 1101 1100 3299 1110 1109 3300 1113 1112 3301 1112 1111 3302 1112 1111 3303 1113 1112 3304 1098 1097 3305 1114 1113 3306 1115 1114 3307 1116 1115 3308 1116 1115 3309 1117 1116 3310 1114 1113 3311 1116 1115 3312 1115 1114 3313 1118 1117 3314 1116 1115 3315 1118 1117 3316 1119 1118 3317 1119 1118 3318 1118 1117 3319 1120 1119 3320 1118 1117 3321 1121 1120 3322 1120 1119 3323 1120 1119 3324 1121 1120 3325 1122 1121 3326 1121 1120 3327 1123 1122 3328 1122 1121 3329 1122 1121 3330 1123 1122 3331 1124 1123 3332 1124 1123 3333 1125 1124 3334 1122 1121 3335 1125 1124 3336 1124 1123 3337 1126 1125 3338 1126 1125 3339 1114 1113 3340 1117 1116 3341 1126 1125 3342 1127 1126 3343 1125 1124 3344 1117 1116 3345 1127 1126 3346 1126 1125 3347 1128 1127 3348 1129 1128 3349 1130 1129 3350 1130 1129 3351 1131 1130 3352 1128 1127 3353 1131 1130 3354 1132 1131 3355 1128 1127 3356 1133 1132 3357 1132 1131 3358 1131 1130 3359 1130 1129 3360 1129 1128 3361 1134 1133 3362 1134 1133 3363 1129 1128 3364 1135 1134 3365 1135 1134 3366 1136 1135 3367 1134 1133 3368 1136 1135 3369 1137 1136 3370 1134 1133 3371 1137 1136 3372 1136 1135 3373 1138 1137 3374 1138 1137 3375 1139 1138 3376 1137 1136 3377 1138 1137 3378 1140 1139 3379 1139 1138 3380 1140 1139 3381 1141 1140 3382 1139 1138 3383 1141 1140 3384 1140 1139 3385 1142 1141 3386 1142 1141 3387 1143 1142 3388 1141 1140 3389 1144 1143 3390 1132 1131 3391 1133 1132 3392 1133 1132 3393 1145 1144 3394 1144 1143 3395 1145 1144 3396 1146 1145 3397 1144 1143 3398 1145 1144 3399 1147 1146 3400 1146 1145 3401 1148 1147 3402 1146 1145 3403 1147 1146 3404 1147 1146 3405 1149 1148 3406 1148 1147 3407 1142 1141 3408 1150 1149 3409 1143 1142 3410 1150 1149 3411 1151 1150 3412 1143 1142 3413 1151 1150 3414 1150 1149 3415 1152 1151 3416 1152 1151 3417 1153 1152 3418 1151 1150 3419 1154 1153 3420 1155 1154 3421 1156 1155 3422 1156 1155 3423 1157 1156 3424 1154 1153 3425 1154 1153 3426 1158 1157 3427 1155 1154 3428 1155 1154 3429 1158 1157 3430 1159 1158 3431 1159 1158 3432 1158 1157 3433 1160 1159 3434 1158 1157 3435 1161 1160 3436 1160 1159 3437 1162 1161 3438 1160 1159 3439 1161 1160 3440 1161 1160 3441 1163 1162 3442 1162 1161 3443 1164 1163 3444 1162 1161 3445 1163 1162 3446 1165 1164 3447 1162 1161 3448 1164 1163 3449 1164 1163 3450 1166 1165 3451 1165 1164 3452 1165 1164 3453 1166 1165 3454 1167 1166 3455 1167 1166 3456 1168 1167 3457 1165 1164 3458 1168 1167 3459 1167 1166 3460 1169 1168 3461 1170 1169 3462 1169 1168 3463 1167 1166 3464 1169 1168 3465 1170 1169 3466 1171 1170 3467 1171 1170 3468 1172 1171 3469 1169 1168 3470 1173 1172 3471 1172 1171 3472 1171 1170 3473 1172 1171 3474 1173 1172 3475 1174 1173 3476 1174 1173 3477 1175 1174 3478 1172 1171 3479 1176 1175 3480 1175 1174 3481 1174 1173 3482 1174 1173 3483 1177 1176 3484 1176 1175 3485 1176 1175 3486 1177 1176 3487 1178 1177 3488 1178 1177 3489 1179 1178 3490 1176 1175 3491 1180 1179 3492 1179 1178 3493 1178 1177 3494 1178 1177 3495 1181 1180 3496 1180 1179 3497 1182 1181 3498 1183 1182 3499 1184 1183 3500 1184 1183 3501 1185 1184 3502 1182 1181 3503 1186 1185 3504 1182 1181 3505 1185 1184 3506 1186 1185 3507 1185 1184 3508 1187 1186 3509 1188 1187 3510 1186 1185 3511 1187 1186 3512 1187 1186 3513 1189 1188 3514 1188 1187 3515 1190 1189 3516 1188 1187 3517 1189 1188 3518 1190 1189 3519 1189 1188 3520 1191 1190 3521 1192 1191 3522 1190 1189 3523 1191 1190 3524 1193 1192 3525 1194 1193 3526 1195 1194 3527 1194 1193 3528 1196 1195 3529 1195 1194 3530 1196 1195 3531 1194 1193 3532 1197 1196 3533 1197 1196 3534 1198 1197 3535 1196 1195 3536 1197 1196 3537 1199 1198 3538 1198 1197 3539 1199 1198 3540 1200 1199 3541 1198 1197 3542 1200 1199 3543 1199 1198 3544 1201 1200 3545 1201 1200 3546 1202 1201 3547 1200 1199 3548 1203 1202 3549 1193 1192 3550 1195 1194 3551 1204 1203 3552 1205 1204 3553 1206 1205 3554 1207 1206 3555 1204 1203 3556 1206 1205 3557 1207 1206 3558 1208 1207 3559 1204 1203 3560 1209 1208 3561 1207 1206 3562 1206 1205 3563 1206 1205 3564 1210 1209 3565 1209 1208 3566 1206 1205 3567 1205 1204 3568 1211 1210 3569 1206 1205 3570 1211 1210 3571 1212 1211 3572 1212 1211 3573 1211 1210 3574 1213 1212 3575 1212 1211 3576 1213 1212 3577 1214 1213 3578 1214 1213 3579 1215 1214 3580 1212 1211 3581 1212 1211 3582 1215 1214 3583 1216 1215 3584 1216 1215 3585 1217 1216 3586 1212 1211 3587 1217 1216 3588 1210 1209 3589 1206 1205 3590 1206 1205 3591 1212 1211 3592 1217 1216 3593 1208 1207 3594 1207 1206 3595 1218 1217 3596 1219 1218 3597 1218 1217 3598 1207 1206 3599 1218 1217 3600 1219 1218 3601 1220 1219 3602 1220 1219 3603 1221 1220 3604 1218 1217 3605 1222 1221 3606 1220 1219 3607 1219 1218 3608 1219 1218 3609 1223 1222 3610 1222 1221 3611 1224 1223 3612 1215 1214 3613 1214 1213 3614 1214 1213 3615 1225 1224 3616 1224 1223 3617 1223 1222 3618 1219 1218 3619 1207 1206 3620 1207 1206 3621 1209 1208 3622 1223 1222 3623 1226 1225 3624 1216 1215 3625 1215 1214 3626 1215 1214 3627 1224 1223 3628 1226 1225 3629 1227 1226 3630 1218 1217 3631 1221 1220 3632 1221 1220 3633 1228 1227 3634 1227 1226 3635 1229 1228 3636 1227 1226 3637 1228 1227 3638 1228 1227 3639 1230 1229 3640 1229 1228 3641 1231 1230 3642 1229 1228 3643 1230 1229 3644 1230 1229 3645 1232 1231 3646 1231 1230 3647 1227 1226 3648 1229 1228 3649 1233 1232 3650 1233 1232 3651 1234 1233 3652 1227 1226 3653 1229 1228 3654 1231 1230 3655 1235 1234 3656 1235 1234 3657 1233 1232 3658 1229 1228 3659 1218 1217 3660 1227 1226 3661 1234 1233 3662 1234 1233 3663 1208 1207 3664 1218 1217 3665 1225 1224 3666 1214 1213 3667 1236 1235 3668 1236 1235 3669 1237 1236 3670 1225 1224 3671 1236 1235 3672 1238 1237 3673 1237 1236 3674 1238 1237 3675 1239 1238 3676 1237 1236 3677 1240 1239 3678 1238 1237 3679 1236 1235 3680 1241 1240 3681 1240 1239 3682 1236 1235 3683 1214 1213 3684 1241 1240 3685 1236 1235 3686 1241 1240 3687 1242 1241 3688 1240 1239 3689 1241 1240 3690 1214 1213 3691 1213 1212 3692 1243 1242 3693 1244 1243 3694 1245 1244 3695 1244 1243 3696 1243 1242 3697 1246 1245 3698 1246 1245 3699 1247 1246 3700 1244 1243 3701 1247 1246 3702 1246 1245 3703 1248 1247 3704 1248 1247 3705 1249 1248 3706 1247 1246 3707 1249 1248 3708 1248 1247 3709 1250 1249 3710 1250 1249 3711 1251 1250 3712 1249 1248 3713 1250 1249 3714 1248 1247 3715 1252 1251 3716 1252 1251 3717 1253 1252 3718 1250 1249 3719 1254 1253 3720 1243 1242 3721 1245 1244 3722 1255 1254 3723 1243 1242 3724 1254 1253 3725 1246 1245 3726 1243 1242 3727 1255 1254 3728 1254 1253 3729 1256 1255 3730 1255 1254 3731 1257 1256 3732 1256 1255 3733 1254 1253 3734 1256 1255 3735 1257 1256 3736 1258 1257 3737 1259 1258 3738 1258 1257 3739 1257 1256 3740 1260 1259 3741 1259 1258 3742 1257 1256 3743 1260 1259 3744 1261 1260 3745 1259 1258 3746 1258 1257 3747 1259 1258 3748 1262 1261 3749 1257 1256 3750 1254 1253 3751 1263 1262 3752 1257 1256 3753 1263 1262 3754 1260 1259 3755 1245 1244 3756 1263 1262 3757 1254 1253 3758 1255 1254 3759 1264 1263 3760 1246 1245 3761 1248 1247 3762 1246 1245 3763 1264 1263 3764 1264 1263 3765 1252 1251 3766 1248 1247 3767 1265 1264 3768 1266 1265 3769 1267 1266 3770 1268 1267 3771 1265 1264 3772 1267 1266 3773 1269 1268 3774 1265 1264 3775 1268 1267 3776 1269 1268 3777 1270 1269 3778 1265 1264 3779 1265 1264 3780 1270 1269 3781 1271 1270 3782 1272 1271 3783 1273 1272 3784 1274 1273 3785 1274 1273 3786 1275 1274 3787 1272 1271 3788 1272 1271 3789 1276 1275 3790 1273 1272 3791 1274 1273 3792 1273 1272 3793 1277 1276 3794 1278 1277 3795 1274 1273 3796 1277 1276 3797 1279 1278 3798 1280 1279 3799 1281 1280 3800 1282 1281 3801 1280 1279 3802 1279 1278 3803 1282 1281 3804 1279 1278 3805 1283 1282 3806 1283 1282 3807 1284 1283 3808 1282 1281 3809 1285 1284 3810 1286 1285 3811 1287 1286 3812 1288 1287 3813 1286 1285 3814 1285 1284 3815 1289 1288 3816 1288 1287 3817 1285 1284 3818 1288 1287 3819 1289 1288 3820 1290 1289 3821 1291 1290 3822 1285 1284 3823 1287 1286 3824 1287 1286 3825 1292 1291 3826 1291 1290 3827 1293 1292 3828 1291 1290 3829 1292 1291 3830 1293 1292 3831 1292 1291 3832 1294 1293 3833 1295 1294 3834 1291 1290 3835 1293 1292 3836 1295 1294 3837 1296 1295 3838 1291 1290 3839 1285 1284 3840 1291 1290 3841 1296 1295 3842 1296 1295 3843 1289 1288 3844 1285 1284 3845 1288 1287 3846 1297 1296 3847 1286 1285 3848 1297 1296 3849 1298 1297 3850 1286 1285 3851 1297 1296 3852 1299 1298 3853 1298 1297 3854 1299 1298 3855 1300 1299 3856 1298 1297 3857 1301 1300 3858 1299 1298 3859 1297 1296 3860 1297 1296 3861 1302 1301 3862 1301 1300 3863 1290 1289 3864 1302 1301 3865 1288 1287 3866 1302 1301 3867 1297 1296 3868 1288 1287 3869 1303 1302 3870 1304 1303 3871 1305 1304 3872 1304 1303 3873 1306 1305 3874 1305 1304 3875 1304 1303 3876 1307 1306 3877 1306 1305 3878 1308 1307 3879 1306 1305 3880 1307 1306 3881 1307 1306 3882 1309 1308 3883 1308 1307 3884 1304 1303 3885 1310 1309 3886 1307 1306 3887 1311 1310 3888 1303 1302 3889 1305 1304 3890 1312 1311 3891 1311 1310 3892 1305 1304 3893 1313 1312 3894 1311 1310 3895 1312 1311 3896 1311 1310 3897 1314 1313 3898 1303 1302 3899 1315 1314 3900 1316 1315 3901 1317 1316 3902 1317 1316 3903 1318 1317 3904 1315 1314 3905 1319 1318 3906 1320 1319 3907 1321 1320 3908 1321 1320 3909 1322 1321 3910 1319 1318 3911 1323 1322 3912 1324 1323 3913 1325 1324 3914 1325 1324 3915 1326 1325 3916 1323 1322 3917 1327 1326 3918 1328 1327 3919 1329 1328 3920 1330 538 3921 1328 1327 3922 1327 1326 3923 1329 1328 3924 1328 1327 3925 1331 1329 3926 1332 1330 3927 1333 1331 3928 1334 1332 3929 1335 1333 3930 1332 1330 3931 1334 1332 3932 1335 1333 3933 1334 1332 3934 1336 1334 3935 1336 1334 3936 1337 1335 3937 1335 1333 3938 1336 1334 3939 1338 1336 3940 1337 1335 3941 1338 1336 3942 1339 1337 3943 1337 1335 3944 1340 1338 3945 1341 1339 3946 1342 1340 3947 1341 1339 3948 1343 1341 3949 1342 1340 3950 1340 1338 3951 1344 1342 3952 1341 1339 3953 1340 1338 3954 1345 1343 3955 1344 1342 3956 1340 1338 3957 1346 1344 3958 1345 1343 3959 1345 1343 3960 1346 1344 3961 1347 1345 3962 1347 1345 3963 1346 1344 3964 1348 1346 3965 1347 1345 3966 1348 1346 3967 1349 1347 3968 1349 1347 3969 1348 1346 3970 1350 1348 3971 1351 1349 3972 1350 1348 3973 1348 1346 3974 1352 1350 3975 1350 1348 3976 1351 1349 3977 1352 1350 3978 1351 1349 3979 1353 1351 3980 1353 1351 3981 1354 1352 3982 1352 1350 3983 1353 1351 3984 1355 1353 3985 1354 1352 3986 1353 1351 3987 1356 1354 3988 1355 1353 3989 1356 1354 3990 1357 1355 3991 1355 1353 3992 1352 1350 3993 1358 1356 3994 1350 1348 3995 1347 1345 3996 1359 1357 3997 1345 1343 3998 1360 1358 3999 1361 1359 4000 1362 1360 4001 1362 1360 4002 1363 1361 4003 1360 1358 4004 1360 1358 4005 1363 1361 4006 1364 1362 4007 1364 1362 4008 1363 1361 4009 1365 1363 4010 1364 1362 4011 1365 1363 4012 1366 1364 4013 1366 1364 4014 1365 1363 4015 1367 1365 4016 1368 1366 4017 1367 1365 4018 1365 1363 4019 1367 1365 4020 1368 1366 4021 1369 1367 4022 1361 1359 4023 1370 1368 4024 1362 1360 4025 1370 1368 4026 1361 1359 4027 1371 1369 4028 1372 1370 4029 1373 1371 4030 1374 1372 4031 1374 1372 4032 1375 1373 4033 1372 1370 4034 1376 1374 4035 1377 1375 4036 1378 1376 4037 1379 1377 4038 1380 1378 4039 1381 1379 4040 1382 1380 4041 1383 1381 4042 1384 1382 4043 1382 1380 4044 1385 1383 4045 1383 1381 4046 1386 1384 4047 1387 1385 4048 1388 1386 4049 1386 1384 4050 1388 1386 4051 1389 1387 4052 1389 1387 4053 1390 1388 4054 1386 1384 4055 1386 1384 4056 1391 1389 4057 1387 1385 4058 1391 1389 4059 1392 1390 4060 1387 1385 4061 1392 1390 4062 1391 1389 4063 1393 1391 4064 1392 1390 4065 1393 1391 4066 1394 1392 4067 1390 1388 4068 1389 1387 4069 1395 1393 4070 1390 1388 4071 1395 1393 4072 1396 1394 4073 1395 1393 4074 1397 1395 4075 1396 1394 4076 1398 1396 4077 1396 1394 4078 1397 1395 4079 1399 1397 4080 1398 1396 4081 1397 1395 4082 1400 1398 4083 1401 1399 4084 1402 1400 4085 1402 1400 4086 1403 1401 4087 1400 1398 4088 1402 1400 4089 1404 1402 4090 1403 1401 4091 1405 1403 4092 1404 1402 4093 1402 1400 4094 1400 1398 4095 1406 1404 4096 1401 1399 4097 1404 1402 4098 1405 1403 4099 1407 1405 4100 1408 1406 4101 1409 1407 4102 1410 1408 4103 1411 1409 4104 1408 1406 4105 1410 1408 4106 1410 1408 4107 1412 1410 4108 1411 1409 4109 1412 1410 4110 1413 1411 4111 1411 1409 4112 1409 1407 4113 1414 1412 4114 1410 1408 4115 1415 1413 4116 1413 1411 4117 1412 1410 4118 1415 1413 4119 1412 1410 4120 1416 1414 4121 1412 1410 4122 1417 1415 4123 1416 1414 4124 1416 1414 4125 1418 1416 4126 1415 1413 4127 1413 1411 4128 1419 1417 4129 1411 1409 4130 1420 1418 4131 1421 1419 4132 1422 1420 4133 1420 1418 4134 1423 1421 4135 1421 1419 4136 1421 1419 4137 1423 1421 4138 1424 1422 4139 1424 1422 4140 1425 1423 4141 1421 1419 4142 1423 1421 4143 1426 1424 4144 1424 1422 4145 1420 1418 4146 1427 1425 4147 1423 1421 4148 1428 1426 4149 1429 1427 4150 1430 1428 4151 1430 1428 4152 1429 1427 4153 1431 1429 4154 1431 1429 4155 1432 1430 4156 1430 1428 4157 1430 1428 4158 1433 1431 4159 1428 1426 4160 1429 1427 4161 1434 1432 4162 1431 1429 4163 1435 1433 4164 1436 1434 4165 1437 1435 4166 1435 1433 4167 1438 1436 4168 1436 1434 4169 1435 1433 4170 1439 1437 4171 1438 1436 4172 1440 1438 4173 1438 1436 4174 1439 1437 4175 1440 1438 4176 1441 1439 4177 1438 1436 4178 1440 1438 4179 1442 1440 4180 1441 1439 4181 1443 1441 4182 1441 1439 4183 1442 1440 4184 1443 1441 4185 1444 1442 4186 1441 1439 4187 1443 1441 4188 1445 1443 4189 1444 1442 4190 1446 1444 4191 1444 1442 4192 1445 1443 4193 1447 1445 4194 1437 1435 4195 1436 1434 4196 1447 1445 4197 1436 1434 4198 1448 1446 4199 1447 1445 4200 1448 1446 4201 1449 1447 4202 1450 1448 4203 1449 1447 4204 1448 1446 4205 1450 1448 4206 1448 1446 4207 1451 1449 4208 1450 1448 4209 1451 1449 4210 1452 1450 4211 1446 1444 4212 1453 1451 4213 1444 1442 4214 1446 1444 4215 1454 1452 4216 1453 1451 4217 1455 1453 4218 1456 1454 4219 1457 1455 4220 1457 1455 4221 1458 1456 4222 1455 1453 4223 1459 1457 4224 1456 1458 4225 1460 1459 4226 1461 1460 4227 1459 1457 4228 1460 1459 4229 1462 1461 4230 1461 1460 4231 1460 1459 4232 1460 1459 4233 1463 1462 4234 1462 1461 4235 1464 1463 4236 1462 1461 4237 1463 1462 4238 1463 1462 4239 1465 1464 4240 1464 1463 4241 1465 1464 4242 1466 1465 4243 1464 1463 4244 1464 1463 4245 1466 1465 4246 1467 1466 4247 1468 1467 4248 1469 1468 4249 1466 1469 4250 1466 1469 4251 1470 1470 4252 1468 1467 4253 1471 1471 4254 1472 1472 4255 1473 1473 4256 1473 1473 4257 1474 1474 4258 1471 1471 4259 1473 1473 4260 1472 1472 4261 1475 1475 4262 1475 1475 4263 1476 1476 4264 1473 1473 4265 1477 1477 4266 1478 1478 4267 1479 1479 4268 1477 1477 4269 1479 1479 4270 1480 1480 4271 1481 1481 4272 1482 1482 4273 1483 1483 4274 1483 1483 4275 1484 1484 4276 1481 1481 4277 1483 1483 4278 1482 1482 4279 1485 1485 4280 1485 1485 4281 1486 1486 4282 1483 1483 4283 1486 1486 4284 1485 1485 4285 1487 1487 4286 1487 1487 4287 1488 1488 4288 1486 1486 4289 1489 1489 4290 1488 1488 4291 1487 1487 4292 1487 1487 4293 1490 1490 4294 1489 1489 4295 1491 1491 4296 1489 1489 4297 1490 1490 4298 1489 1489 4299 1491 1491 4300 1492 1492 4301 1493 1493 4302 1494 1494 4303 1495 1495 4304 1495 1495 4305 1496 1496 4306 1493 1493 4307 1497 1497 4308 1498 1498 4309 1499 1499 4310 1499 1499 4311 1500 1500 4312 1497 1497 4313 1497 1497 4314 1501 1501 4315 1498 1498 4316 1501 1501 4317 1502 1502 4318 1498 1498 4319 1503 1503 4320 1500 1500 4321 1499 1499 4322 1499 1499 4323 1504 1504 4324 1503 1503 4325 1505 1505 4326 1503 1503 4327 1504 1504 4328 1505 1505 4329 1504 1504 4330 1506 1506 4331 1505 1505 4332 1506 1506 4333 1507 1507 4334 1507 1507 4335 1508 538 4336 1505 1505 4337 1509 1508 4338 1510 1509 4339 1511 1510 4340 1512 1511 4341 1510 1509 4342 1509 1508 4343 1509 1508 4344 1513 1512 4345 1512 1511 4346 1514 1513 4347 1513 1512 4348 1509 1508 4349 1509 1508 4350 1515 1514 4351 1514 1513 4352 1516 1515 4353 1514 1513 4354 1515 1514 4355 1517 1516 4356 1516 1515 4357 1515 1514 4358 1517 1516 4359 1518 1517 4360 1516 1515 4361 1517 1516 4362 1519 1518 4363 1518 1517 4364 1520 1519 4365 1519 1518 4366 1517 1516 4367 1520 1519 4368 1521 1520 4369 1519 1518 4370 1521 1520 4371 1520 1519 4372 1522 1521 4373 1520 1519 4374 1523 1522 4375 1522 1521 4376 1522 1521 4377 1524 538 4378 1521 1520 4379 1525 1523 4380 1524 538 4381 1522 1521 4382 1522 1521 4383 1526 1524 4384 1525 1523 4385 1525 1523 4386 1526 1524 4387 1527 1525 4388 1526 1524 4389 1528 738 4390 1527 1525 4391 1529 1526 4392 1527 1525 4393 1528 738 4394 1528 738 4395 1530 1527 4396 1529 1526 4397 1531 1528 4398 1529 1526 4399 1530 1527 4400 1531 1528 4401 1532 1529 4402 1529 1526 4403 1532 1529 4404 1531 1528 4405 1510 1509 4406 1510 1509 4407 1512 1511 4408 1532 1529 4409 1533 1530 4410 1534 1531 4411 1535 1532 4412 1535 1532 4413 1536 1533 4414 1533 1530 4415 1535 1532 4416 1534 1531 4417 1537 1534 4418 1537 1534 4419 1538 1535 4420 1535 1532 4421 1539 1536 4422 1538 1535 4423 1537 1534 4424 1538 1535 4425 1539 1536 4426 1540 1537 4427 1539 1536 4428 1541 1538 4429 1540 1537 4430 1542 1539 4431 1540 1537 4432 1541 1538 4433 1542 1539 4434 1541 1538 4435 1543 1540 4436 1543 1540 4437 1544 1541 4438 1542 1539 4439 1545 1542 4440 1544 1541 4441 1543 1540 4442 1543 1540 4443 1546 1543 4444 1545 1542 4445 1547 1544 4446 1545 1542 4447 1546 1543 4448 1546 1543 4449 1548 1545 4450 1547 1544 4451 1548 1545 4452 1549 1546 4453 1547 1544 4454 1547 1544 4455 1549 1546 4456 1550 1547 4457 1551 1548 4458 1550 1547 4459 1549 1546 4460 1549 1546 4461 1552 1549 4462 1551 1548 4463 1553 1550 4464 1551 1548 4465 1552 1549 4466 1552 1549 4467 1554 1551 4468 1553 1550 4469 1553 1550 4470 1554 1551 4471 1555 1552 4472 1555 1552 4473 1556 1553 4474 1553 1550 4475 1555 1552 4476 1533 1530 4477 1556 1553 4478 1556 1553 4479 1533 1530 4480 1536 1533 4481 1557 1554 4482 1558 1555 4483 1559 1556 4484 1559 1556 4485 1560 1557 4486 1557 1554 4487 1559 1556 4488 1561 1558 4489 1560 1557 4490 1560 1557 4491 1561 1558 4492 1562 1559 4493 1563 1560 4494 1562 1559 4495 1561 1558 4496 1561 1558 4497 1564 1561 4498 1563 1560 4499 1564 1561 4500 1565 1562 4501 1563 1560 4502 1563 1560 4503 1565 1562 4504 1566 1563 4505 1565 1562 4506 1567 1564 4507 1566 1563 4508 1568 1565 4509 1566 1563 4510 1567 1564 4511 1569 1566 4512 1568 1565 4513 1567 1564 4514 1567 1564 4515 1570 1567 4516 1569 1566 4517 1569 1566 4518 1570 1567 4519 1571 1568 4520 1572 1569 4521 1569 1566 4522 1571 1568 4523 1573 1570 4524 1572 1569 4525 1571 1568 4526 1571 1568 4527 1574 1571 4528 1573 1570 4529 1575 1572 4530 1573 1570 4531 1574 1571 4532 1574 1571 4533 1576 1573 4534 1575 1572 4535 1575 1572 4536 1576 1573 4537 1577 1574 4538 1577 1574 4539 1578 1575 4540 1575 1572 4541 1579 1576 4542 1578 1575 4543 1577 1574 4544 1577 1574 4545 1580 1577 4546 1579 1576 4547 1557 1554 4548 1579 1576 4549 1580 1577 4550 1580 1577 4551 1558 1555 4552 1557 1554 4553 1581 1578 4554 1582 1579 4555 1583 1580 4556 1581 1578 4557 1583 1580 4558 1584 1581 4559 1585 1582 4560 1586 1583 4561 1587 1584 4562 1588 1585 4563 1586 1583 4564 1585 1582 4565 1589 1586 4566 1587 1584 4567 1586 1583 4568 1586 1583 4569 1590 1587 4570 1589 1586 4571 1589 1586 4572 1590 1587 4573 1591 1588 4574 1591 1588 4575 1592 1589 4576 1589 1586 4577 1592 1589 4578 1591 1588 4579 1593 1590 4580 1593 1590 4581 1594 1591 4582 1592 1589 4583 1595 1592 4584 1594 1591 4585 1593 1590 4586 1593 1590 4587 1596 1593 4588 1595 1592 4589 1595 1592 4590 1596 1593 4591 1597 1594 4592 1595 1592 4593 1597 1594 4594 1598 1595 4595 1599 1596 4596 1600 538 4597 1601 1597 4598 1601 1597 4599 1602 1598 4600 1599 1596 4601 1603 538 4602 1604 538 4603 1605 538 4604 1606 538 4605 1604 538 4606 1603 538 4607 1607 1599 4608 1608 1600 4609 1609 1601 4610 1609 1601 4611 1610 1602 4612 1607 1599 4613 1611 1603 4614 1612 1604 4615 1613 1605 4616 1613 1605 4617 1614 1606 4618 1611 1603 4619 1611 1603 4620 1614 1606 4621 1615 1607 4622 1615 1607 4623 1616 1608 4624 1611 1603 4625 1617 1609 4626 1613 1605 4627 1612 1604 4628 1612 1604 4629 1618 1610 4630 1617 1609 4631 1614 1606 4632 1613 1605 4633 1619 1611 4634 1619 1611 4635 1620 1612 4636 1614 1606 4637 1617 1609 4638 1621 1613 4639 1613 1605 4640 1614 1606 4641 1622 1614 4642 1615 1607 4643 1623 1615 4644 1624 1616 4645 1625 1617 4646 1624 1616 4647 1626 1618 4648 1625 1617 4649 1627 1619 4650 1628 1620 4651 1629 1621 4652 1629 1621 4653 1630 1622 4654 1627 1619 4655 1631 1623 4656 1632 1624 4657 1633 1625 4658 1632 1624 4659 1634 1626 4660 1633 1625 4661 1635 1627 4662 1636 1628 4663 1637 1629 4664 1637 1629 4665 1638 1630 4666 1635 1627 4667 1639 1631 4668 1640 1632 4669 1641 1633 4670 1641 1633 4671 1642 1634 4672 1639 1631 4673 1643 1635 4674 1644 1636 4675 1645 1637 4676 1646 1638 4677 1645 1637 4678 1644 1636 4679 1647 1639 4680 1648 1640 4681 1649 1641 4682 1649 1641 4683 1650 1642 4684 1647 1639 4685 1651 1643 4686 1652 1644 4687 1653 1645 4688 1653 1645 4689 1654 1646 4690 1651 1643 4691 1655 1647 4692 1656 1648 4693 1657 1649 4694 1657 1649 4695 1658 1650 4696 1655 1647 4697 1659 1651 4698 1657 1649 4699 1656 1648 4700 1657 1649 4701 1659 1651 4702 1660 1652 4703 1661 1653 4704 1662 1654 4705 1663 1655 4706 1664 1656 4707 1663 1655 4708 1662 1654 4709 1664 1657 4710 1665 1658 4711 1666 1659 4712 1666 1659 4713 1667 1660 4714 1664 1657 4715 1668 1661 4716 1669 1662 4717 1670 1663 4718 1670 1663 4719 1671 1664 4720 1668 1661 4721 1672 1665 4722 1673 1666 4723 1674 1667 4724 1675 1668 4725 1673 1666 4726 1672 1665 4727 1673 1669 4728 1676 1670 4729 1677 1671 4730 1677 1671 4731 1676 1670 4732 1678 1672 4733 1679 1673 4734 1680 1674 4735 1681 1675 4736 1681 1675 4737 1682 1676 4738 1679 1673 4739 1683 1677 4740 1681 1675 4741 1680 1674 4742 1680 1674 4743 1684 1678 4744 1683 1677 4745 1685 1679 4746 1681 1675 4747 1683 1677 4748 1683 1677 4749 1686 1680 4750 1685 1679 4751 1683 1677 4752 1687 1681 4753 1686 1680 4754 1687 1681 4755 1683 1677 4756 1684 1678 4757 1688 1682 4758 1685 1679 4759 1686 1680 4760 1688 1682 4761 1686 1680 4762 1689 1683 4763 1689 1683 4764 1690 1684 4765 1688 1682 4766 1688 1682 4767 1691 1685 4768 1685 1679 4769 1691 1685 4770 1688 1682 4771 1690 1684 4772 1684 1678 4773 1692 1686 4774 1687 1681 4775 1687 1681 4776 1692 1686 4777 1693 1687 4778 1693 1687 4779 1692 1686 4780 1694 1688 4781 1684 1678 4782 1695 1689 4783 1692 1686 4784 1696 1690 4785 1684 1678 4786 1680 1674 4787 1690 1684 4788 1697 1691 4789 1691 1685 4790 1693 1687 4791 1698 1692 4792 1687 1681 4793 1686 1680 4794 1687 1681 4795 1698 1692 4796 1699 1693 4797 1694 1688 4798 1692 1686 4799 1692 1686 4800 1695 1689 4801 1699 1693 4802 1700 1694 4803 1701 1695 4804 1696 1690 4805 1696 1690 4806 1702 1696 4807 1700 1694 4808 1703 1697 4809 1700 1694 4810 1702 1696 4811 1702 1696 4812 1704 1698 4813 1703 1697 4814 1680 1674 4815 1702 1696 4816 1696 1690 4817 1702 1696 4818 1680 1674 4819 1704 1698 4820 1679 1673 4821 1704 1698 4822 1680 1674 4823 1705 1699 4824 1706 1700 4825 1707 1701 4826 1708 1702 4827 1706 1700 4828 1705 1699 4829 1706 1700 4830 1709 1703 4831 1707 1701 4832 1707 1701 4833 1709 1703 4834 1710 1704 4835 1706 1700 4836 1708 1702 4837 1682 1676 4838 1682 1676 4839 1681 1675 4840 1706 1700 4841 1706 1700 4842 1681 1675 4843 1685 1679 4844 1685 1679 4845 1709 1703 4846 1706 1700 4847 1711 1705 4848 1712 1706 4849 1713 1707 4850 1713 1707 4851 1714 1708 4852 1711 1705 4853 1713 1707 4854 1712 1706 4855 1715 1709 4856 1713 1707 4857 1715 1709 4858 1716 1710 4859 1716 1710 4860 1715 1709 4861 1717 1711 4862 1718 1712 4863 1717 1711 4864 1715 1709 4865 1717 1711 4866 1718 1712 4867 1719 1713 4868 1720 1714 4869 1719 1713 4870 1718 1712 4871 1716 1710 4872 1717 1711 4873 1721 1715 4874 1721 1715 4875 1722 1716 4876 1716 1710 4877 1723 1717 4878 1716 1710 4879 1722 1716 4880 1716 1710 4881 1723 1717 4882 1713 1707 4883 1724 1718 4884 1725 1719 4885 1726 1720 4886 1727 1721 4887 1725 1719 4888 1724 1718 4889 1728 1722 4890 1727 1721 4891 1724 1718 4892 1729 1723 4893 1728 1722 4894 1724 1718 4895 1730 1724 4896 1731 1725 4897 1732 1726 4898 1730 1724 4899 1733 1727 4900 1731 1725 4901 1734 1728 4902 1735 1729 4903 1736 1730 4904 1736 1730 4905 1737 1731 4906 1734 1728 4907 1738 1732 4908 1739 1733 4909 1740 1734 4910 1740 1734 4911 1741 1735 4912 1738 1732 4913 1742 1736 4914 1741 1735 4915 1740 1734 4916 1740 1734 4917 1743 1737 4918 1742 1736 4919 1739 1733 4920 1738 1732 4921 1744 1738 4922 1744 1738 4923 1745 1739 4924 1739 1733 4925 1746 1740 4926 1745 1739 4927 1744 1738 4928 1744 1738 4929 1747 1741 4930 1746 1740 4931 1748 1742 4932 1749 1743 4933 1750 1744 4934 1750 1744 4935 1751 1745 4936 1748 1742 4937 1752 1746 4938 1753 1747 4939 1754 1748 4940 1754 1748 4941 1755 1749 4942 1752 1746 4943 1755 1749 4944 1754 1748 4945 1756 1750 4946 1756 1750 4947 1757 1751 4948 1755 1749 4949 1758 1752 4950 1757 1751 4951 1756 1750 4952 1756 1750 4953 1759 1753 4954 1758 1752 4955 1760 1754 4956 1758 1752 4957 1759 1753 4958 1759 1753 4959 1761 1755 4960 1760 1754 4961 1762 1756 4962 1763 1757 4963 1764 1758 4964 1764 1758 4965 1765 1759 4966 1762 1756 4967 1766 1760 4968 1767 1761 4969 1768 1762 4970 1768 1762 4971 1769 1763 4972 1766 1760 4973 1768 1762 4974 1767 1761 4975 1770 1764 4976 1770 1764 4977 1771 1765 4978 1768 1762 4979 1771 1765 4980 1770 1764 4981 1772 1766 4982 1772 1766 4983 1773 1767 4984 1771 1765 4985 1774 1768 4986 1773 1767 4987 1772 1766 4988 1772 1766 4989 1775 1769 4990 1774 1768 4991 1776 1770 4992 1777 1771 4993 1778 1772 4994 1778 1772 4995 1779 1773 4996 1776 1770 4997 1780 1774 4998 1781 1775 4999 1782 1776 5000 1782 1776 5001 1783 1777 5002 1780 1774 5003 1782 1776 5004 1781 1775 5005 1784 1778 5006 1784 1778 5007 1785 1779 5008 1782 1776 5009 1785 1779 5010 1784 1778 5011 1786 1780 5012 1786 1780 5013 1787 1781 5014 1785 1779 5015 1788 1782 5016 1787 1781 5017 1786 1780 5018 1786 1780 5019 1789 1783 5020 1788 1782 5021 1790 1784 5022 1791 1785 5023 1792 1786 5024 1792 1786 5025 1793 1787 5026 1790 1784 5027 1794 1788 5028 1795 1789 5029 1796 1790 5030 1795 1789 5031 1797 1791 5032 1796 1790 5033 1795 1789 5034 1794 1788 5035 1798 1792 5036 1798 1792 5037 1799 1793 5038 1795 1789 5039 1800 1794 5040 1801 1795 5041 1802 1796 5042 1801 1795 5043 1803 1797 5044 1802 1796 5045 1804 1798 5046 1803 1797 5047 1801 1795 5048 1801 1795 5049 1805 1799 5050 1804 1798 5051 1805 1799 5052 1801 1795 5053 1806 1800 5054 1806 1800 5055 1807 1801 5056 1805 1799 5057 1808 1802 5058 1809 1803 5059 1810 1804 5060 1810 1804 5061 1811 1805 5062 1808 1802 5063 1812 1806 5064 1811 1805 5065 1810 1804 5066 1812 1806 5067 1810 1804 5068 1813 1807 5069 1814 1808 5070 1810 1804 5071 1809 1803 5072 1809 1803 5073 1815 1809 5074 1814 1808 5075 1816 1810 5076 1817 1811 5077 1818 1812 5078 1818 1812 5079 1819 1813 5080 1816 1810 5081 1818 1812 5082 1817 1811 5083 1820 1814 5084 1821 1815 5085 1818 1812 5086 1820 1814 5087 1822 1816 5088 1816 1810 5089 1819 1813 5090 1819 1813 5091 1823 1817 5092 1822 1816 5093 1824 1818 5094 1822 1816 5095 1823 1817 5096 1824 1818 5097 1823 1817 5098 1825 1819 5099 1826 1820 5100 1824 1818 5101 1825 1819 5102 1826 1820 5103 1825 1819 5104 1827 1821 5105 1828 1822 5106 1829 1823 5107 1830 1824 5108 1830 1824 5109 1831 1825 5110 1828 1822 5111 1831 1825 5112 1830 1824 5113 1832 1826 5114 1832 1826 5115 1833 1827 5116 1831 1825 5117 1834 1828 5118 1832 1826 5119 1830 1824 5120 1834 1828 5121 1835 1829 5122 1832 1826 5123 1835 1829 5124 1836 1830 5125 1832 1826 5126 1835 1829 5127 1837 1831 5128 1836 1830 5129 1837 1831 5130 1835 1829 5131 1838 1832 5132 1839 1833 5133 1834 1828 5134 1830 1824 5135 1839 1833 5136 1830 1824 5137 1829 1823 5138 1829 1823 5139 1840 1834 5140 1839 1833 5141 1838 1832 5142 1841 1835 5143 1837 1831 5144 1841 1835 5145 1838 1832 5146 1842 1836 5147 1843 1837 5148 1841 1835 5149 1842 1836 5150 1843 1837 5151 1842 1836 5152 1844 1838 5153 1845 1839 5154 1843 1837 5155 1844 1838 5156 1845 1839 5157 1844 1838 5158 1846 1840 5159 1847 1841 5160 1845 1839 5161 1846 1840 5162 1845 1839 5163 1847 1841 5164 1848 1842 5165 1848 1842 5166 1847 1841 5167 1849 1843 5168 1850 1844 5169 1848 1842 5170 1849 1843 5171 1848 1842 5172 1851 1845 5173 1845 1839 5174 1849 1843 5175 1847 1841 5176 1852 1846 5177 1846 1840 5178 1852 1846 5179 1847 1841 5180 1852 1846 5181 1853 1847 5182 1849 1843 5183 1854 1848 5184 1855 1849 5185 1856 1850 5186 1854 1848 5187 1856 1850 5188 1857 1851 5189 1856 1850 5190 1858 1852 5191 1857 1851 5192 1859 1853 5193 1857 1851 5194 1858 1852 5195 1858 1852 5196 1860 1854 5197 1859 1853 5198 1861 1855 5199 1859 1853 5200 1860 1854 5201 1861 1855 5202 1860 1854 5203 1862 1856 5204 1861 1855 5205 1862 1856 5206 1863 1857 5207 1862 1856 5208 1864 1858 5209 1863 1857 5210 1863 1857 5211 1864 1858 5212 1865 1859 5213 1864 1858 5214 1866 1860 5215 1865 1859 5216 1865 1859 5217 1866 1860 5218 1867 1861 5219 1865 1859 5220 1867 1861 5221 1868 1862 5222 1867 1861 5223 1869 1863 5224 1868 1862 5225 1870 1864 5226 1868 1862 5227 1869 1863 5228 1870 1864 5229 1869 1863 5230 1871 1865 5231 1871 1865 5232 1872 1866 5233 1870 1864 5234 1872 1866 5235 1871 1865 5236 1873 1867 5237 1872 1866 5238 1873 1867 5239 1874 1868 5240 1875 1869 5241 1874 1868 5242 1873 1867 5243 1874 1868 5244 1875 1869 5245 1855 1849 5246 1874 1868 5247 1855 1849 5248 1854 1848 5249 1876 1870 5250 1877 1871 5251 1878 1872 5252 1878 1872 5253 1879 1873 5254 1876 1870 5255 1877 1871 5256 1876 1870 5257 1880 1874 5258 1881 1875 5259 1877 1871 5260 1880 1874 5261 1879 1873 5262 1878 1872 5263 1882 1876 5264 1882 1876 5265 1883 1877 5266 1879 1873 5267 1884 1878 5268 1883 1877 5269 1882 1876 5270 1882 1876 5271 1885 1879 5272 1884 1878 5273 1886 1880 5274 1884 1878 5275 1885 1879 5276 1886 1880 5277 1885 1879 5278 1887 1881 5279 1888 1882 5280 1886 1880 5281 1887 1881 5282 1887 1881 5283 1889 1883 5284 1888 1882 5285 1889 1883 5286 1890 1884 5287 1888 1882 5288 1890 1884 5289 1891 1885 5290 1888 1882 5291 1891 1885 5292 1890 1884 5293 1892 1886 5294 1892 1886 5295 1893 1887 5296 1891 1885 5297 1893 1887 5298 1892 1886 5299 1894 1888 5300 1894 1888 5301 1895 1889 5302 1893 1887 5303 1895 1889 5304 1894 1888 5305 1896 1890 5306 1896 1890 5307 1894 1888 5308 1897 1891 5309 1897 1891 5310 1898 1892 5311 1896 1890 5312 1898 1892 5313 1897 1891 5314 1899 1893 5315 1900 1894 5316 1898 1892 5317 1899 1893 5318 1899 1893 5319 1901 1895 5320 1900 1894 5321 1902 1896 5322 1903 1897 5323 1904 1898 5324 1903 1897 5325 1905 1899 5326 1904 1898 5327 1904 1898 5328 1905 1899 5329 1906 1900 5330 1906 1900 5331 1907 1901 5332 1904 1898 5333 1908 1902 5334 1907 1901 5335 1906 1900 5336 1906 1900 5337 1909 1903 5338 1908 1902 5339 1910 1904 5340 1908 1902 5341 1909 1903 5342 1909 1903 5343 1911 1905 5344 1910 1904 5345 1912 1906 5346 1910 1904 5347 1911 1905 5348 1913 1907 5349 1912 1906 5350 1911 1905 5351 1912 1906 5352 1913 1907 5353 1914 1908 5354 1912 1906 5355 1914 1908 5356 1915 1909 5357 1915 1909 5358 1914 1908 5359 1916 1910 5360 1916 1910 5361 1903 1897 5362 1902 1896 5363 1914 1908 5364 1917 1911 5365 1916 1910 5366 1903 1897 5367 1916 1910 5368 1917 1911 5369 1918 1912 5370 1919 1913 5371 1920 1914 5372 1921 1915 5373 1920 1914 5374 1919 1913 5375 1920 1914 5376 1921 1915 5377 1922 1916 5378 1920 1914 5379 1922 1916 5380 1923 1917 5381 1923 1917 5382 1922 1916 5383 1924 1918 5384 1922 1916 5385 1925 1919 5386 1924 1918 5387 1924 1918 5388 1925 1919 5389 1926 1920 5390 1925 1919 5391 1927 1921 5392 1926 1920 5393 1928 1922 5394 1926 1920 5395 1927 1921 5396 1926 1920 5397 1928 1922 5398 1929 1923 5399 1928 1922 5400 1930 1924 5401 1929 1923 5402 1919 1913 5403 1918 1912 5404 1930 1924 5405 1931 1925 5406 1929 1923 5407 1930 1924 5408 1930 1924 5409 1918 1912 5410 1931 1925 5411 1932 1926 5412 1933 1927 5413 1934 1928 5414 1934 1928 5415 1935 1929 5416 1932 1926 5417 1936 1930 5418 1934 1928 5419 1933 1927 5420 1936 1930 5421 1933 1927 5422 1937 1931 5423 1935 1929 5424 1938 1932 5425 1932 1926 5426 1935 1929 5427 1939 1933 5428 1938 1932 5429 1938 1932 5430 1939 1933 5431 1940 1934 5432 1941 1935 5433 1938 1932 5434 1940 1934 5435 1941 1935 5436 1940 1934 5437 1942 1936 5438 1942 1936 5439 1943 1937 5440 1941 1935 5441 1943 1937 5442 1942 1936 5443 1944 1938 5444 1945 1939 5445 1943 1937 5446 1944 1938 5447 1945 1939 5448 1944 1938 5449 1946 1940 5450 1946 1940 5451 1947 1941 5452 1945 1939 5453 1948 1942 5454 1936 1930 5455 1937 1931 5456 1937 1931 5457 1949 1943 5458 1948 1942 5459 1950 1944 5460 1948 1942 5461 1949 1943 5462 1950 1944 5463 1949 1943 5464 1951 1945 5465 1952 1946 5466 1950 1944 5467 1951 1945 5468 1951 1945 5469 1953 1947 5470 1952 1946 5471 1947 1941 5472 1946 1940 5473 1954 1948 5474 1955 1949 5475 1947 1941 5476 1954 1948 5477 1955 1949 5478 1954 1948 5479 1956 1950 5480 1956 1950 5481 1957 1951 5482 1955 1949 5483 1958 1952 5484 1959 1953 5485 1960 1954 5486 1960 1954 5487 1961 1955 5488 1958 1952 5489 1961 1955 5490 1960 1954 5491 1962 1956 5492 1962 1956 5493 1963 1957 5494 1961 1955 5495 1964 1958 5496 1963 1957 5497 1962 1956 5498 1962 1956 5499 1965 1959 5500 1964 1958 5501 1966 1960 5502 1964 1958 5503 1965 1959 5504 1965 1959 5505 1967 1961 5506 1966 1960 5507 1968 1962 5508 1966 1960 5509 1967 1961 5510 1969 1963 5511 1966 1960 5512 1968 1962 5513 1968 1962 5514 1970 1964 5515 1969 1963 5516 1971 1965 5517 1969 1963 5518 1970 1964 5519 1971 1965 5520 1972 1966 5521 1969 1963 5522 1973 1967 5523 1972 1966 5524 1971 1965 5525 1971 1965 5526 1974 1968 5527 1973 1967 5528 1973 1967 5529 1974 1968 5530 1975 1969 5531 1975 1969 5532 1976 1970 5533 1973 1967 5534 1977 1971 5535 1976 1970 5536 1975 1969 5537 1976 1970 5538 1977 1971 5539 1978 1972 5540 1978 1972 5541 1979 1973 5542 1976 1970 5543 1980 1974 5544 1979 1973 5545 1978 1972 5546 1978 1972 5547 1981 1975 5548 1980 1974 5549 1980 1974 5550 1981 1975 5551 1982 1976 5552 1982 1976 5553 1983 1977 5554 1980 1974 5555 1984 1978 5556 1983 1977 5557 1982 1976 5558 1982 1976 5559 1985 1979 5560 1984 1978 5561 1986 1980 5562 1987 1981 5563 1988 1982 5564 1988 1982 5565 1989 1983 5566 1986 1980 5567 1987 1981 5568 1990 1984 5569 1988 1982 5570 1987 1981 5571 1991 1985 5572 1990 1984 5573 1992 1986 5574 1990 1984 5575 1991 1985 5576 1991 1985 5577 1993 1987 5578 1992 1986 5579 1993 1987 5580 1994 1988 5581 1992 1986 5582 1993 1987 5583 1995 1989 5584 1994 1988 5585 1996 1990 5586 1994 1988 5587 1995 1989 5588 1997 1991 5589 1998 1992 5590 1999 1993 5591 1998 1992 5592 2000 1994 5593 1999 1993 5594 1997 1991 5595 1999 1993 5596 2001 1995 5597 2001 1995 5598 2002 1996 5599 1997 1991 5600 2002 1996 5601 2001 1995 5602 2003 1997 5603 2004 1998 5604 2002 1996 5605 2003 1997 5606 2004 1998 5607 2003 1997 5608 2005 1999 5609 2005 1999 5610 2006 2000 5611 2004 1998 5612 2007 2001 5613 2000 1994 5614 1998 1992 5615 2008 2002 5616 2009 2003 5617 2010 2004 5618 2011 2005 5619 2010 2004 5620 2009 2003 5621 2008 2002 5622 2012 2006 5623 2009 2003 5624 2008 2002 5625 2010 2004 5626 2013 2007 5627 2013 2007 5628 2010 2004 5629 2014 2008 5630 2010 2004 5631 2011 2005 5632 2015 2009 5633 2010 2004 5634 2015 2009 5635 2016 2010 5636 2015 2009 5637 2017 2011 5638 2016 2010 5639 2016 2010 5640 2017 2011 5641 2018 2012 5642 2018 2012 5643 2019 2013 5644 2016 2010 5645 2016 2010 5646 2019 2013 5647 2020 2014 5648 2020 2014 5649 2021 2015 5650 2016 2010 5651 2010 2004 5652 2016 2010 5653 2021 2015 5654 2021 2015 5655 2014 2008 5656 2010 2004 5657 2022 2016 5658 2012 2006 5659 2008 2002 5660 2008 2002 5661 2023 2017 5662 2022 2016 5663 2022 2016 5664 2023 2017 5665 2024 2018 5666 2024 2018 5667 2025 2019 5668 2022 2016 5669 2024 2018 5670 2023 2017 5671 2026 2020 5672 2026 2020 5673 2023 2017 5674 2027 2021 5675 2019 2013 5676 2018 2012 5677 2028 2022 5678 2029 2023 5679 2028 2022 5680 2018 2012 5681 2023 2017 5682 2008 2002 5683 2027 2021 5684 2027 2021 5685 2008 2002 5686 2013 2007 5687 2019 2013 5688 2028 2022 5689 2030 2024 5690 2030 2024 5691 2020 2014 5692 2019 2013 5693 2022 2016 5694 2025 2019 5695 2031 2025 5696 2032 2026 5697 2031 2025 5698 2025 2019 5699 2033 2027 5700 2031 2025 5701 2032 2026 5702 2032 2026 5703 2034 2028 5704 2033 2027 5705 2035 2029 5706 2033 2027 5707 2034 2028 5708 2034 2028 5709 2036 2030 5710 2035 2029 5711 2037 2031 5712 2031 2025 5713 2033 2027 5714 2031 2025 5715 2037 2031 5716 2038 2032 5717 2033 2027 5718 2039 2033 5719 2037 2031 5720 2035 2029 5721 2039 2033 5722 2033 2027 5723 2022 2016 5724 2031 2025 5725 2038 2032 5726 2038 2032 5727 2012 2006 5728 2022 2016 5729 2040 2034 5730 2041 2035 5731 2029 2023 5732 2040 2034 5733 2042 2036 5734 2041 2035 5735 2041 2035 5736 2042 2036 5737 2043 2037 5738 2044 2038 5739 2042 2036 5740 2040 2034 5741 2045 2039 5742 2044 2038 5743 2040 2034 5744 2045 2039 5745 2046 2040 5746 2044 2038 5747 2045 2039 5748 2040 2034 5749 2018 2012 5750 2029 2023 5751 2018 2012 5752 2040 2034 5753 2018 2012 5754 2017 2011 5755 2045 2039 5756 2047 2041 5757 2048 2042 5758 2049 2043 5759 2048 2042 5760 2047 2041 5761 2050 2044 5762 2051 2045 5763 2048 2042 5764 2050 2044 5765 2051 2045 5766 2050 2044 5767 2052 2046 5768 2053 2047 5769 2051 2045 5770 2052 2046 5771 2053 2047 5772 2052 2046 5773 2054 2048 5774 2055 2049 5775 2053 2047 5776 2054 2048 5777 2054 2048 5778 2052 2046 5779 2056 2050 5780 2056 2050 5781 2057 2051 5782 2054 2048 5783 2058 2052 5784 2047 2041 5785 2049 2043 5786 2059 2053 5787 2047 2041 5788 2058 2052 5789 2050 2044 5790 2047 2041 5791 2059 2053 5792 2058 2052 5793 2060 2054 5794 2059 2053 5795 2060 2054 5796 2058 2052 5797 2061 2055 5798 2061 2055 5799 2062 2056 5800 2060 2054 5801 2062 2056 5802 2061 2055 5803 2063 2057 5804 2063 2057 5805 2061 2055 5806 2064 2058 5807 2063 2057 5808 2064 2058 5809 2065 2059 5810 2063 2057 5811 2066 2060 5812 2062 2056 5813 2061 2055 5814 2067 2061 5815 2064 2058 5816 2061 2055 5817 2058 2052 5818 2067 2061 5819 2058 2052 5820 2049 2043 5821 2067 2061 5822 2059 2053 5823 2068 2062 5824 2050 2044 5825 2056 2050 5826 2052 2046 5827 2068 2062 5828 2050 2044 5829 2068 2062 5830 2052 2046 5831 2069 2063 5832 2070 2064 5833 2071 2065 5834 2072 2066 5835 2069 2063 5836 2071 2065 5837 2073 2067 5838 2069 2063 5839 2072 2066 5840 2073 2067 5841 2074 2068 5842 2069 2063 5843 2069 2063 5844 2074 2068 5845 2075 2069 5846 2076 2070 5847 2077 2071 5848 2078 2072 5849 2078 2072 5850 2079 2073 5851 2076 2070 5852 2076 2070 5853 2080 2074 5854 2077 2071 5855 2078 2072 5856 2077 2071 5857 2081 2075 5858 2081 2075 5859 2082 2076 5860 2078 2072 5861 2083 2077 5862 2084 2078 5863 2085 2079 5864 2085 2079 5865 2086 2080 5866 2083 2077 5867 2087 2081 5868 2084 2078 5869 2083 2077 5870 2084 2078 5871 2087 2081 5872 2088 2082 5873 2089 2083 5874 2090 2084 5875 2091 2085 5876 2091 2085 5877 2092 2086 5878 2089 2083 5879 2090 2084 5880 2089 2083 5881 2093 2087 5882 2093 2087 5883 2094 2088 5884 2090 2084 5885 2095 2089 5886 2089 2083 5887 2092 2086 5888 2092 2086 5889 2096 2090 5890 2095 2089 5891 2096 2090 5892 2097 2091 5893 2095 2089 5894 2097 2091 5895 2096 2090 5896 2098 2092 5897 2099 2093 5898 2095 2089 5899 2097 2091 5900 2099 2093 5901 2100 2094 5902 2095 2089 5903 2100 2094 5904 2093 2087 5905 2089 2083 5906 2089 2083 5907 2095 2089 5908 2100 2094 5909 2090 2084 5910 2101 2095 5911 2091 2085 5912 2102 2096 5913 2091 2085 5914 2101 2095 5915 2101 2095 5916 2103 2097 5917 2102 2096 5918 2104 2098 5919 2102 2096 5920 2103 2097 5921 2105 2099 5922 2103 2097 5923 2101 2095 5924 2101 2095 5925 2106 2100 5926 2105 2099 5927 2101 2095 5928 2090 2084 5929 2106 2100 5930 2090 2084 5931 2094 2088 5932 2106 2100 5933 2107 2101 5934 2108 2102 5935 2109 2103 5936 2108 2102 5937 2110 2104 5938 2109 2103 5939 2108 2102 5940 2111 2105 5941 2110 2104 5942 2112 2106 5943 2110 2104 5944 2111 2105 5945 2111 2105 5946 2113 2107 5947 2112 2106 5948 2108 2102 5949 2114 2108 5950 2111 2105 5951 2115 2109 5952 2107 2101 5953 2109 2103 5954 2115 2109 5955 2109 2103 5956 2116 2110 5957 2116 2110 5958 2117 2111 5959 2115 2109 5960 2115 2109 5961 2118 2112 5962 2107 2101 5963 2119 2113 5964 2120 2114 5965 2121 2115 5966 2120 2114 5967 2119 2113 5968 2122 2116 5969 2123 2117 5970 2124 2118 5971 2125 2119 5972 2126 2120 5973 2125 2119 5974 2124 2118 5975 2127 2121 5976 2128 2122 5977 2129 2123 5978 2128 2122 5979 2127 2121 5980 2130 2124 5981 2131 538 5982 2132 538 5983 2133 538 5984 2134 538 5985 2135 538 5986 2131 538 5987 2133 2125 5988 2136 2125 5989 2137 2125 5990 2138 2126 5991 2139 2127 5992 2140 2128 5993 2139 2127 5994 2141 2129 5995 2140 2128 5996 2138 2126 5997 2140 2128 5998 2142 2130 5999 2142 2130 6000 2143 2131 6001 2138 2126 6002 2142 2130 6003 2144 2132 6004 2143 2131 6005 2144 2132 6006 2145 2133 6007 2143 2131 6008 2146 2134 6009 2147 2135 6010 2148 2136 6011 2147 2135 6012 2149 2137 6013 2148 2136 6014 2146 2134 6015 2150 2138 6016 2147 2135 6017 2146 2134 6018 2151 2139 6019 2150 2138 6020 2152 2140 6021 2151 2139 6022 2146 2134 6023 2152 2140 6024 2153 2141 6025 2151 2139 6026 2153 2141 6027 2152 2140 6028 2154 2142 6029 2154 2142 6030 2155 2143 6031 2153 2141 6032 2156 2144 6033 2155 2143 6034 2154 2142 6035 2154 2142 6036 2157 2145 6037 2156 2144 6038 2156 2144 6039 2157 2145 6040 2158 2146 6041 2159 2147 6042 2158 2146 6043 2157 2145 6044 2159 2147 6045 2160 2148 6046 2158 2146 6047 2159 2147 6048 2161 2149 6049 2160 2148 6050 2159 2147 6051 2162 2150 6052 2161 2149 6053 2162 2150 6054 2163 2151 6055 2161 2149 6056 2158 2146 6057 2164 2152 6058 2156 2144 6059 2153 2141 6060 2165 2153 6061 2151 2139 6062 2166 2154 6063 2167 2155 6064 2168 2156 6065 2168 2156 6066 2169 2157 6067 2166 2154 6068 2166 2154 6069 2169 2157 6070 2170 2158 6071 2171 2159 6072 2170 2158 6073 2169 2157 6074 2171 2159 6075 2172 2160 6076 2170 2158 6077 2172 2160 6078 2171 2159 6079 2173 2161 6080 2173 2161 6081 2171 2159 6082 2174 2162 6083 2175 2163 6084 2173 2161 6085 2174 2162 6086 2167 2155 6087 2176 2164 6088 2168 2156 6089 2176 2164 6090 2167 2155 6091 2177 2165 6092 2178 2166 6093 2179 2167 6094 2180 2168 6095 2180 2168 6096 2181 2169 6097 2178 2166 6098 2182 2170 6099 2183 2171 6100 2184 2170 6101 2185 2172 6102 2186 2172 6103 2187 2172 6104 2188 2173 6105 2189 2174 6106 2190 2175 6107 2189 2174 6108 2188 2173 6109 2191 2176 6110 2192 2177 6111 2193 2178 6112 2194 2179 6113 2192 2177 6114 2194 2179 6115 2195 2180 6116 2195 2180 6117 2196 2181 6118 2192 2177 6119 2192 2177 6120 2197 2182 6121 2193 2178 6122 2197 2182 6123 2198 2183 6124 2193 2178 6125 2199 2184 6126 2198 2183 6127 2197 2182 6128 2198 2183 6129 2199 2184 6130 2200 2185 6131 2196 2181 6132 2195 2180 6133 2201 2186 6134 2196 2181 6135 2201 2186 6136 2202 2187 6137 2201 2186 6138 2203 2188 6139 2202 2187 6140 2202 2187 6141 2203 2188 6142 2204 2189 6143 2203 2188 6144 2205 2190 6145 2204 2189 6146 2206 2191 6147 2207 2192 6148 2208 2193 6149 2208 2193 6150 2209 2194 6151 2206 2191 6152 2210 2195 6153 2209 2194 6154 2208 2193 6155 2210 2195 6156 2208 2193 6157 2211 2196 6158 2206 2191 6159 2212 2197 6160 2207 2192 6161 2210 2195 6162 2211 2196 6163 2213 2198 6164 2214 2199 6165 2215 2200 6166 2216 2201 6167 2217 2202 6168 2214 2199 6169 2216 2201 6170 2218 2203 6171 2216 2201 6172 2215 2200 6173 2215 2200 6174 2219 2204 6175 2218 2203 6176 2219 2204 6177 2220 2205 6178 2218 2203 6179 2220 2205 6180 2221 2206 6181 2218 2203 6182 2217 2202 6183 2216 2201 6184 2222 2207 6185 2216 2201 6186 2223 2208 6187 2222 2207 6188 2222 2207 6189 2224 2209 6190 2217 2202 6191 2214 2199 6192 2225 2210 6193 2215 2200 6194 2226 2211 6195 2227 2212 6196 2228 2213 6197 2226 2211 6198 2229 2214 6199 2227 2212 6200 2227 2212 6201 2229 2214 6202 2230 2215 6203 2229 2214 6204 2231 2216 6205 2230 2215 6206 2230 2215 6207 2232 2217 6208 2227 2212 6209 2226 2211 6210 2233 2218 6211 2229 2214 6212 2234 2219 6213 2235 2220 6214 2236 2221 6215 2236 2221 6216 2237 2222 6217 2234 2219 6218 2234 2219 6219 2237 2222 6220 2238 2223 6221 2238 2223 6222 2239 2224 6223 2234 2219 6224 2237 2222 6225 2240 2225 6226 2238 2223 6227 2241 2226 6228 2242 2227 6229 2243 2228 6230 2241 2226 6231 2244 2229 6232 2242 2227 6233 2241 2226 6234 2245 2230 6235 2244 2229 6236 2246 2231 6237 2244 2229 6238 2245 2230 6239 2246 2231 6240 2247 2232 6241 2244 2229 6242 2246 2231 6243 2248 2233 6244 2247 2232 6245 2249 2234 6246 2247 2232 6247 2248 2233 6248 2249 2234 6249 2250 2235 6250 2247 2232 6251 2249 2234 6252 2251 2236 6253 2250 2235 6254 2252 2237 6255 2250 2235 6256 2251 2236 6257 2253 2238 6258 2243 2228 6259 2242 2227 6260 2253 2238 6261 2242 2227 6262 2254 2239 6263 2253 2238 6264 2254 2239 6265 2255 2240 6266 2256 2241 6267 2255 2240 6268 2254 2239 6269 2256 2241 6270 2254 2239 6271 2257 2242 6272 2256 2241 6273 2257 2242 6274 2258 2243 6275 2252 2237 6276 2259 2244 6277 2250 2235 6278 2252 2237 6279 2260 2245 6280 2259 2244 6281 2261 2246 6282 2262 2247 6283 2263 2248 6284 2263 2248 6285 2264 2249 6286 2261 2246 6287 2264 2250 6288 2265 2251 6289 2266 2252 6290 2266 2252 6291 2265 2251 6292 2267 2253 6293 2268 2254 6294 2267 2253 6295 2265 2251 6296 2265 2251 6297 2269 2255 6298 2268 2254 6299 2270 2256 6300 2268 2254 6301 2269 2255 6302 2269 2255 6303 2271 2257 6304 2270 2256 6305 2270 2256 6306 2271 2257 6307 2272 2258 6308 2272 2258 6309 2273 2259 6310 2270 2256 6311 2272 2260 6312 2274 2261 6313 2275 2262 6314 2275 2262 6315 2276 2263 6316 2272 2260 6317 2277 2264 6318 2278 2265 6319 2279 2266 6320 2279 2266 6321 2280 2267 6322 2277 2264 6323 2281 2268 6324 2277 2264 6325 2280 2267 6326 2277 2264 6327 2281 2268 6328 2282 2269 6329 2283 2270 6330 2284 2271 6331 2285 2272 6332 2283 2270 6333 2286 2273 6334 2284 2271 6335 2287 2274 6336 2288 2275 6337 2289 2276 6338 2289 2276 6339 2290 2277 6340 2287 2274 6341 2288 2275 6342 2291 2278 6343 2289 2276 6344 2289 2276 6345 2291 2278 6346 2292 2279 6347 2291 2278 6348 2293 2280 6349 2292 2279 6350 2292 2279 6351 2293 2280 6352 2294 2281 6353 2295 2282 6354 2294 2281 6355 2293 2280 6356 2293 2280 6357 2296 2283 6358 2295 2282 6359 2295 2282 6360 2296 2283 6361 2297 2284 6362 2298 2285 6363 2295 2282 6364 2297 2284 6365 2299 2286 6366 2300 2287 6367 2301 2288 6368 2300 2287 6369 2302 2289 6370 2301 2288 6371 2303 2290 6372 2304 2291 6373 2305 2292 6374 2305 2292 6375 2306 2293 6376 2303 2290 6377 2305 2292 6378 2307 538 6379 2306 2293 6380 2307 538 6381 2308 538 6382 2306 2293 6383 2309 2294 6384 2304 2291 6385 2303 2290 6386 2303 2290 6387 2310 2295 6388 2309 2294 6389 2311 2296 6390 2309 2294 6391 2310 2295 6392 2311 2296 6393 2310 2295 6394 2312 2297 6395 2311 2296 6396 2312 2297 6397 2313 2298 6398 2313 2298 6399 2314 538 6400 2311 2296 6401 2315 2299 6402 2316 2300 6403 2317 538 6404 2318 2301 6405 2316 2300 6406 2315 2299 6407 2315 2299 6408 2319 2302 6409 2318 2301 6410 2320 2303 6411 2319 2302 6412 2315 2299 6413 2315 2299 6414 2321 2304 6415 2320 2303 6416 2322 2305 6417 2320 2303 6418 2321 2304 6419 2323 2306 6420 2322 2305 6421 2321 2304 6422 2323 2306 6423 2324 2307 6424 2322 2305 6425 2323 2306 6426 2325 2308 6427 2324 2307 6428 2325 2308 6429 2323 2306 6430 2326 2309 6431 2326 2309 6432 2327 2310 6433 2325 2308 6434 2327 2310 6435 2326 2309 6436 2328 2311 6437 2326 2309 6438 2329 2312 6439 2328 2311 6440 2328 2311 6441 2330 538 6442 2327 2310 6443 2330 538 6444 2328 2311 6445 2331 2313 6446 2332 2314 6447 2331 2313 6448 2328 2311 6449 2333 2315 6450 2331 2313 6451 2332 2314 6452 2334 2316 6453 2333 2315 6454 2332 2314 6455 2333 2315 6456 2334 2316 6457 2335 2317 6458 2336 2318 6459 2335 2317 6460 2334 2316 6461 2336 2318 6462 2337 2319 6463 2335 2317 6464 2335 2317 6465 2337 2319 6466 2338 2320 6467 2316 2300 6468 2338 2320 6469 2337 2319 6470 2338 2320 6471 2316 2300 6472 2318 2301 6473 2339 2321 6474 2340 2322 6475 2341 2323 6476 2341 2323 6477 2342 2324 6478 2339 2321 6479 2340 2322 6480 2343 2325 6481 2341 2323 6482 2341 2323 6483 2343 2325 6484 2344 2326 6485 2344 2326 6486 2343 2325 6487 2345 2327 6488 2345 2327 6489 2346 2328 6490 2344 2326 6491 2346 2328 6492 2345 2327 6493 2347 2329 6494 2347 2329 6495 2348 2330 6496 2346 2328 6497 2348 2330 6498 2347 2329 6499 2349 2331 6500 2348 2330 6501 2349 2331 6502 2350 2332 6503 2351 2333 6504 2350 2332 6505 2349 2331 6506 2349 2331 6507 2352 2334 6508 2351 2333 6509 2353 2335 6510 2351 2333 6511 2352 2334 6512 2352 2334 6513 2354 2336 6514 2353 2335 6515 2353 2335 6516 2354 2336 6517 2355 2337 6518 2355 2337 6519 2356 2338 6520 2353 2335 6521 2357 2339 6522 2356 2338 6523 2355 2337 6524 2355 2337 6525 2358 2340 6526 2357 2339 6527 2359 2341 6528 2357 2339 6529 2358 2340 6530 2358 2340 6531 2360 2342 6532 2359 2341 6533 2359 2341 6534 2360 2342 6535 2361 2343 6536 2362 2344 6537 2359 2341 6538 2361 2343 6539 2362 2344 6540 2361 2343 6541 2339 2321 6542 2339 2321 6543 2342 2324 6544 2362 2344 6545 2363 2345 6546 2364 2346 6547 2365 2347 6548 2364 2346 6549 2366 2348 6550 2365 2347 6551 2363 2345 6552 2365 2347 6553 2367 2349 6554 2368 2350 6555 2363 2345 6556 2367 2349 6557 2369 2351 6558 2368 2350 6559 2367 2349 6560 2367 2349 6561 2370 2352 6562 2369 2351 6563 2369 2351 6564 2370 2352 6565 2371 2353 6566 2371 2353 6567 2372 2354 6568 2369 2351 6569 2372 2354 6570 2371 2353 6571 2373 2355 6572 2373 2355 6573 2374 2356 6574 2372 2354 6575 2375 2357 6576 2374 2356 6577 2373 2355 6578 2373 2355 6579 2376 2358 6580 2375 2357 6581 2375 2357 6582 2376 2358 6583 2377 2359 6584 2377 2359 6585 2378 2360 6586 2375 2357 6587 2379 2361 6588 2378 2360 6589 2377 2359 6590 2377 2359 6591 2380 2362 6592 2379 2361 6593 2381 2363 6594 2379 2361 6595 2380 2362 6596 2380 2362 6597 2382 2364 6598 2381 2363 6599 2382 2364 6600 2383 2365 6601 2381 2363 6602 2381 2363 6603 2383 2365 6604 2384 2366 6605 2385 2367 6606 2384 2366 6607 2383 2365 6608 2383 2365 6609 2386 2368 6610 2385 2367 6611 2364 2346 6612 2385 2367 6613 2386 2368 6614 2386 2368 6615 2366 2348 6616 2364 2346 6617 2387 2369 6618 2388 2370 6619 2389 2371 6620 2387 2369 6621 2389 2371 6622 2390 2372 6623 2391 2373 6624 2392 2374 6625 2393 2375 6626 2391 2373 6627 2393 2375 6628 2394 2376 6629 2395 2377 6630 2394 2376 6631 2393 2375 6632 2393 2375 6633 2396 2378 6634 2395 2377 6635 2396 2378 6636 2397 2379 6637 2395 2377 6638 2395 2377 6639 2397 2379 6640 2398 2380 6641 2397 2379 6642 2399 2381 6643 2398 2380 6644 2398 2380 6645 2399 2381 6646 2400 2382 6647 2401 2383 6648 2400 2382 6649 2399 2381 6650 2399 2381 6651 2402 2384 6652 2401 2383 6653 2401 2383 6654 2402 2384 6655 2403 2385 6656 2401 2383 6657 2403 2385 6658 2404 2386 6659 2405 2387 6660 2406 2388 6661 2407 2389 6662 2407 2389 6663 2408 538 6664 2405 2387 6665 2409 538 6666 2410 538 6667 2411 538 6668 2411 538 6669 2412 538 6670 2409 538 6671 2413 538 6672 2414 2390 6673 2415 2391 6674 2414 2390 6675 2416 2392 6676 2415 2391 6677 2417 2393 6678 2418 2394 6679 2419 2395 6680 2419 2395 6681 2420 2396 6682 2417 2393 6683 2417 2393 6684 2420 2396 6685 2421 2397 6686 2421 2397 6687 2422 2398 6688 2417 2393 6689 2423 2399 6690 2419 2395 6691 2418 2394 6692 2418 2394 6693 2424 2400 6694 2423 2399 6695 2420 2396 6696 2419 2395 6697 2425 2401 6698 2425 2401 6699 2426 2402 6700 2420 2396 6701 2423 2399 6702 2427 2403 6703 2419 2395 6704 2420 2396 6705 2428 2404 6706 2421 2397 6707 2429 2405 6708 2430 2406 6709 2431 2407 6710 2431 2407 6711 2432 2408 6712 2429 2405 6713 2433 2409 6714 2434 2410 6715 2435 2411 6716 2435 2411 6717 2436 2412 6718 2433 2409 6719 2437 2413 6720 2438 2414 6721 2439 2415 6722 2439 2415 6723 2440 2416 6724 2437 2413 6725 2441 2417 6726 2442 2418 6727 2443 2419 6728 2443 2419 6729 2444 2420 6730 2441 2417 6731 2445 2421 6732 2446 2422 6733 2447 2423 6734 2447 2423 6735 2448 2424 6736 2445 2421 6737 2449 2425 6738 2450 2426 6739 2451 2427 6740 2450 2426 6741 2452 2428 6742 2451 2427 6743 2453 2429 6744 2454 2430 6745 2455 2431 6746 2455 2431 6747 2456 2432 6748 2453 2429 6749 2457 2433 6750 2458 2434 6751 2459 2435 6752 2460 2436 6753 2459 2435 6754 2458 2434 6755 2461 2437 6756 2462 2438 6757 2463 2439 6758 2463 2439 6759 2464 2440 6760 2461 2437 6761 2461 2437 6762 2464 2440 6763 2465 2441 6764 2466 2442 6765 2461 2437 6766 2465 2441 6767 2467 2443 6768 2468 2444 6769 2469 2445 6770 2470 2446 6771 2469 2445 6772 2468 2444 6773 2471 2447 6774 2472 2448 6775 2470 2449 6776 2470 2449 6777 2473 2450 6778 2471 2447 6779 2474 2451 6780 2475 2452 6781 2476 2453 6782 2476 2453 6783 2477 2454 6784 2474 2451 6785 2478 2455 6786 2479 2456 6787 2480 2457 6788 2481 2458 6789 2478 2455 6790 2480 2457 6791 2482 2459 6792 2483 2460 6793 2480 2461 6794 2483 2460 6795 2482 2459 6796 2484 2462 6797 2485 2463 6798 2486 2464 6799 2487 2465 6800 2487 2465 6801 2488 2466 6802 2485 2463 6803 2489 2467 6804 2485 2463 6805 2488 2466 6806 2489 2467 6807 2490 2468 6808 2485 2463 6809 2488 2466 6810 2491 2469 6811 2489 2467 6812 2490 2468 6813 2489 2467 6814 2492 2470 6815 2489 2467 6816 2493 2471 6817 2492 2470 6818 2493 2471 6819 2489 2467 6820 2491 2469 6821 2492 2470 6822 2494 2472 6823 2490 2468 6824 2494 2472 6825 2492 2470 6826 2495 2473 6827 2495 2473 6828 2496 2474 6829 2494 2472 6830 2494 2472 6831 2497 2475 6832 2490 2468 6833 2497 2475 6834 2494 2472 6835 2496 2474 6836 2491 2469 6837 2498 2476 6838 2493 2471 6839 2499 2477 6840 2493 2471 6841 2498 2476 6842 2498 2476 6843 2500 2478 6844 2499 2477 6845 2491 2469 6846 2501 2479 6847 2498 2476 6848 2502 2480 6849 2491 2469 6850 2488 2466 6851 2488 2466 6852 2503 2481 6853 2502 2480 6854 2502 2480 6855 2503 2481 6856 2504 2482 6857 2504 2482 6858 2505 2483 6859 2502 2480 6860 2506 2484 6861 2504 2482 6862 2503 2481 6863 2503 2481 6864 2507 2485 6865 2506 2484 6866 2507 2485 6867 2503 2481 6868 2488 2466 6869 2488 2466 6870 2487 2465 6871 2507 2485 6872 2496 2474 6873 2508 2486 6874 2497 2475 6875 2498 2476 6876 2501 2479 6877 2509 2487 6878 2509 2487 6879 2500 2478 6880 2498 2476 6881 2493 2471 6882 2499 2477 6883 2510 2488 6884 2510 2488 6885 2492 2470 6886 2493 2471 6887 2511 2489 6888 2512 2490 6889 2513 2491 6890 2511 2489 6891 2514 2492 6892 2512 2490 6893 2515 2493 6894 2514 2492 6895 2511 2489 6896 2514 2492 6897 2515 2493 6898 2516 2494 6899 2513 2491 6900 2486 2464 6901 2511 2489 6902 2485 2463 6903 2511 2489 6904 2486 2464 6905 2490 2468 6906 2515 2493 6907 2511 2489 6908 2511 2489 6909 2485 2463 6910 2490 2468 6911 2517 2495 6912 2518 2496 6913 2519 2497 6914 2519 2497 6915 2520 2498 6916 2517 2495 6917 2521 2499 6918 2517 2495 6919 2520 2498 6920 2521 2499 6921 2522 2500 6922 2517 2495 6923 2523 2501 6924 2522 2500 6925 2521 2499 6926 2521 2499 6927 2524 2502 6928 2523 2501 6929 2525 2503 6930 2523 2501 6931 2524 2502 6932 2524 2502 6933 2526 2504 6934 2525 2503 6935 2522 2500 6936 2523 2501 6937 2527 2505 6938 2527 2505 6939 2528 2506 6940 2522 2500 6941 2522 2500 6942 2529 2507 6943 2517 2495 6944 2522 2500 6945 2528 2506 6946 2529 2507 6947 2530 2508 6948 2531 2509 6949 2532 2510 6950 2532 2510 6951 2533 2511 6952 2530 2508 6953 2531 2509 6954 2530 2508 6955 2534 2512 6956 2535 2513 6957 2534 2512 6958 2530 2508 6959 2536 2514 6960 2537 2515 6961 2538 2516 6962 2539 2517 6963 2537 2515 6964 2536 2514 6965 2540 2518 6966 2541 2519 6967 2542 2520 6968 2542 2520 6969 2543 2521 6970 2540 2518 6971 2544 2522 6972 2545 2523 6973 2546 2524 6974 2547 2525 6975 2546 2524 6976 2545 2523 6977 2548 2526 6978 2544 2522 6979 2546 2524 6980 2546 2524 6981 2549 2527 6982 2548 2526 6983 2545 2523 6984 2550 2528 6985 2547 2525 6986 2551 2529 6987 2547 2525 6988 2550 2528 6989 2552 2530 6990 2551 2529 6991 2550 2528 6992 2550 2528 6993 2553 2531 6994 2552 2530 6995 2554 2532 6996 2555 2533 6997 2556 2534 6998 2555 2533 6999 2557 2535 7000 2556 2534 7001 2558 2536 7002 2559 2537 7003 2560 2538 7004 2561 2539 7005 2560 2538 7006 2559 2537 7007 2560 2538 7008 2562 2540 7009 2558 2536 7010 2563 2541 7011 2558 2536 7012 2562 2540 7013 2564 2542 7014 2563 2541 7015 2562 2540 7016 2562 2540 7017 2565 2543 7018 2564 2542 7019 2566 2544 7020 2564 2542 7021 2565 2543 7022 2565 2543 7023 2567 2545 7024 2566 2544 7025 2568 2546 7026 2569 2547 7027 2570 2548 7028 2569 2547 7029 2571 2549 7030 2570 2548 7031 2572 2550 7032 2573 2551 7033 2574 2552 7034 2574 2552 7035 2575 2553 7036 2572 2550 7037 2574 2552 7038 2573 2551 7039 2576 2554 7040 2577 2555 7041 2574 2552 7042 2576 2554 7043 2576 2554 7044 2578 2556 7045 2577 2555 7046 2579 2557 7047 2577 2555 7048 2578 2556 7049 2580 2558 7050 2579 2557 7051 2578 2556 7052 2578 2556 7053 2581 2559 7054 2580 2558 7055 2582 2560 7056 2583 2561 7057 2584 2562 7058 2583 2561 7059 2585 2563 7060 2584 2562 7061 2586 2564 7062 2587 2565 7063 2588 2566 7064 2588 2566 7065 2589 2567 7066 2586 2564 7067 2588 2566 7068 2587 2565 7069 2590 2568 7070 2591 2569 7071 2588 2566 7072 2590 2568 7073 2590 2568 7074 2592 2570 7075 2591 2569 7076 2593 2571 7077 2591 2569 7078 2592 2570 7079 2594 2572 7080 2593 2571 7081 2592 2570 7082 2592 2570 7083 2595 2573 7084 2594 2572 7085 2596 2574 7086 2597 2575 7087 2598 2576 7088 2597 2575 7089 2599 2577 7090 2598 2576 7091 2600 2578 7092 2601 2579 7093 2602 2580 7094 2601 2579 7095 2603 2581 7096 2602 2580 7097 2602 2580 7098 2603 2581 7099 2604 2582 7100 2604 2582 7101 2605 2583 7102 2602 2580 7103 2606 2584 7104 2607 2585 7105 2608 2586 7106 2609 2587 7107 2608 2586 7108 2607 2585 7109 2610 2588 7110 2606 2584 7111 2608 2586 7112 2608 2586 7113 2611 2589 7114 2610 2588 7115 2611 2589 7116 2608 2586 7117 2612 2590 7118 2612 2590 7119 2613 2591 7120 2611 2589 7121 2614 2592 7122 2615 2593 7123 2616 2594 7124 2616 2594 7125 2617 2595 7126 2614 2592 7127 2614 2592 7128 2618 2596 7129 2615 2593 7130 2618 2596 7131 2614 2592 7132 2619 2597 7133 2620 2598 7134 2614 2592 7135 2617 2595 7136 2617 2595 7137 2621 2599 7138 2620 2598 7139 2622 2600 7140 2623 2601 7141 2624 2602 7142 2624 2602 7143 2625 2603 7144 2622 2600 7145 2626 2604 7146 2623 2601 7147 2622 2600 7148 2622 2600 7149 2627 2605 7150 2626 2604 7151 2625 2603 7152 2624 2602 7153 2628 2606 7154 2628 2606 7155 2629 2607 7156 2625 2603 7157 2629 2607 7158 2628 2606 7159 2630 2608 7160 2630 2608 7161 2631 2609 7162 2629 2607 7163 2631 2609 7164 2630 2608 7165 2632 2610 7166 2632 2610 7167 2633 2611 7168 2631 2609 7169 2634 2612 7170 2635 2613 7171 2636 2614 7172 2634 2612 7173 2637 2615 7174 2635 2613 7175 2638 2616 7176 2634 2612 7177 2636 2614 7178 2636 2614 7179 2639 2617 7180 2638 2616 7181 2634 2612 7182 2638 2616 7183 2640 2618 7184 2641 2619 7185 2640 2618 7186 2638 2616 7187 2638 2616 7188 2642 2620 7189 2641 2619 7190 2642 2620 7191 2643 2621 7192 2641 2619 7193 2643 2621 7194 2644 2622 7195 2641 2619 7196 2640 2618 7197 2645 2623 7198 2634 2612 7199 2645 2623 7200 2637 2615 7201 2634 2612 7202 2645 2623 7203 2646 2624 7204 2637 2615 7205 2643 2621 7206 2647 2625 7207 2644 2622 7208 2647 2625 7209 2648 2626 7210 2644 2622 7211 2648 2626 7212 2647 2625 7213 2649 2627 7214 2649 2627 7215 2650 2628 7216 2648 2626 7217 2649 2627 7218 2651 2629 7219 2650 2628 7220 2652 2630 7221 2650 2628 7222 2651 2629 7223 2652 2630 7224 2651 2629 7225 2653 2631 7226 2654 2632 7227 2653 2631 7228 2651 2629 7229 2654 2632 7230 2655 2633 7231 2653 2631 7232 2654 2632 7233 2656 2634 7234 2655 2633 7235 2651 2629 7236 2657 2635 7237 2654 2632 7238 2658 2636 7239 2653 2631 7240 2655 2633 7241 2658 2636 7242 2652 2630 7243 2653 2631 7244 2655 2633 7245 2659 2637 7246 2658 2636 7247 2660 2638 7248 2661 2639 7249 2662 2640 7250 2662 2640 7251 2661 2639 7252 2663 2641 7253 2663 2641 7254 2664 2642 7255 2662 2640 7256 2663 2641 7257 2665 2643 7258 2664 2642 7259 2666 2644 7260 2664 2642 7261 2665 2643 7262 2665 2643 7263 2667 2645 7264 2666 2644 7265 2667 2645 7266 2668 2646 7267 2666 2644 7268 2669 2647 7269 2668 2646 7270 2667 2645 7271 2669 2647 7272 2670 2648 7273 2668 2646 7274 2670 2648 7275 2669 2647 7276 2671 2649 7277 2671 2649 7278 2672 2650 7279 2670 2648 7280 2672 2650 7281 2671 2649 7282 2673 2651 7283 2671 2649 7284 2674 2652 7285 2673 2651 7286 2675 2653 7287 2673 2651 7288 2674 2652 7289 2676 2654 7290 2675 2653 7291 2674 2652 7292 2677 2655 7293 2675 2653 7294 2676 2654 7295 2678 2656 7296 2677 2655 7297 2676 2654 7298 2677 2655 7299 2678 2656 7300 2679 2657 7301 2679 2657 7302 2678 2656 7303 2680 2658 7304 2680 2658 7305 2681 2659 7306 2679 2657 7307 2660 2638 7308 2681 2659 7309 2680 2658 7310 2661 2639 7311 2660 2638 7312 2680 2658 7313 2682 2660 7314 2683 2661 7315 2684 2662 7316 2682 2660 7317 2685 2663 7318 2683 2661 7319 2686 2664 7320 2685 2663 7321 2682 2660 7322 2687 2665 7323 2686 2664 7324 2682 2660 7325 2686 2664 7326 2687 2665 7327 2688 2666 7328 2689 2667 7329 2686 2664 7330 2688 2666 7331 2688 2666 7332 2690 2668 7333 2689 2667 7334 2689 2667 7335 2690 2668 7336 2691 2669 7337 2692 2670 7338 2691 2669 7339 2690 2668 7340 2692 2670 7341 2693 2671 7342 2691 2669 7343 2694 2672 7344 2693 2671 7345 2692 2670 7346 2695 2673 7347 2694 2672 7348 2692 2670 7349 2696 2674 7350 2694 2672 7351 2695 2673 7352 2684 2662 7353 2683 2661 7354 2696 2674 7355 2696 2674 7356 2697 2675 7357 2694 2672 7358 2683 2661 7359 2697 2675 7360 2696 2674 7361 2698 2676 7362 2699 2677 7363 2700 2678 7364 2698 2676 7365 2701 2679 7366 2699 2677 7367 2702 2680 7368 2701 2679 7369 2698 2676 7370 2703 2681 7371 2702 2680 7372 2698 2676 7373 2704 2682 7374 2702 2680 7375 2703 2681 7376 2702 2680 7377 2704 2682 7378 2705 2683 7379 2706 2684 7380 2705 2683 7381 2704 2682 7382 2706 2684 7383 2707 2685 7384 2705 2683 7385 2707 2685 7386 2706 2684 7387 2708 2686 7388 2708 2686 7389 2706 2684 7390 2709 2687 7391 2710 2688 7392 2708 2686 7393 2709 2687 7394 2700 2678 7395 2699 2677 7396 2710 2688 7397 2709 2687 7398 2711 2689 7399 2710 2688 7400 2700 2678 7401 2710 2688 7402 2711 2689 7403 2712 2690 7404 2713 2691 7405 2714 2692 7406 2714 2692 7407 2715 2693 7408 2712 2690 7409 2712 2690 7410 2716 2694 7411 2713 2691 7412 2717 2695 7413 2713 2691 7414 2716 2694 7415 2714 2692 7416 2718 2696 7417 2715 2693 7418 2719 2697 7419 2715 2693 7420 2718 2696 7421 2718 2696 7422 2720 2698 7423 2719 2697 7424 2720 2698 7425 2718 2696 7426 2721 2699 7427 2722 2700 7428 2720 2698 7429 2721 2699 7430 2721 2699 7431 2723 2701 7432 2722 2700 7433 2724 2702 7434 2722 2700 7435 2723 2701 7436 2723 2701 7437 2725 2703 7438 2724 2702 7439 2726 2704 7440 2724 2702 7441 2725 2703 7442 2725 2703 7443 2727 2705 7444 2726 2704 7445 2717 2695 7446 2716 2694 7447 2728 2706 7448 2728 2706 7449 2729 2707 7450 2717 2695 7451 2728 2706 7452 2730 2708 7453 2729 2707 7454 2731 2709 7455 2729 2707 7456 2730 2708 7457 2731 2709 7458 2730 2708 7459 2732 2710 7460 2732 2710 7461 2733 2711 7462 2731 2709 7463 2727 2705 7464 2734 2712 7465 2726 2704 7466 2734 2712 7467 2727 2705 7468 2735 2713 7469 2736 2714 7470 2734 2712 7471 2735 2713 7472 2735 2713 7473 2737 2715 7474 2736 2714 7475 2738 2716 7476 2739 2717 7477 2740 2718 7478 2740 2718 7479 2741 2719 7480 2738 2716 7481 2738 2716 7482 2741 2719 7483 2742 2720 7484 2743 2721 7485 2742 2720 7486 2741 2719 7487 2742 2720 7488 2743 2721 7489 2744 2722 7490 2744 2722 7491 2745 2723 7492 2742 2720 7493 2745 2723 7494 2744 2722 7495 2746 2724 7496 2746 2724 7497 2747 2725 7498 2745 2723 7499 2746 2724 7500 2748 2726 7501 2747 2725 7502 2748 2726 7503 2746 2724 7504 2749 2727 7505 2749 2727 7506 2750 2728 7507 2748 2726 7508 2751 2729 7509 2750 2728 7510 2749 2727 7511 2752 2730 7512 2751 2729 7513 2749 2727 7514 2753 2731 7515 2751 2729 7516 2752 2730 7517 2754 2732 7518 2751 2729 7519 2753 2731 7520 2755 2733 7521 2754 2732 7522 2753 2731 7523 2753 2731 7524 2756 2734 7525 2755 2733 7526 2756 2734 7527 2757 2735 7528 2755 2733 7529 2758 2736 7530 2757 2735 7531 2756 2734 7532 2756 2734 7533 2759 2737 7534 2758 2736 7535 2758 2736 7536 2759 2737 7537 2760 2738 7538 2760 2738 7539 2761 2739 7540 2758 2736 7541 2762 2740 7542 2761 2739 7543 2760 2738 7544 2760 2738 7545 2763 2741 7546 2762 2740 7547 2762 2740 7548 2763 2741 7549 2764 2742 7550 2764 2742 7551 2765 2743 7552 2762 2740 7553 2766 2744 7554 2767 2745 7555 2768 2746 7556 2768 2746 7557 2769 2747 7558 2766 2744 7559 2768 2746 7560 2770 2748 7561 2769 2747 7562 2771 2749 7563 2769 2747 7564 2770 2748 7565 2771 2749 7566 2770 2748 7567 2772 2750 7568 2772 2750 7569 2773 2751 7570 2771 2749 7571 2772 2750 7572 2774 2752 7573 2773 2751 7574 2775 2753 7575 2773 2751 7576 2774 2752 7577 2774 2752 7578 2776 2754 7579 2775 2753 7580 2777 2755 7581 2778 2756 7582 2779 2757 7583 2779 2757 7584 2780 2758 7585 2777 2755 7586 2781 2759 7587 2779 2757 7588 2778 2756 7589 2778 2756 7590 2782 2760 7591 2781 2759 7592 2783 2761 7593 2781 2759 7594 2782 2760 7595 2782 2760 7596 2784 2762 7597 2783 2761 7598 2785 2763 7599 2783 2761 7600 2784 2762 7601 2784 2762 7602 2786 2764 7603 2785 2763 7604 2780 2758 7605 2787 2765 7606 2777 2755 7607 2788 2766 7608 2789 2767 7609 2790 2768 7610 2791 2769 7611 2789 2767 7612 2788 2766 7613 2789 2767 7614 2792 2770 7615 2790 2768 7616 2788 2766 7617 2790 2768 7618 2793 2771 7619 2788 2766 7620 2793 2771 7621 2794 2772 7622 2795 2773 7623 2791 2769 7624 2788 2766 7625 2788 2766 7626 2796 2774 7627 2795 2773 7628 2797 2775 7629 2795 2773 7630 2796 2774 7631 2798 2776 7632 2797 2775 7633 2796 2774 7634 2796 2774 7635 2799 2777 7636 2798 2776 7637 2800 2778 7638 2799 2777 7639 2796 2774 7640 2796 2774 7641 2801 2779 7642 2800 2778 7643 2788 2766 7644 2794 2772 7645 2801 2779 7646 2801 2779 7647 2796 2774 7648 2788 2766 7649 2790 2768 7650 2792 2770 7651 2802 2780 7652 2790 2768 7653 2802 2780 7654 2803 2781 7655 2804 2782 7656 2803 2781 7657 2802 2780 7658 2802 2780 7659 2805 2783 7660 2804 2782 7661 2803 2781 7662 2804 2782 7663 2806 2784 7664 2803 2781 7665 2806 2784 7666 2807 2785 7667 2798 2776 7668 2799 2777 7669 2808 2786 7670 2808 2786 7671 2809 2787 7672 2798 2776 7673 2790 2768 7674 2803 2781 7675 2807 2785 7676 2790 2768 7677 2807 2785 7678 2793 2771 7679 2799 2777 7680 2800 2778 7681 2810 2788 7682 2810 2788 7683 2808 2786 7684 2799 2777 7685 2805 2783 7686 2802 2780 7687 2811 2789 7688 2811 2789 7689 2812 2790 7690 2805 2783 7691 2812 2790 7692 2811 2789 7693 2813 2791 7694 2813 2791 7695 2814 2792 7696 2812 2790 7697 2814 2792 7698 2813 2791 7699 2815 2793 7700 2815 2793 7701 2816 2794 7702 2814 2792 7703 2817 2795 7704 2813 2791 7705 2811 2789 7706 2818 2796 7707 2817 2795 7708 2811 2789 7709 2819 2797 7710 2813 2791 7711 2817 2795 7712 2819 2797 7713 2815 2793 7714 2813 2791 7715 2818 2796 7716 2811 2789 7717 2802 2780 7718 2802 2780 7719 2792 2770 7720 2818 2796 7721 2809 2787 7722 2820 2798 7723 2821 2799 7724 2820 2798 7725 2822 2800 7726 2821 2799 7727 2822 2800 7728 2820 2798 7729 2823 2801 7730 2822 2800 7731 2824 2802 7732 2821 2799 7733 2821 2799 7734 2824 2802 7735 2825 2803 7736 2824 2802 7737 2826 2804 7738 2825 2803 7739 2821 2799 7740 2798 2776 7741 2809 2787 7742 2821 2799 7743 2825 2803 7744 2798 2776 7745 2825 2803 7746 2797 2775 7747 2798 2776 7748 2827 2805 7749 2828 2806 7750 2829 2807 7751 2830 2808 7752 2828 2806 7753 2827 2805 7754 2827 2805 7755 2831 2809 7756 2830 2808 7757 2832 2810 7758 2830 2808 7759 2831 2809 7760 2832 2810 7761 2831 2809 7762 2833 2811 7763 2834 2812 7764 2832 2810 7765 2833 2811 7766 2834 2812 7767 2833 2811 7768 2835 2813 7769 2836 2814 7770 2832 2810 7771 2834 2812 7772 2834 2812 7773 2837 2815 7774 2836 2814 7775 2829 2807 7776 2828 2806 7777 2838 2816 7778 2838 2816 7779 2828 2806 7780 2839 2817 7781 2839 2817 7782 2828 2806 7783 2830 2808 7784 2839 2817 7785 2840 2818 7786 2838 2816 7787 2838 2816 7788 2840 2818 7789 2841 2819 7790 2842 2820 7791 2841 2819 7792 2840 2818 7793 2841 2819 7794 2842 2820 7795 2843 2821 7796 2841 2819 7797 2843 2821 7798 2844 2822 7799 2845 2823 7800 2844 2822 7801 2843 2821 7802 2842 2820 7803 2846 2824 7804 2843 2821 7805 2847 2825 7806 2838 2816 7807 2841 2819 7808 2841 2819 7809 2844 2822 7810 2847 2825 7811 2838 2816 7812 2847 2825 7813 2829 2807 7814 2830 2808 7815 2848 2826 7816 2839 2817 7817 2848 2826 7818 2832 2810 7819 2836 2814 7820 2848 2826 7821 2830 2808 7822 2832 2810 7823 2849 2827 7824 2850 2828 7825 2851 2829 7826 2850 2828 7827 2852 2830 7828 2851 2829 7829 2850 2828 7830 2853 2831 7831 2852 2830 7832 2854 2832 7833 2853 2831 7834 2850 2828 7835 2854 2832 7836 2850 2828 7837 2855 2833 7838 2856 2834 7839 2857 2835 7840 2858 2836 7841 2858 2836 7842 2859 2837 7843 2856 2834 7844 2859 2837 7845 2860 2838 7846 2856 2834 7847 2858 2836 7848 2861 2839 7849 2859 2837 7850 2862 2840 7851 2861 2839 7852 2858 2836 7853 2863 2841 7854 2864 2842 7855 2865 2843 7856 2864 2842 7857 2866 2844 7858 2865 2843 7859 2867 2845 7860 2864 2842 7861 2863 2841 7862 2868 2846 7863 2867 2845 7864 2863 2841 7865 2869 2847 7866 2870 2848 7867 2871 2849 7868 2870 2848 7869 2872 2850 7870 2871 2849 7871 2873 2851 7872 2870 2848 7873 2869 2847 7874 2874 2852 7875 2873 2851 7876 2869 2847 7877 2872 2850 7878 2870 2848 7879 2875 2853 7880 2875 2853 7881 2876 2854 7882 2872 2850 7883 2875 2853 7884 2877 2855 7885 2876 2854 7886 2877 2855 7887 2878 2856 7888 2876 2854 7889 2877 2855 7890 2875 2853 7891 2879 2857 7892 2875 2853 7893 2880 2858 7894 2879 2857 7895 2870 2848 7896 2873 2851 7897 2880 2858 7898 2880 2858 7899 2875 2853 7900 2870 2848 7901 2881 2859 7902 2869 2847 7903 2871 2849 7904 2871 2849 7905 2882 2860 7906 2881 2859 7907 2883 2861 7908 2881 2859 7909 2882 2860 7910 2883 2861 7911 2882 2860 7912 2884 2862 7913 2881 2859 7914 2883 2861 7915 2885 2863 7916 2885 2863 7917 2886 2864 7918 2881 2859 7919 2869 2847 7920 2881 2859 7921 2886 2864 7922 2886 2864 7923 2874 2852 7924 2869 2847 7925 2887 2865 7926 2888 2866 7927 2889 2867 7928 2890 2868 7929 2887 2865 7930 2889 2867 7931 2891 2869 7932 2887 2865 7933 2890 2868 7934 2891 2869 7935 2890 2868 7936 2892 2870 7937 2892 2870 7938 2893 2871 7939 2891 2869 7940 2894 2872 7941 2887 2865 7942 2891 2869 7943 2888 2866 7944 2895 2873 7945 2889 2867 7946 2889 2867 7947 2895 2873 7948 2896 2874 7949 2897 2875 7950 2896 2874 7951 2895 2873 7952 2898 2876 7953 2895 2873 7954 2888 2866 7955 2899 2877 7956 2900 2878 7957 2901 2879 7958 2900 2878 7959 2902 2880 7960 2901 2879 7961 2903 2881 7962 2904 2882 7963 2905 2883 7964 2903 2881 7965 2906 2884 7966 2904 2882 7967 2907 2885 7968 2908 2886 7969 2909 2887 7970 2908 2886 7971 2910 2888 7972 2909 2887 7973 2911 2889 7974 2912 2889 7975 2913 2889 7976 2914 538 7977 2915 538 7978 2912 538 7979 2916 2890 7980 2913 2890 7981 2917 2890 7982 2918 2891 7983 2919 2892 7984 2920 2893 7985 2920 2893 7986 2921 2894 7987 2918 2891 7988 2922 2895 7989 2920 2893 7990 2919 2892 7991 2919 2892 7992 2923 2896 7993 2922 2895 7994 2924 2897 7995 2922 2895 7996 2923 2896 7997 2925 2898 7998 2924 2897 7999 2923 2896 8000 2926 2899 8001 2927 2900 8002 2928 2901 8003 2929 2902 8004 2926 2899 8005 2928 2901 8006 2930 2903 8007 2927 2900 8008 2926 2899 8009 2931 2904 8010 2927 2900 8011 2930 2903 8012 2927 2900 8013 2931 2904 8014 2932 2905 8015 2933 2906 8016 2932 2905 8017 2931 2904 8018 2932 2905 8019 2933 2906 8020 2934 2907 8021 2935 2908 8022 2934 2907 8023 2933 2906 8024 2936 2909 8025 2934 2907 8026 2935 2908 8027 2934 2907 8028 2936 2909 8029 2937 2910 8030 2937 2910 8031 2936 2909 8032 2938 2911 8033 2938 2911 8034 2939 2912 8035 2937 2910 8036 2940 2913 8037 2939 2912 8038 2938 2911 8039 2941 2914 8040 2939 2912 8041 2940 2913 8042 2942 2915 8043 2939 2912 8044 2941 2914 8045 2943 2916 8046 2942 2915 8047 2941 2914 8048 2944 2917 8049 2938 2911 8050 2936 2909 8051 2945 2918 8052 2933 2906 8053 2931 2904 8054 2946 2919 8055 2947 2920 8056 2948 2921 8057 2948 2921 8058 2949 2922 8059 2946 2919 8060 2947 2920 8061 2946 2919 8062 2950 2923 8063 2947 2920 8064 2950 2923 8065 2951 2924 8066 2952 2925 8067 2951 2924 8068 2950 2923 8069 2951 2924 8070 2952 2925 8071 2953 2926 8072 2954 2927 8073 2951 2924 8074 2953 2926 8075 2953 2926 8076 2955 2928 8077 2954 2927 8078 2956 2929 8079 2949 2922 8080 2948 2921 8081 2949 2922 8082 2956 2929 8083 2957 2930 8084 2958 2931 8085 2959 2932 8086 2960 2933 8087 2960 2933 8088 2961 2934 8089 2958 2931 8090 2962 2935 8091 2963 2935 8092 2964 2935 8093 2965 2936 8094 2966 2936 8095 2967 2936 8096 2968 2937 8097 2969 2938 8098 2970 2939 8099 2971 2940 8100 2970 2939 8101 2969 2938 8102 2972 2941 8103 2973 2942 8104 2974 2943 8105 2975 2944 8106 2974 2943 8107 2973 2942 8108 2973 2942 8109 2976 2945 8110 2975 2944 8111 2977 2946 8112 2973 2942 8113 2972 2941 8114 2978 2947 8115 2977 2946 8116 2972 2941 8117 2977 2946 8118 2978 2947 8119 2979 2948 8120 2980 2949 8121 2979 2948 8122 2978 2947 8123 2975 2944 8124 2976 2945 8125 2981 2950 8126 2981 2950 8127 2976 2945 8128 2982 2951 8129 2983 2952 8130 2981 2950 8131 2982 2951 8132 2984 2953 8133 2983 2952 8134 2982 2951 8135 2983 2952 8136 2984 2953 8137 2985 2954 8138 2986 2955 8139 2987 2956 8140 2988 2957 8141 2988 2957 8142 2989 2958 8143 2986 2955 8144 2989 2958 8145 2990 2959 8146 2986 2955 8147 2991 2960 8148 2986 2955 8149 2990 2959 8150 2992 2961 8151 2988 2957 8152 2987 2956 8153 2991 2960 8154 2990 2959 8155 2993 2962 8156 2994 2963 8157 2995 2964 8158 2996 2965 8159 2994 2963 8160 2997 2966 8161 2995 2964 8162 2995 2964 8163 2998 2967 8164 2996 2965 8165 2998 2967 8166 2995 2964 8167 2999 2968 8168 2999 2968 8169 2995 2964 8170 3000 2969 8171 3000 2969 8172 3001 2970 8173 2999 2968 8174 3002 2971 8175 3001 2970 8176 3000 2969 8177 3000 2969 8178 3003 2972 8179 3002 2971 8180 2999 2968 8181 3004 2973 8182 2998 2967 8183 2996 2965 8184 3005 2974 8185 2994 2963 8186 3006 2975 8187 3007 2976 8188 3008 2977 8189 3009 2978 8190 3007 2976 8191 3006 2975 8192 3006 2975 8193 3010 2979 8194 3009 2978 8195 3010 2979 8196 3011 2980 8197 3009 2978 8198 3006 2975 8199 3012 2981 8200 3010 2979 8201 3013 2982 8202 3007 2976 8203 3009 2978 8204 3014 2983 8205 3015 2984 8206 3016 2985 8207 3015 2984 8208 3017 2986 8209 3016 2985 8210 3017 2986 8211 3015 2984 8212 3018 2987 8213 3018 2987 8214 3019 2988 8215 3017 2986 8216 3015 2984 8217 3020 2989 8218 3018 2987 8219 3021 2990 8220 3022 2991 8221 3023 2992 8222 3024 2993 8223 3022 2991 8224 3021 2990 8225 3025 2994 8226 3022 2991 8227 3024 2993 8228 3024 2993 8229 3026 2995 8230 3025 2994 8231 3027 2996 8232 3026 2995 8233 3024 2993 8234 3028 2997 8235 3026 2995 8236 3027 2996 8237 3027 2996 8238 3029 2998 8239 3028 2997 8240 3030 2999 8241 3029 2998 8242 3027 2996 8243 3031 3000 8244 3029 2998 8245 3030 2999 8246 3030 2999 8247 3032 3001 8248 3031 3000 8249 3023 2992 8250 3033 3002 8251 3021 2990 8252 3021 2990 8253 3033 3002 8254 3034 3003 8255 3034 3003 8256 3033 3002 8257 3035 3004 8258 3035 3004 8259 3036 3005 8260 3034 3003 8261 3034 3003 8262 3036 3005 8263 3037 3006 8264 3037 3006 8265 3036 3005 8266 3038 3007 8267 3039 3008 8268 3032 3001 8269 3030 2999 8270 3040 3009 8271 3032 3001 8272 3039 3008 8273 3041 3010 8274 3042 3011 8275 3043 3012 8276 3043 3012 8277 3044 3013 8278 3041 3010 8279 3045 3014 8280 3046 3015 8281 3042 3016 8282 3046 3015 8283 3045 3014 8284 3047 3017 8285 3046 3015 8286 3047 3017 8287 3048 3018 8288 3048 3018 8289 3049 3019 8290 3046 3015 8291 3049 3019 8292 3048 3018 8293 3050 3020 8294 3050 3020 8295 3051 3021 8296 3049 3019 8297 3051 3021 8298 3050 3020 8299 3052 3022 8300 3053 3023 8301 3052 3022 8302 3050 3020 8303 3052 3024 8304 3054 3025 8305 3055 3026 8306 3055 3026 8307 3056 3027 8308 3052 3024 8309 3057 3028 8310 3058 3029 8311 3059 3030 8312 3059 3030 8313 3060 3031 8314 3057 3028 8315 3061 3032 8316 3060 3031 8317 3059 3030 8318 3062 3033 8319 3061 3032 8320 3059 3030 8321 3063 3034 8322 3064 3035 8323 3065 3036 8324 3064 3035 8325 3066 3037 8326 3065 3036 8327 3067 3038 8328 3068 3039 8329 3069 3040 8330 3069 3040 8331 3070 3041 8332 3067 3038 8333 3071 3042 8334 3070 3041 8335 3069 3040 8336 3069 3040 8337 3072 3043 8338 3071 3042 8339 3073 3044 8340 3071 3042 8341 3072 3043 8342 3073 3044 8343 3072 3043 8344 3074 3045 8345 3073 3044 8346 3074 3045 8347 3075 3046 8348 3075 3046 8349 3076 3047 8350 3073 3044 8351 3077 3048 8352 3076 3047 8353 3075 3046 8354 3075 3046 8355 3078 3049 8356 3077 3048 8357 3079 3050 8358 3080 3051 8359 3081 3052 8360 3079 3050 8361 3081 3052 8362 3082 3053 8363 3083 3054 8364 3084 3055 8365 3085 3056 8366 3083 3054 8367 3085 3056 8368 3086 3057 8369 3086 3057 8370 3087 3058 8371 3083 3054 8372 3086 3057 8373 3088 3059 8374 3087 3058 8375 3085 3056 8376 3084 3055 8377 3089 3060 8378 3089 3060 8379 3090 3061 8380 3085 3056 8381 3090 3061 8382 3089 3060 8383 3091 3062 8384 3091 3062 8385 3092 3063 8386 3090 3061 8387 3091 3062 8388 3093 3064 8389 3092 3063 8390 3091 3062 8391 3094 3065 8392 3093 3064 8393 3095 3066 8394 3096 3067 8395 3097 538 8396 3096 3067 8397 3095 3066 8398 3098 3068 8399 3098 3068 8400 3099 3069 8401 3096 3067 8402 3096 3067 8403 3099 3069 8404 3100 538 8405 3100 538 8406 3101 3070 8407 3096 3067 8408 3100 538 8409 3102 3071 8410 3101 3070 8411 3101 3070 8412 3102 3071 8413 3103 3072 8414 3102 3071 8415 3104 3073 8416 3103 3072 8417 3105 2308 8418 3103 3072 8419 3104 3073 8420 3103 3072 8421 3105 2308 8422 3106 3074 8423 3105 2308 8424 3107 3075 8425 3106 3074 8426 3108 3076 8427 3106 3074 8428 3107 3075 8429 3109 538 8430 3106 3074 8431 3108 3076 8432 3107 3075 8433 3110 3077 8434 3108 3076 8435 3108 3076 8436 3110 3077 8437 3111 3078 8438 3111 3078 8439 3112 3079 8440 3108 3076 8441 3112 3079 8442 3111 3078 8443 3113 3080 8444 3113 3080 8445 3114 3081 8446 3112 3079 8447 3114 3081 8448 3113 3080 8449 3115 3082 8450 3115 3082 8451 3116 3083 8452 3114 3081 8453 3117 3084 8454 3116 3083 8455 3115 3082 8456 3115 3082 8457 3118 3085 8458 3117 3084 8459 3118 3085 8460 3095 3066 8461 3117 3084 8462 3098 3068 8463 3095 3066 8464 3118 3085 8465 3119 3086 8466 3120 3087 8467 3121 3088 8468 3121 3088 8469 3122 3089 8470 3119 3086 8471 3123 3090 8472 3122 3089 8473 3121 3088 8474 3121 3088 8475 3124 3091 8476 3123 3090 8477 3125 3092 8478 3123 3090 8479 3124 3091 8480 3124 3091 8481 3126 3093 8482 3125 3092 8483 3126 3093 8484 3127 3094 8485 3125 3092 8486 3128 3095 8487 3127 3094 8488 3126 3093 8489 3129 3096 8490 3127 3094 8491 3128 3095 8492 3130 3097 8493 3129 3096 8494 3128 3095 8495 3129 3096 8496 3130 3097 8497 3131 3098 8498 3131 3098 8499 3132 3099 8500 3129 3096 8501 3132 3099 8502 3131 3098 8503 3133 3100 8504 3133 3100 8505 3134 3101 8506 3132 3099 8507 3134 3101 8508 3133 3100 8509 3135 3102 8510 3136 3103 8511 3135 3102 8512 3133 3100 8513 3135 3102 8514 3136 3103 8515 3137 3104 8516 3137 3104 8517 3138 3105 8518 3135 3102 8519 3138 3105 8520 3137 3104 8521 3139 3106 8522 3139 3106 8523 3140 3107 8524 3138 3105 8525 3141 3108 8526 3140 3107 8527 3139 3106 8528 3139 3106 8529 3142 3109 8530 3141 3108 8531 3141 3108 8532 3142 3109 8533 3119 3086 8534 3120 3087 8535 3119 3086 8536 3142 3109 8537 3143 3110 8538 3144 3111 8539 3145 3112 8540 3145 3112 8541 3146 3113 8542 3143 3110 8543 3147 3114 8544 3145 3112 8545 3144 3111 8546 3144 3111 8547 3148 3115 8548 3147 3114 8549 3147 3114 8550 3148 3115 8551 3149 3116 8552 3149 3116 8553 3150 3117 8554 3147 3114 8555 3150 3117 8556 3149 3116 8557 3151 3118 8558 3152 3119 8559 3151 3118 8560 3149 3116 8561 3152 3119 8562 3153 3120 8563 3151 3118 8564 3154 3121 8565 3153 3120 8566 3152 3119 8567 3153 3120 8568 3154 3121 8569 3155 3122 8570 3155 3122 8571 3156 3123 8572 3153 3120 8573 3155 3122 8574 3157 3124 8575 3156 3123 8576 3158 3125 8577 3157 3124 8578 3155 3122 8579 3157 3124 8580 3158 3125 8581 3159 3126 8582 3159 3126 8583 3160 3127 8584 3157 3124 8585 3160 3127 8586 3159 3126 8587 3161 3128 8588 3161 3128 8589 3162 3129 8590 3160 3127 8591 3163 3130 8592 3162 3129 8593 3161 3128 8594 3163 3130 8595 3161 3128 8596 3164 3131 8597 3163 3130 8598 3164 3131 8599 3165 3132 8600 3165 3132 8601 3166 3133 8602 3163 3130 8603 3166 3133 8604 3165 3132 8605 3143 3110 8606 3143 3110 8607 3146 3113 8608 3166 3133 8609 3167 3134 8610 3168 3135 8611 3169 3136 8612 3169 3136 8613 3170 3137 8614 3167 3134 8615 3171 3138 8616 3172 3139 8617 3173 3140 8618 3174 3141 8619 3173 3140 8620 3172 3139 8621 3173 3140 8622 3174 3141 8623 3175 3142 8624 3175 3142 8625 3176 3143 8626 3173 3140 8627 3177 3144 8628 3176 3143 8629 3175 3142 8630 3177 3144 8631 3175 3142 8632 3178 3145 8633 3179 3146 8634 3177 3144 8635 3178 3145 8636 3179 3146 8637 3178 3145 8638 3180 3147 8639 3179 3146 8640 3180 3147 8641 3181 3148 8642 3181 3148 8643 3182 3149 8644 3179 3146 8645 3183 3150 8646 3182 3149 8647 3181 3148 8648 3184 3151 8649 3183 3150 8650 3181 3148 8651 3185 3152 8652 3186 538 8653 3187 3153 8654 3187 3153 8655 3188 3154 8656 3185 3152 8657 3189 538 8658 3190 538 8659 3191 538 8660 3192 538 8661 3191 538 8662 3190 538 8663 3193 3155 8664 3194 3156 8665 3195 3157 8666 3193 3155 8667 3195 3157 8668 3196 3158 8669 3197 3159 8670 3198 3160 8671 3199 3161 8672 3199 3161 8673 3200 3162 8674 3197 3159 8675 3201 3163 8676 3198 3160 8677 3197 3159 8678 3197 3159 8679 3202 3164 8680 3201 3163 8681 3200 3162 8682 3199 3161 8683 3203 3165 8684 3203 3165 8685 3204 3166 8686 3200 3162 8687 3205 3167 8688 3199 3161 8689 3198 3160 8690 3198 3160 8691 3206 3168 8692 3205 3167 8693 3207 3169 8694 3203 3165 8695 3199 3161 8696 3208 3170 8697 3198 3160 8698 3201 3163 8699 3209 3171 8700 3210 3172 8701 3211 3173 8702 3210 3172 8703 3209 3171 8704 3212 3174 8705 3213 3175 8706 3214 3176 8707 3215 3177 8708 3215 3177 8709 3216 3178 8710 3213 3175 8711 3217 3179 8712 3218 3180 8713 3219 3181 8714 3218 3180 8715 3217 3179 8716 3220 3182 8717 3221 3183 8718 3222 3184 8719 3223 3185 8720 3223 3185 8721 3224 3186 8722 3221 3183 8723 3225 3187 8724 3226 3188 8725 3227 3189 8726 3227 3189 8727 3228 3190 8728 3225 3187 8729 3229 3191 8730 3230 3192 8731 3231 3193 8732 3230 3192 8733 3229 3191 8734 3232 3194 8735 3233 3195 8736 3234 3196 8737 3235 3197 8738 3235 3197 8739 3236 3198 8740 3233 3195 8741 3237 3199 8742 3238 3200 8743 3239 3201 8744 3237 3199 8745 3240 3202 8746 3238 3200 8747 3241 3203 8748 3242 3204 8749 3243 3205 8750 3243 3205 8751 3244 3206 8752 3241 3203 8753 3245 3207 8754 3244 3206 8755 3243 3205 8756 3243 3205 8757 3246 3208 8758 3245 3207 8759 3247 3209 8760 3248 3210 8761 3249 3211 8762 3249 3211 8763 3250 3212 8764 3247 3209 8765 3250 3213 8766 3251 3214 8767 3252 3215 8768 3252 3215 8769 3253 3216 8770 3250 3213 8771 3254 3217 8772 3255 3218 8773 3256 3219 8774 3256 3219 8775 3257 3220 8776 3254 3217 8777 3258 3221 8778 3259 3222 8779 3260 3223 8780 3261 3224 8781 3260 3223 8782 3259 3222 8783 3260 3225 8784 3262 3226 8785 3263 3227 8786 3264 3228 8787 3263 3227 8788 3262 3226 8789 3265 3229 8790 3266 3230 8791 3267 3231 8792 3267 3231 8793 3268 3232 8794 3265 3229 8795 3269 3233 8796 3268 3232 8797 3267 3231 8798 3269 3233 8799 3270 3234 8800 3268 3232 8801 3267 3231 8802 3271 3235 8803 3269 3233 8804 3271 3235 8805 3272 3236 8806 3269 3233 8807 3273 3237 8808 3269 3233 8809 3272 3236 8810 3270 3234 8811 3269 3233 8812 3273 3237 8813 3272 3236 8814 3271 3235 8815 3274 3238 8816 3275 3239 8817 3272 3236 8818 3274 3238 8819 3274 3238 8820 3276 3240 8821 3275 3239 8822 3277 3241 8823 3274 3238 8824 3271 3235 8825 3276 3240 8826 3274 3238 8827 3277 3241 8828 3273 3237 8829 3278 3242 8830 3270 3234 8831 3278 3242 8832 3273 3237 8833 3279 3243 8834 3279 3243 8835 3280 3244 8836 3278 3242 8837 3281 3245 8838 3270 3234 8839 3278 3242 8840 3268 3232 8841 3270 3234 8842 3282 3246 8843 3282 3246 8844 3283 3247 8845 3268 3232 8846 3284 3248 8847 3283 3247 8848 3282 3246 8849 3282 3246 8850 3285 3249 8851 3284 3248 8852 3283 3247 8853 3284 3248 8854 3286 3250 8855 3286 3250 8856 3287 3251 8857 3283 3247 8858 3268 3232 8859 3283 3247 8860 3287 3251 8861 3268 3232 8862 3287 3251 8863 3265 3229 8864 3277 3241 8865 3288 3252 8866 3276 3240 8867 3289 3253 8868 3281 3245 8869 3278 3242 8870 3278 3242 8871 3280 3244 8872 3289 3253 8873 3290 3254 8874 3279 3243 8875 3273 3237 8876 3290 3254 8877 3273 3237 8878 3272 3236 8879 3291 3255 8880 3292 3256 8881 3293 3257 8882 3294 3258 8883 3293 3257 8884 3292 3256 8885 3293 3257 8886 3294 3258 8887 3295 3259 8888 3296 3260 8889 3295 3259 8890 3294 3258 8891 3266 3230 8892 3291 3255 8893 3293 3257 8894 3293 3257 8895 3267 3231 8896 3266 3230 8897 3271 3235 8898 3267 3231 8899 3293 3257 8900 3293 3257 8901 3295 3259 8902 3271 3235 8903 3297 3261 8904 3298 3262 8905 3299 3263 8906 3299 3263 8907 3300 3264 8908 3297 3261 8909 3298 3262 8910 3297 3261 8911 3301 3265 8912 3302 3266 8913 3301 3265 8914 3297 3261 8915 3303 3267 8916 3301 3265 8917 3302 3266 8918 3301 3265 8919 3303 3267 8920 3304 3268 8921 3305 3269 8922 3304 3268 8923 3303 3267 8924 3304 3268 8925 3305 3269 8926 3306 3270 8927 3307 3271 8928 3303 3267 8929 3302 3266 8930 3302 3266 8931 3308 3272 8932 3307 3271 8933 3297 3261 8934 3309 3273 8935 3302 3266 8936 3309 3273 8937 3308 3272 8938 3302 3266 8939 3310 3274 8940 3311 3275 8941 3312 3276 8942 3313 3277 8943 3312 3276 8944 3311 3275 8945 3311 3275 8946 3310 3274 8947 3314 3278 8948 3311 3275 8949 3314 3278 8950 3315 3279 8951 3316 3280 8952 3317 3281 8953 3318 3282 8954 3318 3282 8955 3319 3283 8956 3316 3280 8957 3320 3284 8958 3321 3285 8959 3322 3286 8960 3322 3286 8961 3323 3287 8962 3320 3284 8963 3324 3288 8964 3325 3289 8965 3326 3290 8966 3324 3288 8967 3327 3291 8968 3325 3289 8969 3324 3288 8970 3326 3290 8971 3328 3292 8972 3328 3292 8973 3329 3293 8974 3324 3288 8975 3327 3291 8976 3330 3294 8977 3325 3289 8978 3327 3291 8979 3331 3295 8980 3330 3294 8981 3330 3294 8982 3331 3295 8983 3332 3296 8984 3332 3296 8985 3333 3297 8986 3330 3294 8987 3334 3298 8988 3335 3299 8989 3336 3300 8990 3334 3298 8991 3337 3301 8992 3335 3299 8993 3338 3302 8994 3339 3303 8995 3340 3304 8996 3338 3302 8997 3341 3305 8998 3339 3303 8999 3342 3306 9000 3338 3302 9001 3340 3304 9002 3340 3304 9003 3343 3307 9004 3342 3306 9005 3342 3306 9006 3343 3307 9007 3344 3308 9008 3344 3308 9009 3345 3309 9010 3342 3306 9011 3345 3309 9012 3344 3308 9013 3346 3310 9014 3346 3310 9015 3347 3311 9016 3345 3309 9017 3348 3312 9018 3349 3313 9019 3350 3314 9020 3348 3312 9021 3351 3315 9022 3349 3313 9023 3352 3316 9024 3353 3317 9025 3354 3318 9026 3354 3318 9027 3355 3319 9028 3352 3316 9029 3356 3320 9030 3355 3319 9031 3354 3318 9032 3354 3318 9033 3357 3321 9034 3356 3320 9035 3358 3322 9036 3356 3320 9037 3357 3321 9038 3357 3321 9039 3359 3323 9040 3358 3322 9041 3358 3322 9042 3359 3323 9043 3360 3324 9044 3360 3324 9045 3361 3325 9046 3358 3322 9047 3362 3326 9048 3363 3327 9049 3364 3328 9050 3362 3326 9051 3365 3329 9052 3363 3327 9053 3366 3330 9054 3367 3331 9055 3368 3332 9056 3368 3332 9057 3369 3333 9058 3366 3330 9059 3370 3334 9060 3369 3333 9061 3368 3332 9062 3368 3332 9063 3371 3335 9064 3370 3334 9065 3372 3336 9066 3370 3334 9067 3371 3335 9068 3371 3335 9069 3373 3337 9070 3372 3336 9071 3372 3336 9072 3373 3337 9073 3374 3338 9074 3374 3338 9075 3375 3339 9076 3372 3336 9077 3376 3340 9078 3377 3341 9079 3378 3342 9080 3376 3340 9081 3379 3343 9082 3377 3341 9083 3380 3344 9084 3381 3345 9085 3382 3346 9086 3382 3346 9087 3383 3347 9088 3380 3344 9089 3384 3348 9090 3383 3347 9091 3382 3346 9092 3382 3346 9093 3385 3349 9094 3384 3348 9095 3386 3350 9096 3387 3351 9097 3388 3352 9098 3387 3351 9099 3386 3350 9100 3389 3353 9101 3386 3350 9102 3388 3352 9103 3390 3354 9104 3390 3354 9105 3391 3355 9106 3386 3350 9107 3392 3356 9108 3386 3350 9109 3391 3355 9110 3391 3355 9111 3393 3357 9112 3392 3356 9113 3394 3358 9114 3395 3359 9115 3396 3360 9116 3396 3360 9117 3397 3361 9118 3394 3358 9119 3394 3358 9120 3397 3361 9121 3398 3362 9122 3399 3363 9123 3394 3358 9124 3398 3362 9125 3395 3359 9126 3394 3358 9127 3400 3364 9128 3400 3364 9129 3401 3365 9130 3395 3359 9131 3402 3366 9132 3403 3367 9133 3404 3368 9134 3404 3368 9135 3405 3369 9136 3402 3366 9137 3402 3366 9138 3405 3369 9139 3406 3370 9140 3407 3371 9141 3406 3370 9142 3405 3369 9143 3408 3372 9144 3405 3369 9145 3404 3368 9146 3408 3372 9147 3407 3371 9148 3405 3369 9149 3404 3368 9150 3409 3373 9151 3408 3372 9152 3409 3373 9153 3404 3368 9154 3410 3374 9155 3411 3375 9156 3409 3373 9157 3410 3374 9158 3412 3376 9159 3409 3373 9160 3411 3375 9161 3411 3375 9162 3413 3377 9163 3412 3376 9164 3411 3375 9165 3414 3378 9166 3413 3377 9167 3415 3379 9168 3413 3377 9169 3414 3378 9170 3409 3373 9171 3412 3376 9172 3416 3380 9173 3416 3380 9174 3408 3372 9175 3409 3373 9176 3416 3380 9177 3417 3381 9178 3408 3372 9179 3407 3371 9180 3408 3372 9181 3417 3381 9182 3417 3381 9183 3416 3380 9184 3418 3382 9185 3418 3382 9186 3419 3383 9187 3417 3381 9188 3419 3383 9189 3418 3382 9190 3420 3384 9191 3404 3368 9192 3421 3385 9193 3410 3374 9194 3403 3367 9195 3421 3385 9196 3404 3368 9197 3422 3386 9198 3423 3387 9199 3424 3388 9200 3424 3388 9201 3425 3389 9202 3422 3386 9203 3426 3390 9204 3424 3388 9205 3423 3387 9206 3427 3391 9207 3422 3386 9208 3425 3389 9209 3428 3392 9210 3429 3393 9211 3430 3394 9212 3428 3392 9213 3431 3395 9214 3429 3393 9215 3432 3396 9216 3430 3394 9217 3429 3393 9218 3431 3395 9219 3428 3392 9220 3433 3397 9221 3434 3398 9222 3435 3399 9223 3436 3400 9224 3436 3400 9225 3437 3401 9226 3434 3398 9227 3435 3399 9228 3438 3402 9229 3436 3400 9230 3438 3402 9231 3439 3403 9232 3436 3400 9233 3437 3401 9234 3440 3404 9235 3434 3398 9236 3441 3405 9237 3442 3406 9238 3443 3407 9239 3443 3407 9240 3444 3408 9241 3441 3405 9242 3445 3409 9243 3446 3410 9244 3447 3411 9245 3448 3412 9246 3447 3411 9247 3446 3410 9248 3449 3413 9249 3447 3411 9250 3448 3412 9251 3448 3412 9252 3450 3414 9253 3449 3413 9254 3451 3415 9255 3448 3412 9256 3446 3410 9257 3446 3410 9258 3452 3416 9259 3451 3415 9260 3445 3409 9261 3447 3411 9262 3453 3417 9263 3453 3417 9264 3454 3418 9265 3445 3409 9266 3448 3412 9267 3451 3415 9268 3455 3419 9269 3455 3419 9270 3450 3414 9271 3448 3412 9272 3456 3420 9273 3453 3417 9274 3447 3411 9275 3447 3411 9276 3449 3413 9277 3456 3420 9278 3446 3410 9279 3457 3421 9280 3452 3416 9281 3457 3421 9282 3446 3410 9283 3445 3409 9284 3452 3416 9285 3457 3421 9286 3458 3422 9287 3445 3409 9288 3459 3423 9289 3457 3421 9290 3459 3423 9291 3445 3409 9292 3454 3418 9293 3454 3418 9294 3460 3424 9295 3459 3423 9296 3461 3425 9297 3462 3426 9298 3463 3427 9299 3463 3427 9300 3464 3428 9301 3461 3425 9302 3465 3429 9303 3466 3430 9304 3467 3431 9305 3466 3430 9306 3468 3432 9307 3467 3431 9308 3469 3433 9309 3468 3434 9310 3470 3435 9311 3469 3433 9312 3470 3435 9313 3471 3436 9314 3470 3435 9315 3472 3437 9316 3471 3436 9317 3473 3438 9318 3474 3439 9319 3475 3440 9320 3475 3440 9321 3476 3441 9322 3473 3438 9323 3477 3442 9324 3473 3438 9325 3476 3441 9326 3478 3443 9327 3473 3438 9328 3477 3442 9329 3477 3442 9330 3479 3444 9331 3478 3443 9332 3480 3445 9333 3475 3440 9334 3474 3439 9335 3480 3445 9336 3474 3439 9337 3481 3446 9338 3481 3446 9339 3482 3447 9340 3480 3445 9341 3483 3448 9342 3484 3449 9343 3485 3450 9344 3483 3448 9345 3486 3451 9346 3484 3449 9347 3487 3452 9348 3488 3453 9349 3489 3454 9350 3489 3454 9351 3490 3455 9352 3487 3452 9353 3491 3456 9354 3489 3454 9355 3488 3453 9356 3488 3453 9357 3492 3457 9358 3491 3456 9359 3491 3456 9360 3493 3458 9361 3489 3454 9362 3493 3458 9363 3494 3459 9364 3489 3454 9365 3488 3453 9366 3495 3460 9367 3492 3457 9368 3488 3453 9369 3496 3461 9370 3495 3460 9371 3497 3462 9372 3498 3463 9373 3499 3464 9374 3499 3464 9375 3498 3463 9376 3500 3465 9377 3501 3466 9378 3498 3463 9379 3497 3462 9380 3502 3467 9381 3503 3468 9382 3501 3469 9383 3504 3470 9384 3505 3471 9385 3506 3472 9386 3506 3472 9387 3507 3473 9388 3504 3470 9389 3505 3471 9390 3504 3470 9391 3508 3474 9392 3508 3474 9393 3509 3475 9394 3505 3471 9395 3510 3476 9396 3511 3477 9397 3512 3478 9398 3512 3478 9399 3513 3479 9400 3510 3476 9401 3510 3476 9402 3513 3479 9403 3514 3480 9404 3515 3481 9405 3514 3480 9406 3513 3479 9407 3516 3482 9408 3517 3483 9409 3518 3484 9410 3518 3484 9411 3519 3485 9412 3516 3482 9413 3520 3486 9414 3521 3487 9415 3522 3488 9416 3522 3488 9417 3523 3489 9418 3520 3486 9419 3524 3490 9420 3525 3491 9421 3526 3492 9422 3524 3493 9423 3527 3494 9424 3528 3495 9425 3529 3496 9426 3528 3495 9427 3527 3494 9428 3529 3496 9429 3530 3497 9430 3528 3495 9431 3531 3498 9432 3532 3499 9433 3533 3500 9434 3534 3501 9435 3533 3500 9436 3532 3499 9437 3534 3501 9438 3535 3502 9439 3533 3500 9440 3535 3502 9441 3534 3501 9442 3536 3503 9443 3537 3504 9444 3538 3505 9445 3539 3506 9446 3540 3507 9447 3539 3506 9448 3538 3505 9449 3541 3508 9450 3540 3507 9451 3538 3505 9452 3540 3507 9453 3541 3508 9454 3542 3509 9455 3543 3510 9456 3544 3511 9457 3545 3512 9458 3545 3512 9459 3546 3513 9460 3543 3510 9461 3547 3514 9462 3548 3515 9463 3549 3516 9464 3549 3516 9465 3550 3517 9466 3547 3514 9467 3549 3516 9468 3548 3515 9469 3551 3518 9470 3548 3515 9471 3552 3519 9472 3551 3518 9473 3553 3520 9474 3548 3515 9475 3547 3514 9476 3553 3520 9477 3552 3519 9478 3548 3515 9479 3547 3514 9480 3554 3521 9481 3553 3520 9482 3547 3514 9483 3555 3522 9484 3554 3521 9485 3556 3523 9486 3554 3521 9487 3555 3522 9488 3554 3521 9489 3556 3523 9490 3557 3524 9491 3558 3525 9492 3557 3524 9493 3556 3523 9494 3556 3523 9495 3559 3526 9496 3558 3525 9497 3559 3526 9498 3560 3527 9499 3558 3525 9500 3554 3521 9501 3557 3524 9502 3561 3528 9503 3561 3528 9504 3553 3520 9505 3554 3521 9506 3561 3528 9507 3562 3529 9508 3553 3520 9509 3562 3529 9510 3552 3519 9511 3553 3520 9512 3562 3529 9513 3561 3528 9514 3563 3530 9515 3563 3530 9516 3564 3531 9517 3562 3529 9518 3564 3531 9519 3563 3530 9520 3565 3532 9521 3566 3533 9522 3547 3514 9523 3550 3517 9524 3547 3514 9525 3566 3533 9526 3555 3522 9527 3567 3534 9528 3568 3535 9529 3569 3536 9530 3569 3536 9531 3570 3537 9532 3567 3534 9533 3571 3538 9534 3567 3534 9535 3570 3537 9536 3572 3539 9537 3569 3536 9538 3568 3535 9539 3573 3540 9540 3574 3541 9541 3575 3542 9542 3575 3542 9543 3576 3543 9544 3573 3540 9545 3577 3544 9546 3574 3541 9547 3573 3540 9548 3576 3543 9549 3575 3542 9550 3578 3545 9551 3579 3546 9552 3580 3547 9553 3581 3548 9554 3580 3547 9555 3582 3549 9556 3581 3548 9557 3583 3550 9558 3580 3547 9559 3579 3546 9560 3584 3551 9561 3580 3547 9562 3583 3550 9563 3582 3549 9564 3585 3552 9565 3581 3548 9566 3586 3553 9567 3587 3554 9568 3588 3555 9569 3586 3553 9570 3589 3556 9571 3587 3554 9572 3590 3557 9573 3591 3558 9574 3592 3559 9575 3592 3559 9576 3593 3560 9577 3590 3557 9578 3593 3560 9579 3592 3559 9580 3594 3561 9581 3594 3561 9582 3595 3562 9583 3593 3560 9584 3592 3559 9585 3591 3558 9586 3596 3563 9587 3597 3564 9588 3592 3559 9589 3596 3563 9590 3598 3565 9591 3590 3557 9592 3593 3560 9593 3593 3560 9594 3599 3566 9595 3598 3565 9596 3592 3559 9597 3597 3564 9598 3600 3567 9599 3600 3567 9600 3594 3561 9601 3592 3559 9602 3601 3568 9603 3599 3566 9604 3593 3560 9605 3593 3560 9606 3595 3562 9607 3601 3568 9608 3602 3569 9609 3596 3563 9610 3591 3558 9611 3591 3558 9612 3603 3570 9613 3602 3569 9614 3603 3570 9615 3591 3558 9616 3604 3571 9617 3590 3557 9618 3604 3571 9619 3591 3558 9620 3590 3557 9621 3605 3572 9622 3604 3571 9623 3598 3565 9624 3605 3572 9625 3590 3557 9626 3606 3573 9627 3607 3574 9628 3608 3575 9629 3608 3575 9630 3609 3576 9631 3606 3573 9632 3610 3577 9633 3611 3578 9634 3612 3579 9635 3613 3580 9636 3610 3577 9637 3612 3579 9638 3614 3581 9639 3615 3582 9640 3611 3583 9641 3615 3582 9642 3614 3581 9643 3616 3584 9644 3614 3581 9645 3617 3585 9646 3616 3584 9647 3618 3586 9648 3619 3587 9649 3620 3588 9650 3620 3588 9651 3621 3589 9652 3618 3586 9653 3622 3590 9654 3618 3586 9655 3621 3589 9656 3623 3591 9657 3618 3586 9658 3622 3590 9659 3622 3590 9660 3624 3592 9661 3623 3591 9662 3625 3593 9663 3620 3588 9664 3619 3587 9665 3625 3593 9666 3619 3587 9667 3626 3594 9668 3626 3594 9669 3627 3595 9670 3625 3593 9671 3628 3596 9672 3629 3597 9673 3630 3598 9674 3628 3596 9675 3631 3599 9676 3629 3597 9677 3632 3600 9678 3633 3601 9679 3634 3602 9680 3634 3602 9681 3635 3603 9682 3632 3600 9683 3636 3604 9684 3634 3602 9685 3633 3601 9686 3633 3601 9687 3637 3605 9688 3636 3604 9689 3636 3604 9690 3638 3606 9691 3634 3602 9692 3638 3606 9693 3639 3607 9694 3634 3602 9695 3633 3601 9696 3640 3608 9697 3637 3605 9698 3633 3601 9699 3641 3609 9700 3640 3608 9701 3642 3610 9702 3643 3611 9703 3644 3612 9704 3644 3612 9705 3643 3611 9706 3645 3613 9707 3646 3614 9708 3643 3611 9709 3642 3610 9710 3647 3615 9711 3648 3616 9712 3646 3617 9713 3649 3618 9714 3650 3619 9715 3651 3620 9716 3650 3619 9717 3649 3618 9718 3652 3621 9719 3651 3620 9720 3650 3619 9721 3653 3622 9722 3653 3622 9723 3654 3623 9724 3651 3620 9725 3655 3624 9726 3656 3625 9727 3657 3626 9728 3657 3626 9729 3658 3627 9730 3655 3624 9731 3657 3626 9732 3656 3625 9733 3659 3628 9734 3660 3629 9735 3659 3628 9736 3656 3625 9737 3661 3630 9738 3662 3631 9739 3663 3632 9740 3663 3632 9741 3664 3633 9742 3661 3630 9743 3665 3634 9744 3666 3635 9745 3667 3636 9746 3668 3637 9747 3666 3635 9748 3665 3634 9749 3669 3638 9750 3670 3639 9751 3671 3640 9752 3672 3641 9753 3671 3640 9754 3670 3639 9755 3672 3641 9756 3673 3642 9757 3671 3640 9758 3669 3643 9759 3674 3644 9760 3675 3645 9761 3676 3646 9762 3677 3647 9763 3678 3648 9764 3679 3649 9765 3678 3648 9766 3677 3647 9767 3679 3649 9768 3680 3650 9769 3678 3648 9770 3680 3650 9771 3679 3649 9772 3681 3651 9773 3682 3652 9774 3683 3653 9775 3684 3654 9776 3683 3653 9777 3685 3655 9778 3684 3654 9779 3686 3656 9780 3685 3655 9781 3683 3653 9782 3687 3657 9783 3685 3655 9784 3686 3656 9785 3688 3658 9786 3689 3659 9787 3690 3660 9788 3690 3660 9789 3691 3661 9790 3688 3658 9791 3692 3662 9792 3693 3663 9793 3694 3664 9794 3694 3664 9795 3695 3665 9796 3692 3662 9797 3692 3662 9798 3695 3665 9799 3696 3666 9800 3697 3667 9801 3696 3666 9802 3695 3665 9803 3698 3668 9804 3695 3665 9805 3694 3664 9806 3698 3668 9807 3697 3667 9808 3695 3665 9809 3694 3664 9810 3699 3669 9811 3698 3668 9812 3694 3664 9813 3700 3670 9814 3699 3669 9815 3701 3671 9816 3699 3669 9817 3700 3670 9818 3699 3669 9819 3701 3671 9820 3702 3672 9821 3703 3673 9822 3702 3672 9823 3701 3671 9824 3701 3671 9825 3704 3674 9826 3703 3673 9827 3704 3674 9828 3705 3675 9829 3703 3673 9830 3699 3669 9831 3702 3672 9832 3706 3676 9833 3706 3676 9834 3698 3668 9835 3699 3669 9836 3706 3676 9837 3707 3677 9838 3698 3668 9839 3697 3667 9840 3698 3668 9841 3707 3677 9842 3707 3677 9843 3706 3676 9844 3708 3678 9845 3708 3678 9846 3709 3679 9847 3707 3677 9848 3709 3679 9849 3708 3678 9850 3710 3680 9851 3694 3664 9852 3711 3681 9853 3700 3670 9854 3711 3681 9855 3694 3664 9856 3693 3663 9857 3712 3682 9858 3713 3683 9859 3714 3684 9860 3714 3684 9861 3715 3685 9862 3712 3682 9863 3716 3686 9864 3714 3684 9865 3713 3683 9866 3717 3687 9867 3712 3682 9868 3715 3685 9869 3718 3688 9870 3719 3689 9871 3720 3690 9872 3718 3688 9873 3721 3691 9874 3719 3689 9875 3722 3692 9876 3720 3690 9877 3719 3689 9878 3721 3691 9879 3718 3688 9880 3723 3693 9881 3724 3694 9882 3725 3695 9883 3726 3696 9884 3725 3695 9885 3727 3697 9886 3726 3696 9887 3728 3698 9888 3726 3696 9889 3727 3697 9890 3729 3699 9891 3726 3696 9892 3728 3698 9893 3724 3694 9894 3730 3700 9895 3725 3695 9896 3731 3701 9897 3732 3702 9898 3733 3703 9899 3733 3703 9900 3734 3704 9901 3731 3701 9902 3735 3705 9903 3736 3706 9904 3737 3707 9905 3737 3707 9906 3738 3708 9907 3735 3705 9908 3739 3709 9909 3737 3707 9910 3736 3706 9911 3736 3706 9912 3740 3710 9913 3739 3709 9914 3741 3711 9915 3736 3706 9916 3735 3705 9917 3735 3705 9918 3742 3712 9919 3741 3711 9920 3737 3707 9921 3743 3713 9922 3738 3708 9923 3744 3714 9924 3738 3708 9925 3743 3713 9926 3736 3706 9927 3741 3711 9928 3745 3715 9929 3745 3715 9930 3740 3710 9931 3736 3706 9932 3737 3707 9933 3739 3709 9934 3746 3716 9935 3746 3716 9936 3743 3713 9937 3737 3707 9938 3747 3717 9939 3742 3712 9940 3735 3705 9941 3747 3717 9942 3735 3705 9943 3738 3708 9944 3747 3717 9945 3748 3718 9946 3742 3712 9947 3738 3708 9948 3749 3719 9949 3747 3717 9950 3749 3719 9951 3738 3708 9952 3744 3714 9953 3744 3714 9954 3750 3720 9955 3749 3719 9956 3751 3721 9957 3752 3722 9958 3753 3723 9959 3753 3723 9960 3754 3724 9961 3751 3721 9962 3755 3725 9963 3756 3726 9964 3757 3727 9965 3756 3726 9966 3758 3728 9967 3757 3727 9968 3759 3729 9969 3760 3730 9970 3755 3731 9971 3760 3730 9972 3759 3729 9973 3761 3732 9974 3759 3729 9975 3762 3733 9976 3761 3732 9977 3763 3734 9978 3764 3735 9979 3765 3736 9980 3765 3736 9981 3766 3737 9982 3763 3734 9983 3767 3738 9984 3763 3734 9985 3766 3737 9986 3768 3739 9987 3763 3734 9988 3767 3738 9989 3767 3738 9990 3769 3740 9991 3768 3739 9992 3770 3741 9993 3765 3736 9994 3764 3735 9995 3770 3741 9996 3764 3735 9997 3771 3742 9998 3771 3742 9999 3772 3743 10000 3770 3741 10001 3773 3744 10002 3774 3745 10003 3775 3746 10004 3775 3746 10005 3776 3747 10006 3773 3744 10007 3777 3748 10008 3778 3749 10009 3779 3750 10010 3779 3750 10011 3780 3751 10012 3777 3748 10013 3781 3752 10014 3779 3750 10015 3778 3749 10016 3778 3749 10017 3782 3753 10018 3781 3752 10019 3781 3752 10020 3783 3754 10021 3779 3750 10022 3784 3755 10023 3779 3750 10024 3783 3754 10025 3778 3749 10026 3785 3756 10027 3782 3753 10028 3778 3749 10029 3786 3757 10030 3785 3756 10031 3787 3758 10032 3788 3759 10033 3789 3760 10034 3789 3760 10035 3788 3759 10036 3790 3761 10037 3791 3762 10038 3788 3759 10039 3787 3758 10040 3792 3763 10041 3793 3764 10042 3791 3765 10043 3794 3766 10044 3795 3767 10045 3796 3768 10046 3794 3766 10047 3797 3769 10048 3795 3767 10049 3797 3769 10050 3794 3766 10051 3798 3770 10052 3798 3770 10053 3799 3771 10054 3797 3769 10055 3800 3772 10056 3801 3773 10057 3802 3774 10058 3802 3774 10059 3803 3775 10060 3800 3772 10061 3804 3776 10062 3800 3772 10063 3803 3775 10064 3803 3775 10065 3805 3777 10066 3804 3776 10067 3806 3778 10068 3807 3779 10069 3808 3780 10070 3808 3780 10071 3809 3781 10072 3806 3778 10073 3810 3782 10074 3811 3783 10075 3812 3784 10076 3813 3785 10077 3811 3783 10078 3810 3782 10079 3814 3786 10080 3815 3787 10081 3816 3788 10082 3817 3789 10083 3816 3788 10084 3815 3787 10085 3817 3789 10086 3818 3790 10087 3816 3788 10088 3814 3791 10089 3819 3792 10090 3820 3793 10091 3821 3794 10092 3822 3795 10093 3823 3796 10094 3824 3797 10095 3823 3796 10096 3822 3795 10097 3824 3797 10098 3825 3798 10099 3823 3796 10100 3825 3798 10101 3824 3797 10102 3826 3799 10103 3827 3800 10104 3828 3801 10105 3829 3802 10106 3830 3803 10107 3829 3802 10108 3828 3801 10109 3831 3804 10110 3830 3803 10111 3828 3801 10112 3830 3803 10113 3831 3804 10114 3832 3805 10115 3833 3806 10116 3834 3807 10117 3835 3808 10118 3835 3808 10119 3836 3809 10120 3833 3806 10121 3837 3810 10122 3838 3811 10123 3839 3812 10124 3839 3812 10125 3840 3813 10126 3837 3810 10127 3837 3810 10128 3840 3813 10129 3841 3814 10130 3842 3815 10131 3841 3814 10132 3840 3813 10133 3843 3816 10134 3840 3813 10135 3839 3812 10136 3843 3816 10137 3842 3815 10138 3840 3813 10139 3839 3812 10140 3844 3817 10141 3843 3816 10142 3839 3812 10143 3845 3818 10144 3844 3817 10145 3845 3818 10146 3846 3819 10147 3844 3817 10148 3844 3817 10149 3846 3819 10150 3847 3820 10151 3848 3821 10152 3847 3820 10153 3846 3819 10154 3846 3819 10155 3849 3822 10156 3848 3821 10157 3849 3822 10158 3850 3823 10159 3848 3821 10160 3851 3824 10161 3843 3816 10162 3844 3817 10163 3844 3817 10164 3847 3820 10165 3851 3824 10166 3851 3824 10167 3852 3825 10168 3843 3816 10169 3842 3815 10170 3843 3816 10171 3852 3825 10172 3852 3825 10173 3851 3824 10174 3853 3826 10175 3853 3826 10176 3854 3827 10177 3852 3825 10178 3854 3827 10179 3853 3826 10180 3855 3828 10181 3856 3829 10182 3845 3818 10183 3839 3812 10184 3856 3829 10185 3839 3812 10186 3838 3811 10187 3857 3830 10188 3858 3831 10189 3859 3832 10190 3859 3832 10191 3860 3833 10192 3857 3830 10193 3861 3834 10194 3859 3832 10195 3858 3831 10196 3862 3835 10197 3857 3830 10198 3860 3833 10199 3863 3836 10200 3864 3837 10201 3865 3838 10202 3863 3836 10203 3866 3839 10204 3864 3837 10205 3867 3840 10206 3865 3838 10207 3864 3837 10208 3866 3839 10209 3863 3836 10210 3868 3841 10211 3869 3842 10212 3870 3843 10213 3871 3844 10214 3872 3845 10215 3869 3842 10216 3871 3844 10217 3871 3844 10218 3870 3843 10219 3873 3846 10220 3873 3846 10221 3874 3847 10222 3871 3844 10223 3872 3845 10224 3875 3848 10225 3869 3842 10226 3876 3849 10227 3877 3850 10228 3878 3851 10229 3878 3851 10230 3879 3852 10231 3876 3849 10232 3880 3853 10233 3881 3854 10234 3882 3855 10235 3882 3855 10236 3883 3856 10237 3880 3853 10238 3883 3856 10239 3882 3855 10240 3884 3857 10241 3884 3857 10242 3885 3858 10243 3883 3856 10244 3882 3855 10245 3881 3854 10246 3886 3859 10247 3886 3859 10248 3887 3860 10249 3882 3855 10250 3888 3861 10251 3880 3853 10252 3883 3856 10253 3883 3856 10254 3889 3862 10255 3888 3861 10256 3890 3863 10257 3884 3857 10258 3882 3855 10259 3882 3855 10260 3887 3860 10261 3890 3863 10262 3883 3856 10263 3885 3858 10264 3891 3864 10265 3891 3864 10266 3889 3862 10267 3883 3856 10268 3892 3865 10269 3886 3859 10270 3881 3854 10271 3881 3854 10272 3893 3866 10273 3892 3865 10274 3880 3853 10275 3894 3867 10276 3881 3854 10277 3894 3867 10278 3893 3866 10279 3881 3854 10280 3895 3868 10281 3880 3853 10282 3888 3861 10283 3895 3868 10284 3894 3867 10285 3880 3853 10286 3896 3869 10287 3897 3870 10288 3898 3871 10289 3898 3871 10290 3899 3872 10291 3896 3869 10292 3900 3873 10293 3901 3874 10294 3902 3875 10295 3901 3874 10296 3903 3876 10297 3902 3875 10298 3904 3877 10299 3905 3878 10300 3900 3879 10301 3905 3878 10302 3904 3877 10303 3906 3880 10304 3904 3877 10305 3907 3881 10306 3906 3880 10307 3908 3882 10308 3909 3883 10309 3910 3884 10310 3910 3884 10311 3911 3885 10312 3908 3882 10313 3912 3886 10314 3908 3882 10315 3911 3885 10316 3913 3887 10317 3908 3882 10318 3912 3886 10319 3912 3886 10320 3914 3888 10321 3913 3887 10322 3915 3889 10323 3910 3884 10324 3909 3883 10325 3915 3889 10326 3909 3883 10327 3916 3890 10328 3916 3890 10329 3917 3891 10330 3915 3889 10331 3918 3892 10332 3919 3893 10333 3920 3894 10334 3919 3893 10335 3918 3892 10336 3921 3895 10337 3922 3896 10338 3923 3897 10339 3924 3898 10340 3924 3898 10341 3925 3899 10342 3922 3896 10343 3926 3900 10344 3924 3898 10345 3923 3897 10346 3923 3897 10347 3927 3901 10348 3926 3900 10349 3926 3900 10350 3928 3902 10351 3924 3898 10352 3928 3902 10353 3929 3903 10354 3924 3898 10355 3923 3897 10356 3930 3904 10357 3927 3901 10358 3923 3897 10359 3931 3905 10360 3930 3904 10361 3932 3906 10362 3933 3907 10363 3934 3908 10364 3934 3908 10365 3933 3907 10366 3935 3909 10367 3936 3910 10368 3933 3907 10369 3932 3906 10370 3937 3911 10371 3938 3912 10372 3936 3913 10373 3939 3914 10374 3940 3915 10375 3941 3916 10376 3940 3915 10377 3939 3914 10378 3942 3917 10379 3941 3916 10380 3940 3915 10381 3943 3918 10382 3943 3918 10383 3944 3919 10384 3941 3916 10385 3945 3920 10386 3946 3921 10387 3947 3922 10388 3947 3922 10389 3948 3923 10390 3945 3920 10391 3945 3920 10392 3948 3923 10393 3949 3924 10394 3950 3925 10395 3949 3924 10396 3948 3923 10397 3951 3926 10398 3952 3927 10399 3953 3928 10400 3953 3928 10401 3954 3929 10402 3951 3926 10403 3955 3930 10404 3956 3931 10405 3957 3932 10406 3956 3931 10407 3955 3930 10408 3958 3933 10409 3959 3934 10410 3960 3935 10411 3961 3936 10412 3960 3937 10413 3962 3938 10414 3963 3939 10415 3964 3940 10416 3963 3939 10417 3962 3938 10418 3964 3940 10419 3965 3941 10420 3963 3939 10421 3966 3942 10422 3967 3943 10423 3968 3944 10424 3967 3943 10425 3969 3945 10426 3968 3944 10427 3970 3946 10428 3967 3943 10429 3966 3942 10430 3970 3946 10431 3966 3942 10432 3971 3947 10433 3972 3948 10434 3973 3949 10435 3974 3950 10436 3975 3951 10437 3974 3950 10438 3973 3949 10439 3976 3952 10440 3975 3951 10441 3973 3949 10442 3975 3951 10443 3976 3952 10444 3977 3953 10445 3978 3954 10446 3979 3955 10447 3980 3956 10448 3980 3956 10449 3981 3957 10450 3978 3954 10451 3982 3958 10452 3983 3959 10453 3984 3960 10454 3984 3960 10455 3985 3961 10456 3982 3958 10457 3982 3958 10458 3985 3961 10459 3986 3962 10460 3987 3963 10461 3986 3962 10462 3985 3961 10463 3988 3964 10464 3985 3961 10465 3984 3960 10466 3988 3964 10467 3987 3963 10468 3985 3961 10469 3984 3960 10470 3989 3965 10471 3988 3964 10472 3989 3965 10473 3984 3960 10474 3990 3966 10475 3991 3967 10476 3989 3965 10477 3990 3966 10478 3992 3968 10479 3989 3965 10480 3991 3967 10481 3991 3967 10482 3993 3969 10483 3992 3968 10484 3991 3967 10485 3994 3970 10486 3993 3969 10487 3995 3971 10488 3993 3969 10489 3994 3970 10490 3989 3965 10491 3992 3968 10492 3996 3972 10493 3996 3972 10494 3988 3964 10495 3989 3965 10496 3996 3972 10497 3997 3973 10498 3988 3964 10499 3987 3963 10500 3988 3964 10501 3997 3973 10502 3996 3972 10503 3998 3974 10504 3997 3973 10505 3998 3974 10506 3999 3975 10507 3997 3973 10508 3998 3974 10509 4000 3976 10510 3999 3975 10511 3984 3960 10512 4001 3977 10513 3990 3966 10514 3984 3960 10515 3983 3959 10516 4001 3977 10517 4002 3978 10518 4003 3979 10519 4004 3980 10520 4004 3980 10521 4005 3981 10522 4002 3978 10523 4006 3982 10524 4004 3980 10525 4003 3979 10526 4007 3983 10527 4002 3978 10528 4005 3981 10529 4008 3984 10530 4009 3985 10531 4010 3986 10532 4008 3984 10533 4011 3987 10534 4009 3985 10535 4012 3988 10536 4010 3986 10537 4009 3985 10538 4011 3987 10539 4008 3984 10540 4013 3989 10541 4014 3990 10542 4015 3991 10543 4016 3992 10544 4015 3991 10545 4017 3993 10546 4016 3992 10547 4017 3993 10548 4018 3994 10549 4016 3992 10550 4018 3994 10551 4019 3995 10552 4016 3992 10553 4014 3990 10554 4020 3990 10555 4015 3991 10556 4021 3996 10557 4022 3997 10558 4023 3998 10559 4022 3997 10560 4024 3999 10561 4023 3998 10562 4025 4000 10563 4026 4001 10564 4027 4002 10565 4027 4002 10566 4028 4003 10567 4025 4000 10568 4026 4001 10569 4025 4000 10570 4029 4004 10571 4029 4004 10572 4030 4005 10573 4026 4001 10574 4028 4003 10575 4031 4006 10576 4025 4000 10577 4031 4006 10578 4032 4007 10579 4025 4000 10580 4033 4008 10581 4027 4002 10582 4026 4001 10583 4026 4001 10584 4034 4009 10585 4033 4008 10586 4035 4010 10587 4029 4004 10588 4025 4000 10589 4025 4000 10590 4032 4007 10591 4035 4010 10592 4026 4001 10593 4030 4005 10594 4036 4011 10595 4036 4011 10596 4034 4009 10597 4026 4001 10598 4037 4012 10599 4031 4006 10600 4028 4003 10601 4028 4003 10602 4038 4013 10603 4037 4012 10604 4028 4003 10605 4027 4002 10606 4039 4014 10607 4039 4014 10608 4038 4013 10609 4028 4003 10610 4027 4002 10611 4033 4008 10612 4040 4015 10613 4040 4015 10614 4039 4014 10615 4027 4002 10616 4041 4016 10617 4042 4017 10618 4043 4018 10619 4043 4018 10620 4044 4019 10621 4041 4016 10622 4045 4020 10623 4046 4021 10624 4047 4022 10625 4045 4020 10626 4048 4023 10627 4046 4021 10628 4049 4024 10629 4047 4025 10630 4050 4026 10631 4050 4026 10632 4051 4027 10633 4049 4024 10634 4050 4026 10635 4052 4028 10636 4051 4027 10637 4053 4029 10638 4054 4030 10639 4055 4031 10640 4055 4031 10641 4056 4032 10642 4053 4029 10643 4057 4033 10644 4055 4031 10645 4054 4030 10646 4058 4034 10647 4055 4031 10648 4057 4033 10649 4057 4033 10650 4059 4035 10651 4058 4034 10652 4060 4036 10653 4053 4029 10654 4056 4032 10655 4060 4036 10656 4056 4032 10657 4061 4037 10658 4061 4037 10659 4062 4038 10660 4060 4036 10661 4063 4039 10662 4064 4040 10663 4065 4041 10664 4063 4039 10665 4066 4042 10666 4064 4040 10667 4067 4043 10668 4068 4044 10669 4069 4045 10670 4069 4045 10671 4070 4046 10672 4067 4043 10673 4071 4047 10674 4069 4045 10675 4068 4044 10676 4068 4044 10677 4072 4048 10678 4071 4047 10679 4071 4047 10680 4073 4049 10681 4069 4045 10682 4073 4049 10683 4074 4050 10684 4069 4045 10685 4068 4044 10686 4075 4051 10687 4072 4048 10688 4068 4044 10689 4076 4052 10690 4075 4051 10691 4077 4053 10692 4078 4054 10693 4079 4055 10694 4079 4055 10695 4078 4054 10696 4080 4056 10697 4081 4057 10698 4078 4054 10699 4077 4053 10700 4082 4058 10701 4083 4059 10702 4081 4060 10703 4084 4061 10704 4085 4062 10705 4086 4063 10706 4086 4063 10707 4087 4064 10708 4084 4061 10709 4085 4062 10710 4084 4061 10711 4088 4065 10712 4088 4065 10713 4089 4066 10714 4085 4062 10715 4090 4067 10716 4091 4068 10717 4092 4069 10718 4092 4069 10719 4093 4070 10720 4090 4067 10721 4094 4071 10722 4090 4067 10723 4093 4070 10724 4095 4072 10725 4094 4071 10726 4093 4070 10727 4096 4073 10728 4097 4074 10729 4098 4075 10730 4098 4075 10731 4099 4076 10732 4096 4073 10733 4100 4077 10734 4101 4078 10735 4102 4079 10736 4100 4077 10737 4103 4080 10738 4101 4078 10739 4104 4081 10740 4105 4082 10741 4106 4083 10742 4104 4084 10743 4107 4085 10744 4108 4086 10745 4109 4087 10746 4108 4086 10747 4107 4085 10748 4109 4087 10749 4110 4088 10750 4108 4086 10751 4111 4089 10752 4112 4090 10753 4113 4091 10754 4114 4092 10755 4111 4089 10756 4113 4091 10757 4112 4090 10758 4115 4093 10759 4113 4091 10760 4112 4090 10761 4116 4094 10762 4115 4093 10763 4117 4095 10764 4118 4096 10765 4119 4097 10766 4120 4098 10767 4119 4097 10768 4118 4096 10769 4121 4099 10770 4120 4098 10771 4118 4096 10772 4120 4098 10773 4121 4099 10774 4122 4100 10775 4123 4101 10776 4124 4102 10777 4125 4103 10778 4125 4103 10779 4126 4104 10780 4123 4101 10781 4127 4105 10782 4128 4106 10783 4129 4107 10784 4129 4107 10785 4130 4108 10786 4127 4105 10787 4131 4109 10788 4127 4105 10789 4130 4108 10790 4130 4108 10791 4132 4110 10792 4131 4109 10793 4133 4111 10794 4130 4108 10795 4129 4107 10796 4133 4111 10797 4132 4110 10798 4130 4108 10799 4129 4107 10800 4134 4112 10801 4133 4111 10802 4134 4112 10803 4129 4107 10804 4135 4113 10805 4135 4113 10806 4136 4114 10807 4134 4112 10808 4137 4115 10809 4134 4112 10810 4136 4114 10811 4136 4114 10812 4138 4116 10813 4137 4115 10814 4136 4114 10815 4139 4117 10816 4138 4116 10817 4140 4118 10818 4138 4116 10819 4139 4117 10820 4141 4119 10821 4133 4111 10822 4134 4112 10823 4134 4112 10824 4137 4115 10825 4141 4119 10826 4141 4119 10827 4142 4120 10828 4133 4111 10829 4133 4111 10830 4142 4120 10831 4132 4110 10832 4141 4119 10833 4143 4121 10834 4142 4120 10835 4143 4121 10836 4144 4122 10837 4142 4120 10838 4143 4121 10839 4145 4123 10840 4144 4122 10841 4146 4124 10842 4135 4113 10843 4129 4107 10844 4129 4107 10845 4128 4106 10846 4146 4124 10847 4147 4125 10848 4148 4126 10849 4149 4127 10850 4149 4127 10851 4150 4128 10852 4147 4125 10853 4151 4129 10854 4149 4127 10855 4148 4126 10856 4152 4130 10857 4147 4125 10858 4150 4128 10859 4153 4131 10860 4154 4132 10861 4155 4133 10862 4153 4131 10863 4156 4134 10864 4154 4132 10865 4157 4135 10866 4155 4133 10867 4154 4132 10868 4156 4134 10869 4153 4131 10870 4158 4136 10871 4159 4137 10872 4160 4138 10873 4161 4139 10874 4160 4138 10875 4162 4140 10876 4161 4139 10877 4161 4139 10878 4162 4140 10879 4163 4141 10880 4163 4141 10881 4164 4142 10882 4161 4139 10883 4159 4137 10884 4165 4143 10885 4160 4138 10886 4166 4144 10887 4167 4145 10888 4168 4146 10889 4168 4146 10890 4169 4147 10891 4166 4144 10892 4170 4148 10893 4171 4149 10894 4172 4150 10895 4173 4151 10896 4172 4150 10897 4171 4149 10898 4173 4151 10899 4174 4152 10900 4172 4150 10901 4175 4153 10902 4174 4152 10903 4173 4151 10904 4176 4154 10905 4173 4151 10906 4171 4149 10907 4171 4149 10908 4177 4155 10909 4176 4154 10910 4170 4148 10911 4172 4150 10912 4178 4156 10913 4178 4156 10914 4179 4157 10915 4170 4148 10916 4180 4158 10917 4175 4153 10918 4173 4151 10919 4173 4151 10920 4176 4154 10921 4180 4158 10922 4181 4159 10923 4178 4156 10924 4172 4150 10925 4172 4150 10926 4174 4152 10927 4181 4159 10928 4177 4155 10929 4171 4149 10930 4182 4160 10931 4182 4160 10932 4171 4149 10933 4170 4148 10934 4183 4161 10935 4177 4155 10936 4182 4160 10937 4170 4148 10938 4184 4162 10939 4182 4160 10940 4184 4162 10941 4170 4148 10942 4179 4157 10943 4179 4157 10944 4185 4163 10945 4184 4162 10946 4186 4164 10947 4187 4165 10948 4188 4166 10949 4188 4166 10950 4189 4167 10951 4186 4164 10952 4190 4168 10953 4191 4169 10954 4192 4170 10955 4192 4170 10956 4193 4171 10957 4190 4168 10958 4194 4172 10959 4191 4173 10960 4195 4174 10961 4195 4174 10962 4196 4175 10963 4194 4172 10964 4195 4174 10965 4197 4176 10966 4196 4175 10967 4198 4177 10968 4199 4178 10969 4200 4179 10970 4200 4179 10971 4201 4180 10972 4198 4177 10973 4202 4181 10974 4198 4177 10975 4201 4180 10976 4203 4182 10977 4198 4177 10978 4202 4181 10979 4202 4181 10980 4204 4183 10981 4203 4182 10982 4205 4184 10983 4200 4179 10984 4199 4178 10985 4205 4184 10986 4199 4178 10987 4206 4185 10988 4206 4185 10989 4207 4186 10990 4205 4184 10991 4208 4187 10992 4209 4188 10993 4210 4189 10994 4209 4188 10995 4208 4187 10996 4211 4190 10997 4212 4191 10998 4213 4192 10999 4214 4193 11000 4214 4193 11001 4215 4194 11002 4212 4191 11003 4216 4195 11004 4214 4193 11005 4213 4192 11006 4213 4192 11007 4217 4196 11008 4216 4195 11009 4216 4195 11010 4218 4197 11011 4214 4193 11012 4218 4197 11013 4219 4198 11014 4214 4193 11015 4213 4192 11016 4220 4199 11017 4217 4196 11018 4220 4199 11019 4213 4192 11020 4221 4200 11021 4222 4201 11022 4223 4202 11023 4224 4203 11024 4224 4203 11025 4223 4202 11026 4225 4204 11027 4226 4205 11028 4223 4202 11029 4222 4201 11030 4227 4206 11031 4228 4207 11032 4226 4208 11033 4229 4209 11034 4230 4210 11035 4231 4211 11036 4230 4210 11037 4229 4209 11038 4232 4212 11039 4231 4211 11040 4230 4210 11041 4233 4213 11042 4233 4213 11043 4234 4214 11044 4231 4211 11045 4235 4215 11046 4236 4216 11047 4237 4217 11048 4237 4217 11049 4238 4218 11050 4235 4215 11051 4235 4215 11052 4238 4218 11053 4239 4219 11054 4240 4220 11055 4239 4219 11056 4238 4218 11057 4241 4221 11058 4242 4222 11059 4243 4223 11060 4243 4223 11061 4244 4224 11062 4241 4221 11063 4245 4225 11064 4246 4226 11065 4247 4227 11066 4247 4227 11067 4248 4228 11068 4245 4225 11069 4249 4229 11070 4250 4230 11071 4251 4231 11072 4249 4232 11073 4252 4233 11074 4253 4234 11075 4254 4235 11076 4253 4234 11077 4252 4233 11078 4254 4235 11079 4255 4236 11080 4253 4234 11081 4256 4237 11082 4257 4238 11083 4258 4239 11084 4259 4240 11085 4256 4237 11086 4258 4239 11087 4257 4238 11088 4260 4241 11089 4258 4239 11090 4257 4238 11091 4261 4242 11092 4260 4241 11093 4262 4243 11094 4263 4244 11095 4264 4245 11096 4263 4244 11097 4265 4246 11098 4264 4245 11099 4266 4247 11100 4262 4243 11101 4264 4245 11102 4262 4243 11103 4266 4247 11104 4267 4248 11105 4268 4249 11106 4269 4250 11107 4270 4251 11108 4270 4251 11109 4271 4252 11110 4268 4249 11111 4272 4253 11112 4273 4254 11113 4274 4255 11114 4274 4255 11115 4275 4256 11116 4272 4253 11117 4276 4257 11118 4272 4253 11119 4275 4256 11120 4275 4256 11121 4277 4258 11122 4276 4257 11123 4278 4259 11124 4275 4256 11125 4274 4255 11126 4277 4258 11127 4275 4256 11128 4278 4259 11129 4274 4255 11130 4279 4260 11131 4278 4259 11132 4274 4255 11133 4280 4261 11134 4279 4260 11135 4281 4262 11136 4279 4260 11137 4280 4261 11138 4279 4260 11139 4281 4262 11140 4282 4263 11141 4283 4264 11142 4282 4263 11143 4281 4262 11144 4281 4262 11145 4284 4265 11146 4283 4264 11147 4285 4266 11148 4283 4264 11149 4284 4265 11150 4279 4260 11151 4282 4263 11152 4286 4267 11153 4286 4267 11154 4278 4259 11155 4279 4260 11156 4286 4267 11157 4287 4268 11158 4278 4259 11159 4277 4258 11160 4278 4259 11161 4287 4268 11162 4286 4267 11163 4288 4269 11164 4287 4268 11165 4288 4269 11166 4289 4270 11167 4287 4268 11168 4288 4269 11169 4290 4271 11170 4289 4270 11171 4274 4255 11172 4291 4272 11173 4280 4261 11174 4291 4272 11175 4274 4255 11176 4273 4254 11177 4292 4273 11178 4293 4274 11179 4294 4275 11180 4294 4275 11181 4295 4276 11182 4292 4273 11183 4296 4277 11184 4292 4273 11185 4295 4276 11186 4297 4278 11187 4294 4275 11188 4293 4274 11189 4298 4279 11190 4299 4280 11191 4300 4281 11192 4298 4279 11193 4301 4282 11194 4299 4280 11195 4302 4283 11196 4300 4281 11197 4299 4280 11198 4301 4282 11199 4298 4279 11200 4303 4284 11201 4304 4285 11202 4305 4286 11203 4306 4287 11204 4307 4288 11205 4306 4287 11206 4305 4286 11207 4307 4288 11208 4308 4289 11209 4306 4287 11210 4308 4289 11211 4309 4290 11212 4306 4287 11213 4304 4285 11214 4310 3881 11215 4305 4286 11216 4311 4291 11217 4312 4292 11218 4313 4293 11219 4314 4294 11220 4312 4292 11221 4311 4291 11222 4315 4295 11223 4316 4296 11224 4317 4297 11225 4317 4297 11226 4318 4298 11227 4315 4295 11228 4316 4296 11229 4315 4295 11230 4319 4299 11231 4319 4299 11232 4320 4300 11233 4316 4296 11234 4318 4298 11235 4321 4301 11236 4315 4295 11237 4322 4302 11238 4315 4295 11239 4321 4301 11240 4323 4303 11241 4317 4297 11242 4316 4296 11243 4316 4296 11244 4324 4304 11245 4323 4303 11246 4315 4295 11247 4322 4302 11248 4325 4305 11249 4325 4305 11250 4319 4299 11251 4315 4295 11252 4326 4306 11253 4324 4304 11254 4316 4296 11255 4316 4296 11256 4320 4300 11257 4326 4306 11258 4327 4307 11259 4321 4301 11260 4318 4298 11261 4318 4298 11262 4328 4308 11263 4327 4307 11264 4328 4308 11265 4318 4298 11266 4329 4309 11267 4318 4298 11268 4317 4297 11269 4329 4309 11270 4329 4309 11271 4317 4297 11272 4330 4310 11273 4317 4297 11274 4323 4303 11275 4330 4310 11276 4331 4311 11277 4332 4312 11278 4333 4313 11279 4333 4313 11280 4334 4314 11281 4331 4311 11282 4335 4315 11283 4336 4316 11284 4337 4317 11285 4337 4317 11286 4338 4318 11287 4335 4315 11288 4336 4319 11289 4339 4320 11290 4340 4321 11291 4340 4321 11292 4339 4320 11293 4341 4322 11294 4339 4320 11295 4342 4323 11296 4341 4322 11297 4343 4324 11298 4344 4325 11299 4345 4326 11300 4345 4326 11301 4346 4327 11302 4343 4324 11303 4347 4328 11304 4343 4324 11305 4346 4327 11306 4348 4329 11307 4343 4324 11308 4347 4328 11309 4347 4328 11310 4349 4330 11311 4348 4329 11312 4350 4331 11313 4345 4326 11314 4344 4325 11315 4350 4331 11316 4344 4325 11317 4351 4332 11318 4351 4332 11319 4352 4333 11320 4350 4331 11321 4353 4334 11322 4354 4335 11323 4355 4336 11324 4355 4336 11325 4356 4337 11326 4353 4334 11327 4357 4338 11328 4358 4339 11329 4359 4340 11330 4359 4340 11331 4360 4341 11332 4357 4338 11333 4361 4342 11334 4357 4338 11335 4360 4341 11336 4360 4341 11337 4362 4343 11338 4361 4342 11339 4361 4342 11340 4363 4344 11341 4357 4338 11342 4364 4345 11343 4357 4338 11344 4363 4344 11345 4360 4341 11346 4365 4346 11347 4362 4343 11348 4360 4341 11349 4366 4347 11350 4365 4346 11351 4367 4348 11352 4368 4349 11353 4369 4350 11354 4369 4350 11355 4368 4349 11356 4370 4351 11357 4371 4352 11358 4368 4349 11359 4367 4348 11360 4372 4353 11361 4373 4354 11362 4371 4355 11363 4374 4356 11364 4375 4357 11365 4376 4358 11366 4374 4356 11367 4377 4359 11368 4375 4357 11369 4377 4359 11370 4374 4356 11371 4378 4360 11372 4378 4360 11373 4379 4361 11374 4377 4359 11375 4380 4362 11376 4381 4363 11377 4382 4364 11378 4382 4364 11379 4383 4365 11380 4380 4362 11381 4384 4366 11382 4382 4364 11383 4381 4363 11384 4381 4363 11385 4385 4367 11386 4384 4366 11387 4386 4368 11388 4387 4369 11389 4388 4370 11390 4388 4370 11391 4389 4371 11392 4386 4368 11393 4390 4372 11394 4391 4373 11395 4392 4374 11396 4392 4374 11397 4393 4375 11398 4390 4372 11399 4394 4376 11400 4395 4377 11401 4396 4378 11402 4397 4379 11403 4398 4380 11404 4394 4381 11405 4399 4382 11406 4398 4380 11407 4397 4379 11408 4399 4382 11409 4400 4383 11410 4398 4380 11411 4401 4384 11412 4402 4385 11413 4403 4386 11414 4404 4387 11415 4403 4386 11416 4402 4385 11417 4404 4387 11418 4405 4388 11419 4403 4386 11420 4405 4388 11421 4404 4387 11422 4406 4389 11423 4407 4390 11424 4408 4391 11425 4409 4392 11426 4409 4392 11427 4410 4393 11428 4407 4390 11429 4408 4391 11430 4407 4390 11431 4411 4394 11432 4408 4391 11433 4411 4394 11434 4412 4395 11435 4413 4396 11436 4414 4397 11437 4415 4398 11438 4415 4398 11439 4416 4399 11440 4413 4396 11441 4417 4400 11442 4418 4401 11443 4419 4402 11444 4419 4402 11445 4420 4403 11446 4417 4400 11447 4421 4404 11448 4419 4402 11449 4418 4401 11450 4422 4405 11451 4421 4404 11452 4418 4401 11453 4423 4406 11454 4418 4401 11455 4417 4400 11456 4422 4405 11457 4418 4401 11458 4423 4406 11459 4417 4400 11460 4424 4407 11461 4423 4406 11462 4417 4400 11463 4425 4408 11464 4424 4407 11465 4426 4409 11466 4424 4407 11467 4425 4408 11468 4424 4407 11469 4426 4409 11470 4427 4410 11471 4428 4411 11472 4427 4410 11473 4426 4409 11474 4426 4409 11475 4429 4412 11476 4428 4411 11477 4429 4412 11478 4430 4413 11479 4428 4411 11480 4424 4407 11481 4427 4410 11482 4431 4414 11483 4431 4414 11484 4423 4406 11485 4424 4407 11486 4432 4415 11487 4423 4406 11488 4431 4414 11489 4422 4405 11490 4423 4406 11491 4432 4415 11492 4431 4414 11493 4433 4416 11494 4432 4415 11495 4433 4416 11496 4434 4417 11497 4432 4415 11498 4434 4417 11499 4433 4416 11500 4435 4418 11501 4436 4419 11502 4417 4400 11503 4420 4403 11504 4436 4419 11505 4425 4408 11506 4417 4400 11507 4437 4420 11508 4438 4421 11509 4439 4422 11510 4439 4422 11511 4440 4423 11512 4437 4420 11513 4441 4424 11514 4437 4420 11515 4440 4423 11516 4442 4425 11517 4439 4422 11518 4438 4421 11519 4443 4426 11520 4444 4427 11521 4445 4428 11522 4443 4426 11523 4446 4429 11524 4444 4427 11525 4447 4430 11526 4445 4428 11527 4444 4427 11528 4446 4429 11529 4443 4426 11530 4448 4431 11531 4449 4432 11532 4450 4433 11533 4451 4434 11534 4450 4433 11535 4452 4435 11536 4451 4434 11537 4451 4434 11538 4452 4435 11539 4453 4436 11540 4451 4434 11541 4453 4436 11542 4454 4437 11543 4449 4432 11544 4455 4438 11545 4450 4433 11546 4456 4439 11547 4457 4440 11548 4458 4441 11549 4458 4441 11550 4459 4442 11551 4456 4439 11552 4460 4443 11553 4461 4444 11554 4462 4445 11555 4461 4444 11556 4463 4446 11557 4462 4445 11558 4462 4445 11559 4463 4446 11560 4464 4447 11561 4463 4446 11562 4465 4448 11563 4464 4447 11564 4466 4449 11565 4463 4446 11566 4461 4444 11567 4461 4444 11568 4467 4450 11569 4466 4449 11570 4462 4445 11571 4468 4451 11572 4460 4443 11573 4469 4452 11574 4460 4443 11575 4468 4451 11576 4470 4453 11577 4465 4448 11578 4463 4446 11579 4463 4446 11580 4466 4449 11581 4470 4453 11582 4462 4445 11583 4464 4447 11584 4471 4454 11585 4471 4454 11586 4468 4451 11587 4462 4445 11588 4467 4450 11589 4461 4444 11590 4472 4455 11591 4472 4455 11592 4461 4444 11593 4460 4443 11594 4472 4455 11595 4473 4456 11596 4467 4450 11597 4460 4443 11598 4474 4457 11599 4472 4455 11600 4474 4457 11601 4460 4443 11602 4469 4452 11603 4469 4452 11604 4475 4458 11605 4474 4457 11606 4476 4459 11607 4477 4460 11608 4478 4461 11609 4478 4461 11610 4479 4462 11611 4476 4459 11612 4480 4463 11613 4481 4464 11614 4482 4465 11615 4480 4463 11616 4483 4466 11617 4481 4464 11618 4484 4467 11619 4482 4468 11620 4485 4469 11621 4484 4467 11622 4485 4469 11623 4486 4470 11624 4485 4469 11625 4487 4471 11626 4486 4470 11627 4488 4472 11628 4489 4473 11629 4490 4474 11630 4490 4474 11631 4491 4475 11632 4488 4472 11633 4492 4476 11634 4490 4474 11635 4489 4473 11636 4493 4477 11637 4490 4474 11638 4492 4476 11639 4492 4476 11640 4494 4478 11641 4493 4477 11642 4495 4479 11643 4488 4472 11644 4491 4475 11645 4495 4479 11646 4491 4475 11647 4496 4480 11648 4496 4480 11649 4497 4481 11650 4495 4479 11651 4498 4482 11652 4499 4483 11653 4500 4484 11654 4498 4482 11655 4501 4485 11656 4499 4483 11657 4502 4486 11658 4503 4487 11659 4504 4488 11660 4504 4488 11661 4505 4489 11662 4502 4486 11663 4506 4490 11664 4502 4486 11665 4505 4489 11666 4505 4489 11667 4507 4491 11668 4506 4490 11669 4506 4490 11670 4508 4492 11671 4502 4486 11672 4508 4492 11673 4509 4493 11674 4502 4486 11675 4505 4489 11676 4510 4494 11677 4507 4491 11678 4505 4489 11679 4511 4495 11680 4510 4494 11681 4512 4496 11682 4513 4497 11683 4514 4498 11684 4514 4498 11685 4513 4497 11686 4515 4499 11687 4516 4500 11688 4513 4497 11689 4512 4496 11690 4517 4501 11691 4518 4502 11692 4516 4503 11693 4519 4504 11694 4520 4505 11695 4521 4506 11696 4520 4505 11697 4519 4504 11698 4522 4507 11699 4521 4506 11700 4520 4505 11701 4523 4508 11702 4523 4508 11703 4524 4509 11704 4521 4506 11705 4525 4510 11706 4526 4511 11707 4527 4512 11708 4527 4512 11709 4528 4513 11710 4525 4510 11711 4529 4514 11712 4527 4512 11713 4526 4511 11714 4530 4515 11715 4529 4514 11716 4526 4511 11717 4531 4516 11718 4532 4517 11719 4533 4518 11720 4533 4518 11721 4534 4519 11722 4531 4516 11723 4535 4520 11724 4536 4521 11725 4537 4522 11726 4536 4521 11727 4535 4520 11728 4538 4523 11729 4539 4524 11730 4540 4525 11731 4541 4526 11732 4542 4527 11733 4541 4526 11734 4540 4525 11735 4542 4527 11736 4543 4528 11737 4541 4526 11738 4544 4529 11739 4545 4530 11740 4539 4531 11741 4546 4532 11742 4547 4533 11743 4548 4534 11744 4549 4535 11745 4548 4534 11746 4547 4533 11747 4550 4536 11748 4548 4534 11749 4549 4535 11750 4550 4536 11751 4549 4535 11752 4551 4537 11753 4552 4538 11754 4553 4539 11755 4554 4540 11756 4555 4541 11757 4554 4540 11758 4553 4539 11759 4556 4542 11760 4555 4541 11761 4553 4539 11762 4555 4541 11763 4556 4542 11764 4557 4543 11765 4558 4544 11766 4559 4545 11767 4560 4546 11768 4560 4546 11769 4561 4547 11770 4558 4544 11771 4562 4548 11772 4563 4549 11773 4564 4550 11774 4564 4550 11775 4565 4551 11776 4562 4548 11777 4566 4552 11778 4563 4549 11779 4562 4548 11780 4563 4549 11781 4566 4552 11782 4567 4553 11783 4566 4552 11784 4562 4548 11785 4568 4554 11786 4568 4554 11787 4569 4555 11788 4566 4552 11789 4563 4549 11790 4567 4553 11791 4570 4556 11792 4564 4550 11793 4563 4549 11794 4570 4556 11795 4570 4556 11796 4567 4553 11797 4571 4557 11798 4572 4558 11799 4570 4556 11800 4571 4557 11801 4570 4556 11802 4572 4558 11803 4573 4559 11804 4573 4559 11805 4574 4560 11806 4570 4556 11807 4570 4556 11808 4574 4560 11809 4564 4550 11810 4571 4557 11811 4575 4561 11812 4572 4558 11813 4576 4562 11814 4564 4550 11815 4574 4560 11816 4565 4551 11817 4564 4550 11818 4576 4562 11819 4577 4563 11820 4576 4562 11821 4574 4560 11822 4578 4564 11823 4576 4562 11824 4577 4563 11825 4579 4565 11826 4576 4562 11827 4578 4564 11828 4580 4566 11829 4576 4562 11830 4579 4565 11831 4576 4562 11832 4580 4566 11833 4565 4551 11834 4579 4565 11835 4581 4567 11836 4580 4566 11837 4582 4568 11838 4581 4567 11839 4579 4565 11840 4583 4569 11841 4581 4567 11842 4582 4568 11843 4583 4569 11844 4582 4568 11845 4584 4570 11846 4585 4571 11847 4584 4570 11848 4582 4568 11849 4585 4571 11850 4579 4565 11851 4578 4564 11852 4585 4571 11853 4582 4568 11854 4579 4565 11855 4584 4570 11856 4586 4572 11857 4583 4569 11858 4587 4573 11859 4583 4569 11860 4586 4572 11861 4586 4572 11862 4588 4574 11863 4587 4573 11864 4583 4569 11865 4589 4575 11866 4581 4567 11867 4587 4573 11868 4589 4575 11869 4583 4569 11870 4580 4566 11871 4581 4567 11872 4590 4576 11873 4590 4576 11874 4591 4577 11875 4580 4566 11876 4580 4566 11877 4591 4577 11878 4565 4551 11879 4592 4578 11880 4565 4551 11881 4591 4577 11882 4593 4579 11883 4585 4571 11884 4578 4564 11885 4593 4579 11886 4594 4580 11887 4585 4571 11888 4594 4580 11889 4595 4581 11890 4585 4571 11891 4594 4580 11892 4596 4582 11893 4595 4581 11894 4596 4582 11895 4597 4583 11896 4595 4581 11897 4598 4584 11898 4597 4583 11899 4596 4582 11900 4596 4582 11901 4599 4585 11902 4598 4584 11903 4598 4584 11904 4599 4585 11905 4600 4586 11906 4598 4584 11907 4600 4586 11908 4601 4587 11909 4602 4588 11910 4601 4587 11911 4600 4586 11912 4601 4587 11913 4602 4588 11914 4603 4589 11915 4603 4589 11916 4604 4590 11917 4601 4587 11918 4605 4591 11919 4601 4587 11920 4604 4590 11921 4601 4587 11922 4605 4591 11923 4598 4584 11924 4604 4590 11925 4606 4592 11926 4605 4591 11927 4600 4586 11928 4607 4593 11929 4602 4588 11930 4608 4594 11931 4607 4593 11932 4600 4586 11933 4608 4594 11934 4600 4586 11935 4609 4595 11936 4600 4586 11937 4599 4585 11938 4609 4595 11939 4607 4593 11940 4608 4594 11941 4610 4596 11942 4610 4596 11943 4611 4597 11944 4607 4593 11945 4612 4598 11946 4608 4594 11947 4609 4595 11948 4609 4595 11949 4613 4599 11950 4612 4598 11951 4613 4599 11952 4614 4600 11953 4612 4598 11954 4614 4600 11955 4613 4599 11956 4615 4601 11957 4612 4598 11958 4614 4600 11959 4616 4602 11960 4612 4598 11961 4616 4602 11962 4617 4603 11963 4608 4594 11964 4612 4598 11965 4617 4603 11966 4617 4603 11967 4610 4596 11968 4608 4594 11969 4618 4604 11970 4615 4601 11971 4613 4599 11972 4615 4601 11973 4618 4604 11974 4619 4605 11975 4607 4593 11976 4611 4597 11977 4620 4606 11978 4620 4606 11979 4602 4588 11980 4607 4593 11981 4621 4607 11982 4613 4599 11983 4609 4595 11984 4613 4599 11985 4621 4607 11986 4618 4604 11987 4622 4608 11988 4621 4607 11989 4609 4595 11990 4621 4607 11991 4622 4608 11992 4623 4609 11993 4621 4607 11994 4623 4609 11995 4624 4610 11996 4624 4610 11997 4623 4609 11998 4625 4611 11999 4625 4611 12000 4623 4609 12001 4626 4612 12002 4625 4611 12003 4626 4612 12004 4627 4613 12005 4627 4613 12006 4626 4612 12007 4628 4614 12008 4627 4613 12009 4628 4614 12010 4629 4615 12011 4627 4613 12012 4629 4615 12013 4630 4616 12014 4630 4616 12015 4631 4617 12016 4627 4613 12017 4631 4617 12018 4630 4616 12019 4632 4618 12020 4632 4618 12021 4633 4619 12022 4631 4617 12023 4634 4620 12024 4632 4618 12025 4630 4616 12026 4630 4616 12027 4635 4621 12028 4634 4620 12029 4635 4621 12030 4630 4616 12031 4629 4615 12032 4627 4613 12033 4631 4617 12034 4636 4622 12035 4636 4622 12036 4631 4617 12037 4633 4619 12038 4633 4619 12039 4632 4618 12040 4637 4623 12041 4637 4623 12042 4638 4624 12043 4633 4619 12044 4639 4625 12045 4633 4619 12046 4638 4624 12047 4633 4619 12048 4639 4625 12049 4636 4622 12050 4638 4624 12051 4640 4626 12052 4639 4625 12053 4629 4615 12054 4641 4627 12055 4635 4621 12056 4635 4621 12057 4641 4627 12058 4573 4559 12059 4573 4559 12060 4642 4628 12061 4635 4621 12062 4634 4620 12063 4643 4629 12064 4632 4618 12065 4634 4620 12066 4644 4630 12067 4643 4629 12068 4643 4629 12069 4644 4630 12070 4645 4631 12071 4645 4631 12072 4646 4632 12073 4643 4629 12074 4644 4630 12075 4634 4620 12076 4647 4633 12077 4647 4633 12078 4634 4620 12079 4635 4621 12080 4635 4621 12081 4642 4628 12082 4647 4633 12083 4648 4634 12084 4647 4633 12085 4642 4628 12086 4642 4628 12087 4649 4635 12088 4648 4634 12089 4647 4633 12090 4650 4636 12091 4644 4630 12092 4648 4634 12093 4650 4636 12094 4647 4633 12095 4641 4627 12096 4574 4560 12097 4573 4559 12098 4641 4627 12099 4577 4563 12100 4574 4560 12101 4651 4637 12102 4577 4563 12103 4641 4627 12104 4641 4627 12105 4652 4638 12106 4651 4637 12107 4652 4638 12108 4641 4627 12109 4629 4615 12110 4629 4615 12111 4653 4639 12112 4652 4638 12113 4577 4563 12114 4651 4637 12115 4578 4564 12116 4651 4637 12117 4654 4640 12118 4578 4564 12119 4593 4579 12120 4578 4564 12121 4654 4640 12122 4653 4639 12123 4629 4615 12124 4628 4614 12125 4655 4641 12126 4650 4636 12127 4648 4634 12128 4656 4642 12129 4650 4636 12130 4655 4641 12131 4655 4641 12132 4657 4643 12133 4656 4642 12134 4657 4643 12135 4655 4641 12136 4658 4644 12137 4659 4645 12138 4658 4644 12139 4655 4641 12140 4660 4646 12141 4659 4645 12142 4655 4641 12143 4655 4641 12144 4648 4634 12145 4660 4646 12146 4660 4646 12147 4648 4634 12148 4649 4635 12149 4661 4647 12150 4660 4646 12151 4649 4635 12152 4662 4648 12153 4660 4646 12154 4661 4647 12155 4659 4645 12156 4660 4646 12157 4662 4648 12158 4663 4649 12159 4662 4648 12160 4661 4647 12161 4664 4650 12162 4662 4648 12163 4663 4649 12164 4664 4650 12165 4665 4651 12166 4662 4648 12167 4666 4652 12168 4664 4650 12169 4663 4649 12170 4667 4653 12171 4664 4650 12172 4666 4652 12173 4665 4651 12174 4664 4650 12175 4667 4653 12176 4666 4652 12177 4668 4654 12178 4667 4653 12179 4666 4652 12180 4663 4649 12181 4669 4655 12182 4667 4653 12183 4670 4656 12184 4665 4651 12185 4671 4657 12186 4668 4654 12187 4666 4652 12188 4666 4652 12189 4669 4655 12190 4671 4657 12191 4672 4658 12192 4663 4649 12193 4661 4647 12194 4661 4647 12195 4575 4561 12196 4672 4658 12197 4575 4561 12198 4673 4659 12199 4672 4658 12200 4575 4561 12201 4571 4557 12202 4673 4659 12203 4673 4659 12204 4571 4557 12205 4567 4553 12206 4567 4553 12207 4674 4660 12208 4673 4659 12209 4675 4661 12210 4673 4659 12211 4674 4660 12212 4676 4662 12213 4675 4661 12214 4674 4660 12215 4674 4660 12216 4677 4663 12217 4676 4662 12218 4677 4663 12219 4674 4660 12220 4567 4553 12221 4676 4662 12222 4677 4663 12223 4678 4664 12224 4677 4663 12225 4567 4553 12226 4566 4552 12227 4677 4663 12228 4566 4552 12229 4569 4555 12230 4569 4555 12231 4678 4664 12232 4677 4663 12233 4575 4561 12234 4661 4647 12235 4572 4558 12236 4649 4635 12237 4572 4558 12238 4661 4647 12239 4642 4628 12240 4572 4558 12241 4649 4635 12242 4572 4558 12243 4642 4628 12244 4573 4559 12245 4679 4665 12246 4680 4666 12247 4681 4667 12248 4681 4667 12249 4682 4668 12250 4679 4665 12251 4683 4669 12252 4679 4665 12253 4682 4668 12254 4682 4668 12255 4684 4670 12256 4683 4669 12257 4681 4667 12258 4680 4666 12259 4685 4671 12260 4685 4671 12261 4686 4672 12262 4681 4667 12263 4686 4672 12264 4685 4671 12265 4687 4673 12266 4687 4673 12267 4688 4674 12268 4686 4672 12269 4687 4673 12270 4689 4675 12271 4688 4674 12272 4688 4674 12273 4689 4675 12274 4690 4676 12275 4691 4677 12276 4692 4678 12277 4693 4679 12278 4691 4677 12279 4694 4680 12280 4692 4678 12281 4694 4680 12282 4691 4677 12283 4695 4681 12284 4695 4681 12285 4696 4682 12286 4694 4680 12287 4693 4679 12288 4692 4678 12289 4697 4683 12290 4693 4679 12291 4697 4683 12292 4698 4684 12293 4699 4685 12294 4692 4678 12295 4694 4680 12296 4694 4680 12297 4700 4686 12298 4699 4685 12299 4691 4677 12300 4693 4679 12301 4701 4687 12302 4701 4687 12303 4702 4688 12304 4691 4677 12305 4693 4679 12306 4698 4684 12307 4703 4689 12308 4703 4689 12309 4701 4687 12310 4693 4679 12311 4703 4689 12312 4698 4684 12313 4704 4690 12314 4698 4684 12315 4705 4691 12316 4704 4690 12317 4705 4691 12318 4698 4684 12319 4697 4683 12320 4706 4692 12321 4697 4683 12322 4692 4678 12323 4692 4678 12324 4699 4685 12325 4706 4692 12326 4697 4683 12327 4706 4692 12328 4707 4693 12329 4707 4693 12330 4708 4694 12331 4697 4683 12332 4697 4683 12333 4708 4694 12334 4705 4691 12335 4709 4695 12336 4696 4682 12337 4695 4681 12338 4696 4682 12339 4709 4695 12340 4710 4696 12341 4710 4696 12342 4711 4697 12343 4696 4682 12344 4694 4680 12345 4696 4682 12346 4711 4697 12347 4711 4697 12348 4700 4686 12349 4694 4680 12350 4695 4681 12351 4712 4698 12352 4709 4695 12353 4713 4699 12354 4712 4698 12355 4695 4681 12356 4713 4699 12357 4695 4681 12358 4714 4700 12359 4714 4700 12360 4691 4677 12361 4702 4688 12362 4714 4700 12363 4695 4681 12364 4691 4677 12365 4715 4701 12366 4620 4606 12367 4716 4702 12368 4620 4606 12369 4715 4701 12370 4602 4588 12371 4715 4701 12372 4603 4589 12373 4602 4588 12374 4609 4595 12375 4599 4585 12376 4622 4608 12377 4717 4703 12378 4718 4704 12379 4719 4705 12380 4719 4705 12381 4720 4706 12382 4717 4703 12383 4721 4707 12384 4722 4708 12385 4723 4709 12386 4723 4709 12387 4724 4710 12388 4721 4707 12389 4725 4711 12390 4726 4712 12391 4727 4713 12392 4727 4713 12393 4728 4714 12394 4725 4711 12395 4729 4715 12396 4730 4716 12397 4731 4717 12398 4732 4718 12399 4730 4716 12400 4729 4715 12401 4733 4719 12402 4734 4720 12403 4735 4721 12404 4735 4721 12405 4736 4722 12406 4733 4719 12407 4737 4723 12408 4738 4724 12409 4739 4725 12410 4738 4724 12411 4740 4726 12412 4739 4725 12413 4741 4727 12414 4742 4728 12415 4743 4729 12416 4743 4729 12417 4744 4730 12418 4741 4727 12419 4745 4731 12420 4746 4732 12421 4747 4733 12422 4747 4733 12423 4748 4734 12424 4745 4731 12425 4749 4735 12426 4750 4736 12427 4751 4737 12428 4750 4736 12429 4752 4738 12430 4751 4737 12431 4753 4739 12432 4754 4740 12433 4755 4741 12434 4755 4741 12435 4756 4742 12436 4753 4739 12437 4757 4743 12438 4758 4744 12439 4759 4745 12440 4758 4744 12441 4760 4746 12442 4759 4745 12443 4761 4747 12444 4762 4748 12445 4763 4749 12446 4764 4750 12447 4762 4748 12448 4761 4747 12449 4656 4642 12450 4645 4631 12451 4644 4630 12452 4644 4630 12453 4650 4636 12454 4656 4642 12455 4562 4548 12456 4565 4551 12457 4592 4578 12458 4592 4578 12459 4568 4554 12460 4562 4548 12461 4765 4751 12462 4658 4644 12463 4659 4645 12464 4765 4751 12465 4766 4752 12466 4658 4644 12467 4662 4648 12468 4765 4751 12469 4659 4645 12470 4767 4753 12471 4617 4603 12472 4616 4602 12473 4768 4754 12474 4769 4755 12475 4770 4756 12476 4768 4754 12477 4771 4757 12478 4769 4755 12479 4772 4758 12480 4770 4756 12481 4769 4755 12482 4773 4759 12483 4770 4756 12484 4772 4758 12485 4769 4755 12486 4774 4760 12487 4772 4758 12488 4772 4758 12489 4774 4760 12490 4775 4761 12491 4772 4758 12492 4775 4761 12493 4776 4762 12494 4777 4763 12495 4774 4760 12496 4769 4755 12497 4778 4764 12498 4770 4756 12499 4773 4759 12500 4778 4764 12501 4768 4754 12502 4770 4756 12503 4779 4765 12504 4777 4763 12505 4769 4755 12506 4769 4755 12507 4771 4757 12508 4779 4765 12509 4774 4760 12510 4780 4766 12511 4775 4761 12512 4774 4760 12513 4781 4767 12514 4780 4766 12515 4781 4767 12516 4782 4768 12517 4780 4766 12518 4782 4768 12519 4781 4767 12520 4783 4769 12521 4772 4758 12522 4776 4762 12523 4784 4770 12524 4784 4770 12525 4785 4771 12526 4772 4758 12527 4785 4771 12528 4784 4770 12529 4786 4772 12530 4786 4772 12531 4787 4773 12532 4785 4771 12533 4788 4774 12534 4789 4775 12535 4790 4776 12536 4790 4776 12537 4791 4777 12538 4788 4774 12539 4792 4778 12540 4789 4775 12541 4788 4774 12542 4792 4778 12543 4793 4779 12544 4789 4775 12545 4794 4780 12546 4792 4778 12547 4788 4774 12548 4788 4774 12549 4795 4781 12550 4794 4780 12551 4793 4779 12552 4796 4782 12553 4789 4775 12554 4793 4779 12555 4797 4783 12556 4796 4782 12557 4796 4782 12558 4797 4783 12559 4798 4784 12560 4799 4785 12561 4796 4782 12562 4798 4784 12563 4796 4782 12564 4799 4785 12565 4800 4786 12566 4800 4786 12567 4801 4787 12568 4796 4782 12569 4789 4775 12570 4801 4787 12571 4790 4776 12572 4789 4775 12573 4796 4782 12574 4801 4787 12575 4790 4776 12576 4801 4787 12577 4802 4788 12578 4791 4777 12579 4790 4776 12580 4802 4788 12581 4803 4789 12582 4802 4788 12583 4801 4787 12584 4802 4788 12585 4803 4789 12586 4804 4790 12587 4802 4788 12588 4804 4790 12589 4805 4791 12590 4806 4792 12591 4802 4788 12592 4805 4791 12593 4802 4788 12594 4806 4792 12595 4791 4777 12596 4806 4792 12597 4805 4791 12598 4807 4793 12599 4807 4793 12600 4805 4791 12601 4808 4794 12602 4807 4793 12603 4808 4794 12604 4809 4795 12605 4810 4796 12606 4809 4795 12607 4808 4794 12608 4811 4797 12609 4809 4795 12610 4810 4796 12611 4812 4798 12612 4809 4795 12613 4811 4797 12614 4810 4796 12615 4808 4794 12616 4813 4799 12617 4814 4800 12618 4813 4799 12619 4808 4794 12620 4805 4791 12621 4814 4800 12622 4808 4794 12623 4805 4791 12624 4804 4790 12625 4814 4800 12626 4815 4801 12627 4809 4795 12628 4812 4798 12629 4809 4795 12630 4815 4801 12631 4807 4793 12632 4806 4792 12633 4807 4793 12634 4816 4802 12635 4816 4802 12636 4817 4803 12637 4806 4792 12638 4791 4777 12639 4806 4792 12640 4817 4803 12641 4818 4804 12642 4791 4777 12643 4817 4803 12644 4804 4790 12645 4819 4805 12646 4814 4800 12647 4819 4805 12648 4804 4790 12649 4820 4806 12650 4820 4806 12651 4804 4790 12652 4821 4807 12653 4803 4789 12654 4821 4807 12655 4804 4790 12656 4803 4789 12657 4822 4808 12658 4821 4807 12659 4822 4808 12660 4803 4789 12661 4823 4809 12662 4824 4810 12663 4822 4808 12664 4823 4809 12665 4824 4810 12666 4823 4809 12667 4825 4811 12668 4825 4811 12669 4823 4809 12670 4800 4786 12671 4800 4786 12672 4826 4812 12673 4825 4811 12674 4825 4811 12675 4827 4813 12676 4824 4810 12677 4827 4813 12678 4825 4811 12679 4828 4814 12680 4829 4815 12681 4827 4813 12682 4828 4814 12683 4830 4816 12684 4827 4813 12685 4829 4815 12686 4831 4817 12687 4830 4816 12688 4829 4815 12689 4827 4813 12690 4830 4816 12691 4832 4818 12692 4832 4818 12693 4824 4810 12694 4827 4813 12695 4832 4818 12696 4830 4816 12697 4833 4819 12698 4831 4817 12699 4829 4815 12700 4834 4820 12701 4834 4820 12702 4835 4821 12703 4831 4817 12704 4831 4817 12705 4835 4821 12706 4836 4822 12707 4836 4822 12708 4837 4823 12709 4831 4817 12710 4837 4823 12711 4833 4819 12712 4830 4816 12713 4830 4816 12714 4831 4817 12715 4837 4823 12716 4828 4814 12717 4838 4824 12718 4829 4815 12719 4838 4824 12720 4828 4814 12721 4839 4825 12722 4839 4825 12723 4840 4826 12724 4838 4824 12725 4840 4826 12726 4841 4827 12727 4838 4824 12728 4839 4825 12729 4828 4814 12730 4842 4828 12731 4842 4828 12732 4843 4829 12733 4839 4825 12734 4842 4828 12735 4828 4814 12736 4825 4811 12737 4825 4811 12738 4826 4812 12739 4842 4828 12740 4842 4828 12741 4826 4812 12742 4844 4830 12743 4842 4828 12744 4844 4830 12745 4845 4831 12746 4846 4832 12747 4840 4826 12748 4839 4825 12749 4839 4825 12750 4843 4829 12751 4846 4832 12752 4846 4832 12753 4843 4829 12754 4847 4833 12755 4842 4828 12756 4845 4831 12757 4847 4833 12758 4847 4833 12759 4843 4829 12760 4842 4828 12761 4847 4833 12762 4848 4834 12763 4846 4832 12764 4848 4834 12765 4847 4833 12766 4849 4835 12767 4849 4835 12768 4847 4833 12769 4845 4831 12770 4849 4835 12771 4850 4836 12772 4848 4834 12773 4845 4831 12774 4851 4837 12775 4849 4835 12776 4845 4831 12777 4844 4830 12778 4851 4837 12779 4844 4830 12780 4826 4812 12781 4800 4786 12782 4800 4786 12783 4799 4785 12784 4844 4830 12785 4852 4838 12786 4851 4837 12787 4844 4830 12788 4844 4830 12789 4799 4785 12790 4852 4838 12791 4851 4837 12792 4852 4838 12793 4853 4839 12794 4854 4840 12795 4853 4839 12796 4852 4838 12797 4855 4841 12798 4853 4839 12799 4854 4840 12800 4855 4841 12801 4856 4842 12802 4853 4839 12803 4857 4843 12804 4855 4841 12805 4854 4840 12806 4858 4844 12807 4855 4841 12808 4857 4843 12809 4856 4842 12810 4855 4841 12811 4858 4844 12812 4857 4843 12813 4859 4845 12814 4858 4844 12815 4857 4843 12816 4854 4840 12817 4860 4846 12818 4859 4845 12819 4857 4843 12820 4860 4846 12821 4858 4844 12822 4861 4847 12823 4856 4842 12824 4860 4846 12825 4862 4848 12826 4859 4845 12827 4852 4838 12828 4798 4784 12829 4854 4840 12830 4799 4785 12831 4798 4784 12832 4852 4838 12833 4798 4784 12834 4863 4849 12835 4854 4840 12836 4863 4849 12837 4798 4784 12838 4797 4783 12839 4797 4783 12840 4864 4850 12841 4863 4849 12842 4797 4783 12843 4865 4851 12844 4864 4850 12845 4866 4852 12846 4864 4850 12847 4865 4851 12848 4867 4853 12849 4866 4852 12850 4865 4851 12851 4865 4851 12852 4868 4854 12853 4867 4853 12854 4867 4853 12855 4868 4854 12856 4869 4855 12857 4793 4779 12858 4868 4854 12859 4865 4851 12860 4865 4851 12861 4797 4783 12862 4793 4779 12863 4868 4854 12864 4793 4779 12865 4792 4778 12866 4792 4778 12867 4869 4855 12868 4868 4854 12869 4869 4855 12870 4792 4778 12871 4794 4780 12872 4870 4856 12873 4871 4857 12874 4872 4858 12875 4872 4858 12876 4873 4859 12877 4870 4856 12878 4874 4860 12879 4870 4856 12880 4873 4859 12881 4873 4859 12882 4875 4861 12883 4874 4860 12884 4871 4857 12885 4876 4862 12886 4872 4858 12887 4871 4857 12888 4877 4863 12889 4876 4862 12890 4876 4862 12891 4877 4863 12892 4878 4864 12893 4878 4864 12894 4879 4865 12895 4876 4862 12896 4880 4866 12897 4879 4865 12898 4878 4864 12899 4879 4865 12900 4880 4866 12901 4881 4867 12902 4882 4868 12903 4883 4869 12904 4884 4870 12905 4884 4870 12906 4885 4871 12907 4882 4868 12908 4886 4872 12909 4882 4868 12910 4885 4871 12911 4885 4871 12912 4887 4873 12913 4886 4872 12914 4885 4871 12915 4884 4870 12916 4888 4874 12917 4888 4874 12918 4889 4875 12919 4885 4871 12920 4887 4873 12921 4885 4871 12922 4889 4875 12923 4888 4874 12924 4890 4876 12925 4889 4875 12926 4890 4876 12927 4888 4874 12928 4891 4877 12929 4889 4875 12930 4890 4876 12931 4892 4878 12932 4892 4878 12933 4893 4879 12934 4889 4875 12935 4889 4875 12936 4893 4879 12937 4887 4873 12938 4894 4880 12939 4891 4877 12940 4888 4874 12941 4894 4880 12942 4888 4874 12943 4884 4870 12944 4891 4877 12945 4894 4880 12946 4895 4881 12947 4882 4868 12948 4896 4882 12949 4883 4869 12950 4882 4868 12951 4897 4883 12952 4896 4882 12953 4886 4872 12954 4897 4883 12955 4882 4868 12956 4897 4883 12957 4898 4884 12958 4896 4882 12959 4898 4884 12960 4899 4885 12961 4896 4882 12962 4896 4882 12963 4899 4885 12964 4900 4886 12965 4899 4885 12966 4901 4887 12967 4900 4886 12968 4902 4888 12969 4897 4883 12970 4886 4872 12971 4883 4869 12972 4896 4882 12973 4900 4886 12974 4883 4869 12975 4900 4886 12976 4903 4889 12977 4903 4889 12978 4904 4890 12979 4883 4869 12980 4905 4891 12981 4904 4890 12982 4903 4889 12983 4903 4889 12984 4906 4892 12985 4905 4891 12986 4905 4891 12987 4906 4892 12988 4907 4893 12989 4908 4894 12990 4905 4891 12991 4907 4893 12992 4819 4805 12993 4908 4894 12994 4907 4893 12995 4907 4893 12996 4814 4800 12997 4819 4805 12998 4883 4869 12999 4904 4890 13000 4884 4870 13001 4884 4870 13002 4904 4890 13003 4909 4895 13004 4909 4895 13005 4910 4896 13006 4884 4870 13007 4884 4870 13008 4910 4896 13009 4894 4880 13010 4910 4896 13011 4909 4895 13012 4911 4897 13013 4910 4896 13014 4911 4897 13015 4912 4898 13016 4912 4898 13017 4911 4897 13018 4913 4899 13019 4913 4899 13020 4911 4897 13021 4914 4900 13022 4914 4900 13023 4832 4818 13024 4913 4899 13025 4914 4900 13026 4915 4901 13027 4832 4818 13028 4832 4818 13029 4915 4901 13030 4916 4902 13031 4916 4902 13032 4824 4810 13033 4832 4818 13034 4824 4810 13035 4916 4902 13036 4822 4808 13037 4917 4903 13038 4918 4904 13039 4919 4905 13040 4919 4905 13041 4920 4906 13042 4917 4903 13043 4917 4903 13044 4920 4906 13045 4921 4907 13046 4921 4907 13047 4922 4908 13048 4917 4903 13049 4923 4909 13050 4919 4905 13051 4918 4904 13052 4918 4904 13053 4924 4910 13054 4923 4909 13055 4918 4904 13056 4917 4903 13057 4925 4911 13058 4925 4911 13059 4926 4912 13060 4918 4904 13061 4924 4910 13062 4918 4904 13063 4926 4912 13064 4927 4913 13065 4920 4906 13066 4919 4905 13067 4927 4913 13068 4919 4905 13069 4928 4914 13070 4928 4914 13071 4919 4905 13072 4923 4909 13073 4923 4909 13074 4929 4915 13075 4928 4914 13076 4929 4915 13077 4923 4909 13078 4930 4916 13079 4930 4916 13080 4923 4909 13081 4931 4917 13082 4926 4912 13083 4932 4918 13084 4924 4910 13085 4924 4910 13086 4932 4918 13087 4933 4919 13088 4933 4919 13089 4934 4920 13090 4924 4910 13091 4923 4909 13092 4924 4910 13093 4934 4920 13094 4934 4920 13095 4931 4917 13096 4923 4909 13097 4935 4921 13098 4922 4908 13099 4921 4907 13100 4922 4908 13101 4935 4921 13102 4936 4922 13103 4936 4922 13104 4937 4923 13105 4922 4908 13106 4917 4903 13107 4922 4908 13108 4937 4923 13109 4937 4923 13110 4925 4911 13111 4917 4903 13112 4921 4907 13113 4938 4924 13114 4935 4921 13115 4939 4925 13116 4938 4924 13117 4921 4907 13118 4939 4925 13119 4921 4907 13120 4940 4926 13121 4940 4926 13122 4920 4906 13123 4927 4913 13124 4940 4926 13125 4921 4907 13126 4920 4906 13127 4941 4927 13128 4902 4888 13129 4942 4928 13130 4902 4888 13131 4941 4927 13132 4897 4883 13133 4941 4927 13134 4898 4884 13135 4897 4883 13136 4943 4929 13137 4944 4930 13138 4945 4931 13139 4945 4931 13140 4946 4932 13141 4943 4929 13142 4947 4933 13143 4948 4934 13144 4949 4935 13145 4949 4935 13146 4950 4936 13147 4947 4933 13148 4951 4937 13149 4952 4938 13150 4953 4939 13151 4953 4939 13152 4954 4940 13153 4951 4937 13154 4955 4941 13155 4956 4942 13156 4957 4943 13157 4957 4943 13158 4958 4944 13159 4955 4941 13160 4959 4945 13161 4960 4946 13162 4961 4947 13163 4961 4947 13164 4962 4948 13165 4959 4945 13166 4963 4949 13167 4964 4950 13168 4965 4951 13169 4966 4952 13170 4965 4951 13171 4964 4950 13172 4967 4953 13173 4968 4954 13174 4969 4955 13175 4969 4955 13176 4970 4956 13177 4967 4953 13178 4971 4957 13179 4972 4958 13180 4973 4959 13181 4973 4959 13182 4974 4960 13183 4971 4957 13184 4975 4961 13185 4976 4962 13186 4977 4963 13187 4977 4963 13188 4978 4964 13189 4975 4961 13190 4979 4965 13191 4980 4966 13192 4981 4967 13193 4981 4967 13194 4982 4968 13195 4979 4965 13196 4983 4969 13197 4984 4970 13198 4985 4971 13199 4985 4971 13200 4986 4972 13201 4983 4969 13202 4987 4973 13203 4988 4974 13204 4989 4975 13205 4988 4974 13206 4990 4976 13207 4989 4975 13208 4801 4787 13209 4823 4809 13210 4803 4789 13211 4823 4809 13212 4801 4787 13213 4800 4786 13214 4818 4804 13215 4795 4781 13216 4788 4774 13217 4788 4774 13218 4791 4777 13219 4818 4804 13220 4850 4836 13221 4991 4977 13222 4992 4978 13223 4991 4977 13224 4850 4836 13225 4849 4835 13226 4991 4977 13227 4849 4835 13228 4851 4837 13229 4851 4837 13230 4853 4839 13231 4991 4977 13232 4993 4979 13233 4893 4879 13234 4892 4878 13235 4994 4980 13236 4995 4981 13237 4996 4982 13238 4996 4982 13239 4997 4983 13240 4994 4980 13241 4998 4984 13242 4995 4981 13243 4994 4980 13244 4999 4985 13245 4995 4981 13246 4998 4984 13247 4996 4982 13248 4995 4981 13249 4999 4985 13250 4994 4980 13251 5000 4986 13252 4998 4984 13253 5001 4987 13254 4998 4984 13255 5000 4986 13256 5000 4986 13257 5002 4988 13258 5001 4987 13259 5003 4989 13260 5000 4986 13261 4994 4980 13262 4997 4983 13263 5003 4989 13264 4994 4980 13265 4999 4985 13266 5004 4990 13267 4996 4982 13268 5005 4991 13269 5003 4989 13270 4997 4983 13271 5006 4992 13272 5002 4988 13273 5000 4986 13274 5006 4992 13275 5000 4986 13276 5007 4993 13277 5007 4993 13278 5008 4994 13279 5006 4992 13280 5008 4994 13281 5007 4993 13282 5009 4995 13283 4998 4984 13284 5001 4987 13285 5010 4996 13286 5010 4996 13287 5011 4997 13288 4998 4984 13289 5011 4997 13290 5010 4996 13291 5012 4998 13292 5012 4998 13293 5013 4999 13294 5011 4997 13295 5014 5000 13296 5015 5001 13297 5016 5002 13298 5017 5003 13299 5016 5002 13300 5015 5001 13301 5014 5000 13302 5018 5004 13303 5015 5001 13304 5015 5001 13305 5018 5004 13306 5019 5005 13307 5014 5000 13308 5020 5006 13309 5018 5004 13310 5021 5007 13311 5020 5006 13312 5014 5000 13313 5021 5007 13314 5014 5000 13315 5016 5002 13316 5022 5008 13317 5015 5001 13318 5019 5005 13319 5019 5005 13320 5023 5009 13321 5022 5008 13322 5024 5010 13323 5022 5008 13324 5023 5009 13325 5022 5008 13326 5024 5010 13327 5025 5011 13328 5025 5011 13329 5015 5001 13330 5022 5008 13331 5015 5001 13332 5025 5011 13333 5017 5003 13334 5024 5010 13335 5026 5012 13336 5025 5011 13337 5023 5009 13338 5027 5013 13339 5024 5010 13340 5017 5003 13341 5025 5011 13342 5028 5014 13343 5016 5002 13344 5017 5003 13345 5028 5014 13346 5025 5011 13347 5029 5015 13348 5028 5014 13349 5029 5015 13350 5025 5011 13351 5026 5012 13352 5028 5014 13353 5029 5015 13354 5030 5016 13355 5030 5016 13356 5031 5017 13357 5028 5014 13358 5031 5017 13359 5032 5018 13360 5028 5014 13361 5032 5018 13362 5031 5017 13363 5033 5019 13364 5033 5019 13365 5031 5017 13366 5034 5020 13367 5034 5020 13368 5035 5021 13369 5033 5019 13370 5036 5022 13371 5035 5021 13372 5034 5020 13373 5036 5022 13374 5037 5023 13375 5035 5021 13376 5037 5023 13377 5038 5024 13378 5035 5021 13379 5036 5022 13380 5034 5020 13381 5039 5025 13382 5040 5026 13383 5039 5025 13384 5034 5020 13385 5040 5026 13386 5034 5020 13387 5031 5017 13388 5031 5017 13389 5030 5016 13390 5040 5026 13391 5035 5021 13392 5041 5027 13393 5033 5019 13394 5035 5021 13395 5038 5024 13396 5041 5027 13397 5032 5018 13398 5033 5019 13399 5042 5028 13400 5042 5028 13401 5043 5029 13402 5032 5018 13403 5016 5002 13404 5032 5018 13405 5043 5029 13406 5043 5029 13407 5044 5030 13408 5016 5002 13409 5040 5026 13410 5030 5016 13411 5045 5031 13412 5046 5032 13413 5045 5031 13414 5030 5016 13415 5029 5015 13416 5046 5032 13417 5030 5016 13418 5046 5032 13419 5029 5015 13420 5047 5033 13421 5047 5033 13422 5048 5034 13423 5046 5032 13424 5048 5034 13425 5047 5033 13426 5049 5035 13427 5049 5035 13428 5047 5033 13429 5050 5036 13430 5050 5036 13431 5047 5033 13432 5026 5012 13433 5026 5012 13434 5047 5033 13435 5029 5015 13436 5026 5012 13437 5051 5037 13438 5050 5036 13439 5050 5036 13440 5052 5038 13441 5049 5035 13442 5050 5036 13443 5053 5039 13444 5052 5038 13445 5054 5040 13446 5052 5038 13447 5053 5039 13448 5052 5038 13449 5054 5040 13450 5055 5041 13451 5054 5040 13452 5056 5042 13453 5055 5041 13454 5052 5038 13455 5055 5041 13456 5057 5043 13457 5057 5043 13458 5049 5035 13459 5052 5038 13460 5057 5043 13461 5055 5041 13462 5058 5044 13463 5056 5042 13464 5054 5040 13465 5059 5045 13466 5059 5045 13467 5060 5046 13468 5056 5042 13469 5056 5042 13470 5060 5046 13471 5061 5047 13472 5061 5047 13473 5062 5048 13474 5056 5042 13475 5062 5048 13476 5058 5044 13477 5055 5041 13478 5055 5041 13479 5056 5042 13480 5062 5048 13481 5053 5039 13482 5063 5049 13483 5054 5040 13484 5063 5049 13485 5053 5039 13486 5064 5050 13487 5065 5051 13488 5063 5049 13489 5064 5050 13490 5064 5050 13491 5066 5052 13492 5065 5051 13493 5064 5050 13494 5053 5039 13495 5067 5053 13496 5067 5053 13497 5068 5054 13498 5064 5050 13499 5068 5054 13500 5066 5052 13501 5064 5050 13502 5067 5053 13503 5053 5039 13504 5050 5036 13505 5050 5036 13506 5051 5037 13507 5067 5053 13508 5069 5055 13509 5067 5053 13510 5051 5037 13511 5068 5054 13512 5067 5053 13513 5069 5055 13514 5051 5037 13515 5070 5056 13516 5069 5055 13517 5066 5052 13518 5068 5054 13519 5071 5057 13520 5071 5057 13521 5068 5054 13522 5072 5058 13523 5068 5054 13524 5073 5059 13525 5072 5058 13526 5069 5055 13527 5073 5059 13528 5068 5054 13529 5072 5058 13530 5073 5059 13531 5074 5060 13532 5073 5059 13533 5075 5061 13534 5074 5060 13535 5073 5059 13536 5069 5055 13537 5075 5061 13538 5069 5055 13539 5076 5062 13540 5075 5061 13541 5076 5062 13542 5069 5055 13543 5070 5056 13544 5070 5056 13545 5051 5037 13546 5026 5012 13547 5026 5012 13548 5024 5010 13549 5070 5056 13550 5070 5056 13551 5077 5063 13552 5076 5062 13553 5077 5063 13554 5070 5056 13555 5024 5010 13556 5078 5064 13557 5076 5062 13558 5077 5063 13559 5077 5063 13560 5079 5065 13561 5078 5064 13562 5080 5066 13563 5078 5064 13564 5079 5065 13565 5080 5066 13566 5081 5067 13567 5078 5064 13568 5082 5068 13569 5080 5066 13570 5079 5065 13571 5083 5069 13572 5080 5066 13573 5082 5068 13574 5081 5067 13575 5080 5066 13576 5083 5069 13577 5082 5068 13578 5084 5070 13579 5083 5069 13580 5082 5068 13581 5079 5065 13582 5085 5071 13583 5083 5069 13584 5086 5072 13585 5081 5067 13586 5082 5068 13587 5087 5073 13588 5084 5070 13589 5087 5073 13590 5082 5068 13591 5085 5071 13592 5079 5065 13593 5077 5063 13594 5027 5013 13595 5024 5010 13596 5027 5013 13597 5077 5063 13598 5027 5013 13599 5088 5074 13600 5079 5065 13601 5027 5013 13602 5089 5075 13603 5088 5074 13604 5089 5075 13605 5027 5013 13606 5023 5009 13607 5023 5009 13608 5090 5076 13609 5089 5075 13610 5091 5077 13611 5089 5075 13612 5090 5076 13613 5092 5078 13614 5091 5077 13615 5090 5076 13616 5090 5076 13617 5093 5079 13618 5092 5078 13619 5092 5078 13620 5093 5079 13621 5094 5080 13622 5093 5079 13623 5090 5076 13624 5019 5005 13625 5090 5076 13626 5023 5009 13627 5019 5005 13628 5019 5005 13629 5018 5004 13630 5093 5079 13631 5094 5080 13632 5093 5079 13633 5018 5004 13634 5018 5004 13635 5020 5006 13636 5094 5080 13637 5095 5081 13638 5096 5082 13639 5097 5083 13640 5097 5083 13641 5098 5084 13642 5095 5081 13643 5099 5085 13644 5096 5082 13645 5095 5081 13646 5095 5081 13647 5100 5086 13648 5099 5085 13649 5098 5084 13650 5097 5083 13651 5101 5087 13652 5101 5087 13653 5102 5088 13654 5098 5084 13655 5103 5089 13656 5102 5088 13657 5101 5087 13658 5104 5090 13659 5103 5089 13660 5101 5087 13661 5105 5091 13662 5103 5089 13663 5104 5090 13664 5104 5090 13665 5106 5092 13666 5105 5091 13667 5107 5093 13668 5108 5094 13669 5109 5095 13670 5109 5095 13671 5110 5096 13672 5107 5093 13673 5111 5097 13674 5107 5093 13675 5110 5096 13676 5110 5096 13677 5112 5098 13678 5111 5097 13679 5110 5096 13680 5109 5095 13681 5113 5099 13682 5113 5099 13683 5114 5100 13684 5110 5096 13685 5112 5098 13686 5110 5096 13687 5114 5100 13688 5115 5101 13689 5114 5100 13690 5113 5099 13691 5115 5101 13692 5113 5099 13693 5116 5102 13694 5117 5103 13695 5114 5100 13696 5115 5101 13697 5114 5100 13698 5117 5103 13699 5118 5104 13700 5114 5100 13701 5118 5104 13702 5112 5098 13703 5116 5102 13704 5113 5099 13705 5119 5105 13706 5119 5105 13707 5113 5099 13708 5109 5095 13709 5116 5102 13710 5119 5105 13711 5120 5106 13712 5107 5093 13713 5121 5107 13714 5108 5094 13715 5107 5093 13716 5122 5108 13717 5121 5107 13718 5111 5097 13719 5122 5108 13720 5107 5093 13721 5122 5108 13722 5123 5109 13723 5121 5107 13724 5124 5110 13725 5121 5107 13726 5123 5109 13727 5121 5107 13728 5124 5110 13729 5125 5111 13730 5126 5112 13731 5125 5111 13732 5124 5110 13733 5127 5113 13734 5122 5108 13735 5111 5097 13736 5108 5094 13737 5121 5107 13738 5125 5111 13739 5108 5094 13740 5125 5111 13741 5128 5114 13742 5128 5114 13743 5129 5115 13744 5108 5094 13745 5130 5116 13746 5129 5115 13747 5128 5114 13748 5128 5114 13749 5131 5117 13750 5130 5116 13751 5130 5116 13752 5131 5117 13753 5132 5118 13754 5133 5119 13755 5130 5116 13756 5132 5118 13757 5133 5119 13758 5132 5118 13759 5040 5026 13760 5040 5026 13761 5134 5120 13762 5133 5119 13763 5045 5031 13764 5134 5120 13765 5040 5026 13766 5108 5094 13767 5129 5115 13768 5109 5095 13769 5109 5095 13770 5129 5115 13771 5135 5121 13772 5135 5121 13773 5136 5122 13774 5109 5095 13775 5109 5095 13776 5136 5122 13777 5119 5105 13778 5136 5122 13779 5135 5121 13780 5137 5123 13781 5136 5122 13782 5137 5123 13783 5138 5124 13784 5138 5124 13785 5137 5123 13786 5139 5125 13787 5139 5125 13788 5137 5123 13789 5140 5126 13790 5139 5125 13791 5140 5126 13792 5141 5127 13793 5141 5127 13794 5057 5043 13795 5139 5125 13796 5049 5035 13797 5057 5043 13798 5141 5127 13799 5142 5128 13800 5049 5035 13801 5141 5127 13802 5049 5035 13803 5142 5128 13804 5048 5034 13805 5143 5129 13806 5144 5130 13807 5145 5131 13808 5145 5131 13809 5146 5132 13810 5143 5129 13811 5146 5132 13812 5147 5133 13813 5143 5129 13814 5148 5134 13815 5147 5133 13816 5146 5132 13817 5149 5135 13818 5145 5131 13819 5144 5130 13820 5144 5130 13821 5150 5136 13822 5149 5135 13823 5144 5130 13824 5143 5129 13825 5151 5137 13826 5151 5137 13827 5152 5138 13828 5144 5130 13829 5150 5136 13830 5144 5130 13831 5152 5138 13832 5145 5131 13833 5153 5139 13834 5146 5132 13835 5154 5140 13836 5153 5139 13837 5145 5131 13838 5149 5135 13839 5154 5140 13840 5145 5131 13841 5149 5135 13842 5155 5141 13843 5154 5140 13844 5156 5142 13845 5155 5141 13846 5149 5135 13847 5149 5135 13848 5157 5143 13849 5156 5142 13850 5150 5136 13851 5157 5143 13852 5149 5135 13853 5152 5138 13854 5158 5144 13855 5150 5136 13856 5150 5136 13857 5158 5144 13858 5159 5145 13859 5159 5145 13860 5160 5146 13861 5150 5136 13862 5157 5143 13863 5150 5136 13864 5160 5146 13865 5161 5147 13866 5147 5133 13867 5148 5134 13868 5147 5133 13869 5161 5147 13870 5162 5148 13871 5162 5148 13872 5163 5149 13873 5147 5133 13874 5148 5134 13875 5164 5150 13876 5161 5147 13877 5165 5151 13878 5164 5150 13879 5148 5134 13880 5165 5151 13881 5148 5134 13882 5166 5152 13883 5166 5152 13884 5146 5132 13885 5153 5139 13886 5166 5152 13887 5148 5134 13888 5146 5132 13889 5143 5129 13890 5147 5133 13891 5163 5149 13892 5163 5149 13893 5151 5137 13894 5143 5129 13895 5167 5153 13896 5127 5113 13897 5168 5154 13898 5122 5108 13899 5127 5113 13900 5167 5153 13901 5123 5109 13902 5122 5108 13903 5167 5153 13904 5169 5155 13905 5170 5156 13906 5171 5157 13907 5171 5157 13908 5172 5158 13909 5169 5155 13910 5173 5159 13911 5174 5160 13912 5175 5161 13913 5175 5161 13914 5176 5162 13915 5173 5159 13916 5177 5163 13917 5178 5164 13918 5179 5165 13919 5179 5165 13920 5180 5166 13921 5177 5163 13922 5181 5167 13923 5182 5168 13924 5183 5169 13925 5184 5170 13926 5183 5169 13927 5182 5168 13928 5185 5171 13929 5186 5172 13930 5187 5173 13931 5187 5173 13932 5188 5174 13933 5185 5171 13934 5189 5175 13935 5190 5176 13936 5191 5177 13937 5192 5178 13938 5191 5177 13939 5190 5176 13940 5193 5179 13941 5194 5180 13942 5195 5181 13943 5194 5180 13944 5193 5179 13945 5196 5182 13946 5197 5183 13947 5198 5184 13948 5199 5185 13949 5199 5185 13950 5200 5186 13951 5197 5183 13952 5201 5187 13953 5202 5188 13954 5203 5189 13955 5202 5188 13956 5204 5190 13957 5203 5189 13958 5205 5191 13959 5206 5192 13960 5207 5193 13961 5208 5194 13962 5206 5192 13963 5205 5191 13964 5209 5195 13965 5210 5196 13966 5211 5197 13967 5211 5197 13968 5212 5198 13969 5209 5195 13970 5213 5199 13971 5214 5200 13972 5215 5201 13973 5215 5201 13974 5216 5202 13975 5213 5199 13976 5028 5014 13977 5032 5018 13978 5016 5002 13979 5016 5002 13980 5044 5030 13981 5021 5007 13982 5075 5061 13983 5217 5203 13984 5218 5204 13985 5218 5204 13986 5074 5060 13987 5075 5061 13988 5075 5061 13989 5076 5062 13990 5217 5203 13991 5076 5062 13992 5078 5064 13993 5217 5203 13994 5219 5205 13995 5118 5104 13996 5117 5103 13997 5220 5206 13998 5221 5207 13999 5222 5208 14000 5220 5206 14001 5223 5209 14002 5221 5207 14003 5224 5210 14004 5222 5208 14005 5221 5207 14006 5225 5211 14007 5222 5208 14008 5224 5210 14009 5220 5206 14010 5222 5208 14011 5225 5211 14012 5221 5207 14013 5226 5212 14014 5224 5210 14015 5224 5210 14016 5226 5212 14017 5227 5213 14018 5227 5213 14019 5228 5214 14020 5224 5210 14021 5229 5215 14022 5226 5212 14023 5221 5207 14024 5223 5209 14025 5229 5215 14026 5221 5207 14027 5225 5211 14028 5230 5216 14029 5220 5206 14030 5223 5209 14031 5231 5217 14032 5229 5215 14033 5232 5218 14034 5227 5213 14035 5226 5212 14036 5226 5212 14037 5233 5219 14038 5232 5218 14039 5233 5219 14040 5234 5220 14041 5232 5218 14042 5233 5219 14043 5235 5221 14044 5234 5220 14045 5224 5210 14046 5228 5214 14047 5236 5222 14048 5236 5222 14049 5237 5223 14050 5224 5210 14051 5237 5223 14052 5236 5222 14053 5238 5224 14054 5238 5224 14055 5239 5225 14056 5237 5223 14057 5240 5226 14058 5241 5227 14059 5242 5228 14060 5242 5228 14061 5243 5229 14062 5240 5226 14063 5240 5226 14064 5244 5230 14065 5241 5227 14066 5240 5226 14067 5243 5229 14068 5245 5231 14069 5245 5231 14070 5246 5232 14071 5240 5226 14072 5246 5232 14073 5244 5230 14074 5240 5226 14075 5246 5232 14076 5245 5231 14077 5247 5233 14078 5247 5233 14079 5248 5234 14080 5246 5232 14081 5248 5234 14082 5249 5235 14083 5246 5232 14084 5249 5235 14085 5244 5230 14086 5246 5232 14087 5249 5235 14088 5250 5236 14089 5244 5230 14090 5251 5237 14091 5242 5228 14092 5241 5227 14093 5241 5227 14094 5252 5238 14095 5251 5237 14096 5253 5239 14097 5251 5237 14098 5252 5238 14099 5252 5238 14100 5254 5240 14101 5253 5239 14102 5252 5238 14103 5255 5241 14104 5254 5240 14105 5241 5227 14106 5244 5230 14107 5255 5241 14108 5255 5241 14109 5252 5238 14110 5241 5227 14111 5244 5230 14112 5250 5236 14113 5255 5241 14114 5248 5234 14115 5247 5233 14116 5256 5242 14117 5256 5242 14118 5257 5243 14119 5248 5234 14120 5257 5243 14121 5249 5235 14122 5248 5234 14123 5258 5244 14124 5259 5245 14125 5260 5246 14126 5260 5246 14127 5261 5247 14128 5258 5244 14129 5260 5246 14130 5259 5245 14131 5262 5248 14132 5263 5249 14133 5261 5247 14134 5260 5246 14135 5264 5250 14136 5263 5249 14137 5260 5246 14138 5262 5248 14139 5264 5250 14140 5260 5246 14141 5263 5249 14142 5264 5250 14143 5265 5251 14144 5266 5252 14145 5265 5251 14146 5264 5250 14147 5267 5253 14148 5266 5252 14149 5264 5250 14150 5264 5250 14151 5262 5248 14152 5267 5253 14153 5267 5253 14154 5262 5248 14155 5268 5254 14156 5259 5245 14157 5258 5244 14158 5269 5255 14159 5269 5255 14160 5270 5256 14161 5259 5245 14162 5270 5256 14163 5269 5255 14164 5271 5257 14165 5271 5257 14166 5272 5258 14167 5270 5256 14168 5270 5256 14169 5272 5258 14170 5273 5259 14171 5259 5245 14172 5270 5256 14173 5273 5259 14174 5273 5259 14175 5262 5248 14176 5259 5245 14177 5268 5254 14178 5262 5248 14179 5273 5259 14180 5265 5251 14181 5266 5252 14182 5274 5260 14183 5266 5252 14184 5275 5261 14185 5274 5260 14186 5267 5253 14187 5275 5261 14188 5266 5252 14189 5276 5262 14190 5277 5263 14191 5278 5264 14192 5278 5264 14193 5279 5265 14194 5276 5262 14195 5276 5262 14196 5279 5265 14197 5280 5266 14198 5281 5267 14199 5277 5263 14200 5276 5262 14201 5276 5262 14202 5282 5268 14203 5281 5267 14204 5280 5266 14205 5282 5268 14206 5276 5262 14207 5283 5269 14208 5281 5267 14209 5282 5268 14210 5283 5269 14211 5282 5268 14212 5284 5270 14213 5282 5268 14214 5280 5266 14215 5285 5271 14216 5285 5271 14217 5284 5270 14218 5282 5268 14219 5285 5271 14220 5280 5266 14221 5286 5272 14222 5279 5265 14223 5278 5264 14224 5287 5273 14225 5287 5273 14226 5288 5274 14227 5279 5265 14228 5288 5274 14229 5287 5273 14230 5289 5275 14231 5289 5275 14232 5290 5276 14233 5288 5274 14234 5288 5274 14235 5290 5276 14236 5291 5277 14237 5279 5265 14238 5288 5274 14239 5291 5277 14240 5291 5277 14241 5280 5266 14242 5279 5265 14243 5286 5272 14244 5280 5266 14245 5291 5277 14246 5292 5278 14247 5283 5269 14248 5284 5270 14249 5293 5279 14250 5292 5278 14251 5284 5270 14252 5285 5271 14253 5293 5279 14254 5284 5270 14255 5294 5280 14256 5295 5281 14257 5296 5282 14258 5296 5282 14259 5297 5283 14260 5294 5280 14261 5294 5280 14262 5298 5284 14263 5295 5281 14264 5294 5280 14265 5297 5283 14266 5299 5285 14267 5299 5285 14268 5300 5286 14269 5294 5280 14270 5300 5286 14271 5298 5284 14272 5294 5280 14273 5299 5285 14274 5301 5287 14275 5300 5286 14276 5300 5286 14277 5301 5287 14278 5302 5288 14279 5300 5286 14280 5302 5288 14281 5303 5289 14282 5298 5284 14283 5300 5286 14284 5303 5289 14285 5303 5289 14286 5304 5290 14287 5298 5284 14288 5296 5282 14289 5295 5281 14290 5305 5291 14291 5305 5291 14292 5295 5281 14293 5306 5292 14294 5307 5293 14295 5305 5291 14296 5306 5292 14297 5306 5292 14298 5308 5294 14299 5307 5293 14300 5306 5292 14301 5309 5295 14302 5308 5294 14303 5309 5295 14304 5306 5292 14305 5295 5281 14306 5295 5281 14307 5298 5284 14308 5309 5295 14309 5298 5284 14310 5304 5290 14311 5309 5295 14312 5302 5288 14313 5301 5287 14314 5310 5296 14315 5310 5296 14316 5311 5297 14317 5302 5288 14318 5311 5297 14319 5303 5289 14320 5302 5288 14321</p>
        </triangles>
      </mesh>
    </geometry>
  </library_geometries>
  <library_controllers/>
  <library_visual_scenes>
    <visual_scene id="Scene" name="Scene">
      <node id="Trilarian_Battleship_A_1" name="Trilarian_Battleship_A_1" type="NODE">
        <matrix sid="transform">1 0 0 0 0 1 0 0 0 0 1 0 0 0 0 1</matrix>
        <instance_geometry url="#Trilarian_Battleship_A_1-mesh" name="Trilarian_Battleship_A_1">
          <bind_material>
            <technique_common>
              <instance_material symbol="Battleship_A-material" target="#Battleship_A-material"/>
            </technique_common>
          </bind_material>
        </instance_geometry>
      </node>
    </visual_scene>
  </library_visual_scenes>
  <scene>
    <instance_visual_scene url="#Scene"/>
  </scene>
</COLLADA>